:020000040800F2
:1000000000070020F10100086D2D0008252D0008D3
:100010004D2D0008252D0008452D0008F30100088E
:10002000F3010008F3010008F3010008193E00087D
:10003000F3010008F3010008F3010008F3010008D0
:10004000F3010008F3010008F3010008F3010008C0
:10005000F3010008F30100088D6A0008B56A000882
:10006000DD6A0008056B00082D6B0008F30100082D
:10007000F3010008F3010008F3010008F301000890
:10008000F3010008F3010008F3010008D92C00086F
:10009000052D0008152D0008F3010008556B000818
:1000A000F3010008F3010008F3010008F301000860
:1000B000516C0008F3010008F3010008F301000887
:1000C000F3010008F3010008F3010008F301000840
:1000D000F3010008296C00083D6C0008F3010008DA
:1000E000B96B0008F3010008F3010008F3010008F0
:1000F000F3010008F3010008F3010008F301000810
:10010000F3010008F3010008F3010008F3010008FF
:10011000F3010008F3010008F3010008F3010008EF
:10012000F3010008F3010008F3010008F3010008DF
:10013000F3010008F3010008F3010008F3010008CF
:10014000F3010008F3010008F3010008B15A0008A8
:10015000F3010008F3010008F3010008F3010008AF
:10016000F3010008F3010008F3010008F30100089F
:10017000F3010008F3010008F3010008F30100088F
:10018000F3010008F3010008F3010008F30100087F
:10019000F3010008F3010008F3010008F30100086F
:1001A000F3010008F3010008F3010008F30100085F
:1001B000F3010008F3010008F3010008F30100084F
:1001C000F3010008F3010008F3010008F30100083F
:1001D000F3010008F3010008F3010008F30100082F
:1001E000DD15000800000000000000000000000015
:1001F00002E000F000F8FEE772B6374880F30888A6
:10020000364880F3098836483649086040F20000D5
:10021000CCF200004EF63471CEF200010860BFF35C
:100220004F8FBFF36F8F40F20000C0F2F0004EF628
:100230008851CEF200010860BFF34F8FBFF36F8F7C
:100240004FF00000E1EE100A4EF63C71CEF20001D4
:100250000860062080F31488BFF36F8F05F0F0F874
:1002600006F062FA4FF055301F491B4A91423CBFDD
:1002700041F8040BFAE71D49184A91423CBF41F886
:10028000040BFAE71A491B4A1B4B9A423EBF51F82E
:10029000040B42F8040BF8E700201849184A914271
:1002A0003CBF41F8040BFAE705F0CEF806F0D8FAA7
:1002B000144C154DAC4203DA54F8041B8847F9E797
:1002C00000F042F8114C124DAC4203DA54F8041B12
:1002D0008847F9E705F0B6B80007002000230020A2
:1002E0000000000808ED00E00001002000070020E9
:1002F0007871000800230020B8230020B8230020D4
:10030000545B0020E0010008E4010008E40100085B
:10031000E40100082DE9F04F2DED108AC1F80CD052
:10032000C3689D46BDEC108ABDE8F08F002383F3BF
:1003300011882846A047002004F088FBFEE704F05F
:1003400007FB00DFFEE70000F8B501F0B5F905F0A6
:1003500005F8074605F054F80546002839D1234B27
:100360009F4236D001339F4236D0214B27F0FF0207
:100370009A4234D1F8B200F009FF2E4642F21074CE
:1003800000F00AFF08B10024264601F0ADFD20B1BF
:10039000032000F083F80024264635B1154B9F4218
:1003A00003D005F025F800242646002004F0E0FFE5
:1003B000114B1B691B0716D40EB100F085F801F034
:1003C000D5FA00F057FF204600F0DAF800F07CF88C
:1003D000F9E72E460024D3E704460126D0E7064677
:1003E0004FF47A74CCE70024E9E700BF010007B0BE
:1003F000000008B0263A09B00004024008B501F038
:1004000027F9A0F120035842584108BD07B541F231
:100410001203022101A8ADF8043001F037F903B04E
:100420005DF804FB38B5302383F31188174803685F
:100430000BB104F0D7FB164A144800234FF47A712D
:1004400004F0C6FB002383F31188124C236813B118
:100450002368013B2360636813B16368013B6360F9
:100460000D4D2B7833B963687BB9022001F0E8F9B0
:10047000322363602B78032B07D163682BB90220EA
:1004800001F0DEF94FF47A73636038BDB8230020C1
:1004900025040008D8240020D0230020084B187021
:1004A00003280CD8DFE800F008050208022001F05C
:1004B000BDB9022001F0B2B9024B00225A60704768
:1004C000D0230020D824002010B501F00DFD30B15C
:1004D000244B03221A70244B00225A6010BD234B78
:1004E000234A1C4619680131F8D004339342F9D1EC
:1004F0006268204B9A42F1D91F4B9B6803F100635D
:1005000003F580339A42E9D204F046FF04F058FF25
:10051000002001F0EBF80220FFF7C0FF174B1A6C28
:1005200000221A64196E1A66196E596C5A64596E53
:100530005A665A6E5A6942F080025A615A6922F02C
:1005400080025A615B6972B64FF0E0233021C3F834
:10055000084DD4E9003281F311889D4683F3088861
:100560001047BBE7D0230020D8240020000001085A
:1005700020000108FFFF000800230020003802408F
:100580002DE9F04F93B0AC4B00902022FF210AA838
:100590009D6801F095F9A94A1378A3B9A8480121EB
:1005A00003601170302383F3118803680BB104F0EA
:1005B00019FBA44AA24800234FF47A7104F008FB07
:1005C000002383F31188009B13B19F4B009A1A609C
:1005D0009E4A009C1378032B1EBF002313709A4A77
:1005E0004FF0000A18BF5360D3465646D14601204B
:1005F00001F01CF924B1944B1B68002B00F015820C
:10060000002001F025F80390039B002B01DA00F095
:1006100079FE039B002BEDDB012001F0FFF8039B2B
:10062000213B162BE3D801A252F823F089060008DB
:10063000B106000845070008EF050008EF050008AF
:10064000EF050008CF0700089F090008B908000857
:100650001B0900084309000869090008EF050008A4
:100660007B090008EF050008ED09000829070008CC
:10067000EF050008310A0008950600082907000860
:10068000EF0500081B0900080220FFF7B7FE00284D
:1006900040F0F581009B0221BAF1000F08BF1C4613
:1006A00005A841F21233ADF8143000F0EFFF9EE7D9
:1006B0004FF47A7000F0CCFF071EEBDB0220FFF74F
:1006C0009DFE0028E6D0013F052F00F2DA81DFE829
:1006D00007F0030A0D10133605230593042105A81E
:1006E00000F0D4FF17E054480421F9E758480421EA
:1006F000F6E758480421F3E74FF01C08404600F0A5
:10070000F7FF08F104080590042105A800F0BEFFDA
:10071000B8F12C0FF2D1012000FA07F747EA0B0BD2
:100720005FFA8BFB4FF0000901F016F926B10BF0D0
:100730000B030B2B08BF0024FFF768FE57E7464862
:100740000421CDE7002EA5D00BF00B030B2BA1D17C
:100750000220FFF753FE074600289BD0012000F03F
:10076000C5FF0220FFF79AFE00261FFA86F84046D2
:1007700000F0CCFF044690B10021404600F0DEFFBF
:1007800001360028F1D1BA46044641F21213022183
:1007900005A8ADF814303E4600F078FF27E70120A9
:1007A000FFF77CFE2546244B9B68AB4207D92846C1
:1007B00000F09EFF013040F067810435F3E7234BE2
:1007C00000251D70204BBA465D603E46ACE7002E0A
:1007D0003FF460AF0BF00B030B2B7FF45BAF0220F9
:1007E000FFF75CFE322000F033FFB0F10008FFF6A7
:1007F00051AF18F003077FF44DAF0F4A926808EB32
:10080000050393423FF646AFB8F5807F3FF742AF0E
:10081000124B0193B84523DD4FF47A7000F018FFB6
:100820000390039A002AFFF635AF019B039A03F861
:10083000012B0137EDE700BF00230020D424002066
:10084000B823002025040008D8240020D02300204D
:1008500004230020082300200C230020D4230020A0
:10086000C820FFF7CBFD074600283FF413AF1F2D2C
:1008700011D8C5F1200242450AAB25F0030028BF7C
:10088000424683490192184400F0F4FF019A8048DF
:10089000FF2101F015F84FEAA8037D490193C8F341
:1008A0008702284601F014F8064600283FF46DAF91
:1008B000019B05EB830537E70220FFF79FFD00282A
:1008C0003FF4E8AE00F05AFF00283FF4E3AE002703
:1008D000B846704B9B68BB4218D91F2F11D80A9B92
:1008E00001330ED027F0030312AA134453F8203C1F
:1008F00005934046042205A901F0AEFA043780466C
:10090000E7E7384600F0F4FE0590F2E7CDF81480F2
:10091000042105A800F0BAFE06E70023642104A81C
:10092000049300F0A9FE00287FF4B4AE0220FFF784
:1009300065FD00283FF4AEAE049800F007FF059077
:10094000E6E70023642104A8049300F095FE002844
:100950007FF4A0AE0220FFF751FD00283FF49AAECD
:10096000049800F003FFEAE70220FFF747FD0028A4
:100970003FF490AE00F012FFE1E70220FFF73EFDEA
:1009800000283FF487AE05A9142000F00DFF0421D4
:100990000746049004A800F079FE3946B9E73220F2
:1009A00000F056FE071EFFF675AEBB077FF472AE71
:1009B000384A926807EB090393423FF66BAE022078
:1009C000FFF71CFD00283FF465AE27F003074F44F6
:1009D000B9453FF4A9AE484600F08AFE04210590CF
:1009E00005A800F053FE09F10409F1E74FF47A700D
:1009F000FFF704FD00283FF44DAE00F0BFFE0028D5
:100A000044D00A9B01330BD008220AA9002000F031
:100A10005FFF00283AD02022FF210AA800F050FFF3
:100A2000FFF7F4FC1C4804F017F813B0BDE8F08F92
:100A3000002E3FF42FAE0BF00B030B2B7FF42AAEEE
:100A40000023642105A8059300F016FE0746002840
:100A50007FF420AE0220FFF7D1FC804600283FF44F
:100A600019AEFFF7D3FC41F2883003F0F5FF05988B
:100A700000F0B4FF464600F06FFF3C46B7E506467F
:100A800052E64FF0000905E6BA467EE637467CE6B8
:100A9000D423002000230020A0860100094A136807
:100AA00049F2690099B21B0C00FB01331360064B3D
:100AB000186844F2506182B2000C01FB0200186019
:100AC00080B27047182300201423002010B50021A5
:100AD0001022044600F0F4FE034B03CB206061605B
:100AE0001868A06010BD00BF107AFF1FF0B5ADF50B
:100AF0004F7D6CAC4FF4C47207460D462046002172
:100B000000F0DEFE02F03AF9244B4FF47A72B0FBAB
:100B1000F2F0186093E80700022384E807000DF55F
:100B2000E9702382FFF7D2FF43F618531C49238450
:100B300006A806F037F9192384F832310DF2E322C2
:100B400006AB0DF1300C1E4603CE664510605160B9
:100B5000334602F10802F6D1337813700DAE3146F8
:100B60000122204600F05CFF00230393AB7E02933A
:100B700005F11903019380B20123CDE904600093CC
:100B8000E97E04A3D3E90023384602F015FD0DF5F4
:100B90004F7DF0BD9E6AC421818A46EEE02400208C
:100BA000B46D00082DE9F0412C4C237ADAB0804670
:100BB0000D465BBB27A9284601F058F807460028D8
:100BC00042D19DF89D60C82E3ED801464FF4A662E2
:100BD000204600F075FE4FF48073C4F8F8314FF4EE
:100BE0000073C4F80C334FF44073C4F82034324619
:100BF0000DF19E0104F1090000F03CFE26449DF831
:100C00009C30777223720BB9EB7E23728122002114
:100C100006AC27A800F054FE0122214627A801F0C7
:100C20006BF800230393AB7E029305F1190380B2A6
:100C300001932823CDE904400093E97E05A3D3E97D
:100C40000023404602F0B8FC5AB0BDE8F08100BF76
:100C5000AFF3008026417272DF25D7B72835002018
:100C6000F0B5254E4FF48A7505FB0065F1B096F896
:100C7000D83085F8DC300024D822214685F8E840B9
:100C80003AA800F01DFE06F1090000F011FED5F8AB
:100C9000E4308DF8F000C2B206AF06F109010DF1A3
:100CA000F100CDE93A3400F0E5FD394601223AA8D9
:100CB00001F058F880B2CDE9047008230127CDE98E
:100CC000023706F1D803019330230093317A0B48A1
:100CD00007A3D3E9002302F06FFCA04206DD02F077
:100CE0004DF8C5F8E000384671B0F0BD2046FBE78E
:100CF00078F6339F93CACD8D28350020F834002034
:100D00002DE9F0411D4D1E4E1E4F86B0284602F0C3
:100D10007FFC034658B30024CDE90344ADF81440EA
:100D2000027B8DF8142099684068029403AA03C2DC
:100D30001B68DFF8548043F00043029302F020F870
:100D4000821941F10003009402A9384601F0B4FA77
:100D5000A04205DD284602F05FFC88F80040D5E798
:100D600098F80030072B05D8013388F8003006B01A
:100D7000BDE8F081014802F04FFCF8E7F8340020AC
:100D800040420F00703A00206C3A002070B50D46CA
:100D900014461E4602F06CFB50B9022E10D1012CF5
:100DA0000ED112A3D3E90023C5E90023012007E0F7
:100DB000282C10D005D8012C09D0052C0FD00020EC
:100DC00070BD302CFBD10BA3D3E90023ECE70BA3C0
:100DD000D3E90023E8E70BA3D3E90023E4E70BA35F
:100DE000D3E90023E0E700BFAFF30080401DA1205E
:100DF00026812A0B78F6339F93CACD8D9E6AC42133
:100E0000818A46EE26417272DF25D7B7F017304A45
:100E100039059E5638B505460E4C0021013500F0C7
:100E20008DFCA4F82C55B4F82C0500F06FFC78B1BB
:100E3000B4F82C0500F07AFC014648B9B4F82C054A
:100E400000F07CFCB4F82C350133A4F82C35EAE72B
:100E500038BD00BF2835002010B50A4B0A4A1A6079
:100E600003F5805393F870203AB9DC6E2CB120461C
:100E700001F0B8F8204601F0F5F9BDE8104003484C
:100E800001F0B0B8703A00206C6E0008C84A00202B
:100E90002DE9F04F8FB000AF05460C4602F0E8FA9E
:100EA00000284BD1237E022B1BD1E38A012B18D1C2
:100EB00001F064FF0646FFF7F1FD03464FF4C870EA
:100EC000DFF8C482B3FBF0F206F5167602FB1033AE
:100ED00016FA83F3C8F80030E37E33B9A34B00223F
:100EE0001A703C37BD46BDE8F08F07F1240120465B
:100EF00000F070FE0028F4D107F11400FFF7E6FDC2
:100F000097F8264007F11401224607F1270005F063
:100F100017FF0028E2D10F2C08D8944B1C70D8F88A
:100F20000030A3F51673C8F80030DAE797F82410FC
:100F30000029D6D0284602F093FAD2E7E38A282B7C
:100F40002BD010D8012B23D0052BCAD1BFF34F8F44
:100F50008749884BCA6802F4E0621343CB60BFF351
:100F60004F8F00BFFDE7302BBBD1834EE17E327A3D
:100F70009142B6D1607E3146002291F8DC50854224
:100F800000F0A5800132042A01F58A71F5D1A8E7A5
:100F900021462846FFF7AAFDA3E721462846FFF78A
:100FA00001FE9EE7B2F8EC507B6005F103094FEAC1
:100FB00099094FEA8902D11DC908A8EBC1039D46D2
:100FC000EB460021584600F07BFC04F1EE012A4676
:100FD0003144584600F04EFC7B6813B9012000F004
:100FE00085FB96F8D20000F091FB044630B93072D0
:100FF00000F0C4FB204600F079FBB0E0D6F8D42026
:101000003AB996F8D200B6F82C25824201D8FFF7FB
:1010100001FFD6F8D4202A44944208D296F8D20090
:10102000B6F82C250130824201D8FFF7F3FE706834
:101030005FFA89F2594600F04BFC08B9C54679E0E1
:10104000726896F8D2002A447260D6F8D42005EB74
:101050000209C6F8D49000F059FB814509D396F8EF
:10106000D220D6F8D4000132001B86F8D220C6F870
:10107000D400FF2D0FD80024347200F07FFB2046EF
:1010800000F034FB00F030FF3C4B188108B9FFF74B
:101090001BFAC54625E7BB6896F8D9000AFB036230
:1010A000FB68D2F8E41082F8E83001F58061C2F8FC
:1010B000E030C2F8E410FFF7D3FDFFF721FE96F809
:1010C000D920013202F0030286F8D920B6E74FF4A6
:1010D0008A7A0AFB02F505F1EA013144204600F064
:1010E00075FEF86000287FF4FCAE3544012285F8D7
:1010F000E82001F043FED5F8E020D6ED007ADFEDE0
:10110000206A801A192838BF192040F6B832904258
:1011100028BF1046B8EE677A07EE900AF8EEE77A35
:1011200067EEA67ADFED176AE7EE267AFCEEE77A3D
:10113000C6ED007A96F8D9307168BB600AFB03F4FB
:10114000321992F8E8505DB1D2F8E4308B42E846AB
:101150003FF428AF002182F8E810C2F8E010C5463D
:101160007368064A9B0A01331381BAE6F134002002
:1011700000ED00E00400FA0528350020E0240020FE
:10118000CDCCCC3D6666663FF4340020014B187030
:10119000704700BFEC24002030B54FF000542C4BBA
:1011A00022689A4285B023D1637D0BB3294A2A482D
:1011B0001370237D03724FF48073C0F8F8314FF43D
:1011C0000073C0F80C3300254FF44073C0F820348E
:1011D0002249C0F8E450C922093000F04BFB2046F8
:1011E000E022294600F06CFB0124204605B030BD0A
:1011F00004F010F9044608B90024F6E7184A194D1E
:10120000136C43F000731364AA6D174B9A42F3D129
:101210002B6E013B7E2BEFD8144A07CA01AB83E843
:1012200007001846032100F02DFE6B6D83424FF03E
:101230000003E1D12A6D8A4201BFAB65054B2A6EDE
:101240001A7003BF0A4BEA6D1A601C46CDE700BF57
:101250009AAD44C5EC24002028350020160000205B
:1012600000380240006600405041A0B0586600407F
:101270001023002037B51A4D00F036FE02236B71A3
:10128000184B288119681848012201F011FC00232D
:101290000193164B164900931648174B4FF4805292
:1012A00002F0B6F8154B197811B1124802F0D8F8CF
:1012B00001F064FD0446FFF7F1FB4FF4C873B0FB87
:1012C000F3F202FB130304F5167010FA83F00C4BD3
:1012D000186004F095F808B10F232B8103B030BDDE
:1012E000E024002010230020703A00208D0D00081B
:1012F000F0240020F8340020910E0008EC24002097
:10130000F43400202DE9F04F2DED028B0FF2C029AF
:10131000D9E90089A14C93B00BAE9FED9C8BFFF7F0
:10132000EFFC9F4FDFF8B0A200230A93ADF83430F2
:101330000B9373604FF0000B5B468DED008B012526
:101340000DF11D0207A938468DF81C508DF81DB00F
:1013500001F05CFB9DF81C30002B40F0AC80204677
:1013600002F086F80646002845D18E4F01F006FDB2
:101370003B6898423FD301F001FD8246FFF78EFBA8
:101380004FF4C873B0FBF3F202FB13030AF51670B7
:1013900010FA83F03860844F97F800B0CBF1100A50
:1013A000BBF1000F14BF33462B465FFA8AFA0EA832
:1013B0008DF82830FFF78AFBBAF1060F28BF4FF0EF
:1013C000060A0EAB03EB0B0152460DF1290000F0AB
:1013D00051FA0AAB0393182302930AF10102734BEB
:1013E000D2B2CDE90053049220466AA3D3E9002388
:1013F00002F084F83E7001F0C1FC6D4A6D4D136837
:10140000C31AB3F57A7F2ED3106001F0B9FC0246FF
:101410000B46204602F00AF9204602F029F810B3E4
:101420002B7A654E002B14BF03230223737101F046
:10143000A5FC0EAF4FF47A730122B0FBF3F03946EE
:101440003060304600F09EFB182302935B4B019303
:1014500080B240F25513CDE90370009342464B46EB
:10146000204602F04BF82B7A002B63D0544E337891
:1014700063B901F083FC534B1A6802B91860524AF1
:1014800017683A78012A3AD80123337001F076FCC4
:10149000002607464FF48A7A95F8D900304400F0C8
:1014A00003000AFB005393F8E820002A5AD00136C3
:1014B000042EF1D13EE0DAF8143083F00103CAF8CB
:1014C0001430594610220EA800F0FAF90DF11E034F
:1014D00008AA0AA9384600F0F5FF96E803000FAB0A
:1014E00083E803009DF834308DF844300A9B0E9356
:1014F0000EA9DDE90823204602F06CFA1AE7042A57
:10150000324923D0052A03D197F86820042A1DD038
:1015100000220A600A68F2B1821AB2F5FA6FB3D2F9
:101520001B68C01A41F26F7398428CBF01230023DD
:101530003370ABD8C82003F08FFA2B7A002B7FF4DE
:10154000EBAE13B0BDEC028BBDE8F08F0A68002A49
:10155000E0D10860DEE71A6840F6B731821A8A42A5
:1015600092D8DDE7D3F8E02042B12B68FA2B38BFE0
:10157000FA23BA1A0533B2EB430F98D3FFF770FB87
:10158000002894D1D6E700BFAFF300800000000030
:1015900000000000401DA12026812A0BF834002005
:1015A000703A0020F4340020F1340020F0340020A0
:1015B000583A002028350020E02400205C3A002022
:1015C000643A0020683A0020846F0008603A0020E6
:1015D000F1C6A7C1D068080F0004024008B505484D
:1015E00001F00EF8BDE80840034A0449002005F068
:1015F00083BB00BF703A0020A44B0020590E0008A6
:1016000070B5104B1B780133DBB2012B0C4612D89E
:101610000D4B1D6829684FF47A730E6AA2FB0332E2
:10162000014622462846B047844204D1074B002297
:101630001A70012070BD4FF4FA7003F00DFA00200B
:10164000F8E700BF1C23002020230020984B002037
:1016500007B50023024601210DF107008DF8073080
:10166000FFF7CEFF20B19DF8070003B05DF804FB43
:101670004FF0FF30F9E700000A4608B50421FFF7F4
:10168000BFFF80F00100C0B2404208BD30B4074B3C
:101690000A461978064B53F821402368DD69054B4B
:1016A0000146AC46204630BC604700BF984B002046
:1016B00020230020A086010070B503F0FDFC094E38
:1016C000094D3080002428683388834208D903F00C
:1016D000EDFC2B6804440133B4F5803F2B60F2D35A
:1016E00070BD00BF9A4B0020584B002003F094BD02
:1016F00000F1006000F580300068704700F1006084
:10170000920000F5803003F01DBD0000054B1A6803
:10171000054B1B889B1A834202D9104403F0C6BCB8
:1017200000207047584B00209A4B0020024B1B684A
:10173000184403F0C3BC00BF584B0020024B1B6889
:10174000184403F0D3BC00BF584B002010F0030333
:101750000AD1B0F5047F05D200F10050A0F5104089
:10176000D0F80038184670470023FBE700F100501E
:10177000A0F51040D0F8100A70470000064991F813
:10178000243033B10023086A81F824300822FFF79F
:10179000B5BF0120704700BF5C4B0020014B1868AB
:1017A000704700BF002004E070B5194B1D68194B4D
:1017B0000138C5F30B0408442D0C04221E88A642F0
:1017C0000BD15C680A46013C824213460FD214F9E1
:1017D000016F4EB102F8016BF6E7013A03F108031D
:1017E000ECD181420B4602D22C2203F8012B0A4A8B
:1017F00005241688AE4204D1984284BF967803F837
:10180000016B013C02F10402F3D1581A70BD00BF14
:10181000002004E0106E0008FC6D0008022802BFE2
:10182000014B01229A61704700040240022802BF66
:10183000024B4FF480329A61704700BF00040240AF
:10184000022801BF024A536983F0010353617047C4
:101850000004024070B504464FF47A764CB1412C36
:10186000254628BF412506FB05F003F0F5F8641B6B
:10187000F4E770BD10B50023934203D0CC5CC45490
:101880000133F9E710BD000010B5013810F9013F30
:101890003BB191F900409C4203D11AB10131013AA8
:1018A000F4E71AB191F90020981A10BD1046FCE730
:1018B00003460246D01A12F9011B0029FAD17047DB
:1018C00002440346934202D003F8011BFAE7704733
:1018D0002DE9F8431F4D144695F824200746884605
:1018E00052BBDFF870909CB395F824302BB92022BE
:1018F000FF2148462F62FFF7E3FF95F82400C0F16F
:101900000802A24228BF2246D6B24146920005EB09
:101910008000FFF7AFFF95F82430A41B1E44F6B2F9
:10192000082E17449044E4B285F82460DBD1FFF719
:1019300025FF0028D7D108E02B6A03EB82038342FE
:10194000CFD0FFF71BFF0028CBD10020BDE8F883E4
:101950000120FBE75C4B0020024B1A78024B1A7007
:10196000704700BF984B00201C23002038B5164C50
:10197000164D204602F0BEFB2946204602F0E6FB4B
:101980002D68EA6ED2F8043843F00203C2F8043836
:101990004FF47A70FFF75EFF0D49284602F0DEFC37
:1019A000EA6E0C49D2F8043823F00203C2F8043876
:1019B0004FF461430B60084B1868A04203D0BDE8A8
:1019C000384002F0F7BA38BD184E0020846F000886
:1019D0008C6F0008844B00202023002070B50C4B36
:1019E0000C4D1E780C4B55F826209A4204460DD01B
:1019F0000A4B002114221846FFF762FF04600146DB
:101A000055F82600BDE8704002F0D4BA70BD00BFA2
:101A1000984B002020230020184E0020844B0020EB
:101A20002DE9F3470D46044600219046284640F232
:101A30007912FFF745FF234620220021284601F0B6
:101A40006BFF231D02222021284601F065FF631D44
:101A500003222221284601F05FFFA31D0322252136
:101A6000284601F059FF04F10803102228212846D6
:101A700001F052FF04F1100308223821284601F03A
:101A80004BFF04F1110308224021284601F044FFD6
:101A900004F1120308224821284601F03DFF04F119
:101AA000140320225021284601F036FF04F11803C8
:101AB00040227021284601F02FFF04F12003082264
:101AC000B021284601F028FF04F121030822B821A3
:101AD000284601F021FF04F12207C0263B4631468B
:101AE00008222846083601F017FFB6F5A07F07F157
:101AF0000107F3D194F832308DF8073031460DF1FB
:101B000007030822284601F007FF002604F1330AE4
:101B10009DF807304FEAC6099E4209F5A47720D305
:101B200094F83231502B28BF50238DF80730B8F18C
:101B3000000F08D139460DF107030722284601F0AE
:101B4000EBFE09F24F17002604F233149DF807301C
:101B50009E4207EBC6010DD30731C80802B0BDE8AD
:101B6000F0870AEB060308223946284601F0D4FE26
:101B70000136CDE7A3190822284601F0CDFE013633
:101B8000E4E7000013B5044608460021016023463F
:101B9000C0F803102022019001F0BEFE0198231D21
:101BA0000222202101F0B8FE0198631D03222221A8
:101BB00001F0B2FE0198A31D0322252101F0ACFE25
:101BC000019804F108031022282101F0A5FE072046
:101BD00002B010BDF7B5047F05460E462CB1838ACE
:101BE000122B02D9012003B0F0BD002319460722B1
:101BF0000096284601F054FD731C00930122002337
:101C00000721284601F04CFDD4B9B31C00930522EE
:101C100023460821284601F043FD0D24B378102BFC
:101C2000E0D83746B278BB1B934210D32B7FA88AEB
:101C30000734E408B3B9844294BF00200120D2E7FE
:101C4000AB8ADB00083BDB08B3700824E6E7FB1C2B
:101C50000093214600230822284601F021FD083484
:101C60000137DFE7201A18BF0120BCE7F7B5047F72
:101C700005460E462CB1838ACA2B02D9012003B037
:101C8000F0BD0023194600960822284601F008FD01
:101C9000731CD4B90822009311462346284601F04C
:101CA000FFFC10247378C82BE8D8012372785F1CDE
:101CB000013B934210D32B7FA88A0734E408B3B9C1
:101CC000844294BF00200120D9E7AB8ADB00083BA7
:101CD000DB0873700824E5E7F3190093214600231D
:101CE0000822284601F0DCFC08343B46DEE7201AD7
:101CF00018BF0120C3E70000F7B50D4604460021D8
:101D0000164628468122FFF7DBFD234608220021E4
:101D1000284601F001FE94F901206378002AB8BF3B
:101D20007F238DF807309EB90DF1070307220821A4
:101D3000284601F0F1FD0F27002602349DF80730F8
:101D40009E4207EBC60105D30731C80803B0F0BDBA
:101D50000827F1E7A3190822284601F0DDFD013626
:101D6000ECE70000F7B50E46054600211446304664
:101D7000CE22FFF7A5FD2B4628220021304601F098
:101D8000CBFD2B7AC82B28BFC8238DF807308CB920
:101D90000DF1070308222821304601F0BDFD302453
:101DA0002F469DF807207B1B934205D3E01DC008FA
:101DB00003B0F0BD2824F3E707F109032146082208
:101DC000304601F0A9FD08340137EAE7F7B5047F92
:101DD00005460E4634B1838AB3F5827F02D90120CD
:101DE00003B0F0BD0096012310220021284601F027
:101DF00057FCDCB9B31C0093092223461021284666
:101E000001F04EFC19247388B3F5807FE7D837467C
:101E10007288BB1B934210D32B7FA88A0734E40837
:101E2000B3B9844294BF00200120D9E7AB8ADB001C
:101E3000103BDB0873801024E5E73B1D009321462F
:101E400000230822284601F02BFC08340137DFE785
:101E5000201A18BF0120C3E730B5094D0A4491424A
:101E60000DD011F8013B5840082340F30004013B1A
:101E70002C4013F0FF0384EA5000F6D1EFE730BDA9
:101E80002083B8EDF7B54FF0FF33DFF854C0DFF82B
:101E900054E000EB81011A4688421CD050F8044BF4
:101EA000019401AF042417F8015B82EA056208255A
:101EB000DB18164605F1FF355241002EBCBF83EA00
:101EC0000C0382EA0E0215F0FF05F1D1013C14F07B
:101ED000FF04E8D1E0E7D843D14303B0F0BD00BF31
:101EE0009336EAA9EBE1F042F7B5384A1068516839
:101EF0006B4603C36A4636493648082304F030FF70
:101F00000446002833D10A25334A106851686B46CD
:101F100003C36A4631492F48082304F021FF0446D1
:101F2000002849D00369B3F5E02F45D8B0F8661012
:101F300041F63D0291423FD1294A024402F15C013F
:101F40008B4239D35C3B234900209E1AFFF784FF64
:101F50003246074604F164010020FFF77DFFA368C5
:101F60009F4229D1E368984208BF002524E0036915
:101F7000B3F5E02F27D8418B41F63D02914220D1A5
:101F8000174A024402F110018B4218D3103B114949
:101F900000209D1AFFF760FF2A46064604F118014B
:101FA0000020FFF759FFA3689E4202D1E3689842E0
:101FB00001D00D25A8E70025284603B0F0BD102567
:101FC000A2E70C25A0E70B259EE700BF306E0008B6
:101FD000DCFF060000000108396E000890FF0600D3
:101FE0000800FFF710B5037C044613B9006804F03D
:101FF0009FFE204610BD00000023BFF35B8FC3602F
:10200000BFF35B8FBFF35B8F8360BFF35B8F704762
:10201000BFF35B8F0068BFF35B8F704770B50546F9
:102020000C30FFF7F5FF05F1080604463046FFF7D0
:10203000EFFFA04206D930466D68FFF7E9FF25445F
:10204000281A70BD3046FFF7E3FF201AF9E70000B9
:1020500070B50546406898B105F10800FFF7D8FF54
:1020600005F10C0604463046FFF7D2FF84423046A5
:1020700094BF6D680025FFF7CBFF013C2C44201A6C
:1020800070BD000038B50C460546FFF7C7FFA042FB
:1020900010D305F10800FFF7BBFF04446868B4FBE8
:1020A000F0F100FB1144BFF35B8F0120AC60BFF384
:1020B0005B8F38BD0020FCE72DE9F0411446074650
:1020C0000D46FFF7C5FF844228BF0446D4B1B84689
:1020D00058F80C6B4046FFF79BFF304428604046A1
:1020E0007E68FFF795FF331A9C4203D86C6001208D
:1020F000BDE8F0816B60A41B3B68AB602044E860E6
:102100000220F5E72046F3E738B50C460546FFF711
:102110009FFFA04210D305F10C00FFF779FF0444A4
:102120006868B4FBF0F100FB1144BFF35B8F012042
:10213000EC60BFF35B8F38BD0020FCE72DE9FF4169
:10214000884669460746FFF7B7FF6C4606B204EBC0
:10215000C6060025B44209D06268206808EB050174
:10216000FFF788FB636808341D44F3E729463846C7
:10217000FFF7CAFF284604B0BDE8F081F8B5054670
:102180000C300F46FFF744FF05F1080604463046C1
:10219000FFF73EFFA042304688BF6C68FFF738FF6C
:1021A000201A386020B130462C68FFF731FF2044F8
:1021B000F8BD000073B5144606460D46FFF72EFF26
:1021C000844228BF04460190DCB101A93046FFF7E4
:1021D000D5FF019B33B93268C5E90233C5E9002454
:1021E00001200CE09C4238BF01942860019868608F
:1021F0008442F5D93368AB60241AEC60022002B047
:1022000070BD2046FBE700002DE9FF410F466946FF
:10221000FFF7D0FF6C4600B204EBC0050026AC42CD
:1022200009D0D4F8048054F8081BB8194246FFF7C7
:1022300021FB4644F3E7304604B0BDE8F0810000DE
:1022400038B50546FFF7E0FF044601462846FFF78C
:1022500019FF204638BD00000121884238BF0846DA
:1022600004F050BD08B104F063BD704710B40268BB
:1022700054681A4623465DF8044B184700207047FF
:102280000020704770470000002070470E20704704
:1022900000F5805090F8D800C0F34000704700006F
:1022A00000F5805090F9E0007047000000F5805084
:1022B000C0F8DC1001207047F7B50C68BDF820703D
:1022C00014F0005473D10D7B082D70D8302585F3A0
:1022D0001188456AAE6876010CD4AC68240108D434
:1022E000AC6814F0805460D184F31188204603B0A8
:1022F000F0BD01240E6804F1180C002EB8BFF600E2
:102300004FEA0C1CB4BF46F00406760545F80C6095
:102310000E680FFA84FC16F0804F18BF05EB0C1EF8
:1023200005EB0C1C1EBFDEF8806146F00206CEF8FD
:1023300080610E7BCCF8846105EB04158E68C5F8CE
:102340008C614E68C5F88861DCF8805145F0010564
:10235000CCF8805141F2780500EB441C660105EB96
:102360004414AC440444CCE900230D46083401F184
:102370000C0C55F804EB44F804EB6545F9D12D88B5
:102380002580841904F5805407F0030594F89460BF
:1023900026F00B06354384F89450002484F311880A
:1023A000009700F03BFD0120A1E70224A2E74FF0D7
:1023B000FF309CE713B500F580540191E06EFFF704
:1023C00047FE1F280AD90199E06E2022FFF7B6FECA
:1023D000A0F120035842584102B010BD0020FBE795
:1023E00008B5302383F3118800F58050C06EFFF7E5
:1023F00003FE002383F3118808BD00000022026061
:10240000828142608260704710B500220023C0E9DB
:1024100000230023044603810C30FFF7EFFF204622
:1024200010BD0000F0B5054600F580500C4690F850
:10243000D83013F0040FC3F3800108BF114661F3D5
:10244000820380F8D83005EB441303F5845310332E
:1024500089B01B79D8074FEA44162FD582B31907E4
:102460002ED46846FFF7D0FF05EB441303F58453E1
:1024700003AA03F1080718685968144603C408330F
:10248000BB422246F7D1186820609B88A380DDE913
:102490000E23CDE900230123ADF808302B686946EF
:1024A0001B6C28469847354405F5845510352B7923
:1024B0001A075CBF43F008032B7101E0002AF2D138
:1024C00009B0F0BD2DE9F0479A4688B00746884626
:1024D0009146302383F3118807F580546846FFF74F
:1024E00093FFE06EFFF79AFD1F282AD9E06E2022A5
:1024F0006946FFF7A5FE202823D103AD444605AB6E
:102500002E4603CE9E4220606160354604F10804E9
:10251000F6D130682060B388A380DDE90023C9E9E3
:102520000023BDF80830AAF80030002383F3118897
:1025300053464A464146384608B0BDE8F04700F0E9
:102540002BBC002080F3118808B0BDE8F0870000A4
:102550002DE9F84F182204460F4604300021FFF7FA
:10256000AFF92046234B40F8283BFFF747FF04F123
:102570003800FFF749FF04F1580804F58255464634
:10258000183530462036FFF73FFFAE42F9D104F54B
:1025900080554FF480534FF00009C5E91739C5F84D
:1025A00058800123EE6604F5875804F58456C5F873
:1025B000649085F8683085F87030183608F118088E
:1025C0004FF0000A4FF0000B46E908ABA6F11800E7
:1025D000FFF714FF203646F8289C4645F4D185F8CD
:1025E000E07017B1044800F0C3FB044B636220465F
:1025F000BDE8F88F6C6E0008446E0008006400406F
:1026000010B5044B197804464A1C1A70FFF7A0FF56
:10261000204610BDA04B00202DE9F047002950D0E6
:10262000294B2A4FB7FBF1F599428CBF0A2311239E
:10263000581EB5FBF3FC03FB1C53C4B22BB102289C
:102640000346F5D80020BDE8F0870CF1FF36B6F55B
:10265000806FF7D2C4EBC40E0EF103034FEAE30917
:10266000C3F3C703A4EB030809F1010A4FF47A7519
:102670005FFA88F009FB05555AFA88F8B5FBF8F5BA
:10268000B5F5617FC1BF0EF1FF33C3F3C703E01A95
:10269000C0B25C1C50FA84F40CFB04F4B7FBF4F4F5
:1026A000A142CFD1013BDBB20F2BCBD80138C0B256
:1026B0000728C7D80021107116809170D3700120AF
:1026C000C1E70846BFE700BF3F420F0040787D01E9
:1026D00070B505460E464FF47A746B6A5B6803F07A
:1026E0000103B34207D04FF47A7002F0B5F9013C10
:1026F000F3D1204670BD0120FCE7000070B5426AAE
:10270000936913F0700F17D000230C4D936141F2C1
:10271000900400EB4312224411794E0709D5890732
:1027200007D5416A55F823608E60117941F00401A4
:1027300011710133032BECD170BD00BF586E00083E
:1027400073B51D46436A16469A68D207044609D5F2
:102750009A6801219960C2F34002CDE90065002129
:10276000FFF760FE636A9A68D1050BD59A684FF44B
:1027700080719960C2F34022CDE9006501212046B5
:10278000FFF750FE636A9A68D2030BD59A684FF43C
:1027900080319960C2F34042CDE9006502212046B4
:1027A000FFF740FE04F58053D3F8DC0010B1036856
:1027B0001B699847204602B0BDE87040FFF79EBFF6
:1027C000F8B50446466A002977D106F10C07386847
:1027D000800775D006EB01153868D5F8B00110F008
:1027E000040FD5F8B0011ABFC00840F00040400DFA
:1027F000A062D5F8B0C11CF0020F1CBF40F08040B1
:10280000A062D5F8B40106EB011100F00F0084F8C6
:102810003400D1F8B80184F82C00D1F8B801000ACE
:1028200084F82D00D1F8B801000C84F82E00D1F8FE
:10283000B801000E84F82F00D1F8BC0184F83000F4
:10284000D1F8BC01000A84F83100D1F8BC01000CB9
:1028500084F83200D1F8BC11090E84F83310382105
:10286000396004F1440004F1280104F1340551F801
:10287000046B40F8046BA942F9D109880180C4E9CE
:102880000E2321460023A4F8403051F8383B20465F
:102890001B6C984704F5805393F8D820D3F8DC00DC
:1028A00042F0040283F8D82010B103681B699847EE
:1028B0002046BDE8F840FFF721BF06F1100786E784
:1028C000F8BD000010B5044600F05AFA02460B4667
:1028D00052EA030102D0013A63F100030449086897
:1028E00020B12146BDE81040FFF76ABF10BD00BF10
:1028F0009C4B0020F0B5302181F31188DFF848E0CF
:1029000000F583511831002441F2900C00EB44157E
:1029100065442E7977070ED4F6060CD5D1E90076FA
:1029200097429E4107D2466A5EF82470B7602E79BE
:1029300046F004062E710134032C01F12001E5D18B
:10294000002383F31188F0BD586E000808B53023CA
:1029500083F31188FFF7D2FE002383F3118808BDAB
:102960002DE9F041436A0446986800F0E050B0F168
:10297000E05F0E4622D0F8B1302383F311880025A2
:1029800004F5845741F2900804EB451343441B7946
:102990001A0706D50135032D07F12007F4D10120D0
:1029A00007E05B07F6D43946304600F08BFA002882
:1029B000F0D1002383F31188BDE8F0810120FBE70B
:1029C00008B5302383F3118800F58050C06EFFF7FF
:1029D00025FB002383F3118843090CBF012000204D
:1029E00008BD0000F8B51D46002313700F460646CB
:1029F0001446FFF7E5FF80F00100387025B1294645
:102A00003046FFF7ADFF2070F8BD00002DE9B8415A
:102A10000C4615461F46804600F0B2F90B46217859
:102A2000024609B9287850B14046FFF763FFFFF727
:102A30008DFF3B462A462146FFF7D4FF0120BDE823
:102A4000B881000070B5302686F31188174B1A6CD8
:102A500042F000721A641A6A42F000721A621A6A2C
:102A600022F000721A62002383F3118800F580546B
:102A700094F8D83013F0010516D1A9B186F3118866
:102A80000321132001F026FA0321142001F022FA79
:102A90000321152001F01EFA94F8D83043F0010309
:102AA00084F8D83085F3118870BD00BF003802402B
:102AB0002DE9F04700F5805588B095F8E030012BFE
:102AC00004468846164600F28280824F57F823203B
:102AD0000AB947F82300D7F800A0C4F81C8084F88E
:102AE0002060BAF1000F64D095F8E030012B70D06F
:102AF00001212046FFF7A6FF302383F31188626A85
:102B0000136823F002031360626A136843F0010341
:102B10001360636A00275F6187F3118801212046F3
:102B2000FFF7D6FD002800F09580E86EFFF764FA05
:102B300004F58359BA4609F1180920220021684694
:102B4000FEF7BEFE02A8FFF759FCCDF818A06A46B2
:102B500009EB07030DF1180E9446BCE80300F44599
:102B600018605960624603F10803F5D1DCF80000F3
:102B7000186020379CF804201A71602FDDD195F879
:102B8000D8306FF38203002785F8D8306A46414673
:102B90002046ADF80070ADF802708DF80470FFF7B4
:102BA0003BFD636A48BB4FF400421A6008B0BDE8C1
:102BB000F08741F2E800FFF74FFB814610B1514624
:102BC000FFF7C6FCC7F80090B9F1000F8CD10020C8
:102BD000ECE7386803681B6B98470146002887D1EB
:102BE0003868FFF72FFF3868036832465B68414654
:102BF000984700287FF47CAFE9E761221A609DF8CE
:102C000002309DF803201B06120402F4702203F028
:102C100040731343BDF80020C2F3090213439DF82B
:102C200004201205022E02F4E0020CBF4FF0004116
:102C300000211343626A0B43D361636A13225A6112
:102C4000626A136823F00103136039462046FFF7D8
:102C50003FFD08B9636AA6E795F8E03093BB616A67
:102C6000D1F8002242F00102C1F80022616AD1F8D5
:102C7000002222F47C5222F00E02C1F80022616A86
:102C8000D1F8002242F46062C1F80022626AC2F800
:102C90001432626AC2F80432626A41F6FF71C2F805
:102CA0000C12626AC2F84032626AC2F84432636A45
:102CB0000122C3F81C22626AD2F8003223F0010319
:102CC000C2F8003295F8D83043F0020385F8D830C6
:102CD0006CE700BF9C4B002008B500F051F850EAAB
:102CE0000103024602D0421E61F10001044B186844
:102CF00010B10B46FFF724FDBDE8084001F0C0B855
:102D00009C4B002008B50020FFF7DCFDBDE8084023
:102D100001F0B6B808B50120FFF7D4FDBDE80840C2
:102D200001F0AEB800B59BB0EFF3098168226846A8
:102D3000FEF7A0FDEFF30583014B9B6BFEE700BFA1
:102D400000ED00E008B5FFF7EDFF000000B59BB017
:102D5000EFF3098168226846FEF78CFDEFF30583E7
:102D6000014B5B6BFEE700BF00ED00E0FEE70000FB
:102D70000FB408B5029801F015FEFEE702F08CBA18
:102D800002F06EBA0139C9B202299EBF00EBC10040
:102D90000023C0E9013370472DE9F8431E461B8824
:102DA0005B070546884618D4044600F118094C45CF
:102DB00013D063686BB12B682846DB6B9847338868
:102DC000A768C1B243F0040360684246B8470834BC
:102DD000EDE7A368002BEED1F9E70120BDE8F88309
:102DE00073B56C4684E80600014600224E68D5B2F1
:102DF0006EB98E685EB900EBC200021D94E8030054
:102E0000013582E803001D70012002B070BD01325F
:102E1000032A01F10801E9D10020F6E72DE9F04F7E
:102E20002DED028B89B09FED258BBDF850800446B7
:102E30008B46054600F11809002708F0040AA94549
:102E400036D06B680BB9AB6863B1BAF1000F0BD128
:102E500023682046DB6B98474346C1B25A46D5E902
:102E60000106B0470835EAE7002FFBD18DED008B56
:102E7000ADF808705B4603AA0BF1080C1868596896
:102E8000174603C7083363453A46F7D118683860D8
:102E90009B88BB80FFF774FF0423ADF808302368DC
:102EA000CDE900011B6C6946204698470127D9E708
:102EB000012009B0BDEC028BBDE8F08F00000000DE
:102EC0000000000030B503680968DD0FB5EBD17F65
:102ED00023F0604421F060424FEAD1700BD0002B08
:102EE000B8BFA40C0029B8BF920C944202D034BFE2
:102EF0000120002030BD944205D1C1F38070C3F39E
:102F000080738342F6D194422CBF00200120F1E768
:102F10002DE9F041456A15B94162BDE8F0814B6881
:102F200023F06047C3F38A464FEAD37EC3F3807829
:102F300016EA230638BF3E46AC462B465A68BEEB1F
:102F4000D27F22F060440AD0002A18DAA40CB442DE
:102F500017D19D420FD10D60DEE71346EEE7A74281
:102F600007D102F08044C2F3807242450BD054B1C5
:102F7000EFE708D2EDE7CCF800100B60CDE7B442E4
:102F800001D0B442E5D81A689C46002AE5D1196000
:102F9000C3E700002DE9F047089D01F007044FEA60
:102FA000D508224405F0070500EBD1004FF47F4916
:102FB000944201D1BDE8F08704F0070705F0070A45
:102FC00057453E4638BF5646C6F10806111B8E428D
:102FD00028BF0E46E10808EBD50E415C13F80EC081
:102FE000B94029FA06F721FA0AF1FFB28CEA010189
:102FF00047FA0AF739408CEA010C03F80EC0344452
:103000003544D5E780EA0120082341F2210201B2CC
:103010004000002980B203F1FF33B8BF504013F0E5
:10302000FF03F4D17047000038B50C468D18A54257
:1030300000D138BD14F8011BFFF7E4FFF7E70000EB
:1030400042684AB1136843604389818901339BB266
:103050009942438138BF83811046704770B588B06C
:10306000202204460D4668460021FEF729FC204632
:103070000495FFF7E5FF024658B16B46054608AEDA
:103080001C4603CCB44228606960234605F108055C
:10309000F6D1104608B070BD082817D909280CD001
:1030A0000A280CD00B280CD00C280CD00D280CD0E2
:1030B0000E2814BF4020302070470C20704710208D
:1030C0007047142070471820704720207047000078
:1030D000082817D90C280CD910280CD914280CD979
:1030E00018280CD920280CD930288CBF0F200E208E
:1030F0007047092070470A2070470B2070470C204A
:1031000070470D20704700002DE9F843078C072F0A
:1031100004461ED9D0E9029800254FF6FF73C5F189
:103120002006A5F1200029FA05F108FA06F628FA8A
:1031300000F031430143C9B21846FFF763FF083579
:10314000402D0346EBD1E1693A46BDE8F843FFF76D
:103150006BBF4FF6FF70BDE8F883000010B54B68F9
:1031600023B9CA8A63F30902CA8210BD04691A68C6
:103170001C600361C38A013BC3824A60EFE7000021
:103180002DE9F84F1D46CB8A0F46C3F309010529E7
:10319000814692460B4630D00020AAB207F11A04AD
:1031A0009EB2042E1FFA80F80FD8904503F1010358
:1031B00006D3FB8A0A4462F30903FB8201201AE06A
:1031C0001AF80060E6540130EAE79045F1D2A1F127
:1031D000050B1C237C68BBFBF3F203FB12BB1FFA3D
:1031E0008BF6002C45D14846FFF72AFF044638B934
:1031F00078606FF00200BDE8F88F4FF00008E6E756
:10320000002606607860ADB24FF0000B454510D93E
:103210000AEB0803221D13F8011B9155B1B208F106
:1032200001081B291FFA88F82BD0454506F1010635
:10323000F1D8FB8AC3F30902154465F30903BCE71F
:10324000013292B21C462368002BF9D16B1F0B444C
:103250001C21B3FBF1F301339BB29A42D3D2BBF1F1
:10326000000FD0D14846FFF7EBFE20B9C4F800B0FC
:10327000BFE70122E7E7C0F800B05E4620600446E1
:10328000C1E74545D5D94846FFF7DAFE08B92060C1
:10329000AFE7C0F800B0002620600446B6E70000A3
:1032A0002DE9F04F2DED028B1C4683B05B69019236
:1032B00007468846002B00F0A780238C2BB1E269DB
:1032C000002A00F0A180072B35D807F10C00FFF78A
:1032D000B7FE054638B96FF00205284603B0BDECCD
:1032E000028BBDE8F08F14220021FEF7E9FA228C50
:1032F000E16905F10800FEF7BDFA208C013080B2CB
:10330000FFF7E6FEFFF7C8FE013880B220840130E7
:1033100028746369228C1B782A4403F01F0363F02E
:103320003F0348F000411372384669602946FFF7B1
:10333000EFFD0125D1E702339BB20722C18A063394
:10334000B3FBF2F3828A521A9BB292B29342C2D872
:1033500000F10C034FF0000908EE103A4FF0800A1C
:103360004E464D4618EE100AFFF76AFE83460028C7
:10337000B1D014220021FEF7A3FA002E3AD1019B0E
:10338000ABF8083002220BF1080E1FFA82FC0CF198
:103390000100BCF1060F218C80B201D88E422BD3E4
:1033A000FFF796FEFFF778FE62691278013802F0A7
:1033B0001F028E4208BF4FF0400A42EA49121BFA30
:1033C00080F14AEA020A013048F0004281F808A080
:1033D0008BF81000CBF8042059463846FFF798FDCB
:1033E000238C0135B3422DB289F001094FF0000A58
:1033F000B8D172E70022C6E7E169895D0EF80210D4
:103400000136B6B20132C0E76FF0010565E7000092
:10341000F8B515460E463022002104461F46FEF739
:103420004FFA069B6360B5F5001F079BA76034BF8A
:103430006A094FF6FF72A36297B2E66104F11000C9
:1034400000239A4206D800230360A782E3822383E5
:10345000E360F8BD0660013330462036F1E7000036
:1034600003781BB94BB2002BC8BF01707047000036
:1034700000787047F8B50C46C969074611B9238C26
:10348000002B37D1257E1F2D34D8387828BB228CCD
:10349000072A2CD8268A36F003032BD14FF6FF706B
:1034A000FFF7C2FD20F001003102400441EA05614E
:1034B000400C41EA40254FF6FF7223462946384624
:1034C000FFF7EEFE002807DD626913780133DBB2F7
:1034D0001F2B88BF00231370F8BD218A2D0645EAF3
:1034E000012505432046FFF70FFE0246E5E76FF092
:1034F0000300F1E76FF00100EEE7000070B58AB05D
:10350000044616460021282268461D46FEF7D8F9D3
:10351000BDF83830ADF810300F9B05939DF8403062
:103520008DF81830119B07936946BDF84830ADF807
:1035300020302046CDE90265FFF79CFF0AB070BD40
:103540002DE9F041D36905460C4616460BB9138C9C
:103550005BBB377E1F2F28D895F80080B8F1000F8D
:1035600026D03046FFF7D0FD3378210241EAC3313F
:1035700041EA0801338A41EA076141EA0341024610
:10358000334641F080012846FFF78AFE00280ADD15
:103590003378012B07D1726913780133DBB21F2B0B
:1035A00088BF00231370BDE8F0816FF00100FAE7D7
:1035B0006FF00300F7E70000F0B58BB004460D464E
:1035C00017460021282268461E46FEF779F99DF825
:1035D0004C305A1E534253418DF800309DF8403014
:1035E000ADF81030119B05939DF848308DF81830D8
:1035F000149B07936A46BDF85430ADF82030294635
:103600002046CDE90276FFF79BFF0BB0F0BD00002E
:10361000406A00B104307047436A1A684262026926
:103620001A600361C38A013BC38270472DE9F041F0
:10363000D0F82080194E14461D464146002709B98E
:10364000BDE8F081D1E90223A21A65EB030396429B
:1036500077EB03031ED2036A8B420DD1FFF77EFD89
:10366000036A1B68036203690B60C38A0161016A14
:10367000013BC3828846E2E7FFF770FD0B68C8F89C
:10368000003003690B60C38A0161013BC382D8F833
:103690000010D4E788460968D1E700BF80841E0087
:1036A0002DE9F04F8BB00D46DDF8509014469B4647
:1036B0008046002800F01981B9F1000F00F0158153
:1036C000531E3F2B00F21181012A03D1BBF1000FE1
:1036D00040F00B810023CDE90833B8F81430B5EB86
:1036E000C30F4FEAC30703D300200BB0BDE8F08F30
:1036F0002B199F42D8F80C303ABF7F1BFFB22746E8
:103700001BB9D8F81030002B7AD0272D4ED8C5F130
:103710002806B7424FF000032CBFF6B23E46009396
:103720002946D8F8080008AB3246FFF733FCA7EB70
:10373000060A35445FFA8AFAB8F8143003F10053E8
:10374000053BDB000493D8F80C3003932821039B3E
:1037500013B1BAF1000F2CD1D8F8100040B1BAF172
:10376000000F05D0009608AB5246691AFFF712FC0D
:1037700038B2002FB8D066070AD00AAB03EBD401E9
:10378000624211F8083C02F00702134101F8083CBC
:10379000082C3CD9102C40F2B580202C40F2B78088
:1037A000BBF1000F00F09C80082334E0BA460026ED
:1037B000C2E7049BE02B28BFE02306930B44AB42F7
:1037C000059314D95A1B03980096924534BF52466C
:1037D000D2B2691A08AB04300792FFF7DBFB079AF5
:1037E0001644AAEB020A1544F6B25FFA8AFA049B61
:1037F000069A05999B1A0493039B1B680393A6E7FB
:103800000093D8F8080008AB3A462946AEE7BBF16A
:10381000000F13D00123B4EBC30F6CD0082C12D8C7
:103820009DF82030621E23FA02F2D50706D54FF02C
:10383000FF3202FA04F423438DF820309DF8203043
:1038400089F8003051E7102C12D8BDF82030621EE4
:1038500023FA02F2D10706D54FF0FF3202FA04F440
:103860002343ADF82030BDF82030A9F800303CE704
:10387000202C0FD80899631E21FA03F3DA0705D527
:103880004FF0FF3202FA04F40C430894089BC9F885
:1038900000302AE7402C2BD0DDE90865611EC4F119
:1038A0002102A4F1210326FA01F105FA02F225FA18
:1038B00003F311431943CB0712D50122A4F12003CE
:1038C000C4F1200102FA03F322FA01F1A2405242AC
:1038D00043EA010363EB430332432B43CDE908235F
:1038E000DDE90823C9E90023FFE66FF00100FCE6EB
:1038F0006FF00800F9E6082CA0D9102CB3D9202CC1
:10390000EED8C3E7BBF1000FADD0022383E7BBF1D4
:10391000000FBBD004237EE730B5012A144638BF20
:103920000124402C85B028BF40240025012ACDE980
:10393000025518D81B788DF8083063070AD004ABFD
:1039400003EBD405624215F8083C02F007029340ED
:1039500005F8083C009103462246002102A8FFF723
:1039600019FB05B030BD082AE4D9102A03D81B88FA
:10397000ADF80830E1E7202A8DBFD3E900231B68AA
:103980000293CDE90223D8E710B5CB681BB98B6051
:103990000B618B8210BD04691A681C600361C38AC5
:1039A000013BC382CA60F0E703064CBFC0F3C030DE
:1039B0000220704708B50246FFF7F6FF022806D13D
:1039C0005306C2F30F2001D100F0030008BDC2F37B
:1039D0000740FBE72DE9F04F93B0CDE903230A68D8
:1039E00004461046FFF7E0FF022814BFC2F3062684
:1039F0000026002A0D46824680F2F78112F0C04967
:103A000040F0F381097B002900F0EF81022803D008
:103A10002378B34240F0EC81C2F30463069310466E
:103A200002F07F030593FFF7C5FF059B29444FEA8A
:103A3000834848EA0A4848EA4668CE7800230022CC
:103A4000CDE90823F309834648EA0008029367D0CA
:103A5000059B009302466768534608A92046B8476D
:103A6000002800F0C881276A4FB9414604F10C00D4
:103A7000FFF7F4FA074690B96FF0020054E03B6993
:103A800098450DD03F68002FF9D1414604F10C0054
:103A9000FFF7E4FA07460028EED0236A3B6027626E
:103AA00097F817C006F01F08CCF3840CACEB0800A5
:103AB0001FFA80FE0028B8BF0EF12000A8EB0C030F
:103AC0001FFA83FED7E90221B8BF00B2002B07938B
:103AD000BEBF0EF120031BB2079352EA010338D098
:103AE000039BDFF824E39A1A049B4FF0000C63EB6E
:103AF000010196457CEB01032BD36B7B97F81AE011
:103B0000734519D1029B002B78D0012821DC7868FD
:103B1000F8B9DFF8F0C2944570EB010316D337E033
:103B2000276A27B96FF00C0013B0BDE8F08F3B692E
:103B30009845B5D03F68F4E7B24890427CEB01036A
:103B400001D30020F0E7029B002BFAD0079B0F2B3C
:103B500017DCFA7DB30002F0030203F07C03134389
:103B6000FB7539462046FFF7F9FA6B7BBB76029B63
:103B70003BB9FB7DC3F38402013262F38603FB751C
:103B8000D0E76A7BBB7E9A42DBD1029B002B35D00B
:103B9000B309022B32D0039BBB60049BFB60142251
:103BA00000210DA8FDF78CFE039B0A93049B0B9349
:103BB0002B1D0C932B7BADF83EB0013BDBB2ADF877
:103BC0003C30069B8DF84230059B8DF8433094F8CD
:103BD0002C308DF840A083F001038DF844308DF82F
:103BE0004180A3680AA920469847FB7DC3F384035C
:103BF000013303F01F039B02FB82A2E7FB7DC6F3A8
:103C00004012B2EBD31F40F0F980C3F38403434565
:103C100040F0FC80029A2B7BB609002A52D016F0A5
:103C2000010661D1032B40F2F480039BBB60049B2F
:103C3000FB60FB8A66F30903FB822B7BAE1D033B13
:103C4000DBB23246394604F10C00FFF799FA00283E
:103C50000CDA39462046FFF781FAFB7DC3F3840373
:103C6000013303F01F039B02FB8205E7DDE90884B3
:103C7000AB883B834FF6FF73C9F12000A9F1200206
:103C800028FA09F104FA00F0014324FA02F2114380
:103C90001846C9B2FFF7B6F909F10809B9F1400FA2
:103CA0000346E9D1B8822A7B033AD2B23146FFF704
:103CB000BBF9FB7DB882DA43C2F3C01262F3C713CB
:103CC000FB753EE786B92E1D013BDBB23246394615
:103CD00004F10C00FFF754FA0028BADB2A7BB88AFB
:103CE000013AD2B23146E2E7F98AC1F30901013B58
:103CF0000429DAB25BD8281D002307F11B069A427B
:103D000008D910F801CB06F801C0013101330529AB
:103D1000DBB2F4D103990A9104990B91934207F114
:103D20001B010C9138BF043379680D9134BF55FAEB
:103D300083F300230E93FB8AADF83EB0C3F309036F
:103D40001A44069B8DF84230059B8DF8433094F859
:103D50002C30ADF83C2083F001038DF84430002373
:103D60008DF840A08DF841807B602A7BB88A013AAB
:103D7000291DFFF759F93B8BB882834203D1A36811
:103D80000AA92046984720460AA9FFF7FDFDFB7DBA
:103D9000BA8AC3F38403013303F01F039B02FB823F
:103DA0003B8B9A420CBF00206FF01000BCE67B6892
:103DB000002BAFD0052001E01C3033461E68002EDA
:103DC000FAD1091A081D2E1D184401EB090CBCF18B
:103DD0001B0F5FFA89F39DD89A429BD916F8013BD5
:103DE00000F8013B09F10109EFE76FF009009BE6DC
:103DF0006FF00A0098E66FF00B0095E66FF00D008B
:103E000092E600BF40420F0080841E006FF00E005B
:103E10008AE66FF00F0087E6EFF3098305494A6BE6
:103E200022F001024A63683383F30988002383F395
:103E30001188704700EF00E0302080F3118862B6EF
:103E40000C4B0D4AD96821F4E0610904090C0A43BE
:103E5000DA60D3F8FC20094942F08072C3F8FC20F4
:103E60000A6842F001020A602022DA7783F8220011
:103E7000704700BF00ED00E00003FA05001000E00D
:103E800010B5302383F311880E4B5B6813F4006385
:103E900014D0F1EE103AEFF30984683C4FF08073D0
:103EA000E361094BDB6B236684F3098800F044FD72
:103EB00010B1064BA36110BD054BFBE783F31188DE
:103EC000F9E700BF00ED00E000EF00E03F0300086D
:103ED0004203000800F1604303F561430901C9B2E0
:103EE00083F80013012200F01F039A4043099B004E
:103EF00003F1604303F56143C3F880211A60704702
:103F0000026843681143016003B11847704700001D
:103F1000143002F0E5BA00004FF0FF33143002F025
:103F2000DFBA0000383002F05BBB00004FF0FF3317
:103F3000383002F055BB0000143002F0ABBA00007C
:103F40004FF0FF31143002F0A5BA0000383002F013
:103F500005BB00004FF0FF32383002F0FFBA00001E
:103F6000012914BF6FF013000020704701F03EBF1D
:103F700037B515460E4A026000224260C0E90222AF
:103F80000122044602740B46009000F15C014FF4DC
:103F90008072143002F054FA00942B464FF4807271
:103FA00004F5AE7104F1380002F0CCFA03B030BD74
:103FB000B06E000810B53023044683F3118801F079
:103FC0003BFF02232374002080F3118810BD000002
:103FD00038B5C36904460D461BB904210844FFF7F0
:103FE0008FFF294604F1140002F038FA002806DA9F
:103FF000201D4FF40061BDE83840FFF781BF38BD98
:10400000026843681143016003B11847704700001C
:1040100013B5446BD4F894341A681178042915D177
:10402000217C022912D11979128901238B40134274
:104030000CD101A904F14C0002F0D6F8D4F8944454
:10404000019B21790246206800F0D6F902B010BD2C
:10405000143002F059B800004FF0FF33143002F072
:1040600053B800004C3002F02BB900004FF0FF3382
:104070004C3002F025B90000143002F027B80000DF
:104080004FF0FF31143002F021B800004C3002F044
:10409000F7B800004FF0FF324C3002F0F1B80000EA
:1040A0000020704710B5D0F894341A6811780429AC
:1040B000044617D1017C022914D159795289012370
:1040C0008B4013420ED1143001F0BAFF024648B1C2
:1040D000D4F894444FF4807361792068BDE81040AF
:1040E00000F078B910BD0000406BFFF7DBBF0000A7
:1040F000704700007FB5124B036000234360C0E9A6
:104100000233012502260F4B0574044602900193E9
:1041100000F18402294600964FF48073143001F0B8
:104120006BFF094B0294CDE9006304F523724FF451
:104130008073294604F14C0002F032F804B070BDDF
:10414000D86E0008E9400008114000080B683022D2
:1041500082F311880A7903EB820210624A790D32E8
:1041600043F822008A7912B103EB8203186202231A
:10417000C0F894140374002080F311887047000085
:1041800038B5037F044613B190F85430ABB9201D05
:1041900001250221FFF734FF04F1140025776FF0A9
:1041A000010100F081FC84F8545004F14C006FF0E0
:1041B0000101BDE8384000F077BC38BD10B50121E1
:1041C00004460430FFF71CFF0023237784F85430A3
:1041D00010BD000038B504460025143001F024FF5E
:1041E00004F14C00257701F0F3FF201D84F85450B2
:1041F0000121FFF705FF2046BDE83840FFF752BF19
:1042000090F85C3003F06003202B07D190F85D201C
:10421000212A4FF0000303D81F2A06D80020704738
:10422000222AFBD1C0E9143303E0034A02650722C6
:1042300042658365012070472423002037B5D0F8FC
:1042400094341A681178042904461AD1017C022991
:1042500017D11979128901238B40134211D100F132
:104260004C05284602F074F858B101A9284601F01F
:10427000BBFFD4F89444019B21790246206800F0EA
:10428000BBF803B030BD0000F0B500EB810385B092
:104290001E6A04460D46FEB1302383F3118804EBF9
:1042A0008507301D0821FFF7ABFEFB685B691B68C3
:1042B00006F14C001BB1019001F0A4FF019803A985
:1042C00001F092FF024648B1039B2946204600F0C8
:1042D00093F8002383F3118805B0F0BDFB685A6999
:1042E0001268002AF5D01B8A013B1340F1D104F17A
:1042F0005C02EAE70D3138B550F82140DCB13023DB
:1043000083F31188D4F894241368527903EB820361
:10431000DB689B695D6845B104216018FFF770FE9A
:10432000294604F1140001F095FE2046FFF7BAFE7D
:10433000002383F3118838BD7047000001F0D8B81E
:1043400010B501230446282200F8243B0021FDF784
:10435000B7FA0023C4E9013310BD000038B50446A4
:10436000302383F311880025C0E90355C0E90555C2
:10437000C0E90755416001F0CBF80223237085F3B3
:104380001188284638BD000070B500EB8103054652
:104390005069DA600E46144618B110220021FDF76C
:1043A0008FFAA06918B110220021FDF789FA314671
:1043B0002846BDE8704001F075B90000826802F03F
:1043C000011282600022C0E90422C0E906220262D2
:1043D00001F0F4B9F0B400EB81044789E4680125E9
:1043E000A4698D403D43458123600023A260636042
:1043F000F0BC01F00FBA0000F0B400EB81040789B3
:10440000E468012564698D403D43058123600023F4
:10441000A2606360F0BC01F089BA000070B50223AD
:10442000002504460370C0E90255C0E90455C0E9FF
:1044300006554566056280F84C5001F0CFF8636878
:104440001B6823B129462046BDE87040184770BD5F
:104450000378052B10B504460AD080F86830052390
:10446000037043681B680BB1042198470023A360C5
:1044700010BD00000178052906D190F86820436836
:1044800002701B6803B118477047000070B590F8C0
:104490004C30044613B1002380F84C3004F15C0228
:1044A000204601F0ADF963689B68B3B994F85C30BD
:1044B00013F0600535D00021204601F061FC002199
:1044C000204601F053FC63681B6813B106212046A7
:1044D0009847062384F84C3070BD20469847002842
:1044E000E4D0B4F86230626D9A4288BF636594F993
:1044F0005C30656D002B4FF0300380F20381002D9E
:1045000000F0F280092284F84C2083F31188002106
:10451000D4E914232046FFF76FFF002383F31188AB
:10452000DAE794F85D2003F07F0343EA022340F2C8
:104530000232934200F0C58021D8B3F5807F48D085
:104540000DD8012B3FD0022B00F09380002BB2D16D
:1045500004F16402226502226265A365C1E7B3F536
:10456000817F00F09B80B3F5407FA4D194F85E304A
:10457000012BA0D1B4F8643043F0020332E0B3F56C
:10458000006F4DD017D8B3F5A06F31D0A3F5C0633D
:10459000012B90D8636894F85E205E6894F85F10F1
:1045A000B4F860302046B047002884D043682365C3
:1045B000036863651AE0B3F5106F36D040F6024227
:1045C00093427FF478AF5C4B23650223636500233D
:1045D000C3E794F85E30012B7FF46DAFB4F864301C
:1045E00023F00203C4E91455A4F86430A56578E704
:1045F000B4F85C30B3F5A06F0ED194F85E3084F857
:104600006630204601F042F863681B6813B101214F
:1046100020469847032323700023C4E914339CE702
:1046200004F1670323650123C3E72378042B10D12A
:10463000302383F311882046FFF7C0FE85F31188ED
:104640000321636884F8675021701B680BB1204612
:10465000984794F85E30002BDED084F8673004234E
:10466000237063681B68002BD6D002212046984730
:10467000D2E794F860301D0603F00F0120460AD5FA
:1046800001F0B0F8012804D002287FF414AF2B4BBE
:104690009AE72B4B98E701F097F8F3E794F85E3030
:1046A000002B7FF408AF94F8603013F00F01B3D003
:1046B0001A06204602D501F077FBADE701F06AFB50
:1046C000AAE794F85E30002B7FF4F5AE94F86030E2
:1046D00013F00F01A0D01B06204602D501F050FBBD
:1046E0009AE701F043FB97E7142284F84C2083F308
:1046F00011882B462A4629462046FFF76BFE85F394
:104700001188E9E65DB1152284F84C2083F3118805
:104710000021D4E914232046FFF75CFEFDE60B22BE
:1047200084F84C2083F311882B462A4629462046DC
:10473000FFF762FEE3E700BF086F0008006F0008A4
:10474000046F000838B590F84C300446002B3ED07A
:10475000063BDAB20F2A34D80F2B32D8DFE803F049
:10476000373131082232313131313131313137375E
:10477000456DB0F862309D4214D2C3681B8AB5FB08
:10478000F3F203FB12556DB9302383F311882B46E6
:104790002A462946FFF730FE85F311880A2384F85C
:1047A0004C300EE0142384F84C30302383F311880E
:1047B00000231A4619462046FFF70CFE002383F318
:1047C000118838BD836D03B198470023E7E70021C6
:1047D000204601F0D5FA0021204601F0C7FA6368AF
:1047E0001B6813B10621204698470623D7E700002F
:1047F00010B590F84C30142B044629D017D8062B4E
:1048000005D001D81BB110BD093B022BFBD80021FC
:10481000204601F0B5FA0021204601F0A7FA6368AE
:104820001B6813B1062120469847062319E0152B73
:10483000E9D10B2380F84C30302383F31188002317
:104840001A461946FFF7D8FD002383F31188DAE7EB
:10485000C3689B695B68002BD5D1836D03B1984712
:10486000002384F84C30CEE7002303758268036987
:104870001B6899689142FBD25A68036042601060DD
:104880005860704700230375826803691B68996844
:104890009142FBD85A6803604260106058607047CC
:1048A00008B50846302383F311880B7D032B05D010
:1048B000042B0DD02BB983F3118808BD8B6900221E
:1048C0001A604FF0FF338361FFF7CEFF0023F2E75A
:1048D000D1E9003213605A60F3E70000FFF7C4BF6C
:1048E000054BD9680875186802681A605360012280
:1048F0000275D860FBF70EBDA84B002030B50C4BFD
:10490000DD684B1C87B004460FD02B46094A684629
:1049100000F05EF92046FFF7E3FF009B13B1684605
:1049200000F060F9A86907B030BDFFF7D9FFF9E7DB
:10493000A84B0020A1480008044B1A68DB68906867
:104940009B68984294BF002001207047A84B00202C
:10495000084B10B51C68D86822681A6053600122A1
:104960002275DC60FFF78EFF01462046BDE810404F
:10497000FBF7D0BCA84B002038B5074C07490848C6
:10498000012300252370656001F076FE0223237069
:1049900085F3118838BD00BF104E0020106F00084D
:1049A000A84B002008B572B6044B186500F048FC0F
:1049B00000F0F0FC024B03221A70FEE7A84B002027
:1049C000104E002000F044B9034A516853685B1A46
:1049D0009842FBD8704700BF001000E08B600223B4
:1049E00008618B82084670478368A3F1840243F80C
:1049F000142C026943F8442C426943F8402C094ABC
:104A000043F8242CC26843F8182C022203F80C2C1B
:104A1000002203F80B2C044A43F8102CA3F12000C9
:104A2000704700BF2D030008A84B002008B5FFF712
:104A3000DBFFBDE80840FFF751BF0000024BDB6819
:104A400098610F20FFF74CBFA84B0020302383F361
:104A50001188FFF7F3BF000008B50146302383F348
:104A600011880820FFF74AFF002383F3118808BD4F
:104A7000064BDB6839B1426818605A6013604360C6
:104A80000420FFF73BBF4FF0FF307047A84B0020DA
:104A90000368984206D01A6802605060996118460F
:104AA000FFF71CBF7047000038B504460D4620686C
:104AB000844200D138BD036823605C608561FFF7E4
:104AC0000DFFF4E710B503689C68A2420CD85C683F
:104AD0008A600B604C602160596099688A1A9A60FC
:104AE0004FF0FF33836010BD1B68121BECE7000022
:104AF0000A2938BF0A2170B504460D460A266019F6
:104B000001F0B4FD01F0A0FD041BA54203D8751C03
:104B10002E460446F3E70A2E04D9BDE87040012072
:104B200001F0EABD70BD0000F8B5144B0D46D96127
:104B300003F1100141600A2A1969826038BF0A2214
:104B4000016048601861A818144601F081FD0A2729
:104B500001F07AFD431BA342064606D37C1C2819AC
:104B600001F084FD27463546F2E70A2F04D9BDE857
:104B7000F840012001F0C0BDF8BD00BFA84B0020E7
:104B8000F8B506460D4601F05FFD0F4A134653F88F
:104B9000107F9F4206D12A4601463046BDE8F840C4
:104BA000FFF7C2BFD169BB68441A2C1928BF2C4635
:104BB000A34202D92946FFF79BFF2246314603480C
:104BC000BDE8F840FFF77EBFA84B0020B84B00209F
:104BD00010B4C0E9032300235DF8044B4361FFF7E1
:104BE000CFBF000010B5194C236998420DD0D0E911
:104BF0000032816813605A609A680A449A60002300
:104C000003604FF0FF33A36110BD2346026843F8F1
:104C1000102F53600022026022699A4203D1BDE83E
:104C2000104001F01DBD936881680B44936001F052
:104C30000BFD2269E1699268441AA242E4D9114449
:104C4000BDE81040091AFFF753BF00BFA84B002072
:104C50002DE9F047DFF8BC8008F110072C4ED8F89A
:104C6000105001F0F1FCD8F81C40AA68031B9A42CE
:104C70003ED81444D5E900324FF00009C8F81C4072
:104C800013605A60C5F80090D8F81030B34201D1D3
:104C900001F0E6FC89F31188D5E9033128469847ED
:104CA000302383F311886B69002BD8D001F0CCFC42
:104CB0006A69A0EB04094A4582460DD2022001F040
:104CC0001BFD0022D8F81030B34208D151462846C7
:104CD000BDE8F047FFF728BF121A2244F2E712EBB3
:104CE000090938BF4A4629463846FFF7EBFEB5E7C3
:104CF000D8F81030B34208D01444211AC8F81C0068
:104D0000A960BDE8F047FFF7F3BEBDE8F08700BF3C
:104D1000B84B0020A84B002038B501F095FC054A9F
:104D2000D2E90845031B181945F10001C2E9080141
:104D300038BD00BFA84B002000207047FEE70000F0
:104D4000704700004FF0FF307047000002290CD080
:104D5000032904D00129074818BF00207047032AFF
:104D600005D8054800EBC200704704487047002092
:104D7000704700BFE86F0008342300209C6F0008D4
:104D800070B59AB00546084601A9144600F0C2F86D
:104D900001A8FCF78DFD431C5B00C5E9003400222F
:104DA000237003236370C6B201AB02341046D1B244
:104DB0008E4204F1020401D81AB070BD13F8011B31
:104DC00004F8021C04F8010C0132F0E708B53023A6
:104DD00083F311880348FFF731FA002383F3118826
:104DE00008BD00BF184E002090F85C3003F01F0291
:104DF000012A07D190F85D200B2A03D10023C0E9D6
:104E0000143315E003F06003202B08D1B0F86030B4
:104E10002BB990F85D20212A03D81F2A04D8FFF768
:104E2000EFB9222AEBD0FAE7034A0265072242656E
:104E300083650120704700BF2B23002007B505299B
:104E400017D8DFE801F0191603191920302383F36E
:104E50001188104A01900121FFF796FA01980E4A35
:104E60000221FFF791FA0D48FFF7B4F9002383F30D
:104E7000118803B05DF804FB302383F311880748E1
:104E8000FFF77EF9F2E7302383F311880348FFF739
:104E900095F9EBE73C6F0008606F0008184E0020A2
:104EA00038B50C4D0C4C0D492A4604F10800FFF7AB
:104EB00067FF05F1CA0204F110000949FFF760FF1E
:104EC00005F5CA7204F118000649BDE83840FFF73D
:104ED00057BF00BFE0520020342300201C6F0008A1
:104EE000266F0008316F000870B5044608460D466D
:104EF000FCF7DEFCC6B22046013403780BB9184635
:104F000070BD32462946FCF7BFFC0028F3D10120D2
:104F1000F6E700002DE9F84F05460C46FCF7C8FC03
:104F20002B49C6B22846FFF7DFFF08B10436F6B2B8
:104F300028492846FFF7D8FF08B11036F6B2632E8D
:104F40000DD8DFF88C90DFF88CA0DFF89480DFF8C4
:104F500094B0214F2E7846B92670BDE8F88F2946C7
:104F60002046BDE8F84F01F01DBF252E2CD10722A9
:104F700049462846FCF788FC50B93B6823607B68AB
:104F800063603B892381BB7AA37207350B34E1E769
:104F9000082251462846FCF777FCA8B90F4BA21C03
:104FA00019780909023211F8081002F8041C13F8E4
:104FB000011B01F00F015B4511F8081002F8031CFA
:104FC000EED118340835C5E704F8016B0135C1E7A7
:104FD00008700008316F0008C26D0008107AFF1FCA
:104FE000107000081C7AFF1FBFF34F8F024AD3686E
:104FF000DB03FCD4704700BF003C024008B5094BFE
:105000001B7873B9FFF7F0FF074B1A69002ABFBF7F
:10501000064A5A6002F188325A601A6822F48062A5
:105020001A6008BD3E550020003C02402301674540
:1050300008B50B4B1B7893B9FFF7D6FF094B1A69DC
:1050400042F000421A611A6842F480521A601A68EB
:1050500022F480521A601A6842F480621A6008BD15
:105060003E550020003C02400728F0B516D80C4CF5
:105070000C4923787BB90C4D0E4608234FF0006293
:1050800055F8047B46F8042B013B13F0FF033A4428
:10509000F6D10123237051F82000F0BD0020FCE779
:1050A000605500204055002024700008014B53F843
:1050B000200070472470000808207047072810B5AA
:1050C000044601D9002010BDFFF7CEFF064B53F870
:1050D00024301844C21A0BB90120F4E712680132D7
:1050E000F0D1043BF6E700BF24700008072810B594
:1050F000044621D8FFF778FFFFF780FF0F4AF3231C
:10510000D360C300DBB243F4007343F002031361C6
:10511000136943F480331361FFF766FFFFF7A4FFC1
:10512000074B53F8241000F031F9FFF781FF2046B8
:10513000BDE81040FFF7C2BF002010BD003C024098
:1051400024700008F8B512F00103144642D1851806
:105150002E4A954257D82E4B1B6813F0010352D0AC
:105160002C4DFFF74BFFF323EB60FFF73DFF40F2C1
:105170000127032C15D824F001046618254C401A89
:1051800040F20117B142236900EB010524D123F05D
:1051900001032361FFF74CFF0120F8BD043C0430FC
:1051A000E7E78307E7D12B6923F440732B612B6971
:1051B0003B432B6151F8046B0660BFF34F8FFFF741
:1051C00013FF03689E42E9D02B6923F001032B6192
:1051D000FFF72EFF0020E0E723F4407323612369EB
:1051E0003B4323610B882B80BFF34F8FFFF7FCFEFF
:1051F0002D8831F8023BADB2AB42C3D0236923F016
:1052000001032361E4E71846C7E700BF0000080870
:1052100000380240003C0240084908B50B7828B12C
:105220001BB9FFF7EBFE01230B7008BD002BFCD070
:10523000BDE808400870FFF7FBBE00BF3E550020E8
:105240000149024800F0A4B800FF0300000100205B
:105250000846114601F056BD084601F069BD000040
:1052600038B5EFF311859DB9EFF30584C4F3080455
:10527000302334B183F31188FFF74EFD85F3118895
:1052800038BD83F31188FFF747FD84F3118838BDDB
:10529000BDE83840FFF740BD38B5FFF7E1FF114CDE
:1052A000114AC00840EA4170A0FB025EC908A0FB99
:1052B000040C1CEB050CA1FB04404FF000035B4108
:1052C000A1FB02121CEB040C43EB000011EB0E01DE
:1052D00042F10002411842F10000090941EA007060
:1052E00038BD00BFCFF753E3A59BC42010B50244DF
:1052F000064BD2B2904200D110BD441C00B253F80C
:10530000200041F8040BE0B2F4E700BF5028004051
:105310000F4B30B51C6F240407D41C6F44F4007489
:105320001C671C6F44F400441C670A4C236843F458
:10533000807323600244084BD2B2904200D130BD4A
:10534000441C00B251F8045B43F82050E0B2F4E78B
:1053500000380240007000405028004007B501228C
:1053600001A90020FFF7C2FF019803B05DF804FB1C
:1053700013B50446FFF7F2FFA04205D0012201A9B0
:1053800000200194FFF7C4FF02B010BD7047000079
:105390007047000070470000074B45F255521A60F5
:1053A00003225A6040F2FF729A604CF6CC421A60B7
:1053B000024B01221A7070470030004068550020EF
:1053C000034B1B781BB1034B4AF6AA221A607047A5
:1053D0006855002000300040034B1A681AB9034A90
:1053E000D2F874281A6070476455002000300240DB
:1053F000024B4FF08072C3F87428704700300240AF
:1054000008B5FFF7E9FF024B1868C0F3407008BD0C
:105410006455002008B5FFF7DFFF024B1868C0F3A2
:10542000007008BD64550020CAB201460120FFF794
:105430006FBF0000CAB201460120FFF757BF00004E
:1054400070470000FEE700000A4B0B480B4A9042F1
:105450000BD30B4BDA1C121AC11E22F003028B4233
:1054600038BF00220021FCF72BBA53F8041B40F888
:10547000041BECE730720008545B0020545B0020F2
:10548000545B002070B5D0E91B439E6800224FF0AA
:10549000FF3504EB42135101D3F800090028BEBFC9
:1054A000D3F8000940F08040C3F80009D3F8000B9E
:1054B0000028BEBFD3F8000B40F08040C3F8000BBB
:1054C000013263189642C3F80859C3F8085BE0D26A
:1054D0004FF00113C4F81C3870BD0000890141F081
:1054E0002001016103699B06FCD41220FFF76CBA0E
:1054F00010B5054C2046FEF723FF4FF0A043E366AE
:10550000024B236710BD00BF6C5500206870000877
:1055100070B50378012B054650D12A4BC46E9842D2
:105520001BD1294B5A6B42F080025A635A6D42F0EC
:1055300080025A655A6D5A6942F080025A615A696E
:1055400022F080025A610E2143205B69FEF7C2FC03
:105550001E4BE3601E4BC4F800380023C4F8003E25
:10556000C0232360EE6E4FF40413A3633369002B52
:10557000FCDA012333610C20FFF726FA3369DB07DD
:10558000FCD41220FFF720FA3369002BFCDA002646
:10559000A6602846FFF776FF6B68C4F81068DB68E2
:1055A000C4F81468C4F81C684BB90A4BA3614FF0E7
:1055B000FF336361A36843F00103A36070BD064B32
:1055C000F4E700BF6C550020003802404014004052
:1055D00003002002003C30C0083C30C0F8B5C46E67
:1055E000054600212046FFF779FF296F00234FF081
:1055F00001128F68C4F834384FF00066C4F81C28D4
:105600004FF0FF3004EB431201339F42C2F80069B0
:10561000C2F8006BC2F80809C2F8080BF2D20B6896
:10562000EA6E6B67636210231361166916F0100649
:10563000FBD11220FFF7C8F9D4F8003823F4FE6339
:10564000C4F80038A36943F4402343F01003A36176
:105650000923C4F81038C4F814380A4BEB604FF033
:10566000C043C4F8103B084BC4F8003BC4F81069B1
:10567000C4F800396B6F03F1100243F480136A67BA
:10568000A362F8BD4470000840800010C26E90F81C
:105690006610D2F8003823F4FE6343EA0113C2F81F
:1056A000003870472DE9F84300EB8103C56EDA68D6
:1056B000166806F00306731E022B05EB41130C4619
:1056C00080460FFA81F94FEA41104FF00001C3F80C
:1056D000101B4FF0010104F1100398BFB60401FA4A
:1056E00003F391698EBF334E06F1805606F50046EE
:1056F00000293AD0578A04F15801490137436F50C5
:10570000D5F81C180B43C5F81C382B180021C3F81A
:10571000101953690127611EA7409BB3138A928B0E
:105720009B08012A88BF5343D8F87420981842EA8E
:10573000034301F1400205EB8202C8F874002146E0
:1057400053602846FFF7CAFE08EB8900C3681B8A2E
:1057500043EA8453483464011E432E51D5F81C3863
:105760001F43C5F81C78BDE8F88305EB4917D7F847
:10577000001B21F40041C7F8001BD5F81C1821EAD2
:105780000303C0E704F13F0305EB83030A4A5A60B1
:1057900028462146FFF7A2FE05EB4910D0F8003954
:1057A00023F40043C0F80039D5F81C3823EA070772
:1057B000D7E700BF0080001000040002026F1268EB
:1057C0004267FFF75FBE00005831C36E49015B5866
:1057D00013F4004004D013F4001F0CBF022001207A
:1057E000704700004831C36E49015B5813F4004014
:1057F00004D013F4001F0CBF0220012070470000EA
:1058000000EB8101CB68196A0B6813604B68536029
:105810007047000000EB810330B5DD68AA691368AA
:10582000D36019B9402B84BF402313606B8A14687E
:10583000C26E1C44013CB4FBF3F46343033323F016
:10584000030302EB411043EAC44343F0C043C0F8F2
:10585000103B2B6803F00303012B09B20ED1D2F8E1
:10586000083802EB411013F4807FD0F8003B14BFDE
:1058700043F0805343F00053C0F8003B02EB411269
:10588000D2F8003B43F00443C2F8003B30BD0000B7
:105890002DE9F041244DEE6E06EB40130446D3F89B
:1058A000087BC3F8087B38070AD5D6F814381907DF
:1058B00006D505EB84032146DB6828465B689847DC
:1058C000FA071FD5D6F81438DB071BD505EB840380
:1058D000D968CCB98B69488A5A68B2FBF0F600FBEC
:1058E00016228AB91868DA6890420DD2121AC3E9F2
:1058F0000024302383F311880B482146FFF78AFFE9
:1059000084F31188BDE8F081012303FA04F26B8966
:1059100023EA02036B81CB68002BF3D021460248B7
:10592000BDE8F041184700BF6C55002000EB810333
:1059300070B5DD68C36E6C692668E6604A0156BBC7
:105940001A444FF40020C2F810092A6802F003023A
:10595000012A0AB20ED1D3F8080803EB421410F45E
:10596000807FD4F8000914BF40F0805040F0005010
:10597000C4F8000903EB4212D2F8000940F00440D9
:10598000C2F80009D3F83408012202FA01F10143F8
:10599000C3F8341870BD19B9402E84BF4020206070
:1059A00020682E8A8419013CB4FBF6F440EAC44016
:1059B00040F000501A44C6E72DE9F8433B4DEE6E27
:1059C00006EB40130446D3F80889C3F8088918F099
:1059D000010F4FEA40171AD0D6F81038DB0716D55A
:1059E00005EB8003D9684B691868DA68904230D2B9
:1059F000121A4FF000091A60C3F80490302383F3A1
:105A0000118821462846FFF791FF89F3118818F085
:105A1000800F1CD0D6F834380126A640334216D069
:105A200005EB8403ED6ED3F80CC0DCF814200134D0
:105A3000E4B2D2F800E005EB04342F44516871451C
:105A400015D3D5F8343823EA0606C5F83468BDE81E
:105A5000F883012303FA04F22B8923EA02032B8142
:105A60008B68002BD3D0214628469847CFE7BCF857
:105A70001000AEEB0103834228BF0346D7F8180994
:105A800080B2B3EB800FE2D89068A0F1040959F816
:105A9000048FC4F80080A0EB09089844B8F1040F03
:105AA000F5D818440B4490605360C7E76C5500204C
:105AB0002DE9F74FAC4CE56E6E69AB691E4016F4EC
:105AC00080586E6107D02046FEF7A8FC03B0BDE801
:105AD000F04FFEF7D5B9002E12DAD5F8003EA248F5
:105AE0009B071EBFD5F8003E23F00303C5F8003E18
:105AF000D5F8043823F00103C5F80438FEF7BAFCE2
:105B0000370505D59848FFF7BDFC9748FEF7A0FC80
:105B1000B0040CD5D5F8083813F0060FEB6823F461
:105B200070530CBF43F4105343F4A053EB603107A0
:105B30001BD56368DB681BB9AB6923F00803AB6155
:105B40002378052B0CD1D5F8003E87489A071EBF55
:105B5000D5F8003E23F00303C5F8003EFEF78AFCAB
:105B60006368DB680BB180489847F30200F18980D5
:105B7000B70227D5D4F86C90DFF8ECB100274FF0CE
:105B8000010A09EB4712D2F8003B03F44023B3F5B6
:105B9000802F11D1D2F8003B002B0DDA62890AFA6E
:105BA00007F322EA0303638104EB8703DB68DB6806
:105BB00013B1394658469847236F01379B68FFB2A7
:105BC0009F42DED9F00617D5E76E3A6AC2F30A1093
:105BD00002F00F0302F4F012B2F5802F00F099806A
:105BE000B2F5402F08D104EB83030022DB681B6A67
:105BF00007F5805790427ED13303D5F818481DD55C
:105C0000E70302D50020FFF743FEA50302D50120DC
:105C1000FFF73EFE600302D50220FFF739FE2103A5
:105C200002D50320FFF734FEE20202D50420FFF77D
:105C30002FFEA30202D50520FFF72AFE77037FF58A
:105C400045AFE60702D50020FFF7B6FEA50702D54F
:105C50000120FFF7B1FE600702D50220FFF7ACFE7E
:105C6000210702D50320FFF7A7FEE20602D5042094
:105C7000FFF7A2FEA3067FF529AF0520FFF79CFEE4
:105C800024E7E36EDFF8E0A0019300274FF001095D
:105C9000236F9B685FFA87FB9B453FF669AF019BCB
:105CA00003EB4B13D3F8001901F44021B1F5802F19
:105CB0001FD1D3F8001900291BDAD3F8001941F0DD
:105CC0009041C3F80019D3F800190029FBDB5946AD
:105CD000E06EFFF703FC218909FA0BF321EA0303C5
:105CE000238104EB8B03DB689B6813B15946504654
:105CF00098470137CCE7910708BFD7F80080072AFB
:105D000098BF03F8018B02F1010298BF4FEA1828EF
:105D100070E7023304EB830207F580575268D2F82C
:105D200018C0DCF80820DCE9001CA1EB0C0C0021F9
:105D300088420AD104EB830463689B699A68024431
:105D40009A605A6802445A6056E711F0030F08BF80
:105D5000D7F800808C4588BF02F8018B01F1010162
:105D600088BF4FEA1828E3E76C550020C36E03EBA9
:105D70004111D1F8003B43F40013C1F8003B7047D8
:105D8000C36E03EB4111D1F8003943F40013C1F89D
:105D900000397047C36E03EB4111D1F8003B23F487
:105DA0000013C1F8003B7047C36E03EB4111D1F8FB
:105DB000003923F40013C1F80039704702684368C2
:105DC0001143016003B1184770470000024AD368CD
:105DD00043F0C003D360704700100140024AD3680B
:105DE00043F0C003D36070470044004010B50A4C34
:105DF0000A4A20460021FEF7BBF8094B094AC4E9CC
:105E00009723094C094A00212046FEF7B1F80849BA
:105E1000084BC4E9971310BDFC550020CD5D000868
:105E200080F0FA020010014068580020DD5D000893
:105E30000044004040787D012A4A037C002918BFB5
:105E40000A46012B30B5C0F868220CD1264B984287
:105E500039D1264B596C41F010015964596E41F00B
:105E6000100159665B6EB2F904501468D0F86032C4
:105E7000D0F85C12002D03EB5403B3FBF4F3BEBF68
:105E800023F0070503F0070343EA450394888B607A
:105E9000D38843F040030B61138943F001034B6146
:105EA00044F4045343F02C03CB6004F4A0540023C7
:105EB0000B60B4F5806F0B684B680CBF7F23FF232A
:105EC00080F8643230BD0A4B9842CCD1074B196C34
:105ED00041F400311964196E41F4003119661B6EEA
:105EE000C1E700BF74700008FC5500200038024074
:105EF000685800202DE9F041D0F85C62F7683368FB
:105F0000DA0504469DB20DD5302383F311884FF492
:105F100080610430FFF752FF6FF480733360002319
:105F200083F31188302383F3118804F1040815F0FA
:105F30002F033AD183F31188380615D5290613D5D6
:105F4000302383F3118804F1380000F02FFB002880
:105F50004EDA0821201DFFF731FF4FF67F733B40DB
:105F6000F360002383F311887A0616D56B0614D5E7
:105F7000302383F31188D4E913239A420AD1236C86
:105F800043B127F040073F041021201D3F0CFFF7CD
:105F900015FFF760002383F31188D4F86822D368D3
:105FA00043B3BDE8F041106918472B0714D015F032
:105FB000080F0CBF00214FF48071E80748BF41F083
:105FC0002001AA0748BF41F040016B0748BF41F0DC
:105FD00080014046FFF7F2FEAD06736805D594F8E0
:105FE000641220461940FDF7F3FF3568ADB29EE715
:105FF0007060B6E7BDE8F08130B5039C01720433F0
:1060000004FB0325C0E90653049B03630021059BA1
:10601000C160C0E90000C0E90422C0E90842C0E94B
:106020000A11436330BD0000416A0022C0E9041137
:10603000C0E90A22C2606FF00101FEF735BD000021
:10604000D0E90432934201D1C2680AB9181D7047E1
:106050000020704703691960C2680132C260C269DA
:10606000134482690361934224BF436A03610021A0
:10607000FEF70EBD38B504460D46E3683BB16269D4
:10608000131D1268A3621344E362002007E0237A21
:1060900033B929462046FEF7EBFC0028EDDA38BD7F
:1060A0006FF00100FBE70000C368C269013BC360F9
:1060B0004369134482694361934224BF436A436145
:1060C00000238362036B03B11847704770B5302318
:1060D000044683F31188866A3EB9FFF7CBFF054675
:1060E00018B186F31188284670BDA36AE26A13F8D6
:1060F000015BA362934202D32046FFF7D5FF002342
:1061000083F31188EFE700002DE9F84F04460E46AF
:10611000174698464FF0300989F311880025AA46A2
:10612000D4F828B0BBF1000F09D141462046FFF753
:10613000A1FF20B18BF311882846BDE8F88FD4E980
:106140000A12A7EB050B521A934528BF9346BBF1E1
:10615000400F1BD9334601F1400251F8040B43F8BC
:10616000040B9142F9D1A36A40334036A362403513
:10617000D4E90A239A4202D32046FFF795FF8AF317
:106180001188BD42D8D289F31188C9E730465A46F2
:10619000FBF770FBA36A5B445E44A3625D44E7E7E0
:1061A00010B5029C0172043303FB0421C0E90613FD
:1061B0000023C0E90A33039B0363049BC460C0E966
:1061C0000000C0E90422C0E90842436310BD00009A
:1061D000026AC260426AC0E904220022C0E90A22BF
:1061E0006FF00101FEF760BCD0E904239A4201D1AF
:1061F000C26822B9184650F8043B0B607047002370
:106200001846FAE7C368C2690133C360436913449F
:1062100082694361934224BF436A43610021FEF7D0
:1062200037BC000038B504460D46E3683BB123692E
:106230001A1DA262E2691344E362002007E0237A98
:1062400033B929462046FEF713FC0028EDDA38BDA5
:106250006FF00100FBE7000003691960C268013AB2
:10626000C260C269134482690361934224BF436AD6
:10627000036100238362036B03B11847704700007A
:1062800070B530230D460446114683F31188866AA3
:106290002EB9FFF7C7FF10B186F3118870BDA36A4E
:1062A0001D70A36AE26A01339342A36204D3E169D9
:1062B00020460439FFF7D0FF002080F31188EDE776
:1062C0002DE9F84F04460D46904699464FF0300AA6
:1062D0008AF311880026B346A76A4FB9494620467B
:1062E000FFF7A0FF20B187F311883046BDE8F88F93
:1062F000D4E90A073A1AA8EB0607974228BF1746BF
:10630000402F1BD905F1400355F8042B40F8042B0E
:106310009D42F9D1A36A4033A3624036D4E90A23EF
:106320009A4204D3E16920460439FFF795FF8BF3C5
:1063300011884645D9D28AF31188CDE729463A46D5
:10634000FBF798FAA36A3B443D44A3623E44E5E769
:10635000D0E904239A4217D1C3689BB1836A8BB1F9
:10636000043B9B1A0ED01360C368013BC360C36932
:106370001A44836902619A4224BF436A036100237D
:1063800083620123184670470023FBE7F8B51546E2
:1063900082680669AA420B46816938BF8568761A09
:1063A000B54204460BD218462A46FBF763FAA369A6
:1063B0002B44A361A3685B1BA3602846F8BD0CD9DE
:1063C00018463246FBF756FAAF1BE1683A463044AE
:1063D000FBF750FAE3683B44EBE718462A46FBF725
:1063E00049FAE368E5E7000083689342F7B515468C
:1063F000044638BF8568D0E90460361AB5420BD22E
:106400002A46FBF737FA63692B446361A368284681
:106410005B1BA36003B0F0BD0DD932460191FBF7C1
:1064200029FA0199E068AF1B3A463144FBF722FA9A
:10643000E3683B44E9E72A46FBF71CFAE368E4E734
:1064400010B50A440024C361029B8460C0E90000C7
:10645000C0E90511C1600261036210BD08B5D0E951
:106460000532934201D1826882B98268013282602A
:106470005A1C42611970D0E904329A4224BFC368A1
:1064800043610021FEF704FB002008BD4FF0FF3000
:10649000FBE7000070B5302304460E4683F31188F5
:1064A000A568A5B1A368A269013BA360531CA361C1
:1064B00015782269934224BFE368A361E3690BB1B5
:1064C00020469847002383F31188284607E0314689
:1064D0002046FEF7CDFA0028E2DA85F3118870BD78
:1064E0002DE9F74F04460E4617469846D0F81C9003
:1064F0004FF0300A8AF311884FF0000B154665B152
:106500002A4631462046FFF741FF034660B941461F
:106510002046FEF7ADFA0028F1D0002383F311885E
:10652000781B03B0BDE8F08FB9F1000F03D00190E4
:106530002046C847019B8BF31188ED1A1E448AF34D
:106540001188DCE7C0E90511C160C3611144009BFB
:106550008260C0E90000016103627047F8B504463B
:106560000D461646302383F31188A768A7B1A368A8
:10657000013BA36063695A1C62611D70D4E9043257
:106580009A4224BFE3686361E3690BB120469847F0
:10659000002080F3118807E031462046FEF768FAB4
:1065A0000028E2DA87F31188F8BD0000D0E905235E
:1065B0009A4210B501D182687AB98268013282604C
:1065C0005A1C82611C7803699A4224BFC3688361A4
:1065D0000021FEF75DFA204610BD4FF0FF30FBE7CB
:1065E0002DE9F74F04460E4617469846D0F81C9002
:1065F0004FF0300A8AF311884FF0000B154665B151
:106600002A4631462046FFF7EFFE034660B9414671
:106610002046FEF72DFA0028F1D0002383F31188DD
:10662000781B03B0BDE8F08FB9F1000F03D00190E3
:106630002046C847019B8BF31188ED1A1E448AF34C
:106640001188DCE700F01AB94FF08043586A7047B0
:106650004FF08043002258631A610222DA607047CB
:106660004FF080430022DA60704700004FF0804313
:1066700058637047FEE7000070B51B4B01630025AF
:10668000044686B0586085620E46FDF7D5FB04F1DE
:106690001003C4E904334FF0FF33C4E90635C4E9FD
:1066A0000044A560E562FFF7CFFF2B460246C4E930
:1066B000082304F134010D4A256580232046FEF7A6
:1066C0008DF90123E0600A4A037500927268019215
:1066D000B268CDE90223074B6846CDE90435FEF7E1
:1066E000A5F906B070BD00BF104E002088700008EC
:1066F0008D70000875660008024AD36A1843D0629C
:10670000704700BFA84B00204B6843608B688360D4
:10671000CB68C3600B6943614B6903628B69436259
:106720000B6803607047000010B594B0132101A8F6
:10673000FEF780FE9DF84F20424B002A44D01A6C91
:1067400042F080521A64404A1B6C136843F4807311
:1067500013600024132101A88DF84F40FEF764FE5A
:1067600072B64FF0E0234FF0FF321C615C619C6118
:10677000A30003F1604303F561430134082CC3F81F
:106780008020C3F88021F3D162B62E4B5A6C42F4BC
:1067900080425A642D4A5B6C136823F0030343F074
:1067A000010313602A4A2B4B9360BFF34F8FBFF353
:1067B0006F8F1A6882F30888002282F31488BFF36F
:1067C0006F8F5B689847FEE71A692349234842F0B8
:1067D000FF021A611A6922F0FF021A611A691A6B24
:1067E00042F0FF021A631A6D42F0FF021A651B6D38
:1067F000FFF78AFF1C3100F58060FFF785FF1C3131
:1068000000F58060FFF780FF1C3100F58060FFF726
:106810007BFF1C3100F58060FFF776FF1C3100F52F
:106820008060FFF771FF1C3100F58060FFF76CFF9F
:106830001C3100F58060FFF767FF14B0BDE8104021
:1068400000F096B800380240007000400038014067
:1068500000ED00E00000FF1F9470000800000240FF
:1068600008B500F029FAFEF787F8FEF7B5FDBDE898
:106870000840FEF715BB0000704700000F4B1A6C74
:1068800042F001021A641A6E42F001021A660C4AC2
:106890001B6E936843F0010393604FF080433122F5
:1068A0009A624FF0FF32DA6200229A615A63DA602C
:1068B0005A6001225A611A60704700BF00380240D6
:1068C000002004E04FF0804208B51169D3680B4006
:1068D000D9B2C9439B07116107D5302383F31188CF
:1068E000FEF770F8002383F3118808BD1E4B1A6968
:1068F00062F0FF021A611A69D2B21A614FF0FF30DA
:106900001A695A69586100215A6959615A691A6AA3
:1069100062F080521A621A6A02F080521A621A6A8F
:106920005A6A58625A6A59625A6A1A6C42F080521C
:106930001A641A6E42F080521A661A6E0B4A106878
:1069400040F480701060186F00F44070B0F5007F64
:106950001EBF4FF4803018671967536823F4007323
:10696000536000F07DB900BF003802400070004065
:106970003B4B3C4A1A643C4A4FF4404111601A6850
:1069800042F001021A601A689007FCD59A6822F05A
:1069900003029A60324B9A6812F00C02FBD119681C
:1069A00001F0F90119609A601A6842F480321A60A5
:1069B0001A689103FCD55A6F42F001025A67284BBE
:1069C0005A6F9207FCD5294A5A601A6842F08072C1
:1069D0001A60254A53685804FCD5214B1A68910166
:1069E000FCD5234AC3F884201A6842F080621A60FA
:1069F0001A681201FCD51F4A9A600322C3F88C2042
:106A00004FF00062C3F894201B4B1A681B4B9A424C
:106A10001B4B21D11B4A11681B4A91421CD140F2E9
:106A200003121A60164A136803F00F03032BFAD1FE
:106A30000B4B9A6842F002029A609A6802F00C02CC
:106A4000082AFAD15A6C42F480425A645A6E42F4CF
:106A500080425A665B6E704740F20372E1E700BF06
:106A60000038024000040010007000400819400285
:106A70001030002400948838002004E011640020C5
:106A8000003C024000ED00E041C20F41074A08B55A
:106A9000536903F00103536123B1054A13680BB135
:106AA00050689847BDE80840FDF7EAB9003C01404E
:106AB000D45A0020074A08B5536903F00203536112
:106AC00023B1054A93680BB1D0689847BDE80840E8
:106AD000FDF7D6B9003C0140D45A0020074A08B55A
:106AE000536903F00403536123B1054A13690BB1E1
:106AF00050699847BDE80840FDF7C2B9003C014025
:106B0000D45A0020074A08B5536903F008035361BB
:106B100023B1054A93690BB1D0699847BDE8084095
:106B2000FDF7AEB9003C0140D45A0020074A08B531
:106B3000536903F01003536123B1054A136A0BB183
:106B4000506A9847BDE80840FDF79AB9003C0140FB
:106B5000D45A0020164B10B55C6904F478725A615F
:106B6000A30604D5134A936A0BB1D06A984760060E
:106B700004D5104A136B0BB1506B9847210604D50E
:106B80000C4A936B0BB1D06B9847E20504D5094AC8
:106B9000136C0BB1506C9847A30504D5054A936C50
:106BA0000BB1D06C9847BDE81040FDF769B900BF44
:106BB000003C0140D45A0020194B10B55C6904F424
:106BC0007C425A61620504D5164A136D0BB1506DB3
:106BD0009847230504D5134A936D0BB1D06D9847A0
:106BE000E00404D50F4A136E0BB1506E9847A10410
:106BF00004D50C4A936E0BB1D06E9847620404D54D
:106C0000084A136F0BB1506F9847230404D5054A07
:106C1000936F0BB1D06F9847BDE81040FDF730B9C6
:106C2000003C0140D45A002008B50348FFF762F940
:106C3000BDE80840FDF724B9FC55002008B503481D
:106C4000FFF758F9BDE80840FDF71AB96858002069
:106C500008B5FFF737FEBDE80840FDF711B90000A1
:106C6000062108B50846FDF735F906210720FDF78E
:106C700031F906210820FDF72DF906210920FDF73D
:106C800029F906210A20FDF725F906211720FDF72D
:106C900021F906212820FDF71DF907211C20FDF709
:106CA00019F90C212520FDF715F9BDE808400C2144
:106CB0002620FDF70FB9000008B5FFF717FE00F01A
:106CC0000DF8FDF753F9FDF739FBFDF711FAFFF762
:106CD000D3FDBDE80840FFF7B5BC00000023054A1E
:106CE00019460133102BC2E9001102F10802F8D154
:106CF000704700BFD45A00200B460146184600F0EA
:106D000009B80000024B0A4601461868FEF7A0BA0F
:106D10005423002010B5054C13462CB10A460146F9
:106D20000220AFF3008010BD2046FCE70000000009
:106D3000024B01461868FEF78FBA00BF54230020AB
:106D400010B501390244904201D1002005E00378DA
:106D500011F8014FA34201D0181B10BD0130F2E71A
:106D60002DE9F041A3B1C91A17780144044603F193
:106D7000FF3C8C42204601D9002009E00578BD4245
:106D800004F10104F5D10CEB0405D618A54201D19C
:106D9000BDE8F08115F8018D16F801EDF045F5D04C
:106DA000E7E70000034611F8012B03F8012B002A46
:106DB000F9D170476F72672E6172647570696C6F7C
:106DC000742E41502D52544B5F5832304400000015
:106DD00053544D3332463F3F3F0053544D333246B8
:106DE0003430780053544D333246343278005354A3
:106DF0004D333246343436585800000001203300F9
:106E00000010410001105A00031059000710310012
:106E100000000000D06D000813040000DA6D0008C7
:106E200019040000E46D000821040000EE6D000864
:106E300040A2E4F1646891060041A3E5F26569921D
:106E4000070000004261642043414E49666163656A
:106E500020696E6465782E008000000000800000CC
:106E60000000800000000000000000006D2200080B
:106E7000B12A00080D2A0008AD220008B922000836
:106E8000C52400087D2200088D2200088122000808
:106E90008922000885220008E123000891220008C9
:106EA000E12D0008852D0008A1220008B523000867
:106EB000000000002D3F0008193F0008553F000862
:106EC000413F00084D3F0008393F0008253F0008BA
:106ED000113F0008613F0008000000006D400008FD
:106EE0005940000895400008814000088D40000886
:106EF000794000086540000851400008A1400008A2
:106F000000000000010000000000000063300000ED
:106F10000C6F0008004C0020104E00204172647578
:106F200050696C6F740025424F415244252D424CEC
:106F3000002553455249414C250000000200000045
:106F40000000000089420008F542000840004000AF
:106F5000B0520020C05200200200000000000000DB
:106F6000030000000000000039430008000000009A
:106F700010000000D05200200000000001000000BE
:106F8000000000006C550020010102003D4E000889
:106F90004D4D0008E94D0008CD4D000843000000AC
:106FA000A46F000809024300020100C03209040076
:106FB0000001020201000524001001052401000166
:106FC000042402020524060001070582030800FFCD
:106FD00009040100020A0000000705010240000048
:106FE000070581024000000012000000F06F000859
:106FF0001201100102000040091241570002010273
:10700000030100000403090425424F4152442500B6
:1070100030313233343536373839414243444546CE
:1070200000000000004000000040000000400000A0
:10703000004000000000010000000200000002000B
:1070400000000200000000008D44000845470008D1
:10705000F147000840004000E4550020E4550020BE
:1070600001000000F45500208000000040010000F5
:107070000500000000960000000000000000000075
:1070800000000000000000006D61696E0069646C22
:1070900065000000A000802A00000000AAAAAAAA99
:1070A00050000024FFFF00000077000000A00A004D
:1070B00001A00A0000000000AAAAAAAA80500000AD
:1070C000FEFF0000000000778800000000000000C4
:1070D00000000000AAAAAAAA00000000FFFF00000A
:1070E00000000000000000000000000000000000A0
:1070F000AAAAAAAA00000000FFFF000000000000EA
:10710000000000000000000000000000AAAAAAAAD7
:1071100000000000FFFF0000000000000000000071
:107120000000000000000000AAAAAAAA00000000B7
:10713000FFFF000000000000000000000000000051
:1071400000000000AAAAAAAA00000000FFFF000099
:10715000000000000000000000000000000000002F
:107160000A00000000000000030000000000000012
:1071700000000000000000003D18000000000000BA
:10718000000007000000000040420F00FE2A01003E
:10719000D2040000FF000000184E002000960000FE
:1071A0000000080096000000000800000400000035
:1071B0000470000800000000000000000000000053
:1071C0000000000000000000000000005823002024
:1071D00000000000000000000000000000000000AF
:1071E000000000000000000000000000000000009F
:1071F000000000000000000000000000000000008F
:10720000000000000000000000000000000000007E
:10721000000000000000000000000000000000006E
:10722000000000000000000000000000000000005E
:10723000FFFFFFFFFFFFFFFFFFFFFFFFFFFFFFFF5E
:10724000FFFFFFFFFFFFFFFFFFFFFFFFFFFFFFFF4E
:10725000FFFFFFFFFFFFFFFFFFFFFFFFFFFFFFFF3E
:10726000FFFFFFFFFFFFFFFFFFFFFFFFFFFFFFFF2E
:10727000FFFFFFFFFFFFFFFFFFFFFFFFFFFFFFFF1E
:10728000FFFFFFFFFFFFFFFFFFFFFFFFFFFFFFFF0E
:10729000FFFFFFFFFFFFFFFFFFFFFFFFFFFFFFFFFE
:1072A000FFFFFFFFFFFFFFFFFFFFFFFFFFFFFFFFEE
:1072B000FFFFFFFFFFFFFFFFFFFFFFFFFFFFFFFFDE
:1072C000FFFFFFFFFFFFFFFFFFFFFFFFFFFFFFFFCE
:1072D000FFFFFFFFFFFFFFFFFFFFFFFFFFFFFFFFBE
:1072E000FFFFFFFFFFFFFFFFFFFFFFFFFFFFFFFFAE
:1072F000FFFFFFFFFFFFFFFFFFFFFFFFFFFFFFFF9E
:10730000FFFFFFFFFFFFFFFFFFFFFFFFFFFFFFFF8D
:10731000FFFFFFFFFFFFFFFFFFFFFFFFFFFFFFFF7D
:10732000FFFFFFFFFFFFFFFFFFFFFFFFFFFFFFFF6D
:10733000FFFFFFFFFFFFFFFFFFFFFFFFFFFFFFFF5D
:10734000FFFFFFFFFFFFFFFFFFFFFFFFFFFFFFFF4D
:10735000FFFFFFFFFFFFFFFFFFFFFFFFFFFFFFFF3D
:10736000FFFFFFFFFFFFFFFFFFFFFFFFFFFFFFFF2D
:10737000FFFFFFFFFFFFFFFFFFFFFFFFFFFFFFFF1D
:10738000FFFFFFFFFFFFFFFFFFFFFFFFFFFFFFFF0D
:10739000FFFFFFFFFFFFFFFFFFFFFFFFFFFFFFFFFD
:1073A000FFFFFFFFFFFFFFFFFFFFFFFFFFFFFFFFED
:1073B000FFFFFFFFFFFFFFFFFFFFFFFFFFFFFFFFDD
:1073C000FFFFFFFFFFFFFFFFFFFFFFFFFFFFFFFFCD
:1073D000FFFFFFFFFFFFFFFFFFFFFFFFFFFFFFFFBD
:1073E000FFFFFFFFFFFFFFFFFFFFFFFFFFFFFFFFAD
:1073F000FFFFFFFFFFFFFFFFFFFFFFFFFFFFFFFF9D
:10740000FFFFFFFFFFFFFFFFFFFFFFFFFFFFFFFF8C
:10741000FFFFFFFFFFFFFFFFFFFFFFFFFFFFFFFF7C
:10742000FFFFFFFFFFFFFFFFFFFFFFFFFFFFFFFF6C
:10743000FFFFFFFFFFFFFFFFFFFFFFFFFFFFFFFF5C
:10744000FFFFFFFFFFFFFFFFFFFFFFFFFFFFFFFF4C
:10745000FFFFFFFFFFFFFFFFFFFFFFFFFFFFFFFF3C
:10746000FFFFFFFFFFFFFFFFFFFFFFFFFFFFFFFF2C
:10747000FFFFFFFFFFFFFFFFFFFFFFFFFFFFFFFF1C
:10748000FFFFFFFFFFFFFFFFFFFFFFFFFFFFFFFF0C
:10749000FFFFFFFFFFFFFFFFFFFFFFFFFFFFFFFFFC
:1074A000FFFFFFFFFFFFFFFFFFFFFFFFFFFFFFFFEC
:1074B000FFFFFFFFFFFFFFFFFFFFFFFFFFFFFFFFDC
:1074C000FFFFFFFFFFFFFFFFFFFFFFFFFFFFFFFFCC
:1074D000FFFFFFFFFFFFFFFFFFFFFFFFFFFFFFFFBC
:1074E000FFFFFFFFFFFFFFFFFFFFFFFFFFFFFFFFAC
:1074F000FFFFFFFFFFFFFFFFFFFFFFFFFFFFFFFF9C
:10750000FFFFFFFFFFFFFFFFFFFFFFFFFFFFFFFF8B
:10751000FFFFFFFFFFFFFFFFFFFFFFFFFFFFFFFF7B
:10752000FFFFFFFFFFFFFFFFFFFFFFFFFFFFFFFF6B
:10753000FFFFFFFFFFFFFFFFFFFFFFFFFFFFFFFF5B
:10754000FFFFFFFFFFFFFFFFFFFFFFFFFFFFFFFF4B
:10755000FFFFFFFFFFFFFFFFFFFFFFFFFFFFFFFF3B
:10756000FFFFFFFFFFFFFFFFFFFFFFFFFFFFFFFF2B
:10757000FFFFFFFFFFFFFFFFFFFFFFFFFFFFFFFF1B
:10758000FFFFFFFFFFFFFFFFFFFFFFFFFFFFFFFF0B
:10759000FFFFFFFFFFFFFFFFFFFFFFFFFFFFFFFFFB
:1075A000FFFFFFFFFFFFFFFFFFFFFFFFFFFFFFFFEB
:1075B000FFFFFFFFFFFFFFFFFFFFFFFFFFFFFFFFDB
:1075C000FFFFFFFFFFFFFFFFFFFFFFFFFFFFFFFFCB
:1075D000FFFFFFFFFFFFFFFFFFFFFFFFFFFFFFFFBB
:1075E000FFFFFFFFFFFFFFFFFFFFFFFFFFFFFFFFAB
:1075F000FFFFFFFFFFFFFFFFFFFFFFFFFFFFFFFF9B
:10760000FFFFFFFFFFFFFFFFFFFFFFFFFFFFFFFF8A
:10761000FFFFFFFFFFFFFFFFFFFFFFFFFFFFFFFF7A
:10762000FFFFFFFFFFFFFFFFFFFFFFFFFFFFFFFF6A
:10763000FFFFFFFFFFFFFFFFFFFFFFFFFFFFFFFF5A
:10764000FFFFFFFFFFFFFFFFFFFFFFFFFFFFFFFF4A
:10765000FFFFFFFFFFFFFFFFFFFFFFFFFFFFFFFF3A
:10766000FFFFFFFFFFFFFFFFFFFFFFFFFFFFFFFF2A
:10767000FFFFFFFFFFFFFFFFFFFFFFFFFFFFFFFF1A
:10768000FFFFFFFFFFFFFFFFFFFFFFFFFFFFFFFF0A
:10769000FFFFFFFFFFFFFFFFFFFFFFFFFFFFFFFFFA
:1076A000FFFFFFFFFFFFFFFFFFFFFFFFFFFFFFFFEA
:1076B000FFFFFFFFFFFFFFFFFFFFFFFFFFFFFFFFDA
:1076C000FFFFFFFFFFFFFFFFFFFFFFFFFFFFFFFFCA
:1076D000FFFFFFFFFFFFFFFFFFFFFFFFFFFFFFFFBA
:1076E000FFFFFFFFFFFFFFFFFFFFFFFFFFFFFFFFAA
:1076F000FFFFFFFFFFFFFFFFFFFFFFFFFFFFFFFF9A
:10770000FFFFFFFFFFFFFFFFFFFFFFFFFFFFFFFF89
:10771000FFFFFFFFFFFFFFFFFFFFFFFFFFFFFFFF79
:10772000FFFFFFFFFFFFFFFFFFFFFFFFFFFFFFFF69
:10773000FFFFFFFFFFFFFFFFFFFFFFFFFFFFFFFF59
:10774000FFFFFFFFFFFFFFFFFFFFFFFFFFFFFFFF49
:10775000FFFFFFFFFFFFFFFFFFFFFFFFFFFFFFFF39
:10776000FFFFFFFFFFFFFFFFFFFFFFFFFFFFFFFF29
:10777000FFFFFFFFFFFFFFFFFFFFFFFFFFFFFFFF19
:10778000FFFFFFFFFFFFFFFFFFFFFFFFFFFFFFFF09
:10779000FFFFFFFFFFFFFFFFFFFFFFFFFFFFFFFFF9
:1077A000FFFFFFFFFFFFFFFFFFFFFFFFFFFFFFFFE9
:1077B000FFFFFFFFFFFFFFFFFFFFFFFFFFFFFFFFD9
:1077C000FFFFFFFFFFFFFFFFFFFFFFFFFFFFFFFFC9
:1077D000FFFFFFFFFFFFFFFFFFFFFFFFFFFFFFFFB9
:1077E000FFFFFFFFFFFFFFFFFFFFFFFFFFFFFFFFA9
:1077F000FFFFFFFFFFFFFFFFFFFFFFFFFFFFFFFF99
:10780000FFFFFFFFFFFFFFFFFFFFFFFFFFFFFFFF88
:10781000FFFFFFFFFFFFFFFFFFFFFFFFFFFFFFFF78
:10782000FFFFFFFFFFFFFFFFFFFFFFFFFFFFFFFF68
:10783000FFFFFFFFFFFFFFFFFFFFFFFFFFFFFFFF58
:10784000FFFFFFFFFFFFFFFFFFFFFFFFFFFFFFFF48
:10785000FFFFFFFFFFFFFFFFFFFFFFFFFFFFFFFF38
:10786000FFFFFFFFFFFFFFFFFFFFFFFFFFFFFFFF28
:10787000FFFFFFFFFFFFFFFFFFFFFFFFFFFFFFFF18
:10788000FFFFFFFFFFFFFFFFFFFFFFFFFFFFFFFF08
:10789000FFFFFFFFFFFFFFFFFFFFFFFFFFFFFFFFF8
:1078A000FFFFFFFFFFFFFFFFFFFFFFFFFFFFFFFFE8
:1078B000FFFFFFFFFFFFFFFFFFFFFFFFFFFFFFFFD8
:1078C000FFFFFFFFFFFFFFFFFFFFFFFFFFFFFFFFC8
:1078D000FFFFFFFFFFFFFFFFFFFFFFFFFFFFFFFFB8
:1078E000FFFFFFFFFFFFFFFFFFFFFFFFFFFFFFFFA8
:1078F000FFFFFFFFFFFFFFFFFFFFFFFFFFFFFFFF98
:10790000FFFFFFFFFFFFFFFFFFFFFFFFFFFFFFFF87
:10791000FFFFFFFFFFFFFFFFFFFFFFFFFFFFFFFF77
:10792000FFFFFFFFFFFFFFFFFFFFFFFFFFFFFFFF67
:10793000FFFFFFFFFFFFFFFFFFFFFFFFFFFFFFFF57
:10794000FFFFFFFFFFFFFFFFFFFFFFFFFFFFFFFF47
:10795000FFFFFFFFFFFFFFFFFFFFFFFFFFFFFFFF37
:10796000FFFFFFFFFFFFFFFFFFFFFFFFFFFFFFFF27
:10797000FFFFFFFFFFFFFFFFFFFFFFFFFFFFFFFF17
:10798000FFFFFFFFFFFFFFFFFFFFFFFFFFFFFFFF07
:10799000FFFFFFFFFFFFFFFFFFFFFFFFFFFFFFFFF7
:1079A000FFFFFFFFFFFFFFFFFFFFFFFFFFFFFFFFE7
:1079B000FFFFFFFFFFFFFFFFFFFFFFFFFFFFFFFFD7
:1079C000FFFFFFFFFFFFFFFFFFFFFFFFFFFFFFFFC7
:1079D000FFFFFFFFFFFFFFFFFFFFFFFFFFFFFFFFB7
:1079E000FFFFFFFFFFFFFFFFFFFFFFFFFFFFFFFFA7
:1079F000FFFFFFFFFFFFFFFFFFFFFFFFFFFFFFFF97
:107A0000FFFFFFFFFFFFFFFFFFFFFFFFFFFFFFFF86
:107A1000FFFFFFFFFFFFFFFFFFFFFFFFFFFFFFFF76
:107A2000FFFFFFFFFFFFFFFFFFFFFFFFFFFFFFFF66
:107A3000FFFFFFFFFFFFFFFFFFFFFFFFFFFFFFFF56
:107A4000FFFFFFFFFFFFFFFFFFFFFFFFFFFFFFFF46
:107A5000FFFFFFFFFFFFFFFFFFFFFFFFFFFFFFFF36
:107A6000FFFFFFFFFFFFFFFFFFFFFFFFFFFFFFFF26
:107A7000FFFFFFFFFFFFFFFFFFFFFFFFFFFFFFFF16
:107A8000FFFFFFFFFFFFFFFFFFFFFFFFFFFFFFFF06
:107A9000FFFFFFFFFFFFFFFFFFFFFFFFFFFFFFFFF6
:107AA000FFFFFFFFFFFFFFFFFFFFFFFFFFFFFFFFE6
:107AB000FFFFFFFFFFFFFFFFFFFFFFFFFFFFFFFFD6
:107AC000FFFFFFFFFFFFFFFFFFFFFFFFFFFFFFFFC6
:107AD000FFFFFFFFFFFFFFFFFFFFFFFFFFFFFFFFB6
:107AE000FFFFFFFFFFFFFFFFFFFFFFFFFFFFFFFFA6
:107AF000FFFFFFFFFFFFFFFFFFFFFFFFFFFFFFFF96
:107B0000FFFFFFFFFFFFFFFFFFFFFFFFFFFFFFFF85
:107B1000FFFFFFFFFFFFFFFFFFFFFFFFFFFFFFFF75
:107B2000FFFFFFFFFFFFFFFFFFFFFFFFFFFFFFFF65
:107B3000FFFFFFFFFFFFFFFFFFFFFFFFFFFFFFFF55
:107B4000FFFFFFFFFFFFFFFFFFFFFFFFFFFFFFFF45
:107B5000FFFFFFFFFFFFFFFFFFFFFFFFFFFFFFFF35
:107B6000FFFFFFFFFFFFFFFFFFFFFFFFFFFFFFFF25
:107B7000FFFFFFFFFFFFFFFFFFFFFFFFFFFFFFFF15
:107B8000FFFFFFFFFFFFFFFFFFFFFFFFFFFFFFFF05
:107B9000FFFFFFFFFFFFFFFFFFFFFFFFFFFFFFFFF5
:107BA000FFFFFFFFFFFFFFFFFFFFFFFFFFFFFFFFE5
:107BB000FFFFFFFFFFFFFFFFFFFFFFFFFFFFFFFFD5
:107BC000FFFFFFFFFFFFFFFFFFFFFFFFFFFFFFFFC5
:107BD000FFFFFFFFFFFFFFFFFFFFFFFFFFFFFFFFB5
:107BE000FFFFFFFFFFFFFFFFFFFFFFFFFFFFFFFFA5
:107BF000FFFFFFFFFFFFFFFFFFFFFFFFFFFFFFFF95
:107C0000FFFFFFFFFFFFFFFFFFFFFFFFFFFFFFFF84
:107C1000FFFFFFFFFFFFFFFFFFFFFFFFFFFFFFFF74
:107C2000FFFFFFFFFFFFFFFFFFFFFFFFFFFFFFFF64
:107C3000FFFFFFFFFFFFFFFFFFFFFFFFFFFFFFFF54
:107C4000FFFFFFFFFFFFFFFFFFFFFFFFFFFFFFFF44
:107C5000FFFFFFFFFFFFFFFFFFFFFFFFFFFFFFFF34
:107C6000FFFFFFFFFFFFFFFFFFFFFFFFFFFFFFFF24
:107C7000FFFFFFFFFFFFFFFFFFFFFFFFFFFFFFFF14
:107C8000FFFFFFFFFFFFFFFFFFFFFFFFFFFFFFFF04
:107C9000FFFFFFFFFFFFFFFFFFFFFFFFFFFFFFFFF4
:107CA000FFFFFFFFFFFFFFFFFFFFFFFFFFFFFFFFE4
:107CB000FFFFFFFFFFFFFFFFFFFFFFFFFFFFFFFFD4
:107CC000FFFFFFFFFFFFFFFFFFFFFFFFFFFFFFFFC4
:107CD000FFFFFFFFFFFFFFFFFFFFFFFFFFFFFFFFB4
:107CE000FFFFFFFFFFFFFFFFFFFFFFFFFFFFFFFFA4
:107CF000FFFFFFFFFFFFFFFFFFFFFFFFFFFFFFFF94
:107D0000FFFFFFFFFFFFFFFFFFFFFFFFFFFFFFFF83
:107D1000FFFFFFFFFFFFFFFFFFFFFFFFFFFFFFFF73
:107D2000FFFFFFFFFFFFFFFFFFFFFFFFFFFFFFFF63
:107D3000FFFFFFFFFFFFFFFFFFFFFFFFFFFFFFFF53
:107D4000FFFFFFFFFFFFFFFFFFFFFFFFFFFFFFFF43
:107D5000FFFFFFFFFFFFFFFFFFFFFFFFFFFFFFFF33
:107D6000FFFFFFFFFFFFFFFFFFFFFFFFFFFFFFFF23
:107D7000FFFFFFFFFFFFFFFFFFFFFFFFFFFFFFFF13
:107D8000FFFFFFFFFFFFFFFFFFFFFFFFFFFFFFFF03
:107D9000FFFFFFFFFFFFFFFFFFFFFFFFFFFFFFFFF3
:107DA000FFFFFFFFFFFFFFFFFFFFFFFFFFFFFFFFE3
:107DB000FFFFFFFFFFFFFFFFFFFFFFFFFFFFFFFFD3
:107DC000FFFFFFFFFFFFFFFFFFFFFFFFFFFFFFFFC3
:107DD000FFFFFFFFFFFFFFFFFFFFFFFFFFFFFFFFB3
:107DE000FFFFFFFFFFFFFFFFFFFFFFFFFFFFFFFFA3
:107DF000FFFFFFFFFFFFFFFFFFFFFFFFFFFFFFFF93
:107E0000FFFFFFFFFFFFFFFFFFFFFFFFFFFFFFFF82
:107E1000FFFFFFFFFFFFFFFFFFFFFFFFFFFFFFFF72
:107E2000FFFFFFFFFFFFFFFFFFFFFFFFFFFFFFFF62
:107E3000FFFFFFFFFFFFFFFFFFFFFFFFFFFFFFFF52
:107E4000FFFFFFFFFFFFFFFFFFFFFFFFFFFFFFFF42
:107E5000FFFFFFFFFFFFFFFFFFFFFFFFFFFFFFFF32
:107E6000FFFFFFFFFFFFFFFFFFFFFFFFFFFFFFFF22
:107E7000FFFFFFFFFFFFFFFFFFFFFFFFFFFFFFFF12
:107E8000FFFFFFFFFFFFFFFFFFFFFFFFFFFFFFFF02
:107E9000FFFFFFFFFFFFFFFFFFFFFFFFFFFFFFFFF2
:107EA000FFFFFFFFFFFFFFFFFFFFFFFFFFFFFFFFE2
:107EB000FFFFFFFFFFFFFFFFFFFFFFFFFFFFFFFFD2
:107EC000FFFFFFFFFFFFFFFFFFFFFFFFFFFFFFFFC2
:107ED000FFFFFFFFFFFFFFFFFFFFFFFFFFFFFFFFB2
:107EE000FFFFFFFFFFFFFFFFFFFFFFFFFFFFFFFFA2
:107EF000FFFFFFFFFFFFFFFFFFFFFFFFFFFFFFFF92
:107F0000FFFFFFFFFFFFFFFFFFFFFFFFFFFFFFFF81
:107F1000FFFFFFFFFFFFFFFFFFFFFFFFFFFFFFFF71
:107F2000FFFFFFFFFFFFFFFFFFFFFFFFFFFFFFFF61
:107F3000FFFFFFFFFFFFFFFFFFFFFFFFFFFFFFFF51
:107F4000FFFFFFFFFFFFFFFFFFFFFFFFFFFFFFFF41
:107F5000FFFFFFFFFFFFFFFFFFFFFFFFFFFFFFFF31
:107F6000FFFFFFFFFFFFFFFFFFFFFFFFFFFFFFFF21
:107F7000FFFFFFFFFFFFFFFFFFFFFFFFFFFFFFFF11
:107F8000FFFFFFFFFFFFFFFFFFFFFFFFFFFFFFFF01
:107F9000FFFFFFFFFFFFFFFFFFFFFFFFFFFFFFFFF1
:107FA000FFFFFFFFFFFFFFFFFFFFFFFFFFFFFFFFE1
:107FB000FFFFFFFFFFFFFFFFFFFFFFFFFFFFFFFFD1
:107FC000FFFFFFFFFFFFFFFFFFFFFFFFFFFFFFFFC1
:107FD000FFFFFFFFFFFFFFFFFFFFFFFFFFFFFFFFB1
:107FE000FFFFFFFFFFFFFFFFFFFFFFFFFFFFFFFFA1
:107FF000FFFFFFFFFFFFFFFFFFFFFFFFFFFFFFFF91
:10800000FFFFFFFFFFFFFFFFFFFFFFFFFFFFFFFF80
:10801000FFFFFFFFFFFFFFFFFFFFFFFFFFFFFFFF70
:10802000FFFFFFFFFFFFFFFFFFFFFFFFFFFFFFFF60
:10803000FFFFFFFFFFFFFFFFFFFFFFFFFFFFFFFF50
:10804000FFFFFFFFFFFFFFFFFFFFFFFFFFFFFFFF40
:10805000FFFFFFFFFFFFFFFFFFFFFFFFFFFFFFFF30
:10806000FFFFFFFFFFFFFFFFFFFFFFFFFFFFFFFF20
:10807000FFFFFFFFFFFFFFFFFFFFFFFFFFFFFFFF10
:10808000FFFFFFFFFFFFFFFFFFFFFFFFFFFFFFFF00
:10809000FFFFFFFFFFFFFFFFFFFFFFFFFFFFFFFFF0
:1080A000FFFFFFFFFFFFFFFFFFFFFFFFFFFFFFFFE0
:1080B000FFFFFFFFFFFFFFFFFFFFFFFFFFFFFFFFD0
:1080C000FFFFFFFFFFFFFFFFFFFFFFFFFFFFFFFFC0
:1080D000FFFFFFFFFFFFFFFFFFFFFFFFFFFFFFFFB0
:1080E000FFFFFFFFFFFFFFFFFFFFFFFFFFFFFFFFA0
:1080F000FFFFFFFFFFFFFFFFFFFFFFFFFFFFFFFF90
:10810000FFFFFFFFFFFFFFFFFFFFFFFFFFFFFFFF7F
:10811000FFFFFFFFFFFFFFFFFFFFFFFFFFFFFFFF6F
:10812000FFFFFFFFFFFFFFFFFFFFFFFFFFFFFFFF5F
:10813000FFFFFFFFFFFFFFFFFFFFFFFFFFFFFFFF4F
:10814000FFFFFFFFFFFFFFFFFFFFFFFFFFFFFFFF3F
:10815000FFFFFFFFFFFFFFFFFFFFFFFFFFFFFFFF2F
:10816000FFFFFFFFFFFFFFFFFFFFFFFFFFFFFFFF1F
:10817000FFFFFFFFFFFFFFFFFFFFFFFFFFFFFFFF0F
:10818000FFFFFFFFFFFFFFFFFFFFFFFFFFFFFFFFFF
:10819000FFFFFFFFFFFFFFFFFFFFFFFFFFFFFFFFEF
:1081A000FFFFFFFFFFFFFFFFFFFFFFFFFFFFFFFFDF
:1081B000FFFFFFFFFFFFFFFFFFFFFFFFFFFFFFFFCF
:1081C000FFFFFFFFFFFFFFFFFFFFFFFFFFFFFFFFBF
:1081D000FFFFFFFFFFFFFFFFFFFFFFFFFFFFFFFFAF
:1081E000FFFFFFFFFFFFFFFFFFFFFFFFFFFFFFFF9F
:1081F000FFFFFFFFFFFFFFFFFFFFFFFFFFFFFFFF8F
:10820000FFFFFFFFFFFFFFFFFFFFFFFFFFFFFFFF7E
:10821000FFFFFFFFFFFFFFFFFFFFFFFFFFFFFFFF6E
:10822000FFFFFFFFFFFFFFFFFFFFFFFFFFFFFFFF5E
:10823000FFFFFFFFFFFFFFFFFFFFFFFFFFFFFFFF4E
:10824000FFFFFFFFFFFFFFFFFFFFFFFFFFFFFFFF3E
:10825000FFFFFFFFFFFFFFFFFFFFFFFFFFFFFFFF2E
:10826000FFFFFFFFFFFFFFFFFFFFFFFFFFFFFFFF1E
:10827000FFFFFFFFFFFFFFFFFFFFFFFFFFFFFFFF0E
:10828000FFFFFFFFFFFFFFFFFFFFFFFFFFFFFFFFFE
:10829000FFFFFFFFFFFFFFFFFFFFFFFFFFFFFFFFEE
:1082A000FFFFFFFFFFFFFFFFFFFFFFFFFFFFFFFFDE
:1082B000FFFFFFFFFFFFFFFFFFFFFFFFFFFFFFFFCE
:1082C000FFFFFFFFFFFFFFFFFFFFFFFFFFFFFFFFBE
:1082D000FFFFFFFFFFFFFFFFFFFFFFFFFFFFFFFFAE
:1082E000FFFFFFFFFFFFFFFFFFFFFFFFFFFFFFFF9E
:1082F000FFFFFFFFFFFFFFFFFFFFFFFFFFFFFFFF8E
:10830000FFFFFFFFFFFFFFFFFFFFFFFFFFFFFFFF7D
:10831000FFFFFFFFFFFFFFFFFFFFFFFFFFFFFFFF6D
:10832000FFFFFFFFFFFFFFFFFFFFFFFFFFFFFFFF5D
:10833000FFFFFFFFFFFFFFFFFFFFFFFFFFFFFFFF4D
:10834000FFFFFFFFFFFFFFFFFFFFFFFFFFFFFFFF3D
:10835000FFFFFFFFFFFFFFFFFFFFFFFFFFFFFFFF2D
:10836000FFFFFFFFFFFFFFFFFFFFFFFFFFFFFFFF1D
:10837000FFFFFFFFFFFFFFFFFFFFFFFFFFFFFFFF0D
:10838000FFFFFFFFFFFFFFFFFFFFFFFFFFFFFFFFFD
:10839000FFFFFFFFFFFFFFFFFFFFFFFFFFFFFFFFED
:1083A000FFFFFFFFFFFFFFFFFFFFFFFFFFFFFFFFDD
:1083B000FFFFFFFFFFFFFFFFFFFFFFFFFFFFFFFFCD
:1083C000FFFFFFFFFFFFFFFFFFFFFFFFFFFFFFFFBD
:1083D000FFFFFFFFFFFFFFFFFFFFFFFFFFFFFFFFAD
:1083E000FFFFFFFFFFFFFFFFFFFFFFFFFFFFFFFF9D
:1083F000FFFFFFFFFFFFFFFFFFFFFFFFFFFFFFFF8D
:10840000FFFFFFFFFFFFFFFFFFFFFFFFFFFFFFFF7C
:10841000FFFFFFFFFFFFFFFFFFFFFFFFFFFFFFFF6C
:10842000FFFFFFFFFFFFFFFFFFFFFFFFFFFFFFFF5C
:10843000FFFFFFFFFFFFFFFFFFFFFFFFFFFFFFFF4C
:10844000FFFFFFFFFFFFFFFFFFFFFFFFFFFFFFFF3C
:10845000FFFFFFFFFFFFFFFFFFFFFFFFFFFFFFFF2C
:10846000FFFFFFFFFFFFFFFFFFFFFFFFFFFFFFFF1C
:10847000FFFFFFFFFFFFFFFFFFFFFFFFFFFFFFFF0C
:10848000FFFFFFFFFFFFFFFFFFFFFFFFFFFFFFFFFC
:10849000FFFFFFFFFFFFFFFFFFFFFFFFFFFFFFFFEC
:1084A000FFFFFFFFFFFFFFFFFFFFFFFFFFFFFFFFDC
:1084B000FFFFFFFFFFFFFFFFFFFFFFFFFFFFFFFFCC
:1084C000FFFFFFFFFFFFFFFFFFFFFFFFFFFFFFFFBC
:1084D000FFFFFFFFFFFFFFFFFFFFFFFFFFFFFFFFAC
:1084E000FFFFFFFFFFFFFFFFFFFFFFFFFFFFFFFF9C
:1084F000FFFFFFFFFFFFFFFFFFFFFFFFFFFFFFFF8C
:10850000FFFFFFFFFFFFFFFFFFFFFFFFFFFFFFFF7B
:10851000FFFFFFFFFFFFFFFFFFFFFFFFFFFFFFFF6B
:10852000FFFFFFFFFFFFFFFFFFFFFFFFFFFFFFFF5B
:10853000FFFFFFFFFFFFFFFFFFFFFFFFFFFFFFFF4B
:10854000FFFFFFFFFFFFFFFFFFFFFFFFFFFFFFFF3B
:10855000FFFFFFFFFFFFFFFFFFFFFFFFFFFFFFFF2B
:10856000FFFFFFFFFFFFFFFFFFFFFFFFFFFFFFFF1B
:10857000FFFFFFFFFFFFFFFFFFFFFFFFFFFFFFFF0B
:10858000FFFFFFFFFFFFFFFFFFFFFFFFFFFFFFFFFB
:10859000FFFFFFFFFFFFFFFFFFFFFFFFFFFFFFFFEB
:1085A000FFFFFFFFFFFFFFFFFFFFFFFFFFFFFFFFDB
:1085B000FFFFFFFFFFFFFFFFFFFFFFFFFFFFFFFFCB
:1085C000FFFFFFFFFFFFFFFFFFFFFFFFFFFFFFFFBB
:1085D000FFFFFFFFFFFFFFFFFFFFFFFFFFFFFFFFAB
:1085E000FFFFFFFFFFFFFFFFFFFFFFFFFFFFFFFF9B
:1085F000FFFFFFFFFFFFFFFFFFFFFFFFFFFFFFFF8B
:10860000FFFFFFFFFFFFFFFFFFFFFFFFFFFFFFFF7A
:10861000FFFFFFFFFFFFFFFFFFFFFFFFFFFFFFFF6A
:10862000FFFFFFFFFFFFFFFFFFFFFFFFFFFFFFFF5A
:10863000FFFFFFFFFFFFFFFFFFFFFFFFFFFFFFFF4A
:10864000FFFFFFFFFFFFFFFFFFFFFFFFFFFFFFFF3A
:10865000FFFFFFFFFFFFFFFFFFFFFFFFFFFFFFFF2A
:10866000FFFFFFFFFFFFFFFFFFFFFFFFFFFFFFFF1A
:10867000FFFFFFFFFFFFFFFFFFFFFFFFFFFFFFFF0A
:10868000FFFFFFFFFFFFFFFFFFFFFFFFFFFFFFFFFA
:10869000FFFFFFFFFFFFFFFFFFFFFFFFFFFFFFFFEA
:1086A000FFFFFFFFFFFFFFFFFFFFFFFFFFFFFFFFDA
:1086B000FFFFFFFFFFFFFFFFFFFFFFFFFFFFFFFFCA
:1086C000FFFFFFFFFFFFFFFFFFFFFFFFFFFFFFFFBA
:1086D000FFFFFFFFFFFFFFFFFFFFFFFFFFFFFFFFAA
:1086E000FFFFFFFFFFFFFFFFFFFFFFFFFFFFFFFF9A
:1086F000FFFFFFFFFFFFFFFFFFFFFFFFFFFFFFFF8A
:10870000FFFFFFFFFFFFFFFFFFFFFFFFFFFFFFFF79
:10871000FFFFFFFFFFFFFFFFFFFFFFFFFFFFFFFF69
:10872000FFFFFFFFFFFFFFFFFFFFFFFFFFFFFFFF59
:10873000FFFFFFFFFFFFFFFFFFFFFFFFFFFFFFFF49
:10874000FFFFFFFFFFFFFFFFFFFFFFFFFFFFFFFF39
:10875000FFFFFFFFFFFFFFFFFFFFFFFFFFFFFFFF29
:10876000FFFFFFFFFFFFFFFFFFFFFFFFFFFFFFFF19
:10877000FFFFFFFFFFFFFFFFFFFFFFFFFFFFFFFF09
:10878000FFFFFFFFFFFFFFFFFFFFFFFFFFFFFFFFF9
:10879000FFFFFFFFFFFFFFFFFFFFFFFFFFFFFFFFE9
:1087A000FFFFFFFFFFFFFFFFFFFFFFFFFFFFFFFFD9
:1087B000FFFFFFFFFFFFFFFFFFFFFFFFFFFFFFFFC9
:1087C000FFFFFFFFFFFFFFFFFFFFFFFFFFFFFFFFB9
:1087D000FFFFFFFFFFFFFFFFFFFFFFFFFFFFFFFFA9
:1087E000FFFFFFFFFFFFFFFFFFFFFFFFFFFFFFFF99
:1087F000FFFFFFFFFFFFFFFFFFFFFFFFFFFFFFFF89
:10880000FFFFFFFFFFFFFFFFFFFFFFFFFFFFFFFF78
:10881000FFFFFFFFFFFFFFFFFFFFFFFFFFFFFFFF68
:10882000FFFFFFFFFFFFFFFFFFFFFFFFFFFFFFFF58
:10883000FFFFFFFFFFFFFFFFFFFFFFFFFFFFFFFF48
:10884000FFFFFFFFFFFFFFFFFFFFFFFFFFFFFFFF38
:10885000FFFFFFFFFFFFFFFFFFFFFFFFFFFFFFFF28
:10886000FFFFFFFFFFFFFFFFFFFFFFFFFFFFFFFF18
:10887000FFFFFFFFFFFFFFFFFFFFFFFFFFFFFFFF08
:10888000FFFFFFFFFFFFFFFFFFFFFFFFFFFFFFFFF8
:10889000FFFFFFFFFFFFFFFFFFFFFFFFFFFFFFFFE8
:1088A000FFFFFFFFFFFFFFFFFFFFFFFFFFFFFFFFD8
:1088B000FFFFFFFFFFFFFFFFFFFFFFFFFFFFFFFFC8
:1088C000FFFFFFFFFFFFFFFFFFFFFFFFFFFFFFFFB8
:1088D000FFFFFFFFFFFFFFFFFFFFFFFFFFFFFFFFA8
:1088E000FFFFFFFFFFFFFFFFFFFFFFFFFFFFFFFF98
:1088F000FFFFFFFFFFFFFFFFFFFFFFFFFFFFFFFF88
:10890000FFFFFFFFFFFFFFFFFFFFFFFFFFFFFFFF77
:10891000FFFFFFFFFFFFFFFFFFFFFFFFFFFFFFFF67
:10892000FFFFFFFFFFFFFFFFFFFFFFFFFFFFFFFF57
:10893000FFFFFFFFFFFFFFFFFFFFFFFFFFFFFFFF47
:10894000FFFFFFFFFFFFFFFFFFFFFFFFFFFFFFFF37
:10895000FFFFFFFFFFFFFFFFFFFFFFFFFFFFFFFF27
:10896000FFFFFFFFFFFFFFFFFFFFFFFFFFFFFFFF17
:10897000FFFFFFFFFFFFFFFFFFFFFFFFFFFFFFFF07
:10898000FFFFFFFFFFFFFFFFFFFFFFFFFFFFFFFFF7
:10899000FFFFFFFFFFFFFFFFFFFFFFFFFFFFFFFFE7
:1089A000FFFFFFFFFFFFFFFFFFFFFFFFFFFFFFFFD7
:1089B000FFFFFFFFFFFFFFFFFFFFFFFFFFFFFFFFC7
:1089C000FFFFFFFFFFFFFFFFFFFFFFFFFFFFFFFFB7
:1089D000FFFFFFFFFFFFFFFFFFFFFFFFFFFFFFFFA7
:1089E000FFFFFFFFFFFFFFFFFFFFFFFFFFFFFFFF97
:1089F000FFFFFFFFFFFFFFFFFFFFFFFFFFFFFFFF87
:108A0000FFFFFFFFFFFFFFFFFFFFFFFFFFFFFFFF76
:108A1000FFFFFFFFFFFFFFFFFFFFFFFFFFFFFFFF66
:108A2000FFFFFFFFFFFFFFFFFFFFFFFFFFFFFFFF56
:108A3000FFFFFFFFFFFFFFFFFFFFFFFFFFFFFFFF46
:108A4000FFFFFFFFFFFFFFFFFFFFFFFFFFFFFFFF36
:108A5000FFFFFFFFFFFFFFFFFFFFFFFFFFFFFFFF26
:108A6000FFFFFFFFFFFFFFFFFFFFFFFFFFFFFFFF16
:108A7000FFFFFFFFFFFFFFFFFFFFFFFFFFFFFFFF06
:108A8000FFFFFFFFFFFFFFFFFFFFFFFFFFFFFFFFF6
:108A9000FFFFFFFFFFFFFFFFFFFFFFFFFFFFFFFFE6
:108AA000FFFFFFFFFFFFFFFFFFFFFFFFFFFFFFFFD6
:108AB000FFFFFFFFFFFFFFFFFFFFFFFFFFFFFFFFC6
:108AC000FFFFFFFFFFFFFFFFFFFFFFFFFFFFFFFFB6
:108AD000FFFFFFFFFFFFFFFFFFFFFFFFFFFFFFFFA6
:108AE000FFFFFFFFFFFFFFFFFFFFFFFFFFFFFFFF96
:108AF000FFFFFFFFFFFFFFFFFFFFFFFFFFFFFFFF86
:108B0000FFFFFFFFFFFFFFFFFFFFFFFFFFFFFFFF75
:108B1000FFFFFFFFFFFFFFFFFFFFFFFFFFFFFFFF65
:108B2000FFFFFFFFFFFFFFFFFFFFFFFFFFFFFFFF55
:108B3000FFFFFFFFFFFFFFFFFFFFFFFFFFFFFFFF45
:108B4000FFFFFFFFFFFFFFFFFFFFFFFFFFFFFFFF35
:108B5000FFFFFFFFFFFFFFFFFFFFFFFFFFFFFFFF25
:108B6000FFFFFFFFFFFFFFFFFFFFFFFFFFFFFFFF15
:108B7000FFFFFFFFFFFFFFFFFFFFFFFFFFFFFFFF05
:108B8000FFFFFFFFFFFFFFFFFFFFFFFFFFFFFFFFF5
:108B9000FFFFFFFFFFFFFFFFFFFFFFFFFFFFFFFFE5
:108BA000FFFFFFFFFFFFFFFFFFFFFFFFFFFFFFFFD5
:108BB000FFFFFFFFFFFFFFFFFFFFFFFFFFFFFFFFC5
:108BC000FFFFFFFFFFFFFFFFFFFFFFFFFFFFFFFFB5
:108BD000FFFFFFFFFFFFFFFFFFFFFFFFFFFFFFFFA5
:108BE000FFFFFFFFFFFFFFFFFFFFFFFFFFFFFFFF95
:108BF000FFFFFFFFFFFFFFFFFFFFFFFFFFFFFFFF85
:108C0000FFFFFFFFFFFFFFFFFFFFFFFFFFFFFFFF74
:108C1000FFFFFFFFFFFFFFFFFFFFFFFFFFFFFFFF64
:108C2000FFFFFFFFFFFFFFFFFFFFFFFFFFFFFFFF54
:108C3000FFFFFFFFFFFFFFFFFFFFFFFFFFFFFFFF44
:108C4000FFFFFFFFFFFFFFFFFFFFFFFFFFFFFFFF34
:108C5000FFFFFFFFFFFFFFFFFFFFFFFFFFFFFFFF24
:108C6000FFFFFFFFFFFFFFFFFFFFFFFFFFFFFFFF14
:108C7000FFFFFFFFFFFFFFFFFFFFFFFFFFFFFFFF04
:108C8000FFFFFFFFFFFFFFFFFFFFFFFFFFFFFFFFF4
:108C9000FFFFFFFFFFFFFFFFFFFFFFFFFFFFFFFFE4
:108CA000FFFFFFFFFFFFFFFFFFFFFFFFFFFFFFFFD4
:108CB000FFFFFFFFFFFFFFFFFFFFFFFFFFFFFFFFC4
:108CC000FFFFFFFFFFFFFFFFFFFFFFFFFFFFFFFFB4
:108CD000FFFFFFFFFFFFFFFFFFFFFFFFFFFFFFFFA4
:108CE000FFFFFFFFFFFFFFFFFFFFFFFFFFFFFFFF94
:108CF000FFFFFFFFFFFFFFFFFFFFFFFFFFFFFFFF84
:108D0000FFFFFFFFFFFFFFFFFFFFFFFFFFFFFFFF73
:108D1000FFFFFFFFFFFFFFFFFFFFFFFFFFFFFFFF63
:108D2000FFFFFFFFFFFFFFFFFFFFFFFFFFFFFFFF53
:108D3000FFFFFFFFFFFFFFFFFFFFFFFFFFFFFFFF43
:108D4000FFFFFFFFFFFFFFFFFFFFFFFFFFFFFFFF33
:108D5000FFFFFFFFFFFFFFFFFFFFFFFFFFFFFFFF23
:108D6000FFFFFFFFFFFFFFFFFFFFFFFFFFFFFFFF13
:108D7000FFFFFFFFFFFFFFFFFFFFFFFFFFFFFFFF03
:108D8000FFFFFFFFFFFFFFFFFFFFFFFFFFFFFFFFF3
:108D9000FFFFFFFFFFFFFFFFFFFFFFFFFFFFFFFFE3
:108DA000FFFFFFFFFFFFFFFFFFFFFFFFFFFFFFFFD3
:108DB000FFFFFFFFFFFFFFFFFFFFFFFFFFFFFFFFC3
:108DC000FFFFFFFFFFFFFFFFFFFFFFFFFFFFFFFFB3
:108DD000FFFFFFFFFFFFFFFFFFFFFFFFFFFFFFFFA3
:108DE000FFFFFFFFFFFFFFFFFFFFFFFFFFFFFFFF93
:108DF000FFFFFFFFFFFFFFFFFFFFFFFFFFFFFFFF83
:108E0000FFFFFFFFFFFFFFFFFFFFFFFFFFFFFFFF72
:108E1000FFFFFFFFFFFFFFFFFFFFFFFFFFFFFFFF62
:108E2000FFFFFFFFFFFFFFFFFFFFFFFFFFFFFFFF52
:108E3000FFFFFFFFFFFFFFFFFFFFFFFFFFFFFFFF42
:108E4000FFFFFFFFFFFFFFFFFFFFFFFFFFFFFFFF32
:108E5000FFFFFFFFFFFFFFFFFFFFFFFFFFFFFFFF22
:108E6000FFFFFFFFFFFFFFFFFFFFFFFFFFFFFFFF12
:108E7000FFFFFFFFFFFFFFFFFFFFFFFFFFFFFFFF02
:108E8000FFFFFFFFFFFFFFFFFFFFFFFFFFFFFFFFF2
:108E9000FFFFFFFFFFFFFFFFFFFFFFFFFFFFFFFFE2
:108EA000FFFFFFFFFFFFFFFFFFFFFFFFFFFFFFFFD2
:108EB000FFFFFFFFFFFFFFFFFFFFFFFFFFFFFFFFC2
:108EC000FFFFFFFFFFFFFFFFFFFFFFFFFFFFFFFFB2
:108ED000FFFFFFFFFFFFFFFFFFFFFFFFFFFFFFFFA2
:108EE000FFFFFFFFFFFFFFFFFFFFFFFFFFFFFFFF92
:108EF000FFFFFFFFFFFFFFFFFFFFFFFFFFFFFFFF82
:108F0000FFFFFFFFFFFFFFFFFFFFFFFFFFFFFFFF71
:108F1000FFFFFFFFFFFFFFFFFFFFFFFFFFFFFFFF61
:108F2000FFFFFFFFFFFFFFFFFFFFFFFFFFFFFFFF51
:108F3000FFFFFFFFFFFFFFFFFFFFFFFFFFFFFFFF41
:108F4000FFFFFFFFFFFFFFFFFFFFFFFFFFFFFFFF31
:108F5000FFFFFFFFFFFFFFFFFFFFFFFFFFFFFFFF21
:108F6000FFFFFFFFFFFFFFFFFFFFFFFFFFFFFFFF11
:108F7000FFFFFFFFFFFFFFFFFFFFFFFFFFFFFFFF01
:108F8000FFFFFFFFFFFFFFFFFFFFFFFFFFFFFFFFF1
:108F9000FFFFFFFFFFFFFFFFFFFFFFFFFFFFFFFFE1
:108FA000FFFFFFFFFFFFFFFFFFFFFFFFFFFFFFFFD1
:108FB000FFFFFFFFFFFFFFFFFFFFFFFFFFFFFFFFC1
:108FC000FFFFFFFFFFFFFFFFFFFFFFFFFFFFFFFFB1
:108FD000FFFFFFFFFFFFFFFFFFFFFFFFFFFFFFFFA1
:108FE000FFFFFFFFFFFFFFFFFFFFFFFFFFFFFFFF91
:108FF000FFFFFFFFFFFFFFFFFFFFFFFFFFFFFFFF81
:10900000FFFFFFFFFFFFFFFFFFFFFFFFFFFFFFFF70
:10901000FFFFFFFFFFFFFFFFFFFFFFFFFFFFFFFF60
:10902000FFFFFFFFFFFFFFFFFFFFFFFFFFFFFFFF50
:10903000FFFFFFFFFFFFFFFFFFFFFFFFFFFFFFFF40
:10904000FFFFFFFFFFFFFFFFFFFFFFFFFFFFFFFF30
:10905000FFFFFFFFFFFFFFFFFFFFFFFFFFFFFFFF20
:10906000FFFFFFFFFFFFFFFFFFFFFFFFFFFFFFFF10
:10907000FFFFFFFFFFFFFFFFFFFFFFFFFFFFFFFF00
:10908000FFFFFFFFFFFFFFFFFFFFFFFFFFFFFFFFF0
:10909000FFFFFFFFFFFFFFFFFFFFFFFFFFFFFFFFE0
:1090A000FFFFFFFFFFFFFFFFFFFFFFFFFFFFFFFFD0
:1090B000FFFFFFFFFFFFFFFFFFFFFFFFFFFFFFFFC0
:1090C000FFFFFFFFFFFFFFFFFFFFFFFFFFFFFFFFB0
:1090D000FFFFFFFFFFFFFFFFFFFFFFFFFFFFFFFFA0
:1090E000FFFFFFFFFFFFFFFFFFFFFFFFFFFFFFFF90
:1090F000FFFFFFFFFFFFFFFFFFFFFFFFFFFFFFFF80
:10910000FFFFFFFFFFFFFFFFFFFFFFFFFFFFFFFF6F
:10911000FFFFFFFFFFFFFFFFFFFFFFFFFFFFFFFF5F
:10912000FFFFFFFFFFFFFFFFFFFFFFFFFFFFFFFF4F
:10913000FFFFFFFFFFFFFFFFFFFFFFFFFFFFFFFF3F
:10914000FFFFFFFFFFFFFFFFFFFFFFFFFFFFFFFF2F
:10915000FFFFFFFFFFFFFFFFFFFFFFFFFFFFFFFF1F
:10916000FFFFFFFFFFFFFFFFFFFFFFFFFFFFFFFF0F
:10917000FFFFFFFFFFFFFFFFFFFFFFFFFFFFFFFFFF
:10918000FFFFFFFFFFFFFFFFFFFFFFFFFFFFFFFFEF
:10919000FFFFFFFFFFFFFFFFFFFFFFFFFFFFFFFFDF
:1091A000FFFFFFFFFFFFFFFFFFFFFFFFFFFFFFFFCF
:1091B000FFFFFFFFFFFFFFFFFFFFFFFFFFFFFFFFBF
:1091C000FFFFFFFFFFFFFFFFFFFFFFFFFFFFFFFFAF
:1091D000FFFFFFFFFFFFFFFFFFFFFFFFFFFFFFFF9F
:1091E000FFFFFFFFFFFFFFFFFFFFFFFFFFFFFFFF8F
:1091F000FFFFFFFFFFFFFFFFFFFFFFFFFFFFFFFF7F
:10920000FFFFFFFFFFFFFFFFFFFFFFFFFFFFFFFF6E
:10921000FFFFFFFFFFFFFFFFFFFFFFFFFFFFFFFF5E
:10922000FFFFFFFFFFFFFFFFFFFFFFFFFFFFFFFF4E
:10923000FFFFFFFFFFFFFFFFFFFFFFFFFFFFFFFF3E
:10924000FFFFFFFFFFFFFFFFFFFFFFFFFFFFFFFF2E
:10925000FFFFFFFFFFFFFFFFFFFFFFFFFFFFFFFF1E
:10926000FFFFFFFFFFFFFFFFFFFFFFFFFFFFFFFF0E
:10927000FFFFFFFFFFFFFFFFFFFFFFFFFFFFFFFFFE
:10928000FFFFFFFFFFFFFFFFFFFFFFFFFFFFFFFFEE
:10929000FFFFFFFFFFFFFFFFFFFFFFFFFFFFFFFFDE
:1092A000FFFFFFFFFFFFFFFFFFFFFFFFFFFFFFFFCE
:1092B000FFFFFFFFFFFFFFFFFFFFFFFFFFFFFFFFBE
:1092C000FFFFFFFFFFFFFFFFFFFFFFFFFFFFFFFFAE
:1092D000FFFFFFFFFFFFFFFFFFFFFFFFFFFFFFFF9E
:1092E000FFFFFFFFFFFFFFFFFFFFFFFFFFFFFFFF8E
:1092F000FFFFFFFFFFFFFFFFFFFFFFFFFFFFFFFF7E
:10930000FFFFFFFFFFFFFFFFFFFFFFFFFFFFFFFF6D
:10931000FFFFFFFFFFFFFFFFFFFFFFFFFFFFFFFF5D
:10932000FFFFFFFFFFFFFFFFFFFFFFFFFFFFFFFF4D
:10933000FFFFFFFFFFFFFFFFFFFFFFFFFFFFFFFF3D
:10934000FFFFFFFFFFFFFFFFFFFFFFFFFFFFFFFF2D
:10935000FFFFFFFFFFFFFFFFFFFFFFFFFFFFFFFF1D
:10936000FFFFFFFFFFFFFFFFFFFFFFFFFFFFFFFF0D
:10937000FFFFFFFFFFFFFFFFFFFFFFFFFFFFFFFFFD
:10938000FFFFFFFFFFFFFFFFFFFFFFFFFFFFFFFFED
:10939000FFFFFFFFFFFFFFFFFFFFFFFFFFFFFFFFDD
:1093A000FFFFFFFFFFFFFFFFFFFFFFFFFFFFFFFFCD
:1093B000FFFFFFFFFFFFFFFFFFFFFFFFFFFFFFFFBD
:1093C000FFFFFFFFFFFFFFFFFFFFFFFFFFFFFFFFAD
:1093D000FFFFFFFFFFFFFFFFFFFFFFFFFFFFFFFF9D
:1093E000FFFFFFFFFFFFFFFFFFFFFFFFFFFFFFFF8D
:1093F000FFFFFFFFFFFFFFFFFFFFFFFFFFFFFFFF7D
:10940000FFFFFFFFFFFFFFFFFFFFFFFFFFFFFFFF6C
:10941000FFFFFFFFFFFFFFFFFFFFFFFFFFFFFFFF5C
:10942000FFFFFFFFFFFFFFFFFFFFFFFFFFFFFFFF4C
:10943000FFFFFFFFFFFFFFFFFFFFFFFFFFFFFFFF3C
:10944000FFFFFFFFFFFFFFFFFFFFFFFFFFFFFFFF2C
:10945000FFFFFFFFFFFFFFFFFFFFFFFFFFFFFFFF1C
:10946000FFFFFFFFFFFFFFFFFFFFFFFFFFFFFFFF0C
:10947000FFFFFFFFFFFFFFFFFFFFFFFFFFFFFFFFFC
:10948000FFFFFFFFFFFFFFFFFFFFFFFFFFFFFFFFEC
:10949000FFFFFFFFFFFFFFFFFFFFFFFFFFFFFFFFDC
:1094A000FFFFFFFFFFFFFFFFFFFFFFFFFFFFFFFFCC
:1094B000FFFFFFFFFFFFFFFFFFFFFFFFFFFFFFFFBC
:1094C000FFFFFFFFFFFFFFFFFFFFFFFFFFFFFFFFAC
:1094D000FFFFFFFFFFFFFFFFFFFFFFFFFFFFFFFF9C
:1094E000FFFFFFFFFFFFFFFFFFFFFFFFFFFFFFFF8C
:1094F000FFFFFFFFFFFFFFFFFFFFFFFFFFFFFFFF7C
:10950000FFFFFFFFFFFFFFFFFFFFFFFFFFFFFFFF6B
:10951000FFFFFFFFFFFFFFFFFFFFFFFFFFFFFFFF5B
:10952000FFFFFFFFFFFFFFFFFFFFFFFFFFFFFFFF4B
:10953000FFFFFFFFFFFFFFFFFFFFFFFFFFFFFFFF3B
:10954000FFFFFFFFFFFFFFFFFFFFFFFFFFFFFFFF2B
:10955000FFFFFFFFFFFFFFFFFFFFFFFFFFFFFFFF1B
:10956000FFFFFFFFFFFFFFFFFFFFFFFFFFFFFFFF0B
:10957000FFFFFFFFFFFFFFFFFFFFFFFFFFFFFFFFFB
:10958000FFFFFFFFFFFFFFFFFFFFFFFFFFFFFFFFEB
:10959000FFFFFFFFFFFFFFFFFFFFFFFFFFFFFFFFDB
:1095A000FFFFFFFFFFFFFFFFFFFFFFFFFFFFFFFFCB
:1095B000FFFFFFFFFFFFFFFFFFFFFFFFFFFFFFFFBB
:1095C000FFFFFFFFFFFFFFFFFFFFFFFFFFFFFFFFAB
:1095D000FFFFFFFFFFFFFFFFFFFFFFFFFFFFFFFF9B
:1095E000FFFFFFFFFFFFFFFFFFFFFFFFFFFFFFFF8B
:1095F000FFFFFFFFFFFFFFFFFFFFFFFFFFFFFFFF7B
:10960000FFFFFFFFFFFFFFFFFFFFFFFFFFFFFFFF6A
:10961000FFFFFFFFFFFFFFFFFFFFFFFFFFFFFFFF5A
:10962000FFFFFFFFFFFFFFFFFFFFFFFFFFFFFFFF4A
:10963000FFFFFFFFFFFFFFFFFFFFFFFFFFFFFFFF3A
:10964000FFFFFFFFFFFFFFFFFFFFFFFFFFFFFFFF2A
:10965000FFFFFFFFFFFFFFFFFFFFFFFFFFFFFFFF1A
:10966000FFFFFFFFFFFFFFFFFFFFFFFFFFFFFFFF0A
:10967000FFFFFFFFFFFFFFFFFFFFFFFFFFFFFFFFFA
:10968000FFFFFFFFFFFFFFFFFFFFFFFFFFFFFFFFEA
:10969000FFFFFFFFFFFFFFFFFFFFFFFFFFFFFFFFDA
:1096A000FFFFFFFFFFFFFFFFFFFFFFFFFFFFFFFFCA
:1096B000FFFFFFFFFFFFFFFFFFFFFFFFFFFFFFFFBA
:1096C000FFFFFFFFFFFFFFFFFFFFFFFFFFFFFFFFAA
:1096D000FFFFFFFFFFFFFFFFFFFFFFFFFFFFFFFF9A
:1096E000FFFFFFFFFFFFFFFFFFFFFFFFFFFFFFFF8A
:1096F000FFFFFFFFFFFFFFFFFFFFFFFFFFFFFFFF7A
:10970000FFFFFFFFFFFFFFFFFFFFFFFFFFFFFFFF69
:10971000FFFFFFFFFFFFFFFFFFFFFFFFFFFFFFFF59
:10972000FFFFFFFFFFFFFFFFFFFFFFFFFFFFFFFF49
:10973000FFFFFFFFFFFFFFFFFFFFFFFFFFFFFFFF39
:10974000FFFFFFFFFFFFFFFFFFFFFFFFFFFFFFFF29
:10975000FFFFFFFFFFFFFFFFFFFFFFFFFFFFFFFF19
:10976000FFFFFFFFFFFFFFFFFFFFFFFFFFFFFFFF09
:10977000FFFFFFFFFFFFFFFFFFFFFFFFFFFFFFFFF9
:10978000FFFFFFFFFFFFFFFFFFFFFFFFFFFFFFFFE9
:10979000FFFFFFFFFFFFFFFFFFFFFFFFFFFFFFFFD9
:1097A000FFFFFFFFFFFFFFFFFFFFFFFFFFFFFFFFC9
:1097B000FFFFFFFFFFFFFFFFFFFFFFFFFFFFFFFFB9
:1097C000FFFFFFFFFFFFFFFFFFFFFFFFFFFFFFFFA9
:1097D000FFFFFFFFFFFFFFFFFFFFFFFFFFFFFFFF99
:1097E000FFFFFFFFFFFFFFFFFFFFFFFFFFFFFFFF89
:1097F000FFFFFFFFFFFFFFFFFFFFFFFFFFFFFFFF79
:10980000FFFFFFFFFFFFFFFFFFFFFFFFFFFFFFFF68
:10981000FFFFFFFFFFFFFFFFFFFFFFFFFFFFFFFF58
:10982000FFFFFFFFFFFFFFFFFFFFFFFFFFFFFFFF48
:10983000FFFFFFFFFFFFFFFFFFFFFFFFFFFFFFFF38
:10984000FFFFFFFFFFFFFFFFFFFFFFFFFFFFFFFF28
:10985000FFFFFFFFFFFFFFFFFFFFFFFFFFFFFFFF18
:10986000FFFFFFFFFFFFFFFFFFFFFFFFFFFFFFFF08
:10987000FFFFFFFFFFFFFFFFFFFFFFFFFFFFFFFFF8
:10988000FFFFFFFFFFFFFFFFFFFFFFFFFFFFFFFFE8
:10989000FFFFFFFFFFFFFFFFFFFFFFFFFFFFFFFFD8
:1098A000FFFFFFFFFFFFFFFFFFFFFFFFFFFFFFFFC8
:1098B000FFFFFFFFFFFFFFFFFFFFFFFFFFFFFFFFB8
:1098C000FFFFFFFFFFFFFFFFFFFFFFFFFFFFFFFFA8
:1098D000FFFFFFFFFFFFFFFFFFFFFFFFFFFFFFFF98
:1098E000FFFFFFFFFFFFFFFFFFFFFFFFFFFFFFFF88
:1098F000FFFFFFFFFFFFFFFFFFFFFFFFFFFFFFFF78
:10990000FFFFFFFFFFFFFFFFFFFFFFFFFFFFFFFF67
:10991000FFFFFFFFFFFFFFFFFFFFFFFFFFFFFFFF57
:10992000FFFFFFFFFFFFFFFFFFFFFFFFFFFFFFFF47
:10993000FFFFFFFFFFFFFFFFFFFFFFFFFFFFFFFF37
:10994000FFFFFFFFFFFFFFFFFFFFFFFFFFFFFFFF27
:10995000FFFFFFFFFFFFFFFFFFFFFFFFFFFFFFFF17
:10996000FFFFFFFFFFFFFFFFFFFFFFFFFFFFFFFF07
:10997000FFFFFFFFFFFFFFFFFFFFFFFFFFFFFFFFF7
:10998000FFFFFFFFFFFFFFFFFFFFFFFFFFFFFFFFE7
:10999000FFFFFFFFFFFFFFFFFFFFFFFFFFFFFFFFD7
:1099A000FFFFFFFFFFFFFFFFFFFFFFFFFFFFFFFFC7
:1099B000FFFFFFFFFFFFFFFFFFFFFFFFFFFFFFFFB7
:1099C000FFFFFFFFFFFFFFFFFFFFFFFFFFFFFFFFA7
:1099D000FFFFFFFFFFFFFFFFFFFFFFFFFFFFFFFF97
:1099E000FFFFFFFFFFFFFFFFFFFFFFFFFFFFFFFF87
:1099F000FFFFFFFFFFFFFFFFFFFFFFFFFFFFFFFF77
:109A0000FFFFFFFFFFFFFFFFFFFFFFFFFFFFFFFF66
:109A1000FFFFFFFFFFFFFFFFFFFFFFFFFFFFFFFF56
:109A2000FFFFFFFFFFFFFFFFFFFFFFFFFFFFFFFF46
:109A3000FFFFFFFFFFFFFFFFFFFFFFFFFFFFFFFF36
:109A4000FFFFFFFFFFFFFFFFFFFFFFFFFFFFFFFF26
:109A5000FFFFFFFFFFFFFFFFFFFFFFFFFFFFFFFF16
:109A6000FFFFFFFFFFFFFFFFFFFFFFFFFFFFFFFF06
:109A7000FFFFFFFFFFFFFFFFFFFFFFFFFFFFFFFFF6
:109A8000FFFFFFFFFFFFFFFFFFFFFFFFFFFFFFFFE6
:109A9000FFFFFFFFFFFFFFFFFFFFFFFFFFFFFFFFD6
:109AA000FFFFFFFFFFFFFFFFFFFFFFFFFFFFFFFFC6
:109AB000FFFFFFFFFFFFFFFFFFFFFFFFFFFFFFFFB6
:109AC000FFFFFFFFFFFFFFFFFFFFFFFFFFFFFFFFA6
:109AD000FFFFFFFFFFFFFFFFFFFFFFFFFFFFFFFF96
:109AE000FFFFFFFFFFFFFFFFFFFFFFFFFFFFFFFF86
:109AF000FFFFFFFFFFFFFFFFFFFFFFFFFFFFFFFF76
:109B0000FFFFFFFFFFFFFFFFFFFFFFFFFFFFFFFF65
:109B1000FFFFFFFFFFFFFFFFFFFFFFFFFFFFFFFF55
:109B2000FFFFFFFFFFFFFFFFFFFFFFFFFFFFFFFF45
:109B3000FFFFFFFFFFFFFFFFFFFFFFFFFFFFFFFF35
:109B4000FFFFFFFFFFFFFFFFFFFFFFFFFFFFFFFF25
:109B5000FFFFFFFFFFFFFFFFFFFFFFFFFFFFFFFF15
:109B6000FFFFFFFFFFFFFFFFFFFFFFFFFFFFFFFF05
:109B7000FFFFFFFFFFFFFFFFFFFFFFFFFFFFFFFFF5
:109B8000FFFFFFFFFFFFFFFFFFFFFFFFFFFFFFFFE5
:109B9000FFFFFFFFFFFFFFFFFFFFFFFFFFFFFFFFD5
:109BA000FFFFFFFFFFFFFFFFFFFFFFFFFFFFFFFFC5
:109BB000FFFFFFFFFFFFFFFFFFFFFFFFFFFFFFFFB5
:109BC000FFFFFFFFFFFFFFFFFFFFFFFFFFFFFFFFA5
:109BD000FFFFFFFFFFFFFFFFFFFFFFFFFFFFFFFF95
:109BE000FFFFFFFFFFFFFFFFFFFFFFFFFFFFFFFF85
:109BF000FFFFFFFFFFFFFFFFFFFFFFFFFFFFFFFF75
:109C0000FFFFFFFFFFFFFFFFFFFFFFFFFFFFFFFF64
:109C1000FFFFFFFFFFFFFFFFFFFFFFFFFFFFFFFF54
:109C2000FFFFFFFFFFFFFFFFFFFFFFFFFFFFFFFF44
:109C3000FFFFFFFFFFFFFFFFFFFFFFFFFFFFFFFF34
:109C4000FFFFFFFFFFFFFFFFFFFFFFFFFFFFFFFF24
:109C5000FFFFFFFFFFFFFFFFFFFFFFFFFFFFFFFF14
:109C6000FFFFFFFFFFFFFFFFFFFFFFFFFFFFFFFF04
:109C7000FFFFFFFFFFFFFFFFFFFFFFFFFFFFFFFFF4
:109C8000FFFFFFFFFFFFFFFFFFFFFFFFFFFFFFFFE4
:109C9000FFFFFFFFFFFFFFFFFFFFFFFFFFFFFFFFD4
:109CA000FFFFFFFFFFFFFFFFFFFFFFFFFFFFFFFFC4
:109CB000FFFFFFFFFFFFFFFFFFFFFFFFFFFFFFFFB4
:109CC000FFFFFFFFFFFFFFFFFFFFFFFFFFFFFFFFA4
:109CD000FFFFFFFFFFFFFFFFFFFFFFFFFFFFFFFF94
:109CE000FFFFFFFFFFFFFFFFFFFFFFFFFFFFFFFF84
:109CF000FFFFFFFFFFFFFFFFFFFFFFFFFFFFFFFF74
:109D0000FFFFFFFFFFFFFFFFFFFFFFFFFFFFFFFF63
:109D1000FFFFFFFFFFFFFFFFFFFFFFFFFFFFFFFF53
:109D2000FFFFFFFFFFFFFFFFFFFFFFFFFFFFFFFF43
:109D3000FFFFFFFFFFFFFFFFFFFFFFFFFFFFFFFF33
:109D4000FFFFFFFFFFFFFFFFFFFFFFFFFFFFFFFF23
:109D5000FFFFFFFFFFFFFFFFFFFFFFFFFFFFFFFF13
:109D6000FFFFFFFFFFFFFFFFFFFFFFFFFFFFFFFF03
:109D7000FFFFFFFFFFFFFFFFFFFFFFFFFFFFFFFFF3
:109D8000FFFFFFFFFFFFFFFFFFFFFFFFFFFFFFFFE3
:109D9000FFFFFFFFFFFFFFFFFFFFFFFFFFFFFFFFD3
:109DA000FFFFFFFFFFFFFFFFFFFFFFFFFFFFFFFFC3
:109DB000FFFFFFFFFFFFFFFFFFFFFFFFFFFFFFFFB3
:109DC000FFFFFFFFFFFFFFFFFFFFFFFFFFFFFFFFA3
:109DD000FFFFFFFFFFFFFFFFFFFFFFFFFFFFFFFF93
:109DE000FFFFFFFFFFFFFFFFFFFFFFFFFFFFFFFF83
:109DF000FFFFFFFFFFFFFFFFFFFFFFFFFFFFFFFF73
:109E0000FFFFFFFFFFFFFFFFFFFFFFFFFFFFFFFF62
:109E1000FFFFFFFFFFFFFFFFFFFFFFFFFFFFFFFF52
:109E2000FFFFFFFFFFFFFFFFFFFFFFFFFFFFFFFF42
:109E3000FFFFFFFFFFFFFFFFFFFFFFFFFFFFFFFF32
:109E4000FFFFFFFFFFFFFFFFFFFFFFFFFFFFFFFF22
:109E5000FFFFFFFFFFFFFFFFFFFFFFFFFFFFFFFF12
:109E6000FFFFFFFFFFFFFFFFFFFFFFFFFFFFFFFF02
:109E7000FFFFFFFFFFFFFFFFFFFFFFFFFFFFFFFFF2
:109E8000FFFFFFFFFFFFFFFFFFFFFFFFFFFFFFFFE2
:109E9000FFFFFFFFFFFFFFFFFFFFFFFFFFFFFFFFD2
:109EA000FFFFFFFFFFFFFFFFFFFFFFFFFFFFFFFFC2
:109EB000FFFFFFFFFFFFFFFFFFFFFFFFFFFFFFFFB2
:109EC000FFFFFFFFFFFFFFFFFFFFFFFFFFFFFFFFA2
:109ED000FFFFFFFFFFFFFFFFFFFFFFFFFFFFFFFF92
:109EE000FFFFFFFFFFFFFFFFFFFFFFFFFFFFFFFF82
:109EF000FFFFFFFFFFFFFFFFFFFFFFFFFFFFFFFF72
:109F0000FFFFFFFFFFFFFFFFFFFFFFFFFFFFFFFF61
:109F1000FFFFFFFFFFFFFFFFFFFFFFFFFFFFFFFF51
:109F2000FFFFFFFFFFFFFFFFFFFFFFFFFFFFFFFF41
:109F3000FFFFFFFFFFFFFFFFFFFFFFFFFFFFFFFF31
:109F4000FFFFFFFFFFFFFFFFFFFFFFFFFFFFFFFF21
:109F5000FFFFFFFFFFFFFFFFFFFFFFFFFFFFFFFF11
:109F6000FFFFFFFFFFFFFFFFFFFFFFFFFFFFFFFF01
:109F7000FFFFFFFFFFFFFFFFFFFFFFFFFFFFFFFFF1
:109F8000FFFFFFFFFFFFFFFFFFFFFFFFFFFFFFFFE1
:109F9000FFFFFFFFFFFFFFFFFFFFFFFFFFFFFFFFD1
:109FA000FFFFFFFFFFFFFFFFFFFFFFFFFFFFFFFFC1
:109FB000FFFFFFFFFFFFFFFFFFFFFFFFFFFFFFFFB1
:109FC000FFFFFFFFFFFFFFFFFFFFFFFFFFFFFFFFA1
:109FD000FFFFFFFFFFFFFFFFFFFFFFFFFFFFFFFF91
:109FE000FFFFFFFFFFFFFFFFFFFFFFFFFFFFFFFF81
:109FF000FFFFFFFFFFFFFFFFFFFFFFFFFFFFFFFF71
:10A00000FFFFFFFFFFFFFFFFFFFFFFFFFFFFFFFF60
:10A01000FFFFFFFFFFFFFFFFFFFFFFFFFFFFFFFF50
:10A02000FFFFFFFFFFFFFFFFFFFFFFFFFFFFFFFF40
:10A03000FFFFFFFFFFFFFFFFFFFFFFFFFFFFFFFF30
:10A04000FFFFFFFFFFFFFFFFFFFFFFFFFFFFFFFF20
:10A05000FFFFFFFFFFFFFFFFFFFFFFFFFFFFFFFF10
:10A06000FFFFFFFFFFFFFFFFFFFFFFFFFFFFFFFF00
:10A07000FFFFFFFFFFFFFFFFFFFFFFFFFFFFFFFFF0
:10A08000FFFFFFFFFFFFFFFFFFFFFFFFFFFFFFFFE0
:10A09000FFFFFFFFFFFFFFFFFFFFFFFFFFFFFFFFD0
:10A0A000FFFFFFFFFFFFFFFFFFFFFFFFFFFFFFFFC0
:10A0B000FFFFFFFFFFFFFFFFFFFFFFFFFFFFFFFFB0
:10A0C000FFFFFFFFFFFFFFFFFFFFFFFFFFFFFFFFA0
:10A0D000FFFFFFFFFFFFFFFFFFFFFFFFFFFFFFFF90
:10A0E000FFFFFFFFFFFFFFFFFFFFFFFFFFFFFFFF80
:10A0F000FFFFFFFFFFFFFFFFFFFFFFFFFFFFFFFF70
:10A10000FFFFFFFFFFFFFFFFFFFFFFFFFFFFFFFF5F
:10A11000FFFFFFFFFFFFFFFFFFFFFFFFFFFFFFFF4F
:10A12000FFFFFFFFFFFFFFFFFFFFFFFFFFFFFFFF3F
:10A13000FFFFFFFFFFFFFFFFFFFFFFFFFFFFFFFF2F
:10A14000FFFFFFFFFFFFFFFFFFFFFFFFFFFFFFFF1F
:10A15000FFFFFFFFFFFFFFFFFFFFFFFFFFFFFFFF0F
:10A16000FFFFFFFFFFFFFFFFFFFFFFFFFFFFFFFFFF
:10A17000FFFFFFFFFFFFFFFFFFFFFFFFFFFFFFFFEF
:10A18000FFFFFFFFFFFFFFFFFFFFFFFFFFFFFFFFDF
:10A19000FFFFFFFFFFFFFFFFFFFFFFFFFFFFFFFFCF
:10A1A000FFFFFFFFFFFFFFFFFFFFFFFFFFFFFFFFBF
:10A1B000FFFFFFFFFFFFFFFFFFFFFFFFFFFFFFFFAF
:10A1C000FFFFFFFFFFFFFFFFFFFFFFFFFFFFFFFF9F
:10A1D000FFFFFFFFFFFFFFFFFFFFFFFFFFFFFFFF8F
:10A1E000FFFFFFFFFFFFFFFFFFFFFFFFFFFFFFFF7F
:10A1F000FFFFFFFFFFFFFFFFFFFFFFFFFFFFFFFF6F
:10A20000FFFFFFFFFFFFFFFFFFFFFFFFFFFFFFFF5E
:10A21000FFFFFFFFFFFFFFFFFFFFFFFFFFFFFFFF4E
:10A22000FFFFFFFFFFFFFFFFFFFFFFFFFFFFFFFF3E
:10A23000FFFFFFFFFFFFFFFFFFFFFFFFFFFFFFFF2E
:10A24000FFFFFFFFFFFFFFFFFFFFFFFFFFFFFFFF1E
:10A25000FFFFFFFFFFFFFFFFFFFFFFFFFFFFFFFF0E
:10A26000FFFFFFFFFFFFFFFFFFFFFFFFFFFFFFFFFE
:10A27000FFFFFFFFFFFFFFFFFFFFFFFFFFFFFFFFEE
:10A28000FFFFFFFFFFFFFFFFFFFFFFFFFFFFFFFFDE
:10A29000FFFFFFFFFFFFFFFFFFFFFFFFFFFFFFFFCE
:10A2A000FFFFFFFFFFFFFFFFFFFFFFFFFFFFFFFFBE
:10A2B000FFFFFFFFFFFFFFFFFFFFFFFFFFFFFFFFAE
:10A2C000FFFFFFFFFFFFFFFFFFFFFFFFFFFFFFFF9E
:10A2D000FFFFFFFFFFFFFFFFFFFFFFFFFFFFFFFF8E
:10A2E000FFFFFFFFFFFFFFFFFFFFFFFFFFFFFFFF7E
:10A2F000FFFFFFFFFFFFFFFFFFFFFFFFFFFFFFFF6E
:10A30000FFFFFFFFFFFFFFFFFFFFFFFFFFFFFFFF5D
:10A31000FFFFFFFFFFFFFFFFFFFFFFFFFFFFFFFF4D
:10A32000FFFFFFFFFFFFFFFFFFFFFFFFFFFFFFFF3D
:10A33000FFFFFFFFFFFFFFFFFFFFFFFFFFFFFFFF2D
:10A34000FFFFFFFFFFFFFFFFFFFFFFFFFFFFFFFF1D
:10A35000FFFFFFFFFFFFFFFFFFFFFFFFFFFFFFFF0D
:10A36000FFFFFFFFFFFFFFFFFFFFFFFFFFFFFFFFFD
:10A37000FFFFFFFFFFFFFFFFFFFFFFFFFFFFFFFFED
:10A38000FFFFFFFFFFFFFFFFFFFFFFFFFFFFFFFFDD
:10A39000FFFFFFFFFFFFFFFFFFFFFFFFFFFFFFFFCD
:10A3A000FFFFFFFFFFFFFFFFFFFFFFFFFFFFFFFFBD
:10A3B000FFFFFFFFFFFFFFFFFFFFFFFFFFFFFFFFAD
:10A3C000FFFFFFFFFFFFFFFFFFFFFFFFFFFFFFFF9D
:10A3D000FFFFFFFFFFFFFFFFFFFFFFFFFFFFFFFF8D
:10A3E000FFFFFFFFFFFFFFFFFFFFFFFFFFFFFFFF7D
:10A3F000FFFFFFFFFFFFFFFFFFFFFFFFFFFFFFFF6D
:10A40000FFFFFFFFFFFFFFFFFFFFFFFFFFFFFFFF5C
:10A41000FFFFFFFFFFFFFFFFFFFFFFFFFFFFFFFF4C
:10A42000FFFFFFFFFFFFFFFFFFFFFFFFFFFFFFFF3C
:10A43000FFFFFFFFFFFFFFFFFFFFFFFFFFFFFFFF2C
:10A44000FFFFFFFFFFFFFFFFFFFFFFFFFFFFFFFF1C
:10A45000FFFFFFFFFFFFFFFFFFFFFFFFFFFFFFFF0C
:10A46000FFFFFFFFFFFFFFFFFFFFFFFFFFFFFFFFFC
:10A47000FFFFFFFFFFFFFFFFFFFFFFFFFFFFFFFFEC
:10A48000FFFFFFFFFFFFFFFFFFFFFFFFFFFFFFFFDC
:10A49000FFFFFFFFFFFFFFFFFFFFFFFFFFFFFFFFCC
:10A4A000FFFFFFFFFFFFFFFFFFFFFFFFFFFFFFFFBC
:10A4B000FFFFFFFFFFFFFFFFFFFFFFFFFFFFFFFFAC
:10A4C000FFFFFFFFFFFFFFFFFFFFFFFFFFFFFFFF9C
:10A4D000FFFFFFFFFFFFFFFFFFFFFFFFFFFFFFFF8C
:10A4E000FFFFFFFFFFFFFFFFFFFFFFFFFFFFFFFF7C
:10A4F000FFFFFFFFFFFFFFFFFFFFFFFFFFFFFFFF6C
:10A50000FFFFFFFFFFFFFFFFFFFFFFFFFFFFFFFF5B
:10A51000FFFFFFFFFFFFFFFFFFFFFFFFFFFFFFFF4B
:10A52000FFFFFFFFFFFFFFFFFFFFFFFFFFFFFFFF3B
:10A53000FFFFFFFFFFFFFFFFFFFFFFFFFFFFFFFF2B
:10A54000FFFFFFFFFFFFFFFFFFFFFFFFFFFFFFFF1B
:10A55000FFFFFFFFFFFFFFFFFFFFFFFFFFFFFFFF0B
:10A56000FFFFFFFFFFFFFFFFFFFFFFFFFFFFFFFFFB
:10A57000FFFFFFFFFFFFFFFFFFFFFFFFFFFFFFFFEB
:10A58000FFFFFFFFFFFFFFFFFFFFFFFFFFFFFFFFDB
:10A59000FFFFFFFFFFFFFFFFFFFFFFFFFFFFFFFFCB
:10A5A000FFFFFFFFFFFFFFFFFFFFFFFFFFFFFFFFBB
:10A5B000FFFFFFFFFFFFFFFFFFFFFFFFFFFFFFFFAB
:10A5C000FFFFFFFFFFFFFFFFFFFFFFFFFFFFFFFF9B
:10A5D000FFFFFFFFFFFFFFFFFFFFFFFFFFFFFFFF8B
:10A5E000FFFFFFFFFFFFFFFFFFFFFFFFFFFFFFFF7B
:10A5F000FFFFFFFFFFFFFFFFFFFFFFFFFFFFFFFF6B
:10A60000FFFFFFFFFFFFFFFFFFFFFFFFFFFFFFFF5A
:10A61000FFFFFFFFFFFFFFFFFFFFFFFFFFFFFFFF4A
:10A62000FFFFFFFFFFFFFFFFFFFFFFFFFFFFFFFF3A
:10A63000FFFFFFFFFFFFFFFFFFFFFFFFFFFFFFFF2A
:10A64000FFFFFFFFFFFFFFFFFFFFFFFFFFFFFFFF1A
:10A65000FFFFFFFFFFFFFFFFFFFFFFFFFFFFFFFF0A
:10A66000FFFFFFFFFFFFFFFFFFFFFFFFFFFFFFFFFA
:10A67000FFFFFFFFFFFFFFFFFFFFFFFFFFFFFFFFEA
:10A68000FFFFFFFFFFFFFFFFFFFFFFFFFFFFFFFFDA
:10A69000FFFFFFFFFFFFFFFFFFFFFFFFFFFFFFFFCA
:10A6A000FFFFFFFFFFFFFFFFFFFFFFFFFFFFFFFFBA
:10A6B000FFFFFFFFFFFFFFFFFFFFFFFFFFFFFFFFAA
:10A6C000FFFFFFFFFFFFFFFFFFFFFFFFFFFFFFFF9A
:10A6D000FFFFFFFFFFFFFFFFFFFFFFFFFFFFFFFF8A
:10A6E000FFFFFFFFFFFFFFFFFFFFFFFFFFFFFFFF7A
:10A6F000FFFFFFFFFFFFFFFFFFFFFFFFFFFFFFFF6A
:10A70000FFFFFFFFFFFFFFFFFFFFFFFFFFFFFFFF59
:10A71000FFFFFFFFFFFFFFFFFFFFFFFFFFFFFFFF49
:10A72000FFFFFFFFFFFFFFFFFFFFFFFFFFFFFFFF39
:10A73000FFFFFFFFFFFFFFFFFFFFFFFFFFFFFFFF29
:10A74000FFFFFFFFFFFFFFFFFFFFFFFFFFFFFFFF19
:10A75000FFFFFFFFFFFFFFFFFFFFFFFFFFFFFFFF09
:10A76000FFFFFFFFFFFFFFFFFFFFFFFFFFFFFFFFF9
:10A77000FFFFFFFFFFFFFFFFFFFFFFFFFFFFFFFFE9
:10A78000FFFFFFFFFFFFFFFFFFFFFFFFFFFFFFFFD9
:10A79000FFFFFFFFFFFFFFFFFFFFFFFFFFFFFFFFC9
:10A7A000FFFFFFFFFFFFFFFFFFFFFFFFFFFFFFFFB9
:10A7B000FFFFFFFFFFFFFFFFFFFFFFFFFFFFFFFFA9
:10A7C000FFFFFFFFFFFFFFFFFFFFFFFFFFFFFFFF99
:10A7D000FFFFFFFFFFFFFFFFFFFFFFFFFFFFFFFF89
:10A7E000FFFFFFFFFFFFFFFFFFFFFFFFFFFFFFFF79
:10A7F000FFFFFFFFFFFFFFFFFFFFFFFFFFFFFFFF69
:10A80000FFFFFFFFFFFFFFFFFFFFFFFFFFFFFFFF58
:10A81000FFFFFFFFFFFFFFFFFFFFFFFFFFFFFFFF48
:10A82000FFFFFFFFFFFFFFFFFFFFFFFFFFFFFFFF38
:10A83000FFFFFFFFFFFFFFFFFFFFFFFFFFFFFFFF28
:10A84000FFFFFFFFFFFFFFFFFFFFFFFFFFFFFFFF18
:10A85000FFFFFFFFFFFFFFFFFFFFFFFFFFFFFFFF08
:10A86000FFFFFFFFFFFFFFFFFFFFFFFFFFFFFFFFF8
:10A87000FFFFFFFFFFFFFFFFFFFFFFFFFFFFFFFFE8
:10A88000FFFFFFFFFFFFFFFFFFFFFFFFFFFFFFFFD8
:10A89000FFFFFFFFFFFFFFFFFFFFFFFFFFFFFFFFC8
:10A8A000FFFFFFFFFFFFFFFFFFFFFFFFFFFFFFFFB8
:10A8B000FFFFFFFFFFFFFFFFFFFFFFFFFFFFFFFFA8
:10A8C000FFFFFFFFFFFFFFFFFFFFFFFFFFFFFFFF98
:10A8D000FFFFFFFFFFFFFFFFFFFFFFFFFFFFFFFF88
:10A8E000FFFFFFFFFFFFFFFFFFFFFFFFFFFFFFFF78
:10A8F000FFFFFFFFFFFFFFFFFFFFFFFFFFFFFFFF68
:10A90000FFFFFFFFFFFFFFFFFFFFFFFFFFFFFFFF57
:10A91000FFFFFFFFFFFFFFFFFFFFFFFFFFFFFFFF47
:10A92000FFFFFFFFFFFFFFFFFFFFFFFFFFFFFFFF37
:10A93000FFFFFFFFFFFFFFFFFFFFFFFFFFFFFFFF27
:10A94000FFFFFFFFFFFFFFFFFFFFFFFFFFFFFFFF17
:10A95000FFFFFFFFFFFFFFFFFFFFFFFFFFFFFFFF07
:10A96000FFFFFFFFFFFFFFFFFFFFFFFFFFFFFFFFF7
:10A97000FFFFFFFFFFFFFFFFFFFFFFFFFFFFFFFFE7
:10A98000FFFFFFFFFFFFFFFFFFFFFFFFFFFFFFFFD7
:10A99000FFFFFFFFFFFFFFFFFFFFFFFFFFFFFFFFC7
:10A9A000FFFFFFFFFFFFFFFFFFFFFFFFFFFFFFFFB7
:10A9B000FFFFFFFFFFFFFFFFFFFFFFFFFFFFFFFFA7
:10A9C000FFFFFFFFFFFFFFFFFFFFFFFFFFFFFFFF97
:10A9D000FFFFFFFFFFFFFFFFFFFFFFFFFFFFFFFF87
:10A9E000FFFFFFFFFFFFFFFFFFFFFFFFFFFFFFFF77
:10A9F000FFFFFFFFFFFFFFFFFFFFFFFFFFFFFFFF67
:10AA0000FFFFFFFFFFFFFFFFFFFFFFFFFFFFFFFF56
:10AA1000FFFFFFFFFFFFFFFFFFFFFFFFFFFFFFFF46
:10AA2000FFFFFFFFFFFFFFFFFFFFFFFFFFFFFFFF36
:10AA3000FFFFFFFFFFFFFFFFFFFFFFFFFFFFFFFF26
:10AA4000FFFFFFFFFFFFFFFFFFFFFFFFFFFFFFFF16
:10AA5000FFFFFFFFFFFFFFFFFFFFFFFFFFFFFFFF06
:10AA6000FFFFFFFFFFFFFFFFFFFFFFFFFFFFFFFFF6
:10AA7000FFFFFFFFFFFFFFFFFFFFFFFFFFFFFFFFE6
:10AA8000FFFFFFFFFFFFFFFFFFFFFFFFFFFFFFFFD6
:10AA9000FFFFFFFFFFFFFFFFFFFFFFFFFFFFFFFFC6
:10AAA000FFFFFFFFFFFFFFFFFFFFFFFFFFFFFFFFB6
:10AAB000FFFFFFFFFFFFFFFFFFFFFFFFFFFFFFFFA6
:10AAC000FFFFFFFFFFFFFFFFFFFFFFFFFFFFFFFF96
:10AAD000FFFFFFFFFFFFFFFFFFFFFFFFFFFFFFFF86
:10AAE000FFFFFFFFFFFFFFFFFFFFFFFFFFFFFFFF76
:10AAF000FFFFFFFFFFFFFFFFFFFFFFFFFFFFFFFF66
:10AB0000FFFFFFFFFFFFFFFFFFFFFFFFFFFFFFFF55
:10AB1000FFFFFFFFFFFFFFFFFFFFFFFFFFFFFFFF45
:10AB2000FFFFFFFFFFFFFFFFFFFFFFFFFFFFFFFF35
:10AB3000FFFFFFFFFFFFFFFFFFFFFFFFFFFFFFFF25
:10AB4000FFFFFFFFFFFFFFFFFFFFFFFFFFFFFFFF15
:10AB5000FFFFFFFFFFFFFFFFFFFFFFFFFFFFFFFF05
:10AB6000FFFFFFFFFFFFFFFFFFFFFFFFFFFFFFFFF5
:10AB7000FFFFFFFFFFFFFFFFFFFFFFFFFFFFFFFFE5
:10AB8000FFFFFFFFFFFFFFFFFFFFFFFFFFFFFFFFD5
:10AB9000FFFFFFFFFFFFFFFFFFFFFFFFFFFFFFFFC5
:10ABA000FFFFFFFFFFFFFFFFFFFFFFFFFFFFFFFFB5
:10ABB000FFFFFFFFFFFFFFFFFFFFFFFFFFFFFFFFA5
:10ABC000FFFFFFFFFFFFFFFFFFFFFFFFFFFFFFFF95
:10ABD000FFFFFFFFFFFFFFFFFFFFFFFFFFFFFFFF85
:10ABE000FFFFFFFFFFFFFFFFFFFFFFFFFFFFFFFF75
:10ABF000FFFFFFFFFFFFFFFFFFFFFFFFFFFFFFFF65
:10AC0000FFFFFFFFFFFFFFFFFFFFFFFFFFFFFFFF54
:10AC1000FFFFFFFFFFFFFFFFFFFFFFFFFFFFFFFF44
:10AC2000FFFFFFFFFFFFFFFFFFFFFFFFFFFFFFFF34
:10AC3000FFFFFFFFFFFFFFFFFFFFFFFFFFFFFFFF24
:10AC4000FFFFFFFFFFFFFFFFFFFFFFFFFFFFFFFF14
:10AC5000FFFFFFFFFFFFFFFFFFFFFFFFFFFFFFFF04
:10AC6000FFFFFFFFFFFFFFFFFFFFFFFFFFFFFFFFF4
:10AC7000FFFFFFFFFFFFFFFFFFFFFFFFFFFFFFFFE4
:10AC8000FFFFFFFFFFFFFFFFFFFFFFFFFFFFFFFFD4
:10AC9000FFFFFFFFFFFFFFFFFFFFFFFFFFFFFFFFC4
:10ACA000FFFFFFFFFFFFFFFFFFFFFFFFFFFFFFFFB4
:10ACB000FFFFFFFFFFFFFFFFFFFFFFFFFFFFFFFFA4
:10ACC000FFFFFFFFFFFFFFFFFFFFFFFFFFFFFFFF94
:10ACD000FFFFFFFFFFFFFFFFFFFFFFFFFFFFFFFF84
:10ACE000FFFFFFFFFFFFFFFFFFFFFFFFFFFFFFFF74
:10ACF000FFFFFFFFFFFFFFFFFFFFFFFFFFFFFFFF64
:10AD0000FFFFFFFFFFFFFFFFFFFFFFFFFFFFFFFF53
:10AD1000FFFFFFFFFFFFFFFFFFFFFFFFFFFFFFFF43
:10AD2000FFFFFFFFFFFFFFFFFFFFFFFFFFFFFFFF33
:10AD3000FFFFFFFFFFFFFFFFFFFFFFFFFFFFFFFF23
:10AD4000FFFFFFFFFFFFFFFFFFFFFFFFFFFFFFFF13
:10AD5000FFFFFFFFFFFFFFFFFFFFFFFFFFFFFFFF03
:10AD6000FFFFFFFFFFFFFFFFFFFFFFFFFFFFFFFFF3
:10AD7000FFFFFFFFFFFFFFFFFFFFFFFFFFFFFFFFE3
:10AD8000FFFFFFFFFFFFFFFFFFFFFFFFFFFFFFFFD3
:10AD9000FFFFFFFFFFFFFFFFFFFFFFFFFFFFFFFFC3
:10ADA000FFFFFFFFFFFFFFFFFFFFFFFFFFFFFFFFB3
:10ADB000FFFFFFFFFFFFFFFFFFFFFFFFFFFFFFFFA3
:10ADC000FFFFFFFFFFFFFFFFFFFFFFFFFFFFFFFF93
:10ADD000FFFFFFFFFFFFFFFFFFFFFFFFFFFFFFFF83
:10ADE000FFFFFFFFFFFFFFFFFFFFFFFFFFFFFFFF73
:10ADF000FFFFFFFFFFFFFFFFFFFFFFFFFFFFFFFF63
:10AE0000FFFFFFFFFFFFFFFFFFFFFFFFFFFFFFFF52
:10AE1000FFFFFFFFFFFFFFFFFFFFFFFFFFFFFFFF42
:10AE2000FFFFFFFFFFFFFFFFFFFFFFFFFFFFFFFF32
:10AE3000FFFFFFFFFFFFFFFFFFFFFFFFFFFFFFFF22
:10AE4000FFFFFFFFFFFFFFFFFFFFFFFFFFFFFFFF12
:10AE5000FFFFFFFFFFFFFFFFFFFFFFFFFFFFFFFF02
:10AE6000FFFFFFFFFFFFFFFFFFFFFFFFFFFFFFFFF2
:10AE7000FFFFFFFFFFFFFFFFFFFFFFFFFFFFFFFFE2
:10AE8000FFFFFFFFFFFFFFFFFFFFFFFFFFFFFFFFD2
:10AE9000FFFFFFFFFFFFFFFFFFFFFFFFFFFFFFFFC2
:10AEA000FFFFFFFFFFFFFFFFFFFFFFFFFFFFFFFFB2
:10AEB000FFFFFFFFFFFFFFFFFFFFFFFFFFFFFFFFA2
:10AEC000FFFFFFFFFFFFFFFFFFFFFFFFFFFFFFFF92
:10AED000FFFFFFFFFFFFFFFFFFFFFFFFFFFFFFFF82
:10AEE000FFFFFFFFFFFFFFFFFFFFFFFFFFFFFFFF72
:10AEF000FFFFFFFFFFFFFFFFFFFFFFFFFFFFFFFF62
:10AF0000FFFFFFFFFFFFFFFFFFFFFFFFFFFFFFFF51
:10AF1000FFFFFFFFFFFFFFFFFFFFFFFFFFFFFFFF41
:10AF2000FFFFFFFFFFFFFFFFFFFFFFFFFFFFFFFF31
:10AF3000FFFFFFFFFFFFFFFFFFFFFFFFFFFFFFFF21
:10AF4000FFFFFFFFFFFFFFFFFFFFFFFFFFFFFFFF11
:10AF5000FFFFFFFFFFFFFFFFFFFFFFFFFFFFFFFF01
:10AF6000FFFFFFFFFFFFFFFFFFFFFFFFFFFFFFFFF1
:10AF7000FFFFFFFFFFFFFFFFFFFFFFFFFFFFFFFFE1
:10AF8000FFFFFFFFFFFFFFFFFFFFFFFFFFFFFFFFD1
:10AF9000FFFFFFFFFFFFFFFFFFFFFFFFFFFFFFFFC1
:10AFA000FFFFFFFFFFFFFFFFFFFFFFFFFFFFFFFFB1
:10AFB000FFFFFFFFFFFFFFFFFFFFFFFFFFFFFFFFA1
:10AFC000FFFFFFFFFFFFFFFFFFFFFFFFFFFFFFFF91
:10AFD000FFFFFFFFFFFFFFFFFFFFFFFFFFFFFFFF81
:10AFE000FFFFFFFFFFFFFFFFFFFFFFFFFFFFFFFF71
:10AFF000FFFFFFFFFFFFFFFFFFFFFFFFFFFFFFFF61
:10B00000FFFFFFFFFFFFFFFFFFFFFFFFFFFFFFFF50
:10B01000FFFFFFFFFFFFFFFFFFFFFFFFFFFFFFFF40
:10B02000FFFFFFFFFFFFFFFFFFFFFFFFFFFFFFFF30
:10B03000FFFFFFFFFFFFFFFFFFFFFFFFFFFFFFFF20
:10B04000FFFFFFFFFFFFFFFFFFFFFFFFFFFFFFFF10
:10B05000FFFFFFFFFFFFFFFFFFFFFFFFFFFFFFFF00
:10B06000FFFFFFFFFFFFFFFFFFFFFFFFFFFFFFFFF0
:10B07000FFFFFFFFFFFFFFFFFFFFFFFFFFFFFFFFE0
:10B08000FFFFFFFFFFFFFFFFFFFFFFFFFFFFFFFFD0
:10B09000FFFFFFFFFFFFFFFFFFFFFFFFFFFFFFFFC0
:10B0A000FFFFFFFFFFFFFFFFFFFFFFFFFFFFFFFFB0
:10B0B000FFFFFFFFFFFFFFFFFFFFFFFFFFFFFFFFA0
:10B0C000FFFFFFFFFFFFFFFFFFFFFFFFFFFFFFFF90
:10B0D000FFFFFFFFFFFFFFFFFFFFFFFFFFFFFFFF80
:10B0E000FFFFFFFFFFFFFFFFFFFFFFFFFFFFFFFF70
:10B0F000FFFFFFFFFFFFFFFFFFFFFFFFFFFFFFFF60
:10B10000FFFFFFFFFFFFFFFFFFFFFFFFFFFFFFFF4F
:10B11000FFFFFFFFFFFFFFFFFFFFFFFFFFFFFFFF3F
:10B12000FFFFFFFFFFFFFFFFFFFFFFFFFFFFFFFF2F
:10B13000FFFFFFFFFFFFFFFFFFFFFFFFFFFFFFFF1F
:10B14000FFFFFFFFFFFFFFFFFFFFFFFFFFFFFFFF0F
:10B15000FFFFFFFFFFFFFFFFFFFFFFFFFFFFFFFFFF
:10B16000FFFFFFFFFFFFFFFFFFFFFFFFFFFFFFFFEF
:10B17000FFFFFFFFFFFFFFFFFFFFFFFFFFFFFFFFDF
:10B18000FFFFFFFFFFFFFFFFFFFFFFFFFFFFFFFFCF
:10B19000FFFFFFFFFFFFFFFFFFFFFFFFFFFFFFFFBF
:10B1A000FFFFFFFFFFFFFFFFFFFFFFFFFFFFFFFFAF
:10B1B000FFFFFFFFFFFFFFFFFFFFFFFFFFFFFFFF9F
:10B1C000FFFFFFFFFFFFFFFFFFFFFFFFFFFFFFFF8F
:10B1D000FFFFFFFFFFFFFFFFFFFFFFFFFFFFFFFF7F
:10B1E000FFFFFFFFFFFFFFFFFFFFFFFFFFFFFFFF6F
:10B1F000FFFFFFFFFFFFFFFFFFFFFFFFFFFFFFFF5F
:10B20000FFFFFFFFFFFFFFFFFFFFFFFFFFFFFFFF4E
:10B21000FFFFFFFFFFFFFFFFFFFFFFFFFFFFFFFF3E
:10B22000FFFFFFFFFFFFFFFFFFFFFFFFFFFFFFFF2E
:10B23000FFFFFFFFFFFFFFFFFFFFFFFFFFFFFFFF1E
:10B24000FFFFFFFFFFFFFFFFFFFFFFFFFFFFFFFF0E
:10B25000FFFFFFFFFFFFFFFFFFFFFFFFFFFFFFFFFE
:10B26000FFFFFFFFFFFFFFFFFFFFFFFFFFFFFFFFEE
:10B27000FFFFFFFFFFFFFFFFFFFFFFFFFFFFFFFFDE
:10B28000FFFFFFFFFFFFFFFFFFFFFFFFFFFFFFFFCE
:10B29000FFFFFFFFFFFFFFFFFFFFFFFFFFFFFFFFBE
:10B2A000FFFFFFFFFFFFFFFFFFFFFFFFFFFFFFFFAE
:10B2B000FFFFFFFFFFFFFFFFFFFFFFFFFFFFFFFF9E
:10B2C000FFFFFFFFFFFFFFFFFFFFFFFFFFFFFFFF8E
:10B2D000FFFFFFFFFFFFFFFFFFFFFFFFFFFFFFFF7E
:10B2E000FFFFFFFFFFFFFFFFFFFFFFFFFFFFFFFF6E
:10B2F000FFFFFFFFFFFFFFFFFFFFFFFFFFFFFFFF5E
:10B30000FFFFFFFFFFFFFFFFFFFFFFFFFFFFFFFF4D
:10B31000FFFFFFFFFFFFFFFFFFFFFFFFFFFFFFFF3D
:10B32000FFFFFFFFFFFFFFFFFFFFFFFFFFFFFFFF2D
:10B33000FFFFFFFFFFFFFFFFFFFFFFFFFFFFFFFF1D
:10B34000FFFFFFFFFFFFFFFFFFFFFFFFFFFFFFFF0D
:10B35000FFFFFFFFFFFFFFFFFFFFFFFFFFFFFFFFFD
:10B36000FFFFFFFFFFFFFFFFFFFFFFFFFFFFFFFFED
:10B37000FFFFFFFFFFFFFFFFFFFFFFFFFFFFFFFFDD
:10B38000FFFFFFFFFFFFFFFFFFFFFFFFFFFFFFFFCD
:10B39000FFFFFFFFFFFFFFFFFFFFFFFFFFFFFFFFBD
:10B3A000FFFFFFFFFFFFFFFFFFFFFFFFFFFFFFFFAD
:10B3B000FFFFFFFFFFFFFFFFFFFFFFFFFFFFFFFF9D
:10B3C000FFFFFFFFFFFFFFFFFFFFFFFFFFFFFFFF8D
:10B3D000FFFFFFFFFFFFFFFFFFFFFFFFFFFFFFFF7D
:10B3E000FFFFFFFFFFFFFFFFFFFFFFFFFFFFFFFF6D
:10B3F000FFFFFFFFFFFFFFFFFFFFFFFFFFFFFFFF5D
:10B40000FFFFFFFFFFFFFFFFFFFFFFFFFFFFFFFF4C
:10B41000FFFFFFFFFFFFFFFFFFFFFFFFFFFFFFFF3C
:10B42000FFFFFFFFFFFFFFFFFFFFFFFFFFFFFFFF2C
:10B43000FFFFFFFFFFFFFFFFFFFFFFFFFFFFFFFF1C
:10B44000FFFFFFFFFFFFFFFFFFFFFFFFFFFFFFFF0C
:10B45000FFFFFFFFFFFFFFFFFFFFFFFFFFFFFFFFFC
:10B46000FFFFFFFFFFFFFFFFFFFFFFFFFFFFFFFFEC
:10B47000FFFFFFFFFFFFFFFFFFFFFFFFFFFFFFFFDC
:10B48000FFFFFFFFFFFFFFFFFFFFFFFFFFFFFFFFCC
:10B49000FFFFFFFFFFFFFFFFFFFFFFFFFFFFFFFFBC
:10B4A000FFFFFFFFFFFFFFFFFFFFFFFFFFFFFFFFAC
:10B4B000FFFFFFFFFFFFFFFFFFFFFFFFFFFFFFFF9C
:10B4C000FFFFFFFFFFFFFFFFFFFFFFFFFFFFFFFF8C
:10B4D000FFFFFFFFFFFFFFFFFFFFFFFFFFFFFFFF7C
:10B4E000FFFFFFFFFFFFFFFFFFFFFFFFFFFFFFFF6C
:10B4F000FFFFFFFFFFFFFFFFFFFFFFFFFFFFFFFF5C
:10B50000FFFFFFFFFFFFFFFFFFFFFFFFFFFFFFFF4B
:10B51000FFFFFFFFFFFFFFFFFFFFFFFFFFFFFFFF3B
:10B52000FFFFFFFFFFFFFFFFFFFFFFFFFFFFFFFF2B
:10B53000FFFFFFFFFFFFFFFFFFFFFFFFFFFFFFFF1B
:10B54000FFFFFFFFFFFFFFFFFFFFFFFFFFFFFFFF0B
:10B55000FFFFFFFFFFFFFFFFFFFFFFFFFFFFFFFFFB
:10B56000FFFFFFFFFFFFFFFFFFFFFFFFFFFFFFFFEB
:10B57000FFFFFFFFFFFFFFFFFFFFFFFFFFFFFFFFDB
:10B58000FFFFFFFFFFFFFFFFFFFFFFFFFFFFFFFFCB
:10B59000FFFFFFFFFFFFFFFFFFFFFFFFFFFFFFFFBB
:10B5A000FFFFFFFFFFFFFFFFFFFFFFFFFFFFFFFFAB
:10B5B000FFFFFFFFFFFFFFFFFFFFFFFFFFFFFFFF9B
:10B5C000FFFFFFFFFFFFFFFFFFFFFFFFFFFFFFFF8B
:10B5D000FFFFFFFFFFFFFFFFFFFFFFFFFFFFFFFF7B
:10B5E000FFFFFFFFFFFFFFFFFFFFFFFFFFFFFFFF6B
:10B5F000FFFFFFFFFFFFFFFFFFFFFFFFFFFFFFFF5B
:10B60000FFFFFFFFFFFFFFFFFFFFFFFFFFFFFFFF4A
:10B61000FFFFFFFFFFFFFFFFFFFFFFFFFFFFFFFF3A
:10B62000FFFFFFFFFFFFFFFFFFFFFFFFFFFFFFFF2A
:10B63000FFFFFFFFFFFFFFFFFFFFFFFFFFFFFFFF1A
:10B64000FFFFFFFFFFFFFFFFFFFFFFFFFFFFFFFF0A
:10B65000FFFFFFFFFFFFFFFFFFFFFFFFFFFFFFFFFA
:10B66000FFFFFFFFFFFFFFFFFFFFFFFFFFFFFFFFEA
:10B67000FFFFFFFFFFFFFFFFFFFFFFFFFFFFFFFFDA
:10B68000FFFFFFFFFFFFFFFFFFFFFFFFFFFFFFFFCA
:10B69000FFFFFFFFFFFFFFFFFFFFFFFFFFFFFFFFBA
:10B6A000FFFFFFFFFFFFFFFFFFFFFFFFFFFFFFFFAA
:10B6B000FFFFFFFFFFFFFFFFFFFFFFFFFFFFFFFF9A
:10B6C000FFFFFFFFFFFFFFFFFFFFFFFFFFFFFFFF8A
:10B6D000FFFFFFFFFFFFFFFFFFFFFFFFFFFFFFFF7A
:10B6E000FFFFFFFFFFFFFFFFFFFFFFFFFFFFFFFF6A
:10B6F000FFFFFFFFFFFFFFFFFFFFFFFFFFFFFFFF5A
:10B70000FFFFFFFFFFFFFFFFFFFFFFFFFFFFFFFF49
:10B71000FFFFFFFFFFFFFFFFFFFFFFFFFFFFFFFF39
:10B72000FFFFFFFFFFFFFFFFFFFFFFFFFFFFFFFF29
:10B73000FFFFFFFFFFFFFFFFFFFFFFFFFFFFFFFF19
:10B74000FFFFFFFFFFFFFFFFFFFFFFFFFFFFFFFF09
:10B75000FFFFFFFFFFFFFFFFFFFFFFFFFFFFFFFFF9
:10B76000FFFFFFFFFFFFFFFFFFFFFFFFFFFFFFFFE9
:10B77000FFFFFFFFFFFFFFFFFFFFFFFFFFFFFFFFD9
:10B78000FFFFFFFFFFFFFFFFFFFFFFFFFFFFFFFFC9
:10B79000FFFFFFFFFFFFFFFFFFFFFFFFFFFFFFFFB9
:10B7A000FFFFFFFFFFFFFFFFFFFFFFFFFFFFFFFFA9
:10B7B000FFFFFFFFFFFFFFFFFFFFFFFFFFFFFFFF99
:10B7C000FFFFFFFFFFFFFFFFFFFFFFFFFFFFFFFF89
:10B7D000FFFFFFFFFFFFFFFFFFFFFFFFFFFFFFFF79
:10B7E000FFFFFFFFFFFFFFFFFFFFFFFFFFFFFFFF69
:10B7F000FFFFFFFFFFFFFFFFFFFFFFFFFFFFFFFF59
:10B80000FFFFFFFFFFFFFFFFFFFFFFFFFFFFFFFF48
:10B81000FFFFFFFFFFFFFFFFFFFFFFFFFFFFFFFF38
:10B82000FFFFFFFFFFFFFFFFFFFFFFFFFFFFFFFF28
:10B83000FFFFFFFFFFFFFFFFFFFFFFFFFFFFFFFF18
:10B84000FFFFFFFFFFFFFFFFFFFFFFFFFFFFFFFF08
:10B85000FFFFFFFFFFFFFFFFFFFFFFFFFFFFFFFFF8
:10B86000FFFFFFFFFFFFFFFFFFFFFFFFFFFFFFFFE8
:10B87000FFFFFFFFFFFFFFFFFFFFFFFFFFFFFFFFD8
:10B88000FFFFFFFFFFFFFFFFFFFFFFFFFFFFFFFFC8
:10B89000FFFFFFFFFFFFFFFFFFFFFFFFFFFFFFFFB8
:10B8A000FFFFFFFFFFFFFFFFFFFFFFFFFFFFFFFFA8
:10B8B000FFFFFFFFFFFFFFFFFFFFFFFFFFFFFFFF98
:10B8C000FFFFFFFFFFFFFFFFFFFFFFFFFFFFFFFF88
:10B8D000FFFFFFFFFFFFFFFFFFFFFFFFFFFFFFFF78
:10B8E000FFFFFFFFFFFFFFFFFFFFFFFFFFFFFFFF68
:10B8F000FFFFFFFFFFFFFFFFFFFFFFFFFFFFFFFF58
:10B90000FFFFFFFFFFFFFFFFFFFFFFFFFFFFFFFF47
:10B91000FFFFFFFFFFFFFFFFFFFFFFFFFFFFFFFF37
:10B92000FFFFFFFFFFFFFFFFFFFFFFFFFFFFFFFF27
:10B93000FFFFFFFFFFFFFFFFFFFFFFFFFFFFFFFF17
:10B94000FFFFFFFFFFFFFFFFFFFFFFFFFFFFFFFF07
:10B95000FFFFFFFFFFFFFFFFFFFFFFFFFFFFFFFFF7
:10B96000FFFFFFFFFFFFFFFFFFFFFFFFFFFFFFFFE7
:10B97000FFFFFFFFFFFFFFFFFFFFFFFFFFFFFFFFD7
:10B98000FFFFFFFFFFFFFFFFFFFFFFFFFFFFFFFFC7
:10B99000FFFFFFFFFFFFFFFFFFFFFFFFFFFFFFFFB7
:10B9A000FFFFFFFFFFFFFFFFFFFFFFFFFFFFFFFFA7
:10B9B000FFFFFFFFFFFFFFFFFFFFFFFFFFFFFFFF97
:10B9C000FFFFFFFFFFFFFFFFFFFFFFFFFFFFFFFF87
:10B9D000FFFFFFFFFFFFFFFFFFFFFFFFFFFFFFFF77
:10B9E000FFFFFFFFFFFFFFFFFFFFFFFFFFFFFFFF67
:10B9F000FFFFFFFFFFFFFFFFFFFFFFFFFFFFFFFF57
:10BA0000FFFFFFFFFFFFFFFFFFFFFFFFFFFFFFFF46
:10BA1000FFFFFFFFFFFFFFFFFFFFFFFFFFFFFFFF36
:10BA2000FFFFFFFFFFFFFFFFFFFFFFFFFFFFFFFF26
:10BA3000FFFFFFFFFFFFFFFFFFFFFFFFFFFFFFFF16
:10BA4000FFFFFFFFFFFFFFFFFFFFFFFFFFFFFFFF06
:10BA5000FFFFFFFFFFFFFFFFFFFFFFFFFFFFFFFFF6
:10BA6000FFFFFFFFFFFFFFFFFFFFFFFFFFFFFFFFE6
:10BA7000FFFFFFFFFFFFFFFFFFFFFFFFFFFFFFFFD6
:10BA8000FFFFFFFFFFFFFFFFFFFFFFFFFFFFFFFFC6
:10BA9000FFFFFFFFFFFFFFFFFFFFFFFFFFFFFFFFB6
:10BAA000FFFFFFFFFFFFFFFFFFFFFFFFFFFFFFFFA6
:10BAB000FFFFFFFFFFFFFFFFFFFFFFFFFFFFFFFF96
:10BAC000FFFFFFFFFFFFFFFFFFFFFFFFFFFFFFFF86
:10BAD000FFFFFFFFFFFFFFFFFFFFFFFFFFFFFFFF76
:10BAE000FFFFFFFFFFFFFFFFFFFFFFFFFFFFFFFF66
:10BAF000FFFFFFFFFFFFFFFFFFFFFFFFFFFFFFFF56
:10BB0000FFFFFFFFFFFFFFFFFFFFFFFFFFFFFFFF45
:10BB1000FFFFFFFFFFFFFFFFFFFFFFFFFFFFFFFF35
:10BB2000FFFFFFFFFFFFFFFFFFFFFFFFFFFFFFFF25
:10BB3000FFFFFFFFFFFFFFFFFFFFFFFFFFFFFFFF15
:10BB4000FFFFFFFFFFFFFFFFFFFFFFFFFFFFFFFF05
:10BB5000FFFFFFFFFFFFFFFFFFFFFFFFFFFFFFFFF5
:10BB6000FFFFFFFFFFFFFFFFFFFFFFFFFFFFFFFFE5
:10BB7000FFFFFFFFFFFFFFFFFFFFFFFFFFFFFFFFD5
:10BB8000FFFFFFFFFFFFFFFFFFFFFFFFFFFFFFFFC5
:10BB9000FFFFFFFFFFFFFFFFFFFFFFFFFFFFFFFFB5
:10BBA000FFFFFFFFFFFFFFFFFFFFFFFFFFFFFFFFA5
:10BBB000FFFFFFFFFFFFFFFFFFFFFFFFFFFFFFFF95
:10BBC000FFFFFFFFFFFFFFFFFFFFFFFFFFFFFFFF85
:10BBD000FFFFFFFFFFFFFFFFFFFFFFFFFFFFFFFF75
:10BBE000FFFFFFFFFFFFFFFFFFFFFFFFFFFFFFFF65
:10BBF000FFFFFFFFFFFFFFFFFFFFFFFFFFFFFFFF55
:10BC0000FFFFFFFFFFFFFFFFFFFFFFFFFFFFFFFF44
:10BC1000FFFFFFFFFFFFFFFFFFFFFFFFFFFFFFFF34
:10BC2000FFFFFFFFFFFFFFFFFFFFFFFFFFFFFFFF24
:10BC3000FFFFFFFFFFFFFFFFFFFFFFFFFFFFFFFF14
:10BC4000FFFFFFFFFFFFFFFFFFFFFFFFFFFFFFFF04
:10BC5000FFFFFFFFFFFFFFFFFFFFFFFFFFFFFFFFF4
:10BC6000FFFFFFFFFFFFFFFFFFFFFFFFFFFFFFFFE4
:10BC7000FFFFFFFFFFFFFFFFFFFFFFFFFFFFFFFFD4
:10BC8000FFFFFFFFFFFFFFFFFFFFFFFFFFFFFFFFC4
:10BC9000FFFFFFFFFFFFFFFFFFFFFFFFFFFFFFFFB4
:10BCA000FFFFFFFFFFFFFFFFFFFFFFFFFFFFFFFFA4
:10BCB000FFFFFFFFFFFFFFFFFFFFFFFFFFFFFFFF94
:10BCC000FFFFFFFFFFFFFFFFFFFFFFFFFFFFFFFF84
:10BCD000FFFFFFFFFFFFFFFFFFFFFFFFFFFFFFFF74
:10BCE000FFFFFFFFFFFFFFFFFFFFFFFFFFFFFFFF64
:10BCF000FFFFFFFFFFFFFFFFFFFFFFFFFFFFFFFF54
:10BD0000FFFFFFFFFFFFFFFFFFFFFFFFFFFFFFFF43
:10BD1000FFFFFFFFFFFFFFFFFFFFFFFFFFFFFFFF33
:10BD2000FFFFFFFFFFFFFFFFFFFFFFFFFFFFFFFF23
:10BD3000FFFFFFFFFFFFFFFFFFFFFFFFFFFFFFFF13
:10BD4000FFFFFFFFFFFFFFFFFFFFFFFFFFFFFFFF03
:10BD5000FFFFFFFFFFFFFFFFFFFFFFFFFFFFFFFFF3
:10BD6000FFFFFFFFFFFFFFFFFFFFFFFFFFFFFFFFE3
:10BD7000FFFFFFFFFFFFFFFFFFFFFFFFFFFFFFFFD3
:10BD8000FFFFFFFFFFFFFFFFFFFFFFFFFFFFFFFFC3
:10BD9000FFFFFFFFFFFFFFFFFFFFFFFFFFFFFFFFB3
:10BDA000FFFFFFFFFFFFFFFFFFFFFFFFFFFFFFFFA3
:10BDB000FFFFFFFFFFFFFFFFFFFFFFFFFFFFFFFF93
:10BDC000FFFFFFFFFFFFFFFFFFFFFFFFFFFFFFFF83
:10BDD000FFFFFFFFFFFFFFFFFFFFFFFFFFFFFFFF73
:10BDE000FFFFFFFFFFFFFFFFFFFFFFFFFFFFFFFF63
:10BDF000FFFFFFFFFFFFFFFFFFFFFFFFFFFFFFFF53
:10BE0000FFFFFFFFFFFFFFFFFFFFFFFFFFFFFFFF42
:10BE1000FFFFFFFFFFFFFFFFFFFFFFFFFFFFFFFF32
:10BE2000FFFFFFFFFFFFFFFFFFFFFFFFFFFFFFFF22
:10BE3000FFFFFFFFFFFFFFFFFFFFFFFFFFFFFFFF12
:10BE4000FFFFFFFFFFFFFFFFFFFFFFFFFFFFFFFF02
:10BE5000FFFFFFFFFFFFFFFFFFFFFFFFFFFFFFFFF2
:10BE6000FFFFFFFFFFFFFFFFFFFFFFFFFFFFFFFFE2
:10BE7000FFFFFFFFFFFFFFFFFFFFFFFFFFFFFFFFD2
:10BE8000FFFFFFFFFFFFFFFFFFFFFFFFFFFFFFFFC2
:10BE9000FFFFFFFFFFFFFFFFFFFFFFFFFFFFFFFFB2
:10BEA000FFFFFFFFFFFFFFFFFFFFFFFFFFFFFFFFA2
:10BEB000FFFFFFFFFFFFFFFFFFFFFFFFFFFFFFFF92
:10BEC000FFFFFFFFFFFFFFFFFFFFFFFFFFFFFFFF82
:10BED000FFFFFFFFFFFFFFFFFFFFFFFFFFFFFFFF72
:10BEE000FFFFFFFFFFFFFFFFFFFFFFFFFFFFFFFF62
:10BEF000FFFFFFFFFFFFFFFFFFFFFFFFFFFFFFFF52
:10BF0000FFFFFFFFFFFFFFFFFFFFFFFFFFFFFFFF41
:10BF1000FFFFFFFFFFFFFFFFFFFFFFFFFFFFFFFF31
:10BF2000FFFFFFFFFFFFFFFFFFFFFFFFFFFFFFFF21
:10BF3000FFFFFFFFFFFFFFFFFFFFFFFFFFFFFFFF11
:10BF4000FFFFFFFFFFFFFFFFFFFFFFFFFFFFFFFF01
:10BF5000FFFFFFFFFFFFFFFFFFFFFFFFFFFFFFFFF1
:10BF6000FFFFFFFFFFFFFFFFFFFFFFFFFFFFFFFFE1
:10BF7000FFFFFFFFFFFFFFFFFFFFFFFFFFFFFFFFD1
:10BF8000FFFFFFFFFFFFFFFFFFFFFFFFFFFFFFFFC1
:10BF9000FFFFFFFFFFFFFFFFFFFFFFFFFFFFFFFFB1
:10BFA000FFFFFFFFFFFFFFFFFFFFFFFFFFFFFFFFA1
:10BFB000FFFFFFFFFFFFFFFFFFFFFFFFFFFFFFFF91
:10BFC000FFFFFFFFFFFFFFFFFFFFFFFFFFFFFFFF81
:10BFD000FFFFFFFFFFFFFFFFFFFFFFFFFFFFFFFF71
:10BFE000FFFFFFFFFFFFFFFFFFFFFFFFFFFFFFFF61
:10BFF000FFFFFFFFFFFFFFFFFFFFFFFFFFFFFFFF51
:10C00000FFFFFFFFFFFFFFFFFFFFFFFFFFFFFFFF40
:10C01000FFFFFFFFFFFFFFFFFFFFFFFFFFFFFFFF30
:10C02000FFFFFFFFFFFFFFFFFFFFFFFFFFFFFFFF20
:10C03000FFFFFFFFFFFFFFFFFFFFFFFFFFFFFFFF10
:10C04000FFFFFFFFFFFFFFFFFFFFFFFFFFFFFFFF00
:10C05000FFFFFFFFFFFFFFFFFFFFFFFFFFFFFFFFF0
:10C06000FFFFFFFFFFFFFFFFFFFFFFFFFFFFFFFFE0
:10C07000FFFFFFFFFFFFFFFFFFFFFFFFFFFFFFFFD0
:10C08000FFFFFFFFFFFFFFFFFFFFFFFFFFFFFFFFC0
:10C09000FFFFFFFFFFFFFFFFFFFFFFFFFFFFFFFFB0
:10C0A000FFFFFFFFFFFFFFFFFFFFFFFFFFFFFFFFA0
:10C0B000FFFFFFFFFFFFFFFFFFFFFFFFFFFFFFFF90
:10C0C000FFFFFFFFFFFFFFFFFFFFFFFFFFFFFFFF80
:10C0D000FFFFFFFFFFFFFFFFFFFFFFFFFFFFFFFF70
:10C0E000FFFFFFFFFFFFFFFFFFFFFFFFFFFFFFFF60
:10C0F000FFFFFFFFFFFFFFFFFFFFFFFFFFFFFFFF50
:10C10000FFFFFFFFFFFFFFFFFFFFFFFFFFFFFFFF3F
:10C11000FFFFFFFFFFFFFFFFFFFFFFFFFFFFFFFF2F
:10C12000FFFFFFFFFFFFFFFFFFFFFFFFFFFFFFFF1F
:10C13000FFFFFFFFFFFFFFFFFFFFFFFFFFFFFFFF0F
:10C14000FFFFFFFFFFFFFFFFFFFFFFFFFFFFFFFFFF
:10C15000FFFFFFFFFFFFFFFFFFFFFFFFFFFFFFFFEF
:10C16000FFFFFFFFFFFFFFFFFFFFFFFFFFFFFFFFDF
:10C17000FFFFFFFFFFFFFFFFFFFFFFFFFFFFFFFFCF
:10C18000FFFFFFFFFFFFFFFFFFFFFFFFFFFFFFFFBF
:10C19000FFFFFFFFFFFFFFFFFFFFFFFFFFFFFFFFAF
:10C1A000FFFFFFFFFFFFFFFFFFFFFFFFFFFFFFFF9F
:10C1B000FFFFFFFFFFFFFFFFFFFFFFFFFFFFFFFF8F
:10C1C000FFFFFFFFFFFFFFFFFFFFFFFFFFFFFFFF7F
:10C1D000FFFFFFFFFFFFFFFFFFFFFFFFFFFFFFFF6F
:10C1E000FFFFFFFFFFFFFFFFFFFFFFFFFFFFFFFF5F
:10C1F000FFFFFFFFFFFFFFFFFFFFFFFFFFFFFFFF4F
:10C20000FFFFFFFFFFFFFFFFFFFFFFFFFFFFFFFF3E
:10C21000FFFFFFFFFFFFFFFFFFFFFFFFFFFFFFFF2E
:10C22000FFFFFFFFFFFFFFFFFFFFFFFFFFFFFFFF1E
:10C23000FFFFFFFFFFFFFFFFFFFFFFFFFFFFFFFF0E
:10C24000FFFFFFFFFFFFFFFFFFFFFFFFFFFFFFFFFE
:10C25000FFFFFFFFFFFFFFFFFFFFFFFFFFFFFFFFEE
:10C26000FFFFFFFFFFFFFFFFFFFFFFFFFFFFFFFFDE
:10C27000FFFFFFFFFFFFFFFFFFFFFFFFFFFFFFFFCE
:10C28000FFFFFFFFFFFFFFFFFFFFFFFFFFFFFFFFBE
:10C29000FFFFFFFFFFFFFFFFFFFFFFFFFFFFFFFFAE
:10C2A000FFFFFFFFFFFFFFFFFFFFFFFFFFFFFFFF9E
:10C2B000FFFFFFFFFFFFFFFFFFFFFFFFFFFFFFFF8E
:10C2C000FFFFFFFFFFFFFFFFFFFFFFFFFFFFFFFF7E
:10C2D000FFFFFFFFFFFFFFFFFFFFFFFFFFFFFFFF6E
:10C2E000FFFFFFFFFFFFFFFFFFFFFFFFFFFFFFFF5E
:10C2F000FFFFFFFFFFFFFFFFFFFFFFFFFFFFFFFF4E
:10C30000FFFFFFFFFFFFFFFFFFFFFFFFFFFFFFFF3D
:10C31000FFFFFFFFFFFFFFFFFFFFFFFFFFFFFFFF2D
:10C32000FFFFFFFFFFFFFFFFFFFFFFFFFFFFFFFF1D
:10C33000FFFFFFFFFFFFFFFFFFFFFFFFFFFFFFFF0D
:10C34000FFFFFFFFFFFFFFFFFFFFFFFFFFFFFFFFFD
:10C35000FFFFFFFFFFFFFFFFFFFFFFFFFFFFFFFFED
:10C36000FFFFFFFFFFFFFFFFFFFFFFFFFFFFFFFFDD
:10C37000FFFFFFFFFFFFFFFFFFFFFFFFFFFFFFFFCD
:10C38000FFFFFFFFFFFFFFFFFFFFFFFFFFFFFFFFBD
:10C39000FFFFFFFFFFFFFFFFFFFFFFFFFFFFFFFFAD
:10C3A000FFFFFFFFFFFFFFFFFFFFFFFFFFFFFFFF9D
:10C3B000FFFFFFFFFFFFFFFFFFFFFFFFFFFFFFFF8D
:10C3C000FFFFFFFFFFFFFFFFFFFFFFFFFFFFFFFF7D
:10C3D000FFFFFFFFFFFFFFFFFFFFFFFFFFFFFFFF6D
:10C3E000FFFFFFFFFFFFFFFFFFFFFFFFFFFFFFFF5D
:10C3F000FFFFFFFFFFFFFFFFFFFFFFFFFFFFFFFF4D
:10C40000FFFFFFFFFFFFFFFFFFFFFFFFFFFFFFFF3C
:10C41000FFFFFFFFFFFFFFFFFFFFFFFFFFFFFFFF2C
:10C42000FFFFFFFFFFFFFFFFFFFFFFFFFFFFFFFF1C
:10C43000FFFFFFFFFFFFFFFFFFFFFFFFFFFFFFFF0C
:10C44000FFFFFFFFFFFFFFFFFFFFFFFFFFFFFFFFFC
:10C45000FFFFFFFFFFFFFFFFFFFFFFFFFFFFFFFFEC
:10C46000FFFFFFFFFFFFFFFFFFFFFFFFFFFFFFFFDC
:10C47000FFFFFFFFFFFFFFFFFFFFFFFFFFFFFFFFCC
:10C48000FFFFFFFFFFFFFFFFFFFFFFFFFFFFFFFFBC
:10C49000FFFFFFFFFFFFFFFFFFFFFFFFFFFFFFFFAC
:10C4A000FFFFFFFFFFFFFFFFFFFFFFFFFFFFFFFF9C
:10C4B000FFFFFFFFFFFFFFFFFFFFFFFFFFFFFFFF8C
:10C4C000FFFFFFFFFFFFFFFFFFFFFFFFFFFFFFFF7C
:10C4D000FFFFFFFFFFFFFFFFFFFFFFFFFFFFFFFF6C
:10C4E000FFFFFFFFFFFFFFFFFFFFFFFFFFFFFFFF5C
:10C4F000FFFFFFFFFFFFFFFFFFFFFFFFFFFFFFFF4C
:10C50000FFFFFFFFFFFFFFFFFFFFFFFFFFFFFFFF3B
:10C51000FFFFFFFFFFFFFFFFFFFFFFFFFFFFFFFF2B
:10C52000FFFFFFFFFFFFFFFFFFFFFFFFFFFFFFFF1B
:10C53000FFFFFFFFFFFFFFFFFFFFFFFFFFFFFFFF0B
:10C54000FFFFFFFFFFFFFFFFFFFFFFFFFFFFFFFFFB
:10C55000FFFFFFFFFFFFFFFFFFFFFFFFFFFFFFFFEB
:10C56000FFFFFFFFFFFFFFFFFFFFFFFFFFFFFFFFDB
:10C57000FFFFFFFFFFFFFFFFFFFFFFFFFFFFFFFFCB
:10C58000FFFFFFFFFFFFFFFFFFFFFFFFFFFFFFFFBB
:10C59000FFFFFFFFFFFFFFFFFFFFFFFFFFFFFFFFAB
:10C5A000FFFFFFFFFFFFFFFFFFFFFFFFFFFFFFFF9B
:10C5B000FFFFFFFFFFFFFFFFFFFFFFFFFFFFFFFF8B
:10C5C000FFFFFFFFFFFFFFFFFFFFFFFFFFFFFFFF7B
:10C5D000FFFFFFFFFFFFFFFFFFFFFFFFFFFFFFFF6B
:10C5E000FFFFFFFFFFFFFFFFFFFFFFFFFFFFFFFF5B
:10C5F000FFFFFFFFFFFFFFFFFFFFFFFFFFFFFFFF4B
:10C60000FFFFFFFFFFFFFFFFFFFFFFFFFFFFFFFF3A
:10C61000FFFFFFFFFFFFFFFFFFFFFFFFFFFFFFFF2A
:10C62000FFFFFFFFFFFFFFFFFFFFFFFFFFFFFFFF1A
:10C63000FFFFFFFFFFFFFFFFFFFFFFFFFFFFFFFF0A
:10C64000FFFFFFFFFFFFFFFFFFFFFFFFFFFFFFFFFA
:10C65000FFFFFFFFFFFFFFFFFFFFFFFFFFFFFFFFEA
:10C66000FFFFFFFFFFFFFFFFFFFFFFFFFFFFFFFFDA
:10C67000FFFFFFFFFFFFFFFFFFFFFFFFFFFFFFFFCA
:10C68000FFFFFFFFFFFFFFFFFFFFFFFFFFFFFFFFBA
:10C69000FFFFFFFFFFFFFFFFFFFFFFFFFFFFFFFFAA
:10C6A000FFFFFFFFFFFFFFFFFFFFFFFFFFFFFFFF9A
:10C6B000FFFFFFFFFFFFFFFFFFFFFFFFFFFFFFFF8A
:10C6C000FFFFFFFFFFFFFFFFFFFFFFFFFFFFFFFF7A
:10C6D000FFFFFFFFFFFFFFFFFFFFFFFFFFFFFFFF6A
:10C6E000FFFFFFFFFFFFFFFFFFFFFFFFFFFFFFFF5A
:10C6F000FFFFFFFFFFFFFFFFFFFFFFFFFFFFFFFF4A
:10C70000FFFFFFFFFFFFFFFFFFFFFFFFFFFFFFFF39
:10C71000FFFFFFFFFFFFFFFFFFFFFFFFFFFFFFFF29
:10C72000FFFFFFFFFFFFFFFFFFFFFFFFFFFFFFFF19
:10C73000FFFFFFFFFFFFFFFFFFFFFFFFFFFFFFFF09
:10C74000FFFFFFFFFFFFFFFFFFFFFFFFFFFFFFFFF9
:10C75000FFFFFFFFFFFFFFFFFFFFFFFFFFFFFFFFE9
:10C76000FFFFFFFFFFFFFFFFFFFFFFFFFFFFFFFFD9
:10C77000FFFFFFFFFFFFFFFFFFFFFFFFFFFFFFFFC9
:10C78000FFFFFFFFFFFFFFFFFFFFFFFFFFFFFFFFB9
:10C79000FFFFFFFFFFFFFFFFFFFFFFFFFFFFFFFFA9
:10C7A000FFFFFFFFFFFFFFFFFFFFFFFFFFFFFFFF99
:10C7B000FFFFFFFFFFFFFFFFFFFFFFFFFFFFFFFF89
:10C7C000FFFFFFFFFFFFFFFFFFFFFFFFFFFFFFFF79
:10C7D000FFFFFFFFFFFFFFFFFFFFFFFFFFFFFFFF69
:10C7E000FFFFFFFFFFFFFFFFFFFFFFFFFFFFFFFF59
:10C7F000FFFFFFFFFFFFFFFFFFFFFFFFFFFFFFFF49
:10C80000FFFFFFFFFFFFFFFFFFFFFFFFFFFFFFFF38
:10C81000FFFFFFFFFFFFFFFFFFFFFFFFFFFFFFFF28
:10C82000FFFFFFFFFFFFFFFFFFFFFFFFFFFFFFFF18
:10C83000FFFFFFFFFFFFFFFFFFFFFFFFFFFFFFFF08
:10C84000FFFFFFFFFFFFFFFFFFFFFFFFFFFFFFFFF8
:10C85000FFFFFFFFFFFFFFFFFFFFFFFFFFFFFFFFE8
:10C86000FFFFFFFFFFFFFFFFFFFFFFFFFFFFFFFFD8
:10C87000FFFFFFFFFFFFFFFFFFFFFFFFFFFFFFFFC8
:10C88000FFFFFFFFFFFFFFFFFFFFFFFFFFFFFFFFB8
:10C89000FFFFFFFFFFFFFFFFFFFFFFFFFFFFFFFFA8
:10C8A000FFFFFFFFFFFFFFFFFFFFFFFFFFFFFFFF98
:10C8B000FFFFFFFFFFFFFFFFFFFFFFFFFFFFFFFF88
:10C8C000FFFFFFFFFFFFFFFFFFFFFFFFFFFFFFFF78
:10C8D000FFFFFFFFFFFFFFFFFFFFFFFFFFFFFFFF68
:10C8E000FFFFFFFFFFFFFFFFFFFFFFFFFFFFFFFF58
:10C8F000FFFFFFFFFFFFFFFFFFFFFFFFFFFFFFFF48
:10C90000FFFFFFFFFFFFFFFFFFFFFFFFFFFFFFFF37
:10C91000FFFFFFFFFFFFFFFFFFFFFFFFFFFFFFFF27
:10C92000FFFFFFFFFFFFFFFFFFFFFFFFFFFFFFFF17
:10C93000FFFFFFFFFFFFFFFFFFFFFFFFFFFFFFFF07
:10C94000FFFFFFFFFFFFFFFFFFFFFFFFFFFFFFFFF7
:10C95000FFFFFFFFFFFFFFFFFFFFFFFFFFFFFFFFE7
:10C96000FFFFFFFFFFFFFFFFFFFFFFFFFFFFFFFFD7
:10C97000FFFFFFFFFFFFFFFFFFFFFFFFFFFFFFFFC7
:10C98000FFFFFFFFFFFFFFFFFFFFFFFFFFFFFFFFB7
:10C99000FFFFFFFFFFFFFFFFFFFFFFFFFFFFFFFFA7
:10C9A000FFFFFFFFFFFFFFFFFFFFFFFFFFFFFFFF97
:10C9B000FFFFFFFFFFFFFFFFFFFFFFFFFFFFFFFF87
:10C9C000FFFFFFFFFFFFFFFFFFFFFFFFFFFFFFFF77
:10C9D000FFFFFFFFFFFFFFFFFFFFFFFFFFFFFFFF67
:10C9E000FFFFFFFFFFFFFFFFFFFFFFFFFFFFFFFF57
:10C9F000FFFFFFFFFFFFFFFFFFFFFFFFFFFFFFFF47
:10CA0000FFFFFFFFFFFFFFFFFFFFFFFFFFFFFFFF36
:10CA1000FFFFFFFFFFFFFFFFFFFFFFFFFFFFFFFF26
:10CA2000FFFFFFFFFFFFFFFFFFFFFFFFFFFFFFFF16
:10CA3000FFFFFFFFFFFFFFFFFFFFFFFFFFFFFFFF06
:10CA4000FFFFFFFFFFFFFFFFFFFFFFFFFFFFFFFFF6
:10CA5000FFFFFFFFFFFFFFFFFFFFFFFFFFFFFFFFE6
:10CA6000FFFFFFFFFFFFFFFFFFFFFFFFFFFFFFFFD6
:10CA7000FFFFFFFFFFFFFFFFFFFFFFFFFFFFFFFFC6
:10CA8000FFFFFFFFFFFFFFFFFFFFFFFFFFFFFFFFB6
:10CA9000FFFFFFFFFFFFFFFFFFFFFFFFFFFFFFFFA6
:10CAA000FFFFFFFFFFFFFFFFFFFFFFFFFFFFFFFF96
:10CAB000FFFFFFFFFFFFFFFFFFFFFFFFFFFFFFFF86
:10CAC000FFFFFFFFFFFFFFFFFFFFFFFFFFFFFFFF76
:10CAD000FFFFFFFFFFFFFFFFFFFFFFFFFFFFFFFF66
:10CAE000FFFFFFFFFFFFFFFFFFFFFFFFFFFFFFFF56
:10CAF000FFFFFFFFFFFFFFFFFFFFFFFFFFFFFFFF46
:10CB0000FFFFFFFFFFFFFFFFFFFFFFFFFFFFFFFF35
:10CB1000FFFFFFFFFFFFFFFFFFFFFFFFFFFFFFFF25
:10CB2000FFFFFFFFFFFFFFFFFFFFFFFFFFFFFFFF15
:10CB3000FFFFFFFFFFFFFFFFFFFFFFFFFFFFFFFF05
:10CB4000FFFFFFFFFFFFFFFFFFFFFFFFFFFFFFFFF5
:10CB5000FFFFFFFFFFFFFFFFFFFFFFFFFFFFFFFFE5
:10CB6000FFFFFFFFFFFFFFFFFFFFFFFFFFFFFFFFD5
:10CB7000FFFFFFFFFFFFFFFFFFFFFFFFFFFFFFFFC5
:10CB8000FFFFFFFFFFFFFFFFFFFFFFFFFFFFFFFFB5
:10CB9000FFFFFFFFFFFFFFFFFFFFFFFFFFFFFFFFA5
:10CBA000FFFFFFFFFFFFFFFFFFFFFFFFFFFFFFFF95
:10CBB000FFFFFFFFFFFFFFFFFFFFFFFFFFFFFFFF85
:10CBC000FFFFFFFFFFFFFFFFFFFFFFFFFFFFFFFF75
:10CBD000FFFFFFFFFFFFFFFFFFFFFFFFFFFFFFFF65
:10CBE000FFFFFFFFFFFFFFFFFFFFFFFFFFFFFFFF55
:10CBF000FFFFFFFFFFFFFFFFFFFFFFFFFFFFFFFF45
:10CC0000FFFFFFFFFFFFFFFFFFFFFFFFFFFFFFFF34
:10CC1000FFFFFFFFFFFFFFFFFFFFFFFFFFFFFFFF24
:10CC2000FFFFFFFFFFFFFFFFFFFFFFFFFFFFFFFF14
:10CC3000FFFFFFFFFFFFFFFFFFFFFFFFFFFFFFFF04
:10CC4000FFFFFFFFFFFFFFFFFFFFFFFFFFFFFFFFF4
:10CC5000FFFFFFFFFFFFFFFFFFFFFFFFFFFFFFFFE4
:10CC6000FFFFFFFFFFFFFFFFFFFFFFFFFFFFFFFFD4
:10CC7000FFFFFFFFFFFFFFFFFFFFFFFFFFFFFFFFC4
:10CC8000FFFFFFFFFFFFFFFFFFFFFFFFFFFFFFFFB4
:10CC9000FFFFFFFFFFFFFFFFFFFFFFFFFFFFFFFFA4
:10CCA000FFFFFFFFFFFFFFFFFFFFFFFFFFFFFFFF94
:10CCB000FFFFFFFFFFFFFFFFFFFFFFFFFFFFFFFF84
:10CCC000FFFFFFFFFFFFFFFFFFFFFFFFFFFFFFFF74
:10CCD000FFFFFFFFFFFFFFFFFFFFFFFFFFFFFFFF64
:10CCE000FFFFFFFFFFFFFFFFFFFFFFFFFFFFFFFF54
:10CCF000FFFFFFFFFFFFFFFFFFFFFFFFFFFFFFFF44
:10CD0000FFFFFFFFFFFFFFFFFFFFFFFFFFFFFFFF33
:10CD1000FFFFFFFFFFFFFFFFFFFFFFFFFFFFFFFF23
:10CD2000FFFFFFFFFFFFFFFFFFFFFFFFFFFFFFFF13
:10CD3000FFFFFFFFFFFFFFFFFFFFFFFFFFFFFFFF03
:10CD4000FFFFFFFFFFFFFFFFFFFFFFFFFFFFFFFFF3
:10CD5000FFFFFFFFFFFFFFFFFFFFFFFFFFFFFFFFE3
:10CD6000FFFFFFFFFFFFFFFFFFFFFFFFFFFFFFFFD3
:10CD7000FFFFFFFFFFFFFFFFFFFFFFFFFFFFFFFFC3
:10CD8000FFFFFFFFFFFFFFFFFFFFFFFFFFFFFFFFB3
:10CD9000FFFFFFFFFFFFFFFFFFFFFFFFFFFFFFFFA3
:10CDA000FFFFFFFFFFFFFFFFFFFFFFFFFFFFFFFF93
:10CDB000FFFFFFFFFFFFFFFFFFFFFFFFFFFFFFFF83
:10CDC000FFFFFFFFFFFFFFFFFFFFFFFFFFFFFFFF73
:10CDD000FFFFFFFFFFFFFFFFFFFFFFFFFFFFFFFF63
:10CDE000FFFFFFFFFFFFFFFFFFFFFFFFFFFFFFFF53
:10CDF000FFFFFFFFFFFFFFFFFFFFFFFFFFFFFFFF43
:10CE0000FFFFFFFFFFFFFFFFFFFFFFFFFFFFFFFF32
:10CE1000FFFFFFFFFFFFFFFFFFFFFFFFFFFFFFFF22
:10CE2000FFFFFFFFFFFFFFFFFFFFFFFFFFFFFFFF12
:10CE3000FFFFFFFFFFFFFFFFFFFFFFFFFFFFFFFF02
:10CE4000FFFFFFFFFFFFFFFFFFFFFFFFFFFFFFFFF2
:10CE5000FFFFFFFFFFFFFFFFFFFFFFFFFFFFFFFFE2
:10CE6000FFFFFFFFFFFFFFFFFFFFFFFFFFFFFFFFD2
:10CE7000FFFFFFFFFFFFFFFFFFFFFFFFFFFFFFFFC2
:10CE8000FFFFFFFFFFFFFFFFFFFFFFFFFFFFFFFFB2
:10CE9000FFFFFFFFFFFFFFFFFFFFFFFFFFFFFFFFA2
:10CEA000FFFFFFFFFFFFFFFFFFFFFFFFFFFFFFFF92
:10CEB000FFFFFFFFFFFFFFFFFFFFFFFFFFFFFFFF82
:10CEC000FFFFFFFFFFFFFFFFFFFFFFFFFFFFFFFF72
:10CED000FFFFFFFFFFFFFFFFFFFFFFFFFFFFFFFF62
:10CEE000FFFFFFFFFFFFFFFFFFFFFFFFFFFFFFFF52
:10CEF000FFFFFFFFFFFFFFFFFFFFFFFFFFFFFFFF42
:10CF0000FFFFFFFFFFFFFFFFFFFFFFFFFFFFFFFF31
:10CF1000FFFFFFFFFFFFFFFFFFFFFFFFFFFFFFFF21
:10CF2000FFFFFFFFFFFFFFFFFFFFFFFFFFFFFFFF11
:10CF3000FFFFFFFFFFFFFFFFFFFFFFFFFFFFFFFF01
:10CF4000FFFFFFFFFFFFFFFFFFFFFFFFFFFFFFFFF1
:10CF5000FFFFFFFFFFFFFFFFFFFFFFFFFFFFFFFFE1
:10CF6000FFFFFFFFFFFFFFFFFFFFFFFFFFFFFFFFD1
:10CF7000FFFFFFFFFFFFFFFFFFFFFFFFFFFFFFFFC1
:10CF8000FFFFFFFFFFFFFFFFFFFFFFFFFFFFFFFFB1
:10CF9000FFFFFFFFFFFFFFFFFFFFFFFFFFFFFFFFA1
:10CFA000FFFFFFFFFFFFFFFFFFFFFFFFFFFFFFFF91
:10CFB000FFFFFFFFFFFFFFFFFFFFFFFFFFFFFFFF81
:10CFC000FFFFFFFFFFFFFFFFFFFFFFFFFFFFFFFF71
:10CFD000FFFFFFFFFFFFFFFFFFFFFFFFFFFFFFFF61
:10CFE000FFFFFFFFFFFFFFFFFFFFFFFFFFFFFFFF51
:10CFF000FFFFFFFFFFFFFFFFFFFFFFFFFFFFFFFF41
:10D00000FFFFFFFFFFFFFFFFFFFFFFFFFFFFFFFF30
:10D01000FFFFFFFFFFFFFFFFFFFFFFFFFFFFFFFF20
:10D02000FFFFFFFFFFFFFFFFFFFFFFFFFFFFFFFF10
:10D03000FFFFFFFFFFFFFFFFFFFFFFFFFFFFFFFF00
:10D04000FFFFFFFFFFFFFFFFFFFFFFFFFFFFFFFFF0
:10D05000FFFFFFFFFFFFFFFFFFFFFFFFFFFFFFFFE0
:10D06000FFFFFFFFFFFFFFFFFFFFFFFFFFFFFFFFD0
:10D07000FFFFFFFFFFFFFFFFFFFFFFFFFFFFFFFFC0
:10D08000FFFFFFFFFFFFFFFFFFFFFFFFFFFFFFFFB0
:10D09000FFFFFFFFFFFFFFFFFFFFFFFFFFFFFFFFA0
:10D0A000FFFFFFFFFFFFFFFFFFFFFFFFFFFFFFFF90
:10D0B000FFFFFFFFFFFFFFFFFFFFFFFFFFFFFFFF80
:10D0C000FFFFFFFFFFFFFFFFFFFFFFFFFFFFFFFF70
:10D0D000FFFFFFFFFFFFFFFFFFFFFFFFFFFFFFFF60
:10D0E000FFFFFFFFFFFFFFFFFFFFFFFFFFFFFFFF50
:10D0F000FFFFFFFFFFFFFFFFFFFFFFFFFFFFFFFF40
:10D10000FFFFFFFFFFFFFFFFFFFFFFFFFFFFFFFF2F
:10D11000FFFFFFFFFFFFFFFFFFFFFFFFFFFFFFFF1F
:10D12000FFFFFFFFFFFFFFFFFFFFFFFFFFFFFFFF0F
:10D13000FFFFFFFFFFFFFFFFFFFFFFFFFFFFFFFFFF
:10D14000FFFFFFFFFFFFFFFFFFFFFFFFFFFFFFFFEF
:10D15000FFFFFFFFFFFFFFFFFFFFFFFFFFFFFFFFDF
:10D16000FFFFFFFFFFFFFFFFFFFFFFFFFFFFFFFFCF
:10D17000FFFFFFFFFFFFFFFFFFFFFFFFFFFFFFFFBF
:10D18000FFFFFFFFFFFFFFFFFFFFFFFFFFFFFFFFAF
:10D19000FFFFFFFFFFFFFFFFFFFFFFFFFFFFFFFF9F
:10D1A000FFFFFFFFFFFFFFFFFFFFFFFFFFFFFFFF8F
:10D1B000FFFFFFFFFFFFFFFFFFFFFFFFFFFFFFFF7F
:10D1C000FFFFFFFFFFFFFFFFFFFFFFFFFFFFFFFF6F
:10D1D000FFFFFFFFFFFFFFFFFFFFFFFFFFFFFFFF5F
:10D1E000FFFFFFFFFFFFFFFFFFFFFFFFFFFFFFFF4F
:10D1F000FFFFFFFFFFFFFFFFFFFFFFFFFFFFFFFF3F
:10D20000FFFFFFFFFFFFFFFFFFFFFFFFFFFFFFFF2E
:10D21000FFFFFFFFFFFFFFFFFFFFFFFFFFFFFFFF1E
:10D22000FFFFFFFFFFFFFFFFFFFFFFFFFFFFFFFF0E
:10D23000FFFFFFFFFFFFFFFFFFFFFFFFFFFFFFFFFE
:10D24000FFFFFFFFFFFFFFFFFFFFFFFFFFFFFFFFEE
:10D25000FFFFFFFFFFFFFFFFFFFFFFFFFFFFFFFFDE
:10D26000FFFFFFFFFFFFFFFFFFFFFFFFFFFFFFFFCE
:10D27000FFFFFFFFFFFFFFFFFFFFFFFFFFFFFFFFBE
:10D28000FFFFFFFFFFFFFFFFFFFFFFFFFFFFFFFFAE
:10D29000FFFFFFFFFFFFFFFFFFFFFFFFFFFFFFFF9E
:10D2A000FFFFFFFFFFFFFFFFFFFFFFFFFFFFFFFF8E
:10D2B000FFFFFFFFFFFFFFFFFFFFFFFFFFFFFFFF7E
:10D2C000FFFFFFFFFFFFFFFFFFFFFFFFFFFFFFFF6E
:10D2D000FFFFFFFFFFFFFFFFFFFFFFFFFFFFFFFF5E
:10D2E000FFFFFFFFFFFFFFFFFFFFFFFFFFFFFFFF4E
:10D2F000FFFFFFFFFFFFFFFFFFFFFFFFFFFFFFFF3E
:10D30000FFFFFFFFFFFFFFFFFFFFFFFFFFFFFFFF2D
:10D31000FFFFFFFFFFFFFFFFFFFFFFFFFFFFFFFF1D
:10D32000FFFFFFFFFFFFFFFFFFFFFFFFFFFFFFFF0D
:10D33000FFFFFFFFFFFFFFFFFFFFFFFFFFFFFFFFFD
:10D34000FFFFFFFFFFFFFFFFFFFFFFFFFFFFFFFFED
:10D35000FFFFFFFFFFFFFFFFFFFFFFFFFFFFFFFFDD
:10D36000FFFFFFFFFFFFFFFFFFFFFFFFFFFFFFFFCD
:10D37000FFFFFFFFFFFFFFFFFFFFFFFFFFFFFFFFBD
:10D38000FFFFFFFFFFFFFFFFFFFFFFFFFFFFFFFFAD
:10D39000FFFFFFFFFFFFFFFFFFFFFFFFFFFFFFFF9D
:10D3A000FFFFFFFFFFFFFFFFFFFFFFFFFFFFFFFF8D
:10D3B000FFFFFFFFFFFFFFFFFFFFFFFFFFFFFFFF7D
:10D3C000FFFFFFFFFFFFFFFFFFFFFFFFFFFFFFFF6D
:10D3D000FFFFFFFFFFFFFFFFFFFFFFFFFFFFFFFF5D
:10D3E000FFFFFFFFFFFFFFFFFFFFFFFFFFFFFFFF4D
:10D3F000FFFFFFFFFFFFFFFFFFFFFFFFFFFFFFFF3D
:10D40000FFFFFFFFFFFFFFFFFFFFFFFFFFFFFFFF2C
:10D41000FFFFFFFFFFFFFFFFFFFFFFFFFFFFFFFF1C
:10D42000FFFFFFFFFFFFFFFFFFFFFFFFFFFFFFFF0C
:10D43000FFFFFFFFFFFFFFFFFFFFFFFFFFFFFFFFFC
:10D44000FFFFFFFFFFFFFFFFFFFFFFFFFFFFFFFFEC
:10D45000FFFFFFFFFFFFFFFFFFFFFFFFFFFFFFFFDC
:10D46000FFFFFFFFFFFFFFFFFFFFFFFFFFFFFFFFCC
:10D47000FFFFFFFFFFFFFFFFFFFFFFFFFFFFFFFFBC
:10D48000FFFFFFFFFFFFFFFFFFFFFFFFFFFFFFFFAC
:10D49000FFFFFFFFFFFFFFFFFFFFFFFFFFFFFFFF9C
:10D4A000FFFFFFFFFFFFFFFFFFFFFFFFFFFFFFFF8C
:10D4B000FFFFFFFFFFFFFFFFFFFFFFFFFFFFFFFF7C
:10D4C000FFFFFFFFFFFFFFFFFFFFFFFFFFFFFFFF6C
:10D4D000FFFFFFFFFFFFFFFFFFFFFFFFFFFFFFFF5C
:10D4E000FFFFFFFFFFFFFFFFFFFFFFFFFFFFFFFF4C
:10D4F000FFFFFFFFFFFFFFFFFFFFFFFFFFFFFFFF3C
:10D50000FFFFFFFFFFFFFFFFFFFFFFFFFFFFFFFF2B
:10D51000FFFFFFFFFFFFFFFFFFFFFFFFFFFFFFFF1B
:10D52000FFFFFFFFFFFFFFFFFFFFFFFFFFFFFFFF0B
:10D53000FFFFFFFFFFFFFFFFFFFFFFFFFFFFFFFFFB
:10D54000FFFFFFFFFFFFFFFFFFFFFFFFFFFFFFFFEB
:10D55000FFFFFFFFFFFFFFFFFFFFFFFFFFFFFFFFDB
:10D56000FFFFFFFFFFFFFFFFFFFFFFFFFFFFFFFFCB
:10D57000FFFFFFFFFFFFFFFFFFFFFFFFFFFFFFFFBB
:10D58000FFFFFFFFFFFFFFFFFFFFFFFFFFFFFFFFAB
:10D59000FFFFFFFFFFFFFFFFFFFFFFFFFFFFFFFF9B
:10D5A000FFFFFFFFFFFFFFFFFFFFFFFFFFFFFFFF8B
:10D5B000FFFFFFFFFFFFFFFFFFFFFFFFFFFFFFFF7B
:10D5C000FFFFFFFFFFFFFFFFFFFFFFFFFFFFFFFF6B
:10D5D000FFFFFFFFFFFFFFFFFFFFFFFFFFFFFFFF5B
:10D5E000FFFFFFFFFFFFFFFFFFFFFFFFFFFFFFFF4B
:10D5F000FFFFFFFFFFFFFFFFFFFFFFFFFFFFFFFF3B
:10D60000FFFFFFFFFFFFFFFFFFFFFFFFFFFFFFFF2A
:10D61000FFFFFFFFFFFFFFFFFFFFFFFFFFFFFFFF1A
:10D62000FFFFFFFFFFFFFFFFFFFFFFFFFFFFFFFF0A
:10D63000FFFFFFFFFFFFFFFFFFFFFFFFFFFFFFFFFA
:10D64000FFFFFFFFFFFFFFFFFFFFFFFFFFFFFFFFEA
:10D65000FFFFFFFFFFFFFFFFFFFFFFFFFFFFFFFFDA
:10D66000FFFFFFFFFFFFFFFFFFFFFFFFFFFFFFFFCA
:10D67000FFFFFFFFFFFFFFFFFFFFFFFFFFFFFFFFBA
:10D68000FFFFFFFFFFFFFFFFFFFFFFFFFFFFFFFFAA
:10D69000FFFFFFFFFFFFFFFFFFFFFFFFFFFFFFFF9A
:10D6A000FFFFFFFFFFFFFFFFFFFFFFFFFFFFFFFF8A
:10D6B000FFFFFFFFFFFFFFFFFFFFFFFFFFFFFFFF7A
:10D6C000FFFFFFFFFFFFFFFFFFFFFFFFFFFFFFFF6A
:10D6D000FFFFFFFFFFFFFFFFFFFFFFFFFFFFFFFF5A
:10D6E000FFFFFFFFFFFFFFFFFFFFFFFFFFFFFFFF4A
:10D6F000FFFFFFFFFFFFFFFFFFFFFFFFFFFFFFFF3A
:10D70000FFFFFFFFFFFFFFFFFFFFFFFFFFFFFFFF29
:10D71000FFFFFFFFFFFFFFFFFFFFFFFFFFFFFFFF19
:10D72000FFFFFFFFFFFFFFFFFFFFFFFFFFFFFFFF09
:10D73000FFFFFFFFFFFFFFFFFFFFFFFFFFFFFFFFF9
:10D74000FFFFFFFFFFFFFFFFFFFFFFFFFFFFFFFFE9
:10D75000FFFFFFFFFFFFFFFFFFFFFFFFFFFFFFFFD9
:10D76000FFFFFFFFFFFFFFFFFFFFFFFFFFFFFFFFC9
:10D77000FFFFFFFFFFFFFFFFFFFFFFFFFFFFFFFFB9
:10D78000FFFFFFFFFFFFFFFFFFFFFFFFFFFFFFFFA9
:10D79000FFFFFFFFFFFFFFFFFFFFFFFFFFFFFFFF99
:10D7A000FFFFFFFFFFFFFFFFFFFFFFFFFFFFFFFF89
:10D7B000FFFFFFFFFFFFFFFFFFFFFFFFFFFFFFFF79
:10D7C000FFFFFFFFFFFFFFFFFFFFFFFFFFFFFFFF69
:10D7D000FFFFFFFFFFFFFFFFFFFFFFFFFFFFFFFF59
:10D7E000FFFFFFFFFFFFFFFFFFFFFFFFFFFFFFFF49
:10D7F000FFFFFFFFFFFFFFFFFFFFFFFFFFFFFFFF39
:10D80000FFFFFFFFFFFFFFFFFFFFFFFFFFFFFFFF28
:10D81000FFFFFFFFFFFFFFFFFFFFFFFFFFFFFFFF18
:10D82000FFFFFFFFFFFFFFFFFFFFFFFFFFFFFFFF08
:10D83000FFFFFFFFFFFFFFFFFFFFFFFFFFFFFFFFF8
:10D84000FFFFFFFFFFFFFFFFFFFFFFFFFFFFFFFFE8
:10D85000FFFFFFFFFFFFFFFFFFFFFFFFFFFFFFFFD8
:10D86000FFFFFFFFFFFFFFFFFFFFFFFFFFFFFFFFC8
:10D87000FFFFFFFFFFFFFFFFFFFFFFFFFFFFFFFFB8
:10D88000FFFFFFFFFFFFFFFFFFFFFFFFFFFFFFFFA8
:10D89000FFFFFFFFFFFFFFFFFFFFFFFFFFFFFFFF98
:10D8A000FFFFFFFFFFFFFFFFFFFFFFFFFFFFFFFF88
:10D8B000FFFFFFFFFFFFFFFFFFFFFFFFFFFFFFFF78
:10D8C000FFFFFFFFFFFFFFFFFFFFFFFFFFFFFFFF68
:10D8D000FFFFFFFFFFFFFFFFFFFFFFFFFFFFFFFF58
:10D8E000FFFFFFFFFFFFFFFFFFFFFFFFFFFFFFFF48
:10D8F000FFFFFFFFFFFFFFFFFFFFFFFFFFFFFFFF38
:10D90000FFFFFFFFFFFFFFFFFFFFFFFFFFFFFFFF27
:10D91000FFFFFFFFFFFFFFFFFFFFFFFFFFFFFFFF17
:10D92000FFFFFFFFFFFFFFFFFFFFFFFFFFFFFFFF07
:10D93000FFFFFFFFFFFFFFFFFFFFFFFFFFFFFFFFF7
:10D94000FFFFFFFFFFFFFFFFFFFFFFFFFFFFFFFFE7
:10D95000FFFFFFFFFFFFFFFFFFFFFFFFFFFFFFFFD7
:10D96000FFFFFFFFFFFFFFFFFFFFFFFFFFFFFFFFC7
:10D97000FFFFFFFFFFFFFFFFFFFFFFFFFFFFFFFFB7
:10D98000FFFFFFFFFFFFFFFFFFFFFFFFFFFFFFFFA7
:10D99000FFFFFFFFFFFFFFFFFFFFFFFFFFFFFFFF97
:10D9A000FFFFFFFFFFFFFFFFFFFFFFFFFFFFFFFF87
:10D9B000FFFFFFFFFFFFFFFFFFFFFFFFFFFFFFFF77
:10D9C000FFFFFFFFFFFFFFFFFFFFFFFFFFFFFFFF67
:10D9D000FFFFFFFFFFFFFFFFFFFFFFFFFFFFFFFF57
:10D9E000FFFFFFFFFFFFFFFFFFFFFFFFFFFFFFFF47
:10D9F000FFFFFFFFFFFFFFFFFFFFFFFFFFFFFFFF37
:10DA0000FFFFFFFFFFFFFFFFFFFFFFFFFFFFFFFF26
:10DA1000FFFFFFFFFFFFFFFFFFFFFFFFFFFFFFFF16
:10DA2000FFFFFFFFFFFFFFFFFFFFFFFFFFFFFFFF06
:10DA3000FFFFFFFFFFFFFFFFFFFFFFFFFFFFFFFFF6
:10DA4000FFFFFFFFFFFFFFFFFFFFFFFFFFFFFFFFE6
:10DA5000FFFFFFFFFFFFFFFFFFFFFFFFFFFFFFFFD6
:10DA6000FFFFFFFFFFFFFFFFFFFFFFFFFFFFFFFFC6
:10DA7000FFFFFFFFFFFFFFFFFFFFFFFFFFFFFFFFB6
:10DA8000FFFFFFFFFFFFFFFFFFFFFFFFFFFFFFFFA6
:10DA9000FFFFFFFFFFFFFFFFFFFFFFFFFFFFFFFF96
:10DAA000FFFFFFFFFFFFFFFFFFFFFFFFFFFFFFFF86
:10DAB000FFFFFFFFFFFFFFFFFFFFFFFFFFFFFFFF76
:10DAC000FFFFFFFFFFFFFFFFFFFFFFFFFFFFFFFF66
:10DAD000FFFFFFFFFFFFFFFFFFFFFFFFFFFFFFFF56
:10DAE000FFFFFFFFFFFFFFFFFFFFFFFFFFFFFFFF46
:10DAF000FFFFFFFFFFFFFFFFFFFFFFFFFFFFFFFF36
:10DB0000FFFFFFFFFFFFFFFFFFFFFFFFFFFFFFFF25
:10DB1000FFFFFFFFFFFFFFFFFFFFFFFFFFFFFFFF15
:10DB2000FFFFFFFFFFFFFFFFFFFFFFFFFFFFFFFF05
:10DB3000FFFFFFFFFFFFFFFFFFFFFFFFFFFFFFFFF5
:10DB4000FFFFFFFFFFFFFFFFFFFFFFFFFFFFFFFFE5
:10DB5000FFFFFFFFFFFFFFFFFFFFFFFFFFFFFFFFD5
:10DB6000FFFFFFFFFFFFFFFFFFFFFFFFFFFFFFFFC5
:10DB7000FFFFFFFFFFFFFFFFFFFFFFFFFFFFFFFFB5
:10DB8000FFFFFFFFFFFFFFFFFFFFFFFFFFFFFFFFA5
:10DB9000FFFFFFFFFFFFFFFFFFFFFFFFFFFFFFFF95
:10DBA000FFFFFFFFFFFFFFFFFFFFFFFFFFFFFFFF85
:10DBB000FFFFFFFFFFFFFFFFFFFFFFFFFFFFFFFF75
:10DBC000FFFFFFFFFFFFFFFFFFFFFFFFFFFFFFFF65
:10DBD000FFFFFFFFFFFFFFFFFFFFFFFFFFFFFFFF55
:10DBE000FFFFFFFFFFFFFFFFFFFFFFFFFFFFFFFF45
:10DBF000FFFFFFFFFFFFFFFFFFFFFFFFFFFFFFFF35
:10DC0000FFFFFFFFFFFFFFFFFFFFFFFFFFFFFFFF24
:10DC1000FFFFFFFFFFFFFFFFFFFFFFFFFFFFFFFF14
:10DC2000FFFFFFFFFFFFFFFFFFFFFFFFFFFFFFFF04
:10DC3000FFFFFFFFFFFFFFFFFFFFFFFFFFFFFFFFF4
:10DC4000FFFFFFFFFFFFFFFFFFFFFFFFFFFFFFFFE4
:10DC5000FFFFFFFFFFFFFFFFFFFFFFFFFFFFFFFFD4
:10DC6000FFFFFFFFFFFFFFFFFFFFFFFFFFFFFFFFC4
:10DC7000FFFFFFFFFFFFFFFFFFFFFFFFFFFFFFFFB4
:10DC8000FFFFFFFFFFFFFFFFFFFFFFFFFFFFFFFFA4
:10DC9000FFFFFFFFFFFFFFFFFFFFFFFFFFFFFFFF94
:10DCA000FFFFFFFFFFFFFFFFFFFFFFFFFFFFFFFF84
:10DCB000FFFFFFFFFFFFFFFFFFFFFFFFFFFFFFFF74
:10DCC000FFFFFFFFFFFFFFFFFFFFFFFFFFFFFFFF64
:10DCD000FFFFFFFFFFFFFFFFFFFFFFFFFFFFFFFF54
:10DCE000FFFFFFFFFFFFFFFFFFFFFFFFFFFFFFFF44
:10DCF000FFFFFFFFFFFFFFFFFFFFFFFFFFFFFFFF34
:10DD0000FFFFFFFFFFFFFFFFFFFFFFFFFFFFFFFF23
:10DD1000FFFFFFFFFFFFFFFFFFFFFFFFFFFFFFFF13
:10DD2000FFFFFFFFFFFFFFFFFFFFFFFFFFFFFFFF03
:10DD3000FFFFFFFFFFFFFFFFFFFFFFFFFFFFFFFFF3
:10DD4000FFFFFFFFFFFFFFFFFFFFFFFFFFFFFFFFE3
:10DD5000FFFFFFFFFFFFFFFFFFFFFFFFFFFFFFFFD3
:10DD6000FFFFFFFFFFFFFFFFFFFFFFFFFFFFFFFFC3
:10DD7000FFFFFFFFFFFFFFFFFFFFFFFFFFFFFFFFB3
:10DD8000FFFFFFFFFFFFFFFFFFFFFFFFFFFFFFFFA3
:10DD9000FFFFFFFFFFFFFFFFFFFFFFFFFFFFFFFF93
:10DDA000FFFFFFFFFFFFFFFFFFFFFFFFFFFFFFFF83
:10DDB000FFFFFFFFFFFFFFFFFFFFFFFFFFFFFFFF73
:10DDC000FFFFFFFFFFFFFFFFFFFFFFFFFFFFFFFF63
:10DDD000FFFFFFFFFFFFFFFFFFFFFFFFFFFFFFFF53
:10DDE000FFFFFFFFFFFFFFFFFFFFFFFFFFFFFFFF43
:10DDF000FFFFFFFFFFFFFFFFFFFFFFFFFFFFFFFF33
:10DE0000FFFFFFFFFFFFFFFFFFFFFFFFFFFFFFFF22
:10DE1000FFFFFFFFFFFFFFFFFFFFFFFFFFFFFFFF12
:10DE2000FFFFFFFFFFFFFFFFFFFFFFFFFFFFFFFF02
:10DE3000FFFFFFFFFFFFFFFFFFFFFFFFFFFFFFFFF2
:10DE4000FFFFFFFFFFFFFFFFFFFFFFFFFFFFFFFFE2
:10DE5000FFFFFFFFFFFFFFFFFFFFFFFFFFFFFFFFD2
:10DE6000FFFFFFFFFFFFFFFFFFFFFFFFFFFFFFFFC2
:10DE7000FFFFFFFFFFFFFFFFFFFFFFFFFFFFFFFFB2
:10DE8000FFFFFFFFFFFFFFFFFFFFFFFFFFFFFFFFA2
:10DE9000FFFFFFFFFFFFFFFFFFFFFFFFFFFFFFFF92
:10DEA000FFFFFFFFFFFFFFFFFFFFFFFFFFFFFFFF82
:10DEB000FFFFFFFFFFFFFFFFFFFFFFFFFFFFFFFF72
:10DEC000FFFFFFFFFFFFFFFFFFFFFFFFFFFFFFFF62
:10DED000FFFFFFFFFFFFFFFFFFFFFFFFFFFFFFFF52
:10DEE000FFFFFFFFFFFFFFFFFFFFFFFFFFFFFFFF42
:10DEF000FFFFFFFFFFFFFFFFFFFFFFFFFFFFFFFF32
:10DF0000FFFFFFFFFFFFFFFFFFFFFFFFFFFFFFFF21
:10DF1000FFFFFFFFFFFFFFFFFFFFFFFFFFFFFFFF11
:10DF2000FFFFFFFFFFFFFFFFFFFFFFFFFFFFFFFF01
:10DF3000FFFFFFFFFFFFFFFFFFFFFFFFFFFFFFFFF1
:10DF4000FFFFFFFFFFFFFFFFFFFFFFFFFFFFFFFFE1
:10DF5000FFFFFFFFFFFFFFFFFFFFFFFFFFFFFFFFD1
:10DF6000FFFFFFFFFFFFFFFFFFFFFFFFFFFFFFFFC1
:10DF7000FFFFFFFFFFFFFFFFFFFFFFFFFFFFFFFFB1
:10DF8000FFFFFFFFFFFFFFFFFFFFFFFFFFFFFFFFA1
:10DF9000FFFFFFFFFFFFFFFFFFFFFFFFFFFFFFFF91
:10DFA000FFFFFFFFFFFFFFFFFFFFFFFFFFFFFFFF81
:10DFB000FFFFFFFFFFFFFFFFFFFFFFFFFFFFFFFF71
:10DFC000FFFFFFFFFFFFFFFFFFFFFFFFFFFFFFFF61
:10DFD000FFFFFFFFFFFFFFFFFFFFFFFFFFFFFFFF51
:10DFE000FFFFFFFFFFFFFFFFFFFFFFFFFFFFFFFF41
:10DFF000FFFFFFFFFFFFFFFFFFFFFFFFFFFFFFFF31
:10E00000FFFFFFFFFFFFFFFFFFFFFFFFFFFFFFFF20
:10E01000FFFFFFFFFFFFFFFFFFFFFFFFFFFFFFFF10
:10E02000FFFFFFFFFFFFFFFFFFFFFFFFFFFFFFFF00
:10E03000FFFFFFFFFFFFFFFFFFFFFFFFFFFFFFFFF0
:10E04000FFFFFFFFFFFFFFFFFFFFFFFFFFFFFFFFE0
:10E05000FFFFFFFFFFFFFFFFFFFFFFFFFFFFFFFFD0
:10E06000FFFFFFFFFFFFFFFFFFFFFFFFFFFFFFFFC0
:10E07000FFFFFFFFFFFFFFFFFFFFFFFFFFFFFFFFB0
:10E08000FFFFFFFFFFFFFFFFFFFFFFFFFFFFFFFFA0
:10E09000FFFFFFFFFFFFFFFFFFFFFFFFFFFFFFFF90
:10E0A000FFFFFFFFFFFFFFFFFFFFFFFFFFFFFFFF80
:10E0B000FFFFFFFFFFFFFFFFFFFFFFFFFFFFFFFF70
:10E0C000FFFFFFFFFFFFFFFFFFFFFFFFFFFFFFFF60
:10E0D000FFFFFFFFFFFFFFFFFFFFFFFFFFFFFFFF50
:10E0E000FFFFFFFFFFFFFFFFFFFFFFFFFFFFFFFF40
:10E0F000FFFFFFFFFFFFFFFFFFFFFFFFFFFFFFFF30
:10E10000FFFFFFFFFFFFFFFFFFFFFFFFFFFFFFFF1F
:10E11000FFFFFFFFFFFFFFFFFFFFFFFFFFFFFFFF0F
:10E12000FFFFFFFFFFFFFFFFFFFFFFFFFFFFFFFFFF
:10E13000FFFFFFFFFFFFFFFFFFFFFFFFFFFFFFFFEF
:10E14000FFFFFFFFFFFFFFFFFFFFFFFFFFFFFFFFDF
:10E15000FFFFFFFFFFFFFFFFFFFFFFFFFFFFFFFFCF
:10E16000FFFFFFFFFFFFFFFFFFFFFFFFFFFFFFFFBF
:10E17000FFFFFFFFFFFFFFFFFFFFFFFFFFFFFFFFAF
:10E18000FFFFFFFFFFFFFFFFFFFFFFFFFFFFFFFF9F
:10E19000FFFFFFFFFFFFFFFFFFFFFFFFFFFFFFFF8F
:10E1A000FFFFFFFFFFFFFFFFFFFFFFFFFFFFFFFF7F
:10E1B000FFFFFFFFFFFFFFFFFFFFFFFFFFFFFFFF6F
:10E1C000FFFFFFFFFFFFFFFFFFFFFFFFFFFFFFFF5F
:10E1D000FFFFFFFFFFFFFFFFFFFFFFFFFFFFFFFF4F
:10E1E000FFFFFFFFFFFFFFFFFFFFFFFFFFFFFFFF3F
:10E1F000FFFFFFFFFFFFFFFFFFFFFFFFFFFFFFFF2F
:10E20000FFFFFFFFFFFFFFFFFFFFFFFFFFFFFFFF1E
:10E21000FFFFFFFFFFFFFFFFFFFFFFFFFFFFFFFF0E
:10E22000FFFFFFFFFFFFFFFFFFFFFFFFFFFFFFFFFE
:10E23000FFFFFFFFFFFFFFFFFFFFFFFFFFFFFFFFEE
:10E24000FFFFFFFFFFFFFFFFFFFFFFFFFFFFFFFFDE
:10E25000FFFFFFFFFFFFFFFFFFFFFFFFFFFFFFFFCE
:10E26000FFFFFFFFFFFFFFFFFFFFFFFFFFFFFFFFBE
:10E27000FFFFFFFFFFFFFFFFFFFFFFFFFFFFFFFFAE
:10E28000FFFFFFFFFFFFFFFFFFFFFFFFFFFFFFFF9E
:10E29000FFFFFFFFFFFFFFFFFFFFFFFFFFFFFFFF8E
:10E2A000FFFFFFFFFFFFFFFFFFFFFFFFFFFFFFFF7E
:10E2B000FFFFFFFFFFFFFFFFFFFFFFFFFFFFFFFF6E
:10E2C000FFFFFFFFFFFFFFFFFFFFFFFFFFFFFFFF5E
:10E2D000FFFFFFFFFFFFFFFFFFFFFFFFFFFFFFFF4E
:10E2E000FFFFFFFFFFFFFFFFFFFFFFFFFFFFFFFF3E
:10E2F000FFFFFFFFFFFFFFFFFFFFFFFFFFFFFFFF2E
:10E30000FFFFFFFFFFFFFFFFFFFFFFFFFFFFFFFF1D
:10E31000FFFFFFFFFFFFFFFFFFFFFFFFFFFFFFFF0D
:10E32000FFFFFFFFFFFFFFFFFFFFFFFFFFFFFFFFFD
:10E33000FFFFFFFFFFFFFFFFFFFFFFFFFFFFFFFFED
:10E34000FFFFFFFFFFFFFFFFFFFFFFFFFFFFFFFFDD
:10E35000FFFFFFFFFFFFFFFFFFFFFFFFFFFFFFFFCD
:10E36000FFFFFFFFFFFFFFFFFFFFFFFFFFFFFFFFBD
:10E37000FFFFFFFFFFFFFFFFFFFFFFFFFFFFFFFFAD
:10E38000FFFFFFFFFFFFFFFFFFFFFFFFFFFFFFFF9D
:10E39000FFFFFFFFFFFFFFFFFFFFFFFFFFFFFFFF8D
:10E3A000FFFFFFFFFFFFFFFFFFFFFFFFFFFFFFFF7D
:10E3B000FFFFFFFFFFFFFFFFFFFFFFFFFFFFFFFF6D
:10E3C000FFFFFFFFFFFFFFFFFFFFFFFFFFFFFFFF5D
:10E3D000FFFFFFFFFFFFFFFFFFFFFFFFFFFFFFFF4D
:10E3E000FFFFFFFFFFFFFFFFFFFFFFFFFFFFFFFF3D
:10E3F000FFFFFFFFFFFFFFFFFFFFFFFFFFFFFFFF2D
:10E40000FFFFFFFFFFFFFFFFFFFFFFFFFFFFFFFF1C
:10E41000FFFFFFFFFFFFFFFFFFFFFFFFFFFFFFFF0C
:10E42000FFFFFFFFFFFFFFFFFFFFFFFFFFFFFFFFFC
:10E43000FFFFFFFFFFFFFFFFFFFFFFFFFFFFFFFFEC
:10E44000FFFFFFFFFFFFFFFFFFFFFFFFFFFFFFFFDC
:10E45000FFFFFFFFFFFFFFFFFFFFFFFFFFFFFFFFCC
:10E46000FFFFFFFFFFFFFFFFFFFFFFFFFFFFFFFFBC
:10E47000FFFFFFFFFFFFFFFFFFFFFFFFFFFFFFFFAC
:10E48000FFFFFFFFFFFFFFFFFFFFFFFFFFFFFFFF9C
:10E49000FFFFFFFFFFFFFFFFFFFFFFFFFFFFFFFF8C
:10E4A000FFFFFFFFFFFFFFFFFFFFFFFFFFFFFFFF7C
:10E4B000FFFFFFFFFFFFFFFFFFFFFFFFFFFFFFFF6C
:10E4C000FFFFFFFFFFFFFFFFFFFFFFFFFFFFFFFF5C
:10E4D000FFFFFFFFFFFFFFFFFFFFFFFFFFFFFFFF4C
:10E4E000FFFFFFFFFFFFFFFFFFFFFFFFFFFFFFFF3C
:10E4F000FFFFFFFFFFFFFFFFFFFFFFFFFFFFFFFF2C
:10E50000FFFFFFFFFFFFFFFFFFFFFFFFFFFFFFFF1B
:10E51000FFFFFFFFFFFFFFFFFFFFFFFFFFFFFFFF0B
:10E52000FFFFFFFFFFFFFFFFFFFFFFFFFFFFFFFFFB
:10E53000FFFFFFFFFFFFFFFFFFFFFFFFFFFFFFFFEB
:10E54000FFFFFFFFFFFFFFFFFFFFFFFFFFFFFFFFDB
:10E55000FFFFFFFFFFFFFFFFFFFFFFFFFFFFFFFFCB
:10E56000FFFFFFFFFFFFFFFFFFFFFFFFFFFFFFFFBB
:10E57000FFFFFFFFFFFFFFFFFFFFFFFFFFFFFFFFAB
:10E58000FFFFFFFFFFFFFFFFFFFFFFFFFFFFFFFF9B
:10E59000FFFFFFFFFFFFFFFFFFFFFFFFFFFFFFFF8B
:10E5A000FFFFFFFFFFFFFFFFFFFFFFFFFFFFFFFF7B
:10E5B000FFFFFFFFFFFFFFFFFFFFFFFFFFFFFFFF6B
:10E5C000FFFFFFFFFFFFFFFFFFFFFFFFFFFFFFFF5B
:10E5D000FFFFFFFFFFFFFFFFFFFFFFFFFFFFFFFF4B
:10E5E000FFFFFFFFFFFFFFFFFFFFFFFFFFFFFFFF3B
:10E5F000FFFFFFFFFFFFFFFFFFFFFFFFFFFFFFFF2B
:10E60000FFFFFFFFFFFFFFFFFFFFFFFFFFFFFFFF1A
:10E61000FFFFFFFFFFFFFFFFFFFFFFFFFFFFFFFF0A
:10E62000FFFFFFFFFFFFFFFFFFFFFFFFFFFFFFFFFA
:10E63000FFFFFFFFFFFFFFFFFFFFFFFFFFFFFFFFEA
:10E64000FFFFFFFFFFFFFFFFFFFFFFFFFFFFFFFFDA
:10E65000FFFFFFFFFFFFFFFFFFFFFFFFFFFFFFFFCA
:10E66000FFFFFFFFFFFFFFFFFFFFFFFFFFFFFFFFBA
:10E67000FFFFFFFFFFFFFFFFFFFFFFFFFFFFFFFFAA
:10E68000FFFFFFFFFFFFFFFFFFFFFFFFFFFFFFFF9A
:10E69000FFFFFFFFFFFFFFFFFFFFFFFFFFFFFFFF8A
:10E6A000FFFFFFFFFFFFFFFFFFFFFFFFFFFFFFFF7A
:10E6B000FFFFFFFFFFFFFFFFFFFFFFFFFFFFFFFF6A
:10E6C000FFFFFFFFFFFFFFFFFFFFFFFFFFFFFFFF5A
:10E6D000FFFFFFFFFFFFFFFFFFFFFFFFFFFFFFFF4A
:10E6E000FFFFFFFFFFFFFFFFFFFFFFFFFFFFFFFF3A
:10E6F000FFFFFFFFFFFFFFFFFFFFFFFFFFFFFFFF2A
:10E70000FFFFFFFFFFFFFFFFFFFFFFFFFFFFFFFF19
:10E71000FFFFFFFFFFFFFFFFFFFFFFFFFFFFFFFF09
:10E72000FFFFFFFFFFFFFFFFFFFFFFFFFFFFFFFFF9
:10E73000FFFFFFFFFFFFFFFFFFFFFFFFFFFFFFFFE9
:10E74000FFFFFFFFFFFFFFFFFFFFFFFFFFFFFFFFD9
:10E75000FFFFFFFFFFFFFFFFFFFFFFFFFFFFFFFFC9
:10E76000FFFFFFFFFFFFFFFFFFFFFFFFFFFFFFFFB9
:10E77000FFFFFFFFFFFFFFFFFFFFFFFFFFFFFFFFA9
:10E78000FFFFFFFFFFFFFFFFFFFFFFFFFFFFFFFF99
:10E79000FFFFFFFFFFFFFFFFFFFFFFFFFFFFFFFF89
:10E7A000FFFFFFFFFFFFFFFFFFFFFFFFFFFFFFFF79
:10E7B000FFFFFFFFFFFFFFFFFFFFFFFFFFFFFFFF69
:10E7C000FFFFFFFFFFFFFFFFFFFFFFFFFFFFFFFF59
:10E7D000FFFFFFFFFFFFFFFFFFFFFFFFFFFFFFFF49
:10E7E000FFFFFFFFFFFFFFFFFFFFFFFFFFFFFFFF39
:10E7F000FFFFFFFFFFFFFFFFFFFFFFFFFFFFFFFF29
:10E80000FFFFFFFFFFFFFFFFFFFFFFFFFFFFFFFF18
:10E81000FFFFFFFFFFFFFFFFFFFFFFFFFFFFFFFF08
:10E82000FFFFFFFFFFFFFFFFFFFFFFFFFFFFFFFFF8
:10E83000FFFFFFFFFFFFFFFFFFFFFFFFFFFFFFFFE8
:10E84000FFFFFFFFFFFFFFFFFFFFFFFFFFFFFFFFD8
:10E85000FFFFFFFFFFFFFFFFFFFFFFFFFFFFFFFFC8
:10E86000FFFFFFFFFFFFFFFFFFFFFFFFFFFFFFFFB8
:10E87000FFFFFFFFFFFFFFFFFFFFFFFFFFFFFFFFA8
:10E88000FFFFFFFFFFFFFFFFFFFFFFFFFFFFFFFF98
:10E89000FFFFFFFFFFFFFFFFFFFFFFFFFFFFFFFF88
:10E8A000FFFFFFFFFFFFFFFFFFFFFFFFFFFFFFFF78
:10E8B000FFFFFFFFFFFFFFFFFFFFFFFFFFFFFFFF68
:10E8C000FFFFFFFFFFFFFFFFFFFFFFFFFFFFFFFF58
:10E8D000FFFFFFFFFFFFFFFFFFFFFFFFFFFFFFFF48
:10E8E000FFFFFFFFFFFFFFFFFFFFFFFFFFFFFFFF38
:10E8F000FFFFFFFFFFFFFFFFFFFFFFFFFFFFFFFF28
:10E90000FFFFFFFFFFFFFFFFFFFFFFFFFFFFFFFF17
:10E91000FFFFFFFFFFFFFFFFFFFFFFFFFFFFFFFF07
:10E92000FFFFFFFFFFFFFFFFFFFFFFFFFFFFFFFFF7
:10E93000FFFFFFFFFFFFFFFFFFFFFFFFFFFFFFFFE7
:10E94000FFFFFFFFFFFFFFFFFFFFFFFFFFFFFFFFD7
:10E95000FFFFFFFFFFFFFFFFFFFFFFFFFFFFFFFFC7
:10E96000FFFFFFFFFFFFFFFFFFFFFFFFFFFFFFFFB7
:10E97000FFFFFFFFFFFFFFFFFFFFFFFFFFFFFFFFA7
:10E98000FFFFFFFFFFFFFFFFFFFFFFFFFFFFFFFF97
:10E99000FFFFFFFFFFFFFFFFFFFFFFFFFFFFFFFF87
:10E9A000FFFFFFFFFFFFFFFFFFFFFFFFFFFFFFFF77
:10E9B000FFFFFFFFFFFFFFFFFFFFFFFFFFFFFFFF67
:10E9C000FFFFFFFFFFFFFFFFFFFFFFFFFFFFFFFF57
:10E9D000FFFFFFFFFFFFFFFFFFFFFFFFFFFFFFFF47
:10E9E000FFFFFFFFFFFFFFFFFFFFFFFFFFFFFFFF37
:10E9F000FFFFFFFFFFFFFFFFFFFFFFFFFFFFFFFF27
:10EA0000FFFFFFFFFFFFFFFFFFFFFFFFFFFFFFFF16
:10EA1000FFFFFFFFFFFFFFFFFFFFFFFFFFFFFFFF06
:10EA2000FFFFFFFFFFFFFFFFFFFFFFFFFFFFFFFFF6
:10EA3000FFFFFFFFFFFFFFFFFFFFFFFFFFFFFFFFE6
:10EA4000FFFFFFFFFFFFFFFFFFFFFFFFFFFFFFFFD6
:10EA5000FFFFFFFFFFFFFFFFFFFFFFFFFFFFFFFFC6
:10EA6000FFFFFFFFFFFFFFFFFFFFFFFFFFFFFFFFB6
:10EA7000FFFFFFFFFFFFFFFFFFFFFFFFFFFFFFFFA6
:10EA8000FFFFFFFFFFFFFFFFFFFFFFFFFFFFFFFF96
:10EA9000FFFFFFFFFFFFFFFFFFFFFFFFFFFFFFFF86
:10EAA000FFFFFFFFFFFFFFFFFFFFFFFFFFFFFFFF76
:10EAB000FFFFFFFFFFFFFFFFFFFFFFFFFFFFFFFF66
:10EAC000FFFFFFFFFFFFFFFFFFFFFFFFFFFFFFFF56
:10EAD000FFFFFFFFFFFFFFFFFFFFFFFFFFFFFFFF46
:10EAE000FFFFFFFFFFFFFFFFFFFFFFFFFFFFFFFF36
:10EAF000FFFFFFFFFFFFFFFFFFFFFFFFFFFFFFFF26
:10EB0000FFFFFFFFFFFFFFFFFFFFFFFFFFFFFFFF15
:10EB1000FFFFFFFFFFFFFFFFFFFFFFFFFFFFFFFF05
:10EB2000FFFFFFFFFFFFFFFFFFFFFFFFFFFFFFFFF5
:10EB3000FFFFFFFFFFFFFFFFFFFFFFFFFFFFFFFFE5
:10EB4000FFFFFFFFFFFFFFFFFFFFFFFFFFFFFFFFD5
:10EB5000FFFFFFFFFFFFFFFFFFFFFFFFFFFFFFFFC5
:10EB6000FFFFFFFFFFFFFFFFFFFFFFFFFFFFFFFFB5
:10EB7000FFFFFFFFFFFFFFFFFFFFFFFFFFFFFFFFA5
:10EB8000FFFFFFFFFFFFFFFFFFFFFFFFFFFFFFFF95
:10EB9000FFFFFFFFFFFFFFFFFFFFFFFFFFFFFFFF85
:10EBA000FFFFFFFFFFFFFFFFFFFFFFFFFFFFFFFF75
:10EBB000FFFFFFFFFFFFFFFFFFFFFFFFFFFFFFFF65
:10EBC000FFFFFFFFFFFFFFFFFFFFFFFFFFFFFFFF55
:10EBD000FFFFFFFFFFFFFFFFFFFFFFFFFFFFFFFF45
:10EBE000FFFFFFFFFFFFFFFFFFFFFFFFFFFFFFFF35
:10EBF000FFFFFFFFFFFFFFFFFFFFFFFFFFFFFFFF25
:10EC0000FFFFFFFFFFFFFFFFFFFFFFFFFFFFFFFF14
:10EC1000FFFFFFFFFFFFFFFFFFFFFFFFFFFFFFFF04
:10EC2000FFFFFFFFFFFFFFFFFFFFFFFFFFFFFFFFF4
:10EC3000FFFFFFFFFFFFFFFFFFFFFFFFFFFFFFFFE4
:10EC4000FFFFFFFFFFFFFFFFFFFFFFFFFFFFFFFFD4
:10EC5000FFFFFFFFFFFFFFFFFFFFFFFFFFFFFFFFC4
:10EC6000FFFFFFFFFFFFFFFFFFFFFFFFFFFFFFFFB4
:10EC7000FFFFFFFFFFFFFFFFFFFFFFFFFFFFFFFFA4
:10EC8000FFFFFFFFFFFFFFFFFFFFFFFFFFFFFFFF94
:10EC9000FFFFFFFFFFFFFFFFFFFFFFFFFFFFFFFF84
:10ECA000FFFFFFFFFFFFFFFFFFFFFFFFFFFFFFFF74
:10ECB000FFFFFFFFFFFFFFFFFFFFFFFFFFFFFFFF64
:10ECC000FFFFFFFFFFFFFFFFFFFFFFFFFFFFFFFF54
:10ECD000FFFFFFFFFFFFFFFFFFFFFFFFFFFFFFFF44
:10ECE000FFFFFFFFFFFFFFFFFFFFFFFFFFFFFFFF34
:10ECF000FFFFFFFFFFFFFFFFFFFFFFFFFFFFFFFF24
:10ED0000FFFFFFFFFFFFFFFFFFFFFFFFFFFFFFFF13
:10ED1000FFFFFFFFFFFFFFFFFFFFFFFFFFFFFFFF03
:10ED2000FFFFFFFFFFFFFFFFFFFFFFFFFFFFFFFFF3
:10ED3000FFFFFFFFFFFFFFFFFFFFFFFFFFFFFFFFE3
:10ED4000FFFFFFFFFFFFFFFFFFFFFFFFFFFFFFFFD3
:10ED5000FFFFFFFFFFFFFFFFFFFFFFFFFFFFFFFFC3
:10ED6000FFFFFFFFFFFFFFFFFFFFFFFFFFFFFFFFB3
:10ED7000FFFFFFFFFFFFFFFFFFFFFFFFFFFFFFFFA3
:10ED8000FFFFFFFFFFFFFFFFFFFFFFFFFFFFFFFF93
:10ED9000FFFFFFFFFFFFFFFFFFFFFFFFFFFFFFFF83
:10EDA000FFFFFFFFFFFFFFFFFFFFFFFFFFFFFFFF73
:10EDB000FFFFFFFFFFFFFFFFFFFFFFFFFFFFFFFF63
:10EDC000FFFFFFFFFFFFFFFFFFFFFFFFFFFFFFFF53
:10EDD000FFFFFFFFFFFFFFFFFFFFFFFFFFFFFFFF43
:10EDE000FFFFFFFFFFFFFFFFFFFFFFFFFFFFFFFF33
:10EDF000FFFFFFFFFFFFFFFFFFFFFFFFFFFFFFFF23
:10EE0000FFFFFFFFFFFFFFFFFFFFFFFFFFFFFFFF12
:10EE1000FFFFFFFFFFFFFFFFFFFFFFFFFFFFFFFF02
:10EE2000FFFFFFFFFFFFFFFFFFFFFFFFFFFFFFFFF2
:10EE3000FFFFFFFFFFFFFFFFFFFFFFFFFFFFFFFFE2
:10EE4000FFFFFFFFFFFFFFFFFFFFFFFFFFFFFFFFD2
:10EE5000FFFFFFFFFFFFFFFFFFFFFFFFFFFFFFFFC2
:10EE6000FFFFFFFFFFFFFFFFFFFFFFFFFFFFFFFFB2
:10EE7000FFFFFFFFFFFFFFFFFFFFFFFFFFFFFFFFA2
:10EE8000FFFFFFFFFFFFFFFFFFFFFFFFFFFFFFFF92
:10EE9000FFFFFFFFFFFFFFFFFFFFFFFFFFFFFFFF82
:10EEA000FFFFFFFFFFFFFFFFFFFFFFFFFFFFFFFF72
:10EEB000FFFFFFFFFFFFFFFFFFFFFFFFFFFFFFFF62
:10EEC000FFFFFFFFFFFFFFFFFFFFFFFFFFFFFFFF52
:10EED000FFFFFFFFFFFFFFFFFFFFFFFFFFFFFFFF42
:10EEE000FFFFFFFFFFFFFFFFFFFFFFFFFFFFFFFF32
:10EEF000FFFFFFFFFFFFFFFFFFFFFFFFFFFFFFFF22
:10EF0000FFFFFFFFFFFFFFFFFFFFFFFFFFFFFFFF11
:10EF1000FFFFFFFFFFFFFFFFFFFFFFFFFFFFFFFF01
:10EF2000FFFFFFFFFFFFFFFFFFFFFFFFFFFFFFFFF1
:10EF3000FFFFFFFFFFFFFFFFFFFFFFFFFFFFFFFFE1
:10EF4000FFFFFFFFFFFFFFFFFFFFFFFFFFFFFFFFD1
:10EF5000FFFFFFFFFFFFFFFFFFFFFFFFFFFFFFFFC1
:10EF6000FFFFFFFFFFFFFFFFFFFFFFFFFFFFFFFFB1
:10EF7000FFFFFFFFFFFFFFFFFFFFFFFFFFFFFFFFA1
:10EF8000FFFFFFFFFFFFFFFFFFFFFFFFFFFFFFFF91
:10EF9000FFFFFFFFFFFFFFFFFFFFFFFFFFFFFFFF81
:10EFA000FFFFFFFFFFFFFFFFFFFFFFFFFFFFFFFF71
:10EFB000FFFFFFFFFFFFFFFFFFFFFFFFFFFFFFFF61
:10EFC000FFFFFFFFFFFFFFFFFFFFFFFFFFFFFFFF51
:10EFD000FFFFFFFFFFFFFFFFFFFFFFFFFFFFFFFF41
:10EFE000FFFFFFFFFFFFFFFFFFFFFFFFFFFFFFFF31
:10EFF000FFFFFFFFFFFFFFFFFFFFFFFFFFFFFFFF21
:10F00000FFFFFFFFFFFFFFFFFFFFFFFFFFFFFFFF10
:10F01000FFFFFFFFFFFFFFFFFFFFFFFFFFFFFFFF00
:10F02000FFFFFFFFFFFFFFFFFFFFFFFFFFFFFFFFF0
:10F03000FFFFFFFFFFFFFFFFFFFFFFFFFFFFFFFFE0
:10F04000FFFFFFFFFFFFFFFFFFFFFFFFFFFFFFFFD0
:10F05000FFFFFFFFFFFFFFFFFFFFFFFFFFFFFFFFC0
:10F06000FFFFFFFFFFFFFFFFFFFFFFFFFFFFFFFFB0
:10F07000FFFFFFFFFFFFFFFFFFFFFFFFFFFFFFFFA0
:10F08000FFFFFFFFFFFFFFFFFFFFFFFFFFFFFFFF90
:10F09000FFFFFFFFFFFFFFFFFFFFFFFFFFFFFFFF80
:10F0A000FFFFFFFFFFFFFFFFFFFFFFFFFFFFFFFF70
:10F0B000FFFFFFFFFFFFFFFFFFFFFFFFFFFFFFFF60
:10F0C000FFFFFFFFFFFFFFFFFFFFFFFFFFFFFFFF50
:10F0D000FFFFFFFFFFFFFFFFFFFFFFFFFFFFFFFF40
:10F0E000FFFFFFFFFFFFFFFFFFFFFFFFFFFFFFFF30
:10F0F000FFFFFFFFFFFFFFFFFFFFFFFFFFFFFFFF20
:10F10000FFFFFFFFFFFFFFFFFFFFFFFFFFFFFFFF0F
:10F11000FFFFFFFFFFFFFFFFFFFFFFFFFFFFFFFFFF
:10F12000FFFFFFFFFFFFFFFFFFFFFFFFFFFFFFFFEF
:10F13000FFFFFFFFFFFFFFFFFFFFFFFFFFFFFFFFDF
:10F14000FFFFFFFFFFFFFFFFFFFFFFFFFFFFFFFFCF
:10F15000FFFFFFFFFFFFFFFFFFFFFFFFFFFFFFFFBF
:10F16000FFFFFFFFFFFFFFFFFFFFFFFFFFFFFFFFAF
:10F17000FFFFFFFFFFFFFFFFFFFFFFFFFFFFFFFF9F
:10F18000FFFFFFFFFFFFFFFFFFFFFFFFFFFFFFFF8F
:10F19000FFFFFFFFFFFFFFFFFFFFFFFFFFFFFFFF7F
:10F1A000FFFFFFFFFFFFFFFFFFFFFFFFFFFFFFFF6F
:10F1B000FFFFFFFFFFFFFFFFFFFFFFFFFFFFFFFF5F
:10F1C000FFFFFFFFFFFFFFFFFFFFFFFFFFFFFFFF4F
:10F1D000FFFFFFFFFFFFFFFFFFFFFFFFFFFFFFFF3F
:10F1E000FFFFFFFFFFFFFFFFFFFFFFFFFFFFFFFF2F
:10F1F000FFFFFFFFFFFFFFFFFFFFFFFFFFFFFFFF1F
:10F20000FFFFFFFFFFFFFFFFFFFFFFFFFFFFFFFF0E
:10F21000FFFFFFFFFFFFFFFFFFFFFFFFFFFFFFFFFE
:10F22000FFFFFFFFFFFFFFFFFFFFFFFFFFFFFFFFEE
:10F23000FFFFFFFFFFFFFFFFFFFFFFFFFFFFFFFFDE
:10F24000FFFFFFFFFFFFFFFFFFFFFFFFFFFFFFFFCE
:10F25000FFFFFFFFFFFFFFFFFFFFFFFFFFFFFFFFBE
:10F26000FFFFFFFFFFFFFFFFFFFFFFFFFFFFFFFFAE
:10F27000FFFFFFFFFFFFFFFFFFFFFFFFFFFFFFFF9E
:10F28000FFFFFFFFFFFFFFFFFFFFFFFFFFFFFFFF8E
:10F29000FFFFFFFFFFFFFFFFFFFFFFFFFFFFFFFF7E
:10F2A000FFFFFFFFFFFFFFFFFFFFFFFFFFFFFFFF6E
:10F2B000FFFFFFFFFFFFFFFFFFFFFFFFFFFFFFFF5E
:10F2C000FFFFFFFFFFFFFFFFFFFFFFFFFFFFFFFF4E
:10F2D000FFFFFFFFFFFFFFFFFFFFFFFFFFFFFFFF3E
:10F2E000FFFFFFFFFFFFFFFFFFFFFFFFFFFFFFFF2E
:10F2F000FFFFFFFFFFFFFFFFFFFFFFFFFFFFFFFF1E
:10F30000FFFFFFFFFFFFFFFFFFFFFFFFFFFFFFFF0D
:10F31000FFFFFFFFFFFFFFFFFFFFFFFFFFFFFFFFFD
:10F32000FFFFFFFFFFFFFFFFFFFFFFFFFFFFFFFFED
:10F33000FFFFFFFFFFFFFFFFFFFFFFFFFFFFFFFFDD
:10F34000FFFFFFFFFFFFFFFFFFFFFFFFFFFFFFFFCD
:10F35000FFFFFFFFFFFFFFFFFFFFFFFFFFFFFFFFBD
:10F36000FFFFFFFFFFFFFFFFFFFFFFFFFFFFFFFFAD
:10F37000FFFFFFFFFFFFFFFFFFFFFFFFFFFFFFFF9D
:10F38000FFFFFFFFFFFFFFFFFFFFFFFFFFFFFFFF8D
:10F39000FFFFFFFFFFFFFFFFFFFFFFFFFFFFFFFF7D
:10F3A000FFFFFFFFFFFFFFFFFFFFFFFFFFFFFFFF6D
:10F3B000FFFFFFFFFFFFFFFFFFFFFFFFFFFFFFFF5D
:10F3C000FFFFFFFFFFFFFFFFFFFFFFFFFFFFFFFF4D
:10F3D000FFFFFFFFFFFFFFFFFFFFFFFFFFFFFFFF3D
:10F3E000FFFFFFFFFFFFFFFFFFFFFFFFFFFFFFFF2D
:10F3F000FFFFFFFFFFFFFFFFFFFFFFFFFFFFFFFF1D
:10F40000FFFFFFFFFFFFFFFFFFFFFFFFFFFFFFFF0C
:10F41000FFFFFFFFFFFFFFFFFFFFFFFFFFFFFFFFFC
:10F42000FFFFFFFFFFFFFFFFFFFFFFFFFFFFFFFFEC
:10F43000FFFFFFFFFFFFFFFFFFFFFFFFFFFFFFFFDC
:10F44000FFFFFFFFFFFFFFFFFFFFFFFFFFFFFFFFCC
:10F45000FFFFFFFFFFFFFFFFFFFFFFFFFFFFFFFFBC
:10F46000FFFFFFFFFFFFFFFFFFFFFFFFFFFFFFFFAC
:10F47000FFFFFFFFFFFFFFFFFFFFFFFFFFFFFFFF9C
:10F48000FFFFFFFFFFFFFFFFFFFFFFFFFFFFFFFF8C
:10F49000FFFFFFFFFFFFFFFFFFFFFFFFFFFFFFFF7C
:10F4A000FFFFFFFFFFFFFFFFFFFFFFFFFFFFFFFF6C
:10F4B000FFFFFFFFFFFFFFFFFFFFFFFFFFFFFFFF5C
:10F4C000FFFFFFFFFFFFFFFFFFFFFFFFFFFFFFFF4C
:10F4D000FFFFFFFFFFFFFFFFFFFFFFFFFFFFFFFF3C
:10F4E000FFFFFFFFFFFFFFFFFFFFFFFFFFFFFFFF2C
:10F4F000FFFFFFFFFFFFFFFFFFFFFFFFFFFFFFFF1C
:10F50000FFFFFFFFFFFFFFFFFFFFFFFFFFFFFFFF0B
:10F51000FFFFFFFFFFFFFFFFFFFFFFFFFFFFFFFFFB
:10F52000FFFFFFFFFFFFFFFFFFFFFFFFFFFFFFFFEB
:10F53000FFFFFFFFFFFFFFFFFFFFFFFFFFFFFFFFDB
:10F54000FFFFFFFFFFFFFFFFFFFFFFFFFFFFFFFFCB
:10F55000FFFFFFFFFFFFFFFFFFFFFFFFFFFFFFFFBB
:10F56000FFFFFFFFFFFFFFFFFFFFFFFFFFFFFFFFAB
:10F57000FFFFFFFFFFFFFFFFFFFFFFFFFFFFFFFF9B
:10F58000FFFFFFFFFFFFFFFFFFFFFFFFFFFFFFFF8B
:10F59000FFFFFFFFFFFFFFFFFFFFFFFFFFFFFFFF7B
:10F5A000FFFFFFFFFFFFFFFFFFFFFFFFFFFFFFFF6B
:10F5B000FFFFFFFFFFFFFFFFFFFFFFFFFFFFFFFF5B
:10F5C000FFFFFFFFFFFFFFFFFFFFFFFFFFFFFFFF4B
:10F5D000FFFFFFFFFFFFFFFFFFFFFFFFFFFFFFFF3B
:10F5E000FFFFFFFFFFFFFFFFFFFFFFFFFFFFFFFF2B
:10F5F000FFFFFFFFFFFFFFFFFFFFFFFFFFFFFFFF1B
:10F60000FFFFFFFFFFFFFFFFFFFFFFFFFFFFFFFF0A
:10F61000FFFFFFFFFFFFFFFFFFFFFFFFFFFFFFFFFA
:10F62000FFFFFFFFFFFFFFFFFFFFFFFFFFFFFFFFEA
:10F63000FFFFFFFFFFFFFFFFFFFFFFFFFFFFFFFFDA
:10F64000FFFFFFFFFFFFFFFFFFFFFFFFFFFFFFFFCA
:10F65000FFFFFFFFFFFFFFFFFFFFFFFFFFFFFFFFBA
:10F66000FFFFFFFFFFFFFFFFFFFFFFFFFFFFFFFFAA
:10F67000FFFFFFFFFFFFFFFFFFFFFFFFFFFFFFFF9A
:10F68000FFFFFFFFFFFFFFFFFFFFFFFFFFFFFFFF8A
:10F69000FFFFFFFFFFFFFFFFFFFFFFFFFFFFFFFF7A
:10F6A000FFFFFFFFFFFFFFFFFFFFFFFFFFFFFFFF6A
:10F6B000FFFFFFFFFFFFFFFFFFFFFFFFFFFFFFFF5A
:10F6C000FFFFFFFFFFFFFFFFFFFFFFFFFFFFFFFF4A
:10F6D000FFFFFFFFFFFFFFFFFFFFFFFFFFFFFFFF3A
:10F6E000FFFFFFFFFFFFFFFFFFFFFFFFFFFFFFFF2A
:10F6F000FFFFFFFFFFFFFFFFFFFFFFFFFFFFFFFF1A
:10F70000FFFFFFFFFFFFFFFFFFFFFFFFFFFFFFFF09
:10F71000FFFFFFFFFFFFFFFFFFFFFFFFFFFFFFFFF9
:10F72000FFFFFFFFFFFFFFFFFFFFFFFFFFFFFFFFE9
:10F73000FFFFFFFFFFFFFFFFFFFFFFFFFFFFFFFFD9
:10F74000FFFFFFFFFFFFFFFFFFFFFFFFFFFFFFFFC9
:10F75000FFFFFFFFFFFFFFFFFFFFFFFFFFFFFFFFB9
:10F76000FFFFFFFFFFFFFFFFFFFFFFFFFFFFFFFFA9
:10F77000FFFFFFFFFFFFFFFFFFFFFFFFFFFFFFFF99
:10F78000FFFFFFFFFFFFFFFFFFFFFFFFFFFFFFFF89
:10F79000FFFFFFFFFFFFFFFFFFFFFFFFFFFFFFFF79
:10F7A000FFFFFFFFFFFFFFFFFFFFFFFFFFFFFFFF69
:10F7B000FFFFFFFFFFFFFFFFFFFFFFFFFFFFFFFF59
:10F7C000FFFFFFFFFFFFFFFFFFFFFFFFFFFFFFFF49
:10F7D000FFFFFFFFFFFFFFFFFFFFFFFFFFFFFFFF39
:10F7E000FFFFFFFFFFFFFFFFFFFFFFFFFFFFFFFF29
:10F7F000FFFFFFFFFFFFFFFFFFFFFFFFFFFFFFFF19
:10F80000FFFFFFFFFFFFFFFFFFFFFFFFFFFFFFFF08
:10F81000FFFFFFFFFFFFFFFFFFFFFFFFFFFFFFFFF8
:10F82000FFFFFFFFFFFFFFFFFFFFFFFFFFFFFFFFE8
:10F83000FFFFFFFFFFFFFFFFFFFFFFFFFFFFFFFFD8
:10F84000FFFFFFFFFFFFFFFFFFFFFFFFFFFFFFFFC8
:10F85000FFFFFFFFFFFFFFFFFFFFFFFFFFFFFFFFB8
:10F86000FFFFFFFFFFFFFFFFFFFFFFFFFFFFFFFFA8
:10F87000FFFFFFFFFFFFFFFFFFFFFFFFFFFFFFFF98
:10F88000FFFFFFFFFFFFFFFFFFFFFFFFFFFFFFFF88
:10F89000FFFFFFFFFFFFFFFFFFFFFFFFFFFFFFFF78
:10F8A000FFFFFFFFFFFFFFFFFFFFFFFFFFFFFFFF68
:10F8B000FFFFFFFFFFFFFFFFFFFFFFFFFFFFFFFF58
:10F8C000FFFFFFFFFFFFFFFFFFFFFFFFFFFFFFFF48
:10F8D000FFFFFFFFFFFFFFFFFFFFFFFFFFFFFFFF38
:10F8E000FFFFFFFFFFFFFFFFFFFFFFFFFFFFFFFF28
:10F8F000FFFFFFFFFFFFFFFFFFFFFFFFFFFFFFFF18
:10F90000FFFFFFFFFFFFFFFFFFFFFFFFFFFFFFFF07
:10F91000FFFFFFFFFFFFFFFFFFFFFFFFFFFFFFFFF7
:10F92000FFFFFFFFFFFFFFFFFFFFFFFFFFFFFFFFE7
:10F93000FFFFFFFFFFFFFFFFFFFFFFFFFFFFFFFFD7
:10F94000FFFFFFFFFFFFFFFFFFFFFFFFFFFFFFFFC7
:10F95000FFFFFFFFFFFFFFFFFFFFFFFFFFFFFFFFB7
:10F96000FFFFFFFFFFFFFFFFFFFFFFFFFFFFFFFFA7
:10F97000FFFFFFFFFFFFFFFFFFFFFFFFFFFFFFFF97
:10F98000FFFFFFFFFFFFFFFFFFFFFFFFFFFFFFFF87
:10F99000FFFFFFFFFFFFFFFFFFFFFFFFFFFFFFFF77
:10F9A000FFFFFFFFFFFFFFFFFFFFFFFFFFFFFFFF67
:10F9B000FFFFFFFFFFFFFFFFFFFFFFFFFFFFFFFF57
:10F9C000FFFFFFFFFFFFFFFFFFFFFFFFFFFFFFFF47
:10F9D000FFFFFFFFFFFFFFFFFFFFFFFFFFFFFFFF37
:10F9E000FFFFFFFFFFFFFFFFFFFFFFFFFFFFFFFF27
:10F9F000FFFFFFFFFFFFFFFFFFFFFFFFFFFFFFFF17
:10FA0000FFFFFFFFFFFFFFFFFFFFFFFFFFFFFFFF06
:10FA1000FFFFFFFFFFFFFFFFFFFFFFFFFFFFFFFFF6
:10FA2000FFFFFFFFFFFFFFFFFFFFFFFFFFFFFFFFE6
:10FA3000FFFFFFFFFFFFFFFFFFFFFFFFFFFFFFFFD6
:10FA4000FFFFFFFFFFFFFFFFFFFFFFFFFFFFFFFFC6
:10FA5000FFFFFFFFFFFFFFFFFFFFFFFFFFFFFFFFB6
:10FA6000FFFFFFFFFFFFFFFFFFFFFFFFFFFFFFFFA6
:10FA7000FFFFFFFFFFFFFFFFFFFFFFFFFFFFFFFF96
:10FA8000FFFFFFFFFFFFFFFFFFFFFFFFFFFFFFFF86
:10FA9000FFFFFFFFFFFFFFFFFFFFFFFFFFFFFFFF76
:10FAA000FFFFFFFFFFFFFFFFFFFFFFFFFFFFFFFF66
:10FAB000FFFFFFFFFFFFFFFFFFFFFFFFFFFFFFFF56
:10FAC000FFFFFFFFFFFFFFFFFFFFFFFFFFFFFFFF46
:10FAD000FFFFFFFFFFFFFFFFFFFFFFFFFFFFFFFF36
:10FAE000FFFFFFFFFFFFFFFFFFFFFFFFFFFFFFFF26
:10FAF000FFFFFFFFFFFFFFFFFFFFFFFFFFFFFFFF16
:10FB0000FFFFFFFFFFFFFFFFFFFFFFFFFFFFFFFF05
:10FB1000FFFFFFFFFFFFFFFFFFFFFFFFFFFFFFFFF5
:10FB2000FFFFFFFFFFFFFFFFFFFFFFFFFFFFFFFFE5
:10FB3000FFFFFFFFFFFFFFFFFFFFFFFFFFFFFFFFD5
:10FB4000FFFFFFFFFFFFFFFFFFFFFFFFFFFFFFFFC5
:10FB5000FFFFFFFFFFFFFFFFFFFFFFFFFFFFFFFFB5
:10FB6000FFFFFFFFFFFFFFFFFFFFFFFFFFFFFFFFA5
:10FB7000FFFFFFFFFFFFFFFFFFFFFFFFFFFFFFFF95
:10FB8000FFFFFFFFFFFFFFFFFFFFFFFFFFFFFFFF85
:10FB9000FFFFFFFFFFFFFFFFFFFFFFFFFFFFFFFF75
:10FBA000FFFFFFFFFFFFFFFFFFFFFFFFFFFFFFFF65
:10FBB000FFFFFFFFFFFFFFFFFFFFFFFFFFFFFFFF55
:10FBC000FFFFFFFFFFFFFFFFFFFFFFFFFFFFFFFF45
:10FBD000FFFFFFFFFFFFFFFFFFFFFFFFFFFFFFFF35
:10FBE000FFFFFFFFFFFFFFFFFFFFFFFFFFFFFFFF25
:10FBF000FFFFFFFFFFFFFFFFFFFFFFFFFFFFFFFF15
:10FC0000FFFFFFFFFFFFFFFFFFFFFFFFFFFFFFFF04
:10FC1000FFFFFFFFFFFFFFFFFFFFFFFFFFFFFFFFF4
:10FC2000FFFFFFFFFFFFFFFFFFFFFFFFFFFFFFFFE4
:10FC3000FFFFFFFFFFFFFFFFFFFFFFFFFFFFFFFFD4
:10FC4000FFFFFFFFFFFFFFFFFFFFFFFFFFFFFFFFC4
:10FC5000FFFFFFFFFFFFFFFFFFFFFFFFFFFFFFFFB4
:10FC6000FFFFFFFFFFFFFFFFFFFFFFFFFFFFFFFFA4
:10FC7000FFFFFFFFFFFFFFFFFFFFFFFFFFFFFFFF94
:10FC8000FFFFFFFFFFFFFFFFFFFFFFFFFFFFFFFF84
:10FC9000FFFFFFFFFFFFFFFFFFFFFFFFFFFFFFFF74
:10FCA000FFFFFFFFFFFFFFFFFFFFFFFFFFFFFFFF64
:10FCB000FFFFFFFFFFFFFFFFFFFFFFFFFFFFFFFF54
:10FCC000FFFFFFFFFFFFFFFFFFFFFFFFFFFFFFFF44
:10FCD000FFFFFFFFFFFFFFFFFFFFFFFFFFFFFFFF34
:10FCE000FFFFFFFFFFFFFFFFFFFFFFFFFFFFFFFF24
:10FCF000FFFFFFFFFFFFFFFFFFFFFFFFFFFFFFFF14
:10FD0000FFFFFFFFFFFFFFFFFFFFFFFFFFFFFFFF03
:10FD1000FFFFFFFFFFFFFFFFFFFFFFFFFFFFFFFFF3
:10FD2000FFFFFFFFFFFFFFFFFFFFFFFFFFFFFFFFE3
:10FD3000FFFFFFFFFFFFFFFFFFFFFFFFFFFFFFFFD3
:10FD4000FFFFFFFFFFFFFFFFFFFFFFFFFFFFFFFFC3
:10FD5000FFFFFFFFFFFFFFFFFFFFFFFFFFFFFFFFB3
:10FD6000FFFFFFFFFFFFFFFFFFFFFFFFFFFFFFFFA3
:10FD7000FFFFFFFFFFFFFFFFFFFFFFFFFFFFFFFF93
:10FD8000FFFFFFFFFFFFFFFFFFFFFFFFFFFFFFFF83
:10FD9000FFFFFFFFFFFFFFFFFFFFFFFFFFFFFFFF73
:10FDA000FFFFFFFFFFFFFFFFFFFFFFFFFFFFFFFF63
:10FDB000FFFFFFFFFFFFFFFFFFFFFFFFFFFFFFFF53
:10FDC000FFFFFFFFFFFFFFFFFFFFFFFFFFFFFFFF43
:10FDD000FFFFFFFFFFFFFFFFFFFFFFFFFFFFFFFF33
:10FDE000FFFFFFFFFFFFFFFFFFFFFFFFFFFFFFFF23
:10FDF000FFFFFFFFFFFFFFFFFFFFFFFFFFFFFFFF13
:10FE0000FFFFFFFFFFFFFFFFFFFFFFFFFFFFFFFF02
:10FE1000FFFFFFFFFFFFFFFFFFFFFFFFFFFFFFFFF2
:10FE2000FFFFFFFFFFFFFFFFFFFFFFFFFFFFFFFFE2
:10FE3000FFFFFFFFFFFFFFFFFFFFFFFFFFFFFFFFD2
:10FE4000FFFFFFFFFFFFFFFFFFFFFFFFFFFFFFFFC2
:10FE5000FFFFFFFFFFFFFFFFFFFFFFFFFFFFFFFFB2
:10FE6000FFFFFFFFFFFFFFFFFFFFFFFFFFFFFFFFA2
:10FE7000FFFFFFFFFFFFFFFFFFFFFFFFFFFFFFFF92
:10FE8000FFFFFFFFFFFFFFFFFFFFFFFFFFFFFFFF82
:10FE9000FFFFFFFFFFFFFFFFFFFFFFFFFFFFFFFF72
:10FEA000FFFFFFFFFFFFFFFFFFFFFFFFFFFFFFFF62
:10FEB000FFFFFFFFFFFFFFFFFFFFFFFFFFFFFFFF52
:10FEC000FFFFFFFFFFFFFFFFFFFFFFFFFFFFFFFF42
:10FED000FFFFFFFFFFFFFFFFFFFFFFFFFFFFFFFF32
:10FEE000FFFFFFFFFFFFFFFFFFFFFFFFFFFFFFFF22
:10FEF000FFFFFFFFFFFFFFFFFFFFFFFFFFFFFFFF12
:10FF0000FFFFFFFFFFFFFFFFFFFFFFFFFFFFFFFF01
:10FF1000FFFFFFFFFFFFFFFFFFFFFFFFFFFFFFFFF1
:10FF2000FFFFFFFFFFFFFFFFFFFFFFFFFFFFFFFFE1
:10FF3000FFFFFFFFFFFFFFFFFFFFFFFFFFFFFFFFD1
:10FF4000FFFFFFFFFFFFFFFFFFFFFFFFFFFFFFFFC1
:10FF5000FFFFFFFFFFFFFFFFFFFFFFFFFFFFFFFFB1
:10FF6000FFFFFFFFFFFFFFFFFFFFFFFFFFFFFFFFA1
:10FF7000FFFFFFFFFFFFFFFFFFFFFFFFFFFFFFFF91
:10FF8000FFFFFFFFFFFFFFFFFFFFFFFFFFFFFFFF81
:10FF9000FFFFFFFFFFFFFFFFFFFFFFFFFFFFFFFF71
:10FFA000FFFFFFFFFFFFFFFFFFFFFFFFFFFFFFFF61
:10FFB000FFFFFFFFFFFFFFFFFFFFFFFFFFFFFFFF51
:10FFC000FFFFFFFFFFFFFFFFFFFFFFFFFFFFFFFF41
:10FFD000FFFFFFFFFFFFFFFFFFFFFFFFFFFFFFFF31
:10FFE000FFFFFFFFFFFFFFFFFFFFFFFFFFFFFFFF21
:10FFF000FFFFFFFFFFFFFFFFFFFFFFFFFFFFFFFF11
:020000040801F1
:10000000000700201910010855550208B1540208D4
:100010001D550208B1540208E95402081B100108DA
:100020001B1001081B1001081B100108F5D4020861
:100030001B1001081B1001081B1001081B100108F0
:100040001B1001081B1001081B1001081B100108E0
:100050001B1001081B1001080D20030835200308A0
:100060005D20030885200308AD20030875DA020827
:100070009DDA0208C9DA0208F5DA020821DB020873
:1000800049DB020875DB02081B1001083D48020825
:1000900069480208794802081B100108D5200308A6
:1000A0001B1001081B1001081B1001081B10010880
:1000B0001B1001081B1001081B1001081B10010870
:1000C0001B1001081B1001081B1001081B10010860
:1000D0001B100108A9210308BD2103081B100108FA
:1000E000392103081B1001081B1001081B1001080F
:1000F0001B1001081B1001081B100108A1DB0208DE
:100100001B1001081B100108D12103081B10010856
:100110001B1001081B1001081B1001081B1001080F
:10012000CDDB0208F5DB020821DC02084DDC020809
:1001300079DC02081B1001081B1001081B100108C4
:100140001B1001081B1001081B10010805ED020817
:10015000A1DC0208CDDC0208F9DC02081B10010852
:1001600001E10208A9E202081B1001081B100108A6
:100170001B1001081B1001081B1001081B100108AF
:100180001B1001081B1001081B1001081B1001089F
:100190001B1001081B1001081B1001081B1001088F
:1001A0001B1001081B1001081B1001081B1001087F
:1001B0001B1001081B1001081B1001081B1001086F
:1001C0001B1001081B1001081B1001081B1001085F
:1001D0001B1001081B1001081B1001081B1001084F
:1001E0007D160108B97D010841F90108D100020816
:1001F000850302087D3B02089D4E0208395602081D
:100200009D650208016A02082187020835950208E7
:10021000E1BB020831C1020800000000000000003C
:1002200040A2E4F1646891065CEB57EAA7065138F6
:10023000282703008E847E0B00003D18FFFFFFFF80
:10024000FFFFFFFF81F0004102E000BF83F00043A9
:1002500030B54FEA41044FEA430594EA050F08BF61
:1002600090EA020F1FBF54EA000C55EA020C7FEA25
:10027000645C7FEA655C00F0E2804FEA5454D4EBA2
:100280005555B8BF6D420CDD2C4480EA020281EA6C
:10029000030382EA000083EA010180EA020281EAA4
:1002A0000303362D88BF30BD11F0004F4FEA0131F6
:1002B0004FF4801C4CEA113102D0404261EB410105
:1002C00013F0004F4FEA03334CEA133302D052428B
:1002D00063EB430394EA050F00F0A780A4F1010447
:1002E000D5F1200E0DDB02FA0EFC22FA05F2801881
:1002F00041F1000103FA0EF2801843FA05F3594167
:100300000EE0A5F120050EF1200E012A03FA0EFCE5
:1003100028BF4CF0020C43FA05F3C01851EBE3710F
:1003200001F0004507D54FF0000EDCF1000C7EEB2C
:1003300000006EEB0101B1F5801F1BD3B1F5001F6A
:100340000CD349085FEA30004FEA3C0C04F1010489
:100350004FEA445212F5800F80F09A80BCF1004FB2
:1003600008BF5FEA500C50F1000041EB045141EA34
:10037000050130BD5FEA4C0C404141EB0101013CFD
:1003800028BFB1F5801FE9D291F0000F04BF0146EC
:100390000020B1FA81F308BF2033A3F10B03B3F1BE
:1003A00020020CDA0C3208DD02F1140CC2F10C024E
:1003B00001FA0CF021FA02F10CE002F11402D8BFAC
:1003C000C2F1200C01FA02F120FA0CFCDCBF41EA78
:1003D0000C019040E41AA2BF01EB0451294330BD47
:1003E0006FEA04041F3C1CDA0C340EDC04F1140424
:1003F000C4F1200220FA04F001FA02F340EA0300FB
:1004000021FA04F345EA030130BDC4F10C04C4F140
:10041000200220FA02F001FA04F340EA0300294620
:1004200030BD21FA04F0294630BD94F0000F83F46A
:10043000801306BF81F480110134013D4EE77FEA4D
:10044000645C18BF7FEA655C29D094EA050F08BF99
:1004500090EA020F05D054EA000C04BF194610467A
:1004600030BD91EA030F1EBF0021002030BD5FEABE
:10047000545C05D14000494128BF41F0004130BDE6
:1004800014F580043CBF01F5801130BD01F000453A
:1004900045F0FE4141F470014FF0000030BD7FEAAD
:1004A000645C1ABF194610467FEA655C1CBF0B46A8
:1004B000024650EA013406BF52EA033591EA030FBF
:1004C00041F4002130BD00BF90F0000F04BF0021B7
:1004D000704730B54FF4806404F132044FF00005EA
:1004E0004FF0000150E700BF90F0000F04BF002163
:1004F000704730B54FF4806404F1320410F00045C9
:1005000048BF40424FF000013EE700BF42004FEAC3
:10051000E2014FEA31014FEA02701FBF12F07F4340
:1005200093F07F4F81F06051704732F07F4208BFF7
:10053000704793F07F4F04BF41F40021704730B5FE
:100540004FF4607401F0004521F000411CE700BF4A
:1005500050EA010208BF704730B54FF000050AE0CD
:1005600050EA010208BF704730B511F0004502D5CE
:10057000404261EB41014FF4806404F132045FEAD0
:10058000915C3FF4D8AE4FF003025FEADC0C18BF79
:1005900003325FEADC0C18BF033202EBDC02C2F16B
:1005A000200300FA03FC20FA02F001FA03FE40EAFD
:1005B0000E0021FA02F11444BDE600BF70B54FF001
:1005C000FF0C4CF4E06C1CEA11541DBF1CEA1355DF
:1005D00094EA0C0F95EA0C0F00F0DEF82C4481EA47
:1005E000030621EA4C5123EA4C5350EA013518BF67
:1005F00052EA033541F4801143F4801338D0A0FB54
:1006000002CE4FF00005E1FB02E506F00042E0FB00
:1006100003E54FF00006E1FB03569CF0000F18BF06
:100620004EF0010EA4F1FF04B6F5007F64F54074AE
:1006300004D25FEA4E0E6D4146EB060642EAC62141
:1006400041EA55514FEAC52040EA5E504FEACE2EAE
:10065000B4F1FD0C88BFBCF5E06F1ED8BEF1004FB1
:1006600008BF5FEA500E50F1000041EB045170BD2D
:1006700006F0004646EA010140EA020081EA030171
:10068000B4EB5C04C2BFD4EB0C0541EA045170BD6D
:1006900041F480114FF0000E013C00F3AB8014F1E7
:1006A000360FDEBF002001F0004170BDC4F1000430
:1006B000203C35DA0C341BDC04F11404C4F12005B1
:1006C00000FA05F320FA04F001FA05F240EA02000C
:1006D00001F0004221F0004110EBD37021FA04F642
:1006E00042EB06015EEA430E08BF20EAD37070BDFC
:1006F000C4F10C04C4F1200500FA04F320FA05F05B
:1007000001FA04F240EA020001F0004110EBD3705C
:1007100041F100015EEA430E08BF20EAD37070BDCC
:10072000C4F1200500FA05F24EEA020E20FA04F3A5
:1007300001FA05F243EA020321FA04F001F0004154
:1007400021FA04F220EA020000EBD3705EEA430EC5
:1007500008BF20EAD37070BD94F0000F0FD101F0F4
:100760000046400041EB010111F4801F08BF013C2D
:10077000F7D041EA060195F0000F18BF704703F06B
:100780000046520043EB030313F4801F08BF013DF2
:10079000F7D043EA0603704794EA0C0F0CEA1355AE
:1007A00018BF95EA0C0F0CD050EA410618BF52EA68
:1007B0004306D1D181EA030101F000414FF000006E
:1007C00070BD50EA410606BF1046194652EA43067C
:1007D00019D094EA0C0F02D150EA013613D195EAF0
:1007E0000C0F05D152EA03361CBF104619460AD138
:1007F00081EA030101F0004141F0FE4141F4700142
:100800004FF0000070BD41F0FE4141F4780170BD31
:1008100070B54FF0FF0C4CF4E06C1CEA11541DBF96
:100820001CEA135594EA0C0F95EA0C0F00F0A7F898
:10083000A4EB050481EA030E52EA03354FEA0131C5
:1008400000F088804FEA03334FF0805545EA1313D8
:1008500043EA12634FEA022245EA111545EA1065A0
:100860004FEA00260EF000419D4208BF964244F137
:10087000FD0404F5407402D25B084FEA3202B61A56
:1008800065EB03055B084FEA32024FF480104FF42A
:10089000002CB6EB020E75EB030E22BFB61A75469E
:1008A00040EA0C005B084FEA3202B6EB020E75EB31
:1008B000030E22BFB61A754640EA5C005B084FEA99
:1008C0003202B6EB020E75EB030E22BFB61A754666
:1008D00040EA9C005B084FEA3202B6EB020E75EB71
:1008E000030E22BFB61A754640EADC0055EA060E32
:1008F00018D04FEA051545EA16754FEA06164FEA75
:10090000C30343EA52734FEAC2025FEA1C1CC0D120
:1009100011F4801F0BD141EA00014FF000004FF0AD
:10092000004CB6E711F4801F04BF01430020B4F16E
:10093000FD0C88BFBCF5E06F3FF6AFAEB5EB030C26
:1009400004BFB6EB020C5FEA500C50F1000041EB23
:10095000045170BD0EF0004E4EEA113114EB5C04F0
:10096000C2BFD4EB0C0541EA045170BD41F48011C3
:100970004FF0000E013C90E645EA060E8DE60CEACB
:10098000135594EA0C0F08BF95EA0C0F3FF43BAFE8
:1009900094EA0C0F0AD150EA01347FF434AF95EA9F
:1009A0000C0F7FF425AF104619462CE795EA0C0F83
:1009B00006D152EA03353FF4FDAE1046194622E750
:1009C00050EA410618BF52EA43067FF4C5AE50EA2A
:1009D00041047FF40DAF52EA43057FF4EBAE12E71A
:1009E0004FF0FF3C06E000BF4FF0010C02E000BFFB
:1009F0004FF0010C4DF804CD4FEA410C7FEA6C5CDE
:100A00004FEA430C18BF7FEA6C5C1BD001B050EA80
:100A1000410C0CBF52EA430C91EA030F02BF90EA6B
:100A2000020F0020704710F1000F91EA030F58BF2A
:100A3000994208BF90422CBFD8176FEAE37040F08C
:100A4000010070474FEA410C7FEA6C5C02D150EA2A
:100A5000013C07D14FEA430C7FEA6C5CD6D152EAE5
:100A6000033CD3D05DF8040B704700BF84461046AA
:100A700062468C461946634600E000BF01B5FFF7A9
:100A8000B7FF002848BF10F1000F01BD4DF808ED79
:100A9000FFF7F4FF0CBF012000205DF808FB00BF4A
:100AA0004DF808EDFFF7EAFF34BF012000205DF8A4
:100AB00008FB00BF4DF808EDFFF7E0FF94BF0120F1
:100AC00000205DF808FB00BF4DF808EDFFF7CEFFF2
:100AD00094BF012000205DF808FB00BF4DF808ED31
:100AE000FFF7C4FF34BF012000205DF808FB00BF02
:100AF0004FEA410C7FEA6C5C02D150EA013C0AD11A
:100B00004FEA430C7FEA6C5C02D152EA033C02D10B
:100B10004FF0000070474FF0010070474FEA41026C
:100B200012F5001215D211D56FF47873B3EB62523F
:100B300012D94FEAC12343F0004343EA505311F066
:100B4000004F23FA02F018BF404270474FF00000F8
:100B5000704750EA013005D111F0004008BF6FF036
:100B6000004070474FF00000704700BF4A0011D2AC
:100B700012F5001211D20DD56FF47873B3EB6252F7
:100B80000ED44FEAC12343F0004343EA505323FA03
:100B900002F070474FF00000704750EA013002D178
:100BA0004FF0FF3070474FF0000070474FEA4102AE
:100BB000B2F1E04324BFB3F5001CDCF1FE5C0DD9BB
:100BC00001F0004C4FEAC0024CEA5070B2F1004F05
:100BD00040EB830008BF20F00100704711F0804F08
:100BE00021D113F13872BCBF01F00040704741F4CD
:100BF00080114FEA5252C2F11802C2F1200C10FAD1
:100C00000CF320FA02F018BF40F001004FEAC123B4
:100C10004FEAD32303FA0CFC40EA0C0023FA02F358
:100C20004FEA4303CCE77FEA625307D150EA01332E
:100C30001EBF4FF0FE4040F44000704701F00040FE
:100C400040F0FE4040F40000704700BF7BB972B92D
:100C50000029BEBF00204FF0004106E008BF002879
:100C60001CBF6FF000414FF0FF3000F0D3B9ADF181
:100C7000080C6DE904CE002909DB002B1ADB00F01B
:100C800061F8DDF804E0DDE9022304B0704740427A
:100C900061EB4101002B1BDB00F054F8DDF804E0B0
:100CA000DDE9022304B0404261EB4101524263EBB3
:100CB00043037047524263EB430300F043F8DDF80F
:100CC00004E0DDE9022304B0404261EB41017047DA
:100CD000524263EB430300F035F8DDF804E0DDE950
:100CE000022304B0524263EB4303704753B94AB93D
:100CF000002908BF00281CBF4FF0FF314FF0FF3024
:100D000000F088B9ADF1080C6DE904CE00F01AF8D6
:100D1000DDF804E0DDE9022304B07047430803F086
:100D20005533C01A830803F0333300F033301844CE
:100D300000EB101000F00F3000EB002000EB004043
:100D4000000E70472DE9F047089D04468E46002BA3
:100D50004DD18A42944669D9B2FA82F252B101FA6F
:100D600002F3C2F1200120FA01F10CFA02FC41EA7F
:100D7000030E94404FEA1C48210CBEFBF8F61FFA04
:100D80008CF708FB16E341EA034306FB07F199429F
:100D90000AD91CEB030306F1FF3080F01F81994252
:100DA00040F21C81023E63445B1AA4B2B3FBF8F02C
:100DB00008FB103344EA034400FB07F7A7420AD9B3
:100DC0001CEB040400F1FF3380F00A81A74240F2DB
:100DD00007816444023840EA0640E41B00261DB146
:100DE000D4400023C5E900433146BDE8F0878B427B
:100DF00009D9002D00F0EF800026C5E9000130463A
:100E00003146BDE8F087B3FA83F6002E4AD18B4213
:100E100002D3824200F2F980841A61EB03030120BD
:100E20009E46002DE0D0C5E9004EDDE702B9FFDEA9
:100E3000B2FA82F2002A40F09280A1EB0C014FEA54
:100E40001C471FFA8CFE0126200CB1FBF7F307FBB1
:100E5000131140EA01410EFB03F0884208D91CEB54
:100E6000010103F1FF3802D2884200F2CB804346F1
:100E7000091AA4B2B1FBF7F007FB101144EA0144D0
:100E80000EFB00FEA64508D91CEB040400F1FF315F
:100E900002D2A64500F2BB800846A4EB0E0440EA4D
:100EA00003409CE7C6F12007B34022FA07FC4CEA56
:100EB000030C20FA07F401FA06F31C43F9404FEA49
:100EC0001C4900FA06F3B1FBF9F8200C1FFA8CFE5E
:100ED00009FB181140EA014108FB0EF0884202FAB2
:100EE00006F20BD91CEB010108F1FF3A80F0888073
:100EF000884240F28580A8F102086144091AA4B230
:100F0000B1FBF9F009FB101144EA014100FB0EFEB0
:100F10008E4508D91CEB010100F1FF346CD28E45DF
:100F20006AD90238614440EA0840A0FB0294A1EB70
:100F30000E01A142C846A64656D353D05DB1B3EBCD
:100F4000080261EB0E0101FA07F722FA06F3F140FD
:100F50001F43C5E9007100263146BDE8F087C2F1A4
:100F60002003D8400CFA02FC21FA03F3914001431C
:100F70004FEA1C471FFA8CFEB3FBF7F007FB103655
:100F80000B0C43EA064300FB0EF69E4204FA02F401
:100F900008D91CEB030300F1FF382FD29E422DD954
:100FA000023863449B1B89B2B3FBF7F607FB163389
:100FB00041EA034106FB0EF38B4208D91CEB010109
:100FC00006F1FF3816D28B4214D9023E6144C91A89
:100FD00046EA004638E72E46284605E70646E3E699
:100FE0001846F8E64B45A9D2B9EB020864EB0C0EA3
:100FF0000138A3E74646EAE7204694E74046D1E7B2
:10100000D0467BE7023B614432E7304609E764445F
:10101000023842E7704700BF02E000F000F8FEE748
:1010200072B6374880F30888364880F30988364816
:101030003649086040F20000CCF200004EF63471F0
:10104000CEF200010860BFF34F8FBFF36F8F40F205
:101050000000C0F2F0004EF68851CEF200010860A8
:10106000BFF34F8FBFF36F8F4FF00000E1EE100A18
:101070004EF63C71CEF200010860062080F3148821
:10108000BFF36F8F20F090FB20F052FE4FF05530F1
:101090001F491B4A91423CBF41F8040BFAE71D4926
:1010A000184A91423CBF41F8040BFAE71A491B4A1F
:1010B0001B4B9A423EBF51F8040B42F8040BF8E771
:1010C00000201849184A91423CBF41F8040BFAE746
:1010D00020F06EFB20F07AFE144C154DAC4203DA82
:1010E00054F8041B8847F9E700F0B8FA114C124D88
:1010F000AC4203DA54F8041B8847F9E720F056BBEA
:1011000000070020002300200000010808ED00E097
:1011100000010020000700204024040800230020D4
:10112000E8250020E8250020E0BC0020E0010108BF
:101130001802010818020108180201082DE9F04FF1
:101140002DED108AC1F80CD0C3689D46BDEC108A05
:10115000BDE8F08F002383F311882846A0470020C4
:101160001FF00AFCFEE71FF09FFA00DFFEE7000019
:1011700001F0FF01102A2BDB10F0070F08D010F848
:10118000013B013A8B422DD010F0070F42B3F6D14C
:10119000F0B441EA012141EA014122F007047FF065
:1011A00000070023F0E80256083C85EA010586EABC
:1011B000010685FA47F5A3FA87F586FA47F6A5FAF8
:1011C00087F68EB9EED1F0BC01F0FF0102F0070204
:1011D00032B110F8013B013A83EA010313B1F8D1AF
:1011E0000020704701387047002D06BF3546033890
:1011F000073815F0010F07D1013015F4807F02BFC9
:10120000013015F4C03F0130F0BC0138704700BF19
:1012100010F8012B11F8013B012A28BF9A42F7D0A0
:10122000D01A7047034613F8012B002AFBD1181A75
:101230000138704738B50022002304460D46FFF7F9
:101240002FFC28B920462946BDE8384000F00AB8EE
:10125000204605F1004100F005F8404261EB4101F4
:1012600038BD00BFD0B50C4B002206460F46FFF735
:10127000A5F9FFF77BFC0446FFF726F9074B002290
:10128000FFF79CF902460B4630463946FEF7DEFF73
:10129000FFF76CFC2146D0BD0000F03D0000F0419E
:1012A00010B5054BC0F8F0320446D0F8A00408B1E0
:1012B00003F09EF8204610BDD0FF030870B5044629
:1012C0001C300CF093F904F1700006F019FF04F5DE
:1012D000F4700CF031FC2B4BC4F8F03204F53E7086
:1012E00013F014FB04F5477504F5607628461435B1
:1012F00010F0E0F9B542F9D10723C4F8A434002373
:10130000A4F8A8344FF4CB7003F06CF8C4F8A00430
:1013100004F2AC4013F0FAFA04F59E6013F0F6FA0A
:10132000194B1A6812B904F53C721A60174BC4F8CD
:10133000F032174B1749196004F20C5000231426A1
:101340009DB206FB05120133127C002AF8D1124B24
:101350001D80124B1A6812B1114814F0FFF8186082
:1013600004F54053012204F5515083F856241830F7
:1013700013F0CCFA0B4B1A680AB10B48EDE71C606E
:10138000204670BDD0FF03081C5D0020A87B030829
:101390002C5B0020407D03082A5B0020E85A0020D7
:1013A000A47A0308E8250020BF7A0308F7B5344E75
:1013B000044620F0AFF920F0C1F930684FF4807393
:1013C00080224FF4E131C06C03F040FA204600F077
:1013D0000FFA04F1700520F0B1F9204601F044F94C
:1013E00002230DF1070128468DF8073006F028FD8D
:1013F00094F9703004F11C0753B194F909100029D5
:1014000006DB4FF461330522C9B238460CF034FBD9
:1014100020F094F911F076FC0DF032FB38460CF018
:10142000FFF911F06FFC10F07DF911F06BFC10F07A
:101430008BF911F067FC134A06210DF055FB20F0E3
:101440007DF90DF009FB3368D86A03685B6898473B
:1014500010B10D4813F0D0FA94F9703033B194F90B
:101460000930002B02DB284606F0C8FE04F5F470B4
:101470000CF086FC03B0BDE8F04014F09BB800BF50
:1014800008260020E07A0308FB7A03080148FFF7EA
:101490008DBF00BF102600202DE9F341144C154EDE
:1014A000DFF86080144F204620F09CF8134A014674
:1014B000121B134801F080F91FF01AF80446A4B17A
:1014C000206AE1690191B04214BF251AA8EB060514
:1014D00020F088F8019902462B46384601F06CF955
:1014E00020461FF015F80446E9E702B0BDE8F08198
:1014F0000001002000070020227B030800070020D5
:10150000187B03080023002010B50F4C05F0D6FA15
:101510002368986A03680522DB69002198472368DD
:10152000986A036864211B6998472368986A03686E
:1015300028215B6898472368986A0368BDE81040D3
:101540001B690021184700BF0826002038B5054652
:1015500014F030F8334A1368C31AB3F57A7F04469F
:1015600012D9314B10601B7823B9304A536983F08C
:101570000103536111F0C6FB002111F0CDFF11F002
:10158000C1FB012111F0C8FF0CF06CFF284A136861
:1015900041F28831E31A8B4206D9016821B1146007
:1015A0000289244801F008F9EB7ADA070AD5224AC1
:1015B000136841F28831E31A8B4203D9284614603C
:1015C000FFF76AFFEB7A9B0712D41C4A1368E31AF1
:1015D000132B08D9146011F095FB11F047FA11F0A4
:1015E00091FB12F0AFF92846BDE8384001F068B928
:1015F00013F0E0FF43F698239842E6D91048FFF72E
:1016000083FF10481FF09AFFBFF34F8F0E490F4B17
:10161000CA6802F4E0621343CB60BFF34F8F00BF90
:10162000FDE700BFEC25002000230020000402405D
:10163000F4250020347B0308F0250020F825002045
:1016400010260020010007B000ED00E00400FA05BC
:101650000148FFF77BBF00BF1026002038B5054BBF
:101660001C6823680A461D68034B01462046A847AC
:10167000002038BD08260020FC25002010B50A4CAB
:101680002046FFF71BFE094A0949204620F0E8FDE5
:1016900013F0FCFB074B084A1860BDE810400749EF
:1016A000074802F0EFBF00BF102600203C86002054
:1016B000A112010808260020511601088D14010806
:1016C000FC25002000207047704700007047000094
:1016D00070470000002070470020704700207047CE
:1016E00001207047704700000020704700207047BD
:1016F000002070470020704700207047002070478E
:1017000000207047704700007047000000207047BD
:10171000C8207047012070470020704700207047A4
:10172000704700000120704700207047012070477B
:10173000012070470220704770470000704700008A
:1017400090F890308B4286BF00EB8100D0F8940077
:101750000020704790F890308B4286BF00EB8100EC
:10176000D0F8940000207047002070470320704795
:10177000014B187C704700BF102600207047000006
:1017800010B4094B1B68DB6A93F89C301BB14C69A1
:10179000064B9C4203D15DF8044B0FF071BB042053
:1017A0005DF8044B704700BF082600201214340176
:1017B0000148FFF7A9BE00BF1026002013B54FF463
:1017C0004470CDE9002102F007FE044628B1DDE9AE
:1017D000002111F0E9FA024B2360204602B010BD4F
:1017E000E87B030810B5044602F0FEFD204610BD5C
:1017F00013B5044605F0F0FF04F080FE204605F026
:101800006BFF18B1B4F90030022B0BD006F0DAFBF5
:1018100004F050FB02230DF106012046ADF806301E
:1018200006F06EFB02230DF106012046ADF80630EE
:1018300006F052FB02B0BDE8104005F01DBD0000EF
:10184000BFF34F8F0549064BCA6802F4E0621343A9
:10185000CB60BFF34F8F00BFFDE700BF00ED00E09E
:101860000400FA0513B51022002104468DF8072064
:1018700022F0BAF8054B1B68D86A03680DF107021D
:101880001B6B2146984702B010BD00BF0826002000
:10189000F0B58BB0174604460E4613F08BFE054696
:1018A00003F06CFF03464FF4C87005F5167504F598
:1018B0004054B3FBF0F202FB103315FA83F3C4F883
:1018C0005034FD7E35B91F4813F096F884F854540F
:1018D0000BB0F0BD384605A902F04AFA07460028C9
:1018E000F6D101A8FFF7BEFF9DF8165001A92A46C0
:1018F0000DF1170022F01EF828B1134813F07CF800
:1019000084F85474E4E70F2D0CD8D4F8503484F8DC
:101910005454A3F51673C4F8503429460B4813F0F9
:101920006BF8D5E79DF814100029D1D030461BF094
:10193000F3F89DF8142094F85614054813F05CF859
:10194000C6E700BF587E0308837E0308A47E030811
:10195000C67E030807B5104601A901F0D3FD18B9EA
:10196000034B9DF804201A7003B05DF804FB00BF20
:101970008C5A002007B5104601A902F0B1F858B9F9
:10198000074B9DF804101B68D86AA1F1FF02036899
:1019900051421B685141984703B05DF804FB00BFFA
:1019A0000826002008B5134B1B782BB1FF2B124BD8
:1019B0001DD120229A6119E013F0FCFD0F4A136833
:1019C000C31A642B12D90E4910600B78013303F04F
:1019D0000F024FF4AA43D34003F001030A705A01E7
:1019E00082F0200242EA4353034A936108BD4FF458
:1019F0000012DFE78C5A002000040240C85A002081
:101A0000C55A002038B5084615461C461BF08CF810
:101A100060B99DF81030022B07D1012C05D12BA302
:101A2000D3E90023C5E90023012038BD40F2264355
:101A30009C4247D011D80B2C0BD864B1601E0A28E9
:101A400009D8DFE800F0230808082B080808083345
:101A50002F00282C1ED00020E7E744F620639C428C
:101A600028D00BD840F24C439C4227D040F6B933E3
:101A70009C42F0D117A3D3E90023D3E744F62563B2
:101A80009C42E8D115A3D3E90023CBE715A3D3E902
:101A90000023C7E715A3D3E90023C3E715A3D3E9C0
:101AA0000023BFE715A3D3E90023BBE715A3D3E9C0
:101AB0000023B7E715A3D3E90023B3E715A3D3E9C0
:101AC0000023AFE715A3D3E90023ABE7401DA12016
:101AD00026812A0BE9A2A272EAE738B13A13328CC6
:101AE0007423F3099E6AC421818A46EE26417272EC
:101AF000DF25D7B7F017304A39059E56D5A4D1391E
:101B0000F922B6A7CDD269EBC51A133BA1A6A195C0
:101B10001A7065E903806A5575F30087011517CBC4
:101B20000E03561F13B59DF81040CDE9003413463F
:101B30000A460146806AFFF765FF02B010BD00004B
:101B400070B500F540560D46D6F84C447CB90C21D2
:101B500001201FF001FCC6F84C0408B9002070BD3C
:101B6000056084600430FAE72646A46824B123683F
:101B7000AB42F9D1201DF2E70C2101201FF0ECFB54
:101B8000B0600028EAD00560B3689C60B068E9E7FF
:101B90002DE9F04190B000F55151BDF85870044660
:101BA0001646183140F2224201A8984602F0A8FDDC
:101BB000012F0ED146EA07412046FFF7C1FF054637
:101BC00070B9002401A802F0B7FD204610B0BDE8AE
:101BD000F08104F23C501AF0A7FF0028EAD1F0E7A8
:101BE0003822002102A821F0FFFE02238DF80830E0
:101BF0009DF85C308DF82030189B0993BDF8643057
:101C0000ADF82830CDE90468ADF81870079513F0E9
:101C1000D9FC0D4BC01841F10001CDE90C0104F2D3
:101C20003C5002A91AF082FF084B0028D5BF9A88C1
:101C30001A6801321218D4BF9A801A600028D4BFE3
:101C400000240124BEE700BF40420F00905A00204C
:101C500030B58FB014460D4638220021684621F079
:101C6000C3FEDDE91223CDE90223BDF85030ADF803
:101C7000103004F119030593A37E8DF81830159BDD
:101C80000793BDF85830ADF8203013F09BFC0D4B96
:101C9000C31841F100016A46CDE90A312846E17EC8
:101CA0001AF088FF084B0028D5BF9A881A680132BD
:101CB0001218D4BF9A801A600028D4BF00200120D7
:101CC0000FB030BD40420F00905A0020F0B591B0E7
:101CD00004460E46104608A9154602F011F988BBC5
:101CE0009DF82030012B11D106F06CF904F0E2F8D8
:101CF00005F0C2FA05F070FD164904F1700005F018
:101D000015FC154904F5F47005F010FC10220021B3
:101D100006AF0CA821F068FE012239460CA88DF808
:101D2000382002F011F90A23029308A3D3E9002313
:101D300080B2CDE90370CDE9002331462A46204622
:101D4000FFF786FF11B0F0BDAFF30080CDD269EB95
:101D5000C51A133BA4840308589503082DE9F041E4
:101D6000ADF5487D66AC05460E46174600214FF49A
:101D7000C472204621F038FE13F01CFC2F4B4FF4A8
:101D80007A72B0FBF2F0186093E8070084E807006D
:101D900002F01EFB037C237402F01AFB437C637485
:101DA0000323A374264B5A6962610DF5DD709A68AE
:101DB000DB68A261E361FFF755FD43F61853EA685B
:101DC0002384204B002A18681F4B29DDCDE90032FF
:101DD0000DF2CB211D4BC06A502202F01FFE502194
:101DE0000DF2CB2022F0ECFA0DF11C0884F8320140
:101DF00041460122204601F08DFE012302930DA3EE
:101E0000D3E9002380B2CDE90380CDE90023314638
:101E10003A462846FFF71CFF0DF5487DBDE8F081E6
:101E2000009350220A4BC06A0DF2CB2102F0F6FD5E
:101E3000D5E700BF9E6AC421818A46EE805A002001
:101E40002002010808260020EB7E0308E47E030838
:101E50004A8D03082DE9F0411546ADF5866D06461D
:101E60000F461FF06BFC08A9284602F083F80446D1
:101E7000002840F09F8001464FF4D072A4A821F0C2
:101E8000B3FD9DF8B880B8F1100F7ED808F1FF338C
:101E90000F2B2BD842460DF1B9010DF2D13021F0B4
:101EA00059FD424651490DF1B90022F061FA02464E
:101EB000B0B94F480DF11F0104F00EFD0446002C8F
:101EC00063D09DF8B83073B39DF828305BB39DF8AC
:101ED0001F20013A032A6DD8DFE802F01C2E38419A
:101EE00022460DF11F010DF2D130E5E7BDF82000CB
:101EF000479447AA0DF11F0105F08EFE0446002805
:101F000043D0012300930DF2D132112347A904F0ED
:101F10001FFCD4E7012B4DD10C9B8DF81C3147A938
:101F2000204605F0C5FF9DF81F30013B032B41D82B
:101F3000DFE803F01C444A4F012B3BD10C9BADF86A
:101F40001C3147A9204605F0F5FFECE7012B31D104
:101F50000C9B479347A9204606F024F8E3E7022BA1
:101F600028D10CA9204605F057FFDCE701238DF8A6
:101F7000903294F90030DA17CDE9A6325C210DF2E7
:101F8000D13022F01DFA8DF8D00347AC0122214652
:101F9000A4A802F017F90B23029312A3D3E900239C
:101FA00080B2CDE90340CDE9002339462A463046C8
:101FB000FFF74EFE0DF5866DBDE8F08101238DF82B
:101FC0009032B4F90030D6E701238DF890322368BF
:101FD000D1E702238DF890322368A693CEE700BFA5
:101FE000AFF30080D5A4D139F922B6A7F87E030853
:101FF000017F03082DE9F04FDFF8D8A08BB08046B1
:1020000008F23C5948461AF011FE0546002858D0FF
:102010000024007E0694CDE90744ADF8244002F088
:10202000F5FA2A7E8DF8240005F1100107A821F0A9
:1020300091FC2B6843F00043069313F0C3FA224B44
:102040000390C218DAF804000E4641F1000308F5C7
:10205000405760B30168009409690D4606A9A84776
:10206000A04224DCDAF8040003689B6A9847D0E9B0
:102070000A23CDE9042313F0A5FADDE90423801A2D
:1020800061EB0301114B834274EB01030FD397F80B
:102090005534072B12D90E4A87F8554493880133DB
:1020A00093804846039A33461AF0CEFD09E048462D
:1020B0001AF0C0FD002387F85534A1E7013387F8F3
:1020C00055340BB0BDE8F08F40420F007F841E00F6
:1020D000905A0020B05A00202DE9F0414FF00053F3
:1020E000DFF8E0801B684345FCB005460C46164609
:1020F00004D03148DC22002121F076FC4FF000575B
:1021000049A9C7F80080304601F07EFE002849D179
:102110009DF824313B750BB9F37E3B759DF8252165
:1021200026480DF5937121F015FC20461AF0FCFCB1
:102130004FF0005307AF58758122002128A821F0E5
:1021400053FC3946012228A801F0A4FE282302935B
:1021500017A3D3E9002380B2CDE90370CDE90023B2
:10216000214632462846FFF773FD154F3326013EC0
:1021700016F0FF06284608D0FFF73CFF3B68986A38
:10218000036801215B689847F1E7FFF7BDF9204636
:102190001AF0CAFC40F0304040F400201FF0CEF9A5
:1021A000FFF74EFB7CB0BDE8F08100BFAFF30080CD
:1021B00026417272DF25D7B70400002016000020E8
:1021C000082600209AAD44C513B50446084601927E
:1021D00000911AF0A9FCDDE9001258B9137E022B18
:1021E0001ED1D38A012B1BD1204602B0BDE810407E
:1021F000FFF74EBBD38A40F22640834262D011D80B
:102200000B2B0BD863B1013B0A2B09D8DFE803F095
:10221000270808083308080808484200282B24D05B
:1022200002B010BD44F6206083423FD00DD840F28A
:102230004C40834240D040F6B9308342F0D1204632
:1022400002B0BDE8104000F02DBF44F62560834287
:10225000E6D1204602B0BDE8104000F03DBC20466B
:1022600002B0BDE81040FFF779BD204602B0BDE8DE
:102270001040FFF731BF164812F0BEFB154B1B682C
:10228000986A03680A215B6898472046FFF73CF983
:10229000FFF7D6FA204602B0BDE81040FFF7DABDDE
:1022A000204602B0BDE81040FFF710BD204602B046
:1022B000BDE81040FFF74EBB204602B0BDE810401D
:1022C000FFF758BB204602B0BDE8104000F0F0BB5D
:1022D0000C7F0308082600200A460146806AFFF7A3
:1022E00073BF000011311B4B112912D8DFE801F038
:1022F0002D2925211D1519151111111111110D115E
:1023000011099A6801329A6070479A8901329A815C
:102310007047DA890132DA8170475A8B01325A8369
:1023200070471A8B01321A8370471A8A01321A8257
:1023300070475A8A01325A8270479A8B01329A83C7
:1023400070479A8A01329A827047DA8A0132DA82B9
:10235000704700BF905A00202DE9F04F374E97B0DC
:102360000023CDE90B330A93ADF83430736804468B
:10237000002B5FD0324D01274FF0000A4FF0000BC9
:1023800070688DF814704FF000088DF815800368A0
:10239000CDE900AB0DF11502D3F8089005A943462D
:1023A000C8479DF81430002B44D0414620220EA887
:1023B00021F01AFB7068036806AAD3F814800AA9F2
:1023C0000DF11603C047002834DD9DF8340002F0FB
:1023D00039F90BA902468DF8500012A821F0BAFA7B
:1023E00004F23C580A9B0E930EA9DDE906234046F1
:1023F0001AF058FE10F10D0F014603D02046FFF7EA
:1024000071FFBDE70E981AF03DFE03900E981AF08A
:1024100033FE039BCDE9000708AA41462046FFF79B
:10242000F1FA18B96B8B01336B83A9E72B8A01335F
:102430002B82A5E717B0BDE8F08F00BFB05A00208F
:10244000905A002007B500F23C5168461AF0DEFDB4
:10245000BDF8040064235843BDF80030B0FBF3F02E
:1024600080B203B05DF804FBF0B597B0044613F0FA
:10247000A1F84FF47A73B0FBF3F0434B434D1B6864
:102480002860D86A03685B6D98474FF6FF739842DF
:1024900028BF184628810EA90122284601F0ECFB2E
:1024A0000EAB80B20293182240F255130025CDE9FD
:1024B000003203902EA3D3E9002304952046FFF7B2
:1024C00067FBE37A59074ED501220EA93048314FF8
:1024D00001F088F80EAB80B202931F264FF4AB7365
:1024E000CDE90036039024A3D3E9002304952046C8
:1024F000FFF74EFB786803689B6A9847002832D044
:102500003A788DF8382002680F924268ADF8402082
:102510008268ADF84220C268ADF844200269ADF887
:1025200046204269ADF8482082691392C269ADF82D
:102530005020026AADF8522007AF436AADF854301C
:10254000012239460EA800F0F7FF40F2571380B27F
:10255000CDE902700093049509A3D3E90023019605
:102560002046FFF715FB17B0F0BD00BFAFF30080AA
:10257000F1C6A7C1D068080FD1F886A9B8E33A76AA
:10258000753CA33CAE0C08CE08260020805A0020E3
:10259000905A0020B05A0020F0B506468DB000F2E7
:1025A0003C501AF0C1FA2E4D20B100232B700120AF
:1025B0000DB0F0BD12F0FEFF2B7804463BB1304663
:1025C000FFF740FF01210246264812F015FA03F0FA
:1025D000D5F84FF4C87306F54057B0FBF3F202FB91
:1025E000130304F5167010FA83F000238DF81830E9
:1025F00097F85434C7F8500423B901228DF81820F5
:1026000087F8563408A8FFF72DF997F85414C1F14C
:102610001004E4B2062C28BF062408AB2246194455
:102620000DF1190021F096F9013406AB0025029353
:1026300018220123E4B2CDE90032049506A3D3E9C0
:10264000002303943046FFF7A3FA87F85454284632
:10265000AEE700BFAFF30080401DA12026812A0B0A
:10266000002300201C7F030870B5244D244E4FF436
:10267000807386B0AB80044612F09CFF4FF47A73EF
:10268000B0FBF3F028606288B4F902307F2A98BF6B
:1026900033700DF11701002304F108008DF8173095
:1026A00005F006FC41F2381001F096FE054608B12F
:1026B00011F01CFD134B1D60134B00225D601A705E
:1026C0002DB12B6861685B680122284698470F4B43
:1026D000009304F23C5004F26C510D4B019442F60D
:1026E000E06203901AF0ECF93178039821B106B05A
:1026F000BDE870401AF010BA06B070BD805A0020D4
:10270000CC5A0020B85A0020B05A0020251B0108DE
:10271000D922010830B50628134698BF1D4AC7B014
:1027200098BF155C07930C464FF07C024FF00001F8
:1027300027A888BF002521F057F9079B22465A2178
:102740000DF1BE0012F00EF95A2828BF5A2008AC2D
:102750008DF8BD002146012227A88DF89C5001F07C
:10276000B3FA0023049380B243F6FF731822CDE935
:102770000240CDE90032084804A3D3E90023FFF763
:1027800007FA47B030BD00BFAFF30080759D040C61
:102790008EA454D6D87F0308102600200EB403B5AB
:1027A00003AA52F8041B0192FFF7B4FF02B05DF8D0
:1027B00004EB03B0704700000FB407B504AA07206C
:1027C00052F8041B0192FFF7A5FF03B05DF804EB7C
:1027D00004B0704737B5044600F23C501AF034FAA2
:1027E0002046FFF72FFE462802D92B4812F004F9A5
:1027F0002046FFF739FE94F90850002D38D0002309
:1028000004F10800EDB201A98DF8043005F050FB89
:102810002A2D224C0AD1224D2846FFF7CDFF2368EE
:10282000986A036864215B689847F5E72B2D04D10B
:102830001C48FFF7C1FF1C4B98474FF4FA6101A8F1
:1028400001F044FF2468A06A03684FF47A715B6862
:102850009847E06A03689B6A984718B1012816D028
:10286000124800E01248FFF7A7FF01A801F03AFF65
:10287000104B00225A7112F09DFE47F230539842DD
:1028800007D90D4803B0BDE830401EF057BE0B48D5
:10289000E9E703B030BD00BF547F030808260020DD
:1028A000727F0308837F030838ED00E0BE7F0308D2
:1028B000937F0308805A0020263A09B0A87F0308B6
:1028C000F7B5044612F076FE36490B68C31A322B70
:1028D00005461BD9344B1B78C3B134480378012219
:1028E0009A4022F4AA4222F055021204120C002A45
:1028F0000DBF012600260122002242EA06420133D2
:102900002B4E03F01F03B26103700D6012F052FEF4
:1029100004F54053D3F85034984202D92046FFF7CB
:102920003BFE244A1368EB1AB3F57A7F07D3156090
:1029300012F048FE02460B462046FFF74BFF2046AA
:1029400000F048F8204600F093F9204600F054FCCF
:102950002046FFF727F812F027FE04F55155164FD1
:102960000646183512F020FE801BB0F57A7F16D28D
:102970003B68986A03684FF480619B6898474FF4FE
:10298000F362294601A801F0BBFE2046FFF732FBA7
:102990002046FFF7E1FC01A801F0CEFEE2E703B01C
:1029A000F0BD00BFC05A002000230020C45A002000
:1029B00000040240BC5A00200826002010B590F800
:1029C000051104460BF0F0F86423C0B203FB004489
:1029D000A06E10BD70B52DED048B90F9ED319EB059
:1029E0000446002B58D090F8EB32002B54D012F054
:1029F000E1FDD4F81035C01A27284DD904F5F47537
:102A000028460BF0F9F82846D4F81065FFF7D6FFF2
:102A1000864241D094F8ED1228460BF0E7F80028E2
:102A20003AD02846FFF7CAFF94F8ED12C4F8100513
:102A300028460BF0B9F86423C0B203FB00409FEDB9
:102A40001B0A00F5117002F0D5FE0AAD2822002104
:102A500014A8B0EE409AF0EE608AB0EE418A20F001
:102A6000C3FF0122294611A88DED119ACDED128ADE
:102A70008DED138A00F012FE002380B21822049319
:102A800040F2E933CDE90250CDE90032204605A3FA
:102A9000D3E90023FFF77CF81EB0BDEC048B70BDBA
:102AA000AFF30080F2C20B46A9D4A7E26F12833ABB
:102AB00010B5A2B001A90446104600F0CBFF0146B4
:102AC00038B99DF805300DF1060204F1700006F0EA
:102AD000E3F822B010BD000010B5CCB00446694642
:102AE000104600F079FC38B9BDF800200DF1020164
:102AF00004F1700005F0C6FF4CB010BD2DE9F043A5
:102B000000F17008ADF5217D002305460DF11A0294
:102B100007A940460793ADF81A3005F093FF002847
:102B200041D0BDF81A30002B3DD0079B002B3AD086
:102B300020A7D7E90067BDF81A408CB34FF497720D
:102B4000002108A820F050FFB4F5967F28BF4FF46D
:102B500096740799ADF8204022460DF5A8790DF13D
:102B6000220020F0F7FE0122494608A800F004FCEC
:102B70000023049380B244F625631822CDE9003285
:102B8000CDE902903B4632462846FFF701F8BDF8F2
:102B90001A301B1BADF81A30079B23440793CAE772
:102BA000404605F063FF0DF5217DBDE8F08300BFD1
:102BB000AFF300803A13328C7423F309F0B599B067
:102BC00009AB019308AB04460026009306AA07ABA5
:102BD0000AA970300A9605F00BFF00283DD00A9D27
:102BE000D4F81C35AB4238D01827C4F81C553A46E7
:102BF000314612A820F0F8FEDDED097A9FED1B7A30
:102C0000CDED147A4FF47A73A5FB0353CDE910533D
:102C1000F0EEE77A069B1393F4EEC77A079B1593C1
:102C2000F1EE10FA089B16930BAD54BF0123334607
:102C30000122294610A88DF8483000F005FC44F622
:102C4000266380B2CDE902500093049605A3D3E930
:102C5000002301972046FEF79BFF19B0F0BD00BF8F
:102C6000AFF300807844F995F27A72A10000003445
:102C70002DE9F04390F97030ADF52D7D0446002B21
:102C800000F0F58100F17005284605F005FF2046AB
:102C9000FFF734FF2046FFF791FF94F89061D4F8D6
:102CA000142504EB0613D3F8CC309A4200F0DF81F0
:102CB000C4F814354FF4D072002144A820F094FEDB
:102CC00094F8E43133B9B02303FB064393F8D930C9
:102CD000012B0CD894F820754FB912F073FC002228
:102CE0000023CDE94401CDE94623002313E001236D
:102CF00084F820353146284605F0E6FACDE944014E
:102D000094F89011284605F03BFB50EA0103CDE909
:102D10004601EAD00223B02202FB06428DF82031A0
:102D2000D2F8F0100A2381FB0310CDE94A10D2F843
:102D3000EC10D2F8E82081FB0310CDE94C1053438E
:102D400094F8901108AA2846CDE94E3305F070FF9B
:102D500078B14E9BDDED086A9FED4F7A079307EE41
:102D6000903AF8EEE77AE6EEC77AFDEEE77ACDED37
:102D70004E7AB02303FB065203FB06469C32D6F87C
:102D80000C1150915168519194F89011926852929F
:102D900003FB014393F80A218DF84C2193F8D920C5
:102DA00094F8E4313BB9062A0AD8DFE802F00404BB
:102DB0005D6163696E0000238DF84D31ADF84E31D1
:102DC000062309AA28468DF8503105F065FA38B176
:102DD000DDED097A67EEA77ACDED567ACDED557A1D
:102DE00094F890110AAA284605F060FA28B1DDEDA2
:102DF0000A7A67EEA77ACDED577A0BAF94F8901167
:102E00003A46284605F03EFA48B1D7ED007A67EE1B
:102E1000A77ACDED5A7ACDED597ACDED587A9DF855
:102E200050119FED1E7A1E48DFED1E6A9FED1E6A4F
:102E300055AB0022D6B2B14238D9D3ED007AF0EECC
:102E4000E75AF4EE475AF1EE10FA09DCF4EEE67AAE
:102E5000F1EE10FA04D9F4EEC67AF1EE10FA00DBC6
:102E6000186001320433E5E702228DF84D21A5E711
:102E70000322FAE703238DF84D3140F201139DE759
:102E800003238DF84D31022398E703238DF84D314C
:102E90004FF4817392E700BF00007A44FFFF7F7F09
:102EA0000000C07F00EF7FC700EF7F470CAE3146C8
:102EB000012244A800F0B2FC4FF0000880B240F2BA
:102EC00027434FF01809CDE90260CDE90039CDF86C
:102ED000108072A3D3E900232046FEF759FE20227A
:102EE000414644A820F080FD94F89031DFED686AF7
:102EF000B02202FB03433146B3F80621B3F8083190
:102F000007EE102A07EE903AB8EEC77AF8EEE77AA5
:102F100027EE267A67EEA67A012244A88DED467A3E
:102F2000CDED477A00F004FC40F2254380B2CDE9B4
:102F300002600093CDF810804FA3D3E90023CDF8B1
:102F400004902046FEF724FE94F89011CDF81881E5
:102F50002846CDE9448805F041FE94F9A2308DF869
:102F600014013BB1284605F049FE18B9469B43F0D1
:102F7000010346939DF8143143B10AA9284605F090
:102F8000D3FD18B9469B43F00203469394F8901181
:102F90003A46284605F042FE08B13B6844930122B8
:102FA000314644A800F092FA0023049380B244F61C
:102FB00023634FF01809CDE90260CDE900392046BE
:102FC0002FA3D3E90023FEF7E3FD94F8E531002BAE
:102FD0004DD194F89011B02303FB014393F82C31A9
:102FE000002B44D0D4F81C85B8F1000F3FD10097D6
:102FF0000AAB09AA284605F051FFC0B33B68D4F8D4
:1030000018259A4233D0DDED0A7A9FED227ADFED62
:10301000226AC4F81835F4EEC77A9DED097AADF846
:1030200012810122F1EE10FA27EE267A67EEA67AD7
:10303000ACBF13460023314644A88DF810218DF80B
:1030400011318DED457ACDED467A00F067F944F601
:10305000226380B2CDE902600093CDF810800AA30C
:10306000D3E90023CDF804902046FEF791FD0DF53D
:103070002D7DBDE8F08300BFD2BFDBC3C4BDE89B9C
:10308000697F00BBABB43CBA1234EDEC39AE5C31B5
:103090000AD7233C0000003435FA8E3C5F43370FDB
:1030A00000E741CAF0B5A5B004460E46104603A994
:1030B000154601F027F9002840F0908030469DF831
:1030C0000D7019F031FD874240F08880D4F8243526
:1030D000002B75D09DF90E305A1C01D194F909309E
:1030E000002B7BDB424A092B106877DC03F11002CE
:1030F00050F82260002E71D094F9301599420BD00F
:10310000D4F82C2542B1C9B209294FF000026DD87C
:10311000103150F821100A6184F83035D4F82C357C
:10312000B34208D0D4F8240501F01CFD0023C4F8F4
:103130002C65C4F83435D4F82C0500284ED09DF801
:103140000F3094F8386503F0010284F8382502B195
:10315000284A114601F08AFBEB7E84F831359DF850
:103160000C30049984F83235D4F83435994200D1C2
:103170007EB994F838354BB141B11E4B00934FF4F2
:103180000063D4F82C051A4601F080FB049BC4F8B8
:103190003435D4F82C35D4F824251A6112F00AFA03
:1031A0009DF81420C4F82805C2B194F83835D4F835
:1031B0002C05ABB10F4B0DF1150101F075FB0DE0C6
:1031C000142001F009F9064618B14FF4806101F0AE
:1031D00079FCC4F82465002E7FF47CAF25B0F0BDE7
:1031E00003680DF11501DB689847F7E71261FFDE10
:1031F00008260020E460E4F22DE9F043D0F82C35F5
:10320000C9B00446D3B190F83135BBB1D0F82435FC
:10321000A3B1D0F8285512F0CDF940F6B733401BD2
:10322000984294F838350CD92BB10022D4F82C05EB
:10323000114601F01BFB0023C4F82C3549B0BDE852
:10324000F08373B1344E0825D4F82C053346782228
:1032500027A901F039FB002803DD013D15F0FF052A
:10326000F2D12BA7D7E900674FF00908D4F824055D
:1032700001F08AFC0028E1D008F1FF3818F0FF08BF
:10328000DCD0D4F8240506A901F02EFD069D814668
:10329000002DD3D08422002127A820F0A5FB94F88C
:1032A00031358DF89D3094F832358DF89C30782D7D
:1032B000D4F8343528932A4694F830358DF89E306A
:1032C00028BF7822494607AD0DF1A50006928DF87A
:1032D000A42020F03FFB0122294627A800F0C6FFCA
:1032E000002380B21022049340F6B933CDE90032B6
:1032F000CDE9025032463B462046FEF749FC002805
:103300009CD00699D4F8240501F072FCAEE700BF0A
:10331000E9A2A272EAE738B1E460E4F237B50C46FC
:10332000002105462160217103460122204619F043
:1033300025FE01226B1C1146204619F01FFE95ED5B
:10334000010A19F06BFE0DF10603ADF8060010221C
:103350000221204619F012FE95ED020A19F05EFED8
:103360000DF10603ADF8060010222046122119F0D7
:1033700005FE052003B030BDF7B504460E461546E0
:1033800000214FF49772304620F02EFB2388B3F5CE
:10339000967F28BF4FF49673ADF806309DB90DF1B6
:1033A000060309222946304619F0E8FD09270025C1
:1033B0000234BDF806309D4207EBC50105D3073145
:1033C000C80803B0F0BD0027F1E7631908223046B2
:1033D00019F0D4FD0135ECE7F7B5037F05460E463D
:1033E00033B1838AB3F5977F1CD9012003B0F0BDB8
:1033F00000910922194619F083FC09243388B3F59A
:10340000967FF2D8012332885F1C013B93420CD394
:103410002B7FA88A0734E40893B9844294BF002024
:103420000120E3E70B800024E8E7F319009321462D
:1034300000230822284619F063FC08343B46E2E7E3
:10344000201A18BF0120D1E773B50C461426054693
:1034500032460021204620F0C7FA2B46204638226B
:10346000002119F08BFD05F10803204601223821C7
:1034700019F084FD05F10C0320462022392119F0B2
:103480007DFD05F1100320225921204619F076FD1B
:1034900095ED050A19F0C2FD0DF10603ADF8060021
:1034A00010227921204619F069FD95ED060A19F0E0
:1034B000B5FD0DF10603ADF8060010222046892166
:1034C00019F05CFD304602B070BD000013B5044633
:1034D0000846002101602346C0F803102022019015
:1034E00019F04CFD0198231D0122202119F046FD01
:1034F000019804F108031722212119F03FFD07204C
:1035000002B010BD13B50446007F10B1A38A012B91
:103510000CD80023009108221946204619F0F0FB30
:10352000237FA08A23B9B0FA80F0400902B010BD11
:10353000013818BF0120F9E770B50C461926054679
:1035400032460021204620F04FFA2B462046082222
:10355000002119F013FD2B1D20462022082119F00F
:103560000DFD05F1080320461022282119F006FD63
:1035700005F10A0320461022382119F0FFFC05F15D
:103580000C0320461022482119F0F8FC05F10E0327
:1035900020461022582119F0F1FC05F110032046B5
:1035A0001022682119F0EAFC05F1140320462022BC
:1035B000782119F0E3FC05F1180320461022982128
:1035C00019F0DCFC05F11A0320461022A82119F09D
:1035D000D5FC204605F11C031022B82119F0CEFCC1
:1035E000304670BD70B50C461C260546324600219B
:1035F000204620F0F9F92B4620462022002119F020
:10360000BDFC2B1D20461022202119F0B7FC05F12E
:10361000080320462022302119F0B0FC05F10C03EC
:1036200020461022502119F0A9FC05F10E03204676
:103630001022602119F0A2FC05F11003204610228F
:10364000702119F09BFC05F1120320461022802105
:1036500019F094FC05F1140320461022902119F072
:103660008DFC05F1160320461022A02119F086FCDE
:1036700005F1180320461022B02119F07FFC05F156
:103680001A0320461022C02119F078FC2046AB19FD
:103690001022D02119F072FC304670BD2DE9F341A3
:1036A0000E460446174600211922304620F09CF9A8
:1036B000A0460025B8EC010A19F0B0FC2946ADF887
:1036C00006000DF1060310223046103519F056FCA5
:1036D000302DEFD1237B092B28BF09238DF805302E
:1036E0003FB929460DF105030422304619F046FC86
:1036F000342510344FF000089DF80530984505EB4F
:10370000081704D3F81DC00802B0BDE8F081B4EC7E
:10371000010A19F083FC0DF10603ADF80600102232
:103720003946304619F02AFC08F10108E4E70000A8
:1037300073B50C461026054632460021204620F07F
:1037400053F995ED000A19F069FC0DF106033246B4
:10375000ADF806000021204619F010FC95ED010A95
:1037600019F05CFC0DF1060332463146ADF8060057
:10377000204619F003FC95ED020A19F04FFC0DF1FB
:1037800006033246ADF806002021204619F0F6FB6C
:1037900095ED030A19F042FC0DF106033246ADF82F
:1037A00006003021204619F0E9FB95ED040A19F0D6
:1037B00035FC0DF106033246ADF8060040212046E7
:1037C00019F0DCFB95ED050A19F028FC0DF1060354
:1037D0003246ADF806005021204619F0CFFB95ED9A
:1037E000060A19F01BFC0DF10603ADF8060032467F
:1037F0002046602119F0C2FB05F11C032046072278
:10380000702119F0BBFB204605F11D03062277212C
:1038100019F0B4FB304602B070BD00002DE9F3474B
:103820000D460446002190462846DE2220F0DCF8B2
:10383000234638220021284619F0A0FB38221146E1
:1038400004F10803284619F099FB04F11003032240
:103850007021284619F092FB04F1110308228021FF
:10386000284619F08BFB04F11803252288212846ED
:1038700019F084FB04F120032522AD21284619F01C
:103880007DFB04F128031B22D221284619F076FB88
:1038900004F12C031B22ED21284619F06FFB04F1E3
:1038A000300320224FF48471284619F067FB04F19D
:1038B000340320224FF49471284619F05FFB04F181
:1038C000380320224FF4A471284619F057FB04F165
:1038D0003C0306224FF4B471284619F04FFB04F163
:1038E0003D0302224FF4B771284619F047FB04F15B
:1038F0003E0304224FF4B871284619F03FFB04F14F
:103900003F0306224FF4BA71284619F037FB94F8AA
:103910004030242B28BF24238DF8033006220DF1DC
:1039200003034FF4BD71284619F028FB04F1440A43
:103930004FF4C0774FF000099DF80330994507F127
:1039400010062BD394ED350A19F068FB0DF1060330
:10395000ADF8060010223946284619F00FFB94F8FE
:10396000D830012B28BF01238DF80430B8F1000FA7
:1039700007D1314601AB0122284619F0FFFA07F1C1
:10398000110604F586744FF000099DF8043099453E
:1039900015D3F01DC00802B0BDE8F087BAEC010AEB
:1039A00019F03CFB3946ADF806000DF10603102274
:1039B000284619F0E3FA09F101093746BCE7A4F1FA
:1039C0002C0A06F16007B04653464146202228469D
:1039D00008F1200819F0D2FA47450AF1040AF3D198
:1039E000A4F11C0806F1CC0A434639462422284695
:1039F000243719F0C3FABA4508F10808F4D114F8CD
:103A0000043C242B28BF24238DF8053006F1D20175
:103A10000DF105030622284619F0B0FAD836A04663
:103A200000279DF805309F4203D309F10109C034F6
:103A3000ABE7B8EC010A19F0F1FA3146ADF806002F
:103A40000DF106031022284619F098FA10360137B6
:103A5000E7E70000F7B5047F05460E462CB1838AE0
:103A6000822B02D9012003B0F0BD0023009608226A
:103A70001946284619F044F9DCB9731C0822009352
:103A800011462346284619F03BF910247378802B01
:103A9000E8D8012372785F1C013B934210D32B7F3F
:103AA000A88A0734E408B3B9844294BF00200120F7
:103AB000D9E7AB8ADB00083BDB0873700824E5E735
:103AC000F3190093214600230822284619F018F91B
:103AD00008343B46DEE7201A18BF0120C3E7000088
:103AE00013B50446007F10B1A38A012B0CD8002324
:103AF000009108221946204619F002F9237FA08A76
:103B000023B9B0FA80F0400902B010BD013818BFE7
:103B10000120F9E72DE9F3470D46044600219046C0
:103B2000284640F279121FF05FFF23462022002131
:103B3000284619F023FA231D02222021284619F0D5
:103B40001DFA631D03222221284619F017FAA31D2E
:103B500003222521284619F011FA04F10803102246
:103B60002821284619F00AFA04F110030822382106
:103B7000284619F003FA04F11103082240212846CF
:103B800019F0FCF904F1120308224821284619F023
:103B9000F5F904F1140320225021284619F0EEF91A
:103BA00004F1180340227021284619F0E7F904F1C6
:103BB00020030822B021284619F0E0F904F121037E
:103BC0000822B821284619F0D9F904F12207C026A5
:103BD0003B46314608222846083619F0CFF9B6F59B
:103BE000A07F07F10107F3D194F832308DF8073048
:103BF00031460DF107030822284619F0BFF90026C7
:103C000004F1330A9DF807304FEAC6099E4209F5D0
:103C1000A47720D394F83231502B28BF50238DF84D
:103C20000730B8F1000F08D139460DF1070307221C
:103C3000284619F0A3F909F24F17002604F23314AD
:103C40009DF807309E4207EBC6010DD30731C80827
:103C500002B0BDE8F0870AEB060308223946284681
:103C600019F08CF90136CDE7A3190822284619F07E
:103C700085F90136E4E7000013B504460846002143
:103C800001602346C0F803102022019019F076F954
:103C90000198231D0222202119F070F90198631D5B
:103CA0000322222119F06AF90198A31D032225217C
:103CB00019F064F9019804F108031022282119F081
:103CC0005DF9072002B010BD2DE9F3410D46044611
:103CD0000021164628467B221FF086FE234603223B
:103CE0000021284619F04AF963781F2B28BF1F23AB
:103CF0008DF8063005220DF106030321284619F040
:103D00003DF901239DF80620DF0003F10108013B86
:103D10009A421CD894F821305A2B28BF5A238DF888
:103D200007303EB939460DF107030722284619F03E
:103D300025F90737002622349DF807309E4207EB0D
:103D4000C6010DD30731C80802B0BDE8F08104EB0D
:103D5000080308223946284619F010F94346D1E7EE
:103D6000A3190822284619F009F90136E4E70000F2
:103D7000F7B5047F05460E462CB1838A122B02D973
:103D8000012003B0F0BD0023194607220096284603
:103D900018F0B6FF731C0093012200230721284668
:103DA00018F0AEFFD4B9B31C0093052223460821B6
:103DB000284618F0A5FF0D24B378102BE0D837461D
:103DC000B278BB1B934210D32B7FA88A0734E40838
:103DD000B3B9844294BF00200120D2E7AB8ADB0054
:103DE000083BDB08B3700824E6E7FB1C0093214680
:103DF00000230822284618F083FF08340137DFE744
:103E0000201A18BF0120BCE7F7B5047F05460E460F
:103E10002CB1838ACA2B02D9012003B0F0BD002344
:103E2000194600960822284618F06AFF731CD4B978
:103E30000822009311462346284618F061FF1024FB
:103E40007378C82BE8D8012372785F1C013B93423A
:103E500010D32B7FA88A0734E408B3B9844294BFF7
:103E600000200120D9E7AB8ADB00083BDB08737038
:103E70000824E5E7F3190093214600230822284689
:103E800018F03EFF08343B46DEE7201A18BF012039
:103E9000C3E70000F7B50D46044600211646284644
:103EA00081221FF0A1FD234608220021284619F097
:103EB00065F894F901206378002AB8BF7F238DF854
:103EC00007309EB90DF1070307220821284619F093
:103ED00055F80F27002602349DF807309E4207EB65
:103EE000C60105D30731C80803B0F0BD0827F1E7C4
:103EF000A3190822284619F041F80136ECE7000022
:103F000037B50446007F0D4610B1A38A072B15D89C
:103F100000231946009508222046083518F0F0FEC7
:103F20000123009530220821204618F0E9FE237F66
:103F3000A08A2BB906288CBF0020012003B030BD19
:103F4000073818BF0120F9E738B50C460021216079
:103F50000546C4F8031003463022204619F00EF837
:103F6000204605F108030122302119F007F8072047
:103F700038BD00002DE9F04390F81C8085B006465E
:103F80000D46B8F1000F06D0838AE02B03D901203B
:103F900005B0BDE8F083002319460D220095304698
:103FA00018F0AEFE0DF10F030093032200230D2144
:103FB000304618F0A5FE9DF80F30042BE7D82B7281
:103FC000013B032B03D8DFE803F025303B461024E8
:103FD000B8F1000F5FD105F19803009321464346E5
:103FE0000722304618F08CFE073495F898305C2B89
:103FF000CDD82F4695F898207B1B934252D3337F20
:10400000B08A0734E408002B58D1844294BF0020C2
:104010000120BDE705F11003009340220123102188
:10402000304618F06DFE5024D2E705F110030093DE
:10403000202201231021304618F062FE3024C7E709
:1040400005F110030093082200231021304618F0D8
:1040500057FE1824BCE705F1100300930822002343
:104060001021304618F04CFE2B7C802B8FD8002777
:1040700005F111092B7CFC009F4204F11804A7D222
:1040800009EB07030093082200232146304618F06D
:1040900037FE0137EEE7B38AC4EBC303DB0885F8CC
:1040A0009830A2E707F199030093214600230822E4
:1040B000304618F025FE083401379BE7201A18BF58
:1040C000012065E7F7B50C46137809688DF80630CE
:1040D00015460DF106030322064618F04FFF21682E
:1040E000033121602B78013B032B0CD8DFE803F070
:1040F000020D161F05F108034022304618F03EFF5E
:1041000023684033236003B0F0BD05F1080320228B
:10411000304618F033FF23682033F3E705F1080336
:104120000822304618F02AFF23680833EAE72B7A82
:10413000802B28BF80238DF8073008220DF107035C
:10414000304618F01BFF2368083323600027093529
:104150009DF807309F42D6D2EB19216808223046DD
:1041600018F00CFF2368083323600137F0E70000E4
:1041700073B50C46137809688DF8073015460DF1B4
:1041800007030222064618F0F9FE21680231216079
:104190002B78012B03D0022B0BD002B070BD05F1A0
:1041A00008034022304618F0E9FE236840332360BC
:1041B000F3E705F108032022304618F0DFFE2368FC
:1041C0002033F4E773B50D46044600211646284611
:1041D00040F273121FF008FC0523224601A928466D
:1041E0000193FFF76FFF019B04F19002053301A9D2
:1041F00028460193FFF766FF019B04F59072063392
:1042000001A928460193FFF7B3FF019B04F59872BB
:10421000063301A928460193FFF7AAFF94F840311D
:104220005C2B28BF5C238DF803304EB90DF10303DE
:1042300001990722284618F0A1FE019B073301933C
:10424000002604F241149DF8033001999E4203D3E5
:104250000731C80802B070BDA3190822284618F01B
:104260008DFE019B083301930136ECE7F7B50D464F
:1042700004460021164628467F221FF0B5FB234640
:1042800008220021284618F079FE631C0722082125
:10429000284618F073FEA31C05220F21284618F0AB
:1042A0006DFEE31C04221421284618F067FE182234
:1042B000231D1146284618F061FE237A782B28BF6B
:1042C00078238DF807309EB90DF1070307223021BE
:1042D000284618F053FE3727002609349DF807308A
:1042E0009E4207EBC60105D30731C80803B0F0BDF5
:1042F0003027F1E7A3190822284618F03FFE0136BF
:10430000ECE70000F7B5047F05460E462CB1838A22
:104310007F2B02D9012003B0F0BD002319460822EB
:104320000096284618F0ECFC731C0093072200232B
:104330000821284618F0E4FCB31C00930522012351
:104340000F21284618F0DCFCF31C00930422002304
:104350001421284618F0D4FC331D1822009311466E
:104360000023284618F0CCFCDCB906F108030093C2
:10437000072223463021284618F0C2FC3724337A1E
:10438000782BC7D83746327ABB1B934210D32B7F8A
:10439000A88A0734E408BBB9844294BF00200120F6
:1043A000B9E7AB8ADB00303BDB0833723024E6E749
:1043B00007F109030093214600230822284618F03C
:1043C0009FFC08340137DEE7201A18BF0120A2E75E
:1043D000004870474C8003080121884238BF0846D6
:1043E0001CF0BABFFFF7F8BF08B11CF0B9BF7047A7
:1043F000FFF7FABF10B4026854681A4623465DF806
:10440000044B184700207047012070470020704778
:104410000020704700207047704700000020704760
:1044200000207047704700007047000037B5054610
:104430000C468322011D01A800F062F9611EC9B279
:1044400002299EBF05EBC1010023C1E9073301A882
:1044500000F072F903B030BD2DE9F7431E461B880A
:104460005B070546884620D4011D422201A800F0C2
:1044700047F92C4605F118094C4513D0E3696BB197
:104480002B6828465B6C98473388276AC1B243F093
:104490000403E0694246B8470834EDE7236A002B7D
:1044A000EED1F9E701A800F047F9012003B0BDE81B
:1044B000F08300007FB56D4685E806000446011DC7
:1044C000712203A81E4600F01BF921460022C8698C
:1044D000D3B288B9086A78B995E8030004EBC20240
:1044E0001C32013382E803000124337003A800F07A
:1044F00023F9204604B070BD0132032A01F10801FE
:10450000E5D10024F2E700002DE9F04F2DED028BFC
:104510008BB004468B465322011D01A8BDF858807C
:104520009FED258B00F0ECF8254604F118090027D3
:1045300008F0040AA94536D0EB690BB92B6A63B1C0
:10454000BAF1000F0BD1236820465B6C98474346B5
:10455000C1B25A46D5E90706B0470835EAE7002F49
:10456000FBD18DED028BADF810705B4605AA0BF107
:10457000080C18685968174603C7083363453A465C
:10458000F7D1186838609B88BB8011F01BF80423B2
:10459000ADF810302368CDE902019B6C02A92046DA
:1045A00098470127D9E701A800F0C6F801200BB011
:1045B000BDEC028BBDE8F08F0000000000000000A1
:1045C00030B503680968DD0FB5EBD17F23F0604497
:1045D00021F060424FEAD1700BD0002BB8BFA40C81
:1045E0000029B8BF920C944202D034BF01200020B1
:1045F00030BD944205D1C1F38070C3F38073834210
:10460000F6D194422CBF00200120F1E7082817D9E9
:104610000C280CD910280CD914280CD918280CD91E
:1046200020280CD930288CBF0F200E20704709207D
:1046300070470A2070470B2070470C2070470D20F0
:1046400070470000082817D909280CD00A280CD078
:104650000B280CD00C280CD00D280CD00E2814BF21
:104660004020302070470C207047102070471420E5
:104670007047182070472020704700004368184793
:104680008368184710B5024C8260C0E9004110BD34
:10469000E4800308007B00F00100704770470000D1
:1046A0008160828070470000826838B504465AB144
:1046B000037B13F0010507D143F001030373904717
:1046C000237B65F30003237338BD000010B5044B52
:1046D0001B680446986A03681B699847204610BD0A
:1046E0000826002010B5054B1B680446986A03682D
:1046F00000211B699847204610BD00BF08260020F6
:10470000F8B50C4B01601E680446B06A03681B6C68
:1047100017469847054610B1F36AA3F8427020681F
:1047200003689B6898471DB1F36A0022A3F84220F2
:104730002046F8BD0826002010B50446006803682E
:10474000DB689847204610BDC181B1FA81F040096D
:1047500070470000C0897047704700000020704714
:10476000704700007047000000207047002070472D
:10477000704700004FF4B4507047000000207047AD
:1047800000207047002070470020704700207047CD
:10479000007B704770470000002070470020704782
:1047A00007B503688DF80710DB6801220DF10701DA
:1047B000984703B05DF804FB08B5036801225B6A03
:1047C00098470028D4BF0020012008BD07B5036822
:1047D0000DF10701DB69984720B19DF8070003B090
:1047E0005DF804FB4FF0FF30F9E7000013B5044615
:1047F00008460191FCF716FD23680199DB68024623
:10480000204602B0BDE810401847000010F0DABEA4
:1048100010B444682CB903685DF8044BD3F88430B5
:10482000184700205DF8044B7047000082681AB9F1
:104830000368D3F8943018470020704782681AB98B
:104840000368D3F8983018470020704730B44568A3
:104850002DB90468D4F88040A44630BC604730BC11
:104860007047000000231A46FFF7F0BF436813B1FA
:104870008B4200D041B9836813B1934200D01AB97A
:10488000C0E90112012070470020704730B444682D
:10489000029D0CB1AC4205D10468D4F88040A44616
:1048A00030BC604730BC704710B444680CB19C42C7
:1048B00005D103685DF8044BD3F884301847002015
:1048C0005DF8044B7047000037B50546806808B1B5
:1048D000984212D12B680191D3F8883092B22846C1
:1048E00098470446286928B1002C03DD0199224627
:1048F00000F0DAF9204603B030BD0024FAE70000EA
:104900000023FFF7E1BF000082682AB942681AB9A4
:104910000368D3F88C30184770470000013901292B
:104920008CBF002001207047007B70470368016046
:10493000C81A704700207047002070470020704759
:104940007047000000230B707047000070470000A4
:10495000704700000020704700207047002070471B
:10496000704700004368C26893423CBF8268D154DC
:10497000436801334360012070470000F8B50546E5
:104980000C468F180026BC4207D02B6814F8011B78
:104990009B68284698470644F5E73046F8BD000076
:1049A00000207047002070470020704700207047AB
:1049B00038B590F89C308B4204460D460CD080F8F8
:1049C0009C1010F0F7FD2368C4F8A0005B68204637
:1049D000984708B984F84D5038BD00007FB50D46A2
:1049E0001446194600267AB1531E0B4A6846CDE993
:1049F0000026089ACDE9025300F0E4F901988442B8
:104A000004D92E5404B070BD1346EEE7002CF9D043
:104A10002C4404F8016CF5E7F480030808B410B5E1
:104A200085B007AC54F8043B00940394FFF7D6FF1D
:104A300005B0BDE8104001B07047000007B503683D
:104A40000DF10701DB69984720B19DF8070003B01D
:104A50005DF804FB4FF0FF30F9E70000F8B50646BB
:104A60000F4614460025AC420AD0336830469B6995
:104A70009847431C01D12846F8BD78550135F2E727
:104A80002046F9E70EB403B503AA036852F8041BE5
:104A90005B680192984702B05DF804EB03B0704781
:104AA00000F090B913B5044608460191FCF7BAFB33
:104AB00023680199DB680246204602B0BDE8104039
:104AC0001847000070B500260446C0E902660120C0
:104AD0000D461CF041FCB04208BF354620606560C1
:104AE0002674204670BD000010B5037C044613B93F
:104AF00000681CF035FC204610BD000070B5057C38
:104B000004460E46DDB9BFF35B8FC560BFF35B8F14
:104B1000BFF35B8F8560BFF35B8F43688B420CD024
:104B200000681CF01DFC314601201CF015FC2060C3
:104B300010B96560284670BD66600125FAE700255A
:104B4000F8E7000038B505460C4644B12146284632
:104B5000FFF7D4FF20B904EB4404A408F5E720468E
:104B600038BD00000023BFF35B8FC360BFF35B8FD2
:104B7000BFF35B8F8360BFF35B8F7047BFF35B8FC7
:104B80000068BFF35B8F704770B505460C30FFF7C8
:104B9000F5FF05F1080604463046FFF7EFFFA04297
:104BA00006D930466D68FFF7E9FF2544281A70BD25
:104BB0003046FFF7E3FF201AF9E7000070B505461D
:104BC000406898B105F10800FFF7D8FF05F10C0621
:104BD00004463046FFF7D2FF8442304694BF6D68EA
:104BE0000025FFF7CBFF013C2C44201A70BD0000CC
:104BF00038B50C460546FFF7C7FFA04210D305F1B4
:104C00000800FFF7BBFF04446868B4FBF0F100FB49
:104C10001144BFF35B8F0120AC60BFF35B8F38BDE5
:104C20000020FCE72DE9F041144607460D46FFF74A
:104C3000C5FF844228BF0446D4B1B84658F80C6B6F
:104C40004046FFF79BFF3044286040467E68FFF7F0
:104C500095FF331A9C4203D86C600120BDE8F081B7
:104C60006B60A41B3B68AB602044E8600220F5E762
:104C70002046F3E738B50C460546FFF79FFFA042F4
:104C800010D305F10C00FFF779FF04446868B4FB0A
:104C9000F0F100FB1144BFF35B8F0120EC60BFF328
:104CA0005B8F38BD0020FCE72DE9FF41884669464F
:104CB0000746FFF7B7FF6C4606B204EBC6060025B1
:104CC000B44209D06268206808EB05011EF042FE7C
:104CD000636808341D44F3E729463846FFF7CAFFE6
:104CE000284604B0BDE8F081F8B505460C300F4603
:104CF000FFF744FF05F1080604463046FFF73EFF84
:104D0000A042304688BF6C68FFF738FF201A386031
:104D100020B130462C68FFF731FF2044F8BD000079
:104D200073B5144606460D46FFF72EFF844228BF92
:104D300004460190DCB101A93046FFF7D5FF019B85
:104D400033B93268C5E90233C5E9002401200CE01B
:104D50009C4238BF01942860019868608442F5D96C
:104D60003368AB60241AEC60022002B070BD2046AC
:104D7000FBE700002DE9FF410F466946FFF7D0FF32
:104D80006C4600B204EBC0050026AC4209D0D4F852
:104D9000048054F8081BB81942461EF0DBFD464457
:104DA000F3E7304604B0BDE8F081000038B50546B1
:104DB000FFF7E0FF044601462846FFF719FF2046AB
:104DC00038BD00002DE9F04F2DED028B06468DB069
:104DD000174691F80090B9F1000F00F00583B9F182
:104DE000250F08D04B1C0393336849469B68304617
:104DF00098470399EDE791F801908B1CB9F1250FC5
:104E00000393F1D00025AA462C461F2C31D8B9F1C6
:104E10002B0F23D012D8B9F1200F21D0B9F1230FD5
:104E200024D0B9F12A0F33D1600631D557F8043BAD
:104E3000002B28DA24F04004A4B207E0B9F12D0FCA
:104E400011D0B9F1300F23D144F00104039B13F8C2
:104E5000019B0393B9F1000FD7D142E044F0020463
:104E600044F00404F2E744F00804EFE744F01004CF
:104E7000ECE77F2CD5D9220633D5B9F16C0F30D1B0
:104E800044F48074E2E7FF2BA8BFFF23DDB2DDE727
:104E9000A9F13003DBB2092B11D862064BBF05EB39
:104EA00085050AEB8A0A03EB450503EB4A0A4EBF68
:104EB00005F0FF050AF0FF0A44F02004C6E7B9F147
:104EC0002E0F05D1600600F18F8244F04004BDE74B
:104ED000B9F16C0F02D144F08004B7E7B9F1680F63
:104EE000B4D0A9F14503022B61D809F1200944F09F
:104EF00010045FFA89F9073727F00707F7E802017E
:104F0000FBF754FE14F0400F08BF062524F0C00440
:104F1000B9F1650F08EE100AA4B251D144F0400473
:104F200023060DD59FED9D7AF0EEC87AF4EEC77A90
:104F3000F1EE10FAC2BF4FF63F73234043F0400436
:104F400014F0800347D03B2DA94628BF4FF03B0902
:104F500009F101095FFA89F94FF0070817220021CA
:104F600006A802931EF040FD4A46414606A8B0EE50
:104F7000480A10F0B9FC9DF81830019303F00902BB
:104F8000012A029B83462FD0A0072FD414F0040FD0
:104F90000CBF00222022019911F00C085CD0002ADD
:104FA00040F0C382BAF1030F53D890463AE0A9F11A
:104FB0006503022B00F26A8124F01004A4B29AE780
:104FC000B9F1660F02D144F08004A9E7002DA7D003
:104FD000013DEDB2A4E70A2D83BF0A259946A846F4
:104FE000A84698BF9946B9E72D22D4E72B22D2E7ED
:104FF0004FF00408AAEB080821075FFA88F80BD4E1
:10500000336802929B682021304608F1FF389847A8
:1050100018F0FF08029AF3D122B1336811469B6859
:1050200030469847019B5E4D13F0080F5D4B08BF5B
:105030001D46013D04F0100415F8011F002900F081
:10504000BE800CB12039C9B2336830469B6898479E
:10505000F2E74FF00308CDE7CDF808B0002B3BD0C6
:10506000019BD944DB065FFA89F907D59DF8193011
:10507000312B04BF09F1FF395FFA89F94FFA89F33F
:10508000002B49DDB9F1080F28BF4FF0080914F0D3
:10509000800304931ABF2BEAEB730133052302B19B
:1050A00001330DB1691C0B449A45C4BFAAEB03033D
:1050B0005FFA83F814F0090F33D1B8F1000F30D044
:1050C000336805929B682021304608F1FF389847E5
:1050D0005FFA88F8059AF0E76006D8D45D4504DBEE
:1050E0001BF1040FA8BF44F080046B1C06A90B44FD
:1050F00035B113F80119302902D1013DEDB2F7E7BE
:105100002106C4D505F101095D455FFA89F906DD7F
:10511000A5EB0B05EDB2BAE74FF00109B7E70025A3
:10512000B5E722B1336811469B683046984722079D
:105130000CD4B8F1000F09D0336830219B68304699
:1051400008F1FF3898475FFA88F8F2E7049B002BD4
:1051500049D02BEAEB74ABEB040A06AB9A44ABEBF9
:1051600009096D42A34517DBA14515DA9AF801102C
:10517000013CA54218DC002900F0DE81336830468E
:105180009B689847631C04D133682E219B68304686
:1051900098470AF1010AE5E73021E9E77F96184BC5
:1051A0002481030820810308A34507D19DF8193005
:1051B000352B12D802D1019BD8060ED571B9B8F1A2
:1051C000000F3FF416AE336820219B68304608F18B
:1051D000FF3898475FFA88F8F1E7312133689B6818
:1051E00030469847EBE79DF8191031291EBF019B07
:1051F00003F0EF030193336830469B689847E5B9A5
:10520000336814F0100F14BF452165219B683046A8
:105210009847BBF1000F29DACBF1000302932D214F
:10522000336830469B6898473021029B092B23DD69
:1052300001310A3BC9B20293F7E733682E219B681C
:10524000304698470235EDB24FF002094B460CAAA2
:105250001A44336812F8181C9B6809F101095FFAB7
:1052600089F930469847A945F0D1C9E702D1019B99
:10527000D906D1D42B21D3E7336830469B689847B1
:105280000299336830319B68C9B2A9E7B9F1630F5D
:1052900038D0B9F1730F53D0B9F1640F67D124F04E
:1052A000900814F4807F1FFA88F80DF118097FD058
:1052B000FA1D22F007021746516857F8080B00291B
:1052C00004DA404261EB410148F080080A234A4673
:1052D00000F084F9A0EB0900C4B218F0400F00F010
:1052E000A58028F00109AC421FFA89F980F0D88026
:1052F00008F01403102B03D128F011081FFA88F9C5
:10530000AB4695E057F8043B8DF8183001250DF1B8
:105310001809220701D4AA451FD84D44D046A945F3
:105320003FF44DAF336819F8011B9B68304698472E
:10533000B8F1000FF3D008F1FF385FFA88F8EEE714
:1053400057F8049B14F0400F14BF29464FF0FF316B
:1053500048461FF035F80546DBE7336820219B6897
:1053600030460AF1FF3A98475FFA8AFAD3E7B9F173
:10537000690F94D0B9F1750F28D124F010041FFAE9
:1053800084F80A2318F4807FDBB20DF1180946D0A7
:10539000073727F00707F7E802014A4600F01EF931
:1053A000A0EB090028F08008C4B21FFA88F894E73F
:1053B00057F8040B0028B8BF40424FF00A02494694
:1053C000B8BF48F0800800F0BBF883E724F0060877
:1053D000B9F1700F1FFA88F815D00AD8B9F1580F33
:1053E00014D0B9F16F0F18D00DB0BDEC028BBDE831
:1053F000F08FB9F1780FF7D118F0100F01D048F005
:1054000004081023BEE748F01008F5E7E30601D5CD
:1054100048F006084FF40473B4E70823B2E757F8DE
:10542000040B1A46494600F08BF8B9E7A346C1467B
:1054300019F0100F41D00CAB234413F8193C302B5A
:1054400030D129F016091FFA89F919F0080844D15A
:1054500019F0010F35D0DA4546D904EB0A05A5EB62
:105460000B05EDB2336819F0100F9B6841D0302165
:105470003046984719F0040F08D0336819F0020F2E
:105480009B6814BF58217821304698473368AC4256
:105490009B683BD230213046013D9847EDB2F5E79D
:1054A000A346C5E719F0040F02D10BF1010B01E08F
:1054B0000BF1020B5FFA8BFBC7E719F0860FC4D024
:1054C000F3E73368DA459B6810D9202130460BF1A9
:1054D000010B98475FFA8BFBF3E7DA4506D9AAEB95
:1054E0000B085FFA88F8BDE72546BBE74FF00008D8
:1054F000B8E719F0860FC9D019F0020F14BF2B219D
:10550000202119F0800F18BF2D21BDE7651E06ABC5
:1055100053FA85F5336815F801199B68013CE4B22C
:1055200030469847002CF5D149E6BAF1040F3FF612
:105530005FAD4FF0000870E5A3457FF440AE35E65F
:10554000082A30B505D10346C008FCD130330B70B2
:105550000DE0102A0DD100F00F0202F13003392BBB
:1055600088BF02F13703000901F8013BF3D1084677
:1055700030BD03460022DCB223F00103023342F1C6
:105580000002580840EAC270C31842EB52021809E0
:1055900040EA0270C01842EB1212030A43EA0263A7
:1055A000181842EB1222030C43EA02431B1842EB89
:1055B0001242D31842F100001B0943EA0073C3EB07
:1055C0004315C3EB85053034020904EB450453EA67
:1055D000101001F8014BCED1C9E70000082B30B5FF
:1055E0000AD10346C00840EA4170C90850EA0104E4
:1055F000F7D13033137013E0102B13D100F00F04E8
:1056000004F13003392B4FEA101088BF04F137033F
:1056100040EA0170090902F8013B50EA0103EDD1AB
:10562000104630BD20F00104023441F1000361084E
:1056300041EAC3710C1943EB5303210941EA037199
:105640000C1943EB1313210A41EA03610C1943EBD4
:105650001323210C41EA0341091943EB1343591861
:1056600043F10003C5B2080940EA0370C0EB4014DF
:10567000C0EB84043035190905EB440550EA1313D7
:1056800002F8015BCED1CBE770EE600ADFED057A60
:10569000F0EEE00AF4EEE70AF1EE10FA4CBF01205A
:1056A000002070470000003408B52DED028B9FEDFF
:1056B000088AF0EE480A1CF08BFEB5EEC00AF1EE47
:1056C00010FA48BF30EE080ABDEC028B08BD00BFDF
:1056D0000000B44308B52DED028B9FED088AF0EE73
:1056E000480A1CF075FEB5EEC00AF1EE10FA48BF8C
:1056F00030EE080ABDEC028B08BD00BF00A00C47CD
:1057000010B5B4EE400AF1EE10FA2DED028B04460E
:10571000B0EE608AF0EE418A0FD708F0A3FEA2B285
:105720004FF4806108F08AFE38EE288AB6EE000A4F
:1057300028EE000ABDEC028B10BDB4EEE00AF1EEDB
:1057400010FA07D4B4EE410AF1EE10FAC8BFB0EE79
:10575000410AEFE7B0EE600AECE70000884203D3AD
:105760009042014628BF114608467047884203DB35
:1057700090420146A8BF114608467047094A13687F
:1057800049F2690099B21B0C00FB01331360064B10
:10579000186844F2506182B2000C01FB02001860EC
:1057A00080B270470823002004230020036800EE25
:1057B000103A7047024682B0006851686B4603C3D6
:1057C0009DED000B02B07047D0ED010AD1ED016AEA
:1057D00090ED021A91ED027A90ED000AD1ED007A77
:1057E00070EEE60A31EE471A30EE670A88B008B06C
:1057F000704700BFD0ED010A90ED021AD0ED007A9B
:1058000060EE200A20EE011A27EE800A88B008B068
:10581000704700BF91ED005AD1ED015A91ED026A37
:10582000D0ED006A90ED017AD0ED027A76EE856ACD
:1058300037EE257A77EE867AC0ED006A80ED017A40
:10584000C0ED027A704700BFD0ED006A90ED017A9A
:10585000D0ED027A66EE806A27EE007A27EE800AA3
:10586000C0ED006A80ED017A80ED020A704700BF4A
:1058700090ED007AD0ED017A90ED026AC7EE006AF1
:1058800087EE807AC6EE007AC0ED006A80ED017A7C
:10589000C0ED027A704700BFD0ED007AF4EE677A6F
:1058A000F1EE10FA10D6D0ED017AF4EE677AF1EE4F
:1058B00010FA09D6D0ED027AF4EE677AF1EE10FA1A
:1058C0006CBF01200020704701207047D0ED007AA6
:1058D0009FED0F7AF0EEE77AF4EE477AF1EE10FAE8
:1058E00014DCD0ED017AF0EEE77AF4EE477AF1EECF
:1058F00010FA0BDCD0ED027AF0EEE77AF4EE477A9C
:10590000F1EE10FACCBF0120002070470120704753
:10591000FFFF7F7F08B52B2900F28282DFE811F0BC
:1059200044004602400233022A021B02680157016A
:105930004E016E0158003F01790184014500D400F9
:105940000401EF003901290120010B0191010A0234
:10595000E501DF0145005800D101C401B901AA01E8
:105960009F01C700BE00B700AA009B007000610045
:105970002C006D0262025102D0ED016AD0ED007A76
:105980009FEDDD6A36EEA77A77EEE67AD0ED026A11
:1059900027EE067A67EE867AF1EE666AC0ED016A56
:1059A00080ED027AC0ED007A08BD90ED007AD0ED6E
:1059B000016AD0ED027AF1EE666AB1EE477AF1EE55
:1059C000677AC0ED006A80ED017AC0ED027A08BD09
:1059D000D0ED027A036842680260F1EE677A4360B4
:1059E000F3E7D0ED007A90ED026ADFEDC36A37EE9F
:1059F000867A77EEC67A27EE267A67EEA67ACFE722
:105A0000D0ED017ADFEDBD5ADFEDBD6A9FEDBD7AC5
:105A100090ED006ADFEDBC4A9FEDBC5A67EEA66AC6
:105A200027EE877A67EEA57ADFEDB95AE6EE246AAB
:105A3000A6EE057AE6EE257ADFEDB64A90ED026A2B
:105A40009FEDB55ADFEDB55AE6EE246AA6EE057A6B
:105A5000E6EE257AB5E790ED027AD0ED007A43685C
:105A60008360B1EE477AF1EE677A80ED007AC0ED9F
:105A7000017A08BD90ED017AD0ED007A8368B1EE2D
:105A8000477AF1EE677A80ED027A0360EFE781688A
:105A90000268436841608260036008BDD0ED017A0E
:105AA00083680268F1EE677AC0ED017AF3E790ED62
:105AB000027AD0ED017A0368B1EE477AF1EE677AA7
:105AC00080ED017A83606DE7D0ED007A90ED017A88
:105AD000DFED935A9FED886A77EE876A77EEC77A93
:105AE00090ED027A66EEA56A67EE867AB1EE477AA5
:105AF000C0ED016AC0ED007A80ED027A08BD90ED3C
:105B0000026AD0ED007ADFED7C6A436837EE867A70
:105B100077EEC67A67EEA67A27EE267A8360C0ED26
:105B2000017A80ED007A08BDD0ED027A4368836087
:105B3000F1EE677A9BE7D0ED026AD0ED007A9FED37
:105B40006E6A37EEE67A77EEA67AD0ED016A67EEF6
:105B5000867AF1EE666A27EE067AC0ED026ADEE723
:105B6000D0ED017A8368F1EE677AC0ED027A436086
:105B700008BDD0ED026AD0ED007A9FED5F6A436800
:105B800037EEE67A77EEA67ADFED656A67EE867A1B
:105B9000C2E782684168036881600260E7E7D0ED90
:105BA000017A90ED007A9FED546A77EE876A77EE7E
:105BB000C77A90ED027A66EE866A95E790ED017AF3
:105BC000D0ED027AB1EE477AF1EE677AFBE6D0EDDE
:105BD000007A90ED016ADFED486A36EE677A77EE7B
:105BE000867A27EE267A67EEA67A80ED017AD9E6E4
:105BF000D0ED007A4368F1EE677A46E7D0ED007A9F
:105C000090ED017A9FED3C6A77EEC76A77EE877A6E
:105C1000CFE790ED007AD0ED027AB1EE477AF1EE5F
:105C2000677A80ED007AD0E6D0ED007A90ED017AC7
:105C3000DFED315A9FED3A6A77EE676A77EE877A41
:105C40004EE790ED017AD0ED027A0368B1EE477A23
:105C5000F1EE677A80ED027AC0ED007A87E7D0ED49
:105C6000007A436882684260F1EE677AC0ED007A9C
:105C7000836008BDD0ED026AD0ED017A90ED007A24
:105C8000F1EE666AB1EE477AF1EE677AC0ED016A2D
:105C9000C7E7D0ED017A90ED007A83684360F1EEBA
:105CA000677AB1EE477A7BE6D0ED016AD0ED027AF1
:105CB00090ED007AF1EE666AF1EE677AB1EE477A1E
:105CC0006CE690ED027AD0ED007A4368B1EE477A47
:105CD000F1EE677A80ED017AC0ED027ADCE6D0ED74
:105CE000027A0368F1EE677AECE6D0ED007A836819
:105CF000F1EE677AF0E700BFF304353FDB26B93EEB
:105D000046D0BC3EC9355BBFCF78123E4F0DAABE10
:105D1000C6AC6EBF4D1F6BBFF184CABEF63BCC2331
:105D2000F30435BFF304353F81177E3FA296F93D5A
:105D3000A296F9BDD0ED026AD0ED007A5FED075A68
:105D40001FED096A37EEA67A77EEE67AD0ED016AA2
:105D500067EEA57AFDE6D0ED006AD0ED017A1FED81
:105D6000106A37EEA67A77EEE67A5FED126A27EED2
:105D7000067A38E790ED007AD0ED017AB1EE477AF5
:105D8000F1EE677A71E6D0ED016AD0ED007A1FED91
:105D90001B6A37EEE67A77EEA67A5FED1F6AE6E7D2
:105DA000D0ED017A0368F1EE677A55E7D0ED007A1D
:105DB00090ED016A5FED256A37EE867A77EEC67A56
:105DC0000FE7D0ED017A90ED026A5FED2A6A36EEB8
:105DD000677A77EE867A27EE267A67EEA67A80EDE6
:105DE000027A44E6D0ED017A90ED026A5FED336A03
:105DF00037EE867A77EEC67AEDE7D0ED027A1FEDC0
:105E0000366A1FED367AD0ED006A5FED375A27EE1D
:105E1000877A67EE867AA6EE867AE6EEA57A00E7BE
:105E200008F020FBBDE8084040F211124FF4800159
:105E300008F004BBD0ED027AD0ED016A90ED007A53
:105E400067EEA77AE6EEA67AE7EE077AF5EE407AF5
:105E5000F1EE10FA02D4B1EEE70A7047B0EE670A2D
:105E60001CF016BB7047000038B5056804462DB11C
:105E70002846FEF739FE2846FEF7B6FA204638BD1A
:105E800013460246014802F0FDB800BF265B002021
:105E900013B50422054B0193044601460DEB0200A5
:105EA000FFF7EEFF024B1C8002B010BDFFFF3F006A
:105EB000185B002007B5502304228DF804304123DD
:105EC00000210DEB02008DF8053006238DF8063019
:105ED0008DF80710FFF7D4FF0420FFF7D9FF03B0B8
:105EE0005DF804FB00EB0212907B20B91BB1928994
:105EF000120758BF3F20984008447047430608D413
:105F0000000A08D0054B1B88184214BF012000204E
:105F10007047002070470120704700BF1C5B0020C5
:105F200010B50B4B1A880B4B01301B6880B2142440
:105F300004FB0033824207D9DC898C4203F114034D
:105F400004D0013080B2F5E7002010BD0120FCE74D
:105F50002A5B00202C5B002082898368D20648BF20
:105F60001B6818467047000082898368D20648BFC4
:105F70001B6818467047000007B5042300220DEB8C
:105F800003010B48019202F045F89DF80430502BB4
:105F900007D19DF80530412B03D19DF80630062B23
:105FA00001D0FFF787FF012003B05DF804FB00BFBD
:105FB000265B002082894368920705D51B68181E5E
:105FC00018BF01200B6070470120FBE737B58B89B4
:105FD0001446DA070D4605D523684A681344236042
:105FE000012012E09B07FBD50A4B1B68142201A974
:105FF00002FB0030FFF7DEFF48B1019922686B68B1
:106000000A44D3581BB15B1A236003B030BD002093
:10601000FBE700BF2C5B00202DE9F04F8BB01F4643
:106020009DF85480069114235343059308F1060309
:10603000DBB2054616464FF0000B07935FFA8BFA6A
:1060400007EB0A1999F80F40002C4CD0062C28D1E8
:10605000B8F10B0F21D84846FFF77EFF0446C8B1C0
:10606000169B099309AA49463046FFF7AFFF88B14E
:106070001499434652463846FFF734FF099B029372
:10608000079B0699CDE90003324623462846FFF7D1
:10609000C3FF18B90BF1010BD0E700200BB0BDE82E
:1060A000F08F1499434652463846FFF71BFFB0EB7A
:1060B000953FEFD1C5F30423A342EBD10B4C059BD5
:1060C000206809A91844FFF775FF0028E2D0D9F825
:1060D0000430099A1344169A1344069A13602068F0
:1060E000059B1844DAE72046D8E700BF2C5B002068
:1060F0002DE9F04F1F4B5FFA80F8B3F800A0C0F312
:10610000403348EA03281C4B1E680F4687B00546FB
:10611000C0F3042B00211FFA81F9CA4527D9F3895E
:106120004345344620D1337C062B0FD13046FFF750
:106130001BFFC8B10023CDE9013300934A46034653
:1061400039462846FFF768FF044609E09B450BD116
:1061500005A93046FFF72EFF0028F5D0059B3B60D0
:10616000204607B0BDE8F08F01311436D3E7002494
:10617000F6E700BF2A5B00202C5B00202DE9F04FE2
:1061800098468DB0142353430693484B9DF858907E
:10619000DDF868B004461868069B0E4618440AA944
:1061A0001746FFF707FF00287DD00023079309F16A
:1061B0000603DBB209939DF81CA006EB0A15EB7BE6
:1061C000002B70D0062B3BD12846FFF7C5FE089068
:1061D000002831D0B9F10B0F65D8179B0B930BAA90
:1061E00029463846FFF7F2FE30B39BF80030012B0A
:1061F00059D85A1C0BEB83038BF8002041465D6095
:1062000052464B463046FFF76DFE1B9A0899CDE982
:1062100004B2199A0392189A02920B9A0192099A5F
:10622000009203463A462046FFF7A8FF00BB9BF8C2
:106230000030013B8BF80030079B01330793BAE72E
:10624000179A686810440A9A1044A04213D14B462A
:10625000524641463046FFF745FE189B1B9A186090
:10626000199B1D6000231370104B1868069B18447F
:106270000DB0BDE8F08F052BDED1031D9C4203D08D
:1062800000F108039C42D7D11B9B201A800818708C
:1062900052464B4641463046FFF724FE189B186095
:1062A000199B1D60E0E70020E2E700BF2C5B0020A7
:1062B0002DE9F04F8BB00025DFF8A4A00793064628
:1062C0000F4690461560254B1B881FFA85FB5B45E2
:1062D00041D9DAF80000142303FB0B0409A9204676
:1062E00094F81090FFF766FE98B3B9F1060F17D136
:1062F0002046FFF739FE014658B3149B0593079BD0
:106300000297CDE903830023CDE900335A46304696
:10631000FFF734FF0446E0B120460BB0BDE8F08F34
:106320000998B04204D1149A00233B601370F3E73C
:10633000B9F1050F0DD1031D9E4203D000F10803F2
:106340009E4206D1149B301A8008187000233B60CF
:10635000E2E70135B7E70024DEE700BF2A5B002053
:106360002C5B00202DE9F04798460D88234B04460E
:10637000C5F30809186809EB890588B000EB8505A5
:1063800007A92846119E95F810A01746FFF712FEA0
:1063900020B90025284608B0BDE8F0870021BAF1F1
:1063A000060FC8F8001013D12846FFF7DDFD0028BE
:1063B000EFD0109B0091CDE90383CDE901170B4687
:1063C000059601464A462046FFF7D8FE0546E1E716
:1063D0000798A04202D139603170DBE7BAF1050FAE
:1063E000D7D1031D9C4203D000F108039C42D0D1B9
:1063F000241AA408002334703B60CBE72C5B0020F8
:106400000138C0B204289ABF014B185C00207047C5
:10641000BC8103082DE9F04F2DED028B83B00024E1
:106420000193931DDBB208EE103A05460E4617465F
:10643000A246A0464FF0010BE2B2110105EB021299
:10644000D07B002853D0937B3F2B02D92A480FF0F2
:1064500085F817B1002B08BF3F23C3F12009A3F132
:10646000200E2AFA03FC08FA09F928FA0EFE4CEA73
:10647000090C4CEA0E0C1CF0010FC3F1200EA3F125
:10648000200CE3D10BFA0CFC2BFA0EFE4CEA0E0C9E
:106490000BFA03F3062843EA0A0A4CEA080814D167
:1064A0000B2FD3D81046FFF757FD814658B16858D7
:1064B000FAF7B8FE019B1844C3B218EE102A314611
:1064C0004846FFF7A7FF0134B6E7FFF799FF81467B
:1064D0000028BBD06858FAF7A5FE019B1844102885
:1064E000B4D83088031D03EB09003080EBE703B01C
:1064F000BDEC028BBDE8F08F288103082DE9F04F39
:1065000085B00423DFF89890ADF80E3000244FF0EA
:10651000140A214B1B881FFA84F8434539D9D9F84E
:1065200000300AFB08F15D182F7CB5F80EB0062F7D
:1065300023D1B8F1000F02D118480FF00FF8284608
:106540000193FFF711FD0646A8B1019B5858FAF7D1
:1065500069FE0022C3B20DF10E013046FFF75AFF6B
:1065600059464046FFF7DCFC0028E5D1062F02D053
:10657000AB899B07E0D40134CBE73846FFF740FFF7
:106580000028D9D0BDF80E3004331844ADF80E0001
:10659000E6E705B0BDE8F08F2A5B002028810308FC
:1065A0002C5B0020437803F01F021F2A0FD00278D3
:1065B000C3F3401342EA032340F2FF12934206D092
:1065C00000680138C31C94BF0020012070470120DF
:1065D000704700002DE9F341224FDFF89080064616
:1065E0000D4604247B88A34237D904230DEB030115
:1065F0002246384601F00EFD9DF80510737881EAB9
:106600000302D20618D196F800C09DF80400C3F327
:106610004013C1F340124CEA032340EA02229342A2
:106620000AD13268019B534013EA080F04D12C8031
:10663000012002B0BDE8F08101A8FFF7B3FF20B14F
:10664000094B2C801C800020F3E701F01F00FFF7AE
:10665000D7FE031D1C44A4B2C4E74FF6FF732B8082
:10666000F1E700BF265B0020185B002000C0FFFFA1
:1066700070B50C462046114615461E461DF0A0FE7C
:10668000831CAB420AD85F22225422180330A8424E
:1066900006F1580656709CBF0022E25470BD0000FF
:1066A0002DE9F74FDDE90D5407468A46164609687D
:1066B0009DF830809B4622469DF83C30009328464A
:1066C0001DF06AFE4FF000099BF800105FFA89F296
:1066D0009142019212D9214628461DF071FEC0B2A6
:1066E0008442019A07D90BEB82025168221A096889
:1066F00028441DF051FE09F10109E5E7E6B1214604
:1067000028461DF05DFEC3B29C4204D93168E21AEE
:10671000E8181DF041FE009B13B9B8F1000F13D02B
:10672000F37B052B10D1434622462946384603B059
:10673000BDE8F04FFFF79CBF009B13B9B8F1000F05
:1067400002D09AF81030ECE703B0BDE8F08F0000FB
:10675000F0B58BB007AC1F460023C4E901330793A3
:106760000DF11303CDE90043154606AB05AA064615
:10677000FFF7F8FD014610B928700BB0F0BD9DF889
:106780004030069A0195CDE902739DF813300093CD
:1067900030462346FFF784FFEFE700002DE9F04F76
:1067A000984689B014234B43DFF828A1039204468E
:1067B0000E4604934FF000095FFA89F52B0108EBB0
:1067C0000515059395F80FB0BBF1000F7FD0BBF115
:1067D000060F58F803702AD13846FAF723FD3946D8
:1067E000024620461DF0A2FD002869D12846FFF789
:1067F000B3FB0746002863D0039B079307AA2946EB
:106800003046FFF7E3FB00285AD0059B58F80300F9
:10681000FAF708FD129B0093079A3B463146204445
:10682000FFF7BCFF00284BD009B0BDE8F08F394618
:1068300020461DF04BFD88B9DAF80000049B07A93B
:106840001844FFF7B7FB00283AD0129B83F800B03A
:106850006868079B1844039B1844E5E7BBF1050FE4
:106860002ED1102138461DF0ABFD5FFA80FB5A4651
:10687000394620461DF07CFD10BB14F90B305F2B10
:106880001ED10BF1010B14F80B30583B022B17D81B
:10689000DAF80000049B07A91844FFF78BFB78B1D6
:1068A0006868079B129A1844039B184404231370CA
:1068B00014F90B30592B06D05A2B06D0582BB3D0D5
:1068C00009F1010978E70430AEE70830ACE7584633
:1068D000AAE700BF2C5B00202DE9F04F8BB0DFF85A
:1068E000D0B00291054614460026304B1B881FFA93
:1068F00086FA534557D9142253465343DBF80020F8
:1069000002EB0309D35899F81080B8F1060F34D17F
:106910001021184603931DF053FD039B5FFA80F886
:106920004246194628461DF023FD0746002838D167
:106930004846FFF719FB0346002832D0029A00921E
:1069400005EB08003A465146FFF728FF804640B362
:106950007CB10DF11303009306AA07AB05A9CDE99D
:10696000077705970997FFF7A3FC069B03B19B895F
:10697000238040460BB0BDE8F08F194628461DF035
:10698000A5FC824668B9029B07A983F800804846A7
:10699000FFF710FB38B10CB1A4F800A0DDF81C80A3
:1069A000E7E70136A1E74FF00008E2E72A5B0020A5
:1069B0002C5B002030B50B4B1C880B4B1B68002256
:1069C00095B2AC420CD91D7C062D06D15D6885427E
:1069D00003D1DB890B80012030BD01321433EFE796
:1069E0000020F9E72A5B00202C5B0020F0B5304D39
:1069F00087B040F2A51202908DF80C1006460C46A6
:106A000001A8291DFDF77CFE052204A92868FEF7D0
:106A1000B1F9074601A8FDF78FFE052F06D1049BAB
:106A2000B34203D19DF81430A3423ED0214E224FF1
:106A30004FF4B072314601A8FDF762FE2868FEF7F8
:106A4000BDF8042821D92868052202A9FEF72CF9EF
:106A5000431F5C425C4101A8FDF76EFE2CBB3C6805
:106A6000E36A93F89C3093B9A06A036801211B691B
:106A70009847A06A03684FF4FA719B689847A06A28
:106A8000036800211B699847D2E70024E3E7A06A66
:106A900003681B6C98470028E6D007F0E3FC40F23F
:106AA000FA424FF4801107F0C9FC07B0F0BD00BFF7
:106AB000EC5A0020F05A0020082600202DE9F3416E
:106AC000154E164FC92406F10408013CA4B2FCB1CE
:106AD00040F24B12414601A8FDF712FE3068FEF766
:106AE00053F8054601A8FDF727FE042D10D93D688F
:106AF000A86A03680A211B699847A86A03680A21E3
:106B00005B689847A86A036800211B699847DCE71F
:106B100002B0BDE8F08100BFEC5A0020082600203A
:106B200000B58BB00023CDE90733049309930DF131
:106B30000D03009305AA07AB04A9FFF7B9FB10B337
:106B4000059B23B3DB7BC2898DF8182003F01F035C
:106B5000C2F300221B0243EA4233049A43EA82331F
:106B60009DF818200DF10E01134306A80693FFF7B8
:106B700031FD40B19DF8193003F01F03052B03D000
:106B80009DF80D3003B100200BB05DF804FB037CD1
:106B9000D9E70000F0B5144F3B8889B006460D4692
:106BA000FBB10DF10B030024009304AA05AB03A96C
:106BB000CDE9054403940794FFF77AFB88B10B4BAA
:106BC00038881B68A2B290420BD91A46013411686A
:106BD0008E4203F10C03F5D1137A2B70012009B01A
:106BE000F0BD0020FBE700BF205B0020145B00200D
:106BF00013B50DF107010446FFF7CCFF10B920468D
:106C0000FFF78EFF02B010BD07B5074B1B884BB1D5
:106C10000DF10701FFF7BEFF08B19DF8070003B0B3
:106C20005DF804FB1846FAE7125B002010B50C462D
:106C3000FFF7EAFF40B9A30608D5054B1B6813B15F
:106C4000186AC0F3800010BD0020FCE70120FAE7BD
:106C5000508600200138032816D8DFE800F002082B
:106C60000E13FDEEC07A17EE903A0B707047BDEE32
:106C7000C00A10EE103A0B807047BDEEC00A81EDDD
:106C8000000A704781ED000A7047000001390329AE
:106C90000BD8DFE801F00204060801F015B901F095
:106CA00055B901F089B901F0C7B89FED010A7047E5
:106CB0000000C07F37B5037A02888DF8042003F006
:106CC0001F03C2F300221B0243EA4233426843EA35
:106CD00082339DF804200C4613430DF1020101A8F4
:106CE0000193FFF777FC054670B19DF8050000F0B1
:106CF0001F00FFF785FBBDF802200432034692B265
:106D00000348214601F086F9284603B030BD00BF94
:106D1000265B00202DE9F0472DED028B82B0044662
:106D200000AF007AFFF76CFBC31D23F00703E946B1
:106D3000ADEB030D0E46804669462046F0EE408AD4
:106D4000EA46FFF7B7FF88B3E0680022F91DFFF7B6
:106D5000C3FD054640B9344BE2681B683349986966
:106D600003681B68984721E0B2071BD5227AFB799C
:106D70009A4222D1F7EE000AB0EE680AFEF784FCD0
:106D8000D8B1D6B94246514628461CF0D3FD68B169
:106D90005146424628461CF0DDFD31462846FFF7A5
:106DA00025FE03E0FFF7BCFE0028DFD00837CD4604
:106DB000BD46BDEC028BBDE8F087FB79042B07D9FB
:106DC000194BE2681B681A49986903681B68C9E790
:106DD000217A0429F4D85046FFF758FFF307B0EEA4
:106DE000408A0BD5FFEE000AFEF74EFC9FED110A1C
:106DF0000028B7EE008A08BFB0EE408AF97928462D
:106E0000FFF744FFF0EE400AB0EE480AFEF73CFC04
:106E100002460028CAD1294628EE280AF879FFF749
:106E200019FF1146BAE700BF082600203C8103087D
:106E3000558103080000000070B515462DED028B4A
:106E40000446B0EE408A00EB0116B44207D020465B
:106E50002946B0EE480AFFF75DFF1034F5E7BDECB8
:106E6000028BBDE87040FFF729BE0000B7EE000AB4
:106E7000FFF7E2BF2DE9F04F89B000AF984697F8D1
:106E80004830C7E90221002B834614BF4FF00009A8
:106E90004FF006090025BB68ECB203EB0414E07B5D
:106EA00098B30023FB61EA46A37BA7F810B03876BD
:106EB000B9F1000F02D0002B08BF3F2303FA09F3FA
:106EC00043447B61FFF79CFAC31D23F00703ADEB3E
:106ED000030D0646694607F11000FFF7EBFE88B187
:106EE0006468FB681C442046FFF71AFE786048B9C6
:106EF0006946324620461CF02DFD7B682046194627
:106F0000FFF774FD0135D546C5E7FFF7D7FD2437F8
:106F1000BD46BDE8F08F0000B4EE400AF1EE10FA75
:106F200010B504460CD69FED327AF0EEC07AF4EE3E
:106F3000477AF1EE10FA03DC042902D180ED000A51
:106F400010BD032919D1B5EEC00A9FED2A7ADFEDF5
:106F50002A7A9FED2A1ADFED2A0AF1EE10FA58BFBD
:106F6000F0EE477A30EE270A40F6C200FEF7C8FB83
:106F7000BDEEC00A84ED000AE2E702291AD1B5EE9F
:106F8000C00A9FED1C7ADFED1C7A9FED1E1ADFED23
:106F90001E0AF1EE10FA58BFF0EE477A30EE270ADB
:106FA00040F6C700FEF7ACFBBDEEC00A10EE103A8B
:106FB0002380C5E70129C3D1B5EEC00A9FED0D7A44
:106FC000DFED0D7A9FED111ADFED110AF1EE10FAE7
:106FD00058BFF0EE477A30EE270A40F6CC00FEF7B5
:106FE0008FFBFDEEC07A17EE903A2370A8E700BF42
:106FF000FFFF7F7F0AD7233C0AD723BC0000004F46
:10700000000000CF00FEFF46000000C70000FE4267
:10701000000000C32DE9F3411D4690F90030232BF9
:107020000F4690464FF000042CD01749019401AA56
:107030001EF078F8064618B9002002B0BDE8F081CD
:10704000FAF7F0F81028F7D80F4901AA20461EF0E9
:1070500069F80028F0D021461DF0E0FF0A4988EDCC
:10706000000A01AA3E6020461EF05CF830B10749D4
:10707000FAF7CEF810B901202870DEE700232B7054
:107080000120DAE72046D8E77081030877810308FA
:107090002DE9F0434FF000089DB005460E46174617
:1070A000A2F80080002E35DDB2B200239CB2A242CD
:1070B00003F1010902D9EB5C0A2B29D1632C28BF0B
:1070C00063242246294603A81CF044FC1CAB1C4444
:1070D000A6EB090604F8648C9DF90C30232B4D4473
:1070E000E0D0002BDED00DF1020302AA01A903A813
:1070F000FFF790FF0028D5D0019800220DF1030181
:10710000FFF7EAFB0028CDD03B8801333B80C9E77D
:107110004B46CBE701201DB0BDE8F0832DE9F04FD1
:10712000DFF828810546D8F800009FB00E4608B168
:10713000FDF75EF9434FDFF818A1DFF8189100243E
:107140000DF10A0231462846C8F800403C80AAF8F2
:107150000040A9F80040ADF80A40FFF799FF002869
:107160006DD0BDF80A300C205843FDF73BF9C8F844
:10717000000010B934480EF0F1F9BDF80A303B8038
:10718000A346BDF80A30A34257D9002E55DDB1B24F
:10719000002297B2B94202F1010302D9AA5C0A2A7D
:1071A00049D1632F28BF63273A46294605A8019392
:1071B0001CF0D0FB1EAB1F44019B07F864BCF61A01
:1071C0001D449DF91430232BDBD0002BD9D002AB0A
:1071D00004AA03A905A8FFF71DFF0028D1D0039832
:1071E00000220DF10901FFF777FB07460028C8D000
:1071F0000C2303FB04F2D8F800309850D8F8003084
:107200001344049A5A609DF808201A7222B1B9F802
:1072100000300133A9F8003001343846A4B2FFF73A
:107220007FFC0028ADD19DF809109DED040A384679
:10723000FFF772FEA5E71A46ABE7AAF800301FB0C9
:10724000BDE8F08F225B002084810308145B0020DE
:10725000205B0020125B002002460248418A143065
:10726000FFF75CBFC4810308024B5B8A0BB1FFF7D9
:10727000F3BF7047C481030830B5002085B0FFF725
:10728000F3FF214B1A7872B901221A701F4B204A62
:107290001B680292986A1F4A0368039204AA12E9C3
:1072A00006009B6A98471C4D04246B88A34229D989
:1072B000042322466946284600F0ACFE6846FFF7E4
:1072C00071F918B1154B1C8005B030BD009801A9AB
:1072D000FEF70EFF60B19DF8010000F01F00FFF700
:1072E0008FF8221D0346019992B2284600F092FEC3
:1072F0009DF8010000F01F00FFF782F804300444FD
:10730000A4B2D2E70020DFE7245B0020082600209B
:10731000CD5A00203D7D0108265B0020185B00202F
:1073200070B50E4B1E880E4B1B68002294B2A6420D
:1073300009D91C4601322568854203F10C03F5D1B9
:1073400094ED010A70BD8B891B0649BF8B6891EDD6
:10735000020AC01A90ED000AF4E700BF205B00208B
:10736000145B00202DE9F04F8FB09B469DF87030E4
:107370000B93142343439DF860901A9D0A9307468C
:1073800088460892002307939DF81CA008EB0A1674
:10739000F47B002C35D0B089FEF7B0FD002800F05A
:1073A000BC80062C31D13046FEF7D6FD04460028BD
:1073B00000F0B380199B0D930DAA31463846FEF7B5
:1073C00005FE002800F0A9804B465246594640462B
:1073D000FEF788FD1D9A05920B9A04921B9ACDE93F
:1073E00002520D9A019209F10602D2B203460092AE
:1073F0002146089A3846FFF7B5FF0446002800F0FA
:107400008C8020460FB0BDE8F08F089B1B78099355
:10741000002B43D02B8867F308032B8052464B4642
:1074200059464046FEF75EFD3D4B03EA40302B686F
:1074300023F0FF4323F4FF0323F4FC4318431B9B77
:10744000286003B11C70374B18680A9B0DA91844BB
:10745000FEF7B0FD002860D00D9A73681344199AA6
:107460009C180B9A7AB1304A127862B1F27B012AE9
:1074700009D1B289520706D5199A9B561BB9EB78E8
:1074800043F08003EB701D9B002BBAD031462046A1
:10749000FFF746FF1D9B83ED000AB2E74B465246BD
:1074A00059464046FEF71EFD2B68C3F35133984200
:1074B00033D1089A0123137095F90330002B06DAB3
:1074C000EB78099A62F3C713EB70144699E7052C21
:1074D00023D16B78C3F34302022A1ED8013262F330
:1074E00044036B701B9B13B11B9A042313700D4B49
:1074F00018680A9B0DA91844FEF75CFD68B1746812
:107500000D9895F801B0199B0444CBF3430B1C4430
:107510000BF1FF3B04EB8B04B5E7079B013332E72C
:1075200000E0FF7F2C5B00200C2300202DE9F041C0
:1075300005460F464FF000085FFA88F307EB03118A
:10754000CC7BDCB1042C0BD84E682E443046FFF7C0
:10755000E7FE31462046FFF77DFB08F10108EBE727
:10756000052CFAD14C682C442046FFF7D9FE84ED57
:10757000000A84ED010A84ED020AEEE7BDE8F0811D
:1075800070B50E4B1E880E4B1B68002294B2A642AB
:1075900009D91C4601322568854203F10C03F5D157
:1075A00094ED010A70BD8B891B0649BF8B6891ED74
:1075B000020AC01A90ED000AF4E700BF205B002029
:1075C000145B00202DE9F04F8BB0DFF804910488A4
:1075D000079200228DF82720B9F800201F46C4F337
:1075E00008039A4205460E461C466FD9DFF8E48030
:1075F0001BB2D8F8002003EB8303980002EB83034F
:107600001B7C052B1FD16B78C3F34302022A1CD8C5
:10761000013262F344036B7009B104230B70D8F894
:10762000001001446878C0F34300431E486800EB33
:1076300083002FB10790FFF7A3FF079887ED000A9B
:107640000BB0BDE8F08F062B04D001340123A4B2A7
:107650008DF827304FF0140B4FF0000AB9F80030C6
:10766000A34233D9D8F800100BFB04118889FEF728
:1076700045FCB8B10A7C062A17D10846FEF774FC0F
:10768000014678B1079B0597CDE90363CDE901A5D4
:10769000CDF800A000230DF127022046FFF762FE7F
:1076A0000028CDD10134A4B2D8E72B68C4F3080474
:1076B00003F0004323432B6006B1327027B14868C2
:1076C000FFF75EFF87ED000A4868B9E70020B7E7DB
:1076D0002A5B00202C5B00202DE9F0418AB00023BA
:1076E000CDE90733039309930DF10903009304AA2D
:1076F00007AB03A90446FEF7DBFD054620B90026CB
:1077000030460AB0BDE8F081049B002B3AD0DB7B09
:10771000EA898DF8142003F01F03C2F300221B0234
:1077200043EA4233039A43EA82339DF814200DF171
:107730000A01134305A80593FEF74CFF064658BB04
:1077400006A92846FEF736FC0028D9D09DF815700A
:107750000499DDF8188007F01F07B9B19DF81C30B7
:1077600093B1089A012B556802D0099B5B681D44B0
:107770002046FFF7D5FD4968414429443846FFF7C4
:1077800069FABDE7037CC3E73546F1E729462046A1
:10779000FFF7F6FE4146F1E79DF815009DF8093028
:1077A00000F01F02052A0FD0002BA8D100F01F0007
:1077B000FEF726FEBDF80A200432034692B22146A7
:1077C000044800F027FC9BE7002BEFD0A4EB8304D8
:1077D000ECE700BF265B00202DE9F04385B0FEF703
:1077E000CBFB134E134F00254FF014083288ABB279
:1077F0009A4219D91C463B6808FB043494F810904F
:10780000B9F1040F0ED803A92046FEF7D3FB48B107
:10781000039801902146FFF7B3FE019801464846C0
:10782000FFF718FA0135E1E705B0BDE8F08300BFC6
:107830002A5B00202C5B0020F0B5054687B00E4681
:1078400014461F461BB1052A45D1042402E0052A2F
:107850003FD80ED00BF056FA214607462846FFF7D0
:1078600015FA22463146384607B0BDE8F04008F028
:107870009BBA102201A81CF08FFD30468DF81470C1
:10788000F9F7D0FC06AB441E1C44582304F8143C02
:107890000BF038FA04220DEB020195ED000A08F016
:1078A00083FA592304F8143C0BF02CFA04220DEB54
:1078B000020195ED010A08F077FA5A2304F8143C06
:1078C0000BF020FA042295ED020A0DEB020108F0FC
:1078D0006BFA07B0F0BDFCD8BCE7000070B590B003
:1078E0000023CDE9083306930A930DF117030093A3
:1078F00007AA08AB06A90546FEF7DAFC0446B8B1AC
:1079000011230122CDE902320BAE9DF8173000930E
:10791000014608AB079A01962846FEF7C1FE079B71
:1079200043B1DA7B9DF8173031462846FFF784FFD4
:1079300010B070BD227CF5E7024A13880133138032
:10794000704700BF105B00202DE9F0472DED028B42
:1079500090B00023CDE9083305930A930DF111038C
:1079600000938846174608AB06AA05A90446FEF709
:107970009FFC064610B3069A9DF81D301AB3D17BC2
:1079800061F304038DF81D309389590600D5002753
:10799000F389059D8DF81C30C3F30021AB0343EA46
:1079A000413307999DF81150C1F30C010B43079324
:1079B000C3F30423052B00F097805DB110B0BDEC3C
:1079C000028BBDE8F087017C61F304038DF81D3064
:1079D0008389DAE7012B05D122B193895B0701D5B1
:1079E000FFF7AAFF254684E0BDF812204FF6FF738B
:1079F0009A420AD15A4B83F800A05A4B5A491B6845
:107A0000986903681B689847D8E79DF81D1001F036
:107A10001F01042928D82046FFF738F90699F0EE0F
:107A2000408AC9B12046FFF77BFCB0EE408AF0EEF9
:107A3000400AB0EE680AFDF727FE90B1B8F1000FDA
:107A400012D1002FBAD00BF05DF9327CB0EE480AAB
:107A5000494608F0A9F9B1E731462046FFF790FD05
:107A6000E3E7B8F1000F11D09DF81D00BDF812201A
:107A70003E4900F01F00FEF7C3FC49881318083385
:107A80008B4219D3364B01221A70B6E79DF81D3090
:107A900003F01F03032BE7D09FED350A78EEC87A79
:107AA000F0EEE88A68EE808AF0EEE77AF4EEE87AA3
:107AB000F1EE10FAD8D5C4E70432104480B2FEF7D4
:107AC000E7F99DF81D0000F01F00FEF799FCBDF8D6
:107AD00012100431024689B22846FEF7D1F9BDF8EA
:107AE0001210042207A82AE0002D3FF47BAFA4EB7C
:107AF000850511234FF0010ACDE9023A0DF12C0959
:107B00009DF81130009331462046069ACDF8049036
:107B100008ABFEF7C5FD0DF1120107A8FEF75AFDEF
:107B200000283FF461AF9DF81D0000F01F00FEF734
:107B300067FCBDF812100431024689B22846FEF7F0
:107B40009FF9002F3FF43AAF9DF81D209DF81130AA
:107B500002F01F0249462046FFF76EFE2EE700BFE7
:107B6000085B002008260020AC810308265B00206B
:107B700017B7D13859B150B1054B1B683BB11A68E2
:107B8000904202D15B680B6070479B68F6E77047D4
:107B90000C5B00207FB5036803F000430360104BCB
:107BA0001B880D46144613B9002004B070BD0D4E5D
:107BB00003A93068FEF7FEF90028F5D015B1336847
:107BC0001B7C2B70039834B131680190FFF7D8FC0F
:107BD000019884ED000A2146FFF7CCFF0398E4E703
:107BE0002A5B00202C5B002073B506460D46144628
:107BF000234601220DF107013046FFF7E3FC28B1CF
:107C00009DF80730042BF3D805B12B702146FFF700
:107C1000B1FF02B070BD0000F8B51446074600225F
:107C200020460E46FFF7B6FF002540B1BD4206D004
:107C3000002231462046FFF7D7FF0135F5E7F8BDB2
:107C40002DE9F347DFF88C901F4940F67122684612
:107C5000FCF756FDB9F800702FB11C4B1A881C4B6D
:107C60001B889A4228D0194E194D05244FF0000860
:107C7000B9F800701FB132882B889A421CD0013CA1
:107C800014F0FF0418D00022114601A83788CDF85F
:107C90000480FFF77FFF4FF0000A1FFA8AF30AF112
:107CA000010A28B10022114601A8FFF79DFFF4E761
:107CB000A9F800302F80DBE76846FCF73DFD384629
:107CC00002B0BDE8F08700BFD05A0020105B002052
:107CD0001E5B00201A5B00207FB5164D2E1D40F262
:107CE0007F12314601A8FCF70BFD2868FCF74CFF1A
:107CF000042812D92868052202A9FDF757F8431F66
:107D00005C425C4101A8FCF717FD44B19DF80C10E2
:107D100002980122FFF718FEE1E70024F2E7064B84
:107D20001B68986A03685B6B984708B1FFF788FF88
:107D300004B070BDEC5A002008260020FFF7CCBF2D
:107D400038B52DED028B164B1D88164B1A6804466C
:107D5000B0EE408A00230C3A0C2099B28D4208D92B
:107D6000013300FB03F15158A142F6D1BDEC028B67
:107D700038BD0D4D2B683BB11A68A24202D183ED8C
:107D8000018AF3E79B68F6E70C20FCF725FB002847
:107D9000ECD02B68046080ED018A83602860E5E701
:107DA000205B0020145B00200C5B002010B5044613
:107DB000FCF71AFB204610BD38B51148114D0CF0E8
:107DC000A5FD114A11490E481AF04AFA2846002327
:107DD00040F8043B0CF09AFD1420FCF7FDFA044631
:107DE00010B19B21FCF76EFE0949074A05482C603B
:107DF0001AF036FABDE838400648002100F0F4B821
:107E0000D05A0020EC5A00203C860020655E010814
:107E1000695E0108265B0020D1ED007A90ED007AC2
:107E2000F4EE477AF1EE10FA04D0C0ED007A0121A9
:107E3000FEF7DCBD7047000090ED000A70470000BF
:107E400038B591F9003000EE103A0446B8EEC00A99
:107E50000D46FFF775FF2046FEF7CAFE10B995F9EB
:107E60000030237038BD000091F9002090F9001017
:107E7000914202D00270FFF731BD704791F90010B6
:107E800090F900309FED097A01705B1A07EE903A85
:107E9000F8EEE77AF0EEE77AF4EEC77AF1EE10FA50
:107EA0004CBF01210021FEF7A1BD00BF000000343E
:107EB00091F9002090F90010914203D00270012145
:107EC000FEF794BD7047000090F9003000EE103AC4
:107ED000B8EEC00A7047000038B5B1F9003000EEC6
:107EE000103A0446B8EEC00A0D46FFF729FF2046B7
:107EF000FEF77EFE10B9B5F90030238038BD0000D2
:107F0000B1F90010B0F900309FED097A01805B1AD9
:107F100007EE903AF8EEE77AF0EEE77AF4EEC77AF9
:107F2000F1EE10FA4CBF01210021FEF75FBD00BF4A
:107F300000000034B1F90020B0F90010914203D0E4
:107F400002800121FEF752BD70470000B0F90030F9
:107F500000EE103AB8EEC00A70470000D1ED007A8A
:107F600038B5B8EEE70A04460D46FFF7E9FE2046AD
:107F7000FEF73EFE08B92B68236038BD38B5D1ED59
:107F8000007A0C460546B8EEE70AFFF7D9FE2368EB
:107F90002B6038BD0A6801688A4202D00260FFF790
:107FA0009DBC70470A6801688A4203D002600121C3
:107FB000FEF71CBD7047000090ED000AB8EEC00A45
:107FC0007047000008B5064B1B68586903685B687A
:107FD000984720B9BDE8084002480CF00DBD08BD27
:107FE00008260020D882030830B50023084A017013
:107FF000438014788C4204BF4488958803F10303BE
:1080000004BF641944801E2B02F10602F1D130BD79
:10801000F88203082DE9F84F184EDFF86490074600
:108020008A461D4606F13C0831783B78994204D1D6
:10803000B488944209D8121B92B20636B045F3D1E7
:10804000B5FA85F04009BDE8F88F12FA85F3A3422E
:10805000D9F8003058697388C8BFA41A1A44036855
:10806000D4BFACB2A4B2D3F808B092B22346514602
:10807000D8472D1BE4D0A2440022DEE7F882030893
:10808000082600202DE9F84F184EDFF864900746C7
:1080900092461D4606F13C0832783B789A4204D15C
:1080A000B4888C4209D8091B89B20636B045F3D191
:1080B000B5FA85F04009BDE8F88F11FA85F3A342BF
:1080C000D9F8003058697388C8BF641A1944036826
:1080D000D4BFACB2A4B2D3F80CB05246234689B296
:1080E000D8472D1BE4D0A2440021DEE7F882030824
:1080F0000826002010B103685B691847704700002C
:1081000010B5044601F024FC4FF0FF33E36304F1A3
:1081100040000CF0FBFB04F174000DF06DFA00233D
:10812000C4F89C30C4F8A030C4F8A43006492046F6
:10813000FFF7FCF9054B1A6812B105480DF00EFA6D
:108140001C60204610BD00BFA4840308345B0020DF
:1081500034830308084699B1C81FC3B2102B0ED848
:1081600010280CD8DFE800F0090B090B0B0B0B09EA
:108170000B0B0B0B090B09090900002070470120AC
:10818000704700001FB50DF10E010446FEF712FC0A
:1081900058B317490B68DB0718D4164BBDF80E20EF
:1081A0001A801A821A841A86A3F84020A3F8502055
:1081B000A3F86020A3F87020A3F88020A3F89020F3
:1081C000A3F8A020A3F8B02001230B6009480022E7
:1081D0000C21FEF74BFE00230093074ABDF80E006A
:1081E000192304F11401FEF745FE04B010BD00BFD1
:1081F000305B0020102300209C93030873B50223FA
:1082000004460DF107018DF80730FFF719FE2046EF
:10821000FFF7B8FF94F92530032B16D104F1380687
:108220003046FEF7E5FC054678B901230DF107015C
:1082300030468DF80730FFF721FE0DF1070104F1FC
:1082400025008DF80750FFF719FE05F01FFC217877
:1082500005462046FFF77EFF30B100220521284663
:1082600005F0A4FAC4F81C010023E36284F8683026
:108270006388013B9BB2C72B84BFC823638002B0D5
:1082800070BD0000B02303FB010191F8B90010B1EB
:10829000D1F8A83013607047B02303FB010191F8B7
:1082A000BA0010B1D1F8AC301360704710B5B023EC
:1082B00003FB010494F8BB4024B101FB0333C11854
:1082C0000B681360204610BD2DE9F843B02303FB73
:1082D00001038446D3F8C8200F4622B9D3E93401FC
:1082E00050EA01032CD0B02606FB07C6B6F8700092
:1082F00000283FD0D6E934231F4DDFF88090134388
:10830000A0FB05451ED046375CF8270004F09AFD17
:1083100007460DF057F914EB090245F14904D3194A
:108320004FF47A7544F10004A3FB053205FB0422E7
:10833000D6E93445001B61EB0501181842EB010139
:10834000BDE8F883F06E492310EB090043F1000308
:10835000071945EB03040DF02DF9D6F8C810401AA3
:10836000C0194FF47A7344F10004A0FB030103FB2E
:108370000411E5E70146E3E700840C24B0F5F7902B
:1083800010B5B02303FB0103B3F87040ACB1463124
:1083900050F8210004F056FD094BA4FB0313094CCF
:1083A000091943F149034FF47A72081843F10003A5
:1083B000A0FB020102FB031110BD20462146FBE792
:1083C00000840C24B0F5F79000EBC101C1F86421E2
:1083D000A1F868317047000010B501EBC102CB0075
:1083E00010F92220022A0AD1C28E520721D5184440
:1083F000114BC0F864312E23A0F8683110BDD2B201
:10840000A2F11104012C05D8C48EE40704D4184449
:108410000A4BEEE71A2A0CD8012303FA02F2084BA2
:10842000134033B100231A4600EBC100C0F86421A9
:10843000E2E7044A3623F7E7448503087485030816
:10844000008C00046C84030838B500EB8105D5F876
:108450001C31FBB100EBC104B4F86821D2B11A6839
:108460001846926A9047D5F81C31B4F8682119680B
:108470008242CD68D4F8641128BF02461846A84746
:10848000D4F864310344C4F86431B4F86831181A7C
:10849000A4F8680138BD00002DE9F04F87B00BB299
:1084A000039301EBC10300EB830B10F92370A7F1D9
:1084B000090304460D460E2B25D8DFE803F02A24D5
:1084C0000824242A242424242424242A2A0000EBF7
:1084D0008113002283F830214FF4FC70FBF77CFFFE
:1084E000074660B1B02303FB054304EB8505683301
:1084F000D5F81C21009221465A4600F067FE384606
:1085000007B0BDE8F08F039B00EB8306D6F81C3163
:108510000BB90027F3E700EB811A01238AF8303109
:108520004FEA81190DF046F8DAF82431C31AB3F591
:10853000966F80467DD9DAF82C31002B5CD1D6F8C5
:108540001C0103681B6E9847CAF82C01122F66D0D5
:10855000112F4FF0000366D14FF4006204EB090ABB
:10856000D6F81C01DAF82C11FCF770F9D6F81C01CA
:1085700003680021DB6B9847CAF824812A22002176
:108580000AF59C701BF030FA00238AF8313194F917
:108590003430002B17DD022F47D1039B864A04EBB2
:1085A000C303C3F864210822A3F8682101238AF8D1
:1085B0003131CAF8348194F93430002B03DD294677
:1085C0002046FFF741FF0F2F4CD027F010030A2B56
:1085D0005CD14FF4D070FBF7FFFE074600288ED029
:1085E000B023D6F81C21009203FB054368335A469A
:1085F000214601F03DFA82E79AF828316F4A0133AB
:10860000DBB2082B08BF00238AF8283104EB0903EA
:1086100093F8281152F82120C3F82C2196E74FF443
:10862000006300229AE71A4698E729462046FFF79A
:10863000D3FE04EB090292F83131002BBBD0D2F803
:108640003431A8EB0303B3F5967FB4D3039B5A49A7
:1086500004EBC303C3F864110821A3F86811C2F83E
:108660003481A8E74FF4CC70FBF7B6FE074600282C
:108670003FF445AFB023D6F81C21009203FB05431D
:1086800068335A46214600F045FF38E704EBC5033E
:10869000B3F86831002B7FF43CAFD6F81C010368B7
:1086A0005B699847FBB2B0F5005F039303F1FF33BA
:1086B00028BF4FF4005004EB851ADBB21FFA80F894
:1086C0000AF59C7A0493B8F1000F3FF422AFD6F874
:1086D0001C0103689B699847049B012BC1B23CD8DD
:1086E0005046059102F020FC0599B0B304EB090354
:1086F00094F93420D3F82C31EAB9B3F5164F23D3CB
:108700004FF4C360FBF768FE074600283FF4F7AE5E
:10871000B023002203FB05430192D6F81C210092EE
:1087200068335A46214602F0BDFCE8E608F1FF38FE
:108730001FFA88F8C7E7B3F5E13F05D3E28E520789
:10874000DED4B3F5613FDBD004EB090393F83121AC
:108750001AB193F86031002BD2D1E38E039A13F053
:10876000010FA2F1110214BF4FF461334FF4E12362
:10877000012ADBD804EB090292F828010F4A52F8CB
:1087800020209A42D2D1504602F0CEFB0028CDD014
:10879000112F4FF4C3600CBF4FF001084FF00208D7
:1087A000FBF71AFE074600283FF4A9AEB02303FBEF
:1087B0000543CDF80480B0E7A48503084C84030882
:1087C000F8B504460D46B0260CF0F4FE06FB05464F
:1087D000002386F869304FF6FF730746A6F89630F7
:1087E000A6F8983029462046FFF756FE90B10122A0
:1087F00086F8692004EB051305F14602194644F892
:108800002200DF654FF47A63A1F86030BDE8F840DC
:1088100004F0A6BBF8BD00002DE9F74F01EBC10342
:10882000044610F923A0BAF1070F0D460FB20DD080
:10883000BAF1000F0DD1B02101FB05044FF6FF7313
:1088400084F869A0A4F89630A4F8983003B0BDE885
:10885000F08F90F82231CB40DA07F7D400EB87098C
:10886000D9F8183123B903B0BDE8F04FFFF7A8BF1E
:1088700090F93430002B01DDFFF7E6FDD9F818013F
:1088800003689B68984701900CF094FE0199064696
:108890004FEA0518002962D1A044D8F85C30C31A09
:1088A000B3F57A6FD2D94FF0B00B0BFB05405A46A7
:1088B00068301BF099F80BFB05424FF6FF73A2F8E6
:1088C0009630A2F898305FFA8AF34FF47A61172B4A
:1088D00082F86850C8F85C60A8F8601004D8404975
:1088E00021FA03F3DB070BD4D9F8180198BBB021A8
:1088F00001FB05450023C9F8183185F8693002E00D
:10890000012382F8693004EB0714B4F86030F52BCA
:1089100061D994F86220B3F5FA6F02F1010284F88C
:10892000622093D294ED197A07EE903AB5EEC07AB0
:10893000F1EE10FA81BFF8EEE77ADFED2A6A67EE12
:10894000A67ADFED296A8CBFE7EE267AF8EE677A21
:10895000C4ED197A7AE703685B689847C7E74FF078
:10896000B00A0AFB054A9AF8D83053B10023DAE975
:1089700034014FF47A72F8F7B9F9002306468AF801
:10898000D830B02303FB054393F8CC206AB9012209
:1089900083F8CC20D9F8180103685B6B984713491A
:1089A00003466A1C0620F9F7F9FE04EB080304EB02
:1089B0000511DA6DB21AA1F86020B02101FB05455E
:1089C000DE6595F86920012A9DD994F87421002A62
:1089D00099D19E6597E7002284F86220A2E700BF44
:1089E0000042C0000AD7A33C48E17A3F5083030805
:1089F000F8B51E46D0F8183104460D4617460BB997
:108A00000020F8BDD0F81431002BF9D00CF0D2FDC5
:108A1000D4F81431C01AB0F5FA7FF1D2D4F8043189
:108A20003B60D4F808313360069BD4F80C211A60FF
:108A3000079BD4F810211A60D4F814312B60012060
:108A4000DFE7000010B4D0F8183153B190F90000FE
:108A5000112806D11868C46B184623465DF8044BEC
:108A6000184700205DF8044B70470000D0F818311B
:108A70003BB190F90020112A03D11A681846126CF4
:108A80001047704790F90030122B03D1D0F818012D
:108A9000FFF730BB7047000013B540F23B4204467D
:108AA00000F1400101A8FBF72BFE00212046FFF753
:108AB000B3FED4F8183113B1012384F8213101A891
:108AC000FBF73AFE02B010BD31B990F8223122B165
:108AD00043F0010380F82231704723F00103F9E7E6
:108AE00010B40C4611461A462CB9D0F818015DF89E
:108AF000044BFFF7FFBA5DF8044B704713B504460B
:108B000001917AB9D0F8180160B103689B69984760
:108B100040B1D4F8180101990368DB6902B0BDE8DF
:108B20001040184702B010BD10B590F900300C4647
:108B30000BB9002010BDD0F8180118B9002323701C
:108B40000120F7E703681B6998470028F1D1F5E792
:108B5000174B136010B449BBB0F91030002B0DDD7A
:108B600007EE903A9FED137AF8EEE77A67EE877A90
:108B7000C2ED007A01205DF8044B7047D0F818313F
:108B800013B190F8691049B990F9000010B90023A9
:108B90001360EFE7431E58425841ECE719688C6AAE
:108BA0001846114623465DF8044B18470020E2E7BB
:108BB000CDCCCC3D6F12833A90F821318B420BD94A
:108BC000242303FB0100B0F90200002804DDC828BB
:108BD000A8BFC82080B27047C820704759B990F923
:108BE000383043B990F900302BB1D0F8180110B1EA
:108BF0000368DB6A184700207047000008B5034689
:108C000090F9320040B1D3F8180128B103681B6B0A
:108C1000984780F00100C0B208BD000031B9D0F81B
:108C2000180118B1036811465B6C184700207047A3
:108C3000B02303FB010191F8C40010B1D1F8C0309A
:108C40001360704741B990F90000122806D0A0F1D6
:108C50001703584258417047002070470120704761
:108C600070B50D4690F928107F29044613460CD0A4
:108C70002A46C9B2BDE87040FFF732BFD4F81801E8
:108C80002946BDE87040FFF735BA0021FFF7DAFF4B
:108C90000028F3D070BD000011F0010F2DE9F84F4E
:108CA0000446884691461E4605D11A464946BDE807
:108CB000F84FFFF7D5BFD0F86C31002B4BD0D4F86C
:108CC0006CA1C8F34105B4279AF8003007FB05A74B
:108CD0004FEAD8080637002B48D1D4F86C3183F816
:108CE0000180D4F86C11012303FA05F20B781343C9
:108CF0000B703246494638461AF02CFEB32ED4F893
:108D00006C3153D86A1C9A7005EB4505D4F86C3168
:108D1000C5EB051506EB85059D80D4F86C51AA7846
:108D200012B3012328789340013B98421CD1F7F7F6
:108D3000F5FFB4F870311844A4F87001AA88A91D91
:108D40002046FFF78DFFD4F86C2100239370D4F8F0
:108D50006C21137008E040F2D621012018F0FCFAD3
:108D6000C4F86C010028AAD1BDE8F88F9AF8012058
:108D7000424509D1EB40DB07AFD53246494638467C
:108D80001AF0D8FD0028EFD04FF0000B8AF802B09F
:108D9000D4F86CA19AF80000F7F7C0FFB4F872316C
:108DA0001844A4F872018AF800B096E71A780F2ADE
:108DB000B3D104229A70D4F86C314FF434729A8093
:108DC000ABE7000070B5D678AEB0B62E28BFB62699
:108DD00014460021B622054668461AF005FE3246C2
:108DE00004F10C0168461AF0B5FD9DF80130B42B72
:108DF00006D89DF800100DF102022846FFF74CFF3F
:108E00002EB070BD70B5CE789EB0712E28BF712681
:108E10000C4671220021054601A81AF0E5FD3246F4
:108E200004F10C0101A81AF095FD9DF806206E2AA8
:108E300004D80DF107012846FFF712FF1EB070BDE0
:108E4000F8B5967A537A43EA0623D67A43EA06437C
:108E50007B2B0546144605D0E92B08D1BDE8F84028
:108E6000FFF7B0BFBDE8F8401146FFF7CBBF0026C3
:108E7000242795F82121F3B29A420DD903F1460235
:108E800055F8220030B17B43EB561BB103682146F5
:108E90001B6A98470136ECE7F8BD00002DE9F7435F
:108EA0001F4690F87531DDF8289004460D4693BBB7
:108EB000B02606FB010696F8BC80B8F1000F24D05E
:108EC000D6F88C301360D6F89030C9F8003001AA7B
:108ED000FFF73EFE70B1DDED017A9FED107AD9F813
:108EE000003067EE877AFCEEE77A17EE902A9B1A3D
:108EF000C9F80030B02000FB054393F8BD3043B102
:108F000005FB0000044463683B60404603B0BDE8D5
:108F1000F083034BF8E74FF00008F6E700007A44CF
:108F2000000020417FB5B02303FB010393F8943088
:108F3000EBB105AB009303AA04ABFFF7AFFF80B121
:108F4000DFED0C7A9DED030A20EE270AFCF7C2FB49
:108F5000FDEEC07A17EE900A30B180B207B05DF82E
:108F600004FB4FF6FF70F9E748F6A040F6E7184615
:108F7000F4E700BF0000C8422DE9F04F2DED068B4D
:108F800090F8C430856F9FED57AA95B08846002BA6
:108F900000F09C800A236B4308EE103AD0ED307A43
:108FA000B8EEC88AA7EECA8ABDEEC88A90F8BA3071
:108FB000002B00F08E80D0ED2B9A90F8BB30002B68
:108FC00000F08A8090ED2C9A90F8B930002B00F0D8
:108FD0008680D0ED2A8A866D90F8743190F8699079
:108FE0004FF47A77A6FB077623B1B9F1010F28BFBA
:108FF0004FF00109DFED3C6A90ED217AD0ED227A45
:10900000D0F88030049327EE267A67EEA67ABCEE7D
:10901000C77AFCEEE77A17EE103A9CB217EE903A58
:109020009BB2C26F0293002190F89A30B0F896B0CC
:10903000B0F898A005920393FFF774FF049B0A937E
:109040000A235D4369EE8A9A029BADF83630039B92
:109050008DF83930FCEEE99A18EE103A29EE0A9AAA
:10906000CDF83A30BCEEC99A19EE903A68EE8A8A89
:10907000CDF83E30FCEEE88A19EE103ACDF84230D9
:1090800018EE903ACDF846300023059AADF84A30F4
:10909000ADF84C3018213423CDE900310992ADF8F8
:1090A0004E001E2307AA4046CDE907760B95ADF882
:1090B00030B0ADF832A0ADF834408DF8389006F0FD
:1090C00003FB15B0BDEC068BBDE8F08F08EE103A3F
:1090D0006CE7DFED069A70E79FED049A74E7DFED29
:1090E000038A78E700007A440000C84200000000CC
:1090F000014B1868704700BF345B002001207047A7
:10910000002070477047000070470000014B0B6063
:1091100001207047CDCC4C3E0120704701207047A4
:109120000120704700207047704700000020704702
:10913000704700000620704700487047B08503085C
:109140007047000010B50446FBF74EF9204610BDED
:1091500070B586B001AD04460E46122200212846A5
:109160001AF042FC0221032264238DF804108DF8CA
:1091700006308DF80B200D238DF80F108DF816207A
:10918000042194F8E4218DF807308DF810100123A4
:1091900007218DF81210D1188DF808208DF80D30A8
:1091A0008DF8116084F8E4110022E95C01330A446F
:1091B000122BD2B2F9D160688DF815200368132202
:1091C000DB682946984706B070BD000030B585B011
:1091D0000446089D009503F017FE40F602020023A6
:1091E000A4F8EE2140F60942C4F8D030A4F8F021EA
:1091F000174B62682360012384F8ED3142B9E368BC
:1092000014491A780320F9F7C9FA204605B030BD91
:1092100020698DF80F300DF10F011230FEF710FEAE
:10922000226992F91230927C012A09D81946204607
:10923000FFF78EFF0CF0BEF96E30C4F8E801E4E7EA
:10924000E268054912780320F9F7A8FADDE700BFC4
:1092500014860308B8850308D58503082DE9F04175
:1092600086B005460E4690460021142268461F46E9
:109270001AF0BAFB02238DF8003064238DF8023017
:109280000F2307228DF8033003238DF807308DF864
:109290000B208DF81430062295F8E4318DF80C205F
:1092A00001240A228DF80D201A1985F8E4218DF881
:1092B00004308DF809408DF80E808DF80F708DF810
:1092C0001160234600221DF8031001330A44142BB9
:1092D000D2B2F8D168688DF8132003681522DB68D4
:1092E0006946984706B0BDE8F081000038B5C3680C
:1092F000426E5A60C368B0F868201A81C368B0F83B
:109300006A2083F8322090F86C3013F0010F044685
:10931000C36800F0978003225A7090F86D30D80728
:109320000CD5E36804225A7094F86D20910705D596
:109330005207E3684CBF062205225A70D4F86F002A
:10934000D4F87310E56844A3D3E90023F7F736F99E
:1093500043A3D3E90023F7F731F9F7F7DFFB68619F
:10936000D4F87700D4F87B10E5683BA3D3E9002359
:10937000F7F724F93AA3D3E90023F7F71FF9F7F732
:10938000CDFBA861314BD4F87F00D4F88310E56899
:109390000022F7F713F9F7F7C1FB2861E5680CF035
:1093A00009F9286694F88730DB071CD5E368D4F800
:1093B0008820DA61DFED267A94ED230AE56820EE55
:1093C000270AFCF771F9204685ED080A03F04EFDE7
:1093D000D4ED247AE368F1EE677AC3ED0F7AE3689F
:1093E000012283F8502094ED277ADFED1A6AE368B2
:1093F00027EE267ABCEEC77A17EE102ADA85D4ED6E
:10940000287AE36867EEA67AFCEEE77A17EE902AF0
:109410001A8694ED2C7AD4ED2B7AE36877EE877A6E
:10942000B6EE007A67EE877AC3ED117AE368D4F876
:10943000B8209A64E268012382F85230E26882F828
:10944000533038BD012278E7AFF300800000594067
:10945000E02E65420000C842F8C1631ADCA54C400A
:1094600000000000D0126341F8B504460CF0A2F8E9
:1094700094F8EC31042B05461BD8216991F9122090
:10948000897C012902D900252846F8BDD4F8E811C5
:1094900081420ED2E1182046012391F8ED11FFF729
:1094A000DDFE94F8EC316E350133C4F8E85184F8F0
:1094B000EC31002504F164060127606803685B69EC
:1094C000984790B1606803689B6998470522C1B2CC
:1094D000304604F037F8431C02D1E3685F70ECE7D4
:1094E000052808BF45F00105E7E7002DCBD0204651
:1094F000FFF7FCFEC8E700000620704700487047F1
:10950000608603087047000010B50446FAF76CFF48
:10951000204610BD37B5069D0095044603F074FC47
:10952000114B23600023C4E91B3384F8683084F8AE
:109530007430AA2384F8793141F24423A4F87A31B3
:10954000A36893F934305BB16068084903680E2260
:10955000DB6898476068064903682222DB68984701
:10956000204603B030BD00BFFC86030868860308B0
:1095700077860308F8B5B0F8812190F87C31B0F80F
:109580007D51D0F889111A44044603F0F9FC2A2DC4
:1095900040F0B380E368B4F887211A81E368D4F817
:1095A00089215A60E5680CF005F82866D4F87D003A
:1095B000D4F88110E6687EA3D3E90023F6F7FEFF16
:1095C000F7F7ACFA7061D4F88500D4F88910E66832
:1095D00077A3D3E90023F6F7F1FFF7F79FFAB0611D
:1095E000E368012683F85C60D4F89530E26807EE02
:1095F000903AF1EE677AC2ED167A6A4BD4F88D0094
:10960000D4F891100022F6F7D9FFF7F787FAE1684E
:109610000246204603F0CEFDE36894F8B62083F8B6
:109620003220D4F89D30E76807EE903AD4F8A130A4
:1096300000EE103A20EE000AA7EEA70A18F028FF65
:1096400087ED110AE368D4F8A5209A64E3689FEDDA
:10965000567A83F85260E36883F85360D4F8AD20FB
:10966000E36807EE902A67EE877AFCEEE77AC3EDAF
:10967000207AE36894F8B62083F88420D4F8753013
:10968000E268C3BBD4F87930222B0FD81F2B30D817
:10969000102B16D00F2B07D9122B03D8102B03D069
:1096A00004230FE0142BFBD001230BE0322B02D05C
:1096B00003D8302BF8D1062304E0443B012BEFD92B
:1096C000F2E70323537094F8623043F0010384F807
:1096D000623094F862309A07C3F340005FD5E268C5
:1096E000616E5268914226D123F0030384F8623000
:1096F00055E00523E6E75670E5E7632D1DD0AE2D56
:1097000048D1D4F87D20DFED296AE36807EE102AFE
:1097100027EE267ABCEEC77A17EE102ADA85D4F83F
:109720008120E36807EE902A67EEA67AFCEEE77ADE
:1097300017EE902A1A86002031E0D4F88910D4F868
:109740008500E668F7F732FAF061D4F89110D4F8A2
:109750008D00E668F7F72AFA3062204603F086FBB0
:10976000D4F89500D4F89910E668F7F71FFA07EED9
:10977000900AF1EE677AC6ED0F7AE368012283F86A
:109780005020D4F88931636694F8623043F00203C4
:1097900084F8623094F8620010F0010099D1F8BDAD
:1097A000AFF300800000594000007A440000C84236
:1097B00000000000D012634110B590F87430013BF6
:1097C0000446082B06D8DFE803F010191D26374C95
:1097D00050586000AA2904BF012380F87430002388
:1097E00080F8953184F8963104E0442904D10223AD
:1097F00084F87430002010BD0023F9E71229FBD152
:109800000323F5E7042380F8743080F8953180F85D
:109810007C110023E6E7B0F895311B2BECD8C21879
:10982000013382F879119AB2A0F8953190F87C3121
:109830009342DFD80523DBE7B0F89531FF2BDBD867
:1098400090F87C011A1A2244013382F875109AB2FA
:10985000A4F89531B4F8813103449A42CADB062357
:10986000C6E7C0F875110723C2E7D0F8753103EBDE
:109870000121C0F875110823BAE7D0F8753103EB60
:109880000141C0F875110923B2E7D0F8753103EB37
:109890000161C0F87511002094F87C2184F87400EF
:1098A00004F279110CF0F0F9B4F8812104F175019A
:1098B0000CF0EAF9D4F87531834204D12046BDE8B2
:1098C0001040FFF757BE236F0133236792E7000074
:1098D0007FB5836893F934300446F3B10BF06AFE28
:1098E00094F86830032B054617D8E26E824214D2F2
:1098F000164A666852F8231001910846F7F792FC61
:1099000033680199DB6802463046984794F868301E
:10991000C8350133E56684F868304FF400560025F9
:10992000606803680DF10F01DB69984750B19DF83D
:109930000F102046FFF740FF013E2843B6B2C5B2E4
:10994000002EEDD1284604B070BD00BFE4860308A8
:1099500010B50023044643608360C360143003F0F5
:1099600041FC20460249FDF7E1FD204610BD00BF45
:109970004C8703080620704700487047CC870308CF
:1099800001207047014B0B60012070470AD7A33DAF
:10999000D0F880300B60012070470000836893F995
:1099A000343023B1806E831F5842584170470120E4
:1099B00070470000D0F8803013F4746F0CBF0120A2
:1099C0000020704710B50446C06E17F0C9FC204651
:1099D00010BD000010B50446FFF7F4FF2046FAF76B
:1099E00003FD204610BD00008268C36F92F932204B
:1099F000022A03F4207304D0A3F52073584258417F
:109A00007047B3F5207F08D0064B1B68DB6A93F8DC
:109A10009C3023B990F884007047012070470020E3
:109A2000704700BF082600201FB5836893F93430C3
:109A30008BB1836E062B0ED0C26804214FF0030C4D
:109A40001278CDE9011C90F86210009101320349AF
:109A50000620F8F7A3FE05B05DF804FBD0870308E5
:109A6000C3681B7813B98368187870470020704763
:109A700037B5069D0095044603F0C6F90F4B2360E9
:109A80000F4B63670023A36784F886300BF092FDC9
:109A9000E3682067012283F88520A368DB8E9B079B
:109AA00004D42046FFF7DCFF1A2803D1E368012223
:109AB00083F82C20204603B030BD00BFFC8A030889
:109AC000048803082DE9F0412DED028BB0F88C30AD
:109AD00040F6BC72C3F30C03934288B0044600F016
:109AE0003F820FD840F6A77293424BD040F6AE7239
:109AF000934200F05D8140F6A172934200F04981EB
:109B000000202FE141F23372934200F0788141F25C
:109B10003672934200F0B68141F214729342EFD153
:109B2000B0F88E20D0F8901003F02AFAD4F89830CC
:109B300007EE903AD4F89C3007EE103AD4F8A030F3
:109B400000EE103AB4EE407AF1EE10FAC8BFB0EE73
:109B5000470AF4EE407AF1EE10FAC8BFB0EE670A99
:109B6000DFEDC27AE368B4EEE70AF1EE10FAC0F274
:109B70004281012283F85120E46818F089FC84EDC9
:109B8000100ABDE7B0F894304FF6FF7299B29142D7
:109B900005D0C2681381C368D0F890205A60B4F829
:109BA0008E20D4F89010204603F0EAF9E5680BF017
:109BB00001FD2866D4F8B430DFEDAD7A07EE103A37
:109BC000B4EEE77AF1EE10FA3BDDE2685363E36846
:109BD000D4F8B8209A63D4F8BC30E26807EE903A23
:109BE000F1EE677AC2ED0F7AE368012583F85050F1
:109BF000E168204603F066F9B4F8D630E268DFED9C
:109C00009D6A0A214B43C2F88030B4F8E220E36831
:109C100007EE102AB8EE477A27EE267A83ED117AFE
:109C2000B4F8E420E36807EE902AF8EE677A67EE6E
:109C3000A67AC3ED127AE36883F85250E36883F89A
:109C40005350D4F89860D4F89C7082A3D3E90023D1
:109C500030463946F6F742FF00285FD07FA3D3E9AC
:109C6000002330463946F6F7A9FC7EA3D3E900234A
:109C7000F6F7A4FCF6F752FFE5686861D4F8A00097
:109C8000D4F8A410E56875A3D3E90023F6F796FC91
:109C900074A3D3E90023F6F791FCF6F73FFFA86120
:109CA000D4F8B020DFED747AE36807EE102AB4EE42
:109CB000677AF1EE10FA0CBF0122002283F85C20D3
:109CC000D4F80C80D4F8A86098F85C30D4F8AC7064
:109CD00093B1D4F8B0502846F6F718FC02460B466C
:109CE00030463946F6F7B2FA07EE905AF1EE677A47
:109CF00006460F46C8ED167A39463046F6F756FF47
:109D0000DFED5E7AE16807EE100A67EE277A2046FB
:109D1000FDEEE77A17EE902A03F04CFA94F8D23071
:109D2000E268FF2B82F8323002BFE368002283F83A
:109D3000322094F8963003F00F03082B09D8DFE89F
:109D400003F0051619161C1F191C1F00E3680122D9
:109D50005A7094F8963013F0400F4FF0010012D073
:109D6000E368587008B0BDEC028BBDE8F081E36891
:109D70000322EDE7E3680422EAE7E3680622E7E767
:109D8000E3680522E4E71906ECD5E36802225A707D
:109D9000E8E7B0F88E20D0F8901003F0F1F8E3680F
:109DA000B4F89C20DA85E368B4F89E201A86A7E60A
:109DB000B0F88E20D0F8901003F0E2F8D4F89C3080
:109DC000D4F8A010E367D4F8803083EA010212F4DB
:109DD000746F0BD0E268127801F47461009103F49F
:109DE0007463274901320620F8F7D8FCD4F8A03074
:109DF000C4F8803084E6002083F85100B2E7FFF712
:109E00002FFE1A287FF47CAE2046B4F88E20D4F8BA
:109E1000901003F0B5F894F89700E66810F08F05FD
:109E200013D1D4F89830DFED147A00EE103AB4EE86
:109E3000670AF1EE10FA08D018F02AFB86ED130A33
:109E4000E368012283F855205AE60023F36457E6BD
:109E5000AFF3008000000000006A08C1F8C1631A77
:109E6000DCA54C4000000000D0126341000000342B
:109E7000005043C80AD7A33BFFE65BAF0000C842CF
:109E800014880308FFF7ECFD1A287FF439AEB4F804
:109E90008E20D4F89010204603F072F894F8963093
:109EA000002B3FF42DAE94F89930002B7FF428AEB0
:109EB00094F89A50002D7FF423AED4F8A810D4F86B
:109EC000A400F6F773FED4F8A01008EE100AD4F838
:109ED0009C00F6F76BFEF0EE480A00EE100A18F050
:109EE00037FAD4F8A810D4F8A40010EE106AF6F7E8
:109EF0005DFED4F8A0108046D4F89C00F6F756FE1C
:109F0000D4F8B0100746D4F8AC00F6F74FFE07902F
:109F100005A8CDF814800697FBF78CFF8DED030A9A
:109F2000D4F8B010D4F8AC00F6F740FE07EE900A73
:109F30003046B1EE671A8DED021AF6F7E7FA72A312
:109F4000D3E90023F6F73AFBF6F730FE9DED021A4F
:109F5000DDED030A00EE100A204603F027F9CFE5F5
:109F6000B0F88E20D0F8901003F00AF894F896001C
:109F7000E36870B983F88400E368C3F88000E3689D
:109F8000C3F88C00E368C3F88800E368C3F8900066
:109F9000E8E694F8982083F88420B4F8C5304FF6AA
:109FA000FF7293421CBF0A225343E26808BF00239A
:109FB000C2F88030D4F89C60D4F8A07054A3D3E9E0
:109FC000002330463946F6F761FD00287ED150A3C4
:109FD000D3E90023D4F8A400D4F8A810F6F756FD6E
:109FE000002873D14AA3D3E90023D4F8AC00D4F8F5
:109FF000B010F6F74BFD002868D1B4F8C0204FF63A
:10A00000FF739A4262D03D4BD4F80C800022304658
:10A010003946F6F7D3FAF6F781FDC8F88C00D4F884
:10A02000A400D4F8A810354BE6680022F6F7C6FA6B
:10A03000F6F774FDC6F888002EA3D3E90023D4F800
:10A04000AC00D4F8B010E668F6F7B8FAF6F766FD9B
:10A05000C6F89000A368DB8E9A077FF551ADB4F87F
:10A06000C0309FED277A9FED278AD4F8A810D4F846
:10A07000A40007EE903AF8EEE77AA7EE878AF6F7A3
:10A0800095FDD4F8A0100746D4F89C00F6F78EFD95
:10A09000D4F8B0100646D4F8AC00F6F787FD079068
:10A0A00005A805970696FBF7C5FE8DED020AD4F8C4
:10A0B000AC00D4F8B010F6F779FD07EE900ADDEDAC
:10A0C000020AB1EE671AB0EE480A45E7A368DB8ED4
:10A0D0009B077FF515ADE3680020C3F88C00E368AB
:10A0E000C3F88800E368C3F89000E36883F854007D
:10A0F00038E600BF0000000000408FC000408F40E5
:10A100000AD7233C00003443F8C1631ADCA54C4055
:10A11000BBBDD7D9DF7CEBBD2DE9F84F90F8863079
:10A12000013B04460D46082B06D8DFE803F0404B00
:10A130004F575B63677FB400242908D1012380F85F
:10A1400086300023A0F890310020BDE8F88F90F809
:10A150009731DFF800925E1CF6B203444FB2032E33
:10A1600080F89761B24683F892714FF00608A8BF55
:10A170004FF0030A00F5C97B59F8040B52465946C3
:10A180001AF0F6F878B9042E06D1303F092FDBD942
:10A19000002384F89731D7E7D6D93E2DF8D1012393
:10A1A00084F89831F4E7B8F10108E5D1F0E74029E7
:10A1B00003D1022384F88630C6E7522940F09D80FF
:10A1C0000923F7E7A0F88A100323F3E7B0F88A1011
:10A1D00001EB0525A0F88A500423EBE7A0F88C10CA
:10A1E0000523E7E7B0F88C1001EB0525A0F88C50AB
:10A1F0000623DFE7A0F88E100723DBE7B0F88E1008
:10A2000001EB0525ADB2AB07A0F88E50A5F108050E
:10A210000CBF08230023F82D80F8863094D9002342
:10A2200080F88630A36F0133A3678DE7B0F89031D3
:10A23000FF2B98BFC21803F1010398BF82F890105A
:10A24000B0F88E209BB2083A9342A0F89031FFF606
:10A250007BAFB3F5807F50D8002202218C300BF009
:10A260003BFD0221024604F18E000BF035FDB4F8EF
:10A270008E100246083904F190000BF02DFD0023EA
:10A2800084F88630B4F88A308342CBD12046BDE8CA
:10A29000F84FFFF717BCB0F89021FE2A2DD883188D
:10A2A000013292B20A2983F89010A0F890217FF42D
:10A2B0004BAF8318002183F8901090F890303A2B20
:10A2C0001BD1C66ECEB100F19201053A30461AF0AC
:10A2D0004FF8054688B9304617F042F8A36EE56698
:10A2E000062B07D8DFE803F0040B0F1D2B0D2D0004
:10A2F0000123A3660BF05EF9206700235AE70523CC
:10A30000F7E70223F5E794F862300133DBB2032B61
:10A3100084F86230EED90323A366002384F8623008
:10A32000E8E794F86230A2680133DBB284F8623067
:10A3300092F930200AB1022BDCD90423D9E7062395
:10A34000D7E704F08FF840F2A3124FF4801104F025
:10A3500075F8CFE7CC8A03084068024903681122E8
:10A36000DB6818474088030838B5836893F93230B2
:10A37000054653B3C06F10F4007414D1EB68144950
:10A380001A7806200132F8F709FAEB6811491A78B1
:10A3900006200132F8F702FA2846FFF7DDFF85F8BC
:10A3A0008440002038BDC30507D5EB680A491A78F8
:10A3B00001320620F8F7F2F9F3E710F0800404D137
:10A3C000EB6806491A780132F3E70120EAE700BF9B
:10A3D000548803087488030895880308AE88030826
:10A3E00010B5044605490720F8F7D8F96068044914
:10A3F0000368BDE81040DB6813221847D4880308BF
:10A40000E88803082DE9F04104464068036886B0F7
:10A410005B699847002506462F46B5420BD0606819
:10A4200003689B699847C1B22046FFF775FE074352
:10A43000FFB20135F1E70BF0BDF8A36893F93420C2
:10A440000546E2B1A26E062A00F0F980616E8142F3
:10A4500015D2216F01F5FA61814221D2606FF6F7C2
:10A46000E1FE0646606803689B6A9847B04206D3DF
:10A470006068616F03683246DB6898472567E26869
:10A48000906A2D1AB5F5967F82BF002382F854306A
:10A49000E268384688BF82F8553006B0BDE8F081E2
:10A4A00094F898110029EAD0E16E09BB052A1FD85B
:10A4B000DFE802F00334979DB4452369606893F99F
:10A4C0001220036805921B6C98476E496E4B059AE3
:10A4D000012808BF0B4604F16C066C490093304616
:10A4E0004FF461330AF072FA013001D10023E366C0
:10A4F000E06E0028C3D0F6F795FE06466068036854
:10A500009B6A9847B042BAD36068E16E03683246EE
:10A51000DB689847002384F89831B0E72046FFF7BE
:10A520009FFA5B4B5B4A5C491A2818BF1A4623699D
:10A5300004F16C0093F9123000920122D2E72369F2
:10A54000597893F9010011F06F0F48D0504B534ADE
:10A5500010F0010F08BF1A46860705D5504E514B23
:10A5600011F0010F08BF334646072ED5DFF864C14E
:10A570004D4E11F0030F08BF664610F0080F26D0AD
:10A58000DFF854E1DFF854C111F0070F08BFF446BB
:10A5900010F0200F1ED0DFF84881DFF848E111F0FD
:10A5A0000F0F18BFC646400617D5404811F02F0FB1
:10A5B0003F4918BF0146CDE902E1CDE9006C3D49B4
:10A5C00004F16C000AF002FA8EE7314ED5E7DFF8AD
:10A5D000C0C0DDE7DFF8B8E0E5E72D49EBE702238F
:10A5E000A36694F86220344B53F8222009E093F9D3
:10A5F0003030012B0BD0022B0DD0002B7FF478AF25
:10A600002E4A2F4904F16C000AF0E0F96CE794F847
:10A6100062202C4BE8E70623A36669E72046FFF794
:10A620001FFA1949284A1A2818BF0A46274904F16F
:10A630006C000AF0CBF900287FF458AF58E793F983
:10A640003230022B7FF41BAF214B1B68DB6A93F87F
:10A650009C301BB1012384F8843010E794F88430D7
:10A66000002B3FF40CAFE36F9B057FF508AF636EE3
:10A670008342BFF404AF2046FFF7B2FE05F57A73BC
:10A680006366FCE601890308FC8803085389030814
:10A69000768103080989030876890308037D030886
:10A6A0000E8A03080D8A0308268903083D890308DA
:10A6B0003E890308D1890308E48A0308E489030872
:10A6C000F4890308C08A030846890308EF89030850
:10A6D0000826002027890308308903082F890308EA
:10A6E000378903083889030806207047836893F97F
:10A6F00034302BB1D0F8BC05B0FA80F04009704777
:10A7000001207047D0F8BC350B6001207047000075
:10A7100000487047488B030813B5D0F8BC150023D8
:10A72000012202FA03F40C420CD0C26812780091A4
:10A730000649013251F8233005490620F8F72EF872
:10A7400002B010BD0133172BEBD1F9E7148F0308CA
:10A75000508B030810B5054B03600446D0F808067B
:10A7600008B1F9F741FE204610BD00BFB0920308C2
:10A7700010B50446FFF7EEFF2046F9F735FE2046F8
:10A7800010BD000010B490F8DF45062C06D0D0F8BC
:10A79000E0351BB95DF8044B02F0C4BA5DF8044B18
:10A7A0007047000010B5D0F80806144628B102F032
:10A7B0004DFD2080003818BF012010BDD0F80806DC
:10A7C00008B102F025BD704790F8C035822B08D83B
:10A7D0001A0613D4033B012B0ED90D4B0B6001203D
:10A7E0007047FF2BF9D10A4B0B60836893F9340053
:10A7F000B0FA80F040097047064BEFE7054B0B605D
:10A8000090F8E735013B012BE9D8034BE6E700BFA1
:10A81000AE47613E8FC2F53D0AD7233E10B40A4BC6
:10A8200090F8DE25094953F832408C4205D1406842
:10A830005DF8044B03681B6E184703EBC2035DF819
:10A84000044B5868704700BFB08F030801005240A6
:10A8500013B5012380F8DD350023C0F8E035C36867
:10A8600090F8DE451A78054B009153F834300449CE
:10A8700001320320F7F792FF02B010BDB08F03083A
:10A88000788B030813B5002380F8E535C36890F88A
:10A89000DE451A78054B009153F8343004490132F3
:10A8A0000420F7F77BFF02B010BD00BFB08F030894
:10A8B000948B030837B590F8DE350133DBB2002204
:10A8C0000C2B044680F8DE3580F8DC2580F8DF2587
:10A8D0003ED990F8E5357BB190F8E63580F8E5256E
:10A8E000002B35D0C3681B491A780620013203B00B
:10A8F000BDE83040F7F752BFD0F8BC3523F48003F1
:10A90000C0F8BC35C36840681A78036801321B6E12
:10A9100001929847019A104903460620F7F73EFF37
:10A92000A36893F933309BB10C4B1B68DB6A93F837
:10A930009C506DB9606803681B6E9847B0F5613F25
:10A9400001BF012384F8E53584F8E65584F8DE5527
:10A9500003B030BDC88B0308EA8B0308082600202B
:10A9600038B5044640680D46F9F77CFF606800235F
:10A9700084F8743403681B6E9847431B584258414F
:10A9800038BD0000C1F302710139C9B204299ABF70
:10A99000014B585C002070470C8F03082DE9F043F1
:10A9A00090F87A34062B85B0044609D190F87534B6
:10A9B0008B2B4FF0000518D0284605B0BDE8F0837A
:10A9C000052B40F0EE80B0F87634022B40F0E980A1
:10A9D00090F86230062B40F0E48090F863307633D4
:10A9E000DBB2012B00F2DD800125D4F8BC355B021F
:10A9F00003D494F8E535002B49D094F8DD35002BCD
:10AA000040F0D18094F8DF35012B00F0CE80002D8E
:10AA100051D0072B1CD194F863308A2BCCD194F8F9
:10AA20007564002EC8D194F8DE25614B614903EBB3
:10AA3000C203E2685B68127804200132F7F7AEFEC9
:10AA40000423C4F8E06584F8DF3584F8DC65B3E7F7
:10AA5000052B03D194F863208B2A05D0032B16D144
:10AA600094F863208A2A12D194F87554B5B994F8F1
:10AA7000E55525B950492046FFF7EAFE07E0012BCE
:10AA800007D1022384F8DF35002384F8DC35012563
:10AA900092E749492046FFF7F5FE8DE7012DF6D1F3
:10AAA000032B89D194F8E6350BB994F8E53584F891
:10AAB000E6350423E6E7052BE9D194F8DE35DFF827
:10AAC000F08058F8339020464946FFF75BFF431E5D
:10AAD000DBB2032B0546DAD8B4F8762400F108037C
:10AAE0009A42D4D194F86260012ED0D194F8E53521
:10AAF00094F86320002B14BF022300239A42C6D18E
:10AB0000B4F86430002BC2D1D4F866309945BED178
:10AB10002046FFF783FE2A460746039003A904F167
:10AB20006A0018F007FF50B194F8DF35052BA8D163
:10AB300094F8E55521492046002D9DD0ABE7204BE8
:10AB4000994507D194F8E53523B9D4F8E0252AB121
:10AB5000C4F8E0352046FFF7ADFE98E794F8E435F9
:10AB6000002BF7D194F8DE2508EBC20253689F4210
:10AB7000F0D0144A1268D26A92F89C20002AE9D1D7
:10AB8000012584F8DC250620E26884F8E45584F881
:10AB9000DF0512780C4900932A443B46F7F7FEFD87
:10ABA0000AE7002508E71D4606E7002D85D051E796
:10ABB000B08F0308148C0308328C0308368C03080A
:10ABC0000100524008260020488C030830B5D0F818
:10ABD000F0357BB190F8F4550020C2B2954209D906
:10ABE00053F830208A4200F1010401D140B230BD57
:10ABF0002046F2E74FF0FF30F9E7000030B5039C44
:10AC00000A44914209D011F8015B18782844C0B277
:10AC10001870257828442070F3E730BD2DE9F04105
:10AC2000044640681F46036886B09B6ABDF83050F2
:10AC300088461646984705F10803984203D200203B
:10AC400006B0BDE8F08100238DF80E308DF80F308E
:10AC5000B5238DF810308DF8136062230DF10F06C7
:10AC60008DF8113004220DF10E030DF11201204672
:10AC700000968DF81280ADF81450FFF7BFFF2A46FA
:10AC8000394620460096FFF7B9FF60680368062240
:10AC9000DB6804A998470628D1D195B96068036894
:10ACA0000122DB680DF10E01984701280246C6D14A
:10ACB000606803683146DB689847431E5842584134
:10ACC000BEE7606803682A46DB68394698478542D4
:10ACD000B5D1E3E713B50446406803689B6A98471B
:10ACE000072806D9002300931A4606212046FFF7BD
:10ACF00095FF02B010BD00001FB590F89734052BEA
:10AD000005D9FFF7E7FF002005B05DF804FB02233B
:10AD10008DF80C108DF80D200093012203AB062155
:10AD2000FFF77CFFF0E70000F0B5044640681D46E1
:10AD3000036885B09B6A0F46164698470A280FD9C4
:10AD400003230093012203AB062120468DF80C70EB
:10AD50008DF80D608DF80E50FFF760FF05B0F0BD67
:10AD60000020FBE790F8E9350133DBB280F8E935E4
:10AD70002BB990F8752490F87A14FFF7D5BF704777
:10AD8000022938B50546184641D00A2939D001298B
:10AD90001ED1122A1AD8012A1AD9931E102B17D89D
:10ADA000DFE803F0171D0916233F161616161616B0
:10ADB0001616161629000123202483423BD1D5F80C
:10ADC000BC3523EA0403C5F8BC3501E0202A2CD0A9
:10ADD00038BD95F8ED4584F001030224EDE795F8C0
:10ADE000ED4584F001030424E7E795F8ED4584F090
:10ADF00001030824E1E795F8ED4584F001031024F0
:10AE0000DBE7092A15D00B2AE2D180240FE0102AB3
:10AE100001D0152ADCD1AB684FF4807493F832303E
:10AE2000CBE701234FF40054C7E74FF40044052358
:10AE3000C3E74024FBE72846FFF776FFD5F8BC358B
:10AE40002343C5F8BC35012385F8EB35C0E7000086
:10AE50002DE9F04385B002AFC0F8FC3597F82830F3
:10AE600080F8003690F8043680F8F425541C83F0FE
:10AE700001035B42A40080F801360026E31DC0F800
:10AE8000F015C0F8F8650546914640686A46DB084B
:10AE9000A2EBC3039D46026802AB926A7B60013C51
:10AEA0008846A4B2904704F1090292B2904218D3A6
:10AEB0007B680296414603AA08EBC909494504D0BC
:10AEC00051F8080B42F8040BF8E70134A4B20094DF
:10AED0008B2206212846FFF7A1FE0C37BD46BDE8B0
:10AEE000F0833046F9E7000013B50C2304460093C5
:10AEF00009220B4B0621FFF791FE0AF05BFB94F849
:10AF00008834C4F88404013384F88834E36805493C
:10AF10001A780620013202B0BDE81040F7F73EBCB7
:10AF2000FC9203086C8C030870B5002304460820CB
:10AF30002279082A0ED8DFE802F00B05121C27320E
:10AF40004A828800622902D10223237102E0237120
:10AF5000B52901D000200BE023790133F5E700206B
:10AF6000032323716171A171E171607284F828007B
:10AF700070BD042323716379A27921720B44DBB283
:10AF800063711344A371E5E7052323716379A27903
:10AF900021800B44DBB263711344A371DAE706230B
:10AFA00023716379A2790B44DBB263711344A371FB
:10AFB000238803EB012189B200202180608009B938
:10AFC0000723C2E7B1F5805FC4D92071D0E7637968
:10AFD000A27965880B44DBB263711344A371E379F2
:10AFE0000A2B25D1237A042B22D1272D20D91E22EA
:10AFF000A5F12803B3FBF2F002FB1033E2181D2B7E
:10B00000917215D104F10A061D490922304618F043
:10B0100091FC18B9637A43F00103637219490C2259
:10B02000304618F087FC18B9637A43F00203637264
:10B0300023880135ADB2AB4265808BD1C0E7627920
:10B0400020718A4286D0237172E7A27923718A42E5
:10B050007FF46EAF637A032B0FD12388632B0CD957
:10B06000094A283B5343094AB2EB730F2CBF012313
:10B07000002384F8283001207AE70023F9E700BF95
:10B080008C8C0308968C0308EFEEEEEE8888880817
:10B0900007B50023009304220A21FFF7BFFD03B088
:10B0A0005DF804FB37B5069D0095044601F0ACFE43
:10B0B000284B23604FF47F43A4F8963441F6FF7386
:10B0C000C4F8BC35FF2384F8C0359DF81C3084F8E3
:10B0D000E735E168A068012384F8EA3584F8EC35A7
:10B0E00084F8EF3500231A460978FDF76DF92046FC
:10B0F000FFF7CEFF94F8E735012B1AD1A368DB8E5A
:10B10000DB0724D44FF43670F9F766F908B1D3237E
:10B110000370C4F8080630B9E3680F491A780320B1
:10B120000132F7F73BFBD4F8BC3543F40033C4F8E5
:10B13000BC3594F8E735022B09D1D4F8BC3543F47B
:10B140000033C4F8BC35E368012283F82C20204684
:10B1500003B030BDB0920308A48C03081FB5C368C8
:10B16000044619788068FDF727FD0123ADF80A3001
:10B1700006210023ADF80800ADF80C30009102ABB9
:10B1800008222046FFF74AFD04B010BDB0F876242F
:10B19000083201F0F5BE00002DE9F74F0569D0F83F
:10B1A000BC35044695F9010038B923F40023C4F8EE
:10B1B000BC356B7884F8EE352EE013F4002000F0F7
:10B1C0008880D4F81036FBB128460DF1070110F83D
:10B1D000017F07F0EF0747F021078DF80770FCF7B4
:10B1E0004DFE4FF0000C60466646312210214FF0B4
:10B1F00028080CF1FF3527FA0CF3052D64D8DFE899
:10B2000005F00E2C6E6363A20821152016F0A4F839
:10B21000C4F810060028D7D103B0BDE8F08FD4F8E9
:10B2200010964FF0200A09EBC00509F830A003F092
:10B2300001036E70AA70E9706B6000F1010ED4F822
:10B24000109602305FFA8EFEC0B209EBCE054FF0C9
:10B25000050A09F83EA06E7033E0D4F810E64FF00E
:10B2600021090EEBC0050EF8309003F001036E705B
:10B27000AA70E9706B60D4F8109600F1010E5FFAC5
:10B280008EFE09EBCE054FF0070A09F83EA06E705E
:10B29000AA70E9706B6000F1020ED4F8109694F871
:10B2A000C1A55FFA8EFE4FEACE050330C0B24D4411
:10B2B000BAF1000F10D14FF00A0B09F83EB085F833
:10B2C00001A0AA70E9706B600CF1010CBCF1070FD2
:10B2D0008FD123695B786DE74FF0090AB9E7D4F89D
:10B2E00010E64FF022090EEBC0050EF8309003F087
:10B2F00001036E70AA70E9706B60D4F8109600F1CB
:10B30000010E5FFA8EFE09EBCE054FF00D0A09F82B
:10B310003EA06E70AA70E9706B6000F1020ED4F866
:10B32000109694F8C1A55FFA8EFE4FEACE05033061
:10B33000C0B24D44BAF1000F02D14FF00E0BBCE782
:10B3400009F83E8087E7D4F810E64FF025090EEBA8
:10B35000C0050EF8309003F001036E70AA70E9701A
:10B360006B60D4F810A600F101095FFA89F90AEBC5
:10B37000C90E4FF0180B0AF839B08EF801608EF83C
:10B3800002208EF80310CEF8043094F8C195851C85
:10B39000EDB2B9F1000F12D1D4F810A60AEBC50E28
:10B3A00003304FF01A0B0AF835B0C0B28EF8019096
:10B3B0008EF802208EF80310CEF8043084E7284679
:10B3C00082E7000090F8C00500F0FD00A0F18003C6
:10B3D000584258417047000008B590F8E7154B1ED9
:10B3E000012B02460CD8FFF7EDFF40B1012906D131
:10B3F000D2F808361BB99368D88E00F0010008BD5A
:10B400000120FCE708B50246FFF7DCFF28B992F8F7
:10B41000C005A0F184035842584108BD2DE9F04F02
:10B4200085B002AF06460C4692469B46FFF7EAFF00
:10B4300020B900200C37BD46BDE8F08F3046FFF73D
:10B44000A1FA0023C7E90033804600F10F037068BA
:10B4500023F00703ADEB030D03689B6A98471FFABF
:10B4600088F505F110039BB298420DF10809E0D36D
:10B4700001233B707C6087F801B03C4603CC083563
:10B48000029003914246514604A8ADB218F062FA08
:10B4900000954B468A2206213046FFF7BFFBC9E7DD
:10B4A000F0B585B005460E461746FFF7ABFFA8B1CD
:10B4B0000024CDE90244686803689B6A98470F2816
:10B4C0000ED9082300938B226B44062128468DF861
:10B4D00008408DF809700396FFF7A0FB05B0F0BD9A
:10B4E0002046FBE730B5D0F8BC355B0287B0044698
:10B4F00004D490F8E535002B00F0BA8094F8DD35DF
:10B50000002B40F0B5800AF055F894F8DF355A1E4C
:10B510000546072A54D8DFE812F008005300080057
:10B52000530008008C00AD00C700D4F8E015D4F833
:10B53000D8250029A0EB020214BFFA204FF47A703C
:10B540008242C0F0958094F8DC25022A30D901B3FC
:10B55000606803681B6E9847D4F8E0150390204696
:10B56000FFF7FEF9002800F08380E268D4F8E015C8
:10B570001278039B0091013257490420F7F70EF926
:10B5800000230422C4F8E03584F8DF2584F8DC3594
:10B5900016E094F8E5355149204623B107B0BDE8DF
:10B5A0003040FFF76FB907B0BDE83040FFF750B942
:10B5B000012B3CD0032B0CBF0223042384F8DF357E
:10B5C00094F8DE25464B53F8321094F8DF2594F8B2
:10B5D000E535022A75D133B1424B1B68DB6A93F81B
:10B5E0009C30002B6AD120460391FFF717F994F89D
:10B5F000E5350590002B039914BF0423032305AA06
:10B600002046FFF70BFF002832D094F8DF35002BDF
:10B610005FD0022B0CBF0323052384F8DF3594F899
:10B62000DC35C4F8D855013384F8DC3520E000233C
:10B63000C4E7606803681B6B9847C8B994F8DE05D7
:10B64000274901EBC00305AA5B6851F83010059348
:10B6500020460123FFF7E2FE50B1606803681B6ECD
:10B660009847C4F8D855C4F8E005072384F8DF35B7
:10B6700007B030BDD4F8D835C31A312BF8D960687B
:10B6800003681B6B98470028F2D194F8DE25144B11
:10B6900003EBC20320465968FFF762F90028E7D0A0
:10B6A000C4F8D8550823E1E7D4F8D835C31A952B48
:10B6B000DED9042384F8DF35002367E70A492046F2
:10B6C0006CE7002B14BF022200222046FFF7E8FEA1
:10B6D00099E70123A1E700BFD08C0308FC8C030885
:10B6E000B08F030808260020F8FC03082DE9F04F6E
:10B6F0002DED028B90F87A34052B97B0044605D1D6
:10B70000B0F87634022B0BD0002555E0012B07D181
:10B7100090F87534072B21D1B0F87634532BF3D938
:10B7200094F8C035842B25D094F87A14052940F07C
:10B73000B28094F87554012D55D194F86230062BDF
:10B740001ED00A2BE0D194F86330092B46D00B2B86
:10B75000DAD1D4F8BC3523F0800337E0042B03D1D1
:10B76000B0F87634112BDAE7202BD9D1B0F8763443
:10B770000F2BD4E72046FFF711F90028D4D0C3E7F8
:10B7800094F86330242B1DD008D8092B0FD0162B2A
:10B79000BAD1D4F8BC3523F4805317E0312B18D03C
:10B7A0003E2BB1D1D4F8BC3523F400630EE084F80D
:10B7B0007B54002584F8EB55284617B0BDEC028B6E
:10B7C000BDE8F08FD4F8BC3523F48063C4F8BC35F1
:10B7D0009AE7D4F8BC3523F48043F7E7D4F8BC35B6
:10B7E00023F04003F2E7002D8ED194F86230062B4F
:10B7F0008AD194F863308A2B36D08B2B84D1D4F83D
:10B80000F065002E80D094F9012694F8F405571CB9
:10B810004FF001030FD184F8015684F8043694F9EF
:10B8200001368342BFF670AF56F83310002220462F
:10B83000FFF736FE68E7D4F8F85503FA02F18340C3
:10B840002943013B9942C4F8F81501D0824207DB35
:10B85000D4F8BC35D4F8FC1523EA0103C4F8BC3590
:10B86000013284F80126DAE7D4F8F035002B3FF4F2
:10B870004BAF94F90226CC4953F832301A0C12041B
:10B880008A427FF441AFE268C8491278042001324D
:10B89000F6F784FF90E706290FD194F87524162A4D
:10B8A00000F0928100F2A480012A00F0A581082A0C
:10B8B00000F0C181002A00F0B98194F87A540A2D71
:10B8C00040F0048394F8753403F0FD02092A3FF434
:10B8D0001BAF042B40F00783B4F87654272D7FF676
:10B8E00013AF012384F89834D4F88030C4F8B73407
:10B8F000283DD4F88430C4F8BB3404F2B74894F837
:10B90000883088F80830F02D04F2994928BFF025D6
:10B9100004F162034A4604F17E0153F8040B42F835
:10B92000040B8B42F9D11B7813704FF0000B04F11C
:10B930008A079F4A84F8C0B484F8B6B484F8B1B5D5
:10B9400004232946384618F013F804F2B15A0028A7
:10B9500000F05182011DCE1BAE1B082E28BF082609
:10B9600032465046264417F0F5FF924B86F8B1B5A3
:10B97000CDE90189E26890491278013200920620EF
:10B980005246F6F70BFF8D4A09232946384617F031
:10B99000EFFF002800F03182894A0C2329463846FF
:10B9A00017F0E6FF002800F0288294F8C035842BB9
:10B9B0003FF4AAAE842384F8C0354FF48003C4F862
:10B9C000BC35E3687F4900250122C4F8D855C4F886
:10B9D000DC55C4F8E055A4F8E45584F8E65583F83E
:10B9E0002C20E3681A7806200132F6F7D7FEE3E64A
:10B9F0003E2A42D08B2A00F03581242A7FF45DAFA5
:10BA00000023A268A4F8623092F924305D1C08D0AB
:10BA100094F8641099421EBF84F864300123A4F89E
:10BA2000623092F93130B4F8625013F1640F1BD0D8
:10BA300094F96E209A4217D045F0020584F86E30D2
:10BA4000A4F86250242204F16203009206212046E9
:10BA5000FFF7E4F8D4F8BC3543F48063C4F8BC3590
:10BA6000012384F8EB354FE6002DEBD1D4F8BC353B
:10BA700023F48063C4F8BC359EE6D4F8108098F9AE
:10BA80000160002E3FF48EAE2046FFF79BFC05467A
:10BA900000287FF487AE04F1620207AF04F19A092F
:10BAA0001346BE4610685168BC46ACE80300083235
:10BAB0004A456746F6D11068CCF8000000221146CE
:10BAC00046FA02F0C00703D5012A1CBF0131C9B2F2
:10BAD0000132072AF4D14A0094F8656004920027E5
:10BAE00022464FF0080ABE423FDD92F866C098F940
:10BAF000010040FA0CF010F001004FEAC7012AD013
:10BB0000BCF1010F1DD094F863900498A9F1030BC8
:10BB10009BFBF0F094F8C0B5C0B2BBF1040F82F803
:10BB2000670002D8BCF1020F12D082F8689021445D
:10BB3000D1F86A0040F00100C1F86A00013708320C
:10BB4000D1E74FF0030082F867C082F86800EEE7A3
:10BB500082F868A0EBE7214482F8670082F8680069
:10BB6000D1F86A0020F00100E6E719463C22704651
:10BB7000049317F0DFFE049B88B1F60004360096AC
:10BB80003E2206212046FFF749F8D4F8BC3543F49D
:10BB90000063C4F8BC35012384F8EB350CE6D4F817
:10BBA000BC3523F4006365E700003110048D030801
:10BBB0002C8D030882110408318D03088C8C030836
:10BBC000968C0308A28D0308A36893F9300002281D
:10BBD0003FF4DFAD94F8623083423FF4DAAD2346A0
:10BBE00003F8620F082000902046FFF717F8D4F8FA
:10BBF000BC3543F4805331E7B4F87634082B12D1C6
:10BC000094F89734052B03D92046FFF763F87BE5BA
:10BC1000234493F8643094F8632094F8621020462B
:10BC2000FFF7AEF870E594F86430F4E794F862300A
:10BC300084F8973468E52369B4F86220B3F90230D8
:10BC40009A4207D1636E012B04D1D4F8BC3523F09E
:10BC50000103BBE52046FFF781FAD4F8BC3543F079
:10BC60000103FBE6B4F87624032A7FF64DAD043ACF
:10BC700092B204F166073E4615464FF6FC78002D59
:10BC800040F08980DFF86CA40595042A7FF615AE94
:10BC9000B846043A58F8049B93B2D145049315D1A1
:10BCA0003B79002B00F08B80059B8DF81C3007AA98
:10BCB000072351462046FFF7B1FB012384F8EB35FB
:10BCC000D4F8BC3543F48033C4F8BC35494620462B
:10BCD000FEF77CFF05462046FEF754FE002D064683
:10BCE00050DB04283FF610ADD4F8F02504992BB2B0
:10BCF00002EBC30382B28A4203F1040B0DD8012880
:10BD000004D15B683A795340D90706D4324641469C
:10BD1000584617F00FFE002856D094F800365A46C1
:10BD200049462046FFF77AFBD4F8BC35D4F8FC2509
:10BD300084F802561343C4F8BC350122D4F8F83510
:10BD400084F8EB2502FA05F123EA0103C4F8F8357B
:10BD500094F90136002B15DB94F8F425934211DA9F
:10BD6000D4F8F01551F8330048450BD101335BB2DC
:10BD70009A4284F8013605DD51F83310002220463E
:10BD8000FFF78EFB002E3FF4BFAC049B9A1B92B2D0
:10BD900008EB060779E7032D7FF6B6AC316820463D
:10BDA000FEF7F0FD00283FF4AFAC031D9D42FFF409
:10BDB000ABACA8EB0000284485B21E445FE7D4F882
:10BDC000BC3523F480337FE794F8F425D4F8F805E4
:10BDD000012303FA05F59340013B05439D4204BF4F
:10BDE000D4F8BC35D4F8FC25C4F8F85504BF934307
:10BDF000C4F8BC35ACE7B64BBAE5B64908224046B4
:10BE000018F0B6FAB0BBB4490A22484618F0B0FAA6
:10BE1000D8B994F8C035B149802B1EBFD4F8BC35D1
:10BE200043F48033C4F8BC35802384F8C035D4F89B
:10BE3000BC3523F4006343F40023C4F8BC355046FA
:10BE4000F5F7E6F960B984F8C105A5490A22484624
:10BE500018F08EFA10B9812384F8C03501260AE063
:10BE6000A0495046F5F7D4F90028EED1012384F813
:10BE7000C135EAE700269C490822404618F078FAC6
:10BE8000002840F04B84822384F8C035D4F8BC35B8
:10BE900023F4006343F48013C4F8BC35012384F811
:10BEA0000436924A04232946384617F061FD0028DB
:10BEB0003FF42AAC012384F80C368D490620F6F7AE
:10BEC0006DFCD4F8BC3543F400137FE4022D0ED191
:10BED00094F87534102B04D1A36893F9323013B160
:10BEE00012E4152BF8D02046FEF73CFF0CE4012DA0
:10BEF000F9D194F87524122A17D8012A1FD9931E54
:10BF0000102B1CD8DFE813F04100CE0015011B00F8
:10BF1000260151021B001B001B001B001B001B0005
:10BF20001B001B001B001B005F033C2A00F0BD81AF
:10BF300014D8202A00F03C83302A00F0AF8394F814
:10BF4000E9550135EDB284F8E955002D7FF4DCABFD
:10BF50002B4601212046FEF7E7FE2DE4452AEED1CF
:10BF600094F8C035842B08D1B4F876343C2B04D136
:10BF700094F86230022B00F02C81E268002382F8F2
:10BF80005430E26882F855305CE094F8ED3533B116
:10BF9000D4F8BC3543F00203C4F8BC3552E0D4F801
:10BFA00062109FED578A2046FFF7F0F8D4F8623010
:10BFB000C4F88034E368D4F866209A61E368D4F862
:10BFC0006A205A61E368012583F85C50D4F86E104A
:10BFD000D4F87230E2685B1A07EE903AF8EEE77A2E
:10BFE0000A2367EE887A2046C2ED167AD4F87220CA
:10BFF000E16892FBF3F201F0DDF8E36894F8EA25DA
:10C000005A70D4F8762094F8E83507EE102AB8EE86
:10C01000477A2B4384F8E83527EE087AE36883ED06
:10C02000117AD4F87A20E36807EE902AF8EE677A5E
:10C0300067EE887AC3ED127AE36883F85250E368BA
:10C0400083F85350E36893F85430A3B194F8C035A3
:10C05000842B40F0538309F0ADFAD4F8D435C01ADC
:10C06000B0F5C87F40F24283E268002382F8543082
:10C07000E26882F8553094F8E835D9077FF544AB8B
:10C080009A07C3F340057FF53FABD4F87C14D4F88E
:10C09000802491427FF438AB23F0030384F8E83521
:10C0A000FFF78ABBD4F862102046FFF76FF894F8C8
:10C0B000ED353BB3D4F8BC3594F8752423F0040374
:10C0C000C4F8BC35002301212046FEF72DFEB9E758
:10C0D000768103084D8D0308568D0308618D030892
:10C0E000718D0308698D03087C8D0308858D030815
:10C0F0008A8D0308010003200AD7233CACC52737EB
:10C100006F12833A94F86710E26811F0010F0BD0B8
:10C1100094F86630032B05D18A0700D5042384F8F0
:10C12000EA358FE7022BFAD0012384F8EA35537001
:10C1300088E7002384F8EC35D4F862102046FFF736
:10C1400025F8E368B4F86E20DA85E368B4F86C206B
:10C150001A8677E7D4F862102046FFF717F894F8AC
:10C16000ED35E2681BB1B4F86A3013816AE794F8E0
:10C170006D10CB0728D594F86C30032B22D18F0794
:10C1800000D5042384F8EA3594F8EC351BB1E36854
:10C19000B4F88E20DA85E36894F8912083F8322091
:10C1A00094F8EA35012B7FF64DAFE56809F002FA05
:10C1B0002866E368D4F862205A60E368B4F86A201D
:10C1C0001A813FE7022BDDD0012384F8EA35537052
:10C1D000DAE7D4F866102046FEF7D8FFD4F86630C8
:10C1E000C4F8D035D4F89A3013F040035BD009F08E
:10C1F000E1F9D4F87A301FED3F8AE66800EE103A94
:10C20000B8EEC00A054620EE080AF9F74DFA86EDA9
:10C21000090AD4F89220E36807EE102AB8EE477AAC
:10C2200027EE087A83ED137AE268012382F854300E
:10C23000E26882F85530E3689D62D4F87A30C4F839
:10C24000D45500EE103AB8EEC00AE66820EE080AAF
:10C25000F9F72AFA86ED270AD4F876205FED587AA6
:10C26000E36806EE902AF8EEE66A66EEA76AC3ED8A
:10C27000286AD4F87220E36807EE102AB8EEC77A6D
:10C2800027EE277A83ED297AD4F89220E36807EE27
:10C29000902AF8EE677A67EE887AC3ED2A7AE36827
:10C2A000C3F8AC50CEE6E26869E694F8E735022BB5
:10C2B0007FF4C8AED4F866102046FEF767FFD4F8C6
:10C2C0006630C4F8C835D4F89E3040F235129A432F
:10C2D00066D113F0C80F63D1D4F872305FED7A8A5B
:10C2E0001FED7A8A01EE103AD4F8763000EE903ADB
:10C2F000D4F87A3000EE103AB8EEC11AF8EEE00A3F
:10C30000B8EEC00A21EE281A60EEA80A20EE080A4C
:10C31000204600F04BFF88B1E36883F85550D4F80D
:10C320009620E36806EE902AF8EE666A66EE886A62
:10C33000C3ED136A09F03EF9C4F8CC05D4F87A20AD
:10C34000E36806EE902AF8EEE66A66EE886AC3EDC8
:10C35000276AD4F87620E36806EE902AF8EEE66ABB
:10C3600066EEA86AC3ED286AD4F87220E36807EE87
:10C37000102AB8EEC77A27EE287A83ED297AD4F806
:10C380009620E36807EE902AF8EE677A67EE887ADF
:10C39000C3ED2A7AE56809F00DF9C5F8AC0051E65D
:10C3A000E368002283F855204CE6D4F8BC35D4F875
:10C3B00062101FEDAD8A23F004030125C4F8BC35DB
:10C3C000204684F8ED55FEF7E1FED4F86230C4F85B
:10C3D000C435C4F88034E368D4F87A209A61E368FD
:10C3E000D4F87E205A61E36883F85C50D4F8821058
:10C3F000D4F88630E2685B1A07EE903AF8EEE77AF6
:10C400000A2367EE887A2046C2ED167AD4F8862091
:10C41000E16892FBF3F200F0CDFE94F87630052B44
:10C4200000F2C380DFE803F0C1C1039FB8C1E36835
:10C4300002225A70E2689FEDBC0A537884F8EA350C
:10C4400094F8E83543F0010384F8E835D4F88A30ED
:10C4500007EE903AF8EE677A012567EE887AC2ED2A
:10C46000117AD4F88E20E36807EE902AF8EE677A06
:10C4700067EE887AC3ED127AE36883F85250E36876
:10C4800083F85350E36894F8792083F83220D4F885
:10C490009E20D4F86230C4F87C3407EE902AF8EE7F
:10C4A000E77AE36867EE887AC3ED077AD4F8A230BA
:10C4B000E66807EE903AF8EEE77A27EE800AF9F799
:10C4C000F3F886ED080AE36883F85050D4F8922018
:10C4D000E36807EE902AF8EEE77A67EE887AC3ED14
:10C4E0000D7AD4F89620E36807EE902AF8EEE77A02
:10C4F00067EE887AC3ED0E7AD4F89A20E36807EEE7
:10C50000902AF8EEE77A67EE887AC3ED0F7AE3684F
:10C5100083F85150D4F8A620E36807EE902AF8EE8D
:10C52000677A27EE888A83ED108A94F8E83543F01D
:10C53000020384F8E83594F8EC353BB1E368B4F8CD
:10C54000AE20DA85E368B4F8AE201A8694F8763027
:10C55000012B03D9E56809F02DF82866E368D4F8C3
:10C5600062205A606EE5E36803225A7094F87730CF
:10C570009E0742BFE36804225A7094F877305D0644
:10C5800042BFE36805225A7094F97730002BBFF65A
:10C5900051AFE36806224CE794F877206349062000
:10C5A000F6F7FCF8E368032243E7E3685D7041E7D0
:10C5B0002046D4F86210FEF7E9FD94F86D30980734
:10C5C0007FF540ADF9E594F8ED3523B1D4F8BC35ED
:10C5D00043F01003E0E4D4F862109FED558A204642
:10C5E000FEF7D4FDD4F87620D4F86230C4F87C3459
:10C5F00007EE902AF8EE677AE3689FED4B0A67EE44
:10C60000887AC3ED077AD4F87A30E56807EE903A75
:10C61000F8EEE77A27EE800AF9F746F885ED080A82
:10C62000E368012583F85050D4F86620E36807EEEC
:10C63000902AF8EEE77A204667EE887AC3ED0D7A05
:10C64000D4F86A20E36807EE902AF8EEE77A67EEFE
:10C65000887AC3ED0E7AD4F86E20E36807EE902A4C
:10C66000F8EEE77A67EE887AC3ED0F7AE16800F0BA
:10C6700029FCE36883F85150D4F87E20E36807EE84
:10C68000902AF8EE677A67EE887AC3ED107A94F80C
:10C69000E83543F0020384F8E835D3E4D4F86210B7
:10C6A0002046FEF773FD94F8672002F00702022A85
:10C6B00084F8C0250FD88AB1D4F8BC3523F40063C0
:10C6C000C4F8BC35D4F8BC3523F40073C4F8BC35C9
:10C6D00030220023F7E4D31E012BF3D9154B164962
:10C6E0001B68986903681B689847EBE7D4F8D02566
:10C6F000D4F8C4359A427FF407A8BCE408F05AFF86
:10C70000D4F8CC35C01AB0F5C87F04D9E36800224C
:10C7100083F85420AFE4D4F8C825E9E7002E7FF46D
:10C72000C0ABFEF7F1BF00BFACC52737C08D030813
:10C730000AD7233C08260020D48D03082DE9F04FAA
:10C7400087B002AF81460C4690461D46FEF75AFE62
:10C7500020B900201437BD46BDE8F08F00236A469B
:10C76000C7E90233D9F8040008F10103DE00A2EBA7
:10C77000C3039D4603689B6A98470836B0420DF193
:10C78000080AE6D301233B727D72BB68029303AEB5
:10C7900004EBC8084FF0040B444515D02346484627
:10C7A00053F8042B7B601146FEF7ECF846F8042B97
:10C7B0007B6805460246194630462E44043517F07C
:10C7C000C9F8AB440834E7E71FFA8BF200925346EE
:10C7D0008A2206214846FEF721FABBE713B5836893
:10C7E00093F934300446002B6CD0406803689B6A90
:10C7F00098470D2866D994F898342BB9204602B092
:10C80000BDE81040FEF744BC94F8C035842B05D138
:10C81000204602B0BDE81040FEF764BED4F8BC2547
:10C82000110706D594F8ED1519B122F00802C4F8E5
:10C83000BC2594F89624511C84F89614192A00F209
:10C840003581DFE812F01A006100690022006700FC
:10C8500065006B0020002800330048004D003F00B9
:10C860008C006D006F0072007400800087009700DC
:10C87000D300D800F60014011E0107220121204632
:10C88000FEF73AFA10E02022F8E7204602B0BDE8B1
:10C890001040FEF71FBAFF2B14D100230093302263
:10C8A00001212046FEF7BAF960B9B7E0A36893F911
:10C8B0003030022B08D00023009316220621204698
:10C8C000FEF7ACF902B010BDD4F8BC3523F48053A8
:10C8D000C4F8BC35F6E70023009324220621E0E7E4
:10C8E0002046FEF76FFD034658B1236994F8EE2504
:10C8F00093F901309A42E5D0D4F8BC3543F40023D3
:10C90000E6E700903E22E9E7002300930822E5E7EE
:10C910000222B3E70322B1E70622AFE71222ADE716
:10C920000422ABE709220A21A9E70B22FBE7A3684F
:10C9300093F9323023B9D4F8BC3523F48073C7E7B8
:10C94000102202219BE7A36893F93230002BF2D02A
:10C950001522F6E7D4F8BC3523F40073B8E7204677
:10C96000FEF730FD0028ADD0514900222046FEF7E9
:10C9700097FD99E72046FEF725FD0028A2D094F800
:10C98000E735012B19D1A3684A48DB8E4A4903F0E9
:10C990000103002B4FF0070308BF014600930CBFB3
:10C9A000122215224FF400332046FEF751FA20B927
:10C9B00094F89634013B84F8963494F8E735022BCA
:10C9C00080D1A3683D48DB8E3D4903F00103002B75
:10C9D0004FF00703009308BF13224FF4003314BF36
:10C9E000152201462046FEF733FA5DE7D4F8BC3540
:10C9F00023F480236CE703F0FD03802B7FF462AF08
:10CA00002046FEF7C9FB024600283FF45BAFD4F88E
:10CA1000101603232046FFF791FE28B994F89634A8
:10CA2000013B84F896344DE708F0C4FDC4F8900447
:10CA300048E703F0FD03802B7FF444AF08F0BAFD14
:10CA4000D4F89034C01AB0F5FA7FE7D30023C4F8C5
:10CA500090342046FEF7A0FB024600283FF432AF98
:10CA600003230093D4F810164FF40023BAE7822B67
:10CA70007FF428AF0323009312494FF48013082258
:10CA8000B0E794F80C36002B3FF41CAFA368DB8EA4
:10CA900013F0200F4FF00303009314BF0A490B4912
:10CAA0004FF4001314BF022201229BE70023B8E7D2
:10CAB0000100032030900308C09003086891030828
:10CAC00000920308708F0308209003081890030851
:10CAD0002DE9F743044608F06DFD94F8C035842B2A
:10CAE000054606D12046FFF779FED4F8BC359BB940
:10CAF00046E0D4F88C34B4F89424C31A9342F4D3A7
:10CB00002046FFF76BFED4F8BC35C4F88C54002BDC
:10CB100032D0C823A4F89434606803685B699847EE
:10CB2000B0F5005F28BF4FF40050002685B23746AD
:10CB30004FF00808B3B29D4256D9606803680DF102
:10CB40000701DB69984700284ED0D4F80806002872
:10CB500041D19DF80730002019464FEA032C4FF0D1
:10CB6000060E94F87424082A47D8DFE802F04B41F7
:10CB7000515B6C7D9EBBC2004FF4FA63A4F8943401
:10CB8000A36893F93330002BC6D094F87B24002A95
:10CB9000C2D194F88824042ABED8D4F8840441F27F
:10CBA00088322D1A9542B7D994F8C025842AB3D07B
:10CBB0005A4A1268D26A92F89C20002AACD1012B02
:10CBC00005D0022BA8D194F8EB35002BA4D0204639
:10CBD000FEF78AF9A0E79DF8071000F08BFB00280C
:10CBE000B7D0002384F87434384603B0BDE8F0832E
:10CBF000622B04D1022384F8743401369AE70022B0
:10CC000084F87424B52BF8D194F874340133F2E726
:10CC1000032284F8742484F87A3484F8723484F813
:10CC20007334EAE7042284F8742494F8722494F8A4
:10CC3000731484F875341A44D2B284F872240A4406
:10CC400084F87324D9E7052284F8742494F87224B4
:10CC5000A4F87614134494F87324DBB284F8723485
:10CC6000134484F87334C8E794F8722494F87394E6
:10CC700084F874E41A44D2B284F872244A4484F8E2
:10CC80007324B4F87624624492B2B2F5826FA4F8A9
:10CC9000762404D9A4F8760484F8740461E7A4F82F
:10CCA0007804002AA9D10723A5E794F8722494F800
:10CCB00073141A44D2B284F872240A4484F8732498
:10CCC000B4F87824B2F5826F3CBF121982F8623052
:10CCD000B4F87834B4F8762401339BB2A4F87834ED
:10CCE0009A4290E794F8722484F874849A42D3D1DB
:10CCF00083E7002284F8742494F873249A427FF422
:10CD00007CAFD4F8080608B100F07AFA2046FEF7A6
:10CD1000EDFC002818BF07466FE700BF082600207B
:10CD20000320704737B5054640680191144668B145
:10CD300003689B6A9847A04208D96868019903680C
:10CD4000DB68224603B0BDE83040184703B030BD71
:10CD50002DE9F04103468CB0DB681A78084622B111
:10CD6000012A2AD00CB0BDE8F081D3E922ECD3E946
:10CD7000247693F88510B3F87C50D3F8788093F834
:10CD80008440D3F898300993CDE905ECCDE90776D6
:10CD90008DF82E1023231921CDE90328CDE9003188
:10CDA000ADF82A208DF82C20ADF828508DF82D40B4
:10CDB00003AA7F2102F088FCD4E793F8841093F84B
:10CDC0008520B3F87C40D3F87880D3E922E5D3E915
:10CDD0002476D3F8983009930023CDE90338ADF8D1
:10CDE0002A308DF82C308DF82E202323E222CDE935
:10CDF00000328DF82D10CDE905E5CDE90776ADF8C7
:10CE0000284003AA8021D5E710B504460C482060CD
:10CE10000298C4E90332C4E9010164224FF4FA71B3
:10CE200004F1200000F038FEE268002382F851305F
:10CE3000E26882F85230E26882F85330204610BD32
:10CE40004C93030810B590F8443013B9C368586880
:10CE500010BD046D0CB9006CFAE7D0E912014FF473
:10CE60007A720023F3F742FF2044F1E738B52DED45
:10CE7000028BC568DFED127A95ED088A28EE278AC5
:10CE80000446B0EE480A15F0F1F9D5ED077A27EE21
:10CE9000800A85ED0D0AE568B0EE480A15F01EFA25
:10CEA000D5ED077A27EE800A002285ED0E0AE368A9
:10CEB000DA63E368002283F85020BDEC028B38BDB2
:10CEC00035FA8E3C10B5D1ED0D0A91ED0E0A0C46E7
:10CED00015F03EFADFED077A20EE270AF8F7E4FBBB
:10CEE00004F1340084ED080A08F03CFF84ED070AE1
:10CEF00010BD00BFE02E6542F0B5C468154E257820
:10CF0000846836680368F66A5B6B04EB851C87B03F
:10CF10009CF830C1CDE904126F1CBCF1000F0FD09A
:10CF200004EB8514D4F82C419847DDE90412CDE9CF
:10CF30000104094B00973046F7F770FD07B0F0BDCC
:10CF40009847DDE90412CDE90070044B3046F7F74D
:10CF500065FDF3E708260020089303082A930308D9
:10CF600000B58FB001A93322FFF7C6FF034901AA1C
:10CF70000620F5F713FC0FB05DF804FB4A8D03089B
:10CF80002DE9F341036C8B420446884675D0D0E905
:10CF90000676012380F8443057EA0603016420D066
:10CFA000C3685B78012B1CD900220023C0E906234B
:10CFB00008F000FB656DA26D60653223C5F11905AF
:10CFC0000544B5FBF3F55D43E36DAB4219D1B4F80D
:10CFD0006030042B11D80133A4F86030A36D0BBB73
:10CFE00015E0606830B1036891B29B6D98470746C1
:10CFF0000E46DDE708F0E6FAF9E79542EED0A565C2
:10D00000ECE70023A4F86030E565002A38D1E36836
:10D01000A0681978FBF7D0FDC822322100B2F8F7DA
:10D02000A5FBA065A36D05EB5302B2FBF3F25A43D7
:10D03000D4E912134FF47A756A43521843F100038E
:10D04000C4E91223CDE9007604F1200000F028FDA8
:10D05000E368C3E91A01E368012283F87020E368FA
:10D060005B78934209D9D4E912014FF47A72002314
:10D07000F3F73CFEA8EB0000206502B0BDE8F081AC
:10D0800023684FF47A719B6CB1FBF2F12046C9B270
:10D090009847A3E730B52DED028B87B00D788068F7
:10D0A0000023242203930493059302FB05030C46FB
:10D0B00093F91410F0EE408AB0EE608A69B101294C
:10D0C00066D001F0CFF940F25D124FF4801101F00B
:10D0D000B5F9002384F8543054E0042312FB0531E1
:10D0E00085F0010512FB053201441044F8F76CFB92
:10D0F0008DED030ACDED040A8DED051A03A8F8F7AE
:10D1000099FE9FED277AB4EEC80AF1EE10FAB4EE5C
:10D11000C70A54BFF0EE487AF0EE407AF1EE10FA0A
:10D12000D7D4B4EEC78AF1EE10FAD2D49FED1D7AAF
:10D1300070EE480A67EE877AF0EEE00AF4EEE70A4E
:10D14000F1EE10FAC5DC9DED037ADDED047AB1EE67
:10D15000477AF1EE677A01A88DED017ACDED027A7A
:10D1600008F0F0FDDFED107AE0EE678AB0EE680AB5
:10D17000F8F79AFA012384ED090A84F8543008F08C
:10D1800019FAA06294F8540007B0BDEC028B30BDD0
:10D19000183393E8070006AB03E90700AEE700BFCA
:10D1A000CDCC4C3DCDCC4C3EE02E6542C168FFF766
:10D1B00071BF00008368DB8EDB0607EE902A0CD57A
:10D1C00091F85C304BB1D1ED166A9FED057AF8EE1F
:10D1D000E77AE6EEC77AFDEEE77AC1ED047A7047AA
:10D1E0000000C84210B50023044643608360C3605A
:10D1F0000249FAF79BF9204610BD00BF9C93030833
:10D200000023A0F8D432A0F8D232A0F8D63270476A
:10D2100010B5B0F8D6320446ABB1B0F8D222934282
:10D2200012D2591CD21A0144013016F0C3FBB4F8D3
:10D23000D232B4F8D6229B1AA4F8D2320023A4F832
:10D24000D632A4F8D43210BD0023F5E7B0F8D632B8
:10D250000BB1431C0B60B0F8D602704770B5B0F844
:10D26000D2620446721E10F8021BF3F781FF0146DA
:10D27000B0B1601C0D1AAAB2B21A16F09BFBB4F83A
:10D28000D2325B1B9BB2022BA4F8D23206D9638840
:10D290005BBAC3F30903A4F8D43270BD0023FAE7E4
:10D2A000A4F8D402A4F8D202A4F8D602F5E700004C
:10D2B00038B5B0F8D4120B1D034442189D7812798A
:10D2C0005B78033145EA0245044689B2013045EAFC
:10D2D000032508F015FD854204D02046FFF7BEFF68
:10D2E000002038BDB4F8D4320633A4F8D632012079
:10D2F000F7E7000038B504460D46FFF789FFB4F89C
:10D30000D23233B1627823789A4202D02046FFF7B6
:10D31000A5FFB4F8D23223B92378AB4207D000205E
:10D3200038BDB3F5347F02D32046FFF797FFB4F83A
:10D33000D222531C22449BB2A4F8D2325570B4F8C6
:10D34000D4225AB9022B09D963885BBAC3F3090303
:10D35000A4F8D43213B92046FFF780FFB4F8D432D2
:10D36000002BDCD0B4F8D22205339342D7DA204622
:10D37000BDE83840FFF79CBF006800BA7047000066
:10D3800007B5036842681BBA12BA6846CDE90023A4
:10D39000F8F710FA51EC100B03B05DF804FB000035
:10D3A00007B5FFF7E9FF019001A8F8F7FFF903B00F
:10D3B0005DF804FB00F1730208B503465018FFF74F
:10D3C000DBFF1860081D1044FFF7D6FF1944988052
:10D3D00091F87920DA8091F87A201A7291F87B20FE
:10D3E0005A7208BD70B500F17306044656FA81F012
:10D3F000CDB2FFF7C5FFC4F80B0005F10800C4F873
:10D400000F1056FA80F0FFF7BBFFC4F8130005F1C8
:10D410001000C4F8171056FA80F0FFF7B1FFC4F8F7
:10D420001B00C4F81F1070BDF8B54318044693F8EC
:10D43000733080F82330DA070D4611D5CFB200F1F2
:10D440007306781C56FA80F0FFF7AAFF07F109006F
:10D4500084ED090A56FA80F0FFF7A2FF84ED0B0A6B
:10D4600094F823305B0708D504F17300053550FAB2
:10D4700085F0FFF795FF84ED0A0AF8BD10B5043179
:10D480000446733050FA81F0FFF78AFF84ED0E0AEC
:10D4900010BD000070B5CCB2054600F17306201D2A
:10D4A00056FA80F0FFF77CFF04F1080056FA80F08E
:10D4B00085ED120AFFF774FF103485ED130A56FA52
:10D4C00084F0FFF76DFF85ED150A70BDF8B590F893
:10D4D0007130402B064631D10325002496F8723076
:10D4E000AB422CD97319023593F8747093F87330EA
:10D4F000013B0B2B0CD8DFE803F0060D0B0B0B0BDD
:10D500000B12170B0B1C29463046FFF753FF013453
:10D510003D44E3E729463046FFF764FFF7E7294635
:10D520003046FFF781FFF2E729463046FFF7A6FFB6
:10D53000EDE729463046FFF7ADFFE8E70024204637
:10D54000F8BD000010B5C36E013B1446052B04D88E
:10D55000DFE803F0101A1E223746022901D000200E
:10D5600010BD0123C366002380F8753180F8763141
:10D570001846F5E780F870100223C36690F87631FC
:10D58000194480F87611EAE780F871100323F4E774
:10D5900080F872100423F0E790F87531C218013357
:10D5A00082F8731090F87621114490F8722080F878
:10D5B0007611DBB29A4280F875319CBF0523C366B1
:10D5C000CDE70623C36690F8763180F873118B425D
:10D5D000C5D1FFF77BFF844218BF4FF0FF30BFE794
:10D5E000002380F87411C366C2E7000010B5044B35
:10D5F000044918600446F9F799FF204610BD00BFA2
:10D60000385B00205894030890F8533063B9012325
:10D6100080F85330054800684FF40073006C802296
:10D620004FF4E131F7F712B9704700BF0826002028
:10D6300004299FBF034B10311B6853F8210088BF9A
:10D640000020704708260020002850DD6F2846D0B3
:10D650001BDC132845D00EDC431E082B11D8082BE9
:10D6600033D8DFE803F04105323632323232390046
:10D670004FF416607047392839D064283AD02628EC
:10D680003AD04FF47A7358437047B0F5FA7F36D0EA
:10D6900010DCB0F5807F34D006DC732834D0E62867
:10D6A000EFD14FF461307047B0F5E67FE9D14FF428
:10D6B000E120704740F2DC53984228D0B0F5FA6F71
:10D6C00027D040F29933984225D0B0F5FA6FD8DDD3
:10D6D00070474FF4965070474FF4165070470F48FC
:10D6E00070474FF4964070474FF4966070474FF480
:10D6F000614070470A4870474FF416407047094828
:10D7000070474FF47A3070474FF4E1307047064865
:10D710007047064870474FF46120D9E7FCB101001B
:10D72000A086010020A1070060E3160080841E008F
:10D730000068FFF789BF0000914215D0CBB2581E98
:10D74000012801D92B2905D1511EC9B201290BD9B4
:10D750002B2A09D0053B012B08D8501FC0B2012845
:10D760008CBF0020012070470120704700207047C7
:10D770002DE9F84300250446894617462E4600F158
:10D78000060818F9352049462046FFF7D5FF38B17D
:10D79000B74203D104EBC500BDE8F8830136F6B209
:10D7A0000135052DEDD10020F6E7000010B5FFF79B
:10D7B000DFFF78B1C379092B0CD8074A1033126800
:10D7C00052F8234024B1236881885B6B2046984738
:10D7D000204610BD0024FBE7082600200E4B70B544
:10D7E0001D68CBB2092B0C4612D8103355F82320F4
:10D7F00000EBC103116810464E6B9988B04750B9D1
:10D80000A8690649036822461B68BDE870401847AE
:10D8100000231B68FFDE70BD08260020CC930308A0
:10D820002DE9FF410646FF2303A951308DF80C3046
:10D83000FAF73EFBB379013B012B84BF0223B3719E
:10D840003046FFF7E1FE674B1B68019306F10805C0
:10D850004FF001087327019A08F1100352F8234092
:10D8600085F807803CB31FFA88F13046FFF7B6FF12
:10D8700095F9063001332C2B00F2AC80DFE803F081
:10D880001725252530373939414BAA37AA56AA5EC4
:10D890006084AAAA93AAAA50AA9DAAAAAAAAAA1B65
:10D8A000AAAAAAAAAAAAAAAAAAAAAAAA25002368D0
:10D8B0002046DB6F984708F10108B8F1050F05F124
:10D8C0000805C8D104B0BDE8F0812846FFF730FF55
:10D8D0004FF48073014680222046F6F7B7FFEAE74F
:10D8E0000923039303A92846FAF748FBE3E7392302
:10D8F000F7E72846FFF71CFF102301464FF480721C
:10D90000EAE703A928460397FAF738FB80231A466B
:10D910004FF4E131E0E703A928460397FAF72EFB1D
:10D920002846FFF705FF80230146D4E7092303A912
:10D93000A81D8DF80C30FAF7A1FABCE70397D1E7E0
:10D94000642303A928460393FAF718FB2846FFF738
:10D95000EFFE2023014610222046F6F777FF2368CA
:10D9600002215B6C20469847236802219B6C20466D
:10D97000984723680121DB6C2046984723680021E3
:10D98000DB6B2046984796E703A928460397FAF7EA
:10D99000F5FA2846FFF7CCFE1E2301461A4620461C
:10D9A000F6F754FFEAE72846FFF7C2FE8023014658
:10D9B0001A462046F6F74AFFDBE703A928460397F5
:10D9C000FAF7CCFA2846FFF7B3FE102301464FF4CE
:10D9D0000072E4E72846FFF7ABFE01462046F6F763
:10D9E00041FF68E70826002070B51E4690F95130C7
:10D9F000002B04460D4601DA002070BD90F950104E
:10DA00000029F9DBC9B2FFF713FE286094F8511022
:10DA10002046FFF70DFE10602B68002BECD000288D
:10DA2000EAD094F8500094F85120042894BF04EBF5
:10DA3000C0000020042ADFD804EBC2050028DBD098
:10DA4000FFF776FE049B18602846FFF771FE059BE2
:10DA5000186094F9523023EAE37333700120CCE765
:10DA600007B5FF230DF1070151308DF80730FAF7A4
:10DA7000FBF903B05DF804FB10B504299EBF00EB71
:10DA8000C104A27140F8313010BD0000014B18688C
:10DA9000704700BF385B0020018042807047000063
:10DAA0002DE9F043DDE9074C017EA71A6CEB030674
:10DAB00029B1D0E90251AF4276EB010103DAC0E9A6
:10DAC000027601210176D0E90251B0F800E04FF46E
:10DAD0007A78551908FB0EFE43EB01011EEB050990
:10DAE00041F10008A14578EB0C0809DAB4EB0E040B
:10DAF0006CF10001A21A61EB0303C0E90223254681
:10DB0000438B0BB9C0E90476D0E90442A74276EB17
:10DB10000202B8BFC0E90476428801339BB29A4240
:10DB2000438301BFD0E90423C0E9022300234383D8
:10DB30002846BDE8F08300004FF0FF33002110B508
:10DB4000002243610446417200F12003E830D9709D
:10DB50009A60DA601A615A629A62DA621A635A63E8
:10DB60009A63DA631A645A645A659A65DA656433AB
:10DB70008342ECD1044B1A6822B904491C60204648
:10DB8000F9F7D4FC204610BD3C5B002058950308F3
:10DB900090F8221029B9012343841170837118462B
:10DBA00070470020704700004FF0000070470000F1
:10DBB00041B10379012B05D05A1C027140F82310A2
:10DBC000012070470020704738B5054690F82200C4
:10DBD00058B10023012007F06FFE00210446A86B16
:10DBE00007F07AFE231A5842584138BD11B990F80F
:10DBF000210070470020704738B590F90530044681
:10DC000033B390F803311BB300252279EBB29A426B
:10DC100006D954F8230003689B6898470135F4E758
:10DC200007F0C8FCA36EC01AB0F5FA7F94F9E8308B
:10DC30002CBF0020012084F8210013B1002384F8B8
:10DC4000053194F805112046BDE83840FFF7CEBFF6
:10DC5000002038BD024690F90500B0B192F80301EA
:10DC600098B1D2ED0D7A9FED097AF4EEC77AF1EE14
:10DC700010FA09D4B7EE087AF4EEC77AF1EE10FA8A
:10DC8000D4BF01200020704700207047ABAA2A3F74
:10DC9000836B1BB100213830F8F7A8BE7047000035
:10DCA000014B1868704700BF3C5B002010B504466C
:10DCB000006810B103685B689847204610BD0000FB
:10DCC00010B50446006810B103685B6898472046A9
:10DCD00010BD000070B5D0F8F45015F4803588B050
:10DCE000064621D120222946FFF76EFF0446E8B1FF
:10DCF000CDE906550022069B0493114604A8CDE900
:10DD0000052200F05BFB01463046FFF751FF04A8F7
:10DD1000FFF7CCFF05A8FFF7C9FF06A8FFF7D0FF64
:10DD200014B107A8FFF7CCFF08B070BD074B1B6804
:10DD3000596804220B68CDE90102054A00921D686A
:10DD40000246202306A8A847D4E700BF08260020E3
:10DD5000801A060010B50446FFF7BCFF23790BB10B
:10DD6000A37943B9044B05491B6898690368BDE86A
:10DD700010401B68184710BD08260020189503089E
:10DD800010B590F9053004461BB3012380F8043127
:10DD9000836B13B1002280F804212364A37923B993
:10DDA0002046FFF7D7FFA3794BB10A4B1B68986A4F
:10DDB000036864215B6898472046FFF71DFF94F8CD
:10DDC000223003B9A363012384F80331002384F8CC
:10DDD000043110BD08260020064B10B50360044630
:10DDE000FFF75EFF606004F1080006F08FFD20463B
:10DDF00010BD00BFB0950308F7B5054664276C68F1
:10DE0000164607FB024306FB0744084693F87010CA
:10DE10000190F7F77FFD94F92030019833B96B68D2
:10DE2000597A03B0BDE8F040F7F774BD94F82410B8
:10DE3000F7E700002DE9F04146684FF06408074617
:10DE40000D4608FB0261144628312846F7F7E2FC2C
:10DE500078682146FFF7FEFE40B108FB046494EDAC
:10DE60000D0A2846BDE8F041F7F7EEBCBDE8F081A9
:10DE700010B54368642404FB023407C904F15C0351
:10DE800083E8070007F096FBA06607F08DFBE066CD
:10DE900010BD0000F0B5074685B00D46164600F1EE
:10DEA0000801A92203A8F6F72BFC7C68642303FB76
:10DEB0000543D3F8802022B903A8F6F73DFC05B04E
:10DEC000F0BDBEB196ED007AD3ED1D7A67EE877A8C
:10DED000C3ED1D7A96ED017AD3ED1E7A67EE877A4F
:10DEE000C3ED1E7A96ED027AD3ED1F7A67EE877A3C
:10DEF000C3ED1F7A642607EE902A06FB05417431B4
:10DF0000B8EE670A08460191F7F7B2FC01992A4674
:10DF10003846FFF7ADFF06FB05410023CB678B6753
:10DF20004B670023C1F88030C6E700004068FFF768
:10DF30002FBE0000F7B5064640680192642707FB34
:10DF400001000D46383001A91446FAF723F871682C
:10DF500007FB0515EC6303B0F0BD000013B5436883
:10DF600064200C4600FB013191F92010022908D0F1
:10DF700020330DF1070104FB00308DF80720F9F77D
:10DF800073FF02B010BD00004368642000FB013144
:10DF900081F8702070470000F8B5054608460F4626
:10DFA000F7F794FC10B100242046F8BD3846F7F787
:10DFB00073FC04460028F6D16B6893F9F8607EB1D3
:10DFC0003846F7F737FF95ED087ADFED1F7AF0EE68
:10DFD000C76AF4EEE76AF1EE10FA03D585ED080A98
:10DFE0000124E1E777EE407A30EE076AF0EEE77A57
:10DFF000C7EE866AF6B207EE906A9FED146AF8EEF5
:10E00000677A26EE866AF4EEC67AF1EE10FA48BF19
:10E01000B2EE046ADFED0E7A45BF6B6A66EE866A81
:10E02000B0EE676A87EEA66A46BF01336B620124D1
:10E03000F7EE007A77EEC67A20EE060AA7EE270AF8
:10E0400085ED080AB0E700BF000000340000484337
:10E05000CDCCCC3D2DE9F74304460E4615461F4670
:10E06000FFF7CAFE314620462A46FFF7E3FE314657
:10E070002046FFF791FF28B39B2204F1080101A875
:10E08000F6F73EFB64684FF0640909FB054808F1A8
:10E09000740831464046F7F7BDFB09FB0542D2F84C
:10E0A00080100131C2F880104FB1B94207D349083E
:10E0B000C2F88010B0EE000A4046F7F7D9FB01A87D
:10E0C000F6F73AFB03B0BDE8F083000090F82C109F
:10E0D0000022FFF7DFBE0000F8B504460D461746E4
:10E0E0001E46FFF779FE074B23602B68A3620022D0
:10E0F0004FF07E532A6084F82D7084F82E602363DD
:10E100002046F8BDF49503087FB50446806A03688D
:10E110005B6A984703689B689847A06A037A03F094
:10E120000703022B02D1802107F0C4FBA06A036819
:10E130000A219B6C9847A06A01230DF10302042178
:10E1400007F0FAFA50B9A06A03685B6A9847036857
:10E15000DB6898470025284604B070BDA06A0123FB
:10E160000DF10202052107F0E7FA0028EBD0A06AC2
:10E1700001230DF10502062107F0DEFA0028E2D0A6
:10E18000A06A012301AA072107F0D6FA0028DAD0F5
:10E19000A06A01230DF10702082107F0CDFA00283B
:10E1A000D1D0A06A01230DF10602092107F0C4FABB
:10E1B0000028C8D09DF80230C82BC4D19DF8043087
:10E1C000C82BC0D19DF805209DF8033013439DF85E
:10E1D00007201343B7D19DF80630C82BB3D10A22CC
:10E1E0000821A06A07F02EFA012394220B21A06ACD
:10E1F00007F07EFA012319467122A06A07F078FA27
:10E20000012300220421A06A07F072FA0123C82228
:10E210000521A06A07F06CFA012300220621A06AFA
:10E2200007F066FA0123C8220721A06A07F060FA06
:10E23000012300220821A06A07F05AFAC82201230C
:10E240000921A06A07F054FAA06A254B23630368EA
:10E2500003219B6C9847A06A03685B6A9847036830
:10E26000DB689847A06A112107F004FAA36A04F159
:10E270002C0299682046FFF759FE054600283FF416
:10E280006AAFA36A94F82C109A682046FFF752FEF2
:10E29000144BA26A1B68527A9869134903681E6876
:10E2A00094F82C30B04794F82E2094F82C10204687
:10E2B000FFF76AFE94F82D302BB194F82C10012250
:10E2C0002046FFF74BFEA06A029403689E6A074B44
:10E2D000039304AB13E90C0043F2D401B0473AE7CF
:10E2E0008988083E08260020BC950308B9E3010888
:10E2F00010B588B004460123806A0DF1070234216D
:10E3000007F01AFA002851D09DF90730002B4DDA9A
:10E31000A06A092302AA242107F00EFA002845D09A
:10E320009DF809109DF808309DF80C209DF80E000E
:10E33000D4ED0C6A090441EA03619DF80A3041EA10
:10E3400003219DF80B30120442EA03629DF80D3060
:10E3500042EA03229DF80F30091207EE101A1B043F
:10E3600043EA00639DF81000B8EEC77A43EA002341
:10E3700027EE267A1B1212125B4207EE903A8DEDC1
:10E38000057A07EE102AF8EEE77AB8EEC77A67EE5C
:10E39000A67A27EE267A94F82C208DED067A0A23A9
:10E3A00005A92046CDED077AFFF754FEA06A07F0D5
:10E3B000E7F908B010BD0000FFF79ABF30B513466B
:10E3C000026885B00D461AB90024204605B030BD5C
:10E3D00000210160342001930392F5F7FDFF04460C
:10E3E00020B1019B2A4603A9FFF776FE03A8FFF799
:10E3F0005DFC002CE8D02046FFF786FE054600288D
:10E40000E3D1236820465B6898472C46DDE700008F
:10E4100010B5044B044640F8283BFFF747FC204664
:10E4200010BD00BFF495030810B50446FFF7F0FFD8
:10E430002046F5F7D9FF204610BD000010B503684F
:10E44000028119434368016001334360044B1B6838
:10E45000DC6AA162D96A40688885DB6ADA8510BD0A
:10E460000826002000487047405B002070B57922E4
:10E4700004464FF400010E480E4EFFF7DFFF0E4B2F
:10E480001D6833783BB9E86A04222146483007F01A
:10E490009BF801233370EB6A2A2283F84620EB6A4B
:10E4A00093F89C301BB90548214607F057F870BD1A
:10E4B000405B00204C5B00200826002000960308EB
:10E4C00008B50449F2F7A4FE0028034818BF00204D
:10E4D00008BD00BF14960308B8EA03082DE9F0410F
:10E4E0008846FFF7EDFF054608B9002409E0866875
:10E4F000701C12F0EDFE04460028F6D026B9C8F8CC
:10E5000000602046BDE8F0814FF4A16012F0E0FE0B
:10E51000064618B9204612F023FFE6E7002211460E
:10E5200000F040F92B6933606A68F461134473604A
:10E53000AB68B361304600F045F90746304612F04B
:10E540000FFF002FE6D1AA682146384607F0AEFB40
:10E55000EB689842DED1AB68C8F80030D1E7000024
:10E5600012F0FEBEF0B50D46164689B020220021FD
:10E57000044615F039FA2A467019824207D012F87B
:10E58000011B34F81130013324F81130F5E721462E
:10E59000002321F802396A4604F11E0031F8027F97
:10E5A00022F8023B81423B44F8D10023B3420ED013
:10E5B000E95C51B108AA02EB410131F8202C501C52
:10E5C000103221F8200C24F812300133EEE709B0A4
:10E5D000F0BD000010B5D0E900329342044603D2EA
:10E5E0005A1C0260187810BD83683BB190F829204E
:10E5F00022B99847031E01DBD8B2F4E7012384F85F
:10E6000029300020EFE7000010B503695A1E0446C8
:10E61000026123B9FFF7DEFF0723E0602361E068B2
:10E620004308E36000F0010010BD00002DE9F04157
:10E630000746164661B1012505FA01F80024454553
:10E6400007D23846FFF7E0FF00B12C446D00F6E733
:10E650000C463019BDE8F0812DE9F84300238046CF
:10E660000E468F1C01F120091D4640465C00FFF755
:10E67000CBFF4F4504440FD037F8023B5A19E31A39
:10E6800008D52544B5F5907F06D2103536F815002B
:10E69000BDE8F8831546E8E76FF00200F8E70000F0
:10E6A0002DE9F04F0E46D3B00521904640F20112FD
:10E6B0000446FFF7BBFF0122052105462046FFF770
:10E6C000B5FF0422114607462046FFF7AFFF13228D
:10E6D0008246002102A815F087F9DFF8C4B04FF098
:10E6E0000009D1450BD0002203212046FFF79EFFF1
:10E6F0001BF8013B02AA09F10109D054F1E71322EA
:10E7000002A93046FFF72EFF05EB07094FF0000A7C
:10E71000CA4538D231462046FFF79EFF00280ADB63
:10E72000112829D012282BD010281ED1BAF1000FA1
:10E7300004D16FF0020053B0BDE8F08F02AB534438
:10E74000032213F8013C022120460193FFF76EFFDC
:10E750000AEB000BCB450246EBD8019B194602ABF6
:10E7600003EB0A0015F040F904E002AB0AF1010BDB
:10E7700003F80A00DA46CBE7032211460023E3E759
:10E780000B220721FAE72A4602A93046FFF7EAFEE4
:10E7900002AB40463A465919FFF7E4FE0020CAE7AB
:10E7A00028EB030810B500234FF0FF34C0E9013314
:10E7B000C0E90F1280F8293003610363C462436427
:10E7C000436310BD2DE9F0479F4DA04EA04F044676
:10E7D000E36A013340F094802046FFF715FF0022E2
:10E7E000206302212046FFF721FF0128E0627BD150
:10E7F0000023A4F84830A4F84A30A4F84C30A4F818
:10E800004E30A4F85030A4F85230A4F854301823F5
:10E81000A4F856309823A4F858307023A4F85A303E
:10E8200004F168024FF4807322F8023B01339BB27B
:10E83000B3F58C7FF8D104F19802002322F8023B53
:10E840000133902BFAD14FF48C72A4F8B82140F226
:10E850001912A4F8BA214FF48D72A4F8BC2140F229
:10E860001B12A4F8BE214FF48E72A4F8C02140F20E
:10E870001D12A4F8C2214FF48F72A4F8C42140F2F3
:10E880001F12A4F8C62104F5E47222F8023B0133FA
:10E890009BB2B3F5807FF8D100232022A4F8B222E6
:10E8A000A4F8A832A4F8AA32A4F8AC32A4F8AE3284
:10E8B000A4F8B03204F5327222F8023B0133202B67
:10E8C000FAD1636B002B40F08A8004F148012046A6
:10E8D000FFF7C2FE94F82930BBB9FF2859DCE36981
:10E8E0005A1CE261C0B240E0022809D104F52A7244
:10E8F00004F148012046FFF7D3FE002840F09E8037
:10E90000E36A2BB1013B012BDBD96FF0020095E0EC
:10E91000D4F834A0BAF1000F1CD12046FFF75AFEFC
:10E9200081462046FFF756FE09EB00292046FFF7F7
:10E9300051FE80462046FFF74DFE08EB002383F48E
:10E940007F4383F0FF039945DFD109F10100606344
:10E95000C4F810A0636B013B6363002B69D02046B1
:10E96000FFF738FEE3695A1CE2611870E26B4AB1A6
:10E97000636C591C6164D054D4E910329A4201D1BD
:10E9800000236364A0690138A06100287FF420AFF0
:10E9900054E0B0F5807F4CD06FF48073184435F8A4
:10E9A0001020315C2046FFF741FE04F52A716063B8
:10E9B0002046FFF751FE002840DB264B37F8102099
:10E9C000195C2046FFF732FEE36B002B29D0226C46
:10E9D000904235D8636C181A48BF8018A063E16B69
:10E9E000E369A26BF9B1581CE0618A5C1A70E36BB1
:10E9F0005BB1626CA16B501C6064595C9954D4E9A2
:10EA000010329A4204BF00236364A36B226C01336B
:10EA10009342A36301D10023A363636B013B636350
:10EA2000B0E74042DAE79A5C1A70E3690133E361C8
:10EA3000F3E7236B002B3FF4CFAE0120BDE8F08756
:10EA40006FF00400FAE700BFCCEA030808EB030804
:10EA50003CEB030878EB030810B4064B064A1B682E
:10EA60000649986903681C68537E127EA4465DF8C7
:10EA7000044B6047082600202002010898EB030899
:10EA800008B503689B6A9847014B187008BD00BF22
:10EA9000D0230020044A054B10781B78044A034316
:10EAA000107823EA00007047F65C0020F45C002038
:10EAB000F55C002030B5054685B0CDE90232FFF7A0
:10EAC000E9FF95F8D941DDE902322CB995F89000BB
:10EAD00001248440013CE0B22C680090E4682846A0
:10EAE000A04705B030BD00000CB407B504AB53F827
:10EAF000042B0193FFF7DEFF03B05DF804EB02B0D7
:10EB000070470000044A054B0171002908BF1A46EE
:10EB100005200349F3F742BE99FE0308AAFE030845
:10EB2000A8EB03080079704700232DE9F041C0E904
:10EB3000083383620446FFF7B3F80546FFF7B0F8E1
:10EB400090F9053053B190F803313BB1236A43F09B
:10EB500004032362636A43F00403636295F905309A
:10EB600063B195F803314BB195F805112846FFF7CD
:10EB70003DF818B1A36A43F00403A362FAF7B8FAA8
:10EB800090F8742190F82031054632B1B02202FB92
:10EB9000030292F86920012A05D8B02202FB035330
:10EBA00093F869303BB1236A43F020032362636A20
:10EBB00043F02003636295F820112846FAF70EF817
:10EBC000B0B195F82031B02202FB035393F869608D
:10EBD00095F8743113B1012E28BF01262368204611
:10EBE0005B6B9847B0429EBFA36A43F02003A362C9
:10EBF000184B1E683EB396F8AE10304607F00AFC7C
:10EC000008B3236A43F01003236296F8AE1030462F
:10EC100007F0FEFB074607F06BFC054620B190F8B5
:10EC2000AE1007F0F5FB05461FB1636A43F0100311
:10EC30006362304607F022FC28B107B11DB1A36A18
:10EC400043F01003A362236820461B6BBDE8F0412C
:10EC5000184700BF58860020F7B504460F461646F1
:10EC600000F10801272201A81D46F5F749FD2046BD
:10EC7000FFF75AFF236A3B60636A3360A36A2B6025
:10EC800001A8F5F759FD03B0F0BD00000020704762
:10EC900007B5019004F036F8036801991B6998479D
:10ECA00020B1B0F804330133A0F8043303B05DF8A9
:10ECB00004FB000070B590F80E3304460E46ABB965
:10ECC000D0F8900103689B6A9847B0F5005F28BFB1
:10ECD0004FF4005085B2207C01F034FB3044854273
:10ECE00006D2207CFFF7D4FF002070BD0025F2E79C
:10ECF0000120FAE72DE9F34705460846904600F063
:10ED0000ABFA044658B3DFF85C90DFF85CA000274C
:10ED100095F89030F9B28B4221D92B6828461B69AF
:10ED2000984799F80020017CCA40D207064614D4BF
:10ED30009AF800300B41DB070FD5C37A6BB9A17984
:10ED4000FFF7B8FF48B122796379307C0192A2794C
:10ED500000922168424600F0B7FC0137D8E702B0C4
:10ED6000BDE8F087F55C0020F45C00200A88504084
:10ED700080EA0010C0B2030983EA122343EA0023A9
:10ED800083EAC0000880704738B5064C0525236E1D
:10ED900004F160001B699847013DA4F11804F6D105
:10EDA00038BD00BF5C5B00200023C0E900330B4A84
:10EDB0000B4B0C49DFF83CC0C0E902230A4BC0E909
:10EDC00004130A4BC0E906C3094B036203F17453F1
:10EDD000A3F52303A3F692434362704767E6096AEB
:10EDE00085AE67BB72F36E3C3AF54FA58C68059B08
:10EDF000ABD9831F7F520E512DE9F04F0568D30028
:10EE00005B19036028BF4368DFB024BF0133436050
:10EE100000F128030C9300F14003044600911646CC
:10EE2000C5F3C5050D930DF17809002E00F0BE80E5
:10EE3000C5F14007B7420C9B009928BF37465819C7
:10EE40003A4614F087FD009B3D443B44402D00931F
:10EE5000A6EB0706E9D123460EAA93F82B101170F2
:10EE600093F82A10517093F82910917093F8281094
:10EE7000D1700D990433994202F10402EDD1A368D7
:10EE80000193E36802932369039363690493A3697D
:10EE90000593E3690693236A07930EAF636A0893A9
:10EEA0000FCF4D460FC50FCF0FC50FCF0FC597E83A
:10EEB0000F0085E80F004A461020936B17464FEA73
:10EEC000F34181EA734181EA93217B6A3F6852F8FA
:10EED000045F3B4419444FEAB54383EAF51383EAE0
:10EEE000D503013019444028D163E6D1314B0B934F
:10EEF000DDE90272DDE906EC049B019DDDF820B03E
:10EF000005980A934FF000080B9B53F8041B0B93D2
:10EF10004FEAF02383EAB01383EA706A59F8283085
:10EF200019440AEB01032CEA000A00EA0E018AEAFE
:10EF30000101194487EA020359442B404FEA753A0C
:10EF400007EA020B83EA0B0B8AEAB50A0A9B0A92CC
:10EF50008AEAB55A08F10108DA440B44B8F1400FC7
:10EF600009935144E3461AD1019B0B44A360029BD1
:10EF70002B44E360039B3B442361049B1344636184
:10EF8000099A059B1344A361069B0344E361079B15
:10EF900073442362089B63446362002545E73A4655
:10EFA000F4462F4686460D460998ADE75FB0BDE8AA
:10EFB000F08F00BFB8EB0308F0B5066893B0F70810
:10EFC00004460D468023472200210DF10100C7F1C0
:10EFD000770707F03F078DF8003014F005FD12ABFE
:10EFE0003B44320A03F8412C320C03F8422C62688D
:10EFF00003F8406C110A03F8442C03F8451C360E44
:10F00000110C120E03F8436C03F8461C03F8472C4E
:10F01000694607F109022046FFF7EEFEE37A2B70FE
:10F02000A37A6B70637AAB70237AEB70E37B2B71FE
:10F03000A37B6B7113B0F0BDF0B50D469DB01646C5
:10F040001F460446002839D0007810F0010035D062
:10F050000B46627803F8012BD4E90221CDE90021A7
:10F06000C5F80120BDF804209A80D4E902030130DC
:10F0700043F10003C4E9020302A8FFF795FE202232
:10F0800004F11001FFF7B8FE3A46314602A8FFF737
:10F09000B3FE9DF88C20229902A8FFF7ADFE2499BB
:10F0A000022202A8FFF7A8FE0722294602A8FFF7BE
:10F0B000A3FE02A8E91DFFF77FFF0D201DB0F0BDE4
:10F0C0000844012905D910F9013D13B90139C9B224
:10F0D000F7E7084670470000F0B50C46A1B01546AA
:10F0E0000646002800F08C8006A8FFF75DFE20226F
:10F0F00006F11001FFF780FE0A22A91C06A8FFF7FF
:10F100007BFEEA7805F10C0106A8FFF775FE0222E6
:10F1100005F58A7106A8FFF76FFE072205F58B71CA
:10F1200006A8FFF769FE694606A8FFF745FF062215
:10F1300005F21D11684614F0FDFB034628B10223B9
:10F1400086F83430002021B0F0BD00200021CDE948
:10F150000201B5F81B21D5F8170195F816C10290E8
:10F1600005F21717ADF80C20A4B12288214698B2F9
:10F17000824211D995F807E0C878864507D195F8FD
:10F1800008E00879864502D1887860453AD0013395
:10F190000931ECE70323D3E734D10F2A01D9042343
:10F1A000CEE70299224811EB000EB168039840F1B6
:10F1B00000008E45F16870EB010101D20523BFE725
:10F1C00003EBC3012144E879C870287A0871013241
:10F1D00081F802C0228003EBC3030533D5F8171171
:10F1E000E150E218BB889380D6E90201DDE90223F1
:10F1F0009042994138BFC6E90223012486F8344081
:10F200000120A0E703EBC302053200200021CDE975
:10F210000401A118A0588A88ADF81420029A059913
:10F2200004909042039A71EB0202D4D3062387E73D
:10F23000808D5B0013B504460846237862780DF193
:10F24000060143EA0223ADF80630FFF78FFDBDF853
:10F250000630238002B010BD0E4970B5002340F285
:10F2600055140C251A190132520805FB02F68E5965
:10F2700086420BD9541EA342F4D30C225343CA181E
:10F28000CB5883420CBF1046002070BD1346F4D209
:10F29000F1E700BFB8EC03082DE9F8431F46CB782F
:10F2A000DDF820804FF0000904460D46164681F82F
:10F2B00000900F2B20D8DFE813F010001000590049
:10F2C0006B007B00800086008C009200A300B700DA
:10F2D000CA00D900050105013F01FD2E3BD10223E3
:10F2E000CB700023C37086700B7B23F001032B735C
:10F2F0004FF0FF33237063702B78012B06D1A37975
:10F300006B712B8903B96B8101332B810FB1E378CA
:10F31000FB70B8F1000F12D0EB7888F803302B792E
:10F3200088F804306B79013388F805302B89A8F808
:10F330000830AB78A8F80A302B7B88F80C30002313
:10F34000AB702B78022B03D117B1B4F814313B808A
:10F350002878BDE8F883FE2ECED10223CB7000239F
:10F36000C37086700B7B43F00103C0E7C67081F861
:10F3700004903146FFF75EFF2B7BD90705D584F853
:10F38000049084F80590052300E00323EB70B3E7B5
:10F3900016F0FE0F067106D08B7801338B700023B8
:10F3A0000B700123F2E73146FFF744FF0423EDE73A
:10F3B00046713146FFF73EFFE5E786713146FFF7BC
:10F3C00039FF0623E2E7C6713146FFF733FF072313
:10F3D000DCE706723146FFF72DFF0823D6E700234E
:10F3E0008372C37246723146FFF724FF2B7BDA0724
:10F3F00004D5E378002B37D00B23C7E70923C5E7F3
:10F40000827A437A43EA0223C27A43EA024343EA16
:10F4100006224372C2F30723120C8372C272314672
:10F42000FFF708FF0A23B1E7827A437A43EA02230F
:10F43000C27A43EA024343EA06424372C3F3072314
:10F440008372130CC3723146FFF7F4FED1E70B79D8
:10F450005A1C03440A711E733146FFF7EBFE2A79EA
:10F46000E3789A427FF448AF0C238FE7437A807A9F
:10F4700043EA0023E07A43EA0040FFF7EDFE8146CD
:10F48000F0B101792046FFF7D5FE2388DBB29E421A
:10F4900014BF0E230D23EB7084F81461B9F1000F33
:10F4A0003FF42AAF2B7999F806209342BFF424AF9A
:10F4B00004F10C00D21A0021184414F095FA1BE74D
:10F4C0000146DFE70E2B16D00388B6EB132F14BFCF
:10F4D000022301232B70237984F81561DB070CD5F7
:10F4E0000F23EB700D236B732B78022B3FF404AFCB
:10F4F00000232B7000E70223ECE72B6923B11A6B82
:10F5000072B92B78022B38D10123EB70002F3FF416
:10F51000F3AE40F223122146384614F01BFAEBE614
:10F52000A17A637A43EA0123E17A284643EA01415A
:10F5300090470028E8D1E4E74B7BC31A83F82361A6
:10F540004B7B013BDBB24B73002B7FF4D5AE024605
:10F55000D1E90401FFF7C0FD08B101230EE02B69DA
:10F560001A6B52B1A17A637A43EA0123E17A284601
:10F5700043EA014190470028EFD103232B70C3E7F2
:10F5800007B5019003F0BEFB036801991B6998471A
:10F5900008B100F5B67003B05DF804FB034A01231F
:10F5A00003FA00F01378184310707047F55C0020E0
:10F5B000012806D0022806D0032814BF09200620FF
:10F5C00070470220704704207047000007B5019083
:10F5D00003F098FB036801991B69984768B190F89C
:10F5E0000E336BB9D0F8900103689B6A9847B0F569
:10F5F000005F28BF4FF4005080B203B05DF804FBF9
:10F600000020FAE704282DE9F04104460D4616468D
:10F6100011D8124F57F820306BB1114B1B5C53B906
:10F6200003F070FB036821461B699847C37A23B92E
:10F630000C4B1B5D43B1BDE8F08103F063FBFFF7AA
:10F6400071FA0028F4D1F6E757F82400036832462F
:10F650002946DB68BDE8F041184700BF345C002054
:10F66000D45B00202C5C002038B50446182363438B
:10F670000B48C258184492680D469047094B53F8FE
:10F68000240003689B6A9847A84207D2064B0122D0
:10F690001A552046BDE83840FFF7FABA38BD00BF1A
:10F6A0005C5B0020345C0020D45B0020044B002213
:10F6B0001A541822034B50431A581844D268104762
:10F6C000D45B00205C5B00202DE9F04F8FB09146A9
:10F6D00080460F461D46FFF753FF027B12F00202E1
:10F6E00006462AD1036913B11C7804F001029DF883
:10F6F00060104846FFF7E4FCFD238DF81C30002322
:10F700008DF81F30B3798DF820304F4B8DF81E20C7
:10F7100014461A785B788DF822308DF823703B0AF6
:10F720003F0C05468DF81D008DF821208DF8243002
:10F730008DF825704FF0090A1BE0FF2F05D983785B
:10F74000013383700FB0BDE8F08FFE238DF81C30BD
:10F7500083798DF81E303C4B8DF81D501A785B78FC
:10F760008DF81F208DF820308DF8217000244FF087
:10F77000050AB3790133B3711FFA8AF74FF6FF73A5
:10F78000ADF82830BB460DF11D030BF1FF3B13F81C
:10F79000010B04930AA91FFA8BFBFFF7E7FA049BFE
:10F7A000BBF1000FF1D1BDF82830ADF81A30ABB283
:10F7B000049309EB0502CB4693450DF11A0105921E
:10F7C00005D01BF8010BFFF7D1FA059AF4E79DF875
:10F7D0006400FFF7CBFABDF81A308DF818301B0A19
:10F7E0000AF1010B8DF819300DF1180A54B1CDE969
:10F7F000015ACDF8009030695B4607AA0AA9FFF7C5
:10F800001BFC0446049B3B4419460331214489B246
:10F810004046FFF729FF5A4607A94046FFF7F2FE88
:10F820002A4649464046FFF7EDFE02225146404631
:10F83000FFF7E8FE24B122460AA94046FFF7E2FEA0
:10F840004046FFF733FF7DE7D02300207FB50B88CC
:10F850008DF800300C461B0A8DF80130A378C9786A
:10F86000FE2B054631D10831FFF7FEFEA3788DF857
:10F870000430E3788DF80530A3798DF80630E3790C
:10F880008DF80730237A8DF808300622637A8DF8D8
:10F89000093001A92846FFF7B5FE0026E27804F1F9
:10F8A0000C012846FFF7AEFE022269462846FFF704
:10F8B000A9FE2EB10D2204F58B712846FFF7A2FE9A
:10F8C0002846FFF7F3FE04B070BD267916F0010656
:10F8D00018BF0D260C313144FFF7C6FEA3788DF812
:10F8E0000430E3788DF8053023798DF8063063799C
:10F8F0008DF80730A3798DF80830E3798DF8093059
:10F90000237AA27A8DF80A30637A43EA0223E27AF4
:10F9100043EA02431A128DF80B308DF80C201B14A9
:10F920000A2201A928468DF80D30FFF76BFEB5E7D6
:10F93000024B182202FB0030704700BF5C5B0020C6
:10F9400038B5094D00242819183404F0DFFF782C4D
:10F95000F9D1064A0649002012F082FCBDE8384081
:10F96000044800F015BD00BF5C5B00203C86002011
:10F9700089ED0108D95B002070B58AB00546ADF865
:10F980001030BDF83830ADF812308DED030A8DF827
:10F9900024200B4671B9102205A814F025F819236C
:10F9A000DC22CDE90032162103AA2846FFF78CFE9F
:10F9B0000AB070BD05AA01F110061868596814460E
:10F9C00003C40833B3422246F7D1E8E738B50379D8
:10F9D00004463BB905682DB12846F5F785F8284659
:10F9E000F4F702FD204638BD38B5037904463BB92B
:10F9F00005682DB12846F5F777F82846F4F7F4FCAA
:10FA0000204638BD08B590F80E335BB9D0F89001A8
:10FA100003689B6A9847B0F5005F28BF4FF4005019
:10FA200080B208BD0020FCE770B5D0F890510446C4
:10FA30000DB9002070BD2B6828461B6C9847014605
:10FA40002846F4F76BFF0028F4D1237C002BF0D17B
:10FA5000034B1B68D8690368BDE870409B6B18476F
:10FA6000082600202DE9FF41CA78062A4FF000043D
:10FA7000054628BF06220C3102A80294ADF80C40BE
:10FA800013F068FF9DF80D30ADF806402BB1012B47
:10FA90003DD1BDF80830ADF806309DF80C300C2B88
:10FAA00035D8DFE803F01D4846444234403434344E
:10FAB0003E3C070007246E6916EB44084FEA4407F2
:10FAC00025D02B682846DB6C9847B0B30DF10601B2
:10FAD0004046F8F72FFA2146284603F021FC16E0AD
:10FAE0000024082CE6B20FD02B682846DB6C984720
:10FAF0006B69620070B10DF106019818F8F71AFAF7
:10FB00003146284603F00CFC01340A2CE9D104B03C
:10FB1000BDE8F081BDF9062023F81420F0E70624A3
:10FB2000C9E70524C7E70424C5E70324C3E7022483
:10FB3000C1E70124BFE70024BDE7BDF90630F35358
:10FB4000C9E7000010B503689B6D04469847B0B143
:10FB500023682046DB6E9847002204F5CA7104F53D
:10FB6000CC70F8F717F80023A4F89C31E060F8F7A0
:10FB700067F8A4F89E0105F01DFDC4F8A00110BDB2
:10FB80002DE9F0412E4E8EB0044630680D46F5F753
:10FB900015F815284DD9EF78142F28BF14271422F3
:10FBA000002103A813F020FF3A4605F10C0103A839
:10FBB000244D13F0CFFE0023207CD5F800802B606D
:10FBC000FFF704FD0746207C00F0BCFB00F11903A1
:10FBD0009F4231D2207CFFF75BF805F0EBFC2860F8
:10FBE000237C8DF82030BDF80C30ADF8223004AB0A
:10FBF0000FCB09AD85E80F003568002328468DF846
:10FC00003430F4F7DBFF152804D9162208A928465A
:10FC1000F5F74AF80C4B1A785AB901221A700B4BB7
:10FC20000B4A1B680194986A0292036821469B6AFA
:10FC300098470EB0BDE8F081C5F80080D0E700BF5E
:10FC4000505C0020085D0020585C00200826002041
:10FC5000D5FE0108F0B52DED028B044685B0007C81
:10FC60000D461646B0EE408AFFF7B0FC0746207CF2
:10FC700000F068FB00F119039F4207D2207C05B019
:10FC8000BDEC028BBDE8F040FFF702B83046247CA3
:10FC9000FFF78EFC0390F7F7D3FF4FF6FF71034693
:10FCA0000091039AB0EE480A29462046FFF764FE09
:10FCB00005B0BDEC028BF0BD70B52DED028BCD789B
:10FCC0008CB0172D28BF17250C4617220021064699
:10FCD00006A813F089FE2A4604F10C0106A813F0C9
:10FCE00039FE10220DF11E0101A814F055FB00236E
:10FCF0000DF102020DF1010101A88DF81430ADF8EB
:10FD00000230F6F7E9FD054640B39DED068AB4EEF4
:10FD1000488AF1EE10FA21D69FED217AF0EEC87AEA
:10FD2000F4EE477AF1EE10FA18DC9DF80110F6F7C0
:10FD3000ADFFBDF802102846F0EE408AF6F776FFD8
:10FD400080B9184901AA0420F2F728FD9DF8012086
:10FD5000B0EE680A01A93046FFF77CFF0CB0BDEC9D
:10FD6000028B70BD9DF80110B0EE480A2846F7F7E7
:10FD7000D3F8F0EE680AB0EE480AF5F785FC80F09B
:10FD80000104E4B221462846F6F730FE002CE5D007
:10FD9000BDF802305B07E1D5F7F7CEFDDEE700BF27
:10FDA000FFFF7F7FC0FC030830B52DED028B89B0CB
:10FDB0000C46154600211C2201A8B0EE408A13F023
:10FDC00013FE2046F1F72EFA10280246214628BFDE
:10FDD000102203A813F0BEFD28468DED018AFFF71F
:10FDE000E7FB8DF81C00F7F72BFF4FF6FF73ADF81C
:10FDF0000A30ADF8080002F085FF01AA1621FEF7CF
:10FE000079FF09B0BDEC028B30BD000030B52F4D3D
:10FE100093B0F7F715FF2868F4F7D0FE430952D0E6
:10FE20002B4C2068F4F7B0FE15284CD92068162218
:10FE300004A9F4F7BBFF162845D1BDF91200431CF5
:10FE400033D0002303AA0CA980B20393F7F7E4FE92
:10FE50000446002837D0012300930DF13602102309
:10FE600003A9F6F775FC9DF810309DF830108DF859
:10FE70002830204600238DF84630F6F707FFBDF8FE
:10FE800012308DED0B0AADF83230F7F7D9FE2C6841
:10FE9000ADF834002046F4F791FE1F2813D9202234
:10FEA0000AA92046F4F700FF0DE0112205A90DF183
:10FEB000360014F071FA00220CA905A8F6F70CFD23
:10FEC00004460028CFD113B030BD00BF485C0020ED
:10FED000505C0020FFF79ABF2DE9F047DFF8A890AB
:10FEE000284D8CB007460024D9F80000202204A930
:10FEF000F4F740FF2028064618D100239DF8100093
:10FF0000D5F800A02B60FFF761FB80469DF810003C
:10FF100000F018FA00F1190398459DF8108009D2F5
:10FF20004046FEF7B5FE05F045FB286020460CB0C4
:10FF3000BDE8F0879DED050A9DF818008DED030AD8
:10FF4000C5F800A0FFF734FBBDF81A309DED030A99
:10FF5000009302460DF11E01BDF81C304046FFF72C
:10FF60000BFD05F027FB0134C7F8A0013146D9F895
:10FF70000000E4B2F4F73CFE0028D7D0052CB3D142
:10FF8000D4E700BF085D0020485C00202DE9F04365
:10FF9000044689B0FFF7A0FFE3688146002B75D0C7
:10FFA00005F008FB074605F0FFFA8046D4F89001FB
:10FFB0000368DB6D9847D4F8A031FB1A4343207CDB
:10FFC00040F60556B3FBF6F600F0BCF900F1190552
:10FFD000ADB2AE42204638BF2E46FFF713FDB04209
:10FFE00003D22046FFF70EFD06462046B6FBF5F588
:10FFF000FFF71AFD10B9052D28BF0525A94545D2E3
:020000040802F0
:10000000A5EB090504F5CC76002D3DD0E368002B67
:100010003AD0212001F08AF8B0B3012300931023D5
:100020000DEB0302E0683146F6F792FB94F8941169
:10003000E06894F81090F6F729FE94F894018DED9D
:10004000030AFFF7B5FAB4F89C319DED030A00935B
:100050000246B4F89E3104A94846FFF78DFC002201
:1000600004F5CA713046F7F7BFFDB4F89C31E06083
:100070000133A4F89C3105F097FAA0EB0800B0F525
:100080007A7F01D8013DBFE7C4F8A07109B0BDE88F
:10009000F083000010B44B7A8C7ACA7A43EA0423C6
:1000A00043EA0243152B07D0172B09D0142B0BD191
:1000B0005DF8044BFFF764BD5DF8044BFFF742BDEC
:1000C0005DF8044BFFF7F8BD5DF8044B7047000086
:1000D00038B5164C00232360012323711420F4F754
:1000E0007BF9054618B14FF4E771F4F7EBFC256096
:1000F000002525710E4A0F490F4C0C4812F0B0F83C
:100100000123256023711420F4F766F9054610B128
:10011000C021F4F7D7FC002325602371BDE83840E7
:10012000034A0649044812F09BB800BF505C002007
:100130003C860020CDF90108485C0020E9F901085F
:1001400038B5054600200C46FFF71AFA854206D05E
:100150006D2C04D0A4F1A6035842584138BD0120AB
:10016000FCE700000246054843882F2B03D93023C3
:100170000021F7F787BF0020704700BFEC5C00202C
:1001800010B50446094843882F2B01D8002010BD24
:10019000302300222146F7F73DFF0028F6D02068E3
:1001A000034BC31A58425841F1E700BFEC5C0020F2
:1001B000D1FC5238F0B58DB004466846FFF7E0FF39
:1001C00090B304F5247504AE0CAF2B46324603CA37
:1001D000BA4228606960164605F10805F6D1227C0E
:1001E00084F88122DDE902201049511840F1000510
:1001F000C4E9A215012184F880120D49C4F8B01297
:1002000004F52C7513F8011B21B99D42FAD152EA6D
:10021000000307D004F52073C4F87C31054BC4F803
:10022000803101E0C4E95F110DB0F0BD808D5B004D
:10023000410102085A5C0020F0B5264B1B68DB6ABE
:1002400093F89C6099B005460C4636B1224A0421C9
:1002500019B0BDE8F04000F0AFBDCF782A2F28BF1D
:100260002A2731462A22684613F0BEFB3A4604F19B
:100270000C01684613F06EFB184B0C93DDE900236C
:100280000D96CDE90E2310AC0DF10A030DF12A06EF
:1002900018685968224603C20833B3421446F7D19E
:1002A0000CA8FFF75FFF30B90D4A0421284600F083
:1002B00083FD19B0F0BD002402F024FD0368E1B213
:1002C0001B6998470028F4D00134FFF773FF052C11
:1002D000F2D1EEE708260020D8FC0308D1FC523802
:1002E000FEFC030870B504468CB005F063F9144AAF
:1002F0002CB9136847F22F51C31A8B421ED91060D4
:100300006846FFF73DFF0546C0B100242646E0B22F
:10031000FFF736F958B103694BB1D3E902230299CB
:100320009142039999413CBFCDE902232E46013405
:10033000052CECD116B16846FFF714FF0CB070BD68
:10034000F05C002070B50E4E3368054663B900249A
:1003500034602846FFF714F9036973B11B78DB0793
:100360000BD504F1190070BD05F024F93368C01AEB
:10037000B0F5FA6FEBD26424EBE704F10C00F2E77E
:10038000085D002001480421F7F72EBEEC5C002038
:1003900000220270704700002DE9F04F87B0002561
:1003A000074688461646994604958DF814504FF036
:1003B000010B3B78ECB2A3422DD9184B07EB840418
:1003C0001B7862789A4224D1E07806AB034413F894
:1003D000083CF3B9FFF7FAF8B37903938246E07863
:1003E000FFF7B0FF039B03449A4512DB3379019377
:1003F000B3794B4594BF0093CDF800904246737992
:100400003168E078FFF760F9E37806AA134403F84F
:1004100008BC0135CDE707B0BDE8F08FD023002040
:1004200037B50446084615460193FEF715FF024608
:1004300038B1019B2946204603B0BDE83040FFF7A4
:10044000ABBF03B030BD0000F0B5D57945B3214C4A
:100450002378AB4204D1137A64789C4220D0FBB15C
:100460000E7C077804460023D9B28F421CD96178EC
:10047000A94216D194F802C0117A8C4511D1E178C5
:10048000B1420ED100EB8303197949B9907A517AC0
:1004900041EA0021D07A51EA004101D1127C1A715F
:1004A000F0BD01330434DFE7FAD11429F8D000EBB2
:1004B000830301315D70147A9C70DE70957A547AF2
:1004C00044EA0524D57A54EA054404BF127C1A7123
:1004D0000170E5E7D02300202DE9F843204B1646B4
:1004E000204A1B78147824EA03040B7C012101FACA
:1004F00003F324EA030490F8513024EA0304037858
:1005000000EB830398420DD04578F279954207D1EC
:10051000327A8578954202BFC27801FA02F294439A
:100520000430EFE7CCB1002524FA05F3DB07EFB286
:1005300010D53846FFF74AF88046384696F80390BB
:10054000FFF700FF00EB0903984503DB314638460F
:10055000FFF77CF90135052DE6D1BDE8F88300BF32
:10056000F55C0020F45C002070B51D46887A4B7A5B
:1005700043EA0023C87A43EA00400C461646FEF7D9
:100580006BFE68B1C379DA0741BF037A1B191B7B85
:100590003380C3799B0741BF417A6418237B2B804A
:1005A00070BD00002DE9F04F644E15463378D279C6
:1005B0009A4287B080468A4608D12A7A73789A424E
:1005C00004D10024204607B0BDE8F08F2A465146EA
:1005D0004046FFF739FFAA7A6B7A43EA0223EA7AA8
:1005E00043EA0243A62B0FD06D2B0DD0544A14784A
:1005F0009AF81020D44004F001043BB924B92A46EB
:1006000051464046FFF768FF0124DBE74FF6FF73D2
:10061000ADF80C30ADF80E3003AA0DF10E032946EB
:100620004046FFF7A1FFBDF90C20BDF90E3002F1E5
:1006300001091FFA89F903F1010B1FFA8BF1B9F1D6
:10064000010F009102D931788A4230D1009A012AF3
:1006500067D97278934264D04FF0010B002CB0D16F
:10066000002704978DF814703B4698F80020FEB2DE
:10067000B2424CD9019302F045FB08EB86060268B2
:10068000F17812699047019B78B12D4A017C12786C
:10069000CA40D2070ED5BDF90C107278914204D130
:1006A000BDF90E10B278914217D00137DDE74FF057
:1006B000000BD3E7B9F1010F0FD9BDF90C10727817
:1006C0009142F2D1009A012A07D9BDF90E10B278F1
:1006D000914202D0BBF1000FE7D18245E5D0F2781C
:1006E00006A90A4412F8082C002ADED1E978FEF7A0
:1006F000E1FA18B1F0782946FFF7A8F8F27806ABCE
:100700001A444FF0010302F8083C0123CDE71BB95E
:10071000BBF1000F7FF478AFB9F1010F3FF652AF94
:1007200072E7002C7FF470AFB9F1010F03D9009B81
:10073000012B3FF669AF0124A34691E7D0230020A7
:10074000F55C0020704700000020704770470000F3
:100750008B8E012B05D90B79022B04D8034AD05C70
:100760007047012070470020704700BFECFE03086F
:100770009FED010A704700BF000000000320704792
:100780007047000010B5074B04201C68944204D049
:10079000013803F10803F8D110BD1B790B7001205B
:1007A000FAE700BF08000408D0F8F4320A205843E2
:1007B0007047000000207047D0F8843193F906306C
:1007C000022B43F2020004D041F202022B2B18BF8D
:1007D0001046054B1B6823B11B6A9B0758BF40F0AE
:1007E00020000021704700BF508600201FB58DF803
:1007F0000E309DF818308DF80D208DF80F309922AD
:100800000423CDE900328DF80C10032303AA2F2115
:10081000FEF75AFF05B05DF804FB00007FB5ADF8A8
:100820001420ADF8163073221023CDE90032029166
:100830000E2302AA1D218DED030ACDED040AFEF759
:1008400043FF07B05DF804FB7FB5ADF81420ADF8A9
:100850001630C3221023CDE9003202910E2302AAE2
:1008600089218DED030ACDED040AFEF72DFF07B0B7
:100870005DF804FB7FB5ADF81420ADF81630832287
:100880001023CDE9003202910E2302AA8F218DEDB3
:10089000030ACDED040AFEF717FF07B05DF804FB6D
:1008A0001FB5062302925F22CDE90032ADF80C108D
:1008B00002AAF421FEF708FF05B05DF804FB000072
:1008C00003460846DA780021032A0180817028BF98
:1008D000032203F10C0113F03DB800000346084663
:1008E000DA780021052A0160017128BF052203F191
:1008F0000C0113F02FB8000038B5C5780B46262D33
:10090000044628BF262526220021184613F06CF83D
:100910002A4604F10C01BDE8384013F01BB8000072
:1009200013F018B810B50D4B1C6864B194F8AE10F4
:10093000204605F08FFD30B194F8AE102046BDE89A
:10094000104005F0B3BDF8F7D3FB90F82031B0228A
:1009500002FB030090ED210A10BD00BF5886002065
:10096000F7B50D46064647F2305101A81746F3F792
:10097000ADFE95ED000AF7EE000AF4F785FE30B102
:10098000032401A8F3F7AEFE204603B0F0BD95EDB9
:10099000020AF7EE000AF4F777FE044630B1336836
:1009A0003946DB6F304698470446EAE7DFED060A32
:1009B00095ED010AF4F768FE0028E1D0FDF770F923
:1009C000FDF766F9DDE700BF0000984210B5084C5E
:1009D0002468E46A94F89C4024B90368BDE8104098
:1009E0009B6F184703490520F1F7D8FE042010BD7E
:1009F0000826002020FD030808B5FDF733FD9622E8
:100A00004FF40031FDF71AFD002008BD7FB58DF8C9
:100A10000E208DF8143000229DF820308DF80F2024
:100A200004928DF815308F220A23CDE90032ADF8FB
:100A30000C10032303AA4D21FEF746FE07B05DF814
:100A400004FB0000F0B585B00446007C0393154616
:100A50000E46FEF7BBFD0746207CFFF773FC021D28
:100A60009742039B05D2207C05B0BDE8F040FEF71D
:100A70000FB9EDB2327AF179207C0095FFF7B6FE1E
:100A800005B0F0BD0429F8B504460D46017401D93E
:100A90000020F8BDFCF7FAFF2A460121FCF768FEAA
:100AA000C4F884010028F3D083885B0502D5207C3C
:100AB000FEF774FD4FF4E131D4F89001F3F7D2FE64
:100AC000D4F8900103681B6C98470646D4F890014F
:100AD00003680021DB6B9847264B1F680325B86A23
:100AE000036801215B689847D4F8900103683021BE
:100AF0009B689847D4F89001036820219B68013DCA
:100B0000984715F0FF05EAD1B86A036801215B68D0
:100B10009847D4F8900103683146DB6B9847D4F8C6
:100B20008431D4F890511868FCF78EFD01462846B0
:100B3000F3F798FE104B227CD4F8901143F8221062
:100B4000D4F8843193F90650022D01D02B2D08D111
:100B50002046FFF72FFB2B2D4FF0010099D1E072BB
:100B600097E794F8783143F0020384F87831012054
:100B70008FE700BF08260020345C00201FB50F4B14
:100B80001B680446D86A03685B6D98470023ADF87C
:100B900008304FF6FF73834228BF0346ADF80A3092
:100BA000D0220823CDE9003203900423207C02AA3E
:100BB0009821FEF789FD04B010BD00BF0826002073
:100BC00030B52DED028B1E4B04461868036885B0C6
:100BD000DB69984778B31B4B257C1C682069036848
:100BE0009B68984720690368DB68F0EE408A984765
:100BF000206903681B69B0EE408A98479FED120A8E
:100C0000ADF80C0068EE808A28EE000AFCEEE88A57
:100C1000BCEEC00A18EE903AADF8083010EE103A6B
:100C2000CB22ADF80A300623CDE900327D2102AA9D
:100C30002846FEF749FD05B0BDEC028B30BD00BF74
:100C40001C5D00200826002000007A4430B50C46C8
:100C500085B0054603A92046FFF732FE9DF80E3009
:100C6000022B03D8094A52F8230040B90093227A94
:100C7000E179287C0323FFF7B9FD05B030BD234699
:100C800003AA294607F042FFF7E700BF505B0020A8
:100C90001FB50B46044602A918460193FFF71EFE36
:100CA0009DF80C20022A08D8054951F8220020B1ED
:100CB000019B02AA214607F071FF04B010BD00BFDE
:100CC000505B002030B50C4685B0054602A9204691
:100CD000FFF704FE9DF80C30022B03D8094A52F8A6
:100CE000230040B90093227AE179287C0323FFF79F
:100CF0007DFD05B030BD234602AA294608F000F864
:100D0000F7E700BF505B002037B50C46054601A948
:100D10002046FFF7D5FD9DF8061002290A4603D8A4
:100D2000074B53F8210030B9032321462846FFF72B
:100D300089FE03B030BD2246294607F0CFFEF8E712
:100D4000505B002010B5074C0246032354F8041BE7
:100D500021B1087910B18968914202D0013BF5D1E7
:100D6000184610BD505B002037B5CA78072A4FF0EF
:100D7000000328BF072205460C4668460C31009345
:100D8000CDF8033012F0E6FD9DF8061002290A4660
:100D900003D8084B53F8210030B9032321462846D5
:100DA000FFF750FE03B030BD6B462246294607F0E0
:100DB00049FFF7E7505B00200CB47FB5094C007C7D
:100DC0002568012408AB84402E6853F8042B039354
:100DD000E4B20094F4682846A04704B0BDE870402F
:100DE00002B070471C5D002030B59FB00546F3F798
:100DF000EFFA044683691E4A06212846FFF7DCFF06
:100E0000E26A636B4AB353B1A16BCDE90131236B45
:100E10000093062113462846164AFFF7CDFF164BCE
:100E20001C68E06A036804A9DB6A984728B1104A85
:100E300004AB06212846FFF7BFFF606A0368322231
:100E4000D3F8883011A9984728B1094A11AB062177
:100E50002846FFF7B1FF1FB030BD002BDFD0A26BDB
:100E600000920621054A2846FFF7A6FFD7E700BFF4
:100E70004A8D03083CFD03080826002043FD0308B3
:100E8000F0B5DFED920A91ED000A8FB005460E46EF
:100E90001746F4F7F9FB002800F0E48096ED010A0C
:100EA000F3EE080AF4F7F0FB002800F0DB80DFED3A
:100EB000880A96ED020AF4F7E7FB002800F0D280DA
:100EC000DFED840A96ED030AF4F7DEFB68B1824E8B
:100ED000824C284632460421FFF76EFF2368986A49
:100EE0000368FA215B689847F3E7DFED7D0A96ED2A
:100EF000030AF4F7C9FB40B17A4A04212846FFF7F8
:100F00005BFF794B984704242BE0DFED780A96EDE0
:100F1000030AF4F7B9FB044638B12846744A0421A1
:100F2000FFF74AFF734804F019FBDFED730A96EDF3
:100F3000030AF4F7A9FBB8B1704A04212846FFF769
:100F40003BFF214603A8F7F74FF82422214605A8C6
:100F5000049412F049FD282304AA214603A8F7F7B8
:100F600091F820460FB0F0BDDFED650A96ED030A5B
:100F7000F4F78AFB044690B12846624A0421FFF741
:100F80001BFF564B1D68FA24A86A03684FF47A7158
:100F90009B68013C984714F0FF04F5D1E1E7DFEDD1
:100FA0005A0A96ED030AF4F76FFB68B1574A042119
:100FB0002846FFF701FFFDF755FA40F68A524FF435
:100FC0008011FDF73BFACCE7DFED510A96ED030AFD
:100FD000F4F75AFB414B1C6830B34E4A04212846B3
:100FE000FFF7EAFEA06A4C4A036829469B6A04950B
:100FF0000592984795F830302BB9A06A0368012113
:101000005B689847F6E740F6935205F1180103A88C
:10101000F3F776FB2846414A0421FFF7CDFE03A8EB
:10102000F3F78AFB00249CE7DFED3D0A96ED030A07
:10103000F4F72AFBB0B128463A4A0421FFF7BCFE78
:101040003B7A0093B18BFB79287C0022FFF7DEFC12
:101050002B6828465B6E9847E06A0368D3F88430B3
:101060009847DFE71D4B1C68E36A93F89C3023B177
:1010700072692D4B9A427FF446AF96ED000AF7EE67
:10108000000AF4F701FBB8B13B7A0093B18BFB790E
:10109000287C0022FFF7BAFC2B6828465B6E984735
:1010A00096ED000AF0EE080AF4F7EEFA0146A06A9F
:1010B0000268926B904726E796ED000AF0EE080A68
:1010C000F4F7E2FA0028DFD103244AE700002842BF
:1010D00000008E420000BA424CFD030808260020A2
:1010E0000000BC425CFD030838ED00E00000BE4299
:1010F00076FD030891FD03080000C0429AFD030835
:101100000000C242BAFD03080000C442CDFD03083E
:101110000000C842E5FD03089D3B0208FDFD0308F1
:101120000000C6420DFE03081214340110B5044637
:1011300004F040FA074B9A68801A41F288329042D4
:1011400005D81B7BA34294BF0020012010BD0120C5
:10115000FCE700BFF85C00201FB5CA78092A4FF0F1
:10116000000328BF09220C31044601A8CDE9013350
:101170008DF80C3012F0EEFB04F01CFA1A4A9DF8C0
:10118000083013719DF80930906003B110609DF82C
:101190000A301373132B09D8B4F8A421B2F5FA6FEF
:1011A00006D23C32A4F8A42104B010BD312B06D8DD
:1011B000B4F8A421B2F5FA6F0BD21432F2E75F2B28
:1011C00007D9B4F8A431C82B05D9283BA4F8A43119
:1011D000EAE75A2BE8D9B4F8A431002BE4D0142B59
:1011E0008CBF143B0023F1E7F85C002030B58A7A0D
:1011F0004B7A43EA0223CA7A43EA02430C468BB095
:10120000272B0546694620460AD1FFF775FB9DF856
:101210002520032321462846FFF714FC0BB030BDE0
:10122000FFF76AFB9DF8251002290A4603D8074BF1
:1012300053F8210008B90323ECE703790BB9012324
:10124000E8E76A46214607F00DFEE7E7505B00201D
:10125000074A002352F83300884203D102EBC3034C
:10126000187970470133262BF4D15120704700BF05
:1012700028000408432908D005D831B1192914BF22
:101280000020012070474829F9E70120704700003D
:1012900010B58B89B0F8A4411C44C36803B1A40005
:1012A000FFF750FD00B1A40004F084F9064B1B6960
:1012B000C01AB0F57A7F38BFA4004EF66020A04275
:1012C00028BF204680B210BD248D002090F8A631A2
:1012D0008B420AD090F8AC318B4208D090F8B231F2
:1012E0008B4206D1022040B270470020FBE701206C
:1012F000F9E74FF0FF307047F0B590F9B83101339E
:101300001AD1044600224FF6FF77B4F8A85175B100
:10131000B4F8AA31CE1AB6B2B54225BF5B195B1A32
:1013200000239BB2BB423CBF80F8B8211F4601326C
:10133000032A04F10604E8D190F9B821531C0CD01B
:10134000062303FB0203B3F8AA01B3F8A831091A74
:1013500089B28B4288BF4FF0FF321046F0BD0000CB
:1013600030B585B00446007A0391FEF72FF90546A3
:10137000207AFEF7E7FF00F10A039D42207A039AE4
:1013800004D2FDF785FC002005B030BDE379009361
:10139000A188A379FFF73AFB0120F5E70521FFF7C4
:1013A000DFBF000010B50446FFF7DAFF08B10023E5
:1013B000236010BD30B5074C256845B99DF80C5029
:1013C000A08025722160A271E371204630BD00200B
:1013D000FCE700BF105D002073B506460D460620F1
:1013E0001049F1F7DBF904F0FDFF04F0BBFF0E49F3
:1013F0000620F1F7D3F90D4B1C687CB1337C0093C8
:10140000EA792B7A0121F120FFF7D4FF40B1204681
:10141000002104F0EDFF052002B070BD2046FBE77F
:101420000846F9E720FE03083FFE0308588600201F
:1014300008B504F0BFF81C4A1368C31AB3F57A7FE5
:1014400030D31A4B10601B68012B19D0022B29D105
:1014500005F0D2FA05F0CEFA042823D8DFE800F030
:10146000030B0B0903000421BDE808400F48FFF7F8
:1014700099BF0021F8E7BDE808400C48FFF78EBF90
:101480000B4B186804F0B6FF03280BD801A353F8E0
:1014900020F000BF671402087714020873140208D2
:1014A0006714020808BD00BF0C5D0020105D00201D
:1014B0005886002010B586B0047C04F07BF800222A
:1014C0000023CDE902230C238922CDE900320490C8
:1014D00002AA02212046FEF7F7F806B010BD000070
:1014E00090F87801C0F34000704700002DE9F0410A
:1014F0002DED028B84B007460191164604F072FF71
:101500000199037C8B424DD9242303FB010393ED06
:10151000098ADFED2D7A9FED2D7A28EE278AD3ED0B
:101520000A7A67EE877A4FF00108FDEEE77A17EE48
:10153000903A1DB2264B1C68002C38D020460191F1
:1015400004F068FF019990B3204604F0BFFFDFED7F
:101550001E8A0199204603AA60EE288A04F068FFDB
:10156000044668B1DDED037A9FED187A67EE877A5D
:10157000FDEEE77A17EE903A1CB2002C08BF01246A
:101580003F7C04F017F8234601462A46F0EE680A2D
:10159000B0EE480A3846B44604B0BDEC028BBDE854
:1015A000F041604700259FED0B8AA846C2E7B8F1DD
:1015B000000F03D0DFED078A0024E1E704B0BDECA3
:1015C000028BBDE8F08100BF0AD7233C0000C8426F
:1015D0005886002000000000014A0221FFF786BF64
:1015E00075080208014A0021FFF780BF1D080208A4
:1015F000014A0121FFF77ABF490802082DE9F041AD
:101600002A4B1E6886B08046002E49D0847A013469
:1016100004F001042146304604F0FCFE40B998F87D
:101620000A4004F001042146304604F0F3FEB8B34A
:1016300002AA2146304604F0FBFEA0B3DDED027A9B
:101640009FED1B7A67EE877AFDEEE77A17EE903A08
:101650001DB22146304604F0FDFE214607463046C5
:1016600004F024FF214630468DED030A04F02EFFDE
:101670000C23EA22CDE9003298F810008DED040A1F
:1016800087F001070DEB030240F22711ADF814506B
:101690008DF816408DF81770FEF716F888F80A4096
:1016A00006B0BDE8F08147F6FF75D2E75886002006
:1016B0000000C84210B503490446F5F737FF20463D
:1016C00010BD00BF907B030838B590F89050042DF2
:1016D000044621D80368DB6A984704EB8505C5F802
:1016E000940094F8901004EB8103D3F8940098B11F
:1016F000FFF7C8F994F8903078B904EB8303D3F876
:10170000940010B103685B68984794F89000243007
:1017100004EB80040023636038BD013384F890300B
:10172000FAE7000010B50446FCF7B0F900220121E9
:10173000FCF73CF8024630B104F12C012046BDE82C
:101740001040FFF7C1BF10BD70B5054600F140065F
:101750000124FCF79BF922460121FCF727F80246F9
:1017600048B1013431462846E4B2FFF7ADFF052CFD
:1017700006F11406EDD170BD802910B5144615D1BF
:101780003AB90B4B1B68586A03681B6D9847204693
:1017900010BD012A0AD1064B1B68586A0368DB6C2E
:1017A0009847002814BF00200420F1E70220EFE74B
:1017B0000826002013B5CA78062A4FF00003044615
:1017C00028BF06220C3168460093ADF8043012F0B1
:1017D000C1F8009A9DF80510204602B0BDE81040FF
:1017E000FFF7CABFF0B5A3B000210E2205460AA834
:1017F000CDE90311CDE90511CDE90711099112F0E9
:10180000F3F812238DF80B302C4B1B68D86A036851
:1018100009A91B6B0DF10B029847F2F7D9FD066978
:10182000C169044636BA19B1082203A803F0CCFEF8
:10183000216B19B1082205A803F0C6FEA16B19B1EE
:10184000082207A803F0C0FE2B682F7C9B6B28465C
:101850009847636912960022CDE91323184B15931C
:1018600003F17C53CDE90E0103F582230020002112
:1018700003F20923CDE91001082203A917A8169342
:10188000FFF74EF805A919A80822FFF749F807A99C
:101890001BA80822FFF744F809A91DA81222FFF788
:1018A0003FF84E23B222CDE9003294213C230EAA08
:1018B0003846FDF709FF23B0F0BD00BF0826002021
:1018C00000003D1810B503681B6C984704280446B7
:1018D00005D8FCF7C7FD0368002B18BF0524204678
:1018E00010BD00002DE9F041174F90F8108004461C
:1018F0003868036886B05B68984723680646DB6BE8
:10190000204698470546386803681B68984707468D
:101910002046FFF7D7FF03238DF811308DF81430E0
:1019200032220923CDE900328DF8130003AA0021E9
:10193000404603978DF810608DF81250FDF7C4FEF5
:1019400006B0BDE8F08100BF1C5D002038B504463C
:1019500003F030FE236805461B6F20469847B0EB26
:10196000952F0BD3237C5BB9064B1B68D8690368A2
:101970009B6B984780F00100C0B238BD0020FCE7A7
:101980000120FAE70826002073B5154B1B680546B1
:10199000986A03681B6A0E469847044620B1314690
:1019A0002846FFF767FCB0B12846FFF7CFFFA8B97C
:1019B000287CFDF7BDFF40F21C52014601A8F2F75A
:1019C0009FFE2B683146D3F8883028469847044656
:1019D00001A8F2F7B1FE204602B070BD0024FAE77C
:1019E000082600202DE9F04F06469BB04FF0FF304F
:1019F00004F0A8FDC5437AD0202200210DEB02009F
:101A000011F0F2FF3B4B1B68586A036808A9DB6BB7
:101A100010229847102708AB4FF6FF71002033F8CB
:101A2000022B8A4207F1FF3208BF23F8020C12F0A2
:101A3000FF07F4D1ADB2002D59D0347C03F0B4FDD2
:101A4000BDF82C300393BDF832300493BDF8343028
:101A50000593BDF83630BDF820B0BDF822A0BDF822
:101A60002490BDF82680BDF828E0BDF82AC0BDF856
:101A70002E6006931090BDF838300398BDF83050B2
:101A8000BDF83A10BDF83C200793ADF85000BDF802
:101A90003E30ADF844B0ADF846A0ADF84890ADF892
:101AA0004A80ADF84CE0ADF84EC0ADF852608DF80C
:101AB0005470ADF855500498ADF857000598ADF83E
:101AC00059000698ADF85B00ADF861200798ADF8B5
:101AD0006330DE222523CDE90032ADF85D00ADF89C
:101AE0005F10152310AA24212046FDF7EDFD1BB041
:101AF000BDE8F08F0826002038B5D0F89041007C72
:101B000023689D6DFEF71EFC103081B22046A84769
:101B100050EA010301D103F055FD4FF47A73A0FBA5
:101B2000030203FB012138BD08B503F04BFD4FF460
:101B30007A72A0FB020302FB0131034B1B78C01831
:101B400041F1000108BD00BFD0230020F0B5CF78DF
:101B50008BB0102F4FF0100628BF10270D463246CD
:101B60000021044602A811F03FFF3A4605F10C019E
:101B700002A811F0EFFEDDE90223134321D1207CFE
:101B8000FDF724FD0546207CFEF7DCFB83199D4212
:101B900005D2207C0BB0BDE8F040FDF779B82046B7
:101BA000FFF7AAFFDDE90423CDE908232223CDE9CD
:101BB0000601CDE90063207C334606AA6F21FDF7BC
:101BC00083FD0BB0F0BD000010B586B00446FFF7F2
:101BD000ABFF00220023CDE9022310232222C4E917
:101BE0000E01CDE90401CDE90032207C02AA6F216B
:101BF000FDF76AFD06B010BD2DE9F04FD7B08A465B
:101C0000044603F0D1FC039003F0D4FC0DF11C0852
:101C100006460027D4F89001A8F80A700368DFF898
:101C20001C915B69DFF818B1984783B20493049B59
:101C3000BDB2AB4230D9D4F8900103689B69984794
:101C4000D4F8BC32C1B2002B47D10A46CDF800808F
:101C50000DAB04F5B67104F14800FDF71DFB01283A
:101C600059D1DBF800500F9BEA6AC3F31723D387DF
:101C700023680DAA9B68414620469847227C002392
:101C800009F80230C4F8C062EA6AD38703F08CFC1A
:101C9000039BC01A50453CD903F08CFC236CB4F86C
:101CA0004420C31A9342054614D9224B207C1B784A
:101CB000C340DB070ED4E37A63B9FDF787FC064621
:101CC000207CFEF73FFB00F110039E422CD2207CCB
:101CD000FCF7DEFF57B0BDE8F08FD4F8C022B21A8F
:101CE000B2F57A6FB1D9227C1348059150F82220C1
:101CF000D4F8B8029847059928B1237CC4F8C46287
:101D0000012209F80320D4F8C432F31AB3F57A6F2C
:101D10009BD801378BE76423B5FBF3F203FB125525
:101D2000ADB2002DF5D1B1E72046FFF74DFF256498
:101D3000D0E700BFF55C0020345C00202C5C002064
:101D40000826002090F80E330BB9FFF755BF7047F7
:101D500010B50368CC79DB689847844205D1034B02
:101D60001C6803F027FCC4F8AC0110BD1C5D00200A
:101D70008A7A4B7A43EA0223CA7A43EA0243332B34
:101D80000DD8252B1AD9263B0D2B17D8DFE803F0E9
:101D90000A0C16161610121416161616160E492BC5
:101DA00002D07047FEF7E0BFFFF720BAFEF770BF22
:101DB000FEF74CBFFEF786BFFEF7A6BF70470000D8
:101DC00008B50A4B0A699A4205D006200849F0F77F
:101DD000E5FC042008BD074B1B68D86A03689B6AB2
:101DE0009847012894BF00200420F3E73C700400CA
:101DF00060FE03080826002010B591ED000AF7EEFA
:101E0000000A0446F3F740FC38B1D4F8743243F0CA
:101E10000803C4F87432002010BD0420FCE7000061
:101E200091ED007AD1ED017ABCEEC77A82B0FCEE7A
:101E3000E77A8DED017A17EE902A9DF8041002B032
:101E4000FFF79ABCD1ED007AFCEEE77A08B517EE01
:101E5000902A47F6C3639A420AD1064B1B68D86A98
:101E600003689B6D984700280CBF0320002008BD25
:101E70000220FCE708260020C9280BD8B2280FD979
:101E8000B33880B20123834006481840003818BF99
:101E9000012070474AF2FB73C31A584258417047F9
:101EA000002070470120410070B50D461446002106
:101EB000242220461E4611F097FDAB7FA377EB7FCF
:101EC000E37784F82060AB8BA3832B6823606B6877
:101ED0006360AB68A360EB68E360A88BFFF7CCFF9F
:101EE000D5ED047AF4EE677AF1EE10FA1BD618B14C
:101EF0009FED107A67EE877AFDEEE77AC4ED047AFB
:101F0000D5ED057AF4EE677AF1EE10FA0ED618B137
:101F10009FED087A67EE877AFDEEE77AC4ED057AE1
:101F2000AB69A36170BDDFED047AE7E7DFED027A0C
:101F3000F4E700BF8096184B00000000F0B517468C
:101F40008A8B8BB00446032510460E468DF803504D
:101F5000FFF792FF80B9236801AAD3F8BC509DF81F
:101F6000033031462046A84723683A465B6D01A9F5
:101F7000204698470BB0F0BD23680DF10301D3F85C
:101F8000C030204698470028E5D12846F2E70000F7
:101F900070B5CE788CB0212E28BF21260C46054680
:101FA0002122002103A811F01FFD324604F10C018B
:101FB00003A811F0CFFC0D4BBDF828201E68F36A72
:101FC00003A9A3F8402028462246FFF7B7FF237A4B
:101FD00000930246E379BDF82810287CFEF716FD31
:101FE000F36A0022A3F840200CB070BD0826002040
:101FF00073B5F7EE000A91ED000A06460D46144649
:10200000F3F742FB10B9032002B070BD95ED010A51
:10201000F7EE000AF3F738FB0028F4D0337C009386
:10202000237AE279022140F20E20FFF7C3F9044639
:1020300038B104F0E1FC04F0DBFC20B9206004209E
:10204000E2E70120E0E70520DEE70000D1ED007ABD
:10205000FCEEE77A10B517EE904A14F0FF040AD0B0
:10206000012C12D10A4B1B68586A03681B6D9847F4
:102070000024204610BD064B1B68586A0368DB6CC1
:102080009847002808BF0424F3E70224F1E700BFC3
:102090000826002070B5CE788CB0232E28BF2326CA
:1020A0000C4605462322002103A811F09DFC324670
:1020B00004F10C0103A811F04DFC0E4BBDF82820D3
:1020C0001E68F36AA3F840202B68224603A95B6DC3
:1020D00028469847237A00930246E379BDF82810F2
:1020E000287CFEF793FCF36A0022A3F840200CB092
:1020F00070BD00BF082600201FB50F4B047C1B6875
:10210000186903689B689847DFED0C7A20EE270A70
:102110001522BCEEC00AA52110EE103AADF80C3025
:1021200000238DF80E300323CDE90032204603AAA8
:10213000FDF7CAFA04B010BD0826002000007A445A
:1021400030B51C4C0546206803688FB0DB699847A2
:1021500068B305AB04AA03A92068FCF77DFDFCF772
:1021600081F90468FCF77EF9039B0693049B82883F
:102170000793059B08934FF6FF710023CDE90931C2
:10218000ADF82C30ADF83230FF23ADF834208DF8A7
:1021900036307C221F23CDE90032ADF82E40287C5A
:1021A000240C06AA0121ADF83040FDF78DFA0FB0DE
:1021B00030BD00BF1C5D00207FB50368067C5B6CF2
:1021C00004469847236805469B6C2046984702239F
:1021D0008222CDE900328DF80D0003AAF5213046A8
:1021E0008DF80C50FDF770FA04B070BD38B50A4692
:1021F0000546502900F24181DFE811F05D0006013B
:10220000BE0074001B014301FB003F013F01C800F9
:10221000CE00CE00CE00D000DB00E60088009400A7
:102220003F013F017E003F01430143014301510053
:102230003F013F013F016A003F013F0143013F0170
:102240003F013F013F013F013F013F013F013F018E
:102250003F013F013F013F013F013F013F013F017E
:102260003F01110130013F013F014301AC00B500C6
:102270003F013F013F013F013F013F013F013F015E
:10228000250132013F013F013F013F013D013F0177
:102290003F013F01A1003F013F013F01F000192133
:1022A000FCF708FD044610B90024204638BD284636
:1022B000FDF76CFEF9E70921FCF7FCFC0446002859
:1022C000F2D003F077F968602846FFF70BFBECE7E4
:1022D0000321FCF7EFFC04460028E5D02846FFF771
:1022E0000BFFE2E70821FCF7E5FC04460028DBD001
:1022F0002846FEF743FCD8E70C21FCF7DBFC04463C
:102300000028D1D02846FFF7D5F8CEE73421FCF7D6
:10231000D1FC04460028C7D0F6F7EAFE297CF6F780
:102320002BFEC2E72321FCF7C5FC04460028BBD0E6
:10233000F6F7DEFE297C0022F6F7E0FBB5E7252163
:10234000FCF7B8FC04460028AED02B68DB6A2846B0
:102350009847AAE73321FCF7ADFC04460028A3D038
:102360002B681B6BF3E73321FCF7A4FC0446002821
:102370009AD02B685B6BEAE70621FCF79BFC0446CE
:10238000002891D02846FEF71BFC8EE71D21284629
:10239000BDE83840FCF78EBC1821F8E71021FCF7A7
:1023A00089FC044600283FF47FAF2846FFF71AF95E
:1023B0007BE71021FCF77EFC044600283FF474AF55
:1023C0002846FFF715F970E71021FCF773FC044667
:1023D00000283FF469AF2B681B6AB8E70C21FCF7B3
:1023E00069FC044600283FF45FAF2846FFF706F972
:1023F0005BE72521FCF75EFC044600283FF454AF60
:102400002846FFF7EFFA50E71F21FCF753FC04467C
:1024100000283FF449AF2846FFF792FE45E7212107
:10242000FCF748FC044600283FF43EAF2B68DB690C
:102430008DE71A21FCF73EFC044600283FF434AF38
:102440002B689B6983E70221FCF734FC04460028D3
:102450003FF42AAF2846FFF7AFFE26E7202196E794
:102460004E21FCF727FC044600283FF41DAF284608
:10247000FFF7B8F919E72A2189E703490720F0F7A0
:102480008DF9012411E700BF70FE0308436933F999
:10249000110040B14FF47A7393FBF0F34EF66020D5
:1024A000834298BF98B27047F8B521B94FF47A7358
:1024B00013800120F8BD482902D141F28833F7E7A3
:1024C0000D4F00254FF00C0CECB20CFB047673683A
:1024D00083B1367A1E449E420AD013F801EB71454F
:1024E000F9D10C235C43395DFFF7D0FF1080E0E7A2
:1024F0000135E9E71846DDE7547B030873B5044668
:10250000D0F89001BDF818101D4603689B6D164663
:10251000984750EA010301D103F054F8CDE90001D6
:1025200032462B4604F53470FBF7BAFA4FF47A7250
:102530000023EEF7DBFB02B070BD000070B5CE7873
:1025400094B03C2E28BF3C2604460D463C22002178
:1025500005A811F049FA05F10C01324605A811F061
:10256000F9F9059A069B207C03920293FDF7EAFE97
:102570003C3080B2DDE9023200902046FFF7BEFF1A
:1025800023680246D3F8843005A92046984714B042
:1025900070BD000070B58A7A4B7A43EA0223CA7A8A
:1025A00043EA02436F2B05460C4600F0B78069D81A
:1025B0004D2B5FD8412B07D80B2B00F0B38021D8CF
:1025C000002B00F09E8070BD423B0B2BFBD801A27C
:1025D00052F823F069270208C7250208C725020818
:1025E000C7250208C7250208C7250208C725020813
:1025F0002D270208C72502084127020839270208AB
:102600000B270208172B07D003F180720AD8143A5F
:1026100022F07F42012AD6D821462846BDE87040E4
:10262000FDF738BD263A22F07F420D2ACBD8263B53
:102630000D2BC8D801A252F823F000BF2D270208A5
:102640002D2702082D2702082D270208C72502087A
:102650002D2702082D2702082D270208C72502086A
:102660002D270208C7250208C7250208C72502082A
:102670002D2702086D2B67D06E2BA4D1BDE87040CA
:1026800005F0BABBBA2B65D015D8952B7AD007D8F0
:102690007B2B19D07E2B96D1BDE8704006F048B850
:1026A000A62B51D0B72B8ED1D0F8743243F008034B
:1026B000C0F8743287E7B3F5817F50D014D8E92B86
:1026C0000AD8E72B7FF67FAFF6F712FD297C22466A
:1026D000BDE87040F6F7B4BBB3F5807F7FF473AF0D
:1026E000BDE87040FDF7A8BD42F6F822934211D034
:1026F00042F6FA2293427FF466AFBDE8704005F0DF
:1027000005BABDE87040FFF723BB0368BDE8704021
:102710001B6D1847BDE8704005F024B9BDE8704056
:10272000FFF714BABDE87040FFF744B821462846C9
:10273000BDE87040FFF71CBBBDE87040FFF728BC48
:10274000BDE87040FFF7A6BC21462846BDE87040B2
:10275000FEF702BDBDE87040084603F027BFBDE8A4
:102760007040084603F060BFD0F8900103689B6B8F
:102770009847C3043FF527AF21462846BDE870407F
:10278000FDF770B9BDE87040FFF7D8BE70B5104BCB
:10279000D6791B78B3420546144601D1012070BD9D
:1027A0000368DB6898478642F8D0A27A637A43EAE6
:1027B0000223E27A43EA0243A62BEFD06D2BEDD041
:1027C0002B6828461B69984780F00100C0B2E6E7F5
:1027D000D023002070B51546537A927A43EA02233B
:1027E000EA7A43EA0243A62B04460E4608D06D2B34
:1027F00006D0174A017C01238B4011780B431370DC
:10280000337B03F00303022B0DD1D4F8843193F909
:102810000630022B01D02B2B05D194F8783123F010
:10282000020384F878310B482A462146FDF7BAFEA8
:1028300060B12A4631462046FFF7A8FF30B1236831
:1028400029462046DB6DBDE87040184770BD00BFCB
:10285000F45C0020D95B002070B588B0044600F518
:10286000007141F69C2203A8F1F74AFF02F0A2FE94
:102870000546FBF70BF905AB019304AB009304F598
:10288000F27204F5FF7304F5F071FBF7ADF894F8FC
:10289000DC310646002835D0002B40F08280C4E9A8
:1028A0007A53049BC4F8F4310126059BC4F8F8312F
:1028B000D4F8E00184F8DC61C4F8F051F2F734F8A0
:1028C00084F8FC01D4F8E401F2F72EF8624984F8A8
:1028D000FD010620EFF762FF94F8DD316BB95F4B25
:1028E00084F8DD611B685E4A986A07920368069463
:1028F00008AA12E906005B6A984703A8F1F71CFFD3
:1029000008B070BD002BF8D00246014684F8DC0107
:10291000D4F8E001F1F7AAFF3246D4F8E4013146D9
:10292000F1F7A4FFD4F8F421049B9A4208D0D4F81C
:10293000E001F1F7E9FF0499D4F8E001F1F792FF23
:10294000D4F8F821059B9A4208D0D4F8E401F1F7B5
:10295000DBFF0599D4F8E401F1F784FFD4F8E00136
:1029600094F8FC51F1F7E0FF854206D0D4F8E0017D
:1029700094F8FC1103685B6C9847D4F8E40194F870
:10298000FD51F1F7D1FF854206D0D4F8E40194F867
:10299000FD1103685B6C984732490620EFF7FEFE95
:1029A000ABE794F8FE31002BA7D0D4F8F0014FF438
:1029B0007A722D1A53439D429FD900252A462946F3
:1029C000D4F8E00184F8DC51F1F750FF2A4629469B
:1029D000D4F8E401F1F74AFFFBF758F8FBF740F8A9
:1029E000D4F8F421049B9A4208D0D4F8E001F1F71E
:1029F0008BFF0499D4F8E001F1F734FFD4F8F82103
:102A0000059B9A4208D0D4F8E401F1F77DFF0599BF
:102A1000D4F8E401F1F726FFD4F8E00194F8FC5172
:102A2000F1F782FF854206D0D4F8E00194F8FC115A
:102A300003685B6C9847D4F8E40194F8FD51F1F712
:102A400073FF854206D0D4F8E40194F8FD110368C1
:102A50005B6C98470449A0E790FE03080826002015
:102A60002D2C0208A1FE0308B3FE030838B5044666
:102A7000002594F89030E9B28B4209D923682046AA
:102A80001B6998474FF47A71FFF75CF90135F0E75D
:102A90002046BDE83840FFF7DFBE0000F0B5044631
:102AA00095B000F5007141F6E52203A8F1F728FE84
:102AB00094F8DC31002B00F0B180D4F8E831BBB1E0
:102AC00002F078FDD4F8E831C01AB0F57A7FC0F092
:102AD000A5800023D4F8F411D4F8E001C4F8E8315B
:102AE000F1F7C0FED4F8F811D4F8E401F1F7BAFE1A
:102AF0004D4ED4F8E00132463146F1F7B7FE32468A
:102B00003146D4F8E401F1F7B1FED4F8E0010368EE
:102B10005B6F98470546D4F8E00103689B6F9847C0
:102B20000746EDB1D4F8F831AB420DD0D4F8E4014A
:102B3000C4F8F851F1F7E8FE0023D4F8E401009658
:102B40001A462946F1F7A2FE94F8FD31BB4207D0A0
:102B5000D4F8E40184F8FD71036839465B6C98474A
:102B6000D4F8E40103685B6F98470546D4F8E401A4
:102B700003689B6F98470746EDB1D4F8F431AB4238
:102B80000DD0D4F8E001C4F8F451F1F7BDFE0023F4
:102B9000D4F8E00100961A462946F1F777FE94F83A
:102BA000FC31BB4207D0D4F8E00184F8FC71036823
:102BB00039465B6C9847D4E9785003689B6A98471C
:102BC00040280246184B28BF4022284604A9F1F7A6
:102BD0007BFE05B2002D0ADD02F0ECFC124BC4F8BE
:102BE000F0012A46D4F8E40104A9F1F75DFED4E926
:102BF000780503689B6A9847402802460A4B28BF1D
:102C0000402204A92846F1F75FFE02B2002A05DD42
:102C1000054BD4F8E00104A9F1F746FE03A8F1F74B
:102C20008BFD15B0F0BD00BF9FAB5632FFF736BF2E
:102C30000B2910D8DFE801F00D0F0F060F0D060F5E
:102C40000F0F090901201060704703231360012052
:102C500070470023FAE7002070470000F7B50746E9
:102C6000888BFFF709F90D461646044648B3D1EDA7
:102C7000067AF4EE677AF1EE10FA25D69FED137A14
:102C8000F0EEE77AF4EEC77AF1EE10FA1CDC91F878
:102C9000201001AA3846FFF7CBFF044688B12B6904
:102CA000B3606B69F360D5ED067A9FED097A019AFE
:102CB00067EE877A3046FDEEE77A17EE901A02F05B
:102CC000A1FC204603B0F0BD0024FAE7001CA24797
:102CD0000000C84210B586B0044602A8019102F077
:102CE0008BFC019902AA2046FFF7B8FF38B1236890
:102CF00002A9D3F880302046984706B010BD0220C4
:102D0000FBE70000014B1868704700BF1C5D002006
:102D100010B5DFED160A91ED000A8AB00C46F2F705
:102D2000B3FCC0B10021124B1868FBF7EBFE202268
:102D3000002102A810F058FE40F62823ADF82030FC
:102D400023680C48019301AA24234C21FDF768FB5A
:102D500000200AB010BD94ED000AF7EE000AF2F769
:102D600093FC08B10121DEE70420F2E70000000037
:102D70001C5D0020D95B002038B505460068EDF7E2
:102D8000CDFF04466868EDF7C9FF0444A868EDF775
:102D9000C5FFA4B2204480B238BD00000023036008
:102DA00043608360704700002DE9F041224B0360CF
:102DB0004FF6FF750446058118300E46174601F0A0
:102DC000A5FD42F21073A4F844301222002104F54C
:102DD000D37010F009FE192384F8AC31482384F82D
:102DE000B85184F8B23104F5DE7504F51778284639
:102DF0001035FFF7D3FFA845F9D1FF2384F85C32E3
:102E000004F51870FFF7CAFF04F51B70FFF7C6FF43
:102E10000023C4E9AE3364224FF4FA7104F5347030
:102E2000FAF73AFE04F53C7002F0E6FBC4F8907144
:102E300066612046BDE8F081F8FE03082DE9F843FD
:102E4000FF2304460D4680F85C3200F5DE784FF033
:102E500000094FF6FF7640465FFA89F7FFF78CFFCF
:102E600090B141462046FEF713FAB8F80E30EA1A40
:102E700092B2904225BF5B1BC018002080B2B042C6
:102E80003CBF84F85C72064609F10109B9F10A0FEA
:102E900008F11008DFD194F85C22FF2A04F51870BD
:102EA0000DD04FF4DE7303EB0213E218E358C4F8BD
:102EB00060325368436093688360BDE8F883FFF72E
:102EC0006DFFFAE703687BB943687BB983687BB120
:102ED000022293FAA3F0002BB0FA80F008BF4FF063
:102EE000FF3000EB421070470022F2E70122F0E7CA
:102EF0004FF0FF307047000070B590F85C32FF2B48
:102F000004460E4601D1FF2070BD00EB0312B2F85B
:102F1000CA514D1B02F5DE71FEF7BAF9ADB2A842F7
:102F2000F1D804F51870FFF7CDFF431C04D13146EA
:102F30002046FFF783FFE6E7C0B2E5E7502938B542
:102F400005460C460CD86209012304F01F0403FA5D
:102F500004F455F8223023EA040345F8223038BD42
:102F6000FDF74AFD0028EED1F9E7000037B5044629
:102F700000EB011000F5DE700D461146CDE90002B0
:102F8000FFF7DCFF0098FFF7F7FE019918B904EB93
:102F90000513C3F8C80194F85C329D4211D104F5C1
:102FA00018700090FFF7CAFF0098FFF7E5FE40B9E0
:102FB00002F002FB0146204603B0BDE83040FFF7B7
:102FC0003DBF03B030BD0000502938B505460C4662
:102FD0000CD86309012155F8233004F01F0401FACD
:102FE00004F41C4214BF0846002038BDFDF704FD60
:102FF0000028EED1F9E700002DE9F0410646FEF782
:1030000065F9431C154608D0062404FB0060B0F89F
:10301000A83113800120BDE8F08106F5DE78002498
:103020008FB239464046FFF7CFFF28B106EB0414B4
:10303000B4F8C8312B80EEE701340A2C08F11008EF
:10304000EFD1E8E7F7B504460E46FCF7DBFC074690
:10305000207CFDF777F90546207CFDF773F90544E0
:103060001035AF4230D3D6ED007AFCEEE77A17EE9A
:10307000901AB1F5803F8EB207D3207C00223146F2
:10308000FDF70EFC042003B0F0BD2046FEF7E0F88B
:1030900051280146F1D000250DF106022046ADF879
:1030A0000650FFF7A9FF0346207C53B1BDF8063058
:1030B0003BB14FF47A725A433146FDF7F1FB0020E1
:1030C000E1E74FF0FF32F7E70120DCE7502938B5A0
:1030D00005460C460BD86209012304F01F0403FACD
:1030E00004F455F82230234345F8223038BDFDF76B
:1030F00083FC0028EFD1F9E719292DE9F74F0446A1
:103100008846164605D1B2B1B2F57A7F28BF4FF492
:103110007A7641462046FEF7D9F8421C05460CD087
:10312000062000FB0544A4F8A86102F045FAA4F8C3
:10313000AA01012075E06426EBE704F5DE7207467C
:1031400081464FF0000B4FF6FF7A1FFA88F1938902
:1031500073BB7B1C01D14FFA8BF70BF1010BBBF159
:103160000A0F02F11002F2D1681C37D1002EE0D014
:10317000B9F1FF3F52D0BAF1000F55D14FF4DE73D1
:10318000102515FB0935661941463046FFF79EFFAD
:1031900094F85C32FF2BCCD184F85C926359C4F86C
:1031A00060327368C4F86432B368C4F86832C0E748
:1031B000104601910092FFF707FFDDE9002108B1F9
:1031C0004FFA8BF593899B1B002BB8BF5B429BB2D8
:1031D00053453CBF4FFA8BF99A46BEE72EB942469B
:1031E00029462046FFF7C2FEA3E7BAF1000F01D13E
:1031F000A9459ED0294642462046FFF7B7FE791CD6
:1032000020D110204FF4DE7310FB05302044FFF76F
:10321000B3FDB0B1B9F1FF3FB0D101E07A1C11D1DB
:10322000002003B0BDE8F08F7B1CA7D03DB204EBBB
:103230000515B946A5F8C86102F0BEF9A5F8CA019E
:103240009CE72F46BAF1000F98D0EFE713B504467C
:103250000192FDF7FDFF5128014606D0019A204654
:1032600002B0BDE81040FFF747BF002002B010BD1C
:1032700030B585B005461446FDF7EAFF51280146F2
:103280002CD0ACB901900DF10E022846FFF70CF9D5
:10329000019910B90023ADF80E30BDF80E20284674
:1032A000FFF72AFF00280CBF0420002005B030BD26
:1032B000631CEFD0002C11DBB4F57A7F01DA012317
:1032C000E9E7074B9C4202DD4EF66023E3E74FF44B
:1032D0007A7294FBF2F4ADF80E40DEE70220E5E7E7
:1032E00000879303D1ED027A9FED0C7AF0EEE77A36
:1032F000F4EEC77AF1EE10FA0DD591ED017AD1ED29
:10330000007ABDEEC77AFCEEE77A17EE102A17EEC8
:10331000901AFFF7ADBF0220704700BF00000034D5
:10332000F8B504460F4800220C25D3B26B43C718EA
:103330007E68AEB1C35C8B4202F10102F5D120463A
:10334000FFF7A4F8002506463A7AEBB29A4207D96D
:1033500079683246C95C2046FFF7CEFE0135F3E7B7
:10336000F8BD00BF547B030873B50E4D00240C2636
:10337000E3B27343EA18013452682AB1E95C019060
:10338000FFF7CEFF0198F3E7C17A31B94FF47A72B3
:1033900002B0BDE87040FFF759BF41F28832EB211F
:1033A000F6E700BF547B03082DE9F34790F8783225
:1033B000044623B9FFF7D8FF012384F87832FEF7DB
:1033C00037F802F0F7F8DFF80CA1074686B204F5EB
:1033D0001B7804F5187902F0EDF8C01B042868D8B2
:1033E000DAF80000FBF752FC002862D13146204693
:1033F000FDF782FF421C1AD0062505FB004520463A
:1034000095F8A611FEF7C0FA002852D0B5F8A81119
:10341000B5F8AA310B449BB2F21A92B28A4288BF25
:103420003346A5F8AA31FF2384F8B831D3E74046E4
:10343000FFF748FD431C0AD0C1B220460191FEF7B8
:10344000A3FA0199A8B34046FFF778FDC3E73146D8
:103450002046FFF751FDFF2805462AD001462046A9
:10346000FEF792FA28B34846A9B2FFF767FD48462F
:10347000FFF782FC0028AED194F85C1204EB011136
:1034800001F5DE712046FDF703FF94F85C2204EBA2
:103490000212B2F8CA3103449BB2F11A89B28142D6
:1034A00088BF3346A2F8CA3131462046FFF7C6FC32
:1034B00091E794F8722194F80033B4F8021384F879
:1034C0000023D31A51FA83F3A4F8023302B0BDE803
:1034D000F08700BF1C5D002038B504460D4609B1D9
:1034E000482911D10020FCF7FDFE94F85C32094A0E
:1034F000217CFF2B4FF0010303FA01F3117814BF75
:103500000B4321EA03031370294604F51B70FFF7F0
:10351000DDFD38BDF65C002070B504460E46002582
:1035200094F89030E9B28B4208D9236820461B6991
:1035300098473146FFF7D0FF0135F1E770BD000035
:1035400010B5D1ED007AFCEEE77A044617EE901A3A
:10355000FDF77EFE5128014604D02046FFF7BCFF50
:10356000002010BD0420FCE730B58B8BB3F5027F43
:1035700085B004460D4644D8B3F5FF7F09D2C92B68
:1035800072D032D8B92B64D020D8B02B67D00320AA
:1035900029E0A3F5FF730A2BF9D801A252F823F012
:1035A000CD360208C3360208D73602088F35020826
:1035B0008F3502088F3502088F3502088F350208D3
:1035C0008F3502088F350208B9360208C32B4BD05D
:1035D000C52BDCD1684602F00FF823686946D3F8A2
:1035E00080302046984705B030BDF52B4DD0F62BE6
:1035F0005AD0F12BCBD103685B6F05B0BDE83040EA
:1036000018474AF2BC55AB4235D010D840F62824B2
:10361000A34219D041F2B444A34248D040F20E2450
:10362000A342B4D105B0BDE83040FEF7E1BC4AF298
:103630009A62934224D04AF2CC629342A7D105B059
:10364000BDE83040FEF7FEBB05B0BDE83040FFF7F7
:103650005FBB03689B6E05B0BDE83040184705B0FE
:10366000BDE83040FEF7DCBB2946204605B0BDE88A
:103670003040FFF72FBB0368DB6E98470020B2E7AE
:1036800005B0BDE83040FEF79BBB91ED000AF0EEBF
:10369000000AF1F7F9FF18B3F2F70CFC114A042104
:1036A0002046FDF789FBE9E703681B6EA5E705B037
:1036B000BDE83040FEF7CABC05B0BDE83040FEF7BB
:1036C0009BBB05B0BDE83040FFF70CBE05B0BDE8C0
:1036D0003040FFF7B7BC05B0BDE83040FFF730BF62
:1036E000022080E7C8FE0308C3888B420BD90389F8
:1036F000194483880068B1FBF3F203FB12113A23EB
:1037000003FB0100704700207047000010B5C3881C
:103710005BB1028981880132013BB2FBF1F401FB0C
:1037200014220281C380012010BD1846FCE700006E
:103730002DE9F04F8046007C4C4B4FF0010995B0CD
:1037400009FA00F91F685FFA89F30293FCF7FAFDA2
:10375000363083B20393002507F5D87AB7F8B6312F
:103760009D4221DA98F81000FCF7E2F84FF423624A
:10377000014605A8F0F7C4FF4046FCF743F9039B58
:1037800098420ED3AEB231465046FFF7ADFF044625
:1037900068B9FAF767FE40F637224FF48011FAF75E
:1037A0004DFE05A8F0F7C8FF15B0BDE8F08F90F802
:1037B0003830029A1A4255D00178B0F8332090F888
:1037C000353098F810B08DF81810ADF84B20411C2A
:1037D00032220DF119008DF84D30FDF7A1F8362396
:1037E0005322CDE90032FD21332306AA5846FBF7C8
:1037F0006BFF94F8383023EA090384F838308BBB28
:10380000B7F8B6319E4204D2013B9D4205D1A7F8DC
:10381000B65105A8F0F790FFA0E71EB95046FFF794
:1038200075FFF6E7B7F8B631013B9E4217DA741C14
:10383000A4B221465046FFF757FF31468346504613
:10384000FFF752FF5B460BF1380253F8041B40F8B8
:10385000041B9342F9D11B8803802646E2E7A7F8B0
:10386000B631D6E70135EDB2D3E700BF1C5D0020CD
:103870002DE9F041044601F09DFE636AC31AB3F5D9
:103880007A7F28D3606201F097FE0026054641F258
:103890008837B4F80680B8F1000F1CD0002120460C
:1038A000FFF722FF48B9FAF7DDFDBDE8F04140F629
:1038B00011224FF48011FAF7C1BDC38EEB1A9BB2EF
:1038C000BB4208D9B8F1010F01D1E680E1E72046FB
:1038D000FFF71CFFDDE7BDE8F081000037B50446C7
:1038E00000F5DE7140F6F31201A8F0F709FFB4F815
:1038F000B63123B901A8F0F71FFF03B030BD94F82B
:10390000185294F89030AB4209D9236829461B69B4
:10391000204698470135FFF70BFFEDB2F1E7002590
:1039200094F81832E9B28B4207D9236820461B6904
:103930009847FFF7FDFE0135F2E704F5D870FFF771
:1039400097FFD7E770B590F8D8210123044680F897
:10395000D9310AB980F8D8311B4E032556F8040B2B
:1039600008B105F0F5FA013DF8D194F8186294F821
:103970009030B34209D9236831461B6920469847E5
:103980000136FFF711FDF6B2F1E794F81832E9B20B
:103990008B4207D9236820461B699847FFF704FD2F
:1039A0000135F2E72046FFF799FF94F8183294F8B2
:1039B00090200133DBB29A4284F818329CBF002376
:1039C00084F8183270BD00BF505B00202DE9F04133
:1039D000A0B0044617460E462F22002105A898469F
:1039E000049110F001F840F68C1204F5DE7103A882
:1039F000F0F786FE5E48CDF80080006804F1A80567
:103A00003B4640F20112C06A2946F0F7E7FF2B4619
:103A100004AA04F1D80C18685968174603C708337C
:103A200063453A46F7D11B883B803A22002111A812
:103A30000FF0DAFF94F8D931002B00F08E80204689
:103A4000FBF728F88DF87C009DF87C209DF89830D5
:103A500013408DF87C30002B6BD001F0ADFDADF83C
:103A60007A0028468DF84460EDF7DCFB322809D94E
:103A7000404A138801339BB2002B76D01380138801
:103A8000ADF87730002728468DF87970EDF7CAFB3E
:103A90003228064628BF3226062F8046B6B202D10B
:103AA000322828BF3126322200210DF145000FF0C7
:103AB0009BFF324629460DF145000FF04BFFB4F84D
:103AC000B421B4F8B6319A4203D104F5D870FFF7A7
:103AD0001DFEB4F8B421B4F8B6118A421FD0B4F870
:103AE000B8310B44B3FBF2F102FB1132D4F8B03120
:103AF0003A210DF1440C01FB02330DF17C0E6246BC
:103B000003CA724518605960944603F10803F6D160
:103B100012881A80B4F8B6310133A4F8B631B8F17E
:103B2000310F354405D9BDF8773013B10137072F70
:103B3000A9D103A8F0F700FE0F4B186810B104A933
:103B400002F064FD23682046DB69984710B92046DF
:103B5000FFF7C4FE20B0BDE8F08194F89020012367
:103B60009340013B8DF87C306EE7012386E700BF70
:103B700008260020205D0020688B0020014B642275
:103B80001A737047F85C002090F8301029B90123AF
:103B900080F83030183000F085BE7047FFF7F4BF72
:103BA000002070470E20704700F5805090F8F0001C
:103BB000C0F340007047000000F5885070470000D7
:103BC00000F5805090F9F8007047000000F5805033
:103BD000C0F8F410012070472DE9F3470C68BDF8D8
:103BE000288014F0005407460D4696469C4640F047
:103BF0008F800E7B082E00F28B8000F58059D9F85B
:103C000000610136C9F80061302686F31188C66B61
:103C1000D6F808A01AF0806F17D1B468240113D425
:103C2000B46814F080546FD1D9F808510135C9F83F
:103C30000851D9F80C51002D68D1CDF80080F0F76B
:103C400063FC84F311885CE001242B6804F1180202
:103C5000002B4FEA0212BABFDB0043F004035B05FE
:103C6000B3502B6813F0804F23B218BF06EB03113B
:103C700006EB03131EBFD1F8802142F00202C1F807
:103C800080212A7BC3F8842106EB0416AA68C6F8B3
:103C90008C216A68C6F88821D3F8802142F001029D
:103CA000C3F8802141F2900107EB44120A4401EB72
:103CB00044113944C2E900EC63012A46083105F198
:103CC0000C0052F8044B41F8044B8242F9D13B44BA
:103CD00012880A8003F5805308F0030293F8AC10B1
:103CE00021F00B010A4383F8AC20002383F31188F1
:103CF000CDF800807246634629463846F0F704FC4A
:103D0000012002B0BDE8F08702249EE7204698E734
:103D10004FF0FF30F5E700002DE9F04F90F8383014
:103D2000032B40F098800E2A00F29580002900F0C5
:103D30009480302383F31188C46BD4F8003243F0AD
:103D40000103C4F80032C46BD4F8003223F47C536E
:103D5000C4F80032C46BD4F8003243F46063C4F892
:103D60000032C36B3E4CC3F81442C46B0023C4F84A
:103D70000432C46B6FF07845C4F80C5200F58054DF
:103D800094F8F8509D4218BF0E25DAB9C36B05F1BF
:103D9000480143F83120C36B03EBC1035A60C26B87
:103DA000012303FA05F5C2F81C52C26BD2F80032A7
:103DB00023F00103C2F80032002383F311880120AD
:103DC000BDE8F08F4FF0010801F10409EF189A42A5
:103DD000D0F83CA008FA07FE36DD51F833B059F8A8
:103DE00033C0BBF1000F02DBBCF1000F27DB4FEA51
:103DF000CB044FEACC0644F004041BF0804F07F1DB
:103E0000480718BF44F002044AF83740C46BBCF1BD
:103E1000000FB8BF46F0040604EBC7041CF0804F47
:103E200018BF46F002066660C66BD6F81C424EEA22
:103E30000404C6F81C4201330E2BC7D1B5E74FEA84
:103E40004B544FEA4C56D8E7DAF81C4224EA0E04E9
:103E5000CAF81C42EFE70020B2E70846B0E700BF0F
:103E6000AAAAAA0A13B500F580540191D4F88400D7
:103E7000F0F7A4FE1F280BD90199D4F88400202262
:103E8000F0F712FFA0F120035842584102B010BDD4
:103E90000020FBE708B5302383F3118800F580503C
:103EA000D0F88400F0F75EFE002383F3118808BD8C
:103EB00000220260828142608260704710B5002259
:103EC0000023C0E900230023044603810C30FFF7E0
:103ED000EFFF204610BD00002DE9F04300F58057AC
:103EE0000D4697F8F03013F0040FC3F3800108BFBC
:103EF000114661F3820387F8F03000EB451303F5B8
:103F00008553083389B01B79D907DDE91089044648
:103F10004FEA45163BD5002A3BD0180739D404EBAD
:103F200045156846FFF7CAFF05F58453183303AA01
:103F300005F58555186859689446ACE803000833C0
:103F4000AB426246F6D11868CCF800009B88ACF80A
:103F500004300123ADF808302368CDE900899B6C5B
:103F6000694620469847A31903F5855308331A7903
:103F700011070ED442F008021A71D7F80C3104F57B
:103F800089540133C7F80C31C4E9028901E0002AE1
:103F9000E9D109B0BDE8F0832DE9F0479A4688B031
:103FA000074688469146302383F3118807F58054ED
:103FB0006846FFF783FFD4F88400F0F7E5FD1F287B
:103FC0002BD9D4F8840020226946F0F7EFFE202890
:103FD00023D103AD444605AB2E4603CE9E4220605E
:103FE0006160354604F10804F6D130682060B3887A
:103FF000A380DDE90023C9E90023BDF80830AAF851
:104000000030002383F3118853464A464146384620
:1040100008B0BDE8F047F0F71FBA002080F3118820
:1040200008B0BDE8F08700002DE9F84F2B4B04469F
:1040300040F8043B0F4600F069FC1822002104F10F
:104040001C000FF0D1FC2046254B40F8403BFFF709
:104050002FFF04F15000FFF731FF04F1700804F561
:1040600083554646103530462036FFF727FFAE42CF
:10407000F9D104F580554FF480534FF00009C5E99C
:104080001D39C5F870800123C5F8846004F588588F
:1040900004F58556C5F87C9085F8803085F8883021
:1040A000103608F110084FF0000A4FF0000B46E9F7
:1040B00008ABA6F11800FFF7FBFE203646F8289C57
:1040C0004645F4D185F8F87017B1064801F046FA74
:1040D000054BE3632046BDE8F88F00BF90800308DE
:1040E00080010408580104080064004010B5044B26
:1040F000197804464A1C1A70FFF796FF204610BD37
:10410000285D00202DE9F047002950D0294B2A4F87
:10411000B7FBF1F599428CBF0A231123581EB5FB5A
:10412000F3FC03FB1C53C4B22BB102280346F5D8A1
:104130000020BDE8F0870CF1FF36B6F5806FF7D2AE
:10414000C4EBC40E0EF103034FEAE309C3F3C70344
:10415000A4EB030809F1010A4FF47A755FFA88F0BD
:1041600009FB05555AFA88F8B5FBF8F5B5F5617FF6
:10417000C1BF0EF1FF33C3F3C703E01AC0B25C1C2A
:1041800050FA84F40CFB04F4B7FBF4F4A142CFD151
:10419000013BDBB20F2BCBD80138C0B20728C7D800
:1041A0000021107116809170D3700120C1E708467C
:1041B000BFE700BF3F420F0040787D0170B5054664
:1041C0000E464FF47A74EB6B5B6803F00103B34265
:1041D00007D04FF47A700CF0EDFB013CF3D1204690
:1041E00070BD0120FCE70000F0B5C26B936913F0CD
:1041F000700F1ED000230F4E936141F2A80500F509
:10420000805400EB43122A4411794F070ED58907D9
:104210000CD5C16B56F823708F60117941F0040101
:104220001171D4F814210132C4F814210133032B85
:10423000E7D1F0BD6C01040873B51D46C36B16468B
:104240009A68D207044609D59A6801219960C2F399
:104250004002CDE900650021FFF73EFEE36B9A685E
:10426000D1050BD59A684FF480719960C2F3402252
:10427000CDE9006501212046FFF72EFEE36B9A6829
:10428000D2030BD59A684FF480319960C2F3404253
:10429000CDE9006502212046FFF71EFE04F580539C
:1042A000D3F8F40038B1D3F830210132C3F830210B
:1042B00003681B699847204602B0BDE87040FFF7CD
:1042C00093BF0000F8B50446C66B002940F08D800E
:1042D00006F10C073868850700F090803868C00642
:1042E00041BF04F58055D5F820010130C5F8200103
:1042F00006EB011506EB0111D5F8B00110F0040F23
:10430000D5F8B0011ABFC00840F00040400D20644D
:10431000D5F8B0C11CF0020F1CBF40F080402064F3
:10432000D5F8B40100F00F0084F84C00D1F8B801C2
:1043300084F84400D1F8B801000A84F84500D1F8A7
:10434000B801000C84F84600D1F8B801000E84F8DA
:104350004700D1F8BC0184F84800D1F8BC01000A3C
:1043600084F84900D1F8BC01000C84F84A00D1F867
:10437000BC11090E84F84B103821396004F15C003F
:1043800004F1400104F14C0551F8046B40F8046B52
:10439000A942F9D109880180C4E9142321460023E8
:1043A000A4F8583051F8503B20469B6C984704F5D0
:1043B0008053E8B1D3F818210132C3F8182193F8DB
:1043C000F020D3F8F40042F0040283F8F02038B172
:1043D000D3F830210132C3F8302103681B699847B4
:1043E0002046BDE8F840FFF7FFBE06F1100771E771
:1043F000D3F81C210132C3F81C21E0E7F8BD00000E
:1044000010B5044601F0DEF802460B4652EA0301FD
:1044100002D0013A63F100030449086820B1214643
:10442000BDE81040FFF74EBF10BD00BF245D002067
:104430002DE9F041302181F31188DFF85C8000F52F
:1044400084511031002441F2A80E00F5805C00EB8D
:10445000441575442E79770713D4F60611D5D1E9A2
:10446000007697429E410CD2C66B58F82470B76014
:104470002E7946F004062E71DCF810510135CCF887
:1044800010510134032C01F12001E0D1002383F30A
:104490001188BDE8F08100BF6C01040808B5302325
:1044A00083F31188FFF7A0FE002383F3118808BD72
:1044B0002DE9F041C36B0546986800F0E050B0F17B
:1044C000E05F0F4623D000B3302383F3118805F556
:1044D00084541834002641F2A80805EB46134344DF
:1044E0001B791A0706D50136032E04F12004F4D1F6
:1044F000012007E05B07F6D421463846F0F760F864
:104500000028F0D1002383F31188BDE8F081012059
:10451000FBE7000008B5302383F3118800F58050D5
:10452000D0F88400F0F730FB002383F311884309AF
:104530000CBF0120002008BDF8B51D4600231370F4
:104540000F4606461446FFF7E5FF80F0010038707D
:1045500025B129463046FFF7ABFF2070F8BD0000BB
:104560002DE9B8410C4615461F46804601F02AF851
:104570000B462178024609B9287850B14046FFF72A
:1045800057FFFFF78BFF3B462A462146FFF7D4FF34
:104590000120BDE8B881000070B5302686F311888F
:1045A000174B1A6C42F000721A641A6A42F00072D9
:1045B0001A621A6A22F000721A62002383F31188C9
:1045C00000F5805494F8F03013F0010516D1A9B12C
:1045D00086F31188032113200AF05CFE03211420C6
:1045E0000AF058FE032115200AF054FE94F8F0302A
:1045F00043F0010384F8F03085F3118870BD00BFEB
:10460000003802402DE9F04700F5805588B095F854
:10461000F830012B04468846164600F28A80864F01
:1046200057F8232042B947F8230000F033FC95F8EF
:10463000F83000EB8300C463D7F800A0C4F83480DE
:1046400084F83860BAF1000F65D095F8F830012B86
:1046500071D001212046FFF79FFF302383F311889B
:10466000E26B136823F002031360E26B136843F0FC
:1046700001031360E36B00275F6187F31188012159
:104680002046FFF79BFD002800F09680D5F88400B7
:10469000F0F768FA04F58459BA4609F110092022A6
:1046A000002168460FF0A0F902A8FFF701FCCDF841
:1046B00018A06A4609EB07030DF1180E9446BCE8F2
:1046C0000300F44518605960624603F10803F5D110
:1046D000DCF80000186020379CF804201A71602F65
:1046E000DDD195F8F0306FF38203002785F8F030C4
:1046F0006A4641462046ADF80070ADF802708DF86C
:104700000470FFF7FFFCE36B48BB4FF400421A60F4
:1047100008B0BDE8F08741F23810EFF75DFE814642
:1047200010B15146FFF780FCC7F80090B9F1000FB7
:104730008BD10020ECE7386803689B6B98470146F3
:10474000002886D13868FFF727FF386803683246AB
:104750005B684146984700287FF47BAFE9E7612218
:104760001A609DF802309DF803201B06120402F423
:10477000702203F040731343BDF80020C2F3090216
:1047800013439DF804201205022E02F4E0020CBF30
:104790004FF0004100211343E26B0B43D361E36B05
:1047A00013225A61E26B136823F001031360394648
:1047B0002046FFF703FD08B9E36BA6E795F8F8304C
:1047C00093BBE16BD1F8002242F00102C1F8002254
:1047D000E16BD1F8002222F47C5222F00E02C1F8E3
:1047E0000022E16BD1F8002242F46062C1F800229D
:1047F000E26BC2F81432E26BC2F80432E26B41F6AB
:10480000FF71C2F80C12E26BC2F84032E26BC2F8E0
:104810004432E36B0122C3F81C22E26BD2F800326F
:1048200023F00103C2F8003295F8F03043F00203A0
:1048300085F8F0306CE700BF245D002008B500F07B
:10484000C1FE50EA0103024602D0421E61F100019E
:10485000044B186810B10B46FFF7EEFCBDE80840AA
:1048600008F07CBE245D002008B50020FFF7C8FDDD
:10487000BDE8084008F072BE08B50120FFF7C0FD92
:10488000BDE8084008F06ABE036800211B681847AD
:1048900008B504300BF0F6FD012008BD04300BF024
:1048A000E7BD00002DE9F84306460D4621B9043066
:1048B0000BF0BCFD012424E003685B6898470028E6
:1048C000F8D100F07FFE104B8846D3F800904FF4EB
:1048D0007A7107464D43D9F828000368C8219B68C0
:1048E0009847336830465B68984704460028E1D112
:1048F00000F068FEC01B61EB0801A84271F10003E3
:10490000E9D32046BDE8F8830826002010B5044B03
:10491000044640F8043B0BF047FD204610BD00BFA5
:10492000D4010408034BC068DB68C31A58425841DD
:10493000704700BF98B200200CB430B585B008AC09
:104940000A46074954F8043B0D6800940146E86A9A
:104950000394F0F743F805B0BDE8304002B070476B
:104960000826002013B5054C0093246813460A4618
:104970000146E06AF0F732F802B010BD08260020C8
:104980002DE9F341134601920E460A4600210746DF
:104990000846FFF7E7FF041E019B05DC4FF0FF34DC
:1049A000204602B0BDE8F08104F101080121404633
:1049B00001930CF0D1FC05460028EFD0019B324654
:1049C0004146FFF7CFFF3D60EAE700000EB403B5B4
:1049D00003AA52F8041B0192FFF7D2FF02B05DF860
:1049E00004EB03B0704700000A460146014808F096
:1049F00003BE00BFB0AD00200FB407B5054B04A93E
:104A00001B6851F8040B0191984703B05DF804EB63
:104A100004B07047D42300207047000070470000A6
:104A2000002070470020704713B56C4684E80600EC
:104A300000F1140394E8030083E8050002B010BD00
:104A40000020704713B56C4684E8060000F10C03A3
:104A500094E8030083E8050002B010BD0023C0E91C
:104A60000333704782B002AB03E9060002B070471F
:104A7000704700000020704770470000002070471A
:104A800000207047704700000020704700207047EA
:104A900082B002A901E90C0002B070477047000023
:104AA00000207047704700007047000001207047E9
:104AB00001207047012070472830704782B002A95A
:104AC000002001E90C0002B07047000070470000B0
:104AD00070470000704700007047000008460CF067
:104AE00007BB000008460CF0CDBB000073B51E46A6
:104AF0000C461546011D102201A8EFF701FE3246B3
:104B0000294620460CF048FB044601A8EFF714FEA6
:104B1000204602B070BD000013B50D220C46011DE9
:104B200001A8EFF7EDFD20460CF0FAFA044601A8C3
:104B3000EFF702FE204602B010BD00000CF0D6BA1E
:104B400008460CF0CDBA000008460CF0A7BA0000E9
:104B500010B5064B044640F8843BEFF7C5FF04F15F
:104B60007000EFF7C1FF204610BD00BF3C130408E2
:104B700010B4BDF8044001945DF8044B00F0FCBB98
:104B800010B4BDF8044001945DF8044B00F09EBBE6
:104B900000F0B6BB00F0E6BB10B504463020EFF7DE
:104BA0001BFC70B10023C0E90333C0E90533037176
:104BB000037A022262F302030372034B0360034B86
:104BC00083622060204610BD78020408D0050408E6
:104BD00010B5044B03600446406A08B1EFF708FCC7
:104BE000204610BD0002040810B50446FFF7F0FF90
:104BF0002046EFF7F9FB204610BD000010B51D4B15
:104C0000036000210446017100F5005090B080223D
:104C100008300EF0E9FE04F502500830FFF776FE8A
:104C200002200CF05DFA144B0A94CDE90B34134BBF
:104C3000CDE90D34124B0F9310A9024611E9030080
:104C400005AB83E80300DDE90C0103AB83E8030057
:104C5000DDE90A0101AB83E803000A4B009304F588
:104C60000250234604F10801343001F08FF8204649
:104C700010B010BDB4030408814B0208914B020828
:104C8000954B0208714B02081B4A1C491C4B10B57E
:104C900002611C4A42611C4A826102641B4A4264EE
:104CA0001B4A82641B4AC161C2641B491B4A0162E0
:104CB00002651B491B4A416242651B491B4A03604E
:104CC000816282651A4B1B491B4A4360C162C265FF
:104CD0001A4B1B491B4A8360016300231A49026671
:104CE0001A4AC360044641634266C36300F034FC61
:104CF000174B2360204610BD388600202C5D002015
:104D0000540204084C640020285F0020B06000209A
:104D1000386200204C620020385D00206062002074
:104D20002C5E0020E863002040850020FC6300200A
:104D300038850020585E0020106400203C8500204B
:104D4000D823002024640020A45D002038640020C3
:104D50001403040808B5302383F31188074B1B683C
:104D60009A68996B8A4201D0824200D29860986317
:104D70000BF0B8FC002383F3118808BDA05D002070
:104D80007FB51C4606F05CF91022002102A80EF047
:104D90002BFE324E3248334D01A94FF4614301934B
:104DA0000AF0D0FC304BF2681A60B4202C600BF093
:104DB000E9FD06F097FD0CF0CFFB2C4B1C684FF47F
:104DC000E131206CEFF74EFD206903681B689847BE
:104DD000A06A03681B6898470A20FFF7BBFF0CF026
:104DE000CDFC40B1224813210CF0D8FC20494C22C4
:104DF00088180EF0AFFD1F4B286801229A730368D4
:104E00001B6898471C4B1B6813B11B6ADB0701D555
:104E10000CF080FCE06A03685B68984738B1F9F7EA
:104E200021FB40F21B124FF40061F9F707FB114818
:104E300004F034FEA06A0F4C03681B6B9847F368BC
:104E40000E4ADA61B4200BF09DFD286803685B68A8
:104E50009847204604F022FEF7E700BF98B20020F2
:104E6000B0AD0020C05D0020A05D0020082600201D
:104E70005C5E00204085002050860020EC01040884
:104E8000014B1868704700BFA05D002000487047C4
:104E9000C45D002000487047C45D002070B5454ED9
:104EA000454C464D0021304605F04AFA3046444E06
:104EB000224629460DF0D4F90121304605F040FA8A
:104EC0002246294630460DF0CBF93E4E3E4800F0D2
:104ED000D5FE3E4800F0D2FE0421304605F030FAFF
:104EE0002946224630460DF0BBF93948394D00F0CD
:104EF000C5FE394800F0C2FE384800F0BFFE384811
:104F000000F0BCFE374800F0B9FE374804F070F9F5
:104F1000364B374A1A60374800F0F8FD2846FFF74D
:104F20006DFE224634492846344D0DF099F9344837
:104F300007F020F82846334B40F8043B2422002198
:104F40000EF052FD05F13400FFF7E0FC4FF0FF33A7
:104F50002D49EB64224628460DF082F92B4B2C4D4F
:104F600030221A714FF47A72DA804FF4FA621A81A1
:104F7000284A1A60284604F031FD2749224628466F
:104F80000DF06EF9254D264B002283F89C20284613
:104F9000244A1A60244B40F8043BFFF7B7FC224632
:104FA000284622490DF05CF9BDE870402048FFF723
:104FB0006BBE00BF285F00203C860020514B0208DA
:104FC000B060002060620020386200204C62002047
:104FD000E86300204C640020FC6300201064002083
:104FE0002464002038640020388500203C8500209F
:104FF000D802040838860020CD4A0208385D002017
:105000002C5D002054100408D14A02082C5E0020B8
:1050100040850020F4040408D54A0208A45D00205D
:10502000585E00208C150408F0020408D94A0208D2
:10503000C45D002070470000037933B108304FF49D
:105040000053086013600120704718467047000045
:1050500000F50250343001F07BB8000010B5044672
:10506000007958B104F5005400F0A4FAD4F8B03037
:10507000C01AB0F5FA6F2CBF0020012010BD00004F
:1050800008B5F9F7EFF996224FF40031F9F7D6F9A0
:10509000002008BDF8B50646F2B1CC0801390A4433
:1050A000C2F3CC050127A54216D3B4F5806F0ED20A
:1050B000630906EB830303F5005304F01F029968AC
:1050C00007FA02F20A439A600134A4B2EBE7FFF751
:1050D000D7FF0028ECD1F7E7F8BD000000F500533A
:1050E000022110B503220446A3F8A8100648FFF7D2
:1050F00083FC04F50250343001F066F810B903481F
:1051000000F02CFA10BD00BF180304083E03040889
:1051100010B50179044679B900F5005080220830B5
:105120000EF062FC2046FFF7D9FF022121710348EF
:10513000BDE81040FFF760BC10BD00BF5C03040871
:10514000B3F5005FF8B507460E4614461D460DD868
:10515000C3F500539A4209D80834FFF7D9FF2A460D
:1051600039193046BDE8F8400EF0F4BBF8BD000038
:10517000B3F5005F2DE9F34105460E4690461C4607
:1051800023D8C3F5005399421FD801F108070744FB
:105190002246394640460EF0CDFBB0B12846FFF717
:1051A000B7FF05F50251F122083101A8EFF7A8FA7F
:1051B0002246414638460EF0CDFB2846A2B2314683
:1051C000FFF768FF01A8EFF7B7FA02B0BDE8F0817A
:1051D00037B505460C4601A80121EFF777FAE10043
:1051E00005F5025089B20822343000F0D7FE04469B
:1051F00001A8EFF777FA204603B030BD2DE9F74F4D
:105200000379044643B300F5005300F50256083312
:10521000083653F8042B42B9B342FAD100F0CAF968
:1052200004F50054C4F8B00016E00025012204F58E
:105230000051C5F34A134FEA830901EB830305F0DC
:105240001F079B6802FA07F71F421FFA85FA06D16B
:105250000135B5F5806FECD103B0BDE8F08FED00FE
:105260004FF488723146083501A8EFF749FA42F247
:10527000A0026359A35004EB050B04EB0208DBF812
:105280000430C8F8043001A8EFF756FA2379022B4E
:10529000E2D151462046FFF79BFF0028DCD04FF4B7
:1052A0009C72314601A8EFF72BFA08225946404676
:1052B0000EF040FB30B94C4404F50054A36823EAD7
:1052C0000703A36001A8EFF737FAC5E738B51C4616
:1052D0000A4B1B6815465A6B00F50053B3F8A8003B
:1052E000136801441B6810469847BDF81020411907
:1052F00020460EF02FFB012038BD00BF08260020FD
:105300002DE9F743DFF8589006460F4605244FF481
:105310007A7101A8EFF7DAF9D9F8008006F50053A1
:10532000D8F83400B3F8A81003683944DB6898470C
:10533000054630B101A8EFF7D5F9284603B0BDE81E
:10534000F083D8F82800036801215B689847013C86
:1053500001A8EFF7C7F914F0FF04D8D1EDE700BFBB
:1053600008260020034B1B68DB6A93F89C0080F042
:1053700001007047082600202DE9F04F2DED028B2B
:1053800008EE103A2C4BD3F80090044604F5005375
:10539000D9F834000F46B3F8A810036885B01B682D
:1053A000BDF840B0394490469847052500EB080AFF
:1053B000012103A8EFF78AF9D9F83400036818EE41
:1053C000102A1E6951465B46B047064640B103A805
:1053D000EFF788F9304605B0BDEC028BBDE8F08FE1
:1053E000D9F82800036801215B689847013D03A8AC
:1053F000EFF778F915F0FF05DAD12046FFF7B2FF95
:105400000028E7D000F0D6F804F5005241F28831C8
:10541000D2F8AC30C31A8B42DCD9C2F8AC0004F528
:105420000250343000F0BEFE5B46009042463946E2
:105430000248FFF7E1FACDE7082600207C030408C4
:1054400070B51D46164B1B6813B11B6ADB0725D5CB
:10545000144B1E68F46A94F84630C3B9124BA4F892
:105460004400DB6884F84610E26163B19A6884F80E
:105470004720D96939B194F9483023B9042204F19D
:10548000480000F0A1F8094B5B68C4E90835F06AF0
:105490001321BDE8704004300CF07AB970BD00BF34
:1054A000508600200826002098B2002000ED00E081
:1054B00000B59BB0EFF30981682268460EF04AFA06
:1054C000EFF30581074BC9B29A6BD86A986A986A5C
:1054D000986A986A986A9B6A059B7B20FFF7B0FFE1
:1054E000FEE700BF00ED00E000B59BB0EFF30981DF
:1054F000682268460EF02EFAEFF30581064BC9B21A
:105500009A6B986A986A986A986A986A9B6A059BE7
:10551000BF20FFF795FFFEE700ED00E000B59BB070
:10552000EFF30981682268460EF014FAEFF3058163
:10553000064BC9B25A6B986A986A986A986A9B6ACD
:10554000059BE320FFF77CFFFEE700BF00ED00E0D6
:10555000FEE70000FEE70000704700000FB407B54B
:1055600004AC54F8046BF8F77DFF4FF4A5722021CA
:10557000F8F764FF214630460194FFF735FA094BEE
:105580001D68A86A03689B6842F21071984721461B
:1055900030460194FFF728FAA86A03684FF4FA71BD
:1055A0005B68F3E708260020014B586A704700BF8C
:1055B000000C00400BF038BF08B50BF035FF80B28F
:1055C00008BD00000BF014BFF8B50D4607461146A4
:1055D000284616460EF0F4FE864204468CBF421C56
:1055E0000246294638460EF0B5F92046F8BD0000BF
:1055F000102200210EF0F8B910B50446FFF7F8FFAD
:10560000204610BD0378416023F00D03022A037089
:1056100008D0032A0AD0012A03D1DBB243F00103E8
:1056200003707047037843F00803F9E7037823F029
:10563000050343F00503F3E70148FFF7D9BF00BFB7
:105640004086002070B50446406A0D46164620B1DB
:10565000EEF7CEFE0023A383A37705EB4500EEF71C
:10566000C1FE606228B100232577E67784F82030F8
:10567000012070BD81727047F0B4446A0E46114635
:105680007CB1457F224600275FFA87FC65450DD92E
:1056900092F801C08C4506D192F800C0B44502D101
:1056A0009370F0BC704701370332EDE7027FAA42E6
:1056B00004D182680A48F0BCFFF79EB905EB4505A6
:1056C0006655457F05EB450525446970427F02EB31
:1056D00042021444A370437F01334377E1E700BFE4
:1056E000D003040813460A460021FFF7C5BF000097
:1056F000F0B587B004460E468DF80F208DF81410D3
:105700008DF815200BB1FFF7EDFF22680023009301
:10571000156905A902222046A847A76905463FB199
:1057200030B10123606900930DF10F023146B84793
:10573000284607B0F0BD00002DE9FF4198460379E7
:105740000B438DF80F300368CDF800801D691746B4
:1057500013460E4601220DF10F010446A8470546E7
:10576000606908B9A3693BB135B100230093A4690E
:1057700043463A463146A047284604B0BDE8F0818A
:10578000F7B5437F04460BB901201CE090F82030A8
:10579000C27F0133DBB29A4280F82030F4D8002374
:1057A000857F476A80F82030036905EB45057E193F
:1057B0005BB1795DC068984738B97B5BA4F821304C
:1057C000B37884F8233003B0F0BD717801230DF174
:1057D00006022046FFF7B0FF68B1B2789DF80630A8
:1057E0009A4208D1A37F627F0133B3FBF2F102FB3F
:1057F0001133A377C8E70DF1070271780123204622
:10580000FFF79AFFB27818B19DF807309A42E9D0B5
:10581000002371782046FFF76BFF7B5BA4F82130F3
:105820009DF8063084F823300020CCE7F7B50669F0
:10583000154604461A46DDE908374EB9216808972F
:105840000E6920462946B44603B0BDE8F0406047E3
:10585000C068CDE90023B047DDE900230028EDD181
:1058600003B0F0BD1FB5047922438DF80F20069ACE
:10587000CDE9003201230DF10F02FFF7D7FF04B08D
:1058800010BD00007FB59DF820608DF80C20044607
:105890000D468DF80D300EB1FFF7EEFE0023CDE979
:1058A000003303AA022329462046FFF7BFFF04B0B6
:1058B00070BD00000171704713B500F0070040EAA9
:1058C000C100002401948DF804008DF805208DF8A6
:1058D0000630019802B010BD82B001908DF806101C
:1058E000019802B0704700002DE9F74F10EE103A12
:1058F000009210EE102A072928BF0721C3F31604CF
:105900004FEAD37812024FEAD35307460E4603F00C
:10591000FE0340F1AC800133DBB2FF2B02D044F434
:10592000000402E094BB48F00408DA0859495A48D8
:1059300011F90290594951F8225003F00703A4FBD2
:105940000554C3F10F021133B2F1200104FA03F33D
:1059500025FA02F558BF44FA01F145EA03054FF074
:10596000000B58BF0D43144145F6F321CDF804B0A8
:105970004FF0300A2A1A64EB0103002B1DDB0AF1F9
:10598000010A4FFA8AFA15461C46F3E748F0080860
:10599000CBE70123C9E70123019350EA01030AD1B0
:1059A000634630201946013B0A78013252B23A2A46
:1059B00050D00A703BE09346DAE700230A22EBF767
:1059C00045F9019BD3B9BAF1300F06D109F1FF397E
:1059D0004FFA89F92A462346D5E7009B63B3009A1C
:1059E00009F101035BB2013A012BACBFD2180132BD
:1059F00002F0FF039E42009328BF1E460BF10103F5
:105A0000BAF1390FDAB257FA83FC18DC964207F87C
:105A100002A0C0D80A22A0FB0206400840EAC670D5
:105A2000281A02FB016164EB61010029B8DA87F8EA
:105A300000800FFA89F02AE00136F6B2DEE7A2EB29
:105A40000B0039213844CDF800C00DF0CDFFDDF852
:105A500000C0A5E7BB4208D1312309F101090B7051
:105A60004FFA89F948F01008E1E758709AE7002BDF
:105A70007FF455AF002C8CD1384648F00208721CD8
:105A800000F8018BD2B230210DF0AEFF204603B0FA
:105A9000BDE8F08F8C04040800407A100C04040860
:105AA0009FED010A704700BF000000000020704712
:105AB000002070470368DB681847000090ED010A7A
:105AC00070470000D0ED017AB1EE040A67EE807AEB
:105AD0009FED020A27EE800A704700BF0000803A5F
:105AE0000120704770470000B1EE040A70470000C3
:105AF00008B50820EEF770FC18B1024B0360024BAA
:105B0000436008BDB40404087B148E3F014B03605E
:105B1000704700BFD40404087047000070470000BD
:105B20000020704770470000704700007047000079
:105B300003689B6B184700000368DB6B1847000085
:105B40007047000000207047704700000020704739
:105B50009FED010A704700BF0000C8420020704757
:105B600000207047002070477047000000207047F9
:105B70000020704700207047704700007047000009
:105B80007047000000230B60012070470020704721
:105B90000020704770470000704700007047000009
:105BA00070470000704700007047000000207047F9
:105BB00070470000002070477047000070470000E9
:105BC0000020704700207047002070477047000099
:105BD00000207047704700007047000070470000C9
:105BE0007047000070470000322070477047000087
:105BF0000F299CBF00EB4100428170470F299ABFDB
:105C000000EB410040894FF461707047102A0B4649
:105C100028BF102200F10A01520018460DF09ABE6A
:105C200003790BB1002202711846704703685B6864
:105C30001847000003791BB9012303711846704708
:105C4000002070477047000010B50446EEF7CCFB0B
:105C5000204610BD704700007047000000207047CC
:105C600000207047012070471046704700207047A1
:105C70000846014906F098BAE8050408014B03609C
:105C8000704700BFF805040810B5074C0A4491425C
:105C900008D011F8013B4340DBB254F8233083EACB
:105CA0001020F4E710BD00BF9C08040830B5094D72
:105CB0000A4491420DD011F8013B5840082340F3AB
:105CC0000004013B2C4013F0FF0384EA5000F6D19E
:105CD000EFE730BD2083B8ED10B5084C0144884291
:105CE00009D010F8013B83EA122334F8133083EA19
:105CF000022292B2F3E7104610BD00BF9C060408D2
:105D000030B50F4D0446014400208C4216D014F8E3
:105D1000013B83EA1043DBB21B0408225B0013F053
:105D2000807F02F1FF3218BF6B4012F0FF02F5D105
:105D3000020222F07F4282EA0300E6E730BD00BFA4
:105D4000FB4C860190ED000AD0ED010A08B5B1EEDA
:105D5000400A0CF0FDFADFED027A30EE270A08BDAA
:105D6000DB0FC93FD0ED017A90ED007A67EEA77A9C
:105D7000E7EE077AF5EE407AF1EE10FA02D4B1EED2
:105D8000E70A7047B0EE670A0CF082BB82B010B52C
:105D9000044602A8C4E9001240F8043F03C804F115
:105DA000080383E80300DDE9050104F1100383E83B
:105DB0000300DDE9070104F1180383E80300DDE9CE
:105DC000090104F1200383E803002046BDE81040E8
:105DD00002B0704710B50A4492B2914208D00468EC
:105DE0004B1C615C9BB209B1002010BD1946F4E761
:105DF0000120FAE70378FF2B06D0FE2B06D0FC2B00
:105E000014BF042003207047012070470220704710
:105E100010B4BDF804400194D0E90004A4465DF834
:105E2000044B60472DE9F043054685B089460424BC
:105E300000F110074FF002086B68023BA3423BD908
:105E4000CDF8008003AB224649463846FFF7E0FF15
:105E500040B19DF80C3003F00303012B08D0032B55
:105E600002D063B1002000E0EC6205B0BDE8F08331
:105E70009DF80D305B0904EBC3040A34DCE7BDF880
:105E80000C309DF80D20C3F38A035209DB00013268
:105E90009BB2D60003EBC202B2F5005FE2DC2A68D7
:105EA000009613444946A21C3846FFF7B1FF00286C
:105EB000D8D002363444BFE7EC620120D5E70000B9
:105EC00010B4BDF804400194D0E90004A4465DF884
:105ED000044B6047F0B5026B87B004466AB990F88E
:105EE0002850039285F001050426009605AB29464B
:105EF0001030FFF78DFF039A08B900202DE0059BB5
:105F0000174923F0FF038B4203D0012384F8343078
:105F1000F3E705A8FFF76EFF0128F6D1114B0593B3
:105F200004F1080794F82810009605AB3846039250
:105F3000FFF7C6FF0028E0D00B4B0593039A0096AD
:105F400005AB29463846FFF7BBFF0028D5D04FF4F4
:105F50000553C4E90B6384F8285007B0F0BD00BFB7
:105F6000005B6851FC5B6851FE5B68517FB504467D
:105F7000D0E906030D461646984758B156B1064B70
:105F8000039304230093002203AB294604F1080085
:105F9000FFF796FF04B070BDFF5B68512DE9F04735
:105FA00090F8343094B005460F461646002B3FD18A
:105FB0004FF00108002E7BD06B68EA6A9A1A2B6BAF
:105FC0003F2E03F1420394BF344640249A42E4B288
:105FD00032D39DF80C3068F301038DF80C30BDF816
:105FE0000C30C7F3CA01073461F38C03C4F3C40453
:105FF000ADF80C30621EA946C3F3072362F34713C2
:106000008DF80D3059F8083BE40003EBC10122463E
:106010000DF10E004FF0020A0DF09CFCEA6A95F8B3
:106020002810CDF800A003AB4846FFF749FF98B908
:10603000002014B0BDE8F0872846FFF74BFF00288A
:10604000C7D1D5E9080398470028F1D0284600F0C9
:1060500069F80028BDD1EBE7EA6A95F828100094AA
:106060000DF10E0302324846FFF72AFF0028DFD069
:106070009DF80C30EA6A95F82810CDF800A06FF36F
:1060800001038DF80C30484603ABFFF719FF0028D9
:10609000CED0EB6A02332344EB6207F00703E41A25
:1060A000E4B2B442C5DC2744341BBFB2A6B281E7D8
:1060B0000120BEE737B505464FF40054402C224678
:1060C000C4F50051A8BF402289B292B22846CDE95A
:1060D0000012FFF77FFEDDE9001218B1403CEDD160
:1060E000012004E02846FFF759FF0028F6D103B04D
:1060F00030BD0000002310B580F83430036304463F
:10610000FFF7D8FF60B194F82810012251402046D3
:10611000FFF72CFF20B12046BDE81040FFF7DABEA4
:10612000002010BD38B590F83550044645B1F8F759
:1061300099F991224FF40011F8F780F9002038BD49
:10614000012380F83530FFF7D5FF84F83550F6E7A6
:106150007FB50025042680F8345080F82850C662A8
:106160002A4629460446FFF701FF10B9002004B073
:1061700070BD94F82820013A18BF01220121204661
:10618000FFF7F4FE0028F1D0054B039394F8281094
:10619000009603AB2A4604F10800FFF791FEE6E7FC
:1061A000FE5B685110B50446D0E90803984740B13A
:1061B0002046FFF7CDFF20B12046BDE81040FFF795
:1061C00079BF002010BD00002DE9F04F074687B0D1
:1061D00005464FF4005257F8100BDFF81CB10021B0
:1061E0000DF002FC0DF1100A0026D14604230093A5
:1061F0000022534631463846FFF70AFED046044691
:1062000030B90024204607B0BDE8F08F0126EDE745
:106210004046FFF7EFFD0138D8F80020C0B2022851
:106220000AF1040A22F0FF0201D85A4504D0284698
:10623000FFF78EFF0446E5E7002EE7D04846FFF75C
:10624000D9FD07468DF80C0005A8FFF7D3FD87425E
:1062500080468DF80D0003D1012FE8D1002608E01B
:10626000032FFBD0032804D0022FF7D0831E5E42F9
:106270005E4106AB334413F80C9CA9F10203012BD9
:1062800005D831462846FFF7CDFD0028CFD086F04F
:10629000010106AB0B4413F80C3C023B012B04D864
:1062A0002846FFF7BFFD0028C1D00023B9F1030F36
:1062B00085F834302B6315D0032F06D1012200213D
:1062C0002846FFF753FE00289BD0B8F1030F06D1F4
:1062D000012211462846FFF749FE002891D00023ED
:1062E0002B638FE786F0010685F828602846FFF7C4
:1062F000E1FE0028E0D19AE7005B685190ED3C0A8E
:10630000DFED057AB0EEC07AB4EEE77AF1EE10FA7E
:1063100048BF90ED3D0A70470000003438B5D0F812
:10632000A43004460D465BB1FFF744F9D4F8A4301D
:10633000C01A42F20F73984202D894ED280A38BD71
:10634000242101FB054494ED0A0ADFED057AB4EE41
:10635000E70AF1EE10FA58BFB0EE670AEFE700BFA8
:1063600000000C422DE9F0470446FFF723F9D4F86A
:10637000F86042F21073861B9E4288BFC4F8F80092
:106380004FF000084FF0240942F2107A237C5FFAA4
:1063900088F5AB421DD9022D11D809FB054797F8A6
:1063A000393063B197ED0D0AD7ED097AD4ED250A9E
:1063B00030EE270A204605F093FF87ED0C0A56457C
:1063C00004D909FB05403030F1F788FA08F10108DB
:1063D000DCE7617C2046FFF7A1FF84ED3D0ABDE8C4
:1063E000F0870000014B1868704700BF54860020FA
:1063F000704700000346C06A012807D0032805D073
:10640000186B012802D0032818BF02207047000033
:1064100000207047012908D80C2303FB010090F9E4
:106420001C00003818BF0120704700207047000092
:1064300070B50446FFF7EEFF50B104EB8104D4F8C9
:10644000B40028B10368BDE870401B6911461847C5
:10645000002070BD10B50246FFF7DCFF60B13C23A1
:1064600003FB012393F84D0030B102EB8102D2F817
:10647000B400003818BF012010BD000010B5002185
:106480000446FFF7C7FF18B12046FFF7E3FF50B1FE
:1064900001212046FFF7BEFF30B12046FFF7DAFFAB
:1064A000002818BF084610BD0846FCE710B5024694
:1064B0000C46FFF7AFFF28B13C2101FB042292ED0F
:1064C0000E0A10BDBFEE000AFBE7000010B5024641
:1064D0000C46FFF79FFF28B13C2101FB042292EDFF
:1064E0000F0A10BD9FED010AFBE700BF000000008E
:1064F000014B1868704700BF588600200020704785
:1065000008B50B4B1B688BB11422002109480DF014
:106510006BFA002308491A4641F8332001339D2BBA
:10652000FAD1064B1A60064B01221A7008BD00BF53
:106530007C860020688600208086002064860020FB
:106540006086002010B5074B1B7804460BB9FFF797
:10655000D7FFA3B29C2B95BF034B044B53F83400D9
:10656000186810BD608600208086002064860020A8
:1065700010B50446FFF7C2FF01300BD0064B186878
:1065800038B1012202FA04F3C268134214BF012099
:10659000002010BD0120FCE75C8600200248142288
:1065A00000210DF021BA00BF68860020F8B5094E21
:1065B000094F054600243278E3B29A4208D957F8C9
:1065C000230018B1036829461B6998470134F2E794
:1065D000F8BD00BF6C8B0020708B0020F8B5094E11
:1065E000094F054600243278E3B29A4208D957F899
:1065F000230018B1036829465B6998470134F2E724
:10660000F8BD00BF6C8B0020708B002010B53222CB
:1066100004460F300DF0C0FE002384F84130FEF731
:10662000C9FF606410BD000030B5C578D5B0E82D55
:1066300028BFE8250446E82200211AA80DF0D4F965
:106640002A4604F10C0100251AA80DF083F9294609
:10665000602202A801950DF0C7F91E220DF16A0112
:1066600001A80DF099FE01A8EAF7DCFDC821044657
:1066700022A80DF0A5FEC4F16302C0B2824201ABB4
:1066800028BF024622A918190DF064F901A88DF857
:106690006750FFF7A3FF55B030BD000070B50C6820
:1066A000114D94F900302F2B08BF01340E460622FD
:1066B0000E4920460DF05CFE88B10D4904222046AB
:1066C0000DF056FE70B904220220A3183360A256C2
:1066D0002F2A04BF0133336005EBC00070BD0622D2
:1066E0000120F2E72846F9E7A80C04089C0C0408EE
:1066F000A30C04080B680548B3F5407F3FBF1A0A96
:10670000DBB20B6000EBC200704700BFA80C0408AE
:1067100030B585B0CDE9022103A90193FFF7BEFF93
:10672000044640680168DDE901320D680399A84715
:10673000011E09DBFF290ADD606803685B68984772
:106740000DF0F2F8222303604FF0FF3005E004481B
:10675000201AC0F3C70001EB002005B030BD00BF18
:10676000A80C040807B5019101A9FFF7C3FF406811
:10677000019903685B68984703B05DF804FB00006B
:106780001FB5CDE9022103A90193FFF7B3FF4068CC
:106790000168DDE901328C680399A04704B010BD9F
:1067A0001FB5CDE9022103A90193FFF7A3FF4068BC
:1067B0000168DDE90132CC680399A04704B010BD3F
:1067C0001FB5CDE9022103A90193FFF793FF4068AC
:1067D0000168DDE901324C690399A04704B010BD9E
:1067E00007B5CDE9002101A9FFF758FF406803680C
:1067F000DDE900219B69984703B05DF804FB0000C8
:1068000007B5019101A9FFF749FF406801990368A5
:10681000DB69984703B05DF804FB000007B5019100
:1068200001A9FFF73BFF4068019903681B6A98477D
:1068300003B05DF804FB000007B5CDE9002101A914
:10684000FFF72CFF40680368DDE900211B6B9847C8
:1068500003B05DF804FB000073B5019191F900509D
:10686000044608462DB1EAF7DDFC012821D12F2D81
:106870001FD10023237084F80131012384F80031F3
:1068800001A92046FFF70AFF05460820EDF7A4FD01
:10689000044658B16868019903685B6A98470646E0
:1068A000606048B92046EDF79FFD3446204602B0AF
:1068B00070BDFF232370E3E702482D1AED10257009
:1068C000F4E700BFA80C04082DE9F84305460029A9
:1068D0003FD00B78204E496806EBC3035868036825
:1068E0009B6A9847044680B9DFF870806F1C2B784C
:1068F000022B2ED856F83390B9F1000F08D100249E
:106900002B7801332B70002CF1D02046BDE8F883A2
:1069100099F90020402AF2D106EBC303414658689A
:1069200003685B6A984701460028E8D02B7806EB9D
:10693000C3033C4658680368DB6A9847FF22494610
:106940003846FEF741FE95F80131013385F80131F3
:10695000D6E70024D9E700BFA80C04087681030815
:1069600038B50C4671B10A78084B496803EBC2038D
:1069700058680368DB6A984705462046EDF734FD02
:10698000284638BD4FF0FF35FAE700BFA80C0408D1
:10699000F0B50024146091B01746234622460646FF
:1069A000FFF7B6FE421C054620D040236A46294622
:1069B0003046FFF7E5FE431C044606D12946304623
:1069C000FFF7D0FE002011B0F0BD3F28D4BF024633
:1069D000402238686946FFF757F9002C3860E4DC3C
:1069E00029463046FFF7BEFE0120ECE72046EAE7E5
:1069F000002070470020704700487047888B0020B7
:106A0000034B044A1A60044B044A1A60704700BFE3
:106A1000C08C0020E40C04088C8C0020140E0408A8
:106A2000002070474FF0FF30704700004FF0FF30FC
:106A30007047000000207047002070474FF0FF3083
:106A4000704700004FF0FF30704700000020002129
:106A500070470000002000217047000000207047B0
:106A600001207047704700000020704700207047E9
:106A70000329F7B506460D4617461C4604D81823C9
:106A800003FB01031A793AB90CF04EFF09230360A6
:106A90004FF0FF3003B0F0BDD3F818C0BCF1000FC9
:106AA000F2D0D96846F21B72ADF80020C1B11822AD
:106AB00002FB05629069D36882682344934227D819
:106AC000182303FB05652246AB691868EB68394655
:106AD00018440CF03FFFEB682344EB602046D9E7F5
:106AE000052CE4D93868009080B2B7F804E0DCF8EF
:106AF0000830ADF804E09042D9D1BDF804209A42A4
:106B0000D5D9D21A604605F083FB0028CFD1BFE764
:106B10009A1A002105F07CFB0028D1D1B8E70000CB
:106B2000032938B504D8182404FB0104257935B9A4
:106B30000CF0FAFE092303604FF0FF3038BD012B43
:106B400008D0022B09D003B9E260182303FB01002F
:106B5000C068F3E7E3681A44F6E70CF0E5FE162395
:106B6000E9E700002DE9F04F2DED028B8FB054685E
:106B70001F4600238A4615468DF83430ACB9148779
:106B80000DF11B0107AA2846F1F704F8BAF8042012
:106B9000A3B29A42804612D9013400B307AA0DF17C
:106BA0001B012846F1F720F8F0E7138F0133138714
:106BB0000DF11B0107AA2846F1F716F88046BAF82E
:106BC0000630B8F1000F0AD0ABB12A8F9A4212D327
:106BD000002630460FB0BDEC028BBDE8F08FBAF84E
:106BE0000660002EF4D12C8FF1F72AF88442EFD002
:106BF000F0F7A2FEEDE70123009309AA1023404617
:106C00002946EFF7A5FD05F1080308EE103AE81D47
:106C100009AB0022D1B29B46059113F9014B10F943
:106C2000011FA14202D101320029F3D15846EAF7EF
:106C3000F9FA10F0FF03049307D1059B013BDBB287
:106C4000059301230BF1FF3B04939AF80130039362
:106C500063B19DF81B104046F0F718F8DDED070A08
:106C6000EEF712FD80F00100C3B203939DF81B0004
:106C7000EFF7C6FB049B03F10209039B002B14BF33
:106C80000646002650FA89F2164401280446F6B258
:106C900015D96D68BAF8022006353544B5FBF2F116
:106CA00002FB11555DB1854209D2451BEDB2384654
:106CB0002A4600210CF098FE2E442F44F6B2039B86
:106CC0009DF81B5045EA0312049B3A705A1E059B1F
:106CD00043EA02127A705946049AB81C0CF03AFE44
:106CE0002246414607EB09000CF034FE039BB3B18A
:106CF000013D042D13D8DFE805F01803181F1F000D
:106D0000DDED077AFDEEE77A17EE903AADF8203028
:106D100004EB0900224608A938440CF01BFE18EECB
:106D2000100A09A90DF0FAFA53E7DDED077AFDEE36
:106D3000E77ACDED087AEBE704EB0900224607A9D4
:106D4000EAE700002DE9F04F064689B00F461C46E1
:106D5000154642B93C22294618460CF045FE012052
:106D600009B0BDE8F08F5B68934204D93C22002152
:106D700020460CF039FE94F81990B9F1000F1AD0A2
:106D8000D4F804A0A5EB0A08C84528BFC8465FFA96
:106D900088FBD94508D008F11A01A9EB0802214463
:106DA00004F11A000CF006FEA9EB0B0908EB0A032C
:106DB00084F81990636004F11A086368AB421BD031
:106DC000A5EB030A22466B4639463046FFF7CAFE5A
:106DD00090B18245D14628BF8146824508D2A0EBBA
:106DE0000A03DAB262760DEB090140460CF0B2FDFF
:106DF00063684B446360E0E76068431B5842584156
:106E0000AEE700002DE9F04F2DED028B03298BB08A
:106E10008046894692461D4604D818234B43C6181F
:106E200032795AB90CF080FD092303604FF0FF342A
:106E300020460BB0BDEC028BBDE8F08F0433C318C5
:106E400008EE103AB3691BB10CF06EFD1623ECE7A7
:106E5000F3880BB905B1F580F3880BB1AB42F3D1E0
:106E6000182202FB098213693BB1D2689342C0F039
:106E7000AB809B1A9D4228BF1D46182303FB098344
:106E8000DB68052B00F2A28046F21B73ADF80830D8
:106E9000F0F7D6FE3389ADF80C009842D4D9C01A69
:106EA000738980B2ADF80A001BB1984288BFADF873
:106EB0000A30182303FB0983D9687379C1F10604EA
:106EC000AC4228BF2C461BB146F21C73ADF808300B
:106ED000E4B202AB2246194450460CF03BFD1823A5
:106EE00003FB09832D1BDA682244DA60A0D0A24498
:106EF000182303FB098301275E69DA687068063A84
:106F00000023022F06D0316C914203D381424FF00F
:106F100002075DD3C3EB031306EB8306736893424A
:106F200008D018EE101A33464046FFF70BFF002832
:106F30003FF47EAF002D3FF47BAF777E2FB3AF429F
:106F400028BF2F46FBB2009306F11A03194650469C
:106F50003A4601930CF0FEFC96F819B0009B9B4555
:106F6000A5EB0705BA4408D0019B07F11A01ABEB6A
:106F70000702314418460CF01DFD009BABEB030BE0
:106F8000736886F819B03B44736006F11A0308EE83
:106F9000903A7DB118EE101A02AB32464046FFF728
:106FA000E1FDE8B9182303FB0983DA6819693A445B
:106FB00089B91A61182101FB09883C44D8F80C30C2
:106FC0003B44C8F80C3033E7002556E700248FE730
:106FD0000846012395E78A4294BF1A611961E9E7DF
:106FE000A842834628BFAB46A84208D9401BC2B27C
:106FF00002AB18EE900A727659190CF0ABFC5A46A7
:10700000504602A90CF0A6FC726802EB0B03A5EB3C
:107010000B05DA445F447360BBE7000010B50C4613
:107020000922084920460DF0A3F938B994F909005E
:1070300030B1A0F13F035842584110BD0020FCE799
:107040000120FAE7070F04082DE9F84F07468946A3
:107050009246FFF7E3FF40B90CF066FC02230360A1
:107060004FF0FF363046BDE8F88F0AF0030A4FF0C4
:10707000000818233A1D03FB08F54646515D002918
:1070800000F08380032E08F10108F4D10CF04CFCD1
:107090001723E4E7182303FB087300240122DC60B4
:1070A000C5E901241C619C61BAF1000F12D01020C7
:1070B000EDF792F918B1C0E9004484608481182387
:1070C00003FB0873986128B93B6841465B68384602
:1070D000984765E03F2148460DF012F9DFF8CCA053
:1070E000DFF8CCB00446002CBCD094F90030002B63
:1070F000B8D004F101092C49062248460DF038F9B0
:10710000014680B907340A2220460EF081F84FF676
:10711000FE7398422CD82881262120460DF0F0F8E5
:1071200081464C46DFE75146062248460DF020F9DD
:10713000014650B907340A2220460EF069F84FF68E
:10714000FE73984214D86881E6E759460D224846F6
:107150000DF00EF901460028E3D10E340A22204634
:107160000EF056F8012803D800F001006871D3E74B
:10717000182000FB0877786908B1EDF739F900238A
:107180002B710CF0D1FB162369E73D44BAF1000FD7
:1071900080D17820EDF726F9686100287FF47AAF76
:1071A0000CF0C2FB0C235AE7C00C0408C70C0408FF
:1071B000CE0C040810B51446FFF730FF30B90CF0C0
:1071C000B3FB022303604FF0FF3010BD58220021B3
:1071D00020460CF009FCF0F733FD0C2358432061E6
:1071E0000020F2E72DE9F04F0025157093464A691B
:1071F0009368052B91B040F2C18014682068A28882
:107200000490ADF8142080B246F21B72904240F018
:10721000B580BDF814209A4240F0B0800D22294676
:1072200007A8063406950CF0DFFBBDF81220ABB2C0
:107230009A4240F2A780277807F00F063F0940F0F6
:107240009D8094F8018008F00F0A4FEA181808F1A1
:1072500001030AEB0309B9F1100F019300F38E80CB
:10726000524606A90BA80CF075FB019B1A460BAB06
:10727000A11C03EB0A000CF06DFB10AB99440DF15F
:107280002C0E09F8147CBEE80F000DF1180CACE8C8
:107290000F00DEF800308CF800300DF10E020DF119
:1072A0000D010BA88DF80D70EFF716FB08F1030820
:1072B0004444804620B9012E2AD101340135B4E777
:1072C000BDF80E10EFF7B2FC0028F4D0BDF80E3078
:1072D0009DF80D1013F004031FD11F468E4224D1D8
:1072E000032E22D154F8043BC8F800300022114686
:1072F0004046F0F729FB002FE0D001238BF8003047
:10730000214B1B68986A036864215B689847D5E73E
:10731000022E0CBF02340434D0E7012902BF98F9D1
:107320000070B7FA87F77F09D8E7012E0ED12378CE
:1073300017B11F1E18BF01275BB200EE103A40467E
:10734000B8EEC00AEFF7E8FD0134CFE7022E09D10D
:1073500034F9023B00EE103AB8EEC00A4046EFF7AF
:10736000DBFDC3E7032E02D154F8043BF2E7042E01
:10737000BCD154F8043B00EE103AEFE7002011B006
:10738000BDE8F08F0120FAE70826002073B5054616
:107390000E460524013C14F0FF040CD00DF1070249
:1073A00031462846FFF71EFF18B19DF80730002B25
:1073B000F0D102B070BD0120FBE700000329F8B551
:1073C00004460D4604D818216943461833793BB961
:1073D0000CF0AAFA092303604FF0FF373846F8BDD6
:1073E000B369DBB9002700233371182606FB054378
:1073F000586908B1ECF7FCFF06FB054600237361F2
:10740000B6692EB1304604F025FF3046ECF7ECFFAC
:10741000182101FB05440023A361DFE70431014487
:10742000FFF7B4FF0028DDD10CF07EFA16230360CD
:107430004FF0FF37D7E700004FF0FF3070470000F4
:10744000032910B504D80C2404FB0101087930B9D4
:107450000CF06AFA092303604FF0FF3010BD012BD6
:107460000AD0022B11D02BB9CB689B689342D4BFB2
:107470008B608A608868F1E78B681A44CB689B68E8
:107480009A4294BF8A608B60F4E70CF04DFA1623A1
:10749000E1E7000091F9003010B533B10CF044FA87
:1074A000022303600024204610BD4FF48270ECF7E5
:1074B00093FF04460028F6D10CF036FA0C23036043
:1074C000F1E70000032970B50646104604D80C22E7
:1074D00002FB0166327932B90CF026FA0923036007
:1074E0004FF0FF3070BDD6E9021295686C1A9C42CD
:1074F00028BF1C461368224619440CF02BFAB368C7
:107500002344B3602046EDE738B50B680B2B0C46DF
:107510004FF000050CD881F803510D1D0549FF22DD
:1075200051F823102846FEF74FF8236801332360F3
:10753000284638BDDC0D0408032970B504460D4605
:1075400004D80C2303FB01031A7932B90CF0ECF9CF
:10755000092303604FF0FF3070BDDE6800221A710E
:107560002EB1304604F076FE3046ECF73DFF0C219C
:1075700001FB05440020E060EEE7000008B5084686
:1075800031B90CF0D1F9162303604FF0FF3008BD7C
:10759000ECF72AFF0020FAE770B5084E0D460024EC
:1075A00056F8041B2846E9F733FE08B960B270BDEF
:1075B00001340C2CF4D14FF0FF30F8E7DC0D040857
:1075C0002DE9F74F12F0030405460F4604D00CF0E6
:1075D000ABF91E230360F3E00C23021D03FB04F947
:1075E000A04612F809A0BAF1000F00F0D180B8F15E
:1075F000030F04F10104F1D10CF096F91723E9E728
:1076000039462846FFF7C8FF00280CDA304604F058
:1076100021FE3046ECF7E8FE0023CAF80C300CF0EF
:1076200083F90223D6E768493846E9F7F1FD30B916
:10763000664B1B68D86A03683146DB6D984764491E
:107640003846E9F7E5FD48B9604B1B68D86A0C235A
:10765000026803FB0453126ED96890475D493846AF
:10766000E9F7D6FD48B9594B1B68D86A0C23026864
:1076700003FB0453526ED968904757493846E9F7DF
:10768000C7FD48B9514B1B68D86A0C23026803FB3D
:107690000453126FD968904750493846E9F7B8FD4E
:1076A00048B94A4B1B68D86A0C23026803FB045391
:1076B000526FD96890474A493846E9F7A9FD50B951
:1076C000424B1B68D86B30B10C23026803FB045398
:1076D000526AD968904743493846E9F799FD48B955
:1076E0003A4B1B68D86A0C23026803FB0453926E62
:1076F000D96890473C493846E9F78AFD98B9334B39
:107700001B68CDE900005869036801AA9B696946B6
:10771000984740B10C20019B009900FB04501A4689
:10772000C06804F0A1FD31493846E9F771FD50B950
:107730000C2000FB04504FF40023C0681A464FF0A1
:10774000006104F091FD0C2606FB0456F3689A686C
:10775000AAB91B7B002B14BF0C2702270CF0E4F8FE
:107760000760F6682EB1304604F074FD3046ECF741
:107770003BFE0C2000FB04540023E36020E04D445A
:107780000023AB6001232B71404603B0BDE8F08FAE
:107790001020ECF721FE064628B1C6E900AAC6F87B
:1077A00008A0A6F80CA04FF00C0B0BFB045ACAF86B
:1077B0000C60002E7FF424AF0CF0B6F8C0F800B0D7
:1077C0004FF0FF38E0E700BF3C0D0408082600201A
:1077D000480D0408500D04085B0D0408650D0408ED
:1077E000700D04087F0D04088F0D04089B0D04081C
:1077F00070B5064615460C4619B112B191F9003024
:1078000033B90CF091F8162303604FF0FF3070BDD0
:107810005822002128460CF0E7F82046E9F702FD3F
:10782000012894F9003003D12F2B04D10020EEE77A
:107830002F2B08BF013421463046FFF7ADFE00284C
:1078400003DA0CF071F80223DEE706492046E9F777
:10785000DFFC18B94FF400532B61D8E7024B2B61C2
:10786000E4E700BF8F0D0408A08601004FF0FF3051
:10787000704700004FF0FF30704700004FF0FF30BE
:10788000704700004FF0FF30704700004FF0FF30AE
:1078900070470000486810B50C4618B109F060FD4B
:1078A0000023636010BD000010B50446806818B165
:1078B000036821465B6D9847204610BD2DE9F043D3
:1078C000036899B09B6902AA05468846984707460F
:1078D00020B10024204619B0BDE8F0830C20ECF75D
:1078E0007BFD04460028F4D085600698013009F03D
:1078F000EFFC064630B92046FFF7D6FF2046ECF7EE
:1079000073FDE6E72B684146D3F800903A463B46C4
:107910002846C847431C014603D1304609F020FDE4
:10792000E9E72B680190D3F80880069B3246284689
:10793000C047069B019998422B6828465B6801D096
:107940009847EAE79847069BC4E90036C2E700007B
:1079500010B50446006810B103685B68984720467C
:1079600010BD00002DE9F041CE78D4B0342E28BFF0
:1079700034260C4634220021054605A80CF034F8C4
:10798000324604F10C0105A8002412AE0BF0E2FF10
:107990007C22214613A8049434600CF025F89DF84D
:1079A0001A709DF84580002F6DD1564B1B685968A1
:1079B00004220B68CDE90172534A00921C689DF8BD
:1079C0001B209DF81C3032A8A0470498329B0493DA
:1079D000329710B103685B68984732A8F6F770F9E0
:1079E0000498002800F085809DF84630802B00F236
:1079F000828003685B6A984703680A211B6898477E
:107A000000287AD0B8F1FF0F9DF847109DF8463056
:107A100004984FD1CDE9006300231A46FDF706FF15
:107A20004FF000080446049803685B6A98470368AF
:107A3000DB689847002C62D005999DF8462032916A
:107A400000219DF847308DF8CC108DF8CE203146BE
:107A500080220DF1CF002C7C8DF8CD808DF84F3138
:107A60000BF078FF88230F22CDE9003242F6F9218E
:107A7000872332AA2046F7F727FE04A8F6F716F95F
:107A800054B0BDE8F081012F1CD11E4B1B689968D2
:107A90000B6832A81B680DF11D0298470498329BB1
:107AA0000493329410B103685B68984732A8FFF7DB
:107AB0004FFF95E700939DF845203346FDF7D2FE32
:107AC0000446B0E701239DF845109DF8472005982E
:107AD00032908DF8CD108DF84F21002180220DF1CC
:107AE000CF002C7C8DF8CC308DF8CE100BF07CFFC5
:107AF000B8E70223E7E70523E5E70323E3E70423E9
:107B0000E1E700BF08260020801A060070B5CE7895
:107B1000B4B0B42E28BFB4260C46B42200210546CA
:107B200007A80BF061FF324604F10C0107A80BF027
:107B300011FF9DF8224000260496002C54D1464B9C
:107B40001B68596804220B68CDE90142434A009240
:107B50001E689DF823209DF8243005A8B047DDE974
:107B60000403CDE9043410B103685B68984705A8A5
:107B7000F6F7A6F80498002869D003685B6A98476E
:107B800003680A211B689847002862D09DF84D3091
:107B9000FF2B4FF000043ED1CDE900449DF84E305C
:107BA0009DF8CF1004980DF14F02FDF73FFE00281D
:107BB00049D10424049803685B6A98470368DB682A
:107BC0009847079B059340220523CDE90032287C86
:107BD0008DF8184005AA42F6FB21F7F775FD04A8B9
:107BE000F6F764F834B070BD012C2ED11A4B1B6827
:107BF00099680B6805A81B680DF125029847DDE917
:107C00000403CDE9043610B103685B68984705A802
:107C1000FFF79EFEAEE726469DF84E300498E2B28E
:107C2000934210D99DF84D10009634AB13440A448A
:107C300013F8813C9DF8CF10D2B2FDF723FE01343A
:107C40000028E9D1B5E70024B4E70124B9E702240C
:107C5000B7E70324B5E700BF08260020801A060016
:107C600070B50646ADF5027D08790C46F7F760FE63
:107C70006722014602A8ECF743FD307CF7F7A6FC2B
:107C80000546307CF8F75EFB00F1FE039D424FF0A5
:107C9000000509D2307CF6F7FBFF02A8ECF74CFD9B
:107CA00028460DF5027D70BD2946F72204A80BF089
:107CB0009BFEE3888DF80C301B0A8DF80D30237B7A
:107CC0008DF80E30237A8DF80F30E37A8DF810306E
:107CD0002146637A8DF81130A37A8DF8123051F86D
:107CE0000F3B8DF814301A0A8DF815201A0C8DF8F8
:107CF00016201B0EEF2206A88DF817300BF02AFE77
:107D0000627BA37B26798DF8092103A9FB220DF262
:107D10000B108DF808518DF80A310BF01BFEFE2375
:107D20005422CDE900326E2142AA3046F7F7CCFC4E
:107D30000125B2E7F0B52B4D2E6887B0074616B186
:107D4000012007B0F0BD0820ECF746FB044670B1F7
:107D50000123066003711420ECF73EFB064618B1C0
:107D60004FF4C061ECF7AEFE0023266023712C6057
:107D70004CB92C683CBB002404201B492C60EAF75A
:107D80000DFD2046DDE72368002BF2D05B68FF2B5A
:107D9000EFD91B0A012BECD0144B04971B68986A8F
:107DA00003681C6D124B059300220923CDE90132B3
:107DB0004FF42063009306AA12E906000D4BA0477A
:107DC0000028BDD1D5E723793BB926682EB13046CE
:107DD000ECF78AFE3046ECF707FB2046ECF704FB95
:107DE000C9E700BF248D0020CC0E0408082600201F
:107DF00019870208E40E040870B5ADF5007D05464C
:107E00000C46FFF797FF00284BD0E678FE2E28BFE0
:107E1000FE26FE22002168460BF0E6FD04F10C016F
:107E2000324668460BF096FD2B7C8DF80431BDF888
:107E30000330ADF806319DF805308DF80C319DF812
:107E400006308DF808319DF807308DF80B319DF81C
:107E500008308DF809319DF80930003B18BF012327
:107E60008DF80A31DDF80B304093E3798DF80D3150
:107E7000EF22237A8DF80E310DF10F010DF20F1064
:107E80000BF068FD084B1B681C682046ECF796FE5B
:107E9000FF2806D94FF480720DEB02012046ECF763
:107EA00003FF0DF5007D70BD248D002013B5044641
:107EB00021200191F9F73AF930B10199204602B039
:107EC000BDE81040FFF7CCBE02B010BD38B581232D
:107ED000037202294FF0010304460D46C173C372B9
:107EE00008D10BF021FD0368022B04D0112B04D123
:107EF0000823E37338BD0A23FBE70BF015FD036885
:107F00002374E572F6E700002DE9F04104460D46C2
:107F1000FDF750FB134E144F306129462046FFF702
:107F2000C5FF30B93B68986A036802215B689847CF
:107F3000F3E76B7A012B04BF002333612979337D8A
:107F400023FA01F2D2070AD501228A4023EA02036A
:107F5000337523682046DB6EBDE8F0411847BDE865
:107F6000F08100BF248D0020082600202DE9F04F6D
:107F70009DB01C4693F8FF3004AF064688469246F3
:107F800063B1A3F10A0253425341B8F1020F07D87B
:107F90004FF0FF306437BD46BDE8F08F0123F4E7B2
:107FA0000022327073B994F8FF20012AF0D12048E2
:107FB000CDE9004300681F4BC06A42463146ECF7EA
:107FC0002DFDE7E75046E9F72DF9FF21054620464C
:107FD0000CF0F6F9054405F1090323F00703E9461F
:107FE000ADEB030D124BCDE900A4D3F800B0124B5A
:107FF000DBF82C0004A9AA1C7960ECF70FFDFEF752
:10800000FBFC796807F10802FEF7EAFB60B9029011
:10801000BB69CDE900434246084BDBF82C003146F2
:10802000ECF7FCFCCD46B5E74FF0FF30FAE700BFB8
:1080300008260020F70E0408E80E0408EE0E0408D7
:108040002DE9F8430746064657F80F3B0B600C46F0
:108050003846EF210CF0B4F9F37A834200D13BB9F2
:10806000812323720323E3730123E372BDE8F883C2
:10807000002586F8FD503846E9F7D4F8012805D9DF
:1080800001383044C37B2F2B08BFC573FEF7B4FC07
:108090003946FEF7E1FB8046B8B104F10F093568B7
:1080A00025B3FEF7A9FC4146FEF70EFC034690B946
:1080B000812323720623E3730123E372FEF79CFC02
:1080C0004146BDE8F843FEF74BBC20460221BDE81F
:1080D000F843FFF7FBBE3A46EF214846FFF746FF5D
:1080E000EF28DCD83368013B3360D8E704F10F0692
:1080F000FEF782FC4146FEF7E7FB034678B13A46BD
:10810000C5F1EF017019FFF731FF0028F0DB2B18E4
:10811000EE2B04DC013550FA85F0C5B2E8E7002DFE
:10812000C6D0EE2D07D804F10F00C5F1EF020021F3
:1081300028440BF059FC80232372E572BEE700004F
:108140002DE9F04F2DED028BADF5177D06464FF46E
:108150008072002156A80BF047FCB14CB14FFF23B1
:108160008DF86431256835B93B68986A0368022147
:108170005B689847F6E72868ECF706FDFF28F3D917
:1081800028684FF4807216A9ECF710FEB0F5807FD6
:10819000EAD1199BBDF85E5023F07F42599B23F032
:1081A0007F439A4205F1010508D1BDF85E319D4239
:1081B00004D156A93046FFF7A7FED3E74FF48072EB
:1081C000002156A80BF010FC9DF860308DF861314D
:1081D0009DF85C308DF85C319DF866308DF8663125
:1081E0009DF86330BDF86420ADF85E51EF2BADF81B
:1081F000642109D981238DF8603103238DF867311B
:1082000001238DF86331D4E7FDF7D4F99DF86410AC
:10821000B4F90C209142054608D09DF86030013B2E
:10822000012B03D880238DF86031C2E763680133E6
:1082300015D0914213D0236940F6B732EB1A93421E
:1082400004D881238DF860310423D7E7FEF7D4FBEF
:108250006168FEF787FA4FF0FF336360A3819DF8F2
:1082600060200F2A24D80F2A27D801A353F822F020
:1082700025820208C5820208C5820208E38202083C
:10828000ED820208B3830208318402088584020863
:10829000FD840208C9840208FD84020831840208B2
:1082A000BB820208BB8602082B8502088D85020866
:1082B00082F08003012B7FF655AF5B490720EAF778
:1082C0006DFA80E06368013307D0FEF795FB6168C3
:1082D000FEF748FA4FF0FF3363604FF6FF73A38158
:1082E000A0E756A916A8FFF7ABFE62E76368013363
:1082F0000ED0206940F6B8332D1A9D4263D9FEF79F
:108300007BFB6168FEF72EFA4FF0FF336360A381B9
:10831000EF210DF167000CF053F89DF863308342B4
:108320007FF468AF002B3FF465AF00238DF8553123
:10833000FEF762FB6A460DF16701FEF751FA8046CF
:1083400020B1022156A8FFF7C1FD32E7049DFEF7D8
:1083500053FB434642460DF16701FEF7D9F96060D1
:108360000130EED09DF86430A38180238DF8603118
:1083700004238DF863312B0A8DF867518DF868312D
:108380002A49C4F808802B0C10222D0E0DF167002D
:108390008DF869318DF86A510BF0EAFF00287FF4FF
:1083A00008AF9DF85C2101239340227D1343237580
:1083B000FFE66368013304D181238DF860310A231D
:1083C0001CE7A56835B181238DF8603101238DF854
:1083D000673116E7FEF710FB169A61682B46FEF729
:1083E000EFF90130ADD0FEF707FB9DF8633061680F
:1083F000EF2B28BFEF230DF26712FEF7C1F9421CE5
:108400009FD020B981238DF860310623F6E68023C2
:108410008DF86031169B56938DF86301C9E600BF55
:10842000248D002008260020110F0408000F0408E6
:1084300063680133C7D1EF210DF167000BF0C0FF76
:108440009DF8633083427FF4D5AE002B3FF4D2AE6B
:1084500000258DF85551FEF7CFFA9DF86030062BB8
:1084600040F201622B4618BF01220DF16701FEF7B1
:108470004FF9606001303FF464AF0123A3609DF8C1
:1084800064302CE76368013396D0A368012B9AD13E
:10849000FEF7B2FA169A61680023FEF791F90130EF
:1084A0003FF44FAFFEF7A8FA9DF8633061680DF115
:1084B0006702FEF775F901303FF443AF80238DF872
:1084C0006031169B569374E6EF210DF167000BF0B7
:1084D00077FF9DF8633083427FF48CAE002B3FF42E
:1084E00089AE00238DF85531FEF786FA0DF167014C
:1084F000FEF794F901307FF495AE22E7EF210DF1FC
:1085000067000BF05DFF9DF8633083427FF472AE2D
:10851000002B3FF46FAE00238DF85531FEF76CFA57
:108520000DF16701FEF76CF9E4E7EF210DF167004B
:108530000BF046FF9DF8633083427FF45BAE002B67
:108540003FF458AE00258DF855510095FEF754FACA
:108550006A460DF16701FEF71BFA00283FF4F1AE01
:10856000EB2229460DF26B100BF03EFA04238DF836
:108570006331009B8DF867311A0A8DF868211A0C57
:108580001B0E8DF869218DF86A314BE69DF86380EA
:108590006368B8F1000F08BF4FF0EF0801333FF4F4
:1085A0000BAFA568002D7FF40EAFFEF725FA169AE3
:1085B00061682B46FEF704F901303FF4C2AE9DF826
:1085C0005C30042B20D900254346EF2B28BFEF2336
:1085D0004FF0000A08EE103AD146FEF70DFA18EEF9
:1085E000103A61680DF26712FEF7CAF8B0F1FF3F6A
:1085F000834627D1022156A8FFF768FC9DF8603119
:10860000812B7FF4AFADD4E5424A52F82350002DC0
:10861000D9D02B6828461B6C98470128D3D02B68EB
:108620002846DB6D984705469DF85C00F7F78AFE03
:1086300008F10F0303449BB240F6B8304343B3FB49
:10864000F5F5C1E7EF280BD00DF26713C0F1EF028B
:10865000002118180BF0C8F9BBF1000F3FF4D2AE9F
:1086600080228DF86021169A8DF863B1524456929B
:1086700040F2F312A9EB02035A425A41304656A97E
:108680008DF86221FFF740FCBDF85E31D845C8BFC8
:10869000569803F10103ADF85E313B68C4BF5844FE
:1086A0005690986A0368A9B25B6809F10109984776
:1086B000B9F5FA7FC24490D1A0E70DF16708ED212A
:1086C00040460BF07DFE18F900A00546BAF1000FF8
:1086D0007FF490AD16AB00F110099944C0F1EE01A2
:1086E00048460BF06DFE9DF863206B1C03449342DB
:1086F0007FF480AD002B3FF47DAD8DF855A1FEF7E2
:108700007BF94A464146FEF797F800283FF48AADC8
:1087100017E600BF345C002008B5FFF711FD00002C
:10872000024B4FF0FF325A60704700BF248D00208B
:108730002DE9F047CD7896B04F2D28BF4F250C4638
:108740004F220021064602A80BF04EF92A4604F1FA
:108750000C0102A80BF0FEF89DF80F5015F001086F
:1087600011D19DF80E30032B05F00407C5F38005E9
:1087700006D8013B022B09D8DFE803F0151B58008F
:10878000643B092B5AD916B0BDE8F087FAF7BAFA5C
:1087900003681B69012198470028F4D0D0F8904164
:1087A00080F80E530EE0FAF7ADFA036802211B6958
:1087B000F1E7814B1B68DC6CF0F79AFC2A4600213C
:1087C000F0F782F9002CDED027B123680021DB6BA3
:1087D00020469847029911B12046ECF743F89DF8DE
:1087E000105055B19DF80F301A0746D423682A4619
:1087F000DB680DF11101204698479DF80F70BB070B
:10880000C1D5DFF8B4814FF00109BDF80C30002B61
:108810005BD18DF80F90236820465B69984705B2BD
:10882000002D65DA3D07AED5002565E0624B1B687B
:108830001C6DF0F75DFC2A460121C1E7F5F726F92A
:108840009DF80E106439C9B2F4F7F2FE0446FAF747
:1088500059FA90F890305FFA88F94B45B2D9FAF797
:1088600051FA036849461B69984718B1D0F890310E
:108870009C4295D008F10108E9E7DFF83C910DF141
:108880001107236820469B6A984738B9D9F8003009
:10889000986A036805215B689847F2E723682046D9
:1088A0009B6A98479DF81080236880B2804528BF56
:1088B00080463946DB6842462046A5EB08059847C6
:1088C00015F0FF054744DCD197E7236820465B6934
:1088D000984745289DD8D8F80030986A0368012148
:1088E0005B689847BDF80C30013BADF80C308CE765
:1088F000462D1BDC002D95D09DF80F30180717D59D
:10890000307CF6F763FE8246307CF7F71BFD00F102
:108910004F039A451BD2307CF6F7BAF9D8F80030ED
:10892000986A036801215B689847E9E74625E3E711
:10893000307CF6F74BFE8246307CF7F703FD00F102
:108940004F039A4503D2307CF6F7A2F91BE70021CA
:1089500046220DF111008DF810100BF045F87DB195
:10896000236820469B6998479DF810305A1C8DF863
:10897000102016AA1344013D03F8470C2DB2EEE770
:108980004F23DC22CDE900327E21307C02AAF6F7AB
:108990009BFEF9067FF5F7AE9DF81030002B3FF4F3
:1089A000F2AE3B077FF531AFD8F80030986A036824
:1089B00001215B68984728E708260020F8B504469F
:1089C00015460E461F46FCF7F5FD01232371BDF940
:1089D00018306061E781A381EB7923742B7A63748B
:1089E000A660FCF7E7FD2368A0615B68A5682046E8
:1089F000984701462846FAF76FFD0023E383F8BD48
:108A00002DE9FF410546087C0C461F461646F6F741
:108A1000DDFD8046207CF7F795FC031D9845247CFE
:108A200005D2204604B0BDE8F041F6F731B92B6815
:108A300096F807801B68367A2846984704239922BF
:108A4000CDE900328DF80F00032303AA2F21204621
:108A50008DF80C808DF80D608DF80E70F6F734FEF1
:108A600004B0BDE8F081000070B503681B680446DF
:108A70000D461646984708B9012070BD2846F8F7FC
:108A80002FFD0028F8D006490420E9F787FE20468C
:108A9000032332462946FFF7B3FF0020EDE700BF6E
:108AA000280F040870B505790446ADB1D679037C6A
:108AB0009E4203D1167A437C9E4206D00E23204666
:108AC000FFF79EFF0025284670BD0368DB699847C5
:108AD00000232371A360F6E70125F4E770B504468F
:108AE0000D461646FFF7DEFF68B1236820469B68F7
:108AF000984780F00103DBB2324629462046BDE8A4
:108B00007040FFF77DBF0123F6E700002DE9FF412C
:108B10001A4604460E461D46FFF7A6FF002839D028
:108B2000237943B10E232A463146204604B0BDE8DE
:108B3000F041FFF765BF307CF6F748FD0746307C13
:108B4000F7F700FC431D9F42367C05D2304604B047
:108B5000BDE8F041F6F79CB8236895F807801B6ADA
:108B60002F7A20469847236805461B682046984779
:108B70000523DD22CDE900328DF80C00042302AA82
:108B80002C213046ADF808508DF80A808DF80B7016
:108B9000F6F79AFD04B0BDE8F08100002DE9F0433E
:108BA00017468DB01A4606460D461C46FFF75CFF79
:108BB00068B3317941B10E232246294630460DB0C3
:108BC000BDE8F043FFF71CBF0DF10808282240461E
:108BD0000AF00AFFE3798DF82830237A8DF82930DE
:108BE0003B88ADF824303B798DF82D303368CDF8D3
:108BF0000080D3F8109022463B4629463046C847AD
:108C0000034638B1224629463046FFF7F9FE0DB03B
:108C1000BDE8F0834920F6F71FFB04460028F6D094
:108C200081792846F6F746F80028F0D02279637952
:108C30000192A27900922168287C4246F6F744FD11
:108C4000E5E700002DE9F34104460E4617461D46B0
:108C5000FFF70AFF002837D0237943B10E233A46A5
:108C60003146204602B0BDE8F041FFF7C9BE236897
:108C7000B5F900801B6A20469847804505D91449FC
:108C80000420E9F78BFD0123E9E72368B5F90280A9
:108C90001B6A204698478045F1D8B5F90220B5F9FE
:108CA00000309A42EBDB236820469B6998470346D5
:108CB0000028D4D1B5F9023000933A46B5F9003016
:108CC00031462046FFF77AFE02B0BDE8F08100BFD2
:108CD000480F040837B5036801921B6B04460D4624
:108CE0009847019A034629462046FFF789FE2368E4
:108CF0002046DB69984700232371A36003B030BD91
:108D0000F0B585B016461A4604460D460293FFF7A5
:108D1000ABFE002848D0029A29462046FFF7C2FE43
:108D2000002841D0236837885B6A204698478742ED
:108D3000029A10D9294620460423FFF761FE2368D2
:108D400020465B6A984719490246042005B0BDE8F1
:108D5000F040E9F723BD236802925B693188204621
:108D60009847029A034630B12946204605B0BDE82F
:108D7000F040FFF745BE2168CDE90220CF682046CC
:108D80003146B8473188DDE9022331B9294620460A
:108D900005B0BDE8F040FFF79DBF013909B2009171
:108DA00020462946FFF70AFE05B0F0BD640F04080F
:108DB00010B5846813464CB9F5F754FBBDE8104074
:108DC0004FF4A9724FF48031F5F738BB0A462146BB
:108DD000BDE81040FFF714BEF0B5037985B0044636
:108DE000002B3CD0C28983899A4238D8836853B912
:108DF000F5F738FB4FF4B8724FF4803105B0BDE899
:108E0000F040F5F71BBB187CF6F7E0FBA3680546BE
:108E1000187CF7F797FA431D9D42A36805D2187C8A
:108E200005B0BDE8F040F5F733BF1D7C2368268A06
:108E30001B68E789204698470523E622CDE90032E2
:108E40008DF80C00042302AA28212846ADF80870EA
:108E5000ADF80A60F6F738FCFCF7ACFBA06105B092
:108E6000F0BD000070B5836804460D4616464BB948
:108E7000F5F7F8FABDE8704040F20D124FF480317A
:108E8000F5F7DCBA928BC3899A4204D00D22BDE873
:108E90007040FFF78DBFCA79037C9A4203D00E223F
:108EA00029462046F3E70A7A437C9A42F7D10368C1
:108EB0001B6A9847B38B834216D223689B6A31465C
:108EC00020469847A8B9FCF775FBE389A289606141
:108ED00001339BB29A42E38119D2A1682A46204607
:108EE000BDE87040FFF7F6BE02D12368DB6AE6E713
:108EF0000120024629462046FFF75AFF002323712E
:108F0000A36023682046DB69BDE870401847A3686A
:108F1000187CF6F75BFBA3680546187CF7F712FA96
:108F2000431D9D420ED2A368187CF5F7B1FE23685D
:108F3000A5685B682046984701462846BDE8704012
:108F4000FAF7CABA2046BDE87040FFF745BF0000F7
:108F5000F0B5037985B00446002B60D0836853B91F
:108F6000F5F780FA4FF4C2724FF4803105B0BDE8D6
:108F7000F040F5F763BAFCF71DFB6369A28BC31AD7
:108F8000934237D900232371236820465B6B9847AF
:108F9000A3681D7C2846F6F719FB06462846F7F716
:108FA000D1F9031D9E4221D32368277C1B68667C70
:108FB000204698470F2399228DF80E300423CDE9DF
:108FC00000328DF80F00032303AA2F2128468DF8C5
:108FD0000C708DF80D60F6F777FB0023A360236813
:108FE000DB69204605B0BDE8F04018472846F5F794
:108FF0004FFEF2E7A369A568C21AB5F8A43103F5DC
:109000007A739A420BD92368A0615B68204698471F
:109010000146284605B0BDE8F040FAF75DBA05B054
:10902000F0BD000080F82D107047000080F82C1073
:109030007047000001207047806A043070470000CC
:1090400080F83410704700000020704701207047FE
:1090500008B503685B68984700F0010008BD000090
:1090600008B503685B68984720F0010008BD000060
:109070007047000070470000704700001FB502AC49
:1090800084E80C00009094E80C00806A03F0E8F992
:1090900004B010BD806A03F03BBA000010B504466E
:1090A000006B08F05DF9606A034B236008B1EBF7D1
:1090B0009FF9204610BD00BF0002040810B5044609
:1090C000FFF7ECFF2046EBF78FF9204610BD0000BC
:1090D00070B5044688B0503007F066F9104B049420
:1090E000CDE9053414200F4B0793EBF775F90546CE
:1090F00090B108AA12E9030094F848300A4E06EB32
:10910000031601AB83E80300059B00937279049B6F
:10911000B179284602F0F4FBE56108B070BD00BFEC
:109120007190020875900208C80F0408194B03EBF0
:1091300000102DE9F04102798068032102F020FF40
:10914000044628B308F00AFA24F00F06012204F0BE
:109150000F0402FA04F407462146304604F094FE58
:109160000D4BD3F800801425736963407361D8F800
:10917000280003680A219B68013D984715F0FF0508
:10918000F2D13A4621463046BDE8F04104F07CBEBB
:10919000BDE8F081C80F040808260020124B37B53F
:1091A00003EB001002210279104802F0E9FE0446A8
:1091B000B8B108F0D3F90121054624F00F0004F0FE
:1091C0000F04A1400022CDE9000104F05DFE0098EB
:1091D000019903692A4623FA04F404F0010404F017
:1091E00053FE204603B030BDC80F040804040240FB
:1091F00038B50A4C0A4B036005460023204684F824
:109200004830FFF765FF074AE264012384F83C30E9
:10921000226484F84430284638BD00BF3C8D0020CD
:10922000E00F0408A086010070B51E460023C0E9C7
:109230000333C0E9053303711E4B03601E4B80F8F6
:109240002D200D46642105FB01338362022380F843
:109250002C309DF8103080F83530059B8363EB008F
:10926000044643F0010303724272134613492A462F
:109270003030FBF7ABFBA36ADA6CB24217D91E643D
:10928000A36A0F49DE640F4B9E429EBFA36A012270
:1092900083F844200C4B1B689869A36ADA6C036856
:1092A0001E684FF47A73B2FBF3F32A46B0472046A8
:1092B00070BD00BFF80F04083C8D0020800F04082B
:1092C0008C0F0408A0860100082600207FB51646F2
:1092D000044626B100230360204604B070BD3C2044
:1092E0000393EBF779F8054648B10A9B01939DF883
:1092F00024300093039A089B3146FFF795FF2560C1
:10930000EAE700002DE9F04F89B0624D0693836AC9
:10931000DDF8488093F8483007911B010446164653
:10932000E8581FFA88F906F037F8A06ACDF80090DF
:1093300006ABB2B207A903F001F9074650B9A36A18
:1093400093F848301B01E85806F02AF8384609B06F
:10935000BDE8F08FDFF844B14FF0000AA16A4E4A31
:10936000CB6CB2FBF3F306EB0802A06B53434FF454
:109370007A72B3FBF2F35B000133834238BF0346DA
:10938000C869059302F01AFCA16A91F8480000012F
:109390003C31285805F0B4FF302181F31188DBF807
:1093A0000010C86A416B01314163002181F31188CB
:1093B000059B94F82D104FF47A72A3FB0232A26A37
:1093C00092F848000001002E33D10093069A2858E5
:1093D000434605F0CBFFA26A059092F8482012019F
:1093E000A85805F09BFFA26A0121D06902F0DAFAC1
:1093F000A26A059B92F848201201A858826812F0D0
:10940000800F20D0F5F72EF840F293124FF4002190
:10941000F5F714F8DDE90621A06A4B4603F0B4F82D
:10942000A36A93F848301B010027E85805F0B8FFFD
:109430008CE7CDE90183069B0093079A28583346B1
:1094400005F07AFFC7E7DBF80020C06BD16A8A6BB2
:1094500002448A6333B9DDE90621A06A4B4603F072
:1094600093F86CE701330AD1A36A93F84800FFF739
:1094700095FE20B9A36A93F84800FFF757FE94F8C9
:109480002C200AF1010A5FFA8AF39A42BFF466AF10
:10949000C0E700BFC80F040800127A0008260020A9
:1094A000F0B50446806A85B00430CDE902210A9FF8
:1094B0001E46FBF737FADDE90221054660B91B4B72
:1094C000A2681B681A49986903681E6894F82D30D1
:1094D000B047284605B0F0BD94F83500A36AA0B1A6
:1094E000032083F83C0094F83450DDB179B9002EA4
:1094F000EFD0002FEDD000220A97334611462046C8
:1095000005B0BDE8F040FFF7FDBE0120E9E7002A05
:10951000EDD0002300932046FFF7F4FE0028E6D1AB
:109520000546D6E70A973346E9E700BF082600203C
:10953000A00F040808B5B021044802F07BFFBDE885
:109540000840034A0349002008F08ABE3C8D0020F1
:109550003C8600207990020870470000B0F94C006A
:1095600070470000B0F94E0070470000806D7047F2
:10957000012380F85430704780F860107047000075
:1095800090F8543013B190F8300070471846704787
:109590000120704737B590F8543004460D46ABB102
:1095A00090F83030122BA8BF122399420EDA00F146
:1095B0003401692201A804EB4504EBF7A1F801A8E6
:1095C000A488EBF7B9F8204603B030BD0024FAE7D1
:1095D00037B590F854500446A5B100F13401522239
:1095E00001A8EBF78DF8D4E90A51226D00239942C6
:1095F00008BF9542C4E90A2301A814BF012500252C
:10960000EBF79AF8284603B030BD000073B590F828
:10961000544005460E468CB1122A28BF122200F192
:109620003401144601A87922EBF76AF86200291D7B
:1096300030460AF08FF901A8EBF77EF8204602B019
:1096400070BD0000407B70470161704710B5074B4B
:10965000074ADB680446DA61A37B33B923684FF419
:109660007A719B6820469847F6E710BD98B20020B3
:109670008010040838B50D4B0D4ADB680446DA61EA
:109680002368A27B9B6862B10A4D236820469B68D1
:109690004FF47A7198472B68586903681B6998479B
:1096A000F3E742F2107120469847E9E798B20020AC
:1096B000530304080826002013B504460121E030B6
:1096C00007F01CF804F1EC00012107F017F8154B26
:1096D0000094B5224FF4FE61134807F0DDF8134BF8
:1096E000C4F8C8000094B5224FF47C71104807F00C
:1096F000D3F8104BC4F8CC0000943A224FF41F6109
:109700000D4807F0C9F80D4BC4F8D40000943B2273
:109710004FF4BE610A4807F0BFF8C4F8D80002B0A1
:1097200010BD00BFE59B020870A100204D96020805
:1097300090970020799C0208A08D00207596020861
:10974000809B002070B5437D04460D464BB90368ED
:109750001B6C984728B1B620FBF7FCFA40F20113C6
:10976000A3822368294620469B68BDE870401847BD
:1097700008B5FBF785FB034BDB681B1A58425841C1
:1097800008BD00BF98B200202DE9F04704460D4601
:10979000FBF718FFDFF8689006460F46FBF712FF4D
:1097A000801B4FF0000361EB07014FF47A72E7F77B
:1097B0009DFAA84271F1000320D223684FF47A7118
:1097C0009B6820469847A388AB42E7D82368204689
:1097D0001B6C98470028E1D0D9F80080D8F82C30CD
:1097E000FC2293F94CA083F84C2023682046DB6CC4
:1097F0009847D8F82C3083F84CA0CFE7BDE8F08725
:109800000826002008B5302282F311888368002BD7
:1098100001DC06F099FF06F065FF002383F3118851
:1098200008BD0000F7B5044600F1E0066D4630467D
:1098300085E8060006F07EFF94F87C30DDE900073D
:10984000224604EBC30C62450DD0D16B814208D196
:10985000116CB94205D1304603B0BDE8F040FFF7C6
:10986000D1BF0832EFE7072B0AD895E8030004EBD5
:10987000C3023C32013382E8030084F87C30EAE71B
:10988000034B04491B68986903681B689847E2E723
:10989000082600208810040808B50E4B1B68586A7B
:1098A0000368DB6C0C4698470B4B0C48002C08BF38
:1098B000184607F043FE72B6BFF34F8F0849094BB5
:1098C000CA6802F4E0621343CB60BFF34F8F00BF5E
:1098D000FDE700BF08260020020007B0010007B026
:1098E00000ED00E00400FA0510B5836904461BB9D9
:1098F000BDE8104007F0DABCFBF75CFEA369C01AB4
:10990000E3699842F4D8012010BD000008B5437BFC
:1099100013B10348FBF722FE0123437308BD00BFC8
:10992000A010040806F04CBF084606F053BF000024
:1099300029B10A2938BF0A21084607F03BB8704709
:1099400010B503681B6C0446984740B1637D33B182
:1099500000236375B420BDE81040FBF7FBB910BDD0
:10996000F7B5044600F1EC066D46304685E8060082
:1099700006F0E0FE94F8C030DDE90007224604EB73
:10998000C30C62450FD0D2F88010814209D1D2F8C1
:109990008410B94205D1304603B0BDE8F040FFF76E
:1099A00031BF0832EDE7072B0BD895E8030003F130
:1099B000100204EBC202013382E8030084F8C030D5
:1099C000E9E7044B04491B68986903681B689847DA
:1099D000E1E700BF08260020E010040810B50A4B9C
:1099E000044640F8243BFAF791FF4022002104F19D
:1099F0003C0009F0F9FF4022002104F1800009F049
:109A0000F3FF204610BD00BF0C11040810B50B4C2D
:109A10001046002314F813208A4209D104EB4303B3
:109A2000FF225B7802211844EBF7A0FEC0B210BD04
:109A300001330E2BEED13A20F9E700BF6011040884
:109A4000F0B585B0074602AD082085E806001E4641
:109A500007F03EFC0446D8B195E803009DF930209C
:109A600084E803009DF82C103846FFF7CFFF0A9DCD
:109A7000094B009405F2F7150246314625F0070020
:109A800007F080FC054628B9204607F069FC284607
:109A900005B0F0BD0120FBE7CD9C020810B50446DF
:109AA00007F04CFEFBF786FDC4F8C40010BD0000B3
:109AB00037B503681B6C04460D46984788B12046AD
:109AC000FFF7ECFF40F2FD2204F1240101A8EAF7C0
:109AD00017FE6DB9236A33B90023A36101A8EAF721
:109AE0002BFE03B030BD013B2362002BF6D1F3E720
:109AF000FBF760FDA36943B1E269C11A8A4204D948
:109B000013441B1A9D4238BF1D46236AC4E906054B
:109B100001332362236820469B699847DEE70000F3
:109B200013B5036801911B6C0446984730B1019945
:109B3000204602B0BDE81040FFF7BABF02B010BD2A
:109B400010B5114807F04EFD3F2807D8F4F78AFCFE
:109B50004FF6FF724FF40001F4F770FC06F0C8FCFA
:109B6000044678B1006A07F03DFD3F2806D8F4F7B7
:109B700079FC228F4FF40001F4F760FC204606F0D8
:109B8000C7FCEDE710BD00BF00010020D0E90003D5
:109B900018470000F8B590F87D30044603F0FF0543
:109BA000F3B9012300F1E00680F87D30304606F07D
:109BB000C1FD304694F87C70FFF724FE04F13C06AA
:109BC000AF4207DD736813B13046FFF7DFFF0135A1
:109BD0000836F5E7236903B19847002384F87D3000
:109BE000F8BD000010B5104B104ADB680446DA617E
:109BF0002368A27B9B6822B94FF47A71204698476C
:109C0000F6E723684FF47A719B6820469847204610
:109C1000FFF7C0FF236820465B6998470028F0D013
:109C20002046FFF73BFFECE798B20020F81004084D
:109C3000F8B590F8C130044603F0FF05DBB9012305
:109C400000F1EC0680F8C130304606F073FD304676
:109C500094F8C070FFF7D6FD04F18006AF4207DD2F
:109C6000736813B13046FFF791FF01350836F5E709
:109C7000002384F8C130F8BD70B5124B124ADB687E
:109C80000446DA612368A27B9B6822B94FF47A719B
:109C900020469847F6E7002623684FF47A719B68C0
:109CA000204698472046FFF7C3FFFBF783FC831B42
:109CB000B3F57A7F0546EFD92046FFF741FF2E46E0
:109CC000EAE700BF98B200200011040810B504466E
:109CD000FFF75CFF2046BDE8104007F041BB0000E5
:109CE00090F809017047000043695B7923B9806BE4
:109CF0000A23B0FBF3F070474FF448307047000080
:109D0000806B7047037E03B1437E184670470000A6
:109D1000D0F8180170470000D0F81C01704700000F
:109D200090F8ED20034602F0FF0012B193F8EC002A
:109D3000C0B27047F8B590F80831876B1F330C46F6
:109D400000EBC30150F833504E6877B143695B793B
:109D50005BB903685B6998472044054BB3FBF7F395
:109D60005843281A054666F1000628463146F8BDD4
:109D700080969800B0F82C017047000008B5843038
:109D8000EAF702FF003818BF012008BD13B540F202
:109D90008522044600F1D4016846EAF7B1FC40F29E
:109DA000862204F1BC0101A8EAF7AAFC002384F88A
:109DB000EC3084F8ED3063695A7918689AB105F08F
:109DC000B7FD002104F17000EAF798FE002104F1CC
:109DD0008400EAF793FE01A8EAF7AEFC6846EAF7CA
:109DE000ABFC02B010BD05F0BBFCEAE708B580F89B
:109DF0004811C06A082106F085FA012008BD00005C
:109E00004369587918B193F8280007F077B870477C
:109E10004369587918B193F8280007F077B870476C
:109E200090F8ED20034602F0FF001AB103F1840020
:109E3000EAF7C4BE704700002DE9F8431746044610
:109E40000D46FBF7B7FBDFF85C90064600EB070812
:109E5000236820465B699847A84218D24FF4806077
:109E600006F024FAD9F80C30A4F858506365FBF7D3
:109E7000A1FB821BBA420AD2A8EB00034FF47A710D
:109E8000A3FB01134FF4806006F05CFAE0E723685F
:109E900020465B69984785428CBF00200120BDE8C1
:109EA000F88300BF98B2002038B50446302383F30E
:109EB00011880B0707D5F4F7D5FA40F237324FF087
:109EC0000061F4F7BBFAD4F8B8301A68136823F0CD
:109ED0001F031360D4F8B82011680D6815F0010550
:109EE000FBD15168527A3D2393400B60FBF75CFB3A
:109EF0000221C4F80C01E06A06F0EEF985F311883E
:109F000038BD000070B543695A790446002A46D12D
:109F10001D68436A002B08BF0021036880F80911FF
:109F2000DB6A984700283AD094F80931032B36D8D9
:109F3000DFE803F00239366A606A88B1012600F072
:109F40000F01324606FA01F120F00F0003F09CFFEA
:109F5000636A23F00F0203F00F039E40B6B25683EC
:109F6000012384F80A31302383F31188D5F8543261
:109F70005A6912F4407F0FD0DA6822F40052DA6096
:109F8000D5F85422536923F440735361D5F8542211
:109F9000D36843F40053D360002383F3118870BD6A
:109FA0000023C4E94333606A012600F00F01324602
:109FB00006FA01F120F00F0003F066FF636A23F058
:109FC0000F0203F00F0306FA03F39BB2538384F8E6
:109FD0000A61302383F31188D5F854325A6902F4A8
:109FE0004072B2F5007FD7D0DA6822F40052DA600E
:109FF000D5F85422536943F400735361D5F85422C1
:10A00000536923F48073C0E723682046DB6BBDE807
:10A01000704000211847000010B50446006A40B1A6
:10A0200000F00F0301210022994020F00F0003F0FF
:10A030002BFFE06950B100F00F030121BDE8104093
:10A040000022994020F00F0003F01EBF10BD000059
:10A0500038B543695A7904460D46002A39D101734F
:10A06000186805F07DFB012D34D0022D37D02DB9B5
:10A07000B4F8403023F4B053A4F84030636904F1DD
:10A080003C01186805F05EFB94F8603133B16369F8
:10A09000186804F5A671043006F0EEF8002D14BF20
:10A0A0000123002384F8603109D0636918684FF4F4
:10A0B0000062202304F5A671043006F0C9F8237E5F
:10A0C0003BB163691B68D3F85422D36823F02003A3
:10A0D000D36038BDB4F8403043F4B053CCE7B4F8A3
:10A0E000403023F4007343F4A053C5E72DE9F04357
:10A0F000044689B00E46D0F8181110461546994608
:10A10000EAF714FCD4F81C110746281DEAF70EFCE8
:10A11000636959791A79804600292FD01849304649
:10A1200002F042F8637E002B237E14BF2A222022F5
:10A13000002B94F809310793D4F86C310693D4F8C6
:10A1400068310593D4F86431049314BF2A21202187
:10A1500042F21074009104FB08F30A49B3FBF9F3CF
:10A1600004FB07F5039330463B46B5FBF9F5CDE913
:10A17000018502F019F809B0BDE8F0830249CEE785
:10A180007C1104088C11040884110408037E82B039
:10A19000C3B143691B68D3F8542213689BB2ADF86E
:10A1A0000430BDF80430DB060CD553689BB2ADF823
:10A1B0000630BDF80630D0F8B4301A68136823F0C2
:10A1C0000103136002B0704790F8EC308BB10A4B7A
:10A1D000026DDB689A420CD143695A7932B11B682F
:10A1E000D3F88C341B681B78042B02D17030EAF74B
:10A1F000CBBC0020704700BF98B2002038B543693F
:10A200005A7904460D46E2B9186805F0A9FA012DFD
:10A21000D4F8243116D0022D19D0D4F82431A4F862
:10A220004230636904F13C01186805F08BFA237E23
:10A230003BB163691B68D3F85422D36823F0200331
:10A24000D36038BD23F40053C4F82431E5E743F468
:10A250000053F9E743695A7912B1186805F0F6BB63
:10A26000C06A042106F04EB8F7B590F8ED30044608
:10A270000E46174603F0FF05BBB100F19C0140F20A
:10A280000D3201A8EAF73CFA3A46314604F184005F
:10A29000EAF70AFD94F8483105461BB1E06A04214B
:10A2A00006F030F801A8EAF747FA284603B0F0BDF7
:10A2B00070B590F8093105460C46D3B9806AB8B13B
:10A2C000012600F00F0106FA01F120F00F003246DE
:10A2D00003F0DAFDAD6A05F00F0184EA060001F132
:10A2E000100398408C4025F00F050443AC613046C4
:10A2F00070BD0020FCE7000070B590F809310546FC
:10A300000C46D3B9406AB8B1012600F00F0106FA35
:10A3100001F120F00F00324603F0B6FD6D6A05F042
:10A320000F0184EA060001F1100398408C4025F0EB
:10A330000F050443AC61304670BD0020FCE700000F
:10A34000164B10B50360164B80F836102C2201FB1B
:10A35000023343614FF4614304468363002170304C
:10A36000EAF7B0FB002104F18400EAF7ABFB04F14B
:10A370009C00FAF7CBFA04F1BC00FAF7C7FA04F133
:10A38000D400FAF7C3FA002394F8362084F8093190
:10A39000044B43F82240204610BD00BF3C13040884
:10A3A0005812040860A9002013B5094C23686BB942
:10A3B00000930849084B3C224FF49E6006F0E2FFF0
:10A3C0002060236813B90548FBF7C8F802B010BD38
:10A3D0008CA90020D4110408B9AD0208DC110408CE
:10A3E00030B5C36A85B004462BBB144B62691B6849
:10A3F0005579D86A13790093114A124B04F1300150
:10A40000002D08BF134606220391EAF707FB94F8D4
:10A41000483103990094002B18BFB5220A4B08BF9E
:10A420003C224FF44C7006F0ADFFE062E36A13B9D2
:10A430000648FBF793F805B030BD00BF08260020A2
:10A44000071204080012040871AC02080F12040875
:10A4500038B5D0F8B8500446B5B9302383F3118825
:10A4600040690A4A407B23460C2103F07DFCC4F876
:10A47000B80085F31188D4F8B8301A6863691B688E
:10A48000D3F854320433936038BD00BFA99E02084C
:10A49000FFF7DEBF38B543699D6890F85C3083F004
:10A4A000010380F85C3090F85C301833044640219A
:10A4B00050F8230007F08EF894F85C30D4F8B420FC
:10A4C0001833126854F82330D360D4F8B4301B68C2
:10A4D00040225A60D4F8B4306D061A6845F482659B
:10A4E00045F006051560D4F8B4301A68136843F0D7
:10A4F0000103136038BD000010B53023044683F318
:10A500001188D0F8B80003F085FC0023C4F8B830F7
:10A5100083F3118810BD0000FFF7EEBF2DE9F74F60
:10A52000D0F8F03004460D4673B3DFF828B25DB3BF
:10A5300094F809112046EAF7F1F950B1A36A43B142
:10A5400023F00F0203F00F03126922FA03F3DB0773
:10A550001AD404F19C0840F25A32414601A8EAF7A5
:10A56000CFF804F18407402D2A46A16E28BF40226F
:10A570003846EAF7FFFB1FFA80F98246B9F1000F6F
:10A5800005D101A8EAF7D8F803B0BDE8F08F384646
:10A59000EAF7FAFA854228BF054601A8EAF7CCF89F
:10A5A000D4F8F00001F00AFB022005F07FFED4F899
:10A5B000F000C27C002A00F0BC80A26BB2F5E13F43
:10A5C0000FD8B4F86C600336B6B2B6F57A7FA4F84B
:10A5D0006C6006D90021617603B0BDE8F04F01F050
:10A5E000E1B9FA20584B42431FFA8AF1B2FBF3F269
:10A5F0000132914201D91FFA82F9302282F3118887
:10A60000D4F8B82011680A6822F01F020A60D4F852
:10A61000B82011680E6816F00106FBD1507A516817
:10A620003D2282400A60A06E494606F0D5FFD4F86C
:10A63000B820A16E1268454BD160D4F8B8201268DA
:10A64000C2F80490D4F8B82011686269106940F229
:10A65000564242EA40620A60D4F8B82011680A689B
:10A6600042F001020A6009F10201A26B5943B1FBF9
:10A67000F2F1374A01F5FA71594588BF114686F360
:10A680001188022005F05EFE064670BB302282F380
:10A690001188D4F8B82011680A6822F01F020A60F5
:10A6A000D4F8B8201068016811F00101FBD192F8CC
:10A6B00009C050683D2202FA0CF20260D4F8B820BA
:10A6C0001268536899453DD9A9EB03031FFA83F932
:10A6D000B9F1000F03D0FAF767FFC4F80C010220AC
:10A6E00005F0DAFD002282F31188D4F8F000C6F3F9
:10A6F000400101F057F9B9F1000F3FF445AF40F2C6
:10A70000B632414601A8E9F7FBFF49463846EAF769
:10A710006FFAD4F814214A44C4F81421D4F818214B
:10A720004A44C4F8182101A8A5EB0905EAF704F882
:10A73000FDE6B4F86C20002A3FF45FAF013AA4F8BC
:10A740006C205AE78946CAE740420F00809698007D
:10A75000A08601009F86010013B5D0F8443104465D
:10A76000CBB900F5987005F0ABFD1823C4F844315F
:10A7700063691868019004F0F3FFB4F8443001985D
:10A7800023F0080304F13C01A4F8443002B0BDE812
:10A79000104004F0D7BF02B010BD00002DE9F04713
:10A7A000044686B00D4640F2CF3200F19C0101A86C
:10A7B000E9F7A6FF94F82E3123B1012D02D92046E6
:10A7C000FFF7CAFF04F184092A4602A94846EAF7BE
:10A7D000A7FA4FF00008824602AD4646C2451CDD8E
:10A7E000636918680368D5E90012DF690023B84778
:10A7F000071E12DB05D0FAF7D7FE3E44C4F80C0161
:10A80000B6B2083539464846EAF7F2F955F8043C3D
:10A810009F4202D108F10108E0E7D4F81431334433
:10A82000C4F81431D4F818313344C4F8183101A8ED
:10A83000E9F782FF06B0BDE8F087000070B5044676
:10A840008430EAF7A1F90146B8B1637E2046ABB186
:10A85000FFF764FE94F80931022B0ED1D4F81051A1
:10A860001DB9FAF7A1FEC4E94405637E4BB1D4F8E3
:10A870000C31A3B1012384F8093170BDFFF78EFFBD
:10A88000E8E763691B689A6BD4F81431C2F58071EC
:10A89000994204D2A3F580731344082BEAD8FAF73F
:10A8A00083FED4F81031C01A0B4B9842E5D90B4BFC
:10A8B00062691B680A4998690A4BD21A0A4B9210BE
:10A8C0005A430368D2B21B68984723682046DB6B63
:10A8D000BDE870400021184720A10700082600208D
:10A8E0003012040858120408A38B2EBA10B5436A1C
:10A8F0000446E3B190F80911EAF710F8B8B104F191
:10A900007000EAF75BF994F80A21D4F8983080B225
:10A9100072B198420BD2626A002384F80A3122F0A5
:10A920000F01012302F00F0293409BB20B8310BD75
:10A9300010339842FBD9626A012322F00F0102F022
:10A940000F0284F80A3193409BB24B83EFE700007B
:10A9500038B50D4B026DDB689A4204460FD190F872
:10A96000EC3003F0FF0543B17030EAF7FBF894F8E0
:10A970000A3133B92046FFF7B9FF284638BD002514
:10A98000FBE71D46F9E700BF98B2002038B50D4B34
:10A990000546DB68006D984210D195F8EC306BB13C
:10A9A00005F17000EAF702FA044628B195F80A3179
:10A9B00013B92846FFF79AFF204601E04FF0FF3019
:10A9C00038BD00BF98B2002038B590F80851044651
:10A9D000FAF7F8FD85F0010504EBC505C5E93E0170
:10A9E00094F8083183F0010384F8083138BD000081
:10A9F00070B5037E0446002B49D0D0F8B4301B68F4
:10AA00005D6890F85C601A6822F01F021A60D0F846
:10AA1000B430C5F140051968ADB2F6B20A68D20784
:10AA2000FCD4597A5A683D238B4013602046FFF7C7
:10AA300031FD7DB118362A4654F8261004F1700015
:10AA4000EAF732F9D4F81C312B44C4F81C31204603
:10AA5000FFF7BAFF636D93B104F17000EAF794F861
:10AA6000B4F8583098420AD3302383F311884FF456
:10AA70008061606D05F030FC002383F3118894F849
:10AA80000A3123B12046BDE87040FFF72FBF70BDEB
:10AA90002DE9FF4700F1700804464046EAF78EF8BA
:10AAA000694602464046EAF7BDF86D4681460027F2
:10AAB00004F5A67AB9452ADD636918680368D5E903
:10AAC00000121E6A0023B047061E20DB94F8603196
:10AAD0003BB1504605F0F4FB10F0200F18BF4FF0CB
:10AAE000FF36D4F844315BB931464046EAF7C2F844
:10AAF000D4F81C313344C4F81C312046FFF764FFFE
:10AB00006B68B34205F1080501D80137D2E704B0FC
:10AB1000BDE8F0871FB590F8ED300446002B62D0F9
:10AB2000D0F8443123B300F1BC014FF4A46203A870
:10AB3000E9F7E6FD04F5987005F0C2FBD4F844315E
:10AB400023EA0000C4F8440178B9636918680190E9
:10AB500004F006FEB4F84430019843F00803A4F86A
:10AB6000443004F13C0104F0EDFD03A8E9F7E4FDF5
:10AB700063695A795AB11B68D3F88C341B681B7807
:10AB8000042B30D1194B1B68DB6901221A7194F830
:10AB90002E31DBB140F23E5204F1D40103A8E9F7B3
:10ABA000AFFD2046FFF774FF636D63B104F17000E1
:10ABB000E9F7EAFFB4F85830984204D3606D4FF4D7
:10ABC000806105F09FFB03A8E9F7B6FD40F246520D
:10ABD00004F1BC0103A8E9F793FD2046FFF72EFE20
:10ABE00003A8E9F7A9FD04B010BD00BF08260020A6
:10ABF000F8B51E4D0446E36A3BB92B68986A0368B2
:10AC00004FF47A719B689847F5E700264FF47A7104
:10AC100041F20C0005F096FB0546FAF7C5FC831BD4
:10AC2000B3F57A7F2ABF06460027012729070AD5F0
:10AC300094F84831C3B1236D986B0130B52828BF13
:10AC4000B52005F09FFE94F8ED30002BDED06A07AA
:10AC500006D42FB9D4F84431002BD7D0EB04D5D586
:10AC60002046FFF757FFD1E73C20EAE708260020FF
:10AC700008B5FFF7BDFF000037B590F8EC3004468B
:10AC8000002B79D090F82E31002B75D100F1D40132
:10AC900040F25D4201A8E9F733FD63695B79C3B90E
:10ACA00004F5B87005F00CFB430642BFD4F86431DC
:10ACB0000133C4F86431C50542BFD4F868310133AB
:10ACC000C4F86831000642BFD4F86C310133C4F8CF
:10ACD0006C31237E002B42D0D4F8B430002B3ED010
:10ACE000302383F31188D4F8B4301B681A68D10775
:10ACF00032D45D68C5F1400515F0FF0517D094F812
:10AD00005C3018332A4654F8231004F17000E9F738
:10AD1000CBFFD4F81C312B44C4F81C312046FFF77C
:10AD200053FE94F80A3113B12046FFF7DFFDD4F843
:10AD3000B4301A68136823F01F031360D4F8B430DA
:10AD400019680A68D207FCD4597A5A683D238B40A7
:10AD500013602046FFF79EFB002383F3118863698D
:10AD60005A7982B11B68D3F88C341B681B78042B8A
:10AD700004D001A8E9F7E0FC03B030BD0D4B1B681F
:10AD8000DB6901221A71237E13B92046FFF780FE8A
:10AD9000636D002BEDD004F17000E9F7F5FEB4F817
:10ADA00058309842E5D3606D4FF4806105F0AAFAFF
:10ADB000DFE700BF08260020104B70B5104C1D685F
:10ADC000A86A226803689B681AB94FF47A71984799
:10ADD000F6E7A86A0B4E03684FF47A719B689847B0
:10ADE0000B2456F8040B20B190F8EC300BB1FFF7B0
:10ADF00043FF013C14F0FF04F3D1EAE708260020EA
:10AE00008CA9002060A9002038B50446C8060D466C
:10AE100004D5206A10B1022106F0CCFB690604D5E6
:10AE2000E06910B1022106F0C5FBAA0604D5206A2C
:10AE300010B1012106F0BEFB2B0606D5E06920B15A
:10AE4000BDE83840012106F0B5BB38BD2DE9F0471B
:10AE500043695D7904460E462DB1B1FA81F56D095D
:10AE60002846BDE8F087A0F82C11D3F80080986937
:10AE7000D8F85422D2F810A05769D268294602F4B3
:10AE800000591A7901F07CF8636920621A795869CF
:10AE9000012101F075F86369E0611A79D86904212C
:10AEA00001F06EF8636960621A79186A042101F092
:10AEB00067F82368A062DB6B94F809112046984775
:10AEC000636916F0010F93F9241000F086800029C1
:10AED0000CDB5A4A1268D0690268C9B2156993F846
:10AEE0002520A847206A002873D101256269B00790
:10AEF00092F9261040F185800029C0F296804F4BD0
:10AF000092F827201B68D8690368C9B21B69984763
:10AF1000E06910B1022106F04DFB16F0080F18BFD2
:10AF200000257107D4F8283140F1818043F00803EF
:10AF3000C4F8283194F82E3147F0080763B96369E3
:10AF400018684FF48052182304F59871043005F006
:10AF50007FF9012384F82E31237E93B1D4F8B430E5
:10AF60007BB11A68136823F01F031360D4F8B43060
:10AF700019680A68D207FCD4597A5A683D238B4075
:10AF800013600023238331462046FFF73DFFD8F8A6
:10AF900054321A69524503D15A69BA423FF460AF3C
:10AFA000B9F1000F03D0DA6822F40052DA60D8F861
:10AFB0005432C3F810A0D8F854325F61B9F1000FD1
:10AFC0003FF44EAFD8F85422D36843F40053D36013
:10AFD00046E7022106F0EEFA87E7002985DB174AEB
:10AFE0001268D06993F825200368B2FA82F21B69CF
:10AFF0005209C9B29847206A00283FF476AF012170
:10B00000E8E7002989DB0D4B92F827201B68D869F7
:10B010000368B2FA82F21B695209C9B29847E06923
:10B0200000283FF47AAF012175E7002575E723F08A
:10B03000080327F00807C4F82831A4E708260020F1
:10B0400010B5124B1A7802BB114C124801221A702B
:10B0500004F028FC21460F4804F050FC2468E26EFE
:10B06000D2F8043843F00203C2F8043840F2DC504E
:10B0700005F0A0FC0849204604F078FDE26ED2F805
:10B08000043823F00203C2F8043810BD90A9002050
:10B090007019040854B50020781904082DE9F0410E
:10B0A00004468AB090461F460E4671B957EA02031D
:10B0B0000BD190F8ED3043B190F8EC302BB1864BCA
:10B0C000DB6803650AB0BDE8F081FFF76DF96369DD
:10B0D0001A68002AF6D05B794FF4C870B6FBF0F01E
:10B0E000B0F5007F38BF4FF40070002B0CBF4FF459
:10B0F00000734FF4806385B29F4238BF1F464FF400
:10B100009572454504F1D40104A838BF4546E9F7D6
:10B11000F7FA636F9D4207D0002384F8EC3029468C
:10B1200004F17000E9F70EFD636F1B09C4F8983055
:10B130006EB1A36BB34261D0684B1B689B69A66379
:10B14000A3425BD004F17000E9F70CFD012694F8EE
:10B150002E31EBB9B4F82C31DD0519D4226E52B979
:10B1600063699B793BB15D4B1B68D86A03684021DA
:10B170009B6C98472066626E52B963699B793BB1BC
:10B18000564B1B68D86A036840219B6C98476066E1
:10B19000A36E7BB963691B7B63B1B4F82C2112F4F5
:10B1A000007207D14D4B1B68D86A036840219B6C25
:10B1B0009847A06694F82E3113B300232383B4F884
:10B1C0002C31D80544BF002222769905B4F86C20B2
:10B1D00044BF00236376B2F57A7FA36B1DD9B3F524
:10B1E000E13F1DD80023637663691A7BC2B1587BA7
:10B1F00000F0A6FBA0B10023637611E00026A6E7CD
:10B20000226E1AB1636E003B18BF01232376A36E32
:10B21000003B18BF01236376D1E7B3F5E13FE3D9E3
:10B220004FF4B77204F1BC0105A8E9F769FAD4F844
:10B2300088309F4207D0002384F8ED30394604F16E
:10B240008400E9F77FFC1EB104F18400E9F78AFC71
:10B2500063695A79002A45D094F8EE2042B91A68F9
:10B260001F4B9A4201D1FFF7EBFE012384F8EE3029
:10B27000D4F8883013B1012384F8ED30636F13B133
:10B28000012384F8EC30144BDB6823652046FFF77C
:10B29000A7F8236894F80911DB6B2046984794F8C7
:10B2A00036300BB994F8ED3094F884316BB963699A
:10B2B00018684FF400524FF4E07304F5B87104308D
:10B2C00004F0C6FF012384F8843105A8E9F734FAB5
:10B2D00004A8E9F731FAF5E698B200200826002024
:10B2E00054B50020A36B002BC2D094F8EE6094F804
:10B2F000EE30F6B203F0FF05DBB9237EB3B13023A5
:10B3000083F311886069444AC07923460C2102F016
:10B310002BFDC4F8B40085F31188D4F8B4301A6852
:10B3200063691B68D3F8543204339360012384F8B3
:10B33000EE30637E0BB3D4F8F030F3B9374B06949C
:10B34000CDE907341420364B0993E9F745F8054653
:10B3500078B10AAA12E9030063695F7B01AB83E855
:10B360000300079B0093FF22069B3946284600F006
:10B37000C7FAC4F8F05005B96576A36BE363217E84
:10B38000D4F82431B4F82021A4F84230B4F828319C
:10B39000A4F84020A4F8443039B142F0100243F040
:10B3A0004003A4F84020A4F84430637E2BB1B4F8E5
:10B3B000443043F08003A4F844301A4BC4E91234FB
:10B3C000636904F13C01186804F0BCF9237E002B8A
:10B3D0003FF44EAF63691B68D3F85422D36823F05F
:10B3E0002003D360002E7FF443AFD4F8B4301A6842
:10B3F000136823F01F031360D4F8B43019680A6887
:10B40000D207FCD4597A5A683D238B4013602046FA
:10B41000FFF740F82CE700BFF1A9020891A4020849
:10B4200019A502088DA1020800487047E01304081E
:10B4300000207047014B00201970704791A900202F
:10B4400070470000002070477047000005F08CBF77
:10B45000084609B105F084BF7047000008B51346DF
:10B4600012780C2AA8BF0C2208461A70024908F06C
:10B4700071FA012008BD00BF107AFF1F104619465F
:10B4800005F0FCBF06F00CB82DE9F34742F6F821B1
:10B490006846E9F71BF94F4801A9F3F71FF804467E
:10B4A00060B94C4A4C490620E7F778F9032468460E
:10B4B000E9F718F9204602B0BDE8F087019B1F3379
:10B4C00023F01F030193454B1D68686B036800213F
:10B4D0001B689847019A07460146204608F02AFA59
:10B4E00040B93F490620E7F759F92046F3F738F805
:10B4F0000124DCE73B490620E7F750F90026B04677
:10B50000019B434522D9686B03685FFA86F95B6843
:10B5100049469847824620B92046F3F721F802248D
:10B52000C5E7A86A03684FF47A711B699847686B8E
:10B5300003684946DB689847013628B92A494A46D4
:10B540000620E7F72BF9E7E7D044D9E7214A274956
:10B55000DFF8A4903B460620E7F720F9686B036804
:10B5600001215B6998474FF00108A86A03684FF40E
:10B570007A711B699847686B036822461E69019BB4
:10B580003946B0470646B8B942460A23494606201E
:10B59000E7F704F9A86A036864215B6808F1010809
:10B5A0009847B8F10B0FE0D1686B036831465B69CF
:10B5B00098470F490A22C3E70E490620E7F7EEF83D
:10B5C000686B036800215B6998472046F2F7C8FF63
:10B5D00000246CE714960308F813040808260020DA
:10B5E0000B140408221404082B1404083C14040847
:10B5F000781404086E1404084F1404082DE9F04F61
:10B60000214B9DB01A7C0F925A7C10929A7C119219
:10B61000DA7C12925A7D1F7D13929A7D1492DA7D04
:10B62000159293F818B093F819A093F81A9093F81C
:10B630001B8016AB0C46054614491722184608F025
:10B64000ABFE139A0792149A0692159A05920F9AD6
:10B650000492109A0392119A0292129A0C4B089734
:10B66000CDE900020026CDE909893222214628468B
:10B67000CDE90BAB8DF86F60E9F7D0F9012084F8C4
:10B6800031601DB0BDE8F08F007AFF1F98140408E8
:10B69000A414040806F072B82DE9F0471B4A1C4CAC
:10B6A000DFF87480DFF874A0DFF8749086B010467D
:10B6B0000F4605F097FF154A1649A41A0346009451
:10B6C000384600F071FD04F013FF0446D4B1256A3A
:10B6D000E269A36B05924545284614BF661BAAEB99
:10B6E0000806049305F07EFFDDE90432CDE901068A
:10B6F00049463846009500F057FD204604F008FF03
:10B700000446E3E706B0BDE8F08700BF0001002073
:10B7100000070020DC14040800070020002300209C
:10B720000F150408084600F04FB900002DE9F0415C
:10B7300088B00D4604A805A905F030FE1549DFF8CC
:10B7400058800646284600F02FFD00242746E0B228
:10B7500086421CD9CDE9067710B1049B03EB441057
:10B7600007AA06A904F04AFD05990C22624388182D
:10B77000D0E90130029007980190069800908A580D
:10B780009B0A4146284600F00FFD0134DFE708B070
:10B79000BDE8F081341504083F1504082DE9F34B8A
:10B7A00004460E46F9F706FFD4F8CC301549C4F824
:10B7B000CC00A0EB0308304600F0F6FC124B134F10
:10B7C0001B680193A4340025019A05F1100352F877
:10B7D0002390B9F1000F0DD02A463946304600F0CB
:10B7E000E3FCD9F800302246D3F868B0314643462E
:10B7F0004846D8470135052D04F10804E4D102B0CC
:10B80000BDE8F08B701504080826002078150408A0
:10B8100010B50F4B1C68E36A012283F84F20E06AE1
:10B820001321043005F0B4FF0A4BDA6ED2F8043865
:10B8300043F00203C2F804384CF2503005F0BAF875
:10B84000A06A0368BDE810409B6B0021184700BF49
:10B850000826002020AD002008460AB905F054BD96
:10B86000012A01D105F066BD022AF7D0012005F0BA
:10B8700073BD000070B50C4615462AB9084605F0A0
:10B880006FFD2E46304670BD104619B9BDE87040B8
:10B8900005F01EBD05F01CFD06460028F2D054F848
:10B8A000042CAA4228BF2A46214608F053F8204615
:10B8B00005F056FDE6E7000070B50C46154600267B
:10B8C000AE4204D2E9F75AFFA0530236F8E7EB077D
:10B8D00004D5E9F753FF2C4404F8010C012070BD96
:10B8E000E9F766B838B5054D00242846013404F060
:10B8F0005BFD102C05F12005F7D138BD98A900207B
:10B9000082B010B5914203934FF00003C0E90033B9
:10B91000C0E9023304460174427484BF0274417466
:10B92000DDE9030184E80300DDE9050104F1080312
:10B9300083E803002046BDE8104002B070470000D5
:10B94000002070470F2838B50AD8074B03EB401585
:10B950002846AC6804F06AFD14B1AB689C4201D182
:10B96000002038BD0120FCE798A900200F2938B538
:10B970000446154610D8094800EB411004F082FD3A
:10B9800055B1074B1B683BB1227C02EB420203EB33
:10B9900082039A6801329A6038BD00BF98A90020DE
:10B9A00094A9002013B5002304460A46837401912C
:10B9B000417CFFF7DBFF019A217C204602B0BDE805
:10B9C0001040FFF7D3BF00002DE9F04F314E2DEDB1
:10B9D000028B33688BB007461BB9CC20E8F702FD19
:10B9E00030602D499FED2D8ADFF8B480384600F095
:10B9F000DBFB00254FF00C09336809FB05F4EAB2C4
:10BA0000195903EB040C31B9DCF8041019B9DCF84E
:10BA10000810002936D0191991ED007A53F804E086
:10BA2000DCF80400DCF8081007910EEB000101318E
:10BA300007EE901AB8EE477AF8EE677A27EE087AA2
:10BA4000DCF804A053F804B0C7EE277A02F007032D
:10BA5000D20801320993089217EE900AE4F756FDD6
:10BA6000079B0093CDE90401DDE90823CDE901AB93
:10BA70004146384600F098FB336800221A5133687B
:10BA800023445A600135102DB6D10BB0BDEC028BAA
:10BA9000BDE8F08F94A90020141604080000C842E5
:10BAA0001B160408D0E900031847000038B5044607
:10BAB000007C0F280FD83F4D05EB4013D96951B1D9
:10BAC000A14208D018461430FFF7ECFF237C05EBA9
:10BAD00043150023EB61607C0F280FD8354D05EB33
:10BAE0004013D96951B1A14208D018461430FFF76C
:10BAF000D9FF637C05EB43150023EB61227C0F2A01
:10BB000004D82C4B03EB4213DB693BB1627C0F2A58
:10BB100026D8284B03EB4213DB690BBB214620469A
:10BB2000FFF7C0FF237C0F2B0BD8224AD4E9020178
:10BB300002EB4313143383E80300237C02EB43122C
:10BB4000D461637C0F2B0BD81A4AD4E9020102EBB3
:10BB50004313143383E80300637C02EB4312D46184
:10BB600015480268D2B1237C0F2B09D8E57C03EB82
:10BB70004303990002EB83039DB1535801335350A3
:10BB8000637C0F2B0AD80268E07C03EB4303990027
:10BB900002EB830348B15358013353500123A3747C
:10BBA00038BD5A6801325A60EAE75A6801325A6071
:10BBB000F4E700BF98A9002094A9002038B50446F6
:10BBC000007CFFF7BFFE0546607CFFF7BBFE002D43
:10BBD00008BF0546E5742046BDE83840FFF766BF5C
:10BBE000044B11220021013AC3E9051103F120039E
:10BBF000F9D1704798A9002070470000007970477C
:10BC0000406820F00F0300F00F001B6923FA00F0DA
:10BC100000F001007047000010B5426801F001011A
:10BC200002F00F0081F0010300F11004A3408140F5
:10BC300022F00F021943916110BD0000426822F00A
:10BC40000F010123486902F00F02934043404B610A
:10BC50007047000000B100477047000010B5044C69
:10BC6000A07820B10138C0B2FAF782FC607010BD34
:10BC7000B8AB002040680A4600F00F03012199404C
:10BC800020F00F0002F000B970B50446F9F78CFC03
:10BC9000034694B1E56885B1E28A8AB1012A0DD1E3
:10BCA000302383F31188606800F00F0120F00F004B
:10BCB00002F088F9002383F3118870BD013AE28213
:10BCC0006268A06822F00F0102F00F02096921FAF0
:10BCD00002F2AC46217802F00102BDE870406047F4
:10BCE00073B5224CE38A012B054604D042F210734F
:10BCF000E38202B070BD1E4B1E68237E83B922789A
:10BD00001C490320E6F74AFDF36A93F89C3073B1AF
:10BD1000F2F7A8FB40F275224FF00071F2F78EFBAC
:10BD2000F36A93F89C3013B101232376E1E7237E75
:10BD3000FF2B15D1A36813B9E368002BD9D0227863
:10BD40000D490520E6F72AFD2B68627E0092DE6A27
:10BD50000A4B21780CCB2846B0470028C6D1E3E730
:10BD60000133DBB2642B2376C3D9E3E7B8AB002001
:10BD7000082600205016040864160408C0AB0020F2
:10BD8000074B1A78824208D129B19A781AB15A78A9
:10BD9000002A08BF0023184670470023FBE700BFB6
:10BDA000B8AB002008B508460121FFF7E9FF38B11C
:10BDB000436823F00F0203F00F031069D8400840D6
:10BDC00008BD000008B508460121FFF7D9FF40B1C2
:10BDD000436823F00F0203F00F035069994041407C
:10BDE000516108BD08B508460121FFF7C9FF0038B9
:10BDF00018BF012008BD000010B5084601211446F7
:10BE0000FFF7BEFF20B1406805F0A8FB20600120CD
:10BE100010BD000038B5084601211546FFF7B0FFF8
:10BE2000044638B13DB9037D7BB1437D202B01D061
:10BE3000402B0AD138BD4175406805F08FFB00F0FA
:10BE40000500052803D1607501E000236375606873
:10BE5000627D00F00F030121994020F00F0002F0F5
:10BE600013F8B5FA85F252092275E3E738B50846AA
:10BE700001211546FFF784FF044698B14068237DF1
:10BE800000F00F02914020F00F0043B1012D0CBFD4
:10BE9000202240226275BDE8384001F0F5BF89B22A
:10BEA0000DB9418338BD0183FCE7000007B50846A2
:10BEB00001210192FFF764FF58B14068019A00F038
:10BEC0000F03994020F00F0003B05DF804EB01F080
:10BED000DBBF03B05DF804FB084610B50121C0B21A
:10BEE000FFF74EFF044638B10820E8F775FA18B19D
:10BEF0006368024AC0E9002310BD00BFAC16040805
:10BF0000054B1878884205D1987820B10138107017
:10BF10000120704700207047B8AB002008B53023DF
:10BF200083F3118808B103691BB9002383F31188D7
:10BF300008BD0021103004F057FDF6E707B50A4BA5
:10BF4000084611461A7E62B1024608481B7800680E
:10BF50000093C06A064BE8F761FD002003B05DF86E
:10BF600004FB0120FAE700BFB8AB00200826002040
:10BF700084160408014B0360704700BFC416040810
:10BF8000704700002DE9F8431C469DF82030013B26
:10BF9000DBB2022B0E4690461CD8134AD55C134BDD
:10BFA00006F00F0753F83730BBB1D4B9254626F059
:10BFB0000F093946484602F005F822464146304608
:10BFC00003F0F2F948462A46394601F0C9FF01203C
:10BFD000BDE8F8832CB92546E1E7002C08BF002511
:10BFE000E5E70020F4E700BFA016040858AC0020E5
:10BFF0002DE9F34107460846012190461C46FFF70C
:10C00000BFFE054640B1302383F31188066936B17F
:10C01000002181F31188084602B0BDE8F081CDF817
:10C0200000804168114A03463846FFF7ABFF10B95C
:10C0300080F31188F0E747F230520A212046E9F7F1
:10C040008DFB014605F1100004F0C0FCCDF8008026
:10C0500069680446334632463846FFF793FF86F355
:10C060001188B4FA84F04009D6E700BF1DBF02086A
:10C0700013B5302484F311889DF810400094FFF725
:10C0800081FF002383F3118802B010BD07B5002A99
:10C0900000931346034A08BF0022FFF7E9FF03B0ED
:10C0A0005DF804FB55BC020873B50646084600213E
:10C0B00001921D46FFF764FE58B10176C182019AD4
:10C0C000416845762B46304602B0BDE87040FFF728
:10C0D000DDBF02B070BD0000F0B585B0064602AD10
:10C0E0000846002185E80C00FFF74AFE9DF82870FD
:10C0F000044618B90023184605B0F0BD039A01762E
:10C10000C1820346416809480097002A18BF0246C9
:10C110003046FFF7ADFF03460028EBD095E803005B
:10C1200004F1080282E803006776E4E789BC0208AC
:10C1300008B5064B1C220021184607F055FC4FF4A9
:10C14000A3720280024A426008BD00BFB8AB002063
:10C150000104024070B5467B05460EBB4468836807
:10C1600004EB8404A40804F50074E21A914288BF29
:10C17000CC180C4B29681B68D86A0368621C1B6DBD
:10C18000984718B901232B73304670BDAB68C5E9D9
:10C190000004E21A0021184407F026FC0126F3E708
:10C1A0000026F1E7082600200EB470B5017B85B0AB
:10C1B000044619BBD0E901239A421BD0134B1E68D9
:10C1C0000AADD4E9012120680095521A099B039514
:10C1D0000144F06AE8F702FC00280FDBD4E90123F0
:10C1E000D21A82420FD8411C2046FFF7B3FF002825
:10C1F000E7D103E0FFF7AEFF0028DFD105B0BDE8CF
:10C20000704003B070471844A060F7E7082600208C
:10C2100070B5037B04460E4615460BB1002070BD79
:10C22000D0E901329B1AAB4205D356B9A2682A4421
:10C23000A2600120F3E72946FFF78CFF0028F4D124
:10C24000ECE72068A3682A463146184407F082FBD1
:10C25000ECE7000010B5437B044613B9006805F015
:10C260007FF8204610BD0000F8B5044600680F4670
:10C2700016461D4608B105F073F84FF48073C4E903
:10C280000076A560A381F8BD08B52DED048BB0EE56
:10C29000609AF0EE408AFAF731F8B0EE408A89EE03
:10C2A000280A06F0BFF8DFED0B7A20EE270A06F029
:10C2B00051F8DFED097A38EE278ADFED087A28EEAB
:10C2C000278AF7EE007A37EEC00A28EE000ABDECA6
:10C2D000048B08BD41D3423E33938843A1D8194310
:10C2E00038B52DED088BDFED21AA9FED21AA9FED3A
:10C2F00021BA0546B0EE409AF0EE609AB0EE408A60
:10C300001524013CA4B25CB3F0EE490A2846B0EE15
:10C31000480AFFF7B9FFF0EE490A70EE698A28462D
:10C3200038EE2A0AFFF7B0FFB0EEE87A70EE697ACD
:10C33000B4EECA7AF1EE10FA77EEE87A10D468EE2D
:10C34000AA8A40F2631088EEA70AB0EE4B1A38EEC4
:10C35000400AF0EE4A0AE9F7D3F9B0EE408AD0E796
:10C36000B0EE480ABDEC088B38BD00BFCDCCCC3D4B
:10C370000AD7233C002474492DE9F7432C4E054687
:10C38000071DF9F71FF92C6A80468946FCB1D4E9EC
:10C390000423904579EB030317D3D4E904128845AD
:10C3A00079EB020306D3E3685B1842F10002C4E9AB
:10C3B0000432F2E74622394601A8E8F7A1F9D4E9A8
:10C3C0000103984701A8E8F7B7F92468DEE7F9F711
:10C3D000F9F82A6A234692B154EA0308D2E904EC38
:10C3E00003D0A6457CEB030807D2704571EB0C081F
:10C3F00004460B463CBF744663461268EBE7844232
:10C4000073EB01024CF250320AD3241A63EB01039E
:10C41000944273F1000303D2642C224638BF642295
:10C420003368986A036891B29B689847A9E700BF90
:10C430000826002038B504460D460430F8F766FAA1
:10C4400004F1340084F8245000220A2105F0D4F8C5
:10C4500004F1380000220A2105F0CEF8204638BD4C
:10C460002DE9FF4102AF87E80C0090F82C30DDF891
:10C47000288005460E464BBB012380F82C30C0F8BF
:10C480003080072004F024FF0446A0B398F8083059
:10C4900003F00702012A10D0022A14D0184B95F895
:10C4A0002420009521464FF49E6004F06BFFA862A3
:10C4B00060B914482146F9F751F8134ADB080721FF
:10C4C000F8F73AFAEAE7114ADB08F8E71820E7F745
:10C4D00083FF044678B1031D97E8030083E8030057
:10C4E000E660F9F76FF8301841F10001C4E9040182
:10C4F0002B6A23602C62204604B0BDE8F08100BFA7
:10C5000079C3020814170408081704080E17040852
:10C5100038B5094B1446DB68826A9A420D4609D148
:10C52000CC60F9F74FF8201841F10001C5E904018A
:10C53000012038BD0020FCE798B20020F8B51E4667
:10C540001B6805460C4617461BB9236863B90124CE
:10C5500008E0BDF81820806B314605F065F800282A
:10C56000F3D100242046F8BD2146686B3A4605F019
:10C5700095F804460028EAD13368002BF1D0A86B67
:10C5800005F0C4F8EEE7000038B50D461146044644
:10C590001A4611B1806B05F073F82DB1606B294616
:10C5A000BDE8384005F0AAB838BD00002DE9F041DB
:10C5B000456A15B94162BDE8F0818B6823F0604798
:10C5C000C3F38A464FEAD37EC3F3807816EA230684
:10C5D00038BF3E46AC462B469A68BEEBD27F22F06F
:10C5E00060440AD0002A18DAA40CB44217D19D4244
:10C5F0000FD10D60DEE71346EEE7A74207D102F048
:10C600008044C2F3807242450BD054B1EFE708D2A8
:10C61000EDE7CCF800100B60CDE7B44201D0B44296
:10C62000E5D81A689C46002AE5D11960C3E70000E6
:10C630002DE9F047089D01F007044FEAD508224490
:10C6400005F0070500EBD1004FF47F49944201D17A
:10C65000BDE8F08704F0070705F0070A57453E4696
:10C6600038BF5646C6F10806111B8E4228BF0E463B
:10C67000E10808EBD50E415C13F80EC0B94029FA69
:10C6800006F721FA0AF1FFB28CEA010147FA0AF72C
:10C6900039408CEA010C03F80EC034443544D5E728
:10C6A00080EA0120082341F2210201B24000002962
:10C6B00080B203F1FF33B8BF504013F0FF03F4D151
:10C6C0007047000038B50C468D18A54200D138BD22
:10C6D00014F8011BFFF7E4FFF7E7000042684AB1D6
:10C6E000136843604389818901339BB29942438136
:10C6F00038BF83811046704770B588B02022044649
:10C700000D466846002107F06FF920460495FFF7B3
:10C71000E5FF024658B16B46054608AE1C4603CC01
:10C72000B44228606960234605F10805F6D1104639
:10C7300008B070BD082817D909280CD00A280CD0D9
:10C740000B280CD00C280CD00D280CD00E2814BFB0
:10C750004020302070470C20704710207047142074
:10C76000704718207047202070470000082817D90C
:10C770000C280CD910280CD914280CD918280CD93D
:10C7800020280CD930288CBF0F200E20704709209C
:10C7900070470A2070470B2070470C2070470D200F
:10C7A000704700002DE9F843078C072F04461ED977
:10C7B000D0E9029800254FF6FF73C5F12006A5F1D8
:10C7C000200029FA05F108FA06F628FA00F03143AC
:10C7D0000143C9B21846FFF763FF0835402D0346F1
:10C7E000EBD1E1693A46BDE8F843FFF76BBF4FF67E
:10C7F000FF70BDE8F883000010B54B6823B9CA8A02
:10C8000063F30902CA8210BD04691A681C600361DF
:10C81000C38A013BC3824A60EFE700002DE9F84F6D
:10C820001D46CB8A0F46C3F309010D298146924666
:10C830000B4630D00020AAB207F11A049EB20C2E8B
:10C840001FFA80F80FD8904503F1010306D3FB8A45
:10C850000A4462F30903FB8201201AE01AF800601F
:10C86000E6540130EAE79045F1D2A1F10D0B242303
:10C870007C68BBFBF3F203FB12BB1FFA8BF6002CA8
:10C8800046D14846FFF72AFF044638B978606FF072
:10C890000200BDE8F88F4FF00008E6E700260660CA
:10C8A0007860ADB24FF0000B454510D90AEB080394
:10C8B000221D13F8011B9155B1B208F1010823297B
:10C8C0001FFA88F82CD0454506F10106F1D8FB8AFD
:10C8D000C3F30902154465F30903BCE7013292B2C0
:10C8E0001C462368002BF9D1A5F10D030B4424212C
:10C8F000B3FBF1F301339BB29A42D2D2BBF1000FEA
:10C90000CFD14846FFF7EAFE20B9C4F800B0BEE731
:10C910000122E6E7C0F800B05E4620600446C0E7AA
:10C920004545D4D94846FFF7D9FE08B92060AEE79F
:10C93000C0F800B0002620600446B5E72DE9F04FAE
:10C940002DED028B1C4683B05B6901920746884639
:10C95000002B00F0B280238C2BB1E269002A00F09A
:10C96000AC80072B3AD807F10C00FFF7B7FE05465D
:10C9700038B96FF00206304603B0BDEC028BBDE85B
:10C98000F08F2822002107F02FF8228CE16905F1B1
:10C99000180006F0DFFF208C013080B2FFF7E6FEC2
:10C9A000FFF7C8FE013880B22084013085F82000EE
:10C9B0006369228C1B782A4403F01F0363F03F0352
:10C9C00048F000411376A960D4E90A232946C5E955
:10C9D00004233846FFF7EAFD0126CCE702339BB279
:10C9E0000722C18A0633B3FBF2F3828A521A9BB242
:10C9F00092B29342BDD800F10C034FF0000908EE4B
:10CA0000103A4FF0800ACB464E4618EE100AFFF758
:10CA100065FE05460028ACD02822002106F0E4FF80
:10CA2000BBF1000F3CD1019B2B83022205F1180EB4
:10CA30001FFA82FC0CF10100BCF1060F218C80B2C0
:10CA400001D88B452ED3FFF791FEFFF773FE626985
:10CA50001278013802F01F028B4508BF4FF0400AE0
:10CA600042EA491215FA80F14AEA020A013048F016
:10CA7000004281F818A0AA6085F82000D4E90A01D4
:10CA8000C5E9040129463846FFF790FD228C01369E
:10CA90005A4536B289F001094FF0000AB5D16AE76C
:10CAA0000022C3E7E1690BF1010311F80B100EF846
:10CAB00002101FFA83FB0132BAE76FF001065AE752
:10CAC000F8B515460E463022002104461F4606F0F2
:10CAD0008BFFB5F5201F069B636038BF2822079B9C
:10CAE000A76028BF4FF6FF72A36238BFB5FBF2F212
:10CAF000E66197B204F1100000239A4206D80023A1
:10CB00000360A782E3822383E360F8BD06600133FC
:10CB100030462836F1E7000003781BB94BB2002BF2
:10CB2000C8BF01707047000000787047F8B50C4628
:10CB3000C969074611B9238C002B37D1257E1F2DDB
:10CB400034D8387828BB228C072A2CD8268A36F08D
:10CB500003032BD14FF6FF70FFF7B4FD20F0010067
:10CB60003102400441EA0561400C41EA40254FF69C
:10CB7000FF72234629463846FFF7E0FE002807DD0E
:10CB8000626913780133DBB21F2B88BF0023137057
:10CB9000F8BD218A2D0645EA012505432046FFF709
:10CBA00001FE0246E5E76FF00300F1E76FF00100D8
:10CBB000EEE700002DE9F041D36905460C46164624
:10CBC0000BB9138C5BBB377E1F2F28D895F80080DC
:10CBD000B8F1000F26D03046FFF7E4FD337821028C
:10CBE00041EAC33141EA0801338A41EA076141EA77
:10CBF00003410246334641F080012846FFF79EFE7E
:10CC000000280ADD3378012B07D1726913780133CC
:10CC1000DBB21F2B88BF00231370BDE8F0816FF0DB
:10CC20000100FAE76FF00300F7E70000406A00B187
:10CC300008307047436A1A68426202691A600361E9
:10CC4000C38A013BC38270472DE9F041D0F82080B0
:10CC50002A4E14461D464146002721B9416A0B461B
:10CC600061BBBDE8F081D1E90232E31A65EB020253
:10CC70009E4277EB02031ED2036A8B420DD1FFF76F
:10CC8000BBFD036A1B68036203690B60C38A016111
:10CC9000016A013BC3828846DFE7FFF7ADFD0B6801
:10CCA000C8F8003003690B60C38A0161013BC3828D
:10CCB000D8F80010D1E788460968CEE7D1E90476B4
:10CCC000A742AE410A680BD2466A8E420BD1036975
:10CCD00042620B60C38A0161416A013BC3820A461A
:10CCE0000B461146BCE71A6002690A60C28A0161FC
:10CCF000013AC2821A681946F2E700BF80841E001A
:10CD00002DE9F04F8BB00D46DDF8509014469B4650
:10CD10008046002800F01B81B9F1000F00F0178158
:10CD2000531E3F2B00F21381012A03D1BBF1000FE8
:10CD300040F00D810023CDE90833B8F81430B5EB8D
:10CD4000C30F4FEAC30703D300200BB0BDE8F08F39
:10CD50002B199F42D8F80C303ABF7F1BFFB22746F1
:10CD60001BB9D8F81030002B7CD0672D4ED8C5F1F8
:10CD70006806B7424FF000032CBFF6B23E46009360
:10CD80002946D8F8080008AB3246FFF751FCA7EB5C
:10CD9000060A35445FFA8AFAB8F8143003F10053F2
:10CDA0000D3BDB000493D8F80C3003936821039B00
:10CDB00013B1BAF1000F2CD1D8F8100040B1BAF17C
:10CDC000000F05D0009608AB5246691AFFF730FCF9
:10CDD00038B2002FB8D066070AD00AAB03EBD401F3
:10CDE000624211F8083C02F00702134101F8083CC6
:10CDF000082C3ED9102C40F2B780202C40F2B9808C
:10CE0000BBF1000F00F09E80082336E0BA460026F2
:10CE1000C2E7049BB3F5907F28BF4FF4907306934D
:10CE20000B44AB42059314D95A1B039800969245C4
:10CE300034BF5246D2B2691A08AB04300792FFF7EA
:10CE4000F7FB079A1644AAEB020A1544F6B25FFAFA
:10CE50008AFA049B069A05999B1A0493039B1B6804
:10CE60000393A4E70093D8F8080008AB3A46294694
:10CE7000ACE7BBF1000F13D00123B4EBC30F6CD0B0
:10CE8000082C12D89DF82030621E23FA02F2D50732
:10CE900006D54FF0FF3202FA04F423438DF8203018
:10CEA0009DF8203089F800304FE7102C12D8BDF8DB
:10CEB0002030621E23FA02F2D10706D54FF0FF326E
:10CEC00002FA04F42343ADF82030BDF82030A9F86D
:10CED00000303AE7202C0FD80899631E21FA03F39B
:10CEE000DA0705D54FF0FF3202FA04F40C43089438
:10CEF000089BC9F8003028E7402C2BD0DDE90865F5
:10CF0000611EC4F12102A4F1210326FA01F105FA00
:10CF100002F225FA03F311431943CB0712D501227C
:10CF2000A4F12003C4F1200102FA03F322FA01F173
:10CF3000A240524243EA010363EB430332432B43D3
:10CF4000CDE90823DDE90823C9E90023FDE66FF0F8
:10CF50000100FAE66FF00800F7E6082CA0D9102CC3
:10CF6000B3D9202CEED8C3E7BBF1000FADD002231C
:10CF700083E7BBF1000FBBD004237EE730B5012A65
:10CF8000144638BF0124402C85B028BF402400251A
:10CF9000012ACDE9025518D81B788DF808306307AF
:10CFA0000AD004AB03EBD405624215F8083C02F04A
:10CFB0000702934005F8083C0091034622460021F1
:10CFC00002A8FFF735FB05B030BD082AE4D9102AC6
:10CFD00003D81B88ADF80830E1E7202A8DBFD3E9DC
:10CFE00000231B680293CDE90223D8E710B5CB6874
:10CFF0001BB98B600B618B8210BD04691A681C60C1
:10D000000361C38A013BC382CA60F0E703460A8B0F
:10D01000486918609A8018467047000082B08DED0C
:10D02000010A019820F00043B3F1FF4F08D31BD051
:10D0300047F6FF73000C00F40040184302B070473D
:10D040000B4BDFED0C7A034007EE103A67EE277AC0
:10D0500017EE903A03F58053B3F1786F28BF4FF085
:10D060007863C3F34F33E5E74FF4F843E2E700BFDB
:10D0700000F0FF7F0000800703064CBFC0F3C03004
:10D080000220704708B50246FFF7F6FF022806D1D6
:10D090005306C2F30F2001D100F0030008BDC2F314
:10D0A0000740FBE72DE9F04F93B0CDE903230A6871
:10D0B00004461046FFF7E0FF022814BFC2F306261D
:10D0C0000026002A0D46824680F2FD8112F0C049FA
:10D0D00040F0F981097E002900F0F581022803D093
:10D0E0002378B34240F0F281C2F304630693104602
:10D0F00002F07F030593FFF7C5FF059B29444FEA24
:10D10000834848EA0A4848EA4668CE7B0023002262
:10D11000CDE90823F309834648EA0008029367D063
:10D12000059B009302466768534608A92046B84706
:10D13000002800F0CE81276A4FB9414604F10C0067
:10D14000FFF7DAFA074690B96FF0020054E03B6946
:10D1500098450DD03F68002FF9D1414604F10C00ED
:10D16000FFF7CAFA07460028EED0236A3B60276221
:10D1700097F817C006F01F08CCF3840CACEB08003E
:10D180001FFA80FE0028B8BF0EF12000A8EB0C03A8
:10D190001FFA83FED7E90221B8BF00B2002B079324
:10D1A000BEBF0EF120031BB2079352EA010338D031
:10D1B000039BDFF828E39A1A049B4FF0000C63EB03
:10D1C000010196457CEB01032BD36B7E97F81AE0A7
:10D1D000734519D1029B002B79D0012821DC786896
:10D1E000F8B9DFF8F4C2944570EB010316D337E0C9
:10D1F000276A27B96FF00C0013B0BDE8F08F3B69C8
:10D200009845B5D03F68F4E7B34890427CEB010302
:10D2100001D30020F0E7029B002BFAD0079B0F2BD5
:10D2200017DCFA7DB30002F0030203F07C03134322
:10D23000FB7539462046FFF7DFFA6B7EBB76029B13
:10D240003BB9FB7DC3F38402013262F38603FB75B5
:10D25000D0E76A7EBB7E9A42DBD1029B002B36D0A0
:10D26000B309022B33D0039BBB60049BFB601422E9
:10D2700000210DA806F0B8FB039B0A93049B0B93B7
:10D2800005F110030C932B7EADF83EB0013BDBB2F1
:10D29000ADF83C30069B8DF84230059B8DF843304D
:10D2A00094F82C308DF840A083F001038DF84430C1
:10D2B0008DF84180A3680AA920469847FB7DC3F3F7
:10D2C0008403013303F01F039B02FB82A1E7FB7D74
:10D2D000C6F34012B2EBD31F40F00281C3F38403C4
:10D2E000434540F00081029A2B7EB609002A53D0B4
:10D2F00016F0010663D1032B40F2F880039BBB605C
:10D30000049BFB60FB8A66F30903FB822B7E05F11D
:10D310001206033BDBB23246394604F10C00FFF73C
:10D320007DFA00280CDA39462046FFF765FAFB7DC6
:10D33000C3F38403013303F01F039B02FB8203E763
:10D34000DDE908842B8A3B834FF6FF73C9F1200087
:10D35000A9F1200228FA09F104FA00F0014324FAA5
:10D3600002F211431846C9B2FFF79AF909F1080908
:10D37000B9F1400F0346E9D1B8822A7E033AD2B20E
:10D380003146FFF79FF9FB7DB882DA43C2F3C01242
:10D3900062F3C713FB753CE78EB905F11006013B3C
:10D3A000DBB23246394604F10C00FFF737FA0028A9
:10D3B000B9DB2A7EB88A013AD2B23146E1E7F98A6E
:10D3C000C1F30901013B0C29DAB25DD805F1100067
:10D3D000002307F11B069A4208D910F801CB06F882
:10D3E00001C0013101330D29DBB2F4D103990A9157
:10D3F00004990B91934207F11B010C9138BF103334
:10D4000079680D9134BF55FA83F300230E93FB8A9C
:10D41000ADF83EB0C3F309031A44069B8DF84230C1
:10D42000059B8DF8433094F82C30ADF83C2083F008
:10D4300001038DF8443000238DF840A08DF8418021
:10D440007B602A7EB88A013A05F11001FFF73AF9AC
:10D450003B8BB882834203D1A3680AA92046984730
:10D4600020460AA9FFF7C2FDFB7DBA8AC3F38403F5
:10D47000013303F01F039B02FB823B8B9A420CBFDC
:10D4800000206FF01000B7E67B68002BAED00D20B7
:10D4900001E0243033461E68002EFAD1091A081D17
:10D4A00005F11006184401EB090CBCF1230F5FFADB
:10D4B00089F39BD89A4299D916F8013B00F8013BB1
:10D4C00009F10109EFE76FF0090095E66FF00A0036
:10D4D00092E66FF00B008FE640420F0080841E0042
:10D4E0006FF00D0088E66FF00E0085E66FF00F001C
:10D4F00082E600BFEFF3098305494A6B22F001027F
:10D500004A63683383F30988002383F311887047E3
:10D5100000EF00E0302080F3118862B60C4B0D4A1A
:10D52000D96821F4E0610904090C0A43DA60D3F8F0
:10D53000FC20094942F08072C3F8FC200A6842F0DE
:10D5400001020A602022DA7783F82200704700BFC8
:10D5500000ED00E00003FA05001000E010B53023F4
:10D5600083F311880E4B5B6813F4006314D0F1EE63
:10D57000103AEFF30984683C4FF08073E361094B84
:10D58000DB6B236684F3098803F082F810B1064B45
:10D59000A36110BD054BFBE783F31188F9E700BFDA
:10D5A00000ED00E000EF00E0671101086A110108DA
:10D5B000F0B500F10B04002B14BF1D460D462346A9
:10D5C000B1FBF2F702FB171101F13006392EC8BF8B
:10D5D00001F1370603F8016D2E4696423946B5FB38
:10D5E000F2F5EDD2421EE11A13F8015B02F8015F79
:10D5F000A342F9D10844F0BD2DE9F04F2DED048B85
:10D6000006468BB0904600270C4614F8013B002BD1
:10D610003FD0252B06D032681946D2683046904755
:10D620000137C3E14B782D2B06BF8C1C012300234F
:10D63000029323782B2B04BF01344FF0010B94F895
:10D6400000A018BF4FF0000BBAF1300F0CBF01342F
:10D650004FF0200A23782A2B21D158F8043B01935C
:10D66000023414F8013C2E2B48D123788BB12A2B9D
:10D6700026D0611C4FF000090A20A3F13002D2B27B
:10D68000092A0C4620D811F8013B00FB0929002B80
:10D69000F3D138460BB0BDEC048BBDE8F08F00230E
:10D6A00001930A2114F8013B002BF2D0A3F13002C0
:10D6B000D2B2092AD7D8019B01FB03230193F1E7DA
:10D6C00058F8049B6378023403F0DF024C2A18D127
:10D6D0002378002BDDD0782B04F1010420D8622BB5
:10D6E00000F27081582B1BD84E2B00F29F81442BE7
:10D6F00000F09680492B00F0938011E04FF0000974
:10D70000E2E7A3F14102782BD2B209D8622B0BD801
:10D71000582B05D84E2B3BD8442B7CD0492B7AD0A4
:10D720008DF81030454656E0A3F163001528F7D870
:10D7300001A555F820F000BFC9D7020817D8020884
:10D7400021D70208B5D8020821D7020821D702083C
:10D7500017D8020821D7020821D7020821D70208CA
:10D7600021D7020821D7020877D9020869DA02080E
:10D7700021D7020821D70208E1D7020821D70208E1
:10D7800065DA020821D7020821D7020869DA0208FF
:10D79000A3F14F02092AC3D801A050F822F000BF1C
:10D7A00077D9020869DA020821D7020821D70208CE
:10D7B00021D7020821D7020865DA020821D702081A
:10D7C00021D7020869DA020845464FF0200A55F8C9
:10D7D000043B8DF810300DF110080DF1110030E010
:10D7E0004546A24B55F8048BB8F1000F08BF984688
:10D7F00047F6FF73B9F1000F08BF9946C14443468D
:10D80000184613F8012B1AB1A9EB0302002AF7DA24
:10D810004FF0200A15E04546192A55F8041B02D896
:10D82000454655F8041B00293BDA2D238DF81030AE
:10D8300049420DF1110000230A22FFF7B9FE0DF154
:10D840001008019B0299A0EB0809A3EB090222EA48
:10D85000E273002940F0AC80002AC3F1000B1EDD0A
:10D8600098F800102D2901D02B290DD1BAF1300FD5
:10D870000AD132680193D26830469047019B013744
:10D8800009F1FF3908F1010832680193D268514665
:10D89000304690471BF1010B019BF5D11F444B46CD
:10D8A00078E0BBF1000F03D02B238DF81030C0E7D8
:10D8B00004A8C0E708F1070525F00705F5E802010F
:10D8C000E3F774F908EE100AB5EEC08AF1EE10FA2B
:10D8D00047D52D238DF81030B1EE488A0DF111088F
:10D8E00018EE100AE2F712FE09F1FF33092B28BFE8
:10D8F0004FF0090909F1FF395D4BFDEEC87A53F885
:10D900002930039341EC190B0A2217EE901A0023D9
:10D910004046FFF74DFE83462E2317EE900A0BF884
:10D92000013BE2F7E1FD02460B4651EC190BE2F731
:10D930008DFC804603988946E2F7C6FD02460B46F9
:10D9400040464946E2F73AFE4FF00A08039BB3FB14
:10D95000F8F30393E3F7E2F8039B01464246584687
:10D960006BE7BBF1000F03D02B238DF81030B5E728
:10D970000DF11008B4E708224546002355F8041BB2
:10D9800004A85AE7326818F8011BD26801933046A0
:10D990009047019B013BF5D5B9F1000FA8BF4F445B
:10D9A000D846B8F1000F05D15F44A84621462BE6C2
:10D9B0009B4674E733685146DB683046984708F168
:10D9C000FF38EEE7A3F16302152A3FF6A9AE01A1E5
:10D9D00051F822F0C9D7020821D8020821D702083D
:10D9E000B5D8020821D7020821D7020821D8020899
:10D9F00021D7020821D7020821D7020821D702081F
:10DA000021D7020877D9020869DA020821D702086B
:10DA100021D70208E1D7020821D7020865DA0208F7
:10DA200021D7020821D7020869DA0208A3F14F02C0
:10DA3000092A3FF675AE01A151F822F077D9020804
:10DA400069DA020821D7020821D7020821D7020883
:10DA500021D7020865DA020821D7020821D7020877
:10DA600069DA02080A2287E7102285E734170408DA
:10DA70003C17040808B5074B074A196801F03D0137
:10DA8000996053680BB190689847BDE80840FFF76C
:10DA900065BD00BF00600240D4AB002008B5084B54
:10DAA0001968890901F03D018A019A60054AD36825
:10DAB0000BB110699847BDE80840FFF74FBD00BFA4
:10DAC00000600240D4AB002008B5084B1968090C6F
:10DAD00001F03D010A049A60054A53690BB190694F
:10DAE0009847BDE80840FFF739BD00BF006002401D
:10DAF000D4AB002008B5084B1968890D01F03D0131
:10DB00008A059A60054AD3690BB1106A9847BDE847
:10DB10000840FFF723BD00BF00600240D4AB0020E7
:10DB200008B5074B074A596801F03D01D960536AAF
:10DB30000BB1906A9847BDE80840FFF70FBD00BFE2
:10DB400000600240D4AB002008B5084B5968890931
:10DB500001F03D018A01DA60054AD36A0BB1106B0E
:10DB60009847BDE80840FFF7F9BC00BF00600240DD
:10DB7000D4AB002008B5084B5968090C01F03D01F1
:10DB80000A04DA60054A536B0BB1906B9847BDE805
:10DB90000840FFF7E3BC00BF00600240D4AB0020A8
:10DBA00008B5084B5968890D01F03D018A05DA6016
:10DBB000054AD36B0BB1106C9847BDE80840FFF7DE
:10DBC000CDBC00BF00600240D4AB002008B5074BBD
:10DBD000074A196801F03D019960536C0BB1906CD4
:10DBE0009847BDE80840FFF7B9BC00BF0064024099
:10DBF000D4AB002008B5084B1968890901F03D0134
:10DC00008A019A60054AD36C0BB1106D9847BDE844
:10DC10000840FFF7A3BC00BF00640240D4AB002063
:10DC200008B5084B1968090C01F03D010A049A6017
:10DC3000054A536D0BB1906D9847BDE80840FFF75A
:10DC40008DBC00BF00640240D4AB002008B5084B77
:10DC50001968890D01F03D018A059A60054AD36D66
:10DC60000BB1106E9847BDE80840FFF777BC00BFC6
:10DC700000640240D4AB002008B5074B074A59683E
:10DC800001F03D01D960536E0BB1906E9847BDE82D
:10DC90000840FFF763BC00BF00640240D4AB002023
:10DCA00008B5084B5968890901F03D018A01DA601D
:10DCB000054AD36E0BB1106F9847BDE80840FFF7D7
:10DCC0004DBC00BF00640240D4AB002008B5084B37
:10DCD0005968090C01F03D010A04DA60054A536FE6
:10DCE0000BB1906F9847BDE80840FFF737BC00BF05
:10DCF00000640240D4AB002008B5084B5968890D78
:10DD000001F03D018A05DA60054AD36F13B1D2F8FC
:10DD100080009847BDE80840FFF720BC006402403F
:10DD2000D4AB00200D4930B500230D4C0B600C2501
:10DD30001A4605FB03F00059026001EBC3000133F2
:10DD4000102B4260F5D1074A4FF0FF339360D36048
:10DD5000C2F80834C2F80C3430BD00BFD4AB002088
:10DD600060170408006002400F28F8B549D8DFF8B2
:10DD7000A0C00125DCF8007085402F4241D1224C23
:10DD80000CEBC00ECEE901230C262F43EBB206FBB1
:10DD90000046CCF800704BB11C4B1F6B47F40017CA
:10DDA0001F631F6D47F400171F651B6D15F47F4F30
:10DDB00009D0164B1D6B45F480051D631D6D45F4A0
:10DDC00080051D651B6D0C234343E3581D6825F03A
:10DDD0001F051D601D6815F00105FBD10C2707FB11
:10DDE00000403D2490F809C0476804FA0CF43C60F8
:10DDF00021241D605C6112B1C07A01F04BFA3046FB
:10DE0000F8BD0026FBE700BF601704080038024099
:10DE1000D4AB002010B50446C07A01F051FA114984
:10DE2000A27A012303FA02F20B6823EA0203DAB2B0
:10DE30000B604AB90C4A116B21F400111163116D8A
:10DE400021F400111165126D13F47F4F09D1064BB7
:10DE50001A6B22F480021A631A6D22F480021A658A
:10DE60001B6D10BDD4AB0020003802400023054AD2
:10DE700019460133102BC2E9001102F10802F8D152
:10DE8000704700BF58AC00202DE9F74FC2F3C31311
:10DE900002F0030AC2F38009C2F3C108C2F3411EB3
:10DEA0000193574600224FF00F0BCB0737D5019C4B
:10DEB00002F007039B0004FA03FC01254468954027
:10DEC00024EA050444EA09044460856803245600F2
:10DED00004FA06F625EA060545EA08058560C568E0
:10DEE00025EA060545EA0E050BFA03F3BAF1020F1F
:10DEF0006FEA0604C5606FEA03031BD1072A95BFCA
:10DF0000056A456A2B402B4095BF43EA0C0343EA60
:10DF10000C030362436203681C403C4304604908ED
:10DF20001AD04FEA49094FEA88084FEA8E0EBF001F
:10DF30000132BAE705682C403C43072A046095BFCC
:10DF4000046A446A2340234095BF43EA0C0343EA32
:10DF50000C0303624362E2E703B0BDE8F08F000008
:10DF6000012370B58B4001F0030421F0030101F19E
:10DF7000804101F59C31A4008D68C0F383200F26F9
:10DF8000A04006FA04F425EA0405284388600C49F9
:10DF90008C68D84312F0010F14BF1C4304408C60FE
:10DFA00012F0020FCA6814BF1A430240CA60044A42
:10DFB00011680B43136053680340536070BD00BF8A
:10DFC000003C0140124B70B59C68D86801228A4021
:10DFD00044EA000515421AD08D080E4E023524EA97
:10DFE000020456F825501D6825EA02051D605D688B
:10DFF00020EA020025EA02055D609C60D8605A6153
:10E00000054B002243F8312003EBC1014A6070BD8B
:10E01000003C01400038014058AC0020836B4FF4B5
:10E0200000421A6000221A605A605A61436B1A68F3
:10E03000116821F01F0111601168C907FCD4597AD9
:10E040005A683D238B401360036B1A68116821F0F6
:10E050001F0111601168C907FCD4597A5A683D2321
:10E060008B4013607047000010B5D0E90D341A687A
:10E07000116821F01F0111601168C907FCD4597A99
:10E080005A683D238B401360636843F400736360F8
:10E0900010BD0000026B116838B50C68836B24F06A
:10E0A0001F040C600C6814F00104FBD1557A516810
:10E0B0003D22AA400A605A6822F480525A601A68C7
:10E0C00022F480621A601A6842F400721A603023E7
:10E0D00083F311882146203002F086FC84F31188F6
:10E0E00038BD0000054B1A6A42F400021A621A6A2F
:10E0F00022F400021A621B6A704700BF0038024017
:10E100006448C26B70B5846B511CA3696569C163B7
:10E11000016C8A423AD9836843F080038360436B81
:10E1200063B11A68116821F01F0111601168CD07F1
:10E13000FCD4597A5A683D238B401360036B63B15A
:10E140001A68116821F01F0111601168C907FCD419
:10E15000597A5A683D238B401360236843F4004387
:10E160002360236823F001032360FFF7BBFF302304
:10E1700083F3118848486FF0010102F035FC002359
:10E1800083F31188BDE87040FFF7E8B990F84420A8
:10E1900042B9236843F400432360236823F001035A
:10E1A0002360EFE73D4A45EA034303F0FF13934240
:10E1B00025D014D8073A934205D00132934222D099
:10E1C000B3F1011F14D1828C130A16D003F0060399
:10E1D00002F00102134343F0F003236108E0304AE8
:10E1E000934226D0023293422ED02E4A93424AD0F6
:10E1F00015F00A0F18BFA369C4E72261F8E7838C02
:10E20000C3F34703E9E7636823F400736360036BB8
:10E210001B681A6842F001021A60626842F4805278
:10E2200062605B68012BE3D8236823F4806323607A
:10E23000DEE7636823F400736360436B1A68136856
:10E2400043F001031360D3E72369036B1B685E6827
:10E250003EB1838C43F001038384236843F4A063BD
:10E260009EE7636823F400736360236843F40073DC
:10E270002360302383F311883146203002F0B4FB51
:10E2800086F31188B4E7FFF7C9FE636823F40073CF
:10E290006360ADE7D8AC0020F8AC002008000300B4
:10E2A000820007001100030038B5454B9A6B516995
:10E2B00001F45F40C0435061586B60B10468256849
:10E2C00025F01F0525602568ED07FCD4457A4468D4
:10E2D0003D20A8402060186B60B10468256825F0D7
:10E2E0001F0525602568ED07FCD4457A44683D206C
:10E2F000A8402060D86B441CDC631C6CA04219D978
:10E30000996841F080019960136843F400431360F9
:10E31000136823F001031360FFF7E4FE302383F357
:10E32000118828486FF0010102F05EFB002383F39F
:10E3300011880AE093F8440058B9136843F4004385
:10E340001360136823F001031360BDE83840FFF742
:10E3500005B911F4807418BF012488B29C6085054A
:10E3600042BF9C6844F002049C6044050BD555688C
:10E370009C6825F400755560156844F0040445F464
:10E38000007515609C60050542BF9A6842F008025E
:10E390009A60440442BF9A6842F020029A60C00426
:10E3A00042BF9A6842F010029A6009049A6803D545
:10E3B00042F040029A60B1E7002AC6D0AEE700BF43
:10E3C000D8AC0020F8AC002010B5054C204600F079
:10E3D0008FFF0023034A2362C4E90C33A26310BDFC
:10E3E000D8AC0020005C004070B5856B0446007816
:10E3F00001283CD140F2164340F25642C4E90A32A9
:10E40000504B9C4233D1504E504A336A43F4000380
:10E410003362336A23F400033362336A05212346EF
:10E42000FFF7A2FC4A4A2063234605210420FFF798
:10E430009BFC336C606343F400033364336E43F43A
:10E440000003336605214820336E00F023FF0521C9
:10E45000492000F01FFFA36A43F0007343F44033E8
:10E46000A362E36A43F0C06343F44033E362236B87
:10E47000A16B1A68606805F110039360626B126803
:10E4800093604FF400432B604FF4106200232B6025
:10E490006A604E684268047A26F03F063604360CFD
:10E4A0004E604E6846F019064E602A4EB24221DC9C
:10E4B0005200294BB3FBF2F31A22C3F30B030A6297
:10E4C000012CCB610CBF0F23072343F010034B62D9
:10E4D00002780B68022A9BB22AD0032A2ED0012A86
:10E4E00002D123F00A039BB20B602B6843F00103B7
:10E4F0002B6070BD194EB242E2DC022C0AD102EB55
:10E500004206154AB2FBF6F292B21A4342F40043B5
:10E510000822D4E7032C01BF192353430E4AB2FB50
:10E52000F3F212BF40F6FF7292B24FF48043ECE771
:10E5300023F008039BB243F00203D5E743F00A033C
:10E54000D2E700BFD8AC00200038024095E00208B6
:10E5500069E00208A086010040787D01801A06006B
:10E5600010B50378012B044613D0406BFFF752FC23
:10E57000206BFFF74FFC0023C4E90C33054B9C4292
:10E5800007D1482000F09CFEBDE81040492000F073
:10E5900097BE10BDD8AC002038B549000446806B4A
:10E5A00041F001010625A18481695D432564890745
:10E5B0004FF00005E563A56030D4016811F40071E7
:10E5C0002CD181F31188216BA56A09680D60CA609E
:10E5D0004B60302383F31188012384F8443043686F
:10E5E000049943F400734360036843F4A063036039
:10E5F00004F1200002F0EAF9226B11680B6823F0A5
:10E600001F030B600B6813F00103FBD1557A5168AF
:10E610003D22AA400A6084F8443038BD4FF0FF30F4
:10E62000FBE70000F8B5079E0446806B49009D1982
:10E6300006277D43A184816925640025E563A560E3
:10E640008D0745D4016811F4007141D181F311881F
:10E65000616BE56A09680D60CA604B60236BA26A52
:10E660001B681A60069ADA605E60302383F31188B3
:10E67000012384F844304368089943F400734360ED
:10E68000036843F48073036004F1200002F09EF9F4
:10E69000636B1A68116821F01F0111601168C907C6
:10E6A000FCD4597A5A683D238B401360226B116861
:10E6B0000B6823F01F030B600B6813F00103FBD101
:10E6C000557A51683D22AA400A6084F84430F8BD6A
:10E6D0004FF0FF30FBE7000070B5D0E91B439E68A8
:10E6E00000224FF0FF3504EB42135101D3F800092B
:10E6F0000028BEBFD3F8000940F08040C3F80009ED
:10E70000D3F8000B0028BEBFD3F8000B40F08040C8
:10E71000C3F8000B013263189642C3F80859C3F8D6
:10E72000085BE0D24FF00113C4F81C3870BD000044
:10E73000890141F02001016103699B06FCD412208C
:10E7400002F058B810B5054C204601F001FA4FF020
:10E75000A043E366024B236710BD00BF20AD00203D
:10E760004418040870B50378012B054650D12A4B94
:10E77000C46E98421BD1294B5A6B42F080025A63F7
:10E780005A6D42F080025A655A6D5A6942F0800211
:10E790005A615A6922F080025A610E2143205B6956
:10E7A00000F078FD1E4BE3601E4BC4F800380023D8
:10E7B000C4F8003EC0232360EE6E4FF40413A3633D
:10E7C0003369002BFCDA012333610C2002F012F8CC
:10E7D0003369DB07FCD4122002F00CF83369002BFC
:10E7E000FCDA0026A6602846FFF776FF6B68C4F8BF
:10E7F0001068DB68C4F81468C4F81C684BB90A4B8D
:10E80000A3614FF0FF336361A36843F00103A3608A
:10E8100070BD064BF4E700BF20AD00200038024079
:10E820004014004003002002003C30C0083C30C0CF
:10E83000F8B5C46E054600212046FFF779FF296F21
:10E8400000234FF001128F68C4F834384FF000668F
:10E85000C4F81C284FF0FF3004EB431201339F42F1
:10E86000C2F80069C2F8006BC2F80809C2F8080BC8
:10E87000F2D20B68EA6E6B6763621023136116694C
:10E8800016F01006FBD1122001F0B4FFD4F80038C6
:10E8900023F4FE63C4F80038A36943F4402343F033
:10E8A0001003A3610923C4F81038C4F814380A4BC4
:10E8B000EB604FF0C043C4F8103B084BC4F8003B7A
:10E8C000C4F81069C4F800396B6F03F1100243F407
:10E8D00080136A67A362F8BD201804084080001006
:10E8E000C26E90F86610D2F8003823F4FE6343EA53
:10E8F0000113C2F8003870472DE9F84300EB81039B
:10E90000C56EDA68166806F00306731E022B05EB67
:10E9100041130C4680460FFA81F94FEA41104FF03F
:10E920000001C3F8101B4FF0010104F1100398BF60
:10E93000B60401FA03F391698EBF334E06F1805697
:10E9400006F5004600293AD0578A04F158014901DA
:10E9500037436F50D5F81C180B43C5F81C382B18DB
:10E960000021C3F8101953690127611EA7409BB30A
:10E97000138A928B9B08012A88BF5343D8F87420CE
:10E98000981842EA034301F1400205EB8202C8F8FD
:10E990007400214653602846FFF7CAFE08EB890041
:10E9A000C3681B8A43EA8453483464011E432E51D2
:10E9B000D5F81C381F43C5F81C78BDE8F88305EB73
:10E9C0004917D7F8001B21F40041C7F8001BD5F800
:10E9D0001C1821EA0303C0E704F13F0305EB83039E
:10E9E0000A4A5A6028462146FFF7A2FE05EB491065
:10E9F000D0F8003923F40043C0F80039D5F81C38AA
:10EA000023EA0707D7E700BF0080001000040002D8
:10EA1000026F12684267FFF75FBE00005831C36E95
:10EA200049015B5813F4004004D013F4001F0CBFDD
:10EA300002200120704700004831C36E49015B5835
:10EA400013F4004004D013F4001F0CBF0220012077
:10EA50007047000000EB8101CB68196A0B681360F6
:10EA60004B6853607047000000EB810330B5DD68F0
:10EA7000AA691368D36019B9402B84BF402313607F
:10EA80006B8A1468C26E1C44013CB4FBF3F463430C
:10EA9000033323F0030302EB411043EAC44343F082
:10EAA000C043C0F8103B2B6803F00303012B09B2ED
:10EAB0000ED1D2F8083802EB411013F4807FD0F861
:10EAC000003B14BF43F0805343F00053C0F8003BB9
:10EAD00002EB4112D2F8003B43F00443C2F8003B82
:10EAE00030BD00002DE9F041244DEE6E06EB4013E1
:10EAF0000446D3F8087BC3F8087B38070AD5D6F854
:10EB00001438190706D505EB84032146DB6828462F
:10EB10005B689847FA071FD5D6F81438DB071BD572
:10EB200005EB8403D968CCB98B69488A5A68B2FB73
:10EB3000F0F600FB16228AB91868DA6890420DD206
:10EB4000121AC3E90024302383F311880B482146AD
:10EB5000FFF78AFF84F31188BDE8F081012303FAEF
:10EB600004F26B8923EA02036B81CB68002BF3D09C
:10EB700021460248BDE8F041184700BF20AD002003
:10EB800000EB810370B5DD68C36E6C692668E660D2
:10EB90004A0156BB1A444FF40020C2F810092A68F3
:10EBA00002F00302012A0AB20ED1D3F8080803EBDF
:10EBB000421410F4807FD4F8000914BF40F0805054
:10EBC00040F00050C4F8000903EB4212D2F80009EB
:10EBD00040F00440C2F80009D3F83408012202FAD8
:10EBE00001F10143C3F8341870BD19B9402E84BF38
:10EBF0004020206020682E8A8419013CB4FBF6F482
:10EC000040EAC44040F000501A44C6E72DE9F843FA
:10EC10003B4DEE6E06EB40130446D3F80889C3F86B
:10EC2000088918F0010F4FEA40171AD0D6F81038AB
:10EC3000DB0716D505EB8003D9684B691868DA68DD
:10EC4000904230D2121A4FF000091A60C3F80490B3
:10EC5000302383F3118821462846FFF791FF89F37B
:10EC6000118818F0800F1CD0D6F834380126A64041
:10EC7000334216D005EB8403ED6ED3F80CC0DCF8FC
:10EC800014200134E4B2D2F800E005EB04342F4440
:10EC90005168714515D3D5F8343823EA0606C5F80E
:10ECA0003468BDE8F883012303FA04F22B8923EAD0
:10ECB00002032B818B68002BD3D02146284698472E
:10ECC000CFE7BCF81000AEEB0103834228BF034638
:10ECD000D7F8180980B2B3EB800FE2D89068A0F1A2
:10ECE000040959F8048FC4F80080A0EB090898447F
:10ECF000B8F1040FF5D818440B4490605360C7E78F
:10ED000020AD00202DE9F74FAC4CE56E6E69AB6984
:10ED10001E4016F480586E6107D0204600F086FF32
:10ED200003B0BDE8F04FFEF719BC002E12DAD5F89B
:10ED3000003EA2489B071EBFD5F8003E23F0030308
:10ED4000C5F8003ED5F8043823F00103C5F80438AF
:10ED500000F098FF370505D59848FFF7BDFC9748A8
:10ED600000F07EFFB0040CD5D5F8083813F0060F7C
:10ED7000EB6823F470530CBF43F4105343F4A053D7
:10ED8000EB6031071BD56368DB681BB9AB6923F007
:10ED90000803AB612378052B0CD1D5F8003E8748DA
:10EDA0009A071EBFD5F8003E23F00303C5F8003EC6
:10EDB00000F068FF6368DB680BB180489847F30296
:10EDC00000F18980B70227D5D4F86C90DFF8ECB158
:10EDD00000274FF0010A09EB4712D2F8003B03F479
:10EDE0004023B3F5802F11D1D2F8003B002B0DDA70
:10EDF00062890AFA07F322EA0303638104EB8703BB
:10EE0000DB68DB6813B1394658469847236F0137F2
:10EE10009B68FFB29F42DED9F00617D5E76E3A6ACB
:10EE2000C2F30A1002F00F0302F4F012B2F5802FC1
:10EE300000F09980B2F5402F08D104EB8303002243
:10EE4000DB681B6A07F5805790427ED13303D5F803
:10EE500018481DD5E70302D50020FFF743FEA503A0
:10EE600002D50120FFF73EFE600302D50220FFF726
:10EE700039FE210302D50320FFF734FEE20202D55A
:10EE80000420FFF72FFEA30202D50520FFF72AFE7C
:10EE900077037FF545AFE60702D50020FFF7B6FE02
:10EEA000A50702D50120FFF7B1FE600702D50220B9
:10EEB000FFF7ACFE210702D50320FFF7A7FEE2060D
:10EEC00002D50420FFF7A2FEA3067FF529AF052097
:10EED000FFF79CFE24E7E36EDFF8E0A00193002734
:10EEE0004FF00109236F9B685FFA87FB9B453FF654
:10EEF00069AF019B03EB4B13D3F8001901F44021D8
:10EF0000B1F5802F1FD1D3F8001900291BDAD3F8EF
:10EF1000001941F09041C3F80019D3F800190029F5
:10EF2000FBDB5946E06EFFF703FC218909FA0BF37E
:10EF300021EA0303238104EB8B03DB689B6813B195
:10EF40005946504698470137CCE7910708BFD7F894
:10EF50000080072A98BF03F8018B02F1010298BFD5
:10EF60004FEA182870E7023304EB830207F5805755
:10EF70005268D2F818C0DCF80820DCE9001CA1EBCC
:10EF80000C0C002188420AD104EB830463689B695E
:10EF90009A6802449A605A6802445A6056E711F02F
:10EFA000030F08BFD7F800808C4588BF02F8018B9B
:10EFB00001F1010188BF4FEA1828E3E720AD0020E6
:10EFC000C36E03EB4111D1F8003B43F40013C1F8C9
:10EFD000003B7047C36E03EB4111D1F8003943F495
:10EFE0000013C1F800397047C36E03EB4111D1F82B
:10EFF000003B23F40013C1F8003B7047C36E03EBE2
:10F000004111D1F8003923F40013C1F800397047D9
:10F01000024AD36843F0C003D36070470010014038
:10F02000024AD36843F0C003D360704700440040F5
:10F0300010B50A4C0A4A2046002100F061FB094B3A
:10F04000094AC4E99523094C094A0021204600F0E9
:10F0500057FB0849084BC4E9951310BDB0AD00201B
:10F0600011F0020880F0FA020010014014B00020F4
:10F0700021F002080044004040787D012A4A037ACA
:10F08000002918BF0A46012B30B5C0F860220CD108
:10F09000264B984239D1264B596C41F010015964E6
:10F0A000596E41F0100159665B6EB2F90450146854
:10F0B000D0F85832D0F85412002D03EB5403B3FBB0
:10F0C000F4F3BEBF23F0070503F0070343EA45034B
:10F0D00094888B60D38843F040030B61138943F01D
:10F0E00001034B6144F4045343F02C03CB6004F45C
:10F0F000A05400230B60B4F5806F0B684B680CBF05
:10F100007F23FF2380F85C3230BD0A4B9842CCD17C
:10F11000074B196C41F400311964196E41F4003148
:10F1200019661B6EC1E700BF50180408B0AD00207F
:10F130000038024014B00020037A022B20D1D0F80E
:10F1400054320022DA601A615A610E4B98420AD199
:10F150000D4B5A6C22F010025A645A6E22F01002C3
:10F160005A665B6E7047094B984209D1064B1A6C80
:10F1700022F400321A641A6E22F400321A661B6EF0
:10F18000704700BFB0AD00200038024014B000202E
:10F190002DE9F041D0F85462F7683368DA05044687
:10F1A0009DB20DD5302383F311884FF48061043074
:10F1B00001F0B4F86FF480733360002383F3118897
:10F1C000302383F3118804F1040815F02F0339D19B
:10F1D00083F31188380614D5290612D5302383F31A
:10F1E0001188E01800F010FA00284EDA0821201DDE
:10F1F00001F094F84FF67F733B40F360002383F3F4
:10F2000011887A0616D56B0614D5302383F311883E
:10F21000D4E911239A420AD1A36B43B127F04007E6
:10F220003F041021201D3F0C01F078F8F760002307
:10F2300083F31188D4F86022D36843B3BDE8F0416A
:10F24000106918472B0714D015F0080F0CBF0021C8
:10F250004FF48071E80748BF41F02001AA0748BF7A
:10F2600041F040016B0748BF41F08001404601F08A
:10F2700055F8AD06736805D594F85C122046194020
:10F2800000F086FA3568ADB29FE77060B6E7BDE87A
:10F29000F081000000F1604303F561430901C9B248
:10F2A00083F80013012200F01F039A4043099B00DA
:10F2B00003F1604303F56143C3F880211A6070478E
:10F2C00000F01F0301229A4043099B0003F16043B1
:10F2D00003F5614300F1604000F56140C3F8802010
:10F2E000C3F88021002380F800337047FFF76CB823
:10F2F00001230370002343600C3001F055B8000077
:10F3000010B53023044683F311884160FFF76CF891
:10F3100002232370002080F3118810BD10B5302324
:10F32000044683F31188FFF71BF900230122636071
:10F33000227083F3118810BD7FB50446302585F314
:10F3400011880326067000250A9E85600296099E94
:10F350000196089E0096FFF765F9431C14BF02232F
:10F360000523237085F3118804B070BD73B504467E
:10F37000302585F31188042606700025069E8560D9
:10F380000096FFF709F9431C14BF022305232370DD
:10F3900085F3118802B070BD0C3001F047B8000051
:10F3A0000C3001F06FB80000044B00F00F0043F880
:10F3B000301003EBC0035A60704700BF58AC002008
:10F3C000F8B5154682680669AA420B46816938BFBE
:10F3D0008568761AB54204460BD218462A4604F0D0
:10F3E000B9FAA3692B44A361A3685B1BA3602846F9
:10F3F000F8BD0CD91846324604F0ACFAAF1BE168F0
:10F400003A46304404F0A6FAE3683B44EBE718467A
:10F410002A4604F09FFAE368E5E700008368934218
:10F42000F7B51546044638BF8568D0E90460361A3A
:10F43000B5420BD22A4604F08DFA63692B4463610E
:10F44000A36828465B1BA36003B0F0BD0DD932460C
:10F45000019104F07FFA0199E068AF1B3A4631440C
:10F4600004F078FAE3683B44E9E72A4604F072FACC
:10F47000E368E4E710B50A440024C361029B84609A
:10F48000C0E90000C0E90511C1600261036210BD5E
:10F49000C268C0E90522002282606FF0010101F01C
:10F4A000C9BA000008B5D0E90532934201D182689B
:10F4B00082B98268013282605A1C42611970D0E9B7
:10F4C00004329A4224BFC3684361002101F0A6FAC6
:10F4D000002008BD4FF0FF30FBE7000070B530237F
:10F4E00004460E4683F31188A568A5B1A368A269F6
:10F4F000013BA360531CA36115782269934224BF8A
:10F50000E368A361E3690BB120469847002383F3C6
:10F510001188284607E03146204601F06FFA00289E
:10F52000E2DA85F3118870BD2DE9F74F04460E46E7
:10F5300017469846D0F81C904FF0300A8AF311888D
:10F540004FF0000B154665B12A4631462046FFF7BD
:10F5500037FF034660B94146204601F04FFA0028C4
:10F56000F1D0002383F31188781B03B0BDE8F08F3E
:10F57000B9F1000F03D001902046C847019B8BF3DF
:10F580001188ED1A1E448AF31188DCE7C0E90511E1
:10F59000C160C3611144009B8260C0E90000016149
:10F5A00003627047C1680269521AC0E9051182609E
:10F5B0006FF0010101F03EBAF8B504460D4616465B
:10F5C000302383F31188A768A7B1A368013BA36028
:10F5D00063695A1C62611D70D4E904329A4224BFE7
:10F5E000E3686361E3690BB120469847002080F32C
:10F5F000118807E03146204601F000FA0028E2DADF
:10F6000087F31188F8BD0000D0E905239A4210B5B0
:10F6100001D182687AB98268013282605A1C8261A3
:10F620001C7803699A4224BFC3688361002101F0FA
:10F63000F5F9204610BD4FF0FF30FBE72DE9F74FFD
:10F6400004460E4617469846D0F81C904FF0300AF4
:10F650008AF311884FF0000B154665B12A463146F2
:10F660002046FFF7DBFE034660B94146204601F025
:10F67000C5F90028F1D0002383F31188781B03B06B
:10F68000BDE8F08FB9F1000F03D001902046C847C4
:10F69000019B8BF31188ED1A1E448AF31188DCE775
:10F6A0000C30FFF741BF00004FF0FF330C30FFF785
:10F6B0003BBF00003030FFF7C1BF00004FF0FF3309
:10F6C0003030FFF7BBBF00000C30FFF707BF000072
:10F6D0004FF0FF310C30FFF701BF00003030FFF773
:10F6E0006BBF00004FF0FF323030FFF765BF000006
:10F6F000012914BF6FF0130000207047FFF798BC7A
:10F7000037B5154602460B460D4942F8041B4260C8
:10F7100001220446027200F1540100904FF48072FD
:10F720000C30FFF7A7FE00942B464FF4807204F5CF
:10F73000AA7104F13000FFF729FF03B030BD00BF0C
:10F740006418040810B53023044683F31188FFF7CA
:10F7500095FC02232372002080F3118810BD000065
:10F7600010B53023044683F31188FFF7E5FC01232D
:10F77000237204F13000FFF715FF04F10C00FFF7CE
:10F7800087FE00F0AFFF002383F3118810BD000057
:10F7900038B5436904460D461BB90421084400F0FE
:10F7A000BDFD294604F10C00FFF77CFE002806DAB7
:10F7B000201D4FF40061BDE8384000F0AFBD38BDFA
:10F7C00013B5446BD4F88C341A681178042915D118
:10F7D000217A022912D11979128901238B4013420F
:10F7E0000CD101A904F1440002F0F8F8D4F88C44DB
:10F7F000019B21790246206800F006FA02B010BD94
:10F800000C3002F07BB800004FF0FF330C3002F0F8
:10F8100075B80000443002F04DB900004FF0FF33DE
:10F82000443002F047B900000C3002F049B8000043
:10F830004FF0FF310C3002F043B80000443002F0CA
:10F8400019B900004FF0FF32443002F013B9000044
:10F850000020704710B5D0F88C341A68117804294C
:10F86000044617D1017A022914D15979528901230A
:10F870008B4013420ED10C3001F0DCFF024648B140
:10F88000D4F88C444FF4807361792068BDE810404F
:10F8900000F0A8B910BD0000406BFFF7DBBF00000F
:10F8A000704700007FB50346114A43F8042B012539
:10F8B000436002260F4B057204460290019300F14B
:10F8C0007C02294600964FF480730C3001F08EFFC5
:10F8D000094B0294CDE9006304F521724FF4807363
:10F8E000294604F1440002F055F804B070BD00BF91
:10F8F0008C18040899F80208C1F702080B68302236
:10F9000082F311880A7903EB820210624A790D3280
:10F9100043F822008A7912B103EB820318620223B2
:10F92000C0F88C140372002080F311887047000027
:10F9300038B5D0F88C3404461B68302282F3118825
:10F94000D0F88C040279073203EB82020021516067
:10F9500042790D3243F8221082791AB1073203EB53
:10F96000820359600123002523720221201DC4F85F
:10F970008C5400F0D3FC04F10C0001F04FFF04F1B3
:10F98000440002F01FF800F0ADFE85F3118838BD89
:10F9900038B5037D044613B190F84C30ABB9201D47
:10F9A0000125022100F0BAFC04F10C0025756FF06E
:10F9B000010101F03FF884F84C5004F144006FF06D
:10F9C0000101BDE8384001F035B838BD10B501215E
:10F9D0000446043000F0A2FC0023237584F84C3068
:10F9E00010BD000038B5044600250C3001F016FFAC
:10F9F00004F14400257501F0E5FF201D84F84C500A
:10FA0000012100F08BFC2046BDE83840FFF722BF03
:10FA100090F85C3003F06003202B07D190F85D2054
:10FA2000212A4FF0000303D81F2A06D80020704770
:10FA3000222AFBD1C0E9143303E0034A02650722FE
:10FA40004265836501207047E023002037B5D0F878
:10FA50008C341A681178042904461AD1017A0229D3
:10FA600017D11979128901238B40134211D100F16A
:10FA70004405284602F066F858B101A9284601F06D
:10FA8000ADFFD4F88C44019B21790246206800F038
:10FA9000BBF803B030BD0000F0B500EB810385B0CA
:10FAA0001E6A04460D46FEB1302383F3118804EB31
:10FAB0008507301D082100F031FCFB685B691B687D
:10FAC00006F144001BB1019001F096FF019803A9D3
:10FAD00001F084FF024648B1039B2946204600F00E
:10FAE00093F8002383F3118805B0F0BDFB685A69D1
:10FAF0001268002AF5D01B8A013B1340F1D104F1B2
:10FB00005C02EAE70D3138B550F82140DCB1302312
:10FB100083F31188D4F88C241368527903EB8203A1
:10FB2000DB689B695D6845B10421601800F0F6FB55
:10FB3000294604F10C0001F087FE2046FFF78AFEFB
:10FB4000002383F3118838BD70470000FEF7FABD2B
:10FB500010B501230446282200F8243B002103F0BD
:10FB600043FF0023C4E9013310BD000038B504464B
:10FB7000302383F311880025C0E90355C0E90555FA
:10FB8000C0E907554160FEF7EDFD0223237085F3C0
:10FB90001188284638BD000070B500EB810305468A
:10FBA0005069DA600E46144618B11022002103F0A5
:10FBB0001BFFA06918B11022002103F015FF314688
:10FBC0002846BDE87040FEF797BE0000826802F04C
:10FBD000011282600022C0E90422C0E9062202620A
:10FBE000FEF716BFF0B400EB81044789E4680125F5
:10FBF000A4698D403D43458123600023A26063607A
:10FC0000F0BCFEF731BF0000F0B400EB81040789BF
:10FC1000E468012564698D403D430581236000232C
:10FC2000A2606360F0BCFEF7ABBF000070B50223BA
:10FC3000002504460370C0E90255C0E90455C0E937
:10FC400006554566056280F84C50FEF7F1FD636885
:10FC50001B6823B129462046BDE87040184770BD97
:10FC60000378052B10B504460AD080F868300523C8
:10FC7000037043681B680BB1042198470023A360FD
:10FC800010BD00000178052906D190F8682043686E
:10FC900002701B6803B118477047000070B590F8F8
:10FCA0004C30044613B1002380F84C3004F15C0260
:10FCB0002046FEF7CFFE63689B68B3B994F85C30CA
:10FCC00013F0600535D000212046FFF783F90021AD
:10FCD0002046FFF775F963681B6813B106212046BB
:10FCE0009847062384F84C3070BD2046984700287A
:10FCF000E4D0B4F86230626D9A4288BF636594F9CB
:10FD00005C30656D002B4FF0300380F20381002DD5
:10FD100000F0F280092284F84C2083F3118800213E
:10FD2000D4E914232046FFF76FFF002383F31188E3
:10FD3000DAE794F85D2003F07F0343EA022340F200
:10FD40000232934200F0C58021D8B3F5807F48D0BD
:10FD50000DD8012B3FD0022B00F09380002BB2D1A5
:10FD600004F16402226502226265A365C1E7B3F56E
:10FD7000817F00F09B80B3F5407FA4D194F85E3082
:10FD8000012BA0D1B4F8643043F0020332E0B3F5A4
:10FD9000006F4DD017D8B3F5A06F31D0A3F5C06375
:10FDA000012B90D8636894F85E205E6894F85F1029
:10FDB000B4F860302046B047002884D043682365FB
:10FDC000036863651AE0B3F5106F36D040F602425F
:10FDD00093427FF478AF5C4B236502236365002375
:10FDE000C3E794F85E30012B7FF46DAFB4F8643054
:10FDF00023F00203C4E91455A4F86430A56578E73C
:10FE0000B4F85C30B3F5A06F0ED194F85E3084F88E
:10FE100066302046FEF764FD63681B6813B101215C
:10FE200020469847032323700023C4E914339CE73A
:10FE300004F1670323650123C3E72378042B10D162
:10FE4000302383F311882046FFF7C0FE85F3118825
:10FE50000321636884F8675021701B680BB120464A
:10FE6000984794F85E30002BDED084F86730042386
:10FE7000237063681B68002BD6D002212046984768
:10FE8000D2E794F860301D0603F00F0120460AD532
:10FE9000FEF7D2FD012804D002287FF414AF2B4BCB
:10FEA0009AE72B4B98E7FEF7B9FDF3E794F85E303D
:10FEB000002B7FF408AF94F8603013F00F01B3D03B
:10FEC0001A06204602D5FFF799F8ADE7FFF78CF840
:10FED000AAE794F85E30002B7FF4F5AE94F860301A
:10FEE00013F00F01A0D01B06204602D5FFF772F8D1
:10FEF0009AE7FFF765F897E7142284F84C2083F31C
:10FF000011882B462A4629462046FFF76BFE85F3CB
:10FF10001188E9E65DB1152284F84C2083F311883D
:10FF20000021D4E914232046FFF75CFEFDE60B22F6
:10FF300084F84C2083F311882B462A462946204614
:10FF4000FFF762FEE3E700BFBC180408B41804081A
:10FF5000B818040838B590F84C300446002B3ED051
:10FF6000063BDAB20F2A34D80F2B32D8DFE803F081
:10FF70003731310822323131313131313131373796
:10FF8000456DB0F862309D4214D2C3681B8AB5FB40
:10FF9000F3F203FB12556DB9302383F311882B461E
:10FFA0002A462946FFF730FE85F311880A2384F894
:10FFB0004C300EE0142384F84C30302383F3118846
:10FFC00000231A4619462046FFF70CFE002383F350
:10FFD000118838BD836D03B198470023E7E70021FE
:10FFE0002046FEF7F7FF00212046FEF7E9FF636891
:10FFF0001B6813B10621204698470623D7E7000067
:020000040803EF
:1000000010B590F84C30142B044629D017D8062B85
:1000100005D001D81BB110BD093B022BFBD8002134
:100020002046FEF7D7FF00212046FEF7C9FF636890
:100030001B6813B1062120469847062319E0152BAB
:10004000E9D10B2380F84C30302383F3118800234F
:100050001A461946FFF7D8FD002383F31188DAE723
:10006000C3689B695B68002BD5D1836D03B198474A
:10007000002384F84C30CEE70448054B036000238E
:10008000C0E901330C3000F08FB900BF78B2002016
:10009000F91B03082DE9F74F354F002818BF074615
:1000A000082A07F10C0038BF08229146CD1D88466A
:1000B000019000F0BBF90198ED083C1D09F1070122
:1000C000C9F1000E2246246864B900F0DBF93B68F0
:1000D000BBB308224946E8009847044688B340E984
:1000E00002782EE0D4F804A004EB010C0CEA0E0C0C
:1000F0000AF10106ACF1080304EBC6069E42E1D901
:10010000A6EB0C0CB5EBEC0F4FEAEC0BDAD89C42EB
:100110001BD204F108029A1AD210AB45626009D9C9
:10012000691C03EBC102ED435D445560256843F84B
:10013000315022601C46C3F8048044F8087B00F06C
:10014000A1F9204603B0BDE8F08FAA45216802D18D
:1001500011602346EEE7013504EBC50344F8351082
:1001600003F10801761AF6105E601360F1E700BF34
:1001700078B2002073B50446A0F1080554F8043C99
:1001800050F8080C0733DB08061D44F8043C0C301B
:10019000019000F04BF9019833469E421A6801D055
:1001A000AB4228D20AB1954225D244F8082C54F823
:1001B000042C1D6054F8081C013205EBC206B14244
:1001C00006D14E68324444F8042C0A6844F8082CDE
:1001D0005E68711C03EBC1018D4207D154F8042CF9
:1001E000013232445A6054F8082C1A6002B0BDE85B
:1001F000704000F047B91346CFE700002DE9F34106
:10020000124C002818BF044604F10C0001900F4660
:10021000164600F00BF9231D019800242546A04640
:100220001B685BB90FB1ED003D600EB1E4003460B6
:1002300000F028F9404602B0BDE8F0815A689442C7
:1002400008F10108154438BF1446E9E778B20020E8
:1002500030B5302484F31188064C0568E4680D60DD
:100260000160C1E901420022C1E9032382F3118840
:1002700030BD00BF98B20020302383F311880346BD
:100280001A461B68984203D08B42F9D11B68136051
:10029000002383F311887047034BDA68136B23EA5A
:1002A000000111631840704798B2002008B5302350
:1002B00083F31188FFF7F0FF002383F3118808BD53
:1002C000302383F311880023C268C36083F311884D
:1002D0000069104070470000036B194390F8243008
:1002E00001630A2B03D1836A194205D170470B2B96
:1002F00006D1836A8B4303D10023836200F064B983
:100300007047000008B5302383F31188FFF7E4FF3E
:1003100000F0E8F9002383F3118808BD70B5046884
:1003200006460D46B44200D170BDE3682B43E3603E
:1003300015B123691D4203D0D4E90101FFF7CCFFB9
:100340002468EFE70F4A70B5D6680546302282F37D
:100350001188346B04400CD119B984F311882046FC
:1003600070BDB0620A2000F04FF90028F5DB346B55
:100370002C40336B23EA04033363002383F3118897
:10038000EDE700BF98B2002010B503461B68984205
:1003900003D09C688A689442F8D25A680B604A601D
:1003A0001160596010BD00000023C0E900008360A7
:1003B0000361704738B581681B4B0446DD6851B353
:1003C000A94212D103690133036138BD8B6091F8F2
:1003D00024307BB1062B14D1D1E90032886A136036
:1003E0005A60FFF7D1FF8B6A9968AB688A689A42B6
:1003F000ECD306E0D1E90032084613605A6000F001
:10040000E3F820462946FFF7BFFFAC620620BDE8AF
:10041000384000F0DBB803698560013303616B6B22
:10042000C3606863D1E700BF98B2002008B53023ED
:1004300083F31188FFF7BEFF002383F3118808BD03
:100440000A4B8268DB6832B19A420CD103690133EE
:1004500003610120704702698360013202615A6BB7
:10046000C2605863F5E70020704700BF98B20020D3
:1004700008B5302383F31188FFF7E2FF002383F3ED
:10048000118808BD194BD96883688B4210B520D1FB
:10049000302383F311880269013A0261B2B904681A
:1004A000C3684B63A0421ED08A6B9BB98A6001234C
:1004B000036103681A68026050605A6B8360C2600F
:1004C0005863184600F080F800F00CF9002383F31D
:1004D000118810BD1C68A34203D0A468A24238BF93
:1004E0002246DB68E1E78260F0E700BF98B20020B7
:1004F000302383F31188054B986A837D013383751C
:10050000002383F311881038704700BF98B2002091
:1005100010B5302383F31188084A036993421FBF43
:100520009A7D0132A3F110049A7508BF00240023BC
:1005300083F3118800F0DEF9204610BDC0B2002020
:10054000002380F82430826883691B68996891428F
:10055000FBD25A6803604260106058607047000028
:10056000002380F82430826883691B68996891426F
:10057000FBD85A6803604260106058607047000002
:1005800008B50846302383F3118891F8242000230E
:10059000052A06D8DFE802F00B050503120E826A71
:1005A00013604FF0FF338362FFF7CAFF002383F32A
:1005B000118808BD826A936801339360D0E90032E4
:1005C00013605A60EDE70000FFF7BABF38B50D4B76
:1005D000DD681C6885F8240022681A6053600122D7
:1005E00084F82420DC60EFF309832A6A643B9A4292
:1005F00002D9284600F0F2FF29462046BDE83840DF
:10060000E0F79CBD98B2002030B50C4BDD684B1C68
:1006100087B004460FD02B46094A684600F0D0FA4E
:100620002046FFF7D3FF009B13B1684600F0D2FAD3
:10063000A86A07B030BDFFF7C9FFF9E798B20020FC
:100640008105030870B5114E8162F36881689A686C
:100650009142044603D8BDE87040FFF771BF1846C9
:10066000FFF77EFF0123054684F82430F460EFF3A2
:100670000983026A643B9A4201D900F0AFFF294620
:100680002046BDE87040E0F759BD00BF98B2002099
:10069000044B1A68DB6890689B68984294BF0020FE
:1006A0000120704798B2002038B50D4B1C68D868FF
:1006B00022681A605360012284F82420DC60FFF76E
:1006C0004FFF0546EFF30983026A643B9A4201D962
:1006D00000F084FF29462046BDE83840E0F72EBDF3
:1006E00098B20020044B1A68DB6892689B689A42B3
:1006F00001D9FFF7D9BF704798B20020C0E90000C8
:10070000816070478368013B002B10B583600CDA71
:10071000074BDC684368A062206063601C60446033
:100720000520FFF753FFA06A10BD0020FCE700BFC3
:1007300098B2002008B5302383F31188FFF7E2FF59
:10074000002383F3118808BD83680133002B836085
:1007500008DC03681A680260506000229A6218463A
:10076000FFF732BF7047000030B5114C87B001234E
:10077000237068460023C4E9013300F069F90425B9
:10078000684600F071F9684600F074F9013DF7D150
:10079000009BA36001F012FAFFF76EFC05490648C2
:1007A00001F066FA0223237085F3118807B030BD8B
:1007B00048B50020F018040898B2002000F040BAB4
:1007C000EFF3118020B9EFF30583302282F3118813
:1007D0007047000010B530B9EFF30584C4F3080486
:1007E00014B180F3118810BDFFF77CFF84F31188EA
:1007F000F9E70000034A516853685B1A9842FBD836
:10080000704700BF001000E08B608B630023C1E9DC
:100810000C3302238B84012381F82630CA6100F156
:1008200028020A61C26A886101F110034A611360FB
:10083000C36201F12C03CB620846704703460A1AD3
:1008400001338B4288BF0122552103F0CDB800004F
:10085000D0E9013141F8203CA1F1A40341F8343C36
:10086000036941F8643C436941F8603C044B41F83A
:10087000443C0268C36803484039FFF7C5BF00BF66
:100880005511010898B2002008B5FFF7E1FFBDE857
:100890000840FFF799BE0000F8B50C4641181F4606
:1008A00005461646FFF7CAFF302383F31188A4F1EB
:1008B00040012944A1F16403CB60069B41F8203C30
:1008C000094B0A4A0D6241F8247C41F8043C08486F
:1008D0003346FFF799FF00210446FFF7B3FE0023DC
:1008E00083F311882046F8BD551101080419040846
:1008F00098B20020302383F3118890F82630013B12
:1009000080F82630436A03F0FF130F2B0FD1D0E994
:10091000043213605A60002383F3118890F8253065
:1009200003F00303012B05D1006AFFF723BC00236A
:1009300083F311887047000038B50E4BDC68A06265
:1009400004F12C05E06AA8420FD194F826303BB997
:1009500094F825309B0702BFD4E9043213605A6033
:10096000BDE838400F20FFF731BE0368E362FFF7B0
:100970002BFEE7E798B20020302383F31188FFF7BE
:10098000DBBF00000A4B10B5DB68302282F3118810
:100990009C6B9A68A24201D0824200D29860986310
:1009A000FFF7A0FE002383F31188204610BD00BF8F
:1009B00098B2002008B50146302383F3118808203F
:1009C000FFF722FE002383F3118808BD054BDB6887
:1009D00021B1036098620320FFF716BE4FF0FF308D
:1009E000704700BF98B2002003682BB1002202605C
:1009F00099621846FFF7E8BD70470000064BDB68B8
:100A000039B1426818605A60136043600420FFF7F0
:100A1000FBBD4FF0FF30704798B20020036898424A
:100A200006D01A680260506099621846FFF7CCBD84
:100A30007047000038B504460D462068844200D156
:100A400038BD036823605C608562FFF7BDFDF4E795
:100A500000234FF0FF32C0E90023C0E90233002237
:100A60000023C0E904237047014B5B688360704733
:100A7000001000E00D4A0E4B9168C2685B680132BD
:100A8000C26082685B1A9B1AD0E90421D21841F136
:100A90000001C0E90421426883609342026888BF74
:100AA0004360934238BF0360704700BF48B50020E1
:100AB000001000E010B503689C68A2420CD85C6886
:100AC0008A600B604C602160596099688A1A9A604C
:100AD0004FF0FF33836010BD1B68121BECE7000072
:100AE0000A2938BF0A2170B504460D460A26601946
:100AF00001F05EF801F046F8041BA54203D8751C0E
:100B00002E460446F3E70A2E04D9BDE870400120C2
:100B100001F0F6B870BD0000F8B5144B0D46D96170
:100B200003F1100141600A2A1969826038BF0A2264
:100B3000016048601861A818144601F029F80A27D6
:100B400001F020F8431BA342064606D37C1C28195B
:100B500001F02EF827463546F2E70A2F04D9BDE802
:100B6000F840012001F0CCB8F8BD00BF98B20020D9
:100B7000F8B506460D4601F005F80F4A134653F83E
:100B8000107F9F4206D12A4601463046BDE8F84014
:100B9000FFF7C2BFD169BB68441A2C1928BF2C4685
:100BA000A34202D92946FFF79BFF2246314603485C
:100BB000BDE8F840FFF77EBF98B20020A8B2002041
:100BC00010B4C0E9032300235DF8044B4361FFF731
:100BD000CFBF000010B5194C236998420DD0D0E961
:100BE0000032816813605A609A680A449A60002350
:100BF00003604FF0FF33A36110BD2346026843F842
:100C0000102F53600022026022699A4203D1BDE88E
:100C1000104000F0C7BF936881680B44936000F0F8
:100C2000B1FF2269E1699268441AA242E4D91144F1
:100C3000BDE81040091AFFF753BF00BF98B200206B
:100C40002DE9F047DFF8BC8008F110072C4ED8F8EA
:100C5000105000F097FFD8F81C40AA68031B9A4276
:100C60003ED81444D5E900324FF00009C8F81C40C2
:100C700013605A60C5F80090D8F81030B34201D123
:100C800000F090FF89F31188D5E903312846984791
:100C9000302383F311886B69002BD8D000F072FFEA
:100CA0006A69A0EB04094A4582460DD2022001F090
:100CB00027F80022D8F81030B34208D15146284610
:100CC000BDE8F047FFF728BF121A2244F2E712EB03
:100CD000090938BF4A4629463846FFF7EBFEB5E713
:100CE000D8F81030B34208D01444211AC8F81C00B8
:100CF000A960BDE8F047FFF7F3BEBDE8F08700BF8D
:100D0000A8B2002098B2002038B500F03BFF054A99
:100D1000D2E90845031B181945F10001C2E9080191
:100D200038BD00BF98B200204FF0FF307047000080
:100D3000002070474FF0FF307047000000207047E0
:100D40004FF0FF30704700000120704700207047CF
:100D5000FEE70000704700004FF0FF3070470000D2
:100D600002290CD0032904D00129074818BF00200C
:100D70007047032A05D8054800EBC20070470448B5
:100D800070470020704700BFD4190408F0230020EA
:100D90008819040870B59AB00546084601A914469A
:100DA00000F0D2F801A8E0F73DFA431C5B00C5E96A
:100DB00000340022237003236370C6B201AB0234F7
:100DC0001046D1B28E4204F1020401D81AB070BDAF
:100DD00013F8011B04F8021C04F8010C0132F0E7BF
:100DE00008B5302383F311880348FEF72FFE002354
:100DF00083F3118808BD00BF54B5002090F85C3023
:100E000003F01F02012A07D190F85D200B2A03D1BD
:100E10000023C0E9143315E003F06003202B08D150
:100E2000B0F860302BB990F85D20212A03D81F2A32
:100E300004D8FEF7EDBD222AEBD0FAE7034A02659B
:100E40000722426583650120704700BFE723002029
:100E500007B5052917D8DFE801F01916031919207D
:100E6000302383F31188104A01900121FEF794FE8C
:100E700001980E4A0221FEF78FFE0D48FEF7B2FDE3
:100E8000002383F3118803B05DF804FB302383F360
:100E900011880748FEF77CFDF2E7302383F31188C1
:100EA0000348FEF793FDEBE7281904084C190408E2
:100EB00054B5002038B50C4D0C4C0D492A4604F1B0
:100EC0000800FFF767FF05F1CA0204F110000949A5
:100ED000FFF760FF05F5CA7204F118000649BDE886
:100EE0003840FFF757BF00BF14BA0020F02300209E
:100EF0000C190408161904081E19040810B9024B2D
:100F00001868704700207047E723002010B9024B93
:100F10005879704700207047E723002070B50446D9
:100F200008460D46E0F77EF9C6B220460134037844
:100F30000BB9184670BD3246294603F019FA00284D
:100F4000F3D10120F6E700002DE9F84F05460C46E5
:100F5000E0F768F92B49C6B22846FFF7DFFF08B172
:100F60000436F6B228492846FFF7D8FF08B11036F4
:100F7000F6B2632E0DD8DFF88C90DFF88CA0DFF886
:100F80009480DFF894B0214F2E7846B92670BDE8E2
:100F9000F88F29462046BDE8F84F03F0BFB9252E4B
:100FA0002CD107224946284603F0E2F950B93B68A4
:100FB00023607B6863603B892381BB7AA37207351A
:100FC0000B34E1E708225146284603F0D1F9A8B9CD
:100FD0000F4BA21C19780909023211F8081002F807
:100FE000041C13F8011B01F00F015B4511F80810F8
:100FF00002F8031CEED118340835C5E704F8016B7C
:101000000135C1E7161904081E19040898140408CC
:10101000107AFF1FF41904081C7AFF1FBFF34F8FCB
:10102000024AD368DB03FCD4704700BF003C024097
:1010300008B5094B1B7873B9FFF7F0FF074B1A6926
:10104000002ABFBF064A5A6002F188325A601A6805
:1010500022F480621A6008BD72BC0020003C02408D
:101060002301674508B50B4B1B7893B9FFF7D6FFF3
:10107000094B1A6942F000421A611A6842F4805220
:101080001A601A6822F480521A601A6842F4806268
:101090001A6008BD72BC0020003C02400728F0B571
:1010A00016D80C4C0C4923787BB90C4D0E460823FE
:1010B0004FF0006255F8047B46F8042B013B13F017
:1010C000FF033A44F6D10123237051F82000F0BD0C
:1010D0000020FCE794BC002074BC0020081A04081F
:1010E000014B53F820007047081A04080820704785
:1010F000072810B5044601D9002010BDFFF7CEFF28
:10110000064B53F824301844C21A0BB90120F4E7F7
:1011100012680132F0D1043BF6E700BF081A040858
:10112000072870B504462FD800F07EF9174E3060BE
:10113000FFF746FBFFF772FFFFF77AFF144AF3232E
:10114000D360E300DBB243F4007343F002031361A6
:10115000136943F48033136105462046FFF75EFFB1
:10116000FFF79CFF0B4B53F8241000F033FA28468E
:10117000FFF778FFFFF72EFB00F056F930602046AE
:10118000BDE87040FFF7B4BF002070BD98BC0020E0
:10119000003C0240081A040812F001032DE9F04156
:1011A00005460E4614464BD18118334A914261D808
:1011B000324B1B6813F001035CD0314FFFF700FB8B
:1011C000FFF736FFF323FB60FFF728FF314640F2BD
:1011D0000128032C18D824F00104294E0C446D1A60
:1011E00040F20118A142336905EB01072AD123F02F
:1011F00001033361FFF736FFFFF7ECFA0120BDE88A
:10120000F081043C0435E4E7AB07E4D13B6923F407
:1012100040733B613B6943EA08033B6151F8046B4F
:101220002E60BFF34F8FFFF7F9FE2B689E42E8D088
:101230003B6923F001033B61FFF714FFFFF7CAFA94
:101240000020DCE723F440733361336943EA080389
:1012500033610B883B80BFF34F8FFFF7DFFE3F8882
:1012600031F8023BBFB2BB42BCD0336923F001036B
:101270003361E1E71846C2E7000008080038024081
:10128000003C0240084908B50B7828B11BB9FFF7AC
:10129000CFFE01230B7008BD002BFCD0BDE8084039
:1012A0000870FFF7DFBE00BF72BC002008B500F079
:1012B000BBF8054B1B68C01A40F6B73398428CBF89
:1012C0000020012008BD00BF98BC0020704700002E
:1012D00010B5044610B90023184610BD0146082277
:1012E0000020FEF7D7FE034630B908222146FEF75C
:1012F000D1FE03460028EED018462246002102F017
:1013000073FB0346E8E7000038B578B1073020F0FA
:101310000705082229460020FEF7BCFE044618B146
:101320002A46002102F060FB204638BD0446FBE758
:10133000FFF7EABF38B5044660B101460822002035
:10134000FEF7A8FE054618B12246002102F04CFB2C
:10135000284638BD0546FBE74843FFF7B9BF000004
:1013600008B1FEF707BF704707B5002201A9104674
:101370000192FEF743FF00F049FC019B184403B0C3
:101380005DF804FB13B5049CCDE9003413460A460E
:101390000146002000F042FC02B010BD024B036089
:1013A000024B0B60012070479CBC0020281A0408E7
:1013B00002FB01F0FFF78CBF0846FFF789BF000072
:1013C0000846FFF7CDBF000010F0010309D1064A1F
:1013D000904206D90844054988428CBF002001206C
:1013E00070470020704700BFFF000020000004206D
:1013F00038B5EFF311859DB9EFF30584C4F3080404
:10140000302334B183F31188FFF77EFC85F3118814
:1014100038BD83F31188FFF777FC84F3118838BD5A
:10142000BDE83840FFF770BC38B5FFF7E1FF114C5D
:10143000114AC00840EA4170A0FB025EC908A0FB47
:10144000040C1CEB050CA1FB04404FF000035B41B6
:10145000A1FB02121CEB040C43EB000011EB0E018C
:1014600042F10002411842F10000090941EA00700E
:1014700038BD00BFCFF753E3A59BC42038B5044661
:101480000D46FFF7B5FF844275EB010305D3241A1F
:10149000024B65EB0105C3E9004538BDC0BC002027
:1014A00008B5FFF7A5FF034AD2E90032C01842EBA6
:1014B000010108BDC0BC002010B50244064BD2B2E9
:1014C000904200D110BD441C00B253F8200041F8F6
:1014D000040BE0B2F4E700BF502800400F4B30B5DA
:1014E0001C6F240407D41C6F44F400741C671C6F29
:1014F00044F400441C670A4C236843F4807323605F
:101500000244084BD2B2904200D130BD441C00B21C
:1015100051F8045B43F82050E0B2F4E70038024091
:10152000007000405028004007B5012201A90020AA
:10153000FFF7C2FF019803B05DF804FB13B5044642
:10154000FFF7F2FFA04205D0012201A9002001947B
:10155000FFF7C4FF02B010BD7047000070B520F067
:101560000F0400F00F01236862684E00CA40F34088
:10157000920003F0030302F004021A43A368F3404D
:10158000DB0003F018031A43E368F3405B0103F048
:101590006003134302070D4653BF206A606A08398F
:1015A0008D004ABF8900E840C840C00100F4F060E7
:1015B000184370BD10B520F00F0400F00F00E36871
:1015C00040000322824023EA020381400B43E36090
:1015D00010BD00007047000070470000C069ECF7C4
:1015E00045BF000003461968B1F1553F1A4603F1A3
:1015F0000403F8D0101A704770B505460C46012058
:1016000010211646FFF7A8FE286046733CB120461D
:1016100036B1FFF78DFE2B68186000B19C6070BD7D
:10162000FFF772FEF7E70000F8B50F4616460446CE
:1016300010B901252846F8BD427B38683146FFF7CE
:10164000C3FE05460028F4D13B686360A368B3423B
:1016500010D213B12068FFF783FE637B30462BB1B5
:10166000FFF766FE206020B9A060E3E7FFF74CFEBD
:10167000F8E7A66023683B6001252573DAE70000E0
:1016800010B5044640B10068884205D1606808B1D1
:1016900002F060F90023237310BD0000F8B50F4677
:1016A0001646044610B901252846F8BD427B386825
:1016B0003146FFF789FE05460028F4D1A368B342FE
:1016C00010D213B12068FFF74BFE637B30462BB17D
:1016D000FFF72EFE206020B9A060E5E7FFF714FEBB
:1016E000F8E7A660396819B12068324602F032F98D
:1016F00023683B6001252573D6E7000020B103680D
:101700008B4204BF002303737047000008B100231D
:1017100003737047074B45F255521A6003225A6013
:1017200040F2FF729A604CF6CC421A60024B0122E2
:101730001A70704700300040CCBC0020034B1B786F
:101740001BB1034B4AF6AA221A607047CCBC00209A
:1017500000300040034B1A681AB9034AD2F87428C3
:101760001A607047C8BC002000300240024B4FF0A6
:101770008072C3F8742870470030024008B5FFF744
:10178000E9FF024B1868C0F3407008BDC8BC0020D8
:10179000CAB201460120FFF7A1BE0000CAB201464D
:1017A0000120FFF789BE000070470000FEE700003F
:1017B0000A4B0B480B4A90420BD30B4BDA1C121A04
:1017C000C11E22F003028B4238BF0022002102F02A
:1017D0000BB953F8041B40F8041BECE72827040856
:1017E000E0BC0020E0BC0020E0BC002030B5039C41
:1017F0000172043304FB0325C0E90653049B036311
:101800000021059BC160C0E90000C0E90422C0E9D5
:101810000842C0E90A11436330BD0000416A00225A
:10182000C0E90411C0E90A22C2606FF00101FFF7AC
:1018300001B90000D0E90432934201D1C2680AB96B
:10184000181D70470020704703691960C268013293
:10185000C260C269134482690361934224BF436A30
:1018600003610021FFF7DAB838B504460D46E36896
:101870003BB16269131D1268A3621344E362002046
:1018800007E0237A33B929462046FFF7B7F8002846
:10189000EDDA38BD6FF00100FBE70000C368C269F4
:1018A000013BC3604369134482694361934224BF8F
:1018B000436A436100238362036B03B11847704797
:1018C00070B53023044683F31188866A3EB9FFF76A
:1018D000CBFF054618B186F31188284670BDA36A70
:1018E000E26A13F8015BA362934202D32046FFF73A
:1018F000D5FF002383F31188EFE700002DE9F84FAF
:1019000004460E46174698464FF0300989F3118871
:101910000025AA46D4F828B0BBF1000F09D14146F2
:101920002046FFF7A1FF20B18BF311882846BDE8C0
:10193000F88FD4E90A12A7EB050B521A934528BF7A
:101940009346BBF1400F1BD9334601F1400251F8D9
:10195000040B43F8040B9142F9D1A36A403340369B
:10196000A3624035D4E90A239A4202D32046FFF706
:1019700095FF8AF31188BD42D8D289F31188C9E74F
:1019800030465A4601F0E6FFA36A5B445E44A36218
:101990005D44E7E710B5029C0172043303FB0421A8
:1019A000C0E906130023C0E90A33039B0363049BC9
:1019B000C460C0E90000C0E90422C0E908424363F2
:1019C00010BD0000026AC260426AC0E9042200221F
:1019D000C0E90A226FF00101FFF72CB8D0E9042317
:1019E0009A4201D1C26822B9184650F8043B0B60F4
:1019F000704700231846FAE7C368C2690133C36021
:101A00004369134482694361934224BF436A43613B
:101A10000021FFF703B8000038B504460D46E3681F
:101A20003BB123691A1DA262E2691344E3620020FC
:101A300007E0237A33B929462046FEF7DFFF002866
:101A4000EDDA38BD6FF00100FBE7000003691960B3
:101A5000C268013AC260C269134482690361934259
:101A600024BF436A036100238362036B03B11847F9
:101A70007047000070B530230D460446114683F3CD
:101A80001188866A2EB9FFF7C7FF10B186F3118857
:101A900070BDA36A1D70A36AE26A01339342A36218
:101AA00004D3E16920460439FFF7D0FF002080F31A
:101AB0001188EDE72DE9F84F04460D46904699460A
:101AC0004FF0300A8AF311880026B346A76A4FB94F
:101AD00049462046FFF7A0FF20B187F31188304622
:101AE000BDE8F88FD4E90A073A1AA8EB060797422F
:101AF00028BF1746402F1BD905F1400355F8042B8A
:101B000040F8042B9D42F9D1A36A4033A3624036CA
:101B1000D4E90A239A4204D3E16920460439FFF745
:101B200095FF8BF311884645D9D28AF31188CDE70A
:101B300029463A4601F00EFFA36A3B443D44A362A6
:101B40003E44E5E7D0E904239A4217D1C3689BB12C
:101B5000836A8BB1043B9B1A0ED01360C368013BB0
:101B6000C360C3691A44836902619A4224BF436A0D
:101B70000361002383620123184670470023FBE7BB
:101B800000F036B9014B586A704700BF000C0040A6
:101B9000034B002258631A610222DA60704700BFCB
:101BA000000C0040014B0022DA607047000C00403E
:101BB000014B5863704700BF000C0040024B034AC2
:101BC0001A60034A5A607047D0BC0020E0BC002075
:101BD00000000420074B10B55C684942201A0840F9
:101BE0001968821A8A4203D3A24201D85A6010BDF2
:101BF0000020FCE7D0BC002008B5302383F3118817
:101C0000FFF7E8FF002383F3118808BD024BD3E9F7
:101C10000030C01A704700BFD0BC0020F0B5174696
:101C200087B008220D461E46FEF734FA0446D0B1AE
:101C30000C9B049341190D9B0593CDE90070CDE9F0
:101C40000216FEF7FBFD302383F311886846FEF78A
:101C5000FFFD012380F8253000210446FEF7F2FC49
:101C6000002383F31188204607B0F0BDFEE7000093
:101C700070B51F4B81630025044686B0586005632C
:101C80000E46FBF747FC04F12803C4E90A3304F1CC
:101C90001003C4E904334FF0FF33C4E90635C4E947
:101CA0000044A5606563FFF76DFF2B460246C4E95B
:101CB000082304F13C010F4AA56780232046FEF764
:101CC000A3FD7368E0600362012380F8243031696A
:101CD000094AF0680092CDE90213084B0190CDE962
:101CE0000435FEF7ABFD6846FEF7CEFD06B070BDCD
:101CF00048B50020C0180408341A04086D1C0308F5
:101D0000024A536B18435063704700BF98B20020DB
:101D10004B6843608B688360CB68C3600B69436129
:101D20004B6903628B6943620B6803607047000074
:101D300008B5234B23481A6942F0FF021A611A6959
:101D400022F0FF021A611A691A6B42F0FF021A634D
:101D50001A6D42F0FF021A651B4A1B6D1146FFF710
:101D6000D7FF02F11C0100F58060FFF7D1FF02F1FF
:101D7000380100F58060FFF7CBFF02F1540100F558
:101D80008060FFF7C5FF02F1700100F58060FFF78A
:101D9000BFFF02F18C0100F58060FFF7B9FF02F18F
:101DA000A80100F58060FFF7B3FF02F1C40100F560
:101DB0008060FFF7ADFFBDE8084000F099B800BFB4
:101DC00000380240000002403C1A040808B500F048
:101DD00033FAFEF7C9FCFFF7BDFCFFF7C7FCFFF7BE
:101DE00075FABDE80840FFF765B8000070470000CD
:101DF0000E4B1A6C42F008021A641A6E42F0080286
:101E00001A660B4A1B6E936843F008039360094BF4
:101E100031229A624FF0FF32DA6200229A615A63ED
:101E2000DA605A6001225A611A6070470038024035
:101E3000002004E0000C0040094A08B51169D3688D
:101E40000B40D9B2C9439B07116107D5302383F3F7
:101E50001188FEF7B3FC002383F3118808BD00BF8F
:101E6000000C004008B5204B1A6962F0FF021A61AD
:101E70001A69D2B21A614FF0FF301A695A69586173
:101E800000215A6959615A691A6A62F080521A62CD
:101E90001A6A02F080521A621A6A5A6A58625A6AB8
:101EA00059625A6A1A6C42F080521A641A6E42F0F1
:101EB00080521A661A6E0D4A106840F480701060E5
:101EC000186F00F44070B0F5007F1EBF4FF48030F3
:101ED00018671967536823F400735360FBF722FFF8
:101EE000BDE8084000F07CB90038024000700040B6
:101EF0003B4B3C4A1A643C4A4FF4404111601A681B
:101F000042F001021A601A689007FCD59A6822F024
:101F100003029A60324B9A6812F00C02FBD11968E6
:101F200001F0F90119609A601A6842F480321A606F
:101F30001A689103FCD55A6F42F001025A67284B88
:101F40005A6F9207FCD5294A5A601A6842F080728B
:101F50001A60254A53685804FCD5214B1A68910130
:101F6000FCD5234AC3F884201A6842F080621A60C4
:101F70001A681201FCD51F4A9A600322C3F88C200C
:101F80004FF00062C3F894201B4B1A681B4B9A4217
:101F90001B4B21D11B4A11681B4A91421CD140F2B4
:101FA00003121A60164A136803F00F03032BFAD1C9
:101FB0000B4B9A6842F002029A609A6802F00C0297
:101FC000082AFAD15A6C42F480425A645A6E42F49A
:101FD00080425A665B6E704740F20372E1E700BFD1
:101FE0000038024000040010007000400819400250
:101FF0001030002400948838002004E01164002090
:10200000003C024000ED00E041C20F41074A08B524
:10201000536903F00103536123B1054A13680BB1FF
:1020200050689847BDE80840FBF798BA003C01406B
:1020300058AC0020074A08B5536903F00203536106
:1020400023B1054A93680BB1D0689847BDE80840B2
:10205000FBF784BA003C014058AC0020074A08B5A1
:10206000536903F00403536123B1054A13690BB1AB
:1020700050699847BDE80840FBF770BA003C014042
:1020800058AC0020074A08B5536903F008035361B0
:1020900023B1054A93690BB1D0699847BDE8084060
:1020A000FBF75CBA003C014058AC0020074A08B579
:1020B000536903F01003536123B1054A136A0BB14E
:1020C000506A9847BDE80840FBF748BA003C014019
:1020D00058AC0020164B10B55C6904F478725A6154
:1020E000A30604D5134A936A0BB1D06A98476006D9
:1020F00004D5104A136B0BB1506B9847210604D5D9
:102100000C4A936B0BB1D06B9847E20504D5094A92
:10211000136C0BB1506C9847A30504D5054A936C1A
:102120000BB1D06C9847BDE81040FBF717BA00BF61
:10213000003C014058AC0020194B10B55C6904F418
:102140007C425A61620504D5164A136D0BB1506D7D
:102150009847230504D5134A936D0BB1D06D98476A
:10216000E00404D50F4A136E0BB1506E9847A104DA
:1021700004D50C4A936E0BB1D06E9847620404D517
:10218000084A136F0BB1506F9847230404D5054AD2
:10219000936F0BB1D06F9847BDE81040FBF7DEB9E5
:1021A000003C014058AC002008B50348FCF7F0FFA4
:1021B000BDE80840FBF7D2B9B0AD002008B5034830
:1021C000FCF7E6FFBDE80840FBF7C8B914B00020F3
:1021D00008B5FFF731FEBDE80840FBF7BFB90000C6
:1021E000062108B50846FDF755F806210720FDF73A
:1021F00051F806210820FDF74DF806210920FDF7CA
:1022000049F806210A20FDF745F806211720FDF7B9
:1022100041F806212820FDF73DF807213220FDF77F
:1022200039F80C212520FDF735F8BDE808400C21D0
:102230002620FDF72FB8000008B5FFF713FEFBF7C7
:1022400015FEFDF753F8FDF759FAFDF77FFCFDF792
:1022500027FBFFF7CBFDBDE80840FFF791BC00006E
:102260000B460146184601F051BB000010EE103A33
:10227000184A23F0004393421BDDB3F1FF4F02DB0A
:1022800030EE400A704700B583B0684600F056FC57
:1022900000F003000128DDED010A9DED000A0CD0DD
:1022A000022812D070B1012001F03AF903B05DF8B4
:1022B00004FBDFED090A00F077BD01F031F9B1EE62
:1022C000400AF3E700F070FDF0E700F06DFDB1EEBD
:1022D000400AEBE7D80F493F0000000010EE103A2B
:1022E000194A23F0004393421CDDB3F1FF4F02DB98
:1022F00030EE400A704700B583B0684600F01EFC1F
:1023000000F003000128DDED010A9DED000A0ED06A
:10231000022813D070B100F047FDB1EE400A03B0BF
:102320005DF804FBDFED090A002001F0F9B800F0C8
:102330003BFDF4E7012001F0F3F8F0E7012001F0A4
:10234000EFF8B1EE400AEAE7D80F493F000000007D
:1023500000F0C6B808B52DED028BB0EE408A00F053
:1023600067F9164B93F900300133F0EE408A12D032
:10237000B0EE480A01F0FEF968B1DFED117AB4EE73
:10238000E78AF1EE10FA12DCDFED0E7AB4EEE78A9E
:10239000F1EE10FA04D4B0EE680ABDEC028B08BD71
:1023A00001F0C2FA2223DFED088A0360F3E701F0AF
:1023B000BBFA2223DFED058A0360ECE7102400203E
:1023C0008071B142B5F1CFC2000000000000807FF3
:1023D00008B52DED028BF0EE408AB0EE608A00F079
:1023E0001DFA0E4B93F9003001330BD0F4EE488AFE
:1023F000F1EE10FA06D6DFED0A8AB4EE688AF1EE45
:1024000010FA02D0BDEC028B08BD01F08DFA88EE07
:10241000A80ABDEC028B2123036008BD1024002014
:102420000000000008B52DED028BB0EE408A00F0F0
:1024300085FA144B93F90030013314D0B4EE488A76
:10244000F1EE10FA0FD6B5EEC08AF1EE10FA0ADC02
:10245000B5EE408AF1EE10FA08D101F065FA2223B8
:102460009FED090A0360BDEC028B08BD01F05CFA28
:10247000BDEC028B034621221A600448BDE80840E7
:1024800001F0CCB910240020000080FF1C1B0408C0
:1024900008B52DED028BB0EE408A00F081FC0E4BAA
:1024A00093F9003001330BD0B4EE488AF1EE10FA04
:1024B00006D6DFED0A8AB4EEE88AF1EE10FA02D40D
:1024C000BDEC028B08BD01F02FFA88EEA80ABDEC26
:1024D000028B2123036008BD1024002000000000AF
:1024E00010B582B0CDED010A019B23F00042B2F19C
:1024F000FF4FF0EE407A30DC10EE100A20F0004181
:10250000B1F1FF4F29DCB3F17E5F42D09C1704F09C
:10251000020444EAD07431B37AB3B2F1FF4F40D031
:10252000B1F1FF4F29D08A1AB2F1F45F4FEAE251BC
:1025300034DA002B42DA3C3140DA9FED340A012CC8
:102540004ED0022C43D064B19FED317ADFED317A69
:1025500030EE070A30EE670A03E09DED017A37EEB0
:10256000270A02B010BD022C10D09FED2B0A032CBD
:1025700018BFB0EE670A02B010BD9FED280ADFED6C
:10258000287A0028B8BFB0EE670AEAE79FED210A73
:10259000E7E702B0BDE8104001F00AB89FED1F0A5E
:1025A000CDE7B1F1FF4F04F1FF3420D0022C26D843
:1025B0001C4B03EB840494ED000AD2E79DED017AF5
:1025C00087EE870A01F0CEF800F0F2FFB7E79FED43
:1025D000107ADFED107A30EE070A37EEC00AC0E756
:1025E00010EE103A03F1004300EE103AB9E7022C66
:1025F00008D80D4B03EB840494ED000AB1E79FED7E
:10260000030AAEE79FED090AABE700BF0000000038
:102610002EBDBB33DB0F4940DB0F49C0DB0FC93F89
:10262000DB0FC9BF2C1B0408201B0408DB0F493F2C
:1026300010EE103A23F00042B2F1FF4F55D84FEAA6
:10264000D37100F096806348834251DC002BC0F2C6
:102650008980614B9A4250D9604B9A4200F29C802B
:102660005F4B604A03EB810393ED004A02EB81026A
:10267000C1F1010330EE444A92ED007A5B1A34EE68
:10268000470ADFED597ADFED594A9FED595A9FED20
:10269000596ADFED595A60EE006AE6EEA74AA4EEE9
:1026A000A65AA5EE266AE6EE265AB0EE406AA5EED8
:1026B000E66A002B47D0F0EE006A60EE065A36EE6E
:1026C000C66AF7EE007A85EE860A13F17D0F37EEC3
:1026D000400A30EE440A37EEC00A51DB10EE102AF1
:1026E00002EBC35300EE103A704730EE000A704719
:1026F0009FED420A20EE000A7047B2F1465F0AD20F
:10270000DFED3E7A70EE277AB7EE007AF4EEC77A04
:10271000F1EE10FA5ADC60EE007A9FED337ADFEDCD
:10272000335A9FED336ADFED336AE7EE875A9FED48
:10273000327AA7EEA56AE7EE866AB0EE406AA7EEA7
:10274000A67AA7EEC76AF0EE007A60EE066A36EE69
:10275000676AB7EE007AC6EE867A37EEC00A37EEC1
:10276000400A7047264B9A427FF673AF9FED250AC9
:102770007047DFED247A002918BFB0EE670A704772
:1027800010EE102A643302EBC353DFED1F7A00EE24
:10279000103A20EE270A70471C4B9FED1D7A9FEDE3
:1027A0001D6ADFED1D6A03EB8103D3ED007AE0EED5
:1027B000077AB0EE404AFDEEE77AB8EEE77A17EE18
:1027C000903AA7EE464A27EE267A58E730EE070AF7
:1027D000704700BF1772B1421872B13E9115853F24
:1027E000401B0408481B04084CBB31330EEADDB51E
:1027F00055B38A38610B36BBABAA2A3ECAF249717F
:10280000B5F1CF42000000000000800D381B040825
:102810003BAAB83F8071313FD1F7173730B583B04D
:10282000CDED010A019D35F0004041D010EE10EAD7
:102830002EF00043B3F1FF4F3ADAB0F1FF4F37DC2F
:1028400083423BDB0EF000443AD01EF0FF4F56D1DE
:10285000190200296FF07D0204DD4900002902F110
:10286000FF32FADC15F0FF4F57D101026FF07D0CFB
:1028700003D449000CF1FF3CFBD512F17E0F47DB7E
:10288000CEF3160343F400031CF17E0F3ADBC5F3CD
:10289000160040F40000B2EB0C0204D117E00FD098
:1028A0004B00013A13D0191A0029F8DA5B00F8E757
:1028B000DDED017A60EE277A87EEA70A03B030BD1E
:1028C0001D4B03EB547393ED000A03B030BD181A8F
:1028D00058BF03461BB9F3E75B000CF1FF3CB3F5AF
:1028E000000FF9DB1CF17E0F1CDBA3F500030CF1DC
:1028F0007F0C234343EACC5300EE103ADEE7DA15AF
:102900007F3AAFE76FF07D01A1EB0C018840C2E791
:102910006FF07D01891A8B40B6E74FEAE05CACF1BD
:102920007F0CAAE76FF07D02A2EB0C0C43FA0CF3CC
:10293000234300EE103AC1E7501B040810EE103A92
:1029400033F000422ED0002B33DBB3F1FF4F40DADF
:10295000B3F5000F34DB4FF0000C6848C3F31601E9
:10296000084400F4000282F07E520A43DB1500EEB8
:10297000102A7F3B624A634401F10F0CF7EE007AA4
:102980000CEA020230EE670A03EBD05322BBB5EE2D
:10299000400AF1EE10FA60D1002B40F092809FEDDA
:1029A000590A70479FED587ADFED567A87EE270A6D
:1029B000704770EE407A9FED537A87EE870A704732
:1029C000DFED527A60EE277A6FF0180C17EE903A2E
:1029D000C3E730EE000A7047F0EE007A70EE277A17
:1029E00007EE103A80EE274A4948C1F557120844CD
:1029F00002F522720243002A9FED463ADFED464A75
:102A0000DFED465ADFED463A9FED465ADFED467A56
:102A1000DFED466A24EE046AF8EEC72A26EE067A4F
:102A2000E7EE034AA7EE235AE4EE875AE5EE076A7B
:102A3000E5EE877A67EE867AE6EE877A2ADDB6EEED
:102A4000007A20EE077A27EE007A4BBB77EE877A82
:102A5000A7EEC47A30EE470A7047B6EE007ADFED93
:102A6000346AF0EE477AE0EE667A20EE007A27EEDE
:102A7000277A002BEED007EE903A9FED2E6ADFED1D
:102A80002E6AF8EEE77AA7EEC67A37EE400A97EE9E
:102A9000A60A704713BB70EE677AA7EEC40A7047A8
:102AA000DFED246A9FED246A77EE877A62EEA66AEC
:102AB000E7EE846A37EE667A37EE400A92EE860ACF
:102AC000704707EE903A9FED1B0A9FED1B7AF8EED8
:102AD000E77A27EE800AA7EE870A70479FED157AFE
:102AE000DFED156A70EE677A27EE627AA7EE847AD8
:102AF00037EE400A92EEA60A704700BF20FB4A005C
:102B0000F0FF7F0000000000000000CC0000004C3F
:102B1000305CCFFF9788173E25333A3E2549923ED9
:102B20004FD01C3E298E633EABAA2A3FCDCCCC3E73
:102B3000ABAAAA3ED1F717378071313F70B510EEBE
:102B4000103A894A23F00044944286B0054670DD6D
:102B5000864A944210EE106A22DC002BDFED847A64
:102B6000844A24F00F04B0EE407A40F3E4809442AB
:102B700070EE677A09BFDFED806A9FED807A9FED86
:102B8000807A77EEE67A012077EEC76A77EEE67A0A
:102B9000C5ED006A77EEC77AC5ED017A06B070BD63
:102BA000784A944254DDB4F1FF4F49DAE215863A8F
:102BB000A4EBC25307EE903ABDEEE77ADFED726AFE
:102BC000B8EEC77A77EEC77A8DED037A67EEA67A0C
:102BD000BDEEE77AB8EEC77A77EEC77A8DED047A64
:102BE00067EEA67AF5EE407AF1EE10FACDED057AB1
:102BF00040F09080B5EE407AF1EE10FA14BF022357
:102C00000123624901910221009103A8294600F0A5
:102C10004DF9002EC2DA95ED007AD5ED017AB1EECC
:102C2000477AF1EE677A85ED007AC5ED017A404288
:102C3000B4E7002285ED000A4260002006B070BDB6
:102C400070EE407A0020C5ED017AC5ED007AA5E767
:102C500000F088FD9FED4E7A9FED456AF6EE007A12
:102C6000E0EE077A9FED457AFDEEE77A17EE900ADF
:102C7000F8EEE76A1F28A6EEC60A66EE877AB1EE7E
:102C8000666A1EDC434A411E24F0FF0352F82120ED
:102C9000934216D030EE677A85ED007A30EE470A1F
:102CA000002E30EE670A85ED010ABFF677AFB1EE70
:102CB000477AB1EE400A85ED007A85ED010A40427F
:102CC0006CE730EE677AE21517EE103AC3F3C7539C
:102CD000C3EBD454082CDFDDDFED277A9FED287A93
:102CE000F0EE405AE6EE275A30EE650AA6EE270AC5
:102CF000F0EE407AD6EE877A35EEE77A17EE103AA4
:102D0000C3F3C753D21A192A06DCB0EE650A85ED63
:102D1000007AC3E7032374E79FED1F7A9FED1F5AE4
:102D2000B0EE650AA6EE070A75EEC07AE6EE077AFF
:102D3000D6EE857AAEE7944270EE277A09BFDFEDD2
:102D40000E6A9FED0E7A9FED0E7A77EEA67A4FF01F
:102D5000FF3077EE876A77EEE67AC5ED006A77EEA8
:102D6000877AC5ED017A19E7D80F493FE3CB1640C2
:102D7000800FC93FD00FC93F004435374344353732
:102D800008A3852E800F494300008043D81B040808
:102D900084F9223F581B040800A3852E32318D246C
:102DA000B1EEC00A704700BF10EE103A23F00043A6
:102DB000B3F1485F2CDAFDEEC07A17EE903A002BA3
:102DC00060D020EE007ADFED317A9FED315ADFEDF1
:102DD000315A9FED316ADFED316AA7EE275ADFEDF8
:102DE000307AE7EE055AA7EE256AE7EE067AE7EEB7
:102DF000276A67EE266A60EEC00AF6EE007AE7EE12
:102E0000260AB7EE000AD7EE270A30EE600A7047AE
:102E100020EE007ADFED1D7A9FED1D5ADFED1D5A81
:102E20009FED1D6ADFED1D6A1E4AA7EE275A9342E9
:102E3000DFED1B7AE5EE075AA5EE876AE6EE077A24
:102E4000E7EE876A66EE876AD5DD174A934214DC9F
:102E500003F17F4307EE903AB7EE006A36EE676AF9
:102E600060EEC00AF6EE005AD7EE257AE7EE260AA3
:102E700077EEE00A36EE600A7047B6EE076AF5EEC6
:102E8000027AEDE7B7EE000A704700BF4ED747ADB4
:102E9000F6740F317CF293B4010DD037ABAA2A3D02
:102EA000610BB6BA9999993E0000483F2DE9F04F61
:102EB0002DED048BDBB01C4603930691A34B689960
:102EC000089253F82150111D824604F1FF38C0F2D8
:102ED000A282D31E44BF13460433DB100293013396
:102EE000DB000793DDE907239B1A0593029B15EB93
:102EF0000801A3EB080316D401319FED957A699878
:102F000019441EAA002BA4BF50F8234007EE904A94
:102F100003F10103ACBFF8EEE77AF0EE477A8B429B
:102F2000E2EC017AEED1002DC0F2E582039B1EA9EE
:102F300001EB830446AE4FEA830C4046EF180AEBE0
:102F40008301B8F1000FDFED827A09DB2246534698
:102F5000F3EC016A32ED017A8B42E6EE877AF7D123
:102F60000130B842E6EC017A04F10404E9D109AB7E
:102F70000AAF03EB850907EB8503083B9FED769AC3
:102F8000DFED748A059804930AEB0C0446AE0095B5
:102F90005AAB03EB8503002D13ED140A4FEA850BA2
:102FA00016DD06EB85033A4660EE097AB0EE407A0C
:102FB000FDEEE77A73ED016AF8EEE77AB342A7EE29
:102FC000E87A37EEA60ABDEEC77AA2EC017AEBD119
:102FD000019000F029FCB0EE408AB4EE000A28EE21
:102FE000000A00F0D5FBF2EE007AA0EE678A0198A5
:102FF0000028FDEEC89AF8EEE97A38EE678A79DDA6
:1030000005F1FF3EC0F1080357F82E1041FA03FC0A
:103010000CFA03F3CB1AC0F1070219EE901A43FA27
:1030200002F26144002A47F82E3009EE901A69DC5A
:10303000B5EE408AF1EE10FA40F0C180009B05F138
:10304000FF3B5B4510DC05F18043013B07EB83034D
:103050000021944653F804294B4541EA0201F9D175
:103060006246002940F0F380009B013B57F8233073
:10307000002B40F0E880049B4FF0010C53F804292A
:103080000CF1010C002AF9D06B1CAC449E46039A4B
:103090005119029A02EB030B0BF1804B699A0BF169
:1030A000FF3B06EB83051EAB02EB8B0B03EB8101B1
:1030B000DBED017A9FED267AF8EEE77AB8F1000FA2
:1030C0000BF1040BC1ED007A0A4601F1040109DBA2
:1030D000534601E072ED017AF3EC016AA342A6EED9
:1030E000A77AF7D10EF1010EE645A5EC017ADFDDF6
:1030F00065464DE740F09D806B1E57F82320121265
:10310000002A95DD19EE903A002D03F1010309EE36
:10311000903A40F396813968002940F08080012D73
:1031200026D03B464FF0010C53F8041F00297AD0FB
:103130000CF10103C1F580719D4247F82C1016DD9A
:1031400057F82310BB4407EB83030AE01C1F040855
:1031500000000000000080430000803B0000C93FE9
:103160001968C1F1FF0143F8041B5B45F8D1012147
:1031700000280CDD012800F04581022807D105F167
:10318000FF3C57F82C3003F03F0347F82C30022A5D
:103190007FF44EAFB7EE000A30EE488A00293FF4C4
:1031A00047AF0992019000F03FFB38EE408A099A40
:1031B0000198B5EE408AF1EE10FA3FF43FAF02926B
:1031C000DDE90732B0EE480A981A0195009D00F03B
:1031D0002BFB1FED207AB4EEC70AF1EE10FADDE901
:1031E0000132C0F256815FED247A059960EE277AAC
:1031F0000831FDEEE77A0591F8EEE77A03F1010B6D
:10320000A7EEC70AFDEEE77ABDEEC00A10EE101A6F
:1032100047F8231017EE903A47F82B302EE00123A1
:103220004FF0000C86E70CF1010CAC457FF47CAF4D
:103230009EE7F6EE007AB4EEE78AF1EE10FA80F23D
:10324000EF800022F4E66B1C9E469C461FE7059922
:10325000A1F1080057F82B1005902B46009D69B985
:1032600003F18043023B07EB8303014653F8040953
:103270000BF1FF3B08390028F8D005910598009222
:10328000B7EE000A00F0D0FABBF1000F009AC0F2CE
:1032900025814FEA8B0E46AB03EB0E060EF1040CB4
:1032A0001FED537A07EB0C03311D73ED017AF8EE35
:1032B000E77ABB4267EE807A20EE070A61ED017A79
:1032C000F3D1002D1FED5B6A4FF0000420DB924824
:1032D000DFED927AB0EE467A3146002303E09C425D
:1032E00008DBB0EC017AF1EC016A01339D42E6EEB5
:1032F000877AF4DA5AAB03EB8403A34543ED287ACB
:10330000A6F1040604F1010305D0002D1C46DEDA07
:10331000DFED827AEEE7689902291CDC002900F3D0
:1033200092800FD132ABDFED7D7A9C443CED017A87
:10333000634577EE877AF9D10AB1F1EE677A069B99
:10334000C3ED007A19EE903A03F007005BB0BDECD4
:10335000048BBDE8F08F689B032BF3D1BBF1000F0A
:1033600000F0D1805AAB734432A913ED287A01EBF7
:103370008B0373ED017AF0EE476A37EE277A9942B4
:1033800077EEC77A83ED007A77EEA67AC3ED017AFD
:10339000EFD1BBF1010F40F3B6800BF1804B5AAB7C
:1033A0000BF1FF3B9E444FEA8B0B0BF104031EED28
:1033B000287A0B4433A873ED017AF0EE476A37EEB2
:1033C000277A984277EEC77A83ED007A77EEA67A6D
:1033D000C3ED017AEFD10BF1080BDFED507A01EB71
:1033E0000B03083133ED017A994277EE877AF9D1F0
:1033F000002A56D10699329A339B0A604B60C1ED80
:10340000027A9FE705F1FF3C57F82C3003F07F0369
:1034100047F82C30BBE6082307930023029361E5AD
:1034200019EE903A002D03F1010309EE903AC8BF5E
:1034300002223FF770AEF7EE007A37EEC88A02221A
:10344000F6E5002194E632A9DFED347A01EB83033F
:1034500033ED017A994277EE877AF9D19DED327A90
:103460008ABB069BBBF1000FC3ED007A77EE677A4B
:103470000BDD33A90123B1EC017A01339B4577EED3
:10348000877AF8DA0AB1F1EE677A069BC3ED017A22
:1034900058E7BDEEC00A9B4610EE101A47F82310FD
:1034A000ECE6DDED326A9DED337A069BF1EE666A5D
:1034B000B1EE477AF1EE677AC3ED006A83ED017AE7
:1034C000C3ED027A3EE7069BF1EE676ABBF1000F9F
:1034D00077EE677AC3ED006ACBDCD4E7689B022BFA
:1034E0000DDC002B14DC7FF42DAFDFED0C7A002A0D
:1034F0003FF425AF21E7039B4FEA830C37E5689B38
:10350000032B7FF41FAFDFED057A002AC9D171E7E5
:10351000DFED027AA2E700BFF41E040800000000FD
:1035200010EE103A23F00043B3F1485F04DAFDEEE9
:10353000C07A17EE903A5BB360EE007A9FED157A91
:10354000DFED155A9FED156ADFED156AE7EE875A34
:103550009FED147AA5EEA76A20EE275AE6EE276AB9
:10356000A6EEA77A30B9DFED106AE7EE876AA6EE1D
:10357000850A704727EE457AF6EE006AA0EEA67A35
:10358000DFED0A6AD7EE270AE5EE260A30EE600A7A
:10359000704700BFD3C92E2F342FD7B21BEF383658
:1035A000010D50B98988083CABAA2ABEABAA2A3EB5
:1035B00038B510EE105A25F00044B4F1A14FF0EEEA
:1035C000407A0BDBB4F1FF4F5BDCDFED537A9FED0C
:1035D000530A002DC8BFB0EE670A38BD504B9C425D
:1035E0005EDCB4F1445F4FDB4FF0FF3367EEA76A58
:1035F000DFED4C4ADFED4C5A9FED4C5A9FED4C4AA3
:1036000026EEA67AB0EE666AE7EE245A5A1CDFED83
:10361000494ADFED496AA5EE875AE7EE246ADFEDF5
:10362000475ADFED474AE6EE875AA5EE074A9FED77
:10363000455ADFED456AA5EE875AE4EE074ADFED0D
:10364000435AE4EE876AE5EE075A66EE866A25EE8F
:10365000877A3AD03E4A02EB830276EE876A92ED91
:10366000000A3C4A96EEA70A02EB8303002D93ED75
:10367000007A70EE677A37EE670AAEDAB1EE400A8A
:1036800038BD30EE000A38BD9FED337A30EE077A50
:10369000F7EE006AB4EEE67AF1EE10FAA4DD38BD7A
:1036A00000F060F82D4B9C4216DCA3F5D0039C4241
:1036B00027DCF0EE007ABFEE007AA0EE277A002336
:1036C00030EE270AC7EE007A90E776EE876AE6EEDC
:1036D000E77AB0EE670A38BD214B9C420BDCF7EE6F
:1036E000087AB7EE007AA0EE277A022330EE670A56
:1036F000C0EE077A7AE7BFEE007AC7EE007A0323BE
:1037000074E7F7EE007A30EE677A30EE270A01238D
:10371000C7EE007A6AE700BFDB0FC93FDB0FC9BF06
:10372000FFFFDF3ED769853C59DA4B3D356B883D5D
:103730006E2EBA3D21A215BD6BF16EBD95879DBD64
:103740002549123E388EE3BDABAAAA3ECDCC4CBE75
:10375000381F0408281F0408CAF24971FFFF973F69
:10376000FFFF1B4010EE103A23F0004300EE103A2A
:10377000704700BF82B08DED010A019820F0004033
:10378000B0F1FF4FACBF0020012002B0704700BF76
:1037900010EE102AC2F3C7537F3B162B22F00041D4
:1037A00028DC002B18DB1A4919410A4221D0DFED31
:1037B000197A70EE277AF5EEC07AF1EE10FA18DD7C
:1037C000002A04DA4FF4000040FA03F31A4422EA14
:1037D000010300EE103A7047DFED0E7A70EE277AA3
:1037E000F5EEC07AF1EE10FA03DD002A08DB9FED5A
:1037F0000A0A7047B1F1FF4FFBD330EE000A704761
:10380000FFEE007A002918BFB0EE670A704700BFCC
:10381000FFFF7F00CAF24971000000009FED010A1E
:10382000704700BF0000C07F82B08DED010A019B90
:1038300033F000422AD0B2F1FF4F23D213F0FF4FF2
:1038400028D19DED017ADFED2A7A2A4B67EE277A9F
:103850009842CDED017A37DB019BC3F3C752193A89
:103860000244FE2A1ADD9FED240A9FED247A019B73
:10387000002BF0EE407AB8BFB0EE470A20EE270AE0
:1038800002B0704730EE000A02B070479DED010AA9
:1038900002B07047D20D0244FE2AE4DC002A0BDCA1
:1038A00012F1160F17DA4CF250339842DBDC9FED21
:1038B000140A9FED147ADAE723F0FF4343EAC25378
:1038C00000EE103A02B070479FED0D0ADDED017A6F
:1038D00027EE800AD8E7193223F0FF4343EAC253A8
:1038E000DFED097A07EE103A27EE270ACCE700BF92
:1038F0000000004CB03CFFFFCAF24971CAF249F126
:103900006042A20D6042A28D0000003310B5054C4C
:1039100013462CB10A4601460220AFF3008010BDC9
:103920002046FCE700000000014B1868704700BF0C
:103930001424002010B501390244904201D1002026
:1039400005E0037811F8014FA34201D0181B10BD08
:103950000130F2E70A44914200F1FF3300D1704791
:1039600010B511F8014B03F8014F9142F9D110BD88
:103970002DE9F041A3B1C91A17780144044603F1B7
:10398000FF3C8C42204601D9002009E00578BD4269
:1039900004F10104F5D10CEB0405D618A54201D1C0
:1039A000BDE8F08115F8018D16F801EDF045F5D070
:1039B000E7E70000884210B501EB020402D9844217
:1039C000234607D8431EA14208D011F8012B03F863
:1039D000012FF8E7024401468A4200D110BD13F8D6
:1039E000014D02F8014DF7E702440346934200D12E
:1039F000704703F8011BF9E72DE9FF4755EC104B21
:103A0000002D0E4619462B46BBBF05F100431D464F
:103A100000232D230B700D9BDDF830A0914623F081
:103A20002008BCBF22461446B8F1460F05D0B8F1B5
:103A3000450F00D10136022100E0032103AB0193C1
:103A400002AB009345EC104B5346324601F076FC36
:103A5000B8F1470F074602D119F0010F22D0B8F193
:103A6000460F07EB060910D13B78302B0AD1002214
:103A7000002320462946DDF709F818B9C6F10106EA
:103A8000CAF80060DAF8003099440022002320468A
:103A90002946DCF7FBFF08B1CDF80C903022039BE0
:103AA0004B4507D3039B0E9ADB1B3846136004B0CB
:103AB000BDE8F087591C03911A70F0E7F7B503468B
:103AC0000029B8BF494203F8022BB4BF2D222B2294
:103AD000092942702ADD0DF10704A4460A27A646EB
:103AE0000A4691FBF7F607FB16153035632A04F1F9
:103AF000FF340EF8015C3146F1DC3031AEF10205E5
:103B000004F8011C441C294661450AD30DF1090241
:103B1000A2EB0E02654588BF00221344181A03B0B9
:103B2000F0BD11F8012B04F8012FEDE730233031FF
:103B30008370C170031DF1E72DE9F04F2DED028B6D
:103B40008DB00C46DDF8608016461F46054602F033
:103B500053FDD0F800A05046DDF764FB00230A9324
:103B600023680593D8F8003094F818B0073323F091
:103B7000070303F10802C8F80020D3E90023C4E9D1
:103B80001223D4E9128929F000430793CDF8188055
:103B900008EE100A9F4BDDE906014FF0FF32DCF71B
:103BA000A7FF88BBDDE906019A4B4FF0FF32DCF737
:103BB00081FF48BB0022002340464946DCF770FFE6
:103BC00010B12D2384F84330934B9448BBF1470F39
:103BD00094BF9846804603232361059B23F004028B
:103BE00022604FF00009009733460BAA2146284671
:103BF00000F0D8F9013040F090804FF0FF300DB068
:103C0000BDEC028BBDE8F08F42464B46404649462C
:103C1000DCF76EFF40B14B46002BBCBF2D2384F870
:103C200043307F487F4BD1E763680BF0DF02069299
:103C30005A1C3FD106236360059B616843F4806290
:103C4000002303930AABCDE901B309AB49EC108B18
:103C5000009322600DF123032846FFF7CDFE069B5B
:103C60000999472B804608D1C81C02DB636899423A
:103C700041DDABF1020B5FFA8BFBBBF1650F20D886
:103C800001395A4604F150000991FFF717FF0A9ACB
:103C90001318012A8146236102DC2268D20701D56C
:103CA000013323619DF82330002B9CD02D2384F811
:103CB000433098E7069A472ABED1002BBCD1012396
:103CC000B9E7BBF1660F18D1002963680BDD2161EC
:103CD00013B92268D00702D501330B442361A165D3
:103CE0004FF00009DEE713B92268D20701D502338D
:103CF000F4E70123F2E74FF0670B0A9B994205DBDB
:103D000023682161D807EAD54B1CE7E70029D4BF17
:103D1000C1F1020201221344E0E723685A0507D4E7
:103D20002369424631462846B84701302CD164E722
:103D3000BBF1650F40F2E080D4E9120100220023BC
:103D4000DCF7A4FE002834D0374A01233146284648
:103D5000B84701303FF451AFDDE909239A4202DB55
:103D60002368D80710D518EE103A52463146284637
:103D7000B84701303FF441AF4FF0000804F11A0991
:103D80000A9B013B434509DC23689B0700F1058141
:103D9000E0680B9B9842B8BF184630E701234A46BB
:103DA00031462846B84701303FF427AF08F10108F3
:103DB000E6E7099B002B39DC1B4A012331462846E4
:103DC000B84701303FF419AFDDE90923134302D1AD
:103DD0002368D907D8D518EE103A524631462846FE
:103DE000B84701303FF409AF4FF0000904F11A0A57
:103DF000099B5B424B4501DC0A9B92E7012352463B
:103E000031462846B84701303FF4F7AE09F10109C1
:103E1000EEE700BFFFFFEF7F4C1F0408208103087F
:103E200024810308501F0408548D03080A9AA36DC7
:103E30009A42A8BF1A46002A914637DC4FF0000B81
:103E400029EAE97904F11A02A36D0593A3EB0903AA
:103E50005B4533DCDDE909239A423BDB2368DA0763
:103E600038D40A9B059A09999A1AA3EB010991453E
:103E7000A8BF9146B9F1000F35DC4FF0000829EAE0
:103E8000E97904F11A0ADDE909239B1AA3EB090376
:103E900043457FF779AF0123524631462846B8475C
:103EA00001303FF4AAAE08F10108ECE713463146B1
:103EB00042462846B8470130C0D19EE6012331462C
:103EC00028460592B84701303FF497AE059A0BF1AA
:103ED000010BB9E718EE103A524631462846B8476A
:103EE0000130BED189E6059A4B4642443146284608
:103EF000B8470130C1D180E60A9A012A01DCDB070C
:103F000038D50123424631462846B84701303FF4B0
:103F100074AE18EE103A524631462846B847013082
:103F20003FF46BAED4E9120100220023DCF7AEFDB2
:103F3000D8B90A9B08F10102013B31462846B8472F
:103F400001300ED159E60123524631462846B84782
:103F500001303FF452AE08F101080A9B013B434592
:103F6000F1DC4B4604F15002DCE64FF0000804F1AE
:103F70001A0AF2E701234246DFE701234A463146A7
:103F80002846B84701303FF438AE08F10108E3682D
:103F90000B995B1A4345F0DCFAE64FF0000804F198
:103FA0001909F4E72DE9F047164699468A680B6926
:103FB000DDF820809342B8BF1346336091F8432068
:103FC00007460C460AB1013333602368990642BFA5
:103FD000336802333360256815F0060506D104F115
:103FE000190AE36832689B1AAB4226DC94F8432036
:103FF000131E226818BF012392062BD404F143023A
:1040000049463846C04701301ED02368E56832680B
:1040100003F00603042B08BFAD1AA36822690CBF86
:1040200025EAE57500259342C4BF9B1AED180026CA
:104030001A34B5421AD1002008E0012352464946FD
:104040003846C047013003D14FF0FF30BDE8F0875C
:104050000135C6E7E1185A1C302081F8430022449C
:1040600094F8451082F843100233C7E70123224633
:1040700049463846C0470130E6D00136D9E700004E
:104080002DE9FF470F7E0C9D782F914680460C4608
:104090009A4601F1430207D8622F0AD8002F00F098
:1040A000D880582F00F0A38004F1420584F84270B4
:1040B0003AE0A7F16303152BF6D801A151F823F0DC
:1040C000194103082D410308A9400308A94003082A
:1040D000A9400308A94003082D410308A94003088B
:1040E000A9400308A9400308A9400308394203086E
:1040F0005D4103081B420308A9400308A9400308C7
:104100005B420308A94003085D410308A940030876
:10411000A9400308234203082B681A1D1B682A6064
:1041200004F1420584F842300123A3E020682968A5
:10413000060601F104030AD50E682B60002E03DA8F
:104140002D23764284F843305E480A2319E00E6836
:104150002B6010F0400F18BF36B2EFE72B682068D5
:10416000191D2960010601D51E6802E04606FBD52F
:104170001E8854486F2F0CBF08230A23002184F89F
:1041800043106568A560002DA2BF216821F00401DD
:1041900021600EB9002D4DD01546B6FBF3F103FB9F
:1041A0001167C75D05F8017D3746BB420E46F4D95D
:1041B000082B0BD12368DE0708D523696168994273
:1041C000DEBF302305F8013C05F1FF35521B2261AB
:1041D000CDF800A04B4603AA21464046FFF7E2FE79
:1041E00001304CD14FF0FF3004B0BDE8F0873548C6
:1041F00081F845702968236851F8046B29601D0611
:1042000014D5DF0744BF43F0200323601EB92368A1
:1042100023F0200323601023B0E7236843F020033A
:1042200023607823284884F84530E3E7590648BFDF
:10423000B6B2E6E71546BBE72B6826686169181D2C
:10424000286035061B6801D5196002E07006FBD5B1
:104250001980002323611546BAE72B681A1D2A60CE
:104260001D68626800212846DCF782FF08B1401B08
:10427000606063682361002384F84330A8E7236902
:104280002A4649464046D0470130ABD023689B07B9
:1042900013D4E068039B9842B8BF1846A4E70123F3
:1042A000324649464046D04701309BD00135E3684D
:1042B00003995B1AAB42F2DCEBE7002504F1190627
:1042C000F5E700BFF4190408541F040830B50B4D7E
:1042D000044614F8013B5A5D02F00302012A11F86A
:1042E000012BA85C00F0030008BF2033012808BFA1
:1042F0002032981A01D1002AEBD130BDB91F040831
:10430000C9B2034610F8012B1AB18A42F9D11846F6
:104310007047002918BF0023F9E70000034611F891
:10432000012B03F8012B002AF9D1704770B50F4E0D
:1043300004460A448A4201D1002013E014F8013BEC
:10434000985D00F00300012811F8010B355C05F0C1
:10435000030508BF2033012D08BF20301B1A02D1EE
:104360000028E7D170BD1846FCE700BFB91F04085C
:1043700010B57AB103460139841813F8010B11F80E
:10438000012F904201D1A34201D1801A10BD002813
:10439000F3D1FAE71046F9E710B50139034632B117
:1043A00011F8014F03F8014B013A002CF7D11A44E0
:1043B0000021934200D110BD03F8011BF9E7000072
:1043C00010B5024601448A42134603D01C780132DC
:1043D000002CF8D1181A10BD70B504460D4645ECF6
:1043E000104B164602F090FC51EC100B7EB1C5F359
:1043F0000A53C3F16B03002B09DD1B0503F17F5545
:10440000002405F5401522462B46DCF7D7F870BD91
:104410002DE9F04F2DED028B9DB01F460023189320
:10442000A24B13921B680593044618468846DCF796
:10443000F9FE4FF0000A05464FF0000BCDF85C8006
:10444000179B1A782B2A4ED03BD80D2A34D8082A2D
:1044500034D8002A3ED000230A93179E3378302B9D
:1044600040F0B080737803F0DF03582B68D10A9BCB
:10447000019318AB029700938D4A19AB17A92046F8
:1044800001F0B2FD10F00707054605D0062F2CD12C
:104490000136002317960A93139B002B40F090855A
:1044A0000A9BEBB152460BF1004343EC102B1DB0BD
:1044B000BDEC028BBDE8F08F202ACCD101331793DD
:1044C000BEE72D2AC7D101220A925A1C17925B78A7
:1044D000002BC2D1139BCDF85C80002B40F06E8581
:1044E00052465B46E1E70022EEE7189A3AB13521E1
:1044F0001AA802F015FD1899204602F0D3F8013FE2
:10450000042F06D8DFE807F00A0314170A00DDE9D4
:104510001AAB2807C0D54BF0004BBDE7DDE91AA365
:10452000199A23F4801302F2334243EA025BF0E764
:10453000DFF880B1EDE76FF0004B4FF0FF3AE8E7AE
:10454000179B5A1C17925B78302BF9D0002BA3D005
:1045500001234FF000090493179B0893CDF81C909A
:104560004F460A2217980678A6F13003D9B20929D6
:104570002AD905992A46FFF7FBFE98B30020324658
:104580003D4605900346652A01D0452A18D11DB93C
:10459000049A02439ED00025DDF85C8008F10102F8
:1045A000179298F801202B2A75D02D2A7BD04FF036
:1045B000000CA2F13001092940F28280CDF85C8024
:1045C00000269DE00023C4E7082FD8BF079900F11B
:1045D0000100DABF02FB0133079302FB09390137FF
:1045E0001790BFE7179B5A1917925A5D002F37D0C3
:1045F00005903D46A2F13003092B12D90123C2E7F1
:10460000179B5A1C17925A780130302AF8D0A2F121
:104610003103082B00F2D984179B059000200893E2
:104620000546303A00F1010314D00599194405916B
:104630002B4600EB050E0A21734513D12B18082BCE
:1046400005F1010505441CDC07990A2303FB01233E
:1046500007930023179A511C179152781846C9E7FF
:104660003846D2E7082B04DC079E4E4307960133F9
:10467000E2E703F1010CBCF1100FD8BF01FB09F90F
:10468000F5E7102DDCBF0A2303FB0929E1E700232E
:10469000059301237CE74FF0000C08F1020217920A
:1046A00098F8022085E74FF0010CF6E7F82104089E
:1046B000681F04080000F07F179A511C1791527868
:1046C000302AF9D0A2F1310108293FF679AFA2F1E1
:1046D000300E179A0692179A511C17915278A2F130
:1046E0003006092E37D9069E891B082944F61F6615
:1046F00002DC7645A8BF7646BCF1000F00D07642BA
:10470000002D4DD1049901437FF4C6AE002B7FF4F8
:10471000E1AE692A27D024DC492A24D04E2A7FF42E
:10472000D9AE9F4917A801F0B7FE00283FF4D2AEDA
:10473000179B1B78282B2DD19A491AAA17A801F08C
:10474000BFFE052826D11B9BDDF868A043F0FF4B78
:104750004BF4E00BA0E60A2101FB0E2EAEF1300E69
:10476000B9E76E2ADBE7904917A801F095FE00280B
:104770003FF4B0AE179B8D49013B17A8179301F08A
:104780008BFE10B9179B01331793DFF830B24FF04F
:10479000000A81E6864802F009FC5BEC10AB7BE680
:1047A000059B0798F31A002F08BF2F46102D06937C
:1047B000A846A8BF4FF01008DBF786FE092D8246F9
:1047C0008B4613DD7B4B03EBC80353E91223DBF766
:1047D000F5FE824648468B46DBF776FE02460B46E0
:1047E00050465946DBF734FD82468B460F2D38DCA8
:1047F000069B002B3FF450AE24DD162B0BDC6D49DD
:1048000001EBC301D1E9000152465B46DBF7D6FE5E
:1048100082468B4640E6069AC5F12503934220DB8B
:10482000644CC5F10F0504EBC50152465B46D1E966
:104830000001DBF7C3FE069B5D1B04EBC504D4E956
:104840000023E3E7069B16330BDB059B9E1B594BAE
:1048500003EBC606D6E9002350465946DBF7D8FFDE
:10486000D6E7069BA5EB08089844B8F1000F74DD65
:1048700018F00F030AD04F4901EBC30152465B46C3
:10488000D1E90001DBF79AFE82468B4638F00F082B
:104890004FD0B8F59A7F22DD00252E460795059565
:1048A0002223DFF818B123604FF0000A079B002B8A
:1048B0003FF4F2AD1899204601F0F4FE0599204628
:1048C00001F0F0FE3146204601F0ECFE079920464B
:1048D00001F0E8FE2946204601F0E4FEDCE5364B17
:1048E000049300234FEA2818504659469946B8F1D8
:1048F000010F21DC0BB182468B462F4BABF1547B71
:1049000003EBC90952465B46D9E90001DBF756FEC5
:104910002A4B0A460B402A498B428246BCD8A1F555
:1049200080118B4286BFDFF89CB04FF0FF3A02F156
:10493000547B0023049384E018F0010F05D0049BFE
:10494000D3E90023DBF73AFE0123049A083209F188
:1049500001094FEA68080492C9E7EAD0C8F10008E3
:1049600018F00F020AD0134B03EBC203504659460E
:10497000D3E90023DBF74CFF82468B465FEA281819
:10498000D7D0B8F11F0F1FDD00252E4607950595DE
:1049900022234FF0000A4FF0000B236086E700BF90
:1049A000258103087C1F040821810308BF20040817
:1049B00076810308B42204088C2204080000F07FEA
:1049C0000000A07CFFFFEF7F18F0100318BF6A23E0
:1049D000DFF8AC93049350465946002318F0010FBA
:1049E00004D0D9E90023DBF7E9FD01235FEA680879
:1049F00009F10809F2D10BB182468B46049BC3B181
:104A0000CBF30A52C2F16B03002B594611DD1F2B69
:104A100040F32481342BDEBFC2F14B024FF0FF3351
:104A200003FA02F24FF0000ACCBF4FF05C7B02EABF
:104A3000010B0022002350465946DCF727F80028D6
:104A4000A2D1079B009308992B463A46204601F0D5
:104A500091FE079000283FF41FAF059B9E1B069B0D
:104A6000002BB4BF334600230C93069B002523EA9A
:104A7000E37312932E46079B2046596801F0D2FD3E
:104A8000059000283FF40CAF079B1A69023203F12E
:104A90000C0192000C30FEF75DFF4BEC10AB1AAA34
:104AA00019A9204602F0ACF94BEC18AB189000287D
:104AB0003FF4F6AE0121204601F0F6FE064600283E
:104AC0003FF4EEAE199B0499002BABBF0C9A129ADF
:104AD000129FDDF83090ACBF03EB0209D71A1A9A87
:104AE000A3EB01089044A14B08F1FF389845C2F1AF
:104AF000360280F2C780A3EB08031F2BA2EB030250
:104B00004FF0010100F3B18001FA03F30D9300238C
:104B1000089309EB0208049BC14517441F444B4608
:104B2000A8BF4346BB42A8BF3B46002BC2BFA8EB71
:104B30000308FF1AA9EB03090C9B002B17DD314674
:104B40001A46204601F070FF064600283FF4A8AE42
:104B50000146189A204601F0BDFE0B9000283FF454
:104B60009FAE1899204601F09DFD0B9B1893B8F15C
:104B7000000F00F38C80069B002B08DD129A05992C
:104B8000204601F051FF059000283FF489AE002F28
:104B900008DD05993A46204601F0A0FF059000285F
:104BA0003FF47EAEB9F1000F08DD31464A4620469B
:104BB00001F094FF064600283FF472AE059A18995A
:104BC000204602F017F8054600283FF469AEC36896
:104BD0000B930023C360314601F0F0FF002860DA38
:104BE0000B9B53EA0A0340F08280CBF31303002BA4
:104BF0007DD12BF000431B0D1B05B3F1D66F76D989
:104C00006B6913B92B69012B71DD294601222046FE
:104C100001F064FF3146054601F0D0FF002866DD53
:104C20000499534A5B46002900F0818002EA0B0197
:104C3000B1F1D66F7BDCB1F15C7F7FF7A9AE4D4B54
:104C4000504659460022DBF7B9FC0B46034308BF28
:104C5000222382468B4608BF23602BE64FF0FF32AB
:104C600002FA03F303EA0A0AE3E6C8F17F4808F50B
:104C70007F0808F57B4808F1E20801FA08F3089379
:104C80000D9146E70023089301230D9341E71899FE
:104C90004246204601F022FF189000287FF46BAFB7
:104CA000FEE55F466ED10B9ACBF3130342B3324A53
:104CB000934228D1049B5146EBB12D4B3B40B3F1BD
:104CC000D46F4FF0FF3219D81B0DC3F16B0302FAFA
:104CD00003F3994217D1294B9F4202D101313FF48E
:104CE000DFAD234B3B4003F5801B4FF0000A049BD4
:104CF000002BA4D1DEE54FF0FF33EAE71346E8E7E7
:104D000053EA0A038CD0089BDBB13B42EFD00B9BEC
:104D1000049A50465946C3B1FFF75EFB02460B4664
:104D200051EC180BDBF794FA82468B46DFE7134011
:104D3000A3F580136FEA135B6FEA0B5B4FF0FF3A4A
:104D4000D5E70D9B13EA0A0FE0E7FFF745FB0246A4
:104D50000B4651EC180BDBF779FA00220023824650
:104D60008B46DBF793FE0028C1D011E602FCFFFF63
:104D70000000F07F00005039FFFF0F00FFFFEF7FC2
:104D8000901F04083146284602F096F859EC108B23
:104D900010EE100A00224FF080434946DBF78AFEEE
:104DA00000287AD00B9B002B4AD0954B0022CDE9EE
:104DB0000823DFF84C924FF00008924B3B400D93D4
:104DC0000D9A914B9A4240F0B080DDE90801A7F1BD
:104DD000547B4BEC10ABCDE9080101F095FFDDE908
:104DE000080153EC102BDBF7E9FB52465B46DBF77F
:104DF0002FFA0B468349854A19409142824660D971
:104E000018EE903A02F15472934204D118EE103A1F
:104E100001333FF445ADDFF800B24FF0FF3A189987
:104E2000204601F03FFC0599204601F03BFC31464D
:104E3000204601F037FC2946204601F033FC1AE6F3
:104E4000BAF1000F1BD1CBF31303F3B96C4B002263
:104E500040464946DBF724FED0B9404649466C4BF4
:104E60000022DBF7ABFB8046894609F10043CDF811
:104E700050801593DDE91423CDE908239DE7BAF1AD
:104E8000010F02D1002F3FF483AD624B00228EE769
:104E9000DFF87C914FF00008E7E75D4B404649465C
:104EA0000022DBF78BFB0B9B8046894633B901F16F
:104EB00000430E900F93DDE90E23DDE7CDE90E8967
:104EC000F9E703F1547B049B002BA8D12BF000439E
:104ED0000D9A1B0D1B059A42A1D140464946DCF7AD
:104EE000A9F9DBF73DFB02460B4640464946DBF796
:104EF000ADF90B9ACBF3130343EA0A03134380463D
:104F0000894655D036A3D3E90023DBF7C9FD002835
:104F10007FF4D0AC34A3D3E9002340464946DBF705
:104F2000DDFD00283FF47BAFC4E4049B33B30D9B4D
:104F3000B3F1D46F22D82EA3D3E9002340464946CB
:104F4000DBF7B8FDA0B149464046DBF70FFE01286C
:104F500038BF0120DBF7B8FA0B9B8046894623BB9C
:104F600001F1004310901193DDE91023CDE90823EE
:104F7000099B0D9A03F1D6639B1A0993DDE9080199
:104F8000B0EE480AF0EE680ACDE9080101F0BCFE77
:104F9000DDE9080153EC102BDBF710FB53EC182B69
:104FA000DBF756F982468B468DE7CDE91089DBE7C2
:104FB00011A3D3E90023DBF773FDB2E700230A93C3
:104FC000139A179B1360FFF76BBA652A3FF45FAB28
:104FD000452A3FF45CAB0123FFF794BBAFF300809D
:104FE0009535A094FFFFDF3F35E5AF350000E03F8A
:104FF0000000C0FFFFFFDF419535A094FFFFCF3FCA
:105000000000F03F0000F07F0000E07FFFFF9F7C8A
:105010000000E03F0000F0BFFFFFEF7F2DE9F0410F
:10502000DFF8AC80264B0A462DED028B0146D8F8FE
:105030000000FFF7EDF955EC104B10EE102A10EEC2
:10504000100A2B462946DBF753FD90B1002D1D4871
:1050500009DAFEF7E3FBB1EE408AB0EE480ABDEC98
:10506000028BBDE8F081BDEC028BBDE8F041FEF79C
:10507000D5BB20462946DBF799FD08EE100ADFED87
:10508000127AB0EEC87AB4EE677AF1EE10FAE4DD87
:1050900025F000470D4B4FF0FF3220463946DBF735
:1050A00027FD40B9094B4FF0FF3220463946DBF768
:1050B00001FD0028D1D0D8F8003022221A60CCE7B8
:1050C0007C24002076810308FFFF7F7FFFFFEF7FB6
:1050D00014240020F0B508B9106888B104462046B1
:1050E00014F8015B0F4617F8016B1EB965B915601E
:1050F000284605E0B542F6D1002BF0D114600370CC
:10510000F0BD1C460CE015B914F8013B0E4616F82C
:10511000015BAB42F7D1002BF3D0002304F8013C34
:105120001460EDE70123FFF7D5BF00002DE9F04340
:10513000364F86460D46284615F8014BE65D16F0BB
:105140000806F8D12D2C2FD12C780126851C002B98
:1051500057D0102B09D1302C07D1287800F0DF0070
:10516000582849D16C78102302354FF0FF380027BA
:10517000B8FBF3F803FB08F96FEA09093846A4F114
:10518000300CBCF1090F14D86446A34222DD002F75
:105190001DDB80451BD301D1A14518DB00FB03407B
:1051A000012715F8014BEAE72B2C04BF2C78851C4E
:1051B000CDE7A4F1410CBCF1190F01D8373CE4E76D
:1051C000A4F1610CBCF1190F04D8573CDDE74FF096
:1051D000FF37E6E7002F07DA2223CEF800304FF042
:1051E000FF3032B9BDE8F08306B14042002AF9D061
:1051F00007B1691E1160F5E73024002BB5D10823F3
:10520000B3E7302CA9D00A23AFE700BFB91F0408C9
:1052100013460A46014602480068FFF787BF00BFF1
:10522000142400202DE9F74F03690C69A3420746B7
:10523000C0F28180013C01F1140800F1140505EB76
:105240008403019358F8243055F8242001339A42FE
:105250004FEA840B08EB8409B2FBF3F631D34FF02D
:10526000000E4046AC46F24650F8042B93B206FBC3
:1052700003E34FEA134E9BB2AAEB0303120CDCF8D4
:1052800000A006FB02E213FA8AF34FEA124E1FFA5D
:1052900082FADCF80020CAEB124202EB23429BB2F6
:1052A00043EA024381454CF8043B4FEA224ADBD2F1
:1052B00055F80B302BB9019B043B9D421A462ED367
:1052C0003C61384601F07AFC002824DB0136284690
:1052D0004FF0000C58F8042BD0F800E093B2ACEB80
:1052E0000303120C13FA8EF3C2EB1E4202EB2342AD
:1052F0009BB243EA0243C14540F8043B4FEA224CCB
:10530000E8D255F8242005EB840322B9043B9D42E2
:105310001A460AD33C61304603B0BDE8F08F1268EC
:10532000043B002ACCD1013CC7E71268043B002AA9
:10533000F0D1013CEBE70020EEE700002DE9F04F53
:105340002DED048B57EC106B93B0456ADDF880802F
:10535000069110EE10AA044609920C93BB4675B94B
:105360001020FBF7B5FF0246606220B9A74BEA2187
:10537000A74801F031FEC0E901550560C560636AC8
:10538000196851B15A684A60012393408B602046E6
:1053900001F088F9636A00221A603B1EAABF00234D
:1053A00023F0004BC8F800309A4BBCBF0122C8F86C
:1053B000002033EA0B031BD10C9A42F20F731360E7
:1053C000CBF31303334300F09285219B63B9924BD7
:1053D00022E0924B01930833219A1360019813B095
:1053E000BDEC048BBDE8F08F8B4B01930333F3E7E7
:1053F0000022002350465946DBF748FB4BEC19AB23
:10540000804658B10C9A01231360219B002B00F0B9
:105410006B8583481860431E0193DFE74BEC10ABAC
:1054200010AA11A9204601F0EBFCCBF30A5508EEB7
:10543000100A002D00F0848019EE903AC3F3130394
:1054400043F07F57564647F44017A5F2FF35CDF895
:105450003880744B002230463946DAF7F7FE65A3F0
:10546000D3E90023DBF7AAF864A3D3E90023DAF732
:10547000EFFE064628460F46DBF736F861A3D3E970
:105480000023DBF79BF802460B4630463946DAF735
:10549000DFFE06460F46DBF741FB002200900023AB
:1054A00030463946DBF7FCFA50B10098DBF71CF8C0
:1054B00032463B46DBF7EAFA10B9009B013B00930A
:1054C000009B162B5AD8009A574B03EBC203D3E923
:1054D000002351EC190BDBF7E3FA002850D0009BB6
:1054E000013B009300230B93109B5D1B6B1E0593E8
:1054F00045BFC5F101030493002300234CBF05936E
:105500000493009B002B3DDB059B009A0A921344F9
:10551000059300230793069B092B00F28980052B36
:10552000C4BF043B0693069BA3F10203CCBF002536
:105530000125032B00F28780DFE803F02D3A38596C
:10554000DDE910531D4405F23243202BC1BFC3F1E6
:10555000400305F212400BFA03F326FA00F0DABF1B
:10556000C3F1200306FA03F01843DAF7ADFF012375
:105570000646A1F1F877013D0E936AE70123B2E7F1
:105580000B90B1E7049B009A9B1A04935342079334
:1055900000230A93BFE700230893099B002B55DCE7
:1055A0000123CDE902331A4609920CE00123F3E707
:1055B0000023099A0893009B134402930133012BA3
:1055C0000393B8BF0123606A00224260042202F103
:1055D00014069E4241683DD9204601F023F801900F
:1055E00000283BD1114B02464FF4D571C0E6012390
:1055F000DFE700BF61436F63A787D23FB3C8608B0B
:10560000288AC63FFB799F501344D33FC920040822
:10561000E02004080000F07FC5200408BC20040836
:10562000558D03080000F83FB42204085D210408EA
:1056300001250023069308954FF0FF33CDE902338F
:1056400000221223B0E701230893F5E7099BCDE977
:105650000233B8E7013141605200B8E7636A019A4A
:105660001A60039B0E2B00F29D80002D00F09A80A3
:10567000009B002B32DDB74A03F00F0302EBC3039C
:10568000D3E90089009BD8054FEA231716D5B24B02
:1056900051EC190BD3E90823DBF7BAF807F00F0731
:1056A00082468B460325AC4E57B942464B46504680
:1056B0005946DBF7ADF882468B4628E00225F2E733
:1056C000F90708D540464946D6E90023DAF776FFC0
:1056D0000135804689467F100836E5E700F09B805B
:1056E000009B9D4F5E429B4B06F00F0203EBC203F3
:1056F000D3E9002351EC190BDAF760FF361182462B
:105700008B4600230225002E7AD1002BD3D10B9B90
:10571000002B00F08280914B002250465946DBF767
:10572000BFF9002879D0039B002B76D0029B002B79
:1057300036DD009B504659465F1E0022884BDAF743
:105740003DFF029E82468B4601352846DAF7CCFEA5
:1057500052465B46DAF732FF824B0022DAF778FDD9
:10576000D046D9468246A1F1507B002E58D17E4BBF
:10577000002240464946DAF769FD52465B468046BC
:105780008946DBF7ABF9002840F0958252460BF1D1
:10579000004340464946DBF783F9002840F0898200
:1057A0005BEC19AB119B002BC0F24881009A0E2ACA
:1057B00000F34481674B03EBC203D3E90089099BE3
:1057C000002B80F2D580039B002B00F3D18040F0AA
:1057D0006F82654B002240464946DAF7EFFE52469B
:1057E0005B46DBF771F9039E3746002840F045829F
:1057F000019D312305F8013B009B0133009340E2FA
:10580000F20705D5D7E90023DAF7D8FE01350123E1
:105810007610083777E7022579E7009F039E94E723
:1058200001994C4B31440D91089903EBC60353E9A0
:105830000223002943D04D490020DAF7E9FF524600
:105840005B46DAF703FD019D82468B46494640469A
:10585000DBF764F90646DAF747FE02460B46404698
:105860004946DAF7F3FC303605F8016B52465B46E1
:1058700080468946DBF714F9002863D142464B463F
:1058800036490020DAF7E2FC52465B46DBF708F9BE
:10589000002840F0B5800D9B9D4281D0304B002206
:1058A00050465946DAF78AFE2D4B82468B464046D3
:1058B00049460022DAF782FE80468946C6E750460E
:1058C0005946DAF77BFE0D9B019D0F9382468B466E
:1058D00049464046DBF722F90646DAF705FE303640
:1058E00002460B4640464946DAF7B0FC05F8016B24
:1058F0000D9B9D42804689464FF0000224D11B4BF0
:1059000050465946DAF7A4FC02460B464046494643
:10591000DBF7E4F8002873D152465B4613490020B8
:10592000DAF794FC02460B4640464946DBF7B8F8E6
:1059300000283FF435AF0F9D6B1E0F9315F8013C07
:10594000302BF8D0009749E0054BDAF737FE804658
:105950008946BDE7B42204088C2204080000F03F09
:105960000000244000001C40000014400000E03F04
:10597000019D56465F4642464B4630463946DAF769
:1059800047FFDBF7CBF88246DAF7AEFD42464B46DF
:10599000DAF714FE02460B46304639460AF1300665
:1059A000DAF754FC05F8016B019E039FAE1BB7426A
:1059B00002460B4635D1DAF74BFC42464B460646CB
:1059C0000F46DBF78BF8D0B942464B463046394696
:1059D000DBF75CF810B11AF0010F10D1204618EE79
:1059E000101A00F05FFE002300982B700C9B013012
:1059F0001860219B002B3FF4F1AC1D60EEE4009F8A
:105A00002B461D4613F8012D392A06D1019A9A42D8
:105A1000F7D10199302201370A701A7801321A70D1
:105A200090E7A64B0022DAF7C9FD002200230646C4
:105A30000F46DBF72BF800289DD0CFE7089A002A05
:105A400000F0D780069A012A00F3BA800E9A002A45
:105A500000F0B28003F23343079E049D049A1A4477
:105A60000492059A01211A442046059200F01CFF79
:105A70000746002D0CDD059B002B09DDAB42049A87
:105A8000A8BF2B46D21A0492059AED1AD31A059391
:105A9000079B1BB3089B002B00F0AF80002E13DD8B
:105AA00039463246204600F0BFFF18EE102A014664
:105AB0000746204600F00EFF18EE101A80462046DA
:105AC00000F0F0FD08EE108A079B9A1B06D018EE36
:105AD000101A204600F0A8FF08EE100A0121204607
:105AE00000F0E2FE0A9B002B064640F388801A462F
:105AF0000146204600F098FF069B012B064640F326
:105B000081804FF00008336906EB8303186900F0C9
:105B10007BFEC0F12000059B184410F01F0000F030
:105B20009280C0F12003042B40F38A80C0F11C0056
:105B3000049B03440493059B034405440593049B81
:105B4000002B07DD18EE101A1A46204600F0C6FF9B
:105B500008EE100A059B002B05DD31461A4620464B
:105B600000F0BCFF06460B9B002B6ED018EE100A0F
:105B7000314601F023F8002867DA009B013B18EE5C
:105B8000101A00930A220023204600F0ADFD089B66
:105B900008EE100A002B00F0B181002339460A22DA
:105BA000204600F0A1FD029B002B074600F38E80EB
:105BB000069B022B51DC89E0109BC3F136034BE7B7
:105BC000039B5E1E079BB342BFBF079B0796F21A5B
:105BD0000A9BB6BF9B189E1B0A93039BB8BF002667
:105BE000002BB7BFDDE90323DDE903359D1A002350
:105BF00034E7079E049D089F3BE7079A67E7069BEB
:105C0000012B18DCBAF1000F15D1CBF3130393B9B4
:105C10002BF000431B0D1B0583B1049B0133049340
:105C2000059B013305934FF001080A9B002B7FF47D
:105C30006AAF01206FE74FF00008F6E79846F4E7F7
:105C40003FF47DAF18461C3072E7039B002B37DC16
:105C5000069B022B34DD039B0293029B6BB93146FA
:105C60000522204600F040FD0146064618EE100AC7
:105C700000F0A4FF00283FF7BBAD099B019DDB436B
:105C800000934FF000083146204600F00BFD002F36
:105C90003FF4A4AEB8F1000F05D0B84503D041469B
:105CA000204600F0FFFC3946204600F0FBFC95E65C
:105CB00000263746E1E70097374699E50000244083
:105CC000089B002B00F0CA80039B0293002D05DD8A
:105CD00039462A46204600F001FF0746B8F1000F7A
:105CE0005BD07968204600F09DFC054628B9874BBB
:105CF000024640F2EA21FFF73BBB3A6902329200CA
:105D000007F10C010C30FDF725FE01222946204643
:105D100000F0E4FE019B03F10109DDE901231344D6
:105D200005930AF00103B84604930746314618EE7E
:105D3000100AFFF777FA4146029000F1300A18EE98
:105D4000100A00F03BFF3A4603903146204600F02F
:105D500051FFC26809F1FF3B054602BB014618EE40
:105D6000100A00F02BFF024629462046079200F059
:105D700099FCDDE9063243EA0201049B0B434D46E0
:105D80000FD1BAF1390F2AD0039B002B02DD029B01
:105D900003F1310A8BF800A075E73846BAE7012213
:105DA000E2E7039B002B04DB06990B4304990B43AA
:105DB00022D1002AEEDD18EE101A0122204600F052
:105DC0008DFE314608EE100A00F0F8FE002803DCD4
:105DD000E0D11AF0010FDDD0BAF1390FD7D1392354
:105DE0008BF800302B461D46013B15F8012C392A53
:105DF00071D001321A7046E7002A07DDBAF1390F77
:105E0000EDD00AF101038BF800303CE7059B09F85F
:105E100001AC994547D018EE101A00230A222046FB
:105E200000F062FCB84508EE100A4FF000034FF096
:105E30000A024146204606D100F056FC804607463D
:105E400009F1010972E700F04FFC39468046002352
:105E50000A22204600F048FC0746F1E7039B029324
:105E6000019D18EE100A3146FFF7DCF900F1300A07
:105E7000019B05F801ABEA1A029B934209DD18EE7B
:105E8000101A00230A22204600F02EFC08EE100A09
:105E9000E7E7029B002BC8BF1D46019BD8BF012529
:105EA0001D444FF0000818EE101A0122204600F0A1
:105EB00015FE314608EE100A00F080FE002891DC45
:105EC00002D11AF0010F8DD12B461D4613F8012D7A
:105ED000302AFAD0D7E6019A9A4284D1009B013346
:105EE000009331231370CEE6094BFFF795BA219B3F
:105EF000002B7FF46EAA074BFFF78EBA029B002B94
:105F0000AEDC069B022B3FF7A8AEA9E75D21040893
:105F1000548D0308BC2004080369B3EB611F2DE90D
:105F2000F0434FEA611200F1140445DD11F01F0146
:105F300004EB830604EB82050CD100F1100729461F
:105F4000B14234D39B1A9B00EA1E964238BF00230D
:105F5000234415E054F82270C1F12008CF4005F128
:105F6000040EA1467645F44615D89A1A9200043AD2
:105F70000135AE4238BF0022A318A75007B1043341
:105F80001A1BA3424FEAA20208BF0023026108BF06
:105F90004361BDE8F083DCF800C00CFA08FC4CEA71
:105FA000070749F8047B5EF8047BCF40DAE751F835
:105FB00004CB47F804CFC3E72346E1E7A0F1300361
:105FC000092B02D82038C0B27047A0F16103052B1D
:105FD00001D84738F7E7A0F14103052B01D827384E
:105FE000F1E70020704700002DE9F04F2DED028B06
:105FF00089B008EE100A0493B44B1B68019318464D
:106000008B469046DBF70EF9019BDBF8002003443A
:10601000824613F8013C0593931CC2F1FF2202F55E
:106020007F02FE32D1181F4613F8010B0091302871
:10603000F8D0FFF7C3FF044600283AD10199524631
:106040003846FEF795F90546002868D117F80A008A
:1060500007EB0A06FFF7B2FF002862D03346187834
:1060600030281F4603F10103F9D0FFF7A7FF0123F2
:10607000B0FA80F46409354600933A461646013278
:106080003078FFF79BFF0028F8D10199524630463F
:10609000FEF76EF980B94DB906EB0A052A46164699
:1060A00001323078FFF78AFF0028F8D1AD1BAD0030
:1060B00004E000242546E0E7002DF7D1337803F013
:1060C000DF03502B3BD173782B2B2CD02D2B2ED0D4
:1060D000711C4FF000090878FFF770FF431EDBB218
:1060E000182B2CD8A0F1100211F8010FFFF766FF52
:1060F000431EDBB2182B1DD9B9F1000F00D052425C
:106100001544CBF80010E4B1009B002B14BF00270E
:106110000627384609B0BDEC028BBDE8F08F3E463D
:1061200025460124CAE74FF00009B11CD3E74FF020
:106130000109FAE70A2303FB0202103AD4E73146C9
:10614000DFE7F31B013B2146072B0BDC18EE100A9F
:1061500000F068FA044640B95D4B0246DE215D4816
:1061600000F03AFF01315B10EEE700F114094FF047
:10617000000BCAF10103CDF80890CDF800B00693EA
:10618000B74240D30298009B40F8043BA0EB0900C3
:10619000801046012061184600F036FB301AD8F80E
:1061A0000060B04263DD871B3946204600F0DCFE0C
:1061B0008246A8B17B1E591103F01F0259F8211025
:1061C0004FF0010A0AFA02F20A4209D0534505DDEE
:1061D000B91E204600F0C8FE002845D14FF0020A43
:1061E00039462046FFF798FE3D44D8F80830AB42C8
:1061F0004CDA18EE100A214600F054FA149A0023E3
:106200001360A32785E7731E059A039316F8013CD4
:10621000934219D0BBF1200F07D1029B009A43F89B
:10622000042B0293002300939B4616F8010CFFF702
:10623000C5FE009B00F00F0000FA0BF00343009333
:106240000BF1040B039B0DE0039B069A1344BB4226
:10625000E0D31846019907935246FEF789F8079B49
:106260000028D7D11E468BE74FF0030AB8E70ADAB9
:10627000371A214618EE100A3A4600F02FFCED1BA3
:10628000044600F114094FF0000AAEE7D8F8040004
:10629000A84272DD451BAE4236DCD8F80C30022B2A
:1062A0002AD0032B2CD0012B1CD1AE421AD1012EA7
:1062B00012D1049AD8F80430136001232361C9F87D
:1062C0000030149B62271C6023E700BFF8210408FC
:1062D0005D21040870210408711E204600F044FE70
:1062E0000028E6D118EE100A214600F0DBF9149AD6
:1062F0000023136050270CE7159B002BF2D1D8E741
:10630000159B002BD5D1EDE76F1EBAF1000F31D1EF
:1063100027B13946204600F027FE82467B11012135
:1063200059F8233007F01F0701FA07F71F422946E3
:10633000204618BF4AF0020A761BFFF7EDFDD8F899
:1063400004500227BAF1000F48D0D8F80C30022BC5
:1063500015D0032B17D0012B09D11AF0020F06D04C
:10636000D9F800004AEA000A1AF0010F0ED147F0EE
:10637000100733E04FF0010AD0E70127E2E7159B51
:10638000C3F101031593159B002BF0D0D4F810B086
:1063900004F114034FEA8B0A03EB8B014FF0000C5E
:1063A000184653F8042BB2F1FF3F1CD001320260B3
:1063B000022F04F114033FD1D8F80020013AB24271
:1063C0000AD17111012253F8213006F01F0602FA9A
:1063D00006F61E4218BF174647F02007149B1C60A4
:1063E000049B1D6095E6994243F804CCD8D8A36875
:1063F0009B4519DB616818EE100A013100F012F9B3
:10640000814618B91A4B02468421A8E62269023255
:1064100004F10C0192000C30FDF79CFA214618EEB5
:10642000100A00F03FF94C4623695A1C04EB830321
:10643000226101225A61BBE722695A450BDD012125
:106440002046FFF769FDD8F808300135AB42FFF66A
:10645000D0AE0127C0E716F01F06FAD05344C6F1AC
:10646000200653F8040C00F0CFF9B042E7DBF0E768
:106470005D210408C2F10802920070B5C2F1200645
:106480004368046803FA06F52C43D340046040F8DF
:10649000043F8842F4D370BD30B50368013311F86E
:1064A000014B14B90360012030BD13F8012BA2F198
:1064B0004105192D98BF2032A242F0D00020F3E709
:1064C0002DE9F04F0B685E1102EB860613F01F03F7
:1064D00087B018BF04360025371F90460268019325
:1064E000824646F8045CB9463C460295AB46517874
:1064F000531C039341B3084605920491FFF75EFDD8
:1065000000284FD10499059A202918D8029B9B4551
:1065100013DD4C4506D2072D04DC2A4649462046A9
:10652000FFF7A8FF444550D90023A4F1040944F81B
:10653000043CCDF808B04C461D46039AD7E72929FC
:1065400056D10232CAF80020BBF1000F50D04C45A2
:1065500006D2072D04DC2A4649462046FFF78AFF6B
:10656000444534D9A8F10402234653F8041B42F8E9
:10657000041F9F42F9D23B1B23F003030433013471
:10658000033EB44288BF04234344002243F8042B53
:106590009F42FBD23B681BB9474527D101233B6093
:1065A000052026E00135082D0BF1010B06DD4445E1
:1065B000C3D9002344F8043C0125043C226800F0C0
:1065C0000F0040EA02122260B7E70825B5E7019BF9
:1065D000002BDFD04FF0FF32C3F1200322FA03F388
:1065E00056F8042C1A4046F8042CD3E7043FD1E7B0
:1065F000042007B0BDE8F08F004870476C250020EC
:1066000082B001B901A942B14BB113780B60127885
:10661000101E18BF012002B070471046FBE76FF054
:106620000100F8E770B5466A04460D4676B91020B9
:10663000FAF74EFE0246606220B9184B18486621F0
:1066400000F0CAFCC0E901660660C660666AF368CD
:1066500083B1636ADB6853F82500B8B9012101FAF8
:1066600005F6721D92002046FAF7A2FE60B1C0E95D
:1066700001560EE0212204212046FAF799FE636AB2
:10668000F060DB68002BE4D1002070BD026843F8A5
:1066900025200023C0E90333F7E700BFC920040821
:1066A0000C22040870B5466A05460C4676B91020DF
:1066B000FAF70EFE0246686220B9094B09488A21A2
:1066C00000F08AFCC0E901660660C6603CB16B6AF6
:1066D0006268DB6853F82210216043F8224070BDE5
:1066E000C92004080C2204082DE9F0410D69074671
:1066F0000C461E4601F1140C0020DCF8003099B263
:1067000002FB01611E0C0B0C02FB063389B2013047
:1067100001EB034185424CF8041B4FEA1346ECDCC5
:106720000EB3A368AB4219DC616838460131FFF74C
:1067300079FF804628B902460C4B0D48B52100F080
:106740004BFC2269023204F10C0192000C30FDF77F
:1067500001F921463846FFF7A5FF444604EB8503BF
:1067600001355E6125612046BDE8F0815D210408A8
:106770000C2204082DE9F8430C4615461F46092251
:106780000833064693FBF2F3002101229A4209DB0B
:106790003046FFF747FF40B90246194B1948CE2152
:1067A00000F01AFC52000131F0E7089B4361092D0B
:1067B0004FF00103036116DD04F10909C8462C44BA
:1067C00018F8013B0146303B0A223046FFF78CFFA8
:1067D000A045F5D1A5F108044C442D1B6319BB421B
:1067E00004DBBDE8F8830A340925F6E714F8013B19
:1067F0000146303B0A223046FFF776FFEEE700BF46
:106800005D2104080C220408030C1B04D3B9000406
:10681000102310F07F4F04BF0002083310F0704FB8
:1068200004BF0001043310F0404F04BF8000023366
:10683000002805DB10F0804F03F1010308BF20237F
:10684000184670470023E4E7036813F00702014687
:106850000BD0DA0723D4980749BF5B089B080120B7
:106860000B605CBF0B600220704798B2A8B91B0C8C
:106870001020DAB20AB908301B0A1A0704BF1B0934
:1068800004309A0704BF9B080230DA0703D45B0880
:1068900000F1010005D00B6070471046E9E70020C9
:1068A000704720207047000010B50C460121FFF70B
:1068B000B9FE024628B9054B05484FF4A07100F017
:1068C0008BFB01234461036110BD00BF5D210408FF
:1068D0000C2204082DE9F04F91460A69D9F81030CE
:1068E0009A42B8BF0B460C46BCBF4C469946276936
:1068F000D9F810A0A368616807EB0A06B34285B017
:10690000B8BF0131FFF78EFE30B90246444B45480F
:1069100040F25D1100F060FB00F1140505EB860804
:106920002B460022434521D304F1140303EB8707D0
:1069300009F1140303EB8A0202923A1B153A22F082
:106940000302043204F115018F4238BF0422019280
:10695000029A03939A420CD8002E03DD58F8043DA6
:10696000002B5AD0066105B0BDE8F08F43F8042B28
:10697000D8E7B3F800A0BAF1000F24D004F1140E48
:10698000A9464FF0000C5EF8042BD9F800101FFA4E
:1069900082FB89B20AFB0B114FEA124BD9F8002097
:1069A00061444FEA124C0AFB0BC202EB114289B25E
:1069B00041EA0241774549F8041B4FEA124CE2D8FC
:1069C000019A45F802C0039AB2F802900433B9F173
:1069D000000F20D0296804F1140CAE464FF0000AD5
:1069E000BCF800B0BEF8022009FB0B22924489B229
:1069F00041EA0A414EF8041B5CF8042BBEF8001073
:106A0000120C09FB021101EB1A4167454FEA114ACA
:106A1000E6D8019AA95004359AE7013E9CE700BFE9
:106A20005D2104080C2204082DE9F843154612F0F4
:106A3000030206460F4607D0254C013A002354F8BE
:106A40002220FFF751FE0746AD103DD0746A7CB995
:106A50001020FAF73DFC0246706228B91D4B1E4813
:106A60004FF4D77100F0B8FAC0E901440460C46083
:106A7000D6F82480D8F808404CB940F2712130464D
:106A8000FFF712FF0023C8F80800044603604FF028
:106A90000009EB070AD5394622463046FFF71AFFB0
:106AA000394680463046FFF7FDFD47466D100BD056
:106AB000206838B9224621463046FFF70BFF206098
:106AC000C0F800900446E4E73846BDE8F88300BF0C
:106AD0007C230408C92004080C2204082DE9F0478F
:106AE0000C464968236903EB6218A3680746914680
:106AF0004FEA621A08F10106B3420BDB3846FFF792
:106B000091FD054648B902462A4B2B4840F2D9115F
:106B100000F062FA01315B00EEE7002300F114019E
:106B200000F110021846534537DB20692AEAEA7A59
:106B300004F1140319F01F0901EB8A0103EB800033
:106B40002FD0C9F1200E8A464FF0000C1A6802FAC5
:106B500009F242EA0C024AF8042B53F8042B98423B
:106B600022FA0EFCF2D8031B153B23F00303043377
:106B700004F11502904238BF042341F803C0BCF170
:106B8000000F01D008F10206013E38462E61214671
:106B9000FFF788FD2846BDE8F08742F8040F01336F
:106BA000C1E7043953F8042B41F8042F9842F9D86F
:106BB000EAE700BF5D2104080C22040830B5026931
:106BC0000C69121B0ED100F11403143103EB840085
:106BD00001EB840150F8045D51F8044DA54203D047
:106BE00005D30122104630BD8342F3D3FAE74FF0BC
:106BF000FF32F7E72DE9F84F0C46064611462046CE
:106C00009046FFF7DBFF051E10D129463046FFF7FF
:106C100009FD30B93A4B024640F23221394800F0C2
:106C2000DBF90123C0E90435BDE8F88FA4BF434672
:106C3000A0463046D8F80410A6BF1C460025012502
:106C4000FFF7F0FC20B92E4B02464FF41071E5E738
:106C5000D8F810702669C56004F1140908F114050C
:106C600000F1140E05EB870C09EB860608F1100203
:106C7000F246002159F8043B52F804BF1FFA83F88A
:106C800011FA8BF11B0CA1EB0808C3EB1B4303EBC0
:106C900028431FFA88F819144E4548EA03434AF876
:106CA000043BE7D8331B153B23F0030304331534AF
:106CB000A64238BF04231D4473449E462E466645B3
:106CC0000ED30CF10302521B22F00302033DAC452C
:106CD00038BF00221A4452F8043D7BB10761A3E794
:106CE00056F8048B11FA88F2141404EB184492B28B
:106CF00042EA04424EF8042B2114E0E7013FEAE7A0
:106D00005D2104080C22040882B08DED000B019B6C
:106D100012491940A1F15071002905DD00220B46EE
:106D200043EC102B02B070474942B1F1A07F4FEA0B
:106D300021504FF000024FF0000304DA4FF400211D
:106D400041FA00F3ECE7A0F114011E29DABF4FF07D
:106D5000004020FA01F101210A46E1E70000F07F3E
:106D6000F8B5056900F1140707EB85052E1F55F8E6
:106D7000044C2046FFF748FDC0F120030A28DFF845
:106D80007CC00B6014DCC0F10B0E24FA0EF1B7428C
:106D900041EA0C0334BF55F8081C0021153004FAF1
:106DA00000F021FA0EF140EA010243EC102BF8BD8D
:106DB000B7423ABF55F8081CA5F1080600210B3868
:106DC00017D0C0F1200C04FA00F5BE4221FA0CF4F1
:106DD00045EA04058CBF56F8044C002445F07F5367
:106DE00001FA00F024FA0CF443F4401340EA0402E0
:106DF000DBE744EA0C030A46D7E700BF0000F03F98
:106E00002DE9F7438946012157EC106B9046FFF7B7
:106E100009FC044630B90246254B264840F20A31A7
:106E200000F0DAF8C7F30A55C7F3130335BB002E99
:106E3000019328D068460096FFF706FD009900B33D
:106E4000019AC0F1200302FA03F30B43C2406361CD
:106E50000192019BA361002B14BF02220122226137
:106E6000D5B1A5F233450544C9F80050C0F135004D
:106E7000C8F80000204603B0BDE8F08343F4801357
:106E8000D5E76161E5E701A8FFF7DEFC019B6361DF
:106E9000012222612030E3E704EB8203A0F23240BA
:106EA000C9F800001869FFF7AFFCC0EB4210DFE73C
:106EB0005D2104080C2204082DE9F74F8846694635
:106EC0008146FFF74DFF01A9404655EC104BFFF7F7
:106ED00047FFD9F81030D8F81020A3EB020CDDE9F9
:106EE00000329B1A03EB4C1351EC100B002BD6BF56
:106EF0000A462A46C3EB03338B462F46D4BF02EB28
:106F0000035B02EB0357204610EE102A5B4639461E
:106F1000D9F77EFC41EC100B03B0BDE8F08F000008
:106F2000013970B549111469013102F1140300EB04
:106F3000810103EB8404051FA3420CD3A31A113B68
:106F400023F003031132A24288BF00231844002318
:106F5000884205D370BD53F8046B45F8046FEBE726
:106F600040F8043BF4E7000000F1140200694B1103
:106F7000984210B511DB0ADD11F01F0107D052F85D
:106F8000234024FA01F000FA01F18C420BD102EB0C
:106F90008303934203D8002010BD0346F7E753F85C
:106FA000041D0029F5D00120F6E700009FED010B3C
:106FB000704700BF000000000000F87F49B1FF2AC1
:106FC00085BF8A2303600A704FF0FF3098BF01200D
:106FD00070470846704700001FB514461A46094B13
:106FE0001B680546D8684CB1074B0091CDE90134C8
:106FF00006492B4600F00EF800F038FA044B1C4608
:10700000F3E700BF14240020882304089523040814
:10701000768103080EB403B5014603AB054853F867
:10702000042B0068019300F031F802B05DF804EB26
:1070300003B07047142400209368013B002B10B468
:10704000936008DA9469A34201DB0A2903D15DF851
:10705000044B00F04BB91368581C106019700846B7
:107060005DF8044B70470000F8B506460F4614461D
:10707000D518AC4201D1002007E014F8011B3A46B4
:107080003046FFF7D9FF431CF3D1F8BD2DE9F04F8F
:107090000D469DB014469846064618B183690BB953
:1070A00000F006FB894B9D421BD175686B6ED907BA
:1070B00005D4AB899A0502D4A86D00F099FBAB8981
:1070C0001B0701D52B69EBB92946304600F060F962
:1070D000C0B16B6EDC070ED54FF0FF301DB0BDE8C0
:1070E000F08F7B4B9D4201D1B568DFE7794B9D4224
:1070F00008BFF568DAE7AB899805EDD4A86D00F014
:1071000079FBE9E70023099320238DF82930CDF896
:107110000C803023DFF8C0818DF82A304FF0010950
:1071200023469A4613F8012B0AB1252AF9D1BAEB66
:10713000040B0BD05B46224629463046FFF794FFEE
:10714000013000F0AA80099A5A4409929AF8003056
:10715000002B00F0A28000234FF0FF32CDE9052381
:107160000AF1010A049307938DF853301A93544699
:10717000052214F8011B5848D9F7FAFF049AD8B928
:10718000D10644BF20238DF85330130744BF2B236F
:107190008DF853309AF800302A2B15D0079A5446B0
:1071A00000204FF00A0C214611F8013B303B092B1F
:1071B0004ED9B0B1079214E0A0EB080309FA03F32B
:1071C00013430493A246D2E7039B191D1B68039146
:1071D000002BBBBF5B4242F0020207930793B8BF8C
:1071E000049223782E2B0CD163782A2B35D1039B64
:1071F0001A1D1B680392002BB8BF4FF0FF330234F7
:107200000593DFF8E4A0217803225046D9F7B0FFB8
:1072100040B14023A0EB0A0003FA00F0049B0343B3
:107220000134049314F8011B2C488DF82810062211
:10723000D9F79EFF00283FD0294B1BBB039B073388
:1072400023F0070308330393099B3B44099367E743
:107250000CFB02320C460120A5E700230134059304
:1072600019464FF00A0C204610F8012B303A092A33
:1072700003D9002BC5D00591C3E70CFB01210446BF
:107280000123F0E703AB00932A46164B04A93046CE
:10729000FCF752FC0746781CD6D16B6ED90705D493
:1072A000AB899A0502D4A86D00F0A4FAAB895B06FD
:1072B0003FF512AF099811E703AB00932A46094B3B
:1072C00004A93046FCF7DCFEE4E700BFF82304081D
:1072D00018240408D8230408C4230408CE2304086F
:1072E000393B030869700308CA230408F8B50E4641
:1072F0001446054618B183690BB900F0D9F9214B42
:107300009C422BD16C68A369A360A3891A072FD56F
:1073100023696BB323692068C01A6369F6B283429C
:10732000374604DC2146284600F02EF930BBA3681E
:10733000013BA36023685A1C22601E706369013000
:10734000834204D0A389DB0706D50A2E04D1214647
:10735000284600F019F988B93846F8BD0A4B9C4216
:1073600001D1AC68CFE7094B9C4208BFEC68CAE783
:107370002146284600F00CF80028CBD04FF0FF370C
:10738000EAE700BFF823040818240408D8230408F7
:10739000324B70B51D6806460C4625B1AB6913B972
:1073A000284600F085F92E4B9C420FD16C68A389CA
:1073B000B4F90C2019072CD4DD0611D4092333604D
:1073C00042F04003A3814FF0FF303EE0254B9C424A
:1073D00001D1AC68EBE7244B9C4208BFEC68E6E7C0
:1073E000580712D5616B41B104F14403994202D0B0
:1073F0003046F9F7E5FF00236363A38923F02403F4
:10740000A3810023636023692360A38943F00803F9
:10741000A38123694BB9A38903F42073B3F5007FDB
:1074200003D02146304600F00DFAA089B4F90C20B3
:1074300010F001030AD00023A36063695B42A361DB
:10744000236943B910F08000BAD170BD810758BFDD
:107450006369A360F4E70020F7E700BF142400206D
:10746000F823040818240408D823040808B50620C3
:1074700000F050FA0120F9F76BFC00008A892DE931
:10748000F041054610070C4658D44B68002B05DC2C
:107490000B6C002B02DC0020BDE8F081E66A002EB8
:1074A000F9D0002312F480522F682B6032D0606D27
:1074B000A3895A0705D56368C01A636B0BB1236CA7
:1074C000C01A00230246E66A216A2846B047431CD8
:1074D000A38906D129681D292CD82A4ACA40D60773
:1074E00028D500226260D9042269226004D5421C9A
:1074F00001D12B6803B96065616B2F600029CAD088
:1075000004F14403994202D02846F9F759FF0020BC
:107510006063C1E7216A01232846B047411CC7D1F7
:107520002B68002BC4D01D2B01D0162B01D12F604E
:10753000B1E7A38943F04003A381ADE70F69002FB2
:10754000A9D093070E6808BF4B690F6018BF0023CE
:10755000A6EB07088B60B8F1000F9CDD216AA66AD4
:1075600043463A462846B047002806DCA38943F044
:107570004003A3814FF0FF308EE70744A8EB0008DB
:10758000E9E700BF0100402038B50B6905460C460D
:1075900013B90025284638BD18B183690BB900F02E
:1075A00087F8144B9C421BD16C68B4F90C30002B4B
:1075B000EFD0626ED00704D4990502D4A06D00F01C
:1075C00017F928462146FFF759FF636EDA0705468B
:1075D000E0D4A3899B05DDD4A06D00F00BF9D9E7B9
:1075E000054B9C4201D1AC68DFE7044B9C4208BFCD
:1075F000EC68DAE7F823040818240408D823040800
:10760000002310B50446C0E90033C0E904338360A9
:1076100081814366C2818361194608225C30FCF790
:10762000E3F9054B6362054BA362054BE362054B2F
:107630002462236310BD00BF4D79030871790308EC
:10764000A9790308CD790308014900F0AFB800BF5C
:107650008975030870B568224D1E55430E4605F125
:107660007401F9F7A9FE044640B10021C0E90016F3
:107670000C30A06005F16802FCF7B6F9204670BD39
:10768000014800F0B5B800BFD8BC0020014800F0A8
:10769000B1B800BFD8BC0020014800F0A9B800BFB5
:1076A000D9BC0020014800F0A5B800BFD9BC00201B
:1076B00010B50446FFF7F0FFA3691BB1BDE8104009
:1076C000FFF7F0BFC4E912332365134B134A1B685D
:1076D000A262A34204BF0123A361204600F020F868
:1076E0006060204600F01CF8A060204600F018F80A
:1076F0000022E06004216068FFF782FFA068012299
:107700000921FFF77DFFE06802221221FFF778FFD1
:107710000123A361D2E700BF481F0408497603088C
:10772000F8B50746FFF7ACFF1E4B1E68B36913B9E7
:107730003046FFF7BDFF4836D6E90134013B03D59B
:1077400033680BB33668F7E7B4F90C50D5B9164B6C
:10775000E36004F15800656600F048F8FFF796FF13
:10776000C4E90155C4E904552560A56108222946EC
:1077700004F15C00FCF738F9C4E90D55C4E9125571
:107780002046F8BD6834D9E704213846FFF762FF88
:10779000044630600028D5D1FFF778FF0C233B600A
:1077A000EEE700BF481F04080100FFFF2DE9F84382
:1077B0000646884600F148040027D4E90195B9F14E
:1077C000010905D52468002CF7D13846BDE8F883B7
:1077D000AB89012B07D9B5F90E30013303D0294607
:1077E0003046C04707436835E9E7000070470000AE
:1077F000704700007047000070B50E46B1F90E10DA
:10780000002996B014461D4608DAB6F90C3000225D
:107810002A601A0610D44FF480630EE06A4600F026
:10782000FBF80028F1DB019A02F47042A2F5005344
:107830005A425A412A60EEE740230020236016B0E6
:1078400070BD00008B8973B59D0706460C4607D5B1
:1078500004F14703236023610123636102B070BD1B
:1078600001AB6A46FFF7C8FF009905463046F9F7B5
:10787000A3FD48B9B4F90C309A05EFD423F0030303
:1078800043F00203A381E3E70D4BB362A3892060B9
:1078900043F08003A381009B6361019B20615BB186
:1078A000B4F90E10304600F0C9F828B1A38923F0CE
:1078B000030343F00103A381A0890543A581CDE71C
:1078C000497603081F2938B504460D4604D9162306
:1078D00003604FF0FF3038BD426C12B152F82130D6
:1078E0004BB9204600F030F82A4601462046BDE854
:1078F000384000F017B8012B0AD0591C03D11623C9
:1079000003600120E7E7002442F825402846984715
:107910000020E0E7024B01461868FFF7D3BF00BF25
:107920001424002038B5074D0023044608461146AC
:107930002B60F9F711FA431C02D12B6803B12360C5
:1079400038BD00BFDCBC0020F9F700BA10B50C460A
:10795000B1F90E1000F094F80028ABBF636DA38955
:107960001B1823F48053ACBF6365A38110BD0000D6
:107970002DE9F0411F468B89DB0505460C4616466E
:1079800005D5B1F90E100223002200F067F8A38993
:10799000B4F90E1023F48053A38132463B462846A7
:1079A000BDE8F04100F016B810B50C46B1F90E1064
:1079B00000F054F8431CA38915BF606523F480537D
:1079C00043F48053A38118BFA38110BDB1F90E10F9
:1079D00000F012B838B5074D04460846114600229B
:1079E0002A601A46F9F7A6F9431C02D12B6803B1A5
:1079F000236038BDDCBC002038B5064D00230446AA
:107A000008462B60F9F79AF9431C02D12B6803B1A1
:107A1000236038BDDCBC002038B5074D0023044688
:107A2000084611462B60F9F78BF9431C02D12B68ED
:107A300003B1236038BD00BFDCBC002038B5064D63
:107A40000023044608462B60F9F77EF9431C02D157
:107A50002B6803B1236038BDDCBC002038B5074D6E
:107A600004460846114600222A601A46F9F760F9D2
:107A7000431C02D12B6803B1236038BDDCBC00205D
:107A800038B5074D04460846114600222A601A46BA
:107A9000F9F74AF9431C02D12B6803B1236038BDC2
:107AA000DCBC002041505F506172616D206D7573C8
:107AB000742062652073696E676C65746F6E004137
:107AC000505F5065726970685F4657206D757374BA
:107AD0002062652073696E676C65746F6E000000CC
:107AE00041505F5065726970682047435320496E6A
:107AF000697469616C6973656421005265626F6FB6
:107B000074206166746572207761746368646F675E
:107B10002072657365740A004953522025752F251C
:107B20007500257320535441434B3D25752F257512
:107B30000A000000494552522030782578202575EA
:107B400000000000190000000900000001020310FD
:107B50001100000000000000487B03080100000045
:107B600004000000487B0308000000000100000042
:107B70004C7B03080500000008000000447B03085C
:107B800001000000000000000000000000000000F4
:107B90007681030800000000000000000000FF00E4
:107BA00000000000000000006D17010869170108BF
:107BB0000D170108CD3902084117010855170108B2
:107BC0001117010815170108191701081D170108D9
:107BD00071170108BD1701082117010825170108B1
:107BE00000000000000000007D170108E5170108F3
:107BF000D527020871170108C516010851070208A8
:107C0000391701083D170108D91502084D07020868
:107C10004D070208C9160108CD160108D116010842
:107C2000B90702083117010835170108D5160108F0
:107C3000D9160108DD160108810702086935020816
:107C4000E11601089525020881170108B1170108FE
:107C50007D070208E90D020829170108CD0902086D
:107C600061090208D91302087D070208E516010818
:107C7000ED2102084D070208A9070208B50702080E
:107C80007107020825090208E9160108ED16010826
:107C9000F1160108F5160108F9160108FD1601088C
:107CA00001170108A91E0208850702082D170108FF
:107CB0000517010809170108464F524D41545F56F8
:107CC000455253494F4E0043414E5F4E4F4445008D
:107CD00043414E5F424155445241544500464C4158
:107CE00053485F424F4F544C4F4144455200444526
:107CF000425547004252445F53455249414C5F4E02
:107D0000554D00475053004750535F504F52540059
:107D10004750535F4D425F4F4E4C595F504F525446
:107D200000434F4D504153535F0053595349445FF3
:107D3000544849534D41560053455249414C000067
:107D4000B87C03081026002000000000000000009E
:107D500002000000C77C030812260020000000007B
:107D60000000030002000000D07C0308142600205D
:107D7000002474490000040003000000DD7C0308B7
:107D8000182600200000000000000A00010000008A
:107D9000EE7C03081B2600200000000000001200FB
:107DA00001000000F47C03081C26002000000000F5
:107DB0000000130003000000037D0308802600205C
:107DC000A48403080000010006000000077D0308EA
:107DD000192600200000804000001700010000006C
:107DE000107D03081A260020000000000000240077
:107DF00001000000217D0308F827002058950308A2
:107E000000000200060000002A7D03082026002052
:107E1000000040400000220002000000387D0308FE
:107E20002C260020589403080000230006000000C0
:107E30002C940308242600200000000000004F00BE
:107E4000030000007681030800000000000000002D
:107E50000000000000000000416C6C6F63617469F9
:107E60006F6E20726571756573742066726F6D2018
:107E7000616E6F7468657220616C6C6F63617465AC
:107E8000650A004D69736D61746368696E6720618E
:107E90006C6C6F636174696F6E20726573706F6E66
:107EA00073650A004D61746368696E6720616C6C6C
:107EB0006F636174696F6E20726573706F6E736546
:107EC0003A2025640A0049462564204E6F646520E7
:107ED000494420616C6C6F63617465643A20256469
:107EE0000A0000002573282575290041502D5254A1
:107EF0004B205832304400004750535F545950458E
:107F000000475053315F5459504500005265737417
:107F10006172744E6F64650A0000000057616974F5
:107F2000696E6720666F722064796E616D69632087
:107F30006E6F646520494420616C6C6F6361746985
:107F40006F6E2025782E2E2E2028706F6F6C2025C6
:107F500075290A005741524E494E473A20454E4C2A
:107F600041524745204D454D4F525920504F4F4C9F
:107F70000A00656E746572696E67206C6F636B755D
:107F8000700A00656E746572696E67206661756C53
:107F9000740A00466C61736820626F6F746C6F6165
:107FA000646572204F4B0A00426F6F746C6F61649E
:107FB000657220756E6368616E6765640A00466C61
:107FC00061736820626F6F746C6F616465722046C4
:107FD00041494C45440A0000030303030202010027
:107FE0006E6F7661582041502D52544B20583230DC
:107FF000442076312E302E362028306237653834D2
:108000003865290030623765383438650041505F83
:108010005065726970682056312E382E302D646597
:1080200076006E6F7661582041502D52544B205887
:108030003230442076312E302E3600436869626932
:108040004F5300383862383436303000FB72657672
:108050007766706100020400090A911301080000AC
:1080600000000000E07F0308048003088E847E0B7C
:108070000D800308228003080000000000000000BB
:108080003B8003084380030800000000000000005C
:10809000F543010851550208054401080944010847
:1080A00009450108594401080D440108114401081B
:1080B00015440108194401081D4401082144010820
:1080C000254401082944010851550208B544010816
:1080D0002D440108515502085155020800000000C6
:1080E000000000007D4601088146010800000000F4
:1080F00000000000854A0108A14A010865490108FD
:108100007D490108A54A0108A14901083D4A010825
:10811000A5490108AD4901085D4A0108A9490108BE
:10812000696E66006E616E0042616420706172610A
:108130006D65746572207461626C6500556E6B6E5E
:108140006F776E20636F6E76657273696F6E20272E
:108150002573270A0042616420636F6E766572732F
:10816000696F6E207479706520272573270A0000D7
:108170002C203D090D0A0040524541444F4E4C59B8
:108180000000000041505F506172616D3A2046610D
:10819000696C656420746F20616C6C6F63617465D9
:1081A000206F7665727269646573000045455052B0
:1081B0004F4D2066756C6C0A00000000010204043B
:1081C0000C0000005041524D444546005537F4A084
:1081D000385D485B00010000000000000000000066
:1081E000000000000000000000000000000000008F
:1081F000000000000000000000000000000000007F
:10820000000000000000000000000000000000006E
:10821000000000000000000000000000000000005E
:10822000000000000000000000000000000000004E
:10823000000000000000000000000000000000003E
:10824000000000000000000000000000000000002E
:10825000000000000000000000000000000000001E
:10826000000000000000000000000000000000000E
:1082700000000000000000000000000000000000FE
:1082800000000000000000000000000000000000EE
:1082900000000000000000000000000000000000DE
:1082A00000000000000000000000000000000000CE
:1082B00000000000000000000000000000000000BE
:1082C00000000000000000000000000000000000AE
:1082D000000000000000000053746F726167654D7C
:1082E000616E616765723A206572617365206661CF
:1082F000696C65640A0000000000000000050300CE
:108300000005CA090200CA0E96000100600FA00015
:10831000000000100005020000152C0101002C16C1
:10832000000103002C1754080400801F40000500C2
:10833000C01F380041505F475053206D7573742043
:1083400062652073696E676C65746F6E0000000073
:108350004750532025643A206465746563746564EE
:1083600020257300475053325F5459504500475001
:1083700053315F474E53535F4D4F44450047505371
:10838000325F474E53535F4D4F4445004750533182
:108390005F524154455F4D5300475053325F524145
:1083A00054455F4D5300475053315F504F53004782
:1083B0005053325F504F5300475053315F44454C48
:1083C00041595F4D5300475053325F44454C41592A
:1083D0005F4D5300475053315F434F4D5F504F52F5
:1083E0005400475053325F434F4D5F504F5254003B
:1083F0005F4E415646494C544552005F53424153EB
:108400005F4D4F4445005F4D494E5F454C4556001A
:108410005F494E4A4543545F544F005F5241575F96
:1084200044415441005F534156455F434647005F16
:108430004155544F5F434F4E464947005F445256A3
:108440005F4F5054494F4E5300315F00802500006C
:1084500000C20100C0120000004B000000960000A6
:1084600000E100000084030000080700B5620A0470
:1084700000000E34B56206010300010601124F240C
:10848000505542582C34312C312C303032332C3072
:108490003030312C3233303430302C302A31450DED
:1084A0000A000000F08303082400000000000041DF
:1084B00000000201FB8303083000000000000040C0
:1084C0000000050106840308310000000000C8C256
:1084D0000000060110840308280000000000FE428E
:1084E000000007011B8403083200000000000000A8
:1084F000000009012584030833000000000000404B
:1085000000000B012F840308340000000000803FAE
:1085100000000D013C84030836000000000000004C
:108520000000160249840308000000004C8703087D
:108530000100200676810308000000000000000012
:108540000000FF00B56206010300010601124F247E
:10855000505542582C34312C312C303032332C30A1
:108560003030312C3131353230302C302A31430D1E
:108570000A000000B56206010300010601124F2443
:10858000505542582C34312C312C303032332C3071
:108590003030312C3436303830302C302A31310DF7
:1085A0000A000000B5620A0400000E34000000005A
:1085B00047534F460000000047534F4620696E73F3
:1085C00074616E636520256420686173206E6F207E
:1085D000706F72740047534F4620696E7374616EFA
:1085E00063652025642068617320696E76616C691B
:1085F0006420434F4D20706F7274207365747469EA
:108600006E67206F662025640000000000000000F7
:10861000000000004191010845910108699401089A
:1086200035910108FD90010825CD0108019101084F
:1086300051CD010805910108099101080D9101082A
:10864000199101081D910108399101082191010832
:1086500025910108299101082D9101083191010806
:108660004E4F5641000000000D0A0D0A756E6C6FEA
:1086700067616C6C0D0A006C6F67206265737470C3
:108680006F7362206F6E74696D6520302E322030FA
:10869000206E6F686F6C640D0A0000006C6F6720BD
:1086A0006265737476656C62206F6E74696D6520A7
:1086B000302E322030206E6F686F6C640D0A006CB3
:1086C0006F6720707372646F7062206F6E74696D73
:1086D0006520302E322030206E6F686F6C640D0A7A
:1086E0000000000068860308778603089C8603085C
:1086F000BF86030800000000000000000595010887
:1087000009950108D1980108F9940108FD90010824
:1087100025CD01080191010851CD010805910108FD
:10872000099101080D910108199101081D91010895
:10873000FD94010821910108259101082991010862
:108740002D910108319101084D425F00067F030819
:108750000000000000000000040001017383030812
:1087600001000000000000000000020191830308E6
:10877000020000000000484300000302AB8303082E
:10878000040000000000000000000405BD83030891
:10879000100000000000000000000502D98303085B
:1087A000120000000000803F000006014887030817
:1087B000140000009C93030801000706768103085B
:1087C00000000000000000000000FF0053424600CF
:1087D0004750532025753A20534246206973206E36
:1087E0006F742066756C6C7920636F6E666967754F
:1087F000726564202825752F25752F25752F257501
:10880000290000000A535353535353535353530AED
:10881000000000004750532025753A20534246205F
:108820006572726F72206368616E676564202830BC
:1088300078253038782F30782530387829000000B6
:10884000656D642C2044534B312C204D6F756E7434
:108850000A0000004750532025643A205342462026
:108860006469736B206973206E6F74206D6F756E11
:10887000746564004750532025643A204174746540
:108880006D7074696E6720746F206D6F756E7420E3
:108890006469736B004750532025643A2053424665
:1088A000206469736B2069732066756C6C00475097
:1088B000532025643A20534246206973206E6F741A
:1088C0002063757272656E746C79206C6F6767696E
:1088D0006E67000053424620756E6D6F756E746949
:1088E0006E67206469736B00656D642C2044534B84
:1088F000312C20556E6D6F756E740A006E6F6E654B
:10890000005254537C435453002B417474436F768C
:1089100045756C65722B417578416E74506F736943
:1089200074696F6E73002B47414C494C454F002BC7
:10893000424549444F55002B515A5353002B474C45
:108940004F4E415353004D756C7469416E74656EA2
:108950006E61007363732C434F4D25642C62617507
:108960006425642C62697473382C4E6F2C626974B0
:10897000312C25730A0073736F2C53747265616D0B
:1089800025642C434F4D25642C50565447656F6425
:10899000657469632B444F502B5265636569766536
:1089A000725374617475732B56656C436F764765AB
:1089B0006F64657469632B42617365566563746F98
:1089C0007247656F6425732C6D7365633130300AAF
:1089D000007373742C2025732573257325732573F9
:1089E00025730A007373742C202D53424153007376
:1089F00067612C2025730A00736E742C2B47454F3A
:108A00004C312B47454F4C35007373742C2B53421C
:108A1000415300737362632C6175746F2C4F7065E2
:108A2000726174696F6E616C2C4D697865645379FD
:108A30007374656D732C6175746F007372642C4D63
:108A40006F6465726174652C5541560073656D2CB9
:108A50005056542C350073706D2C526F7665722C05
:108A6000616C6C0073736F2C53747265616D322C82
:108A700044736B312C706F737470726F63657373B2
:108A80002B6576656E742B636F6D6D656E742B52FE
:108A9000656365697665725374617475732C6D7363
:108AA000656331303000434F4D005553420049500B
:108AB00031004E54520049505300495052000000BA
:108AC000F8890308098A0308138A0308A68A030899
:108AD000AA8A0308AE8A0308B28A0308B68A030882
:108AE000BA8A03083B8A03084C8A0308568A03089B
:108AF000648A03080000000000000000C599010816
:108B0000D599010805A40108759901089D990108E6
:108B100025CD01088199010851CD01080591010871
:108B2000299A010885990108B5990108E999010870
:108B30007999010869A30108259101082991010883
:108B40009199010831910108752D626C6F780000D0
:108B50004750532025753A20752D626C6F7820257B
:108B60007320636F6E66696775726174696F6E20DA
:108B700030782530327800004750532025753A2050
:108B8000583230206B6579202530386C7820257379
:108B9000000000004750532025753A2058323020FD
:108BA000666C61736820736176652073746F707092
:108BB0006564206174206B6579202530386C7820DD
:108BC00028257329000000004750532025753A20BE
:108BD00058323020636F6E66696720736176656412
:108BE00020746F20666C61736800475053202575B0
:108BF0003A2058323020636F6E666967207665725E
:108C0000696669656420617420256C7520626175F0
:108C1000640000004750532025753A205832302018
:108C200072656A656374656420256C752062617580
:108C300064004E414B00726561646261636B206D3C
:108C400069736D61746368004750532025753A203D
:108C5000583230206D6F76696E6720256C75202D37
:108C60003E20256C752062617564000047505320DA
:108C700025643A20752D626C6F7820736176696E79
:108C80006720636F6E6669670000000046575645AF
:108C9000523D484447004D4F443D5A45442D5832BB
:108CA00030440000752D626C6F782025643A206690
:108CB00061696C6564205254434D76332070617253
:108CC00073657220616C6C6F636174696F6E000014
:108CD0004750532025753A205832302073696C650F
:108CE0006E7420617420256C7520626175642C207F
:108CF0006261636B20746F20256C750074696D650B
:108D00006F7574004750532025753A20756E616267
:108D10006C6520746F20636F6E666967757265207D
:108D200062616E6420307825303278004D4F443DCA
:108D300000752D626C6F782025732573256420489B
:108D4000573A2025732053573A202573003030318D
:108D500039303030300045585420434F524520318F
:108D6000005A45442D463950004E454F2D46395046
:108D70000045585420434F52452034003030304194
:108D800030303030004C314C3500752D626C6F78CE
:108D900020737570706F727473204C352042616E51
:108DA00064004750532025753A205A45442D5832C7
:108DB00030442048444720646574656374656400EA
:108DC000556E65787065637465642073746174654D
:108DD0002025640057726F6E672055626C6F782093
:108DE00048617264776172652056657273696F6E4F
:108DF00025750A006E617669676174696F6E20720D
:108E000061746500706F736C6C68207261746500CA
:108E1000737461747573207261746500736F6C751F
:108E200074696F6E20726174650076656C6E65643E
:108E3000207261746500646F7020726174650068EF
:108E400077206D6F6E69746F72207261746500684F
:108E50007732206D6F6E69746F7220726174650075
:108E600072617720726174650076657273696F6EE6
:108E7000006E617669676174696F6E2073657474E2
:108E8000696E677300474E53532073657474696E3F
:108E9000677300534241532073657474696E67733E
:108EA0000050565420726174650074696D652070BD
:108EB000756C73652073657474696E6773005449CB
:108EC0004D4547505320726174650054696D6520AB
:108ED0006D6F64652073657474696E6773005254B6
:108EE0004B204D420054494D20544D32004639002C
:108EF0004D3130004C3520456E61626C652044690F
:108F00007361626C65005832300000000101020498
:108F100008000000F48D0308048E0308108E030877
:108F20001C8E03082A8E0308368E03083F8E030822
:108F30004F8E0308608E0308698E0308718E030844
:108F4000858E0308938E0308A18E0308AA8E03085A
:108F5000BE8E0308CB8E0308DE8E0308E58E030861
:108F6000ED8E0308F08E0308F48E0308068F0308C5
:108F700022003110010000000D003110000000003F
:108F80000F0031100100000025003110000000002A
:108F90002400311001000000120031100100000017
:108FA0001400311001000000210011200800000011
:108FB00002007410000000000500521001000000C3
:108FC0000100731001000000040073100100000094
:108FD0000100741001000000070091200100000052
:108FE0003900912001000000480091200500000098
:108FF000E003912001000000E400114000000000A7
:10900000020021300100000001002130C8000000F2
:1090100001005240008403000100321000000000F3
:1090200001003210010000000400311001000000B6
:10903000040074100100000004007610000000001D
:109040008E009120000000008F00912000000000A1
:10905000FF02912001000000820391200100000026
:10906000CD02912001000000D202912001000000F9
:109070001903912001000000D70291200100000097
:109080000403912001000000000391200000000073
:109090008303912000000000CE0291200000000018
:1090A000D3029120000000001A039120000000006C
:1090B000D80291200000000005039120000000006C
:1090C0000500531001000000010053400008070094
:1090D000040076100100000004007410000000007D
:1090E00004007310010000008F00912000000000B8
:1090F0008E0091200000000000039120010000007C
:109100008303912001000000CE02912001000000A5
:10911000D3029120010000001A03912001000000F9
:10912000D8029120010000000503912001000000F9
:10913000FF02912000000000820391200000000047
:10914000CD02912000000000D2029120000000001A
:109150001903912000000000D702912000000000B8
:1091600004039120000000000400761000000000BD
:1091700004007310010000000400751000000000DE
:109180008E009120010000008F009120000000005F
:10919000FF029120000000008203912000000000E7
:1091A000CD02912000000000D202912000000000BA
:1091B0001903912000000000D70291200000000058
:1091C0000403912000000000000391200000000033
:1091D0008303912000000000CE02912000000000D7
:1091E000D3029120000000001A039120000000002B
:1091F000D80291200000000005039120000000002B
:109200000500531001000000010053400008070052
:10921000040076100000000004007510010000003A
:1092200004007310000000008E0091200100000077
:109230008F0091200000000000039120000000003A
:109240008303912000000000CE0291200000000066
:10925000D3029120000000001A03912000000000BA
:10926000D8029120000000000503912000000000BA
:10927000FF02912000000000820391200000000006
:10928000CD02912000000000D202912000000000D9
:109290001903912000000000D70291200000000077
:1092A0000403912000000000000000000000000006
:1092B00055A7010871A70108D1CA0108E9A601084C
:1092C000EDA6010885A701080191010851CD01080B
:1092D0000591010819A70108C9A70108D9B3010818
:1092E0001D91010811A7010821910108A5A70108F6
:1092F000BDA7010805A70108319101080000000081
:109300001F060000000000004750532025643A204B
:1093100070726F62696E6720666F722025732061BC
:1093200074202564206261756400475053202564D1
:109330003A207370656369666965642061732025EE
:1093400073000000000000000000000000000000AA
:10935000000000005155020821CD0108FD900108D0
:1093600025CD01080191010851CD010805910108A1
:10937000099101080D910108199101081D91010839
:1093800051550208219101082591010829910108F0
:109390002D910108319101084F465300067F0308C3
:1093A0000000000000000000040001019893030881
:1093B00004000000000000000000020576810308A0
:1093C00000000000000000000000FF00556E616218
:1093D0006C6520746F207365747570206F7074698C
:1093E0006F6E7320666F722053657269616C2575AC
:1093F0000A000000305F4241554400305F50524F38
:10940000544F434F4C00315F50524F544F434F4CD9
:1094100000315F4241554400345F50524F544F4336
:109420004F4C00345F4241554400315F4F50544926
:109430004F4E5300345F4F5054494F4E53005F50CE
:1094400041535331005F5041535332005F504153F9
:109450005354494D4F000000F493030800000000EE
:109460000000E64200000003FB9303080600000032
:109470000000004000000B01069403080E000000ED
:10948000000080BF000001011194030808000000E3
:109490000000614700000203189403082600000042
:1094A000000080BF00000701239403082000000093
:1094B00000006643000008032A9403080C00000023
:1094C0000000000000000E02349403082400000095
:1094D00000000000000011023E940308500000004C
:1094E0000000000000001401459403085100000032
:1094F000000080BF000015014C94030852000000DA
:109500000000704100001601768103080000000091
:10951000000000000000FF004E6F20436F6D70617F
:109520007373206261636B656E6473206176616939
:109530006C61626C650A00004445565F4944004412
:109540004953424C4D534B00464C54525F524E4788
:1095500000454E41424C4500389503083800000054
:109560000000000000000F033F950308F400000016
:10957000000000000000210348950308F8000000E7
:1095800000000000000022015195030805000000C2
:109590000000803F000027017681030800000000E2
:1095A000000000000000FF000000000000000000BC
:1095B000000000000000000051550208524D3331F8
:1095C00030303A20466F756E6420617420616464A7
:1095D00072657373203078257820617320636F6D16
:1095E000706173732025750A000000000000000000
:1095F0000000000011E4010829E40108CDE00108A1
:10960000737461636B206F766572666C6F7720256B
:10961000730A0000626F6F746C6F616465722E6212
:10962000696E0000BDBD0B785355D630BCF73927A5
:10963000C949DAD2F402B469815C5A681BC0D0020D
:1096400016EA489AA40768D022E00C82339EB6A09E
:1096500027E51641C77A255C1CB9C8081615A91755
:10966000141D5114DB421D2A7682808ED799848B7B
:109670005350C73A5E425B2F27B425A74DDBF3ADAD
:109680007D9232EACCF77FEFFFFCCFFFF57976F6DB
:109690007DEFB5D75A7BEDB5F6E5146990318C11A5
:1096A000BB6A126273C15D17F7CBC075E39FBBCC79
:1096B0006BFF33ED7FE776D420B619DCE7E0542B5F
:1096C000103B69C5FFB9CEF9895016FA1D19EFFB99
:1096D000C6FF52E78695FFE776F2A1CCAFE2E55AE6
:1096E00056FCCF61FEFFEA1A97FCDFEBEB7FEA3E08
:1096F0001F8958F4933FAA1D89481A0AAD7DE3EAF1
:1097000039BE6E76CB74F8D5C2EFF4B92C6FBF8436
:10971000D047E0AEBF3CF5F6BF5D4298E5FDDD15F4
:109720008FF8BBD73C42728E5F122167CB0D3FCFC3
:10973000A91011FAF207BDEEFACBD7C4EBA88DBE83
:10974000EEF42D244F258A925AACEAAF106FB48DF7
:109750009B9B55BECB718DBF546212FA4363E66684
:10976000FC246680BC2CF75EC7B5FE1B20EE0027EC
:10977000859031E3676554E2DFA0ADB6FEF479234E
:10978000AF7BD5415F582431595B66F78590E890EF
:1097900052E6A5FE2C4D25BE7114015F230B3884C3
:1097A00058F67BD48E308421ADF676C007A41F8D89
:1097B000BB454B91B11DF0F4F54FDCA40EB162D264
:1097C000F7FA6D6F4B898193C2D35CEB77FA6DAD7D
:1097D00017C54790655377CA963C6EDF6C6464C4C6
:1097E0002DD1A110236AA2E88BA110425233169BFF
:1097F000FB54A24AD2702A7191A4E250DE8CA0C51B
:10980000FDAC637A0017915F937B8228537B1D53D5
:1098100083521312B5F264CE71497F07127532DBA1
:109820008872C673587C6DD0D8481B91B84922F114
:10983000698D23A1361D5089B94A9CF4D92EA7B849
:10984000B33C599A5167473422F141098BE7FA91A9
:10985000F81BD9C821F18284C4FBA4BED0640EE5F4
:109860009C09311C1E1F08A9B98A9E7BEEF828842A
:10987000723A42C88F91A601D0D1307EA6B601318E
:10988000949D059827F4ED0B1BE9C58EC5A56CAB1F
:10989000A6B9F4522A4D99F081D724C686C5ABFBF0
:1098A000E886DF4A4CB4B8D9A68C7CF41C5A4868C8
:1098B00064C47F444795A7CF411668FB76467C3742
:1098C0001AC34BEA3C8B90D66811708985AF8650DD
:1098D0003584AAF9A4EBACB5452DD5C2BD2D9411A4
:1098E0008B17FB0A2DD5BCB596B66A82D582554931
:1098F000FB671FB4B3AE9A2F6E25F4C86510DB96D4
:10990000838C0108B3EE0C2F9D97D8F6C54524B281
:109910002A8A25A55B953A4D2D941B9997F0DED99F
:10992000A41C29AF87B1240DDA1A73DCB4D9E0CDB9
:109930005172F5AD16B7A53C9BCB14F01429C01499
:10994000D539FA82558211382D7C7E9CBB5EA0C32E
:10995000A89AEEF515ED75749C66444E66C4C53242
:1099600082D6BB24CA28478ECBA3DD8695C86C5807
:1099700096B9DA706BE6EA9B562E5976D3EA25B78C
:109980002E59BDC4E3107DD492CA251EB3E22FF533
:10999000AC7DA3426CB7D84C2725F6BAB31DA8708E
:1099A00003E0E3696E13CC2FFDEC63A16118114C49
:1099B0000F2338598EF1202AA6EC84D7EA1A5E7557
:1099C000A39D46B36CD21D785AC0E2637D2F97A742
:1099D000D5EE6F3930079B683EC51BC37E0CF799E7
:1099E000D117CA9FBF827B368E7B549FD6F8AC1BA3
:1099F000ED35F0CF94A3A7D200BF63FDC892E6DD9A
:109A00005B0EF35397E15FC89FE17ECD05390CA350
:109A1000CBEECB69DCEDCE12901589233792F1E6BF
:109A20004AF44EBA1E59F10524DE3D4442DF7F4A16
:109A30004ACA125D6F2A1965FDAA0D3FBF40B28860
:109A40005BD520E3C0956910FBA3EADFEEEF107F42
:109A5000560BB296456C16F84E701E6D2CEFDEB8A4
:109A6000FF3DF8F9F17A5374887D4CFDEF38A94336
:109A700030FEE7219467177B37A07ACAF466182571
:109A8000B3FE6C4E750078B2E83529DD86C41FE55B
:109A90006742306E2F123F923563BB3E25759E861E
:109AA0003ADF06F02CD555E8D2850D5F5CD488B43A
:109AB0002E499F365D6551D53126D501249E9547A7
:109AC000B72F9AC398FA428BE1F7B2F2DB1DAA10C6
:109AD000B3593BCC9A88CC861956B53356F62FF23B
:109AE000D1F0C4E44B416C44FD9AC8ECCE84845B55
:109AF000FAB74701875A2C8EEA1BDF982026D00937
:109B000056D68F72E48830F49B10076D7D1C42930B
:109B10005F0CC4729E0B1298160E6960F6D707A0F0
:109B200015F11D99A4EC1D42E3C7F5FF41223D7ECE
:109B30002433DCCE466422E17FCA783ACA0B07DFC1
:109B4000E4180EC69946011464ACD7425EAD3C21C0
:109B500084A1EE7D43B95C0E70EB4187E67C1EA4C8
:109B60003F23639B5DBC6D0333AD3B6471A3DC316C
:109B70005EA3FB4DEEB7FCB5DCAB00C9AC1EFEF539
:109B8000182CEB7B96BE4EFABE79A810E028921BEB
:109B9000C288952FDFF07A86486BD6F75CF77A7229
:109BA000F9A302DBA5A2EB1CB32E73AF1FEDF5AD3D
:109BB0009F1571BC9EEAC67547CB2C9FC7F09C21B0
:109BC0000367EC4505F2E569AFE37A7A2F2D612B47
:109BD000BEFA7B9025847FCFE6C464E84FE72C4330
:109BE000E62DB844920FEE3D80E0C341828F593D8F
:109BF00069AF8F9B94D2F64ED84839CA7407734523
:109C00001AE5F91DDCA6B9F8D10C17127B64BCD794
:109C10003747366171A454D17980BE7F2EAE7BAFB9
:109C2000FB212A0F2463BAA4565A580550A8BA3605
:109C3000A9AE0E91913D3B48D22E1E42E21299846C
:109C4000BE3A84261CE5BC80AB638E8CF3E3AE4A3F
:109C500069D3D5E3A2118109224DA7BE92E65A2805
:109C600019AF51D5D939C6AC7A198B87FA99AB7D22
:109C70005C28540C38ED1952EDBC14FA584AF7C55B
:109C8000F8E0CD21750859969998034C1D125F068E
:109C90001E5BDF73E410E973B9D2E7A143CC1E2445
:109CA0006A64D5CE6F7F52EE31A5DC3EA5DC0D4A4D
:109CB000B9BD4A395AEE54E09DADA4ED047853E5A0
:109CC0002F95946B9594870EA95E4E071A25C98C23
:109CD00049C3313B9903641ECEE05A428472BF1ED1
:109CE000D28C952FDF79E818506DEDA162A09AA66D
:109CF0004BAB506D85D253B6D2C6F243304A4D8538
:109D0000ABA56C56CFCB87E6C098B60DC1587692FE
:109D1000D12C1CD286196D58993B728451CA5F07A9
:109D200050F8015E5780E02821C09A752F834412B5
:109D30006F014CCE0CC4641112E7CB72A467207B78
:109D40000E238E96D21A94351038ECAA43C31C56B3
:109D500070888C5E754005A31FA570FDFA1EA302D6
:109D60005570C0A7502CF3901C3933507A698B8DF5
:109D7000167B651560E388CC01746BE46BB83F7F9C
:109D8000A3E6167C4B6697EADB37B907BEBD9ABBE4
:109D9000EF5BC23384B7F6FD01236D799A30F792F9
:109DA000073DD9949588A2B8288D57BB3304D7A511
:109DB000F9951B9B50228E522883F73579676740AF
:109DC000F9740B590390496F66147AD26EFA4323E3
:109DD0005FC96708FB601D407EFD3DF238B1F9B5F3
:109DE000DE8AFB57BE5AD1736AAD864BE260D5342A
:109DF000C11C1CA2C4997D396EC0CEDA86E825311B
:109E000083AFBBA841946533FC26F576782D1BE51E
:109E1000C869D979396361F65CCB66F50135AC8BDD
:109E20009996CD52E194A44B5F99D50793C2B6C4DD
:109E3000B11CFDB75BCBF4FC0D7C11478559EA7270
:109E4000B0A836CD9B74680A87CD646DBE5946169E
:109E5000BAEEE003549D2A9C49E33A5F13B67CDCDA
:109E6000C1F0A8AEE30166FF990E6429E62871E40B
:109E70006012C027B63E5373CAB4611BF7433BCC94
:109E8000A923AB147DA474E23CCB3D171A7C00F5EA
:109E9000D263135E267362B144F0ED083E2D3DCDD2
:109EA000BF37F9DA360C6BFD9FAA486F770E55F471
:109EB000F8D69D92A429153D08FCC4A28A1E3BF841
:109EC000C6A9855C52F819CC84B50889D70C8D7762
:109ED0003D2D3D65BB6BAD656D424BD70396B51B04
:109EE000CCC8A47E7502D07DD110369BB80907B0CE
:109EF000B842FA29E400775D1E81DC4E2057299094
:109F0000DB01F2A3034B08776C40FED7BB916F7C5B
:109F1000E9DAB55FE4FEE3CF79D390516CCEBDBEF4
:109F2000A267DB9DAA285A1E6E785C6AB33D287D25
:109F30006643396DD0FE83D245FB4CE86DCC905A18
:109F4000812865E89CF4B56D8724A2134DEAD721DA
:109F50000D2785C3E8E38E995391F8CDE00CC0E559
:109F6000CC0364DCBE2680C0CB5AF0848F3BA8AB08
:109F7000D5E136C0A8CD82EAA6DC933047A3C04421
:109F8000896B06F639D49F53E275D23B523B2AE6E1
:109F90006E6F105B8D5C34547BB9E8D9BA0F3EDE2E
:109FA000416093A62223C1ED98EBC65E3FB6E20F57
:109FB0000D793092F50334B7F830CAF9B883768159
:109FC00024B653F7EE90D28D4F0A7681DA4DBF4218
:109FD0009FC812BE9016F99C2272527594689436EE
:109FE000669686118D76532F17034D8EF4EF73A866
:109FF0003E27EDDC32B04542F673A13D12B269ACAA
:10A00000AA365C04719B5AC1129E4389150352887B
:10A01000F46F772423EF4C645C09CEDB9CC4A573FA
:10A0200063A1F6CAE8FC166AB23E88278E08A62A03
:10A03000237A071C366ADAF326EA03D0DA446D4045
:10A0400035313900755A6D13A3C104A5CC77A19899
:10A050007F31EE7F1DF7DB4331BAD8C73C671CBFA9
:10A06000A120611807C37C364C2F71B4AD7C86EA01
:10A07000995F1737ABB811F390094F43E28E811700
:10A08000A489371E9126AA60CE0ED436C642F70C9C
:10A09000606E4E4B2C7CDF00F8D37011949BD61968
:10A0A0002A86B94670AB6FD6B975E5061EF4AB8546
:10A0B0007592D738B3E5B3D5131B8D80A3A312F9DE
:10A0C000EDED6BBDA8B7D373B0D8705419FF6AC457
:10A0D000BE57AED0A3E29106F4BA8A4B043C5CECC6
:10A0E0004779EEA0E501CA9A15FC6A1BB66604B171
:10A0F000B84C567372243C4803BFBFE7FD423AB5E3
:10A10000F17054BCA4EE1DF57B2AAA2F1AD5BFA965
:10A11000FB3DC0F4570F14B5EC072DD0E0BDE6EAC7
:10A12000568E482E4D380793D9E105A9D713D4840C
:10A13000D3911CF976F00969BC1DC2D8CC69C21351
:10A14000904A1C0DF2EF5FC1E4896CDB6E77B6B705
:10A150000D5ADADF3B6A1D69F142E80929478FF29F
:10A160003F0910FAD6F59F0E7DB52DCF6A0DE8DBBD
:10A17000B0D51250593F08129BE8A1B95BDC1F080B
:10A18000544F7B559AF343C54A42FEC190CD7A2C79
:10A19000B8E9FA2F1F28BC6797E38D20FFC0140E83
:10A1A0009977499FCD7FD081C4177DB89029C0BDD4
:10A1B000DB6EEF0D1E0899B83C18DD2B83FBE32105
:10A1C0003CF44CA849FA6EFEBDBC2A4C6B2B3A9F5E
:10A1D00004B7950A8E799F3DD0F536FD34D7053208
:10A1E0006C318CEADE0126FC032EE0A6B848ECFABE
:10A1F000817B85B416A27F3C187D5C3A0D736B574A
:10A2000094E16C2DB6B5483C152558B83BDAD0FE24
:10A21000897416E842F2DF9026E66E74E036E84F65
:10A2200026A905AEDD0EF6F4700EB6C5F2BA87BCEF
:10A23000C22DFD5B2FDD04F5DD036CCB3BDCDDEDDA
:10A240006B0552AAC0B59627F5545D94F65DE9EC0E
:10A250004E24DE14DD50A63D0379464847B810650C
:10A26000FD01C29087E449C96D28672A40B25E812A
:10A27000646A148936F91A77C606B6458E64F5BF46
:10A28000C3E5868E41ABE7912E4A574585D3D2D799
:10A29000FA8DD2451BEEF5559E90DA6D27200E6B98
:10A2A000CAA01C310D4129232EA4449AFA0384DE4E
:10A2B00080156EDB3DBA28D5AB0A77E229AE982C23
:10A2C0009478B22A0D1C9AE6C2669038A0D73A411B
:10A2D000CEB41B3FF91EDDF3C5F7C61A9F2133AF7D
:10A2E000D89F69B45F3E5AB8D391E7D773477FB818
:10A2F000ED1ECD0F3B75D20FA17B6EFBE14F506A77
:10A30000744DE887F1F70C40FC5DA805BDDA6E17C7
:10A310008EF1005F4F61E6A3D2C5F9BF6D04286DD1
:10A32000DB1D17B9593D79AF2313C0AB0758F5EFC3
:10A3300070EB047579BD0ED6AE0D6F7E1B86F98E5F
:10A34000C0166550BF8ACC1122DF3FFEE8A35FDD57
:10A350007AEBADB37A200F83BDE39D8DFCDF41BA6C
:10A36000AD19D6C54513DD6661AFE3C1064BB0FA42
:10A37000FE84C3F9E50573D2BC96FBE9B544BE1F64
:10A380008FCBF7E320DF512E91F0C741C29BE71E30
:10A3900097BE9EFFBE590BFAB21BF0DB6ECE072CA8
:10A3A000AC8CE21C23A76AB0B532A2BE8FE1D816EE
:10A3B00094733994519E795DDA4A9065EBD296BDDB
:10A3C000B26A34D845DD41EB6A5CF280F5C7B6F479
:10A3D00072CD07F8E026580333381A56C949432B83
:10A3E000566D72004CF497C18255DB1CD87F70B952
:10A3F000CA5DB0DAE0A5FD3A77E72A039FCD812652
:10A40000ECDFFB9AEB1D023F19DF2814B371D0ADCE
:10A41000C83EBF745FC362F0F5B04E5FDD6CB80E2E
:10A4200089D38728CB8ADB33DC791B32858C39D8FA
:10A430008CC59401907175A3DCA3E6A2BA51734652
:10A44000C38AEC5B40896F4823DD99B5298DA9202B
:10A4500035DBC0E25D36C890F91F85D9BFAE21DA81
:10A460007D898AA6D14CEF28AFBE7F9398E8CEE0D5
:10A4700019F131896D4CB65837D0305E8263D227DE
:10A4800091313B92102BE6C4E4FEAE11882570F6A4
:10A49000C4D600B0F7A9EDC9978EE79FEF405B9F48
:10A4A0009B57D79070E8D9EF9FDA2E477E1C78B67D
:10A4B000E20BA9E17964D1D5BD264DB525D4ADE334
:10A4C000010B094BB91DDFA3ED3837293C86D2803B
:10A4D000ECDF2165CFDF218D69C0E2CDD1A7A56C6E
:10A4E0001BB2DAC5577D4690147F5074D7B2E01F77
:10A4F0002BB0A81E2C11F638669DC1221EDC08A3C5
:10A50000F8E3CF46A18B8FA298DF5CF184841A3EDA
:10A510000CEB75C7C00E4AF7177156EE96FE6DFD2F
:10A52000230EEC90F26C72645BF4CDB03A39CF5FDD
:10A5300021AA75230ED25D097801ACECF930CF6FFA
:10A54000E8D71DA4EB322C549D2E8CA975EED3B008
:10A5500056A285CCA346AE26BE326E96AEF562F10B
:10A56000ED8155E5ABAE4B134E1A0EF7DEB37EF21E
:10A57000193D8FC596018A4BE008CCBA3EF29B2F5D
:10A58000E90F5BEF597E3DB2A6FB690B6559773B3E
:10A59000165F1C18F13AB1D7B119A016677036DEF4
:10A5A000466C9228E971A99B6836F64B37A6C1EA3A
:10A5B000E945750ECEADB4E696ACF7206B7560D16B
:10A5C000F545B5D52D58DC34B0D06D10A8960C7E6D
:10A5D00041F96861662D2E98D9862D4500D5EF0783
:10A5E000D0780D4766F16330FF6D6015D0200510FF
:10A5F000AC20178DA86049004F67268783D7B65FC8
:10A60000001B699388E90FC0BF89D39B478016D18F
:10A61000DF97141E4BB3AFE85E261A7DAFFCF845FA
:10A620001A250307D3E869A0DB0EC965D3D58FA827
:10A630001BF1F2E71DAC8540B5B2DF10620A0AE7F4
:10A6400082EC2EA0834F48829129181340661DAFDB
:10A65000132E356E3434F5F6AF397C3A4B386E280C
:10A66000BDB466DD1EC7C37E6C4100E5C1B6F78C84
:10A67000B4F8483F19D3FA9EAE43A0177F476D2721
:10A680002B8C4E4005ED4196FF67C820D82FFF79EF
:10A69000CA46C336C7A36D9F87CE80B471345A852E
:10A6A0007E6BB1BFDFF2A64155D4D4E54CDE7346D4
:10A6B0008E78A3286F77F093F8FA3CBC4737BC4EEE
:10A6C000133E257C4B7894C80E11DCE299B1B94554
:10A6D000F8FA66082F032780DBBC06B13CF8E17767
:10A6E0005F7A3B20B0C9B1FD1D15ACAF23A4D68B5A
:10A6F000AC9D2E67E622A34ADC740CF9499B2FB867
:10A7000091F1269803DE66BD3BAB16177DDA84AD6A
:10A71000895C6A5B927B8C902F100A8FA8793E4AE5
:10A720001762CE0CEB50C3ECCD0E26A851D6530CBD
:10A730003A47454FBF971693FA612E01ECD930BFC7
:10A740008CE0F6409B9A66E0310E9B92C21AB443AD
:10A75000D200AFFE4D36363E2D69506C2FA9429483
:10A760006D7D2184741CDBCC98E4885FF689181D0C
:10A770006FB23BD856DB118D5BC765D6AADD0B25C2
:10A7800093DD227CEE51B931F72AF090ED2D1EE4D5
:10A790002269DF18B70DBCCDB43838A0BD5E7B9DF3
:10A7A000CD8772F284A22D9B1CEC795AFC7EC02AC4
:10A7B000302E5C74A4D737CBCA5F3AE3057D642F93
:10A7C000D45B0C8E1677B7A230E251AFCF860490DF
:10A7D000B4107E1491182D8E694548055CA97267E6
:10A7E0006DA9376C7250E7F52E5A7CF72DA0C06C1E
:10A7F0005297B441B9B3840C483DF916F22FFE4983
:10A80000FC4C3CAE073B53176CE865D6AB4E43DBC4
:10A81000F3F7F5EAED0109156770D097251AFA7775
:10A820009A5E0729483D779794632B6A4416B6666B
:10A83000038458B31C69F6037E61AC37BB95F58081
:10A8400040E907ABBADDDB9C0994C974E3E277BA4F
:10A850001318D6352991318FDDF2274742F0664132
:10A86000C7E16B363AD2B8E4D3E97D78CDF58D9463
:10A8700084575C0EE1997498A5BF0B6E702470D458
:10A88000E9896662BBEBCA5539A3B61C025AEE7160
:10A890006CF63F5E0B692BF0355498A1BA838B0D93
:10A8A0000457A42F3DE8620360775079941FBBB131
:10A8B000796F254001FC44E21491CA854A8A3F968B
:10A8C00086FD54F9420F998D0BE3E5BCCD0CD97789
:10A8D000FCFDBCC6D289B95C9EBF34571D5589604A
:10A8E000FF49CBB27A42DE56B0D32C750E3AF0D186
:10A8F000CDA716E1A2BE10D86748DF8C8BF57D7816
:10A900005649E3AE3E647FCA41070D8D780A9ED951
:10A9100013329014E31E83BE55CF0D84688EE2027D
:10A9200086D43E9C85F2FB83DED9948BE6EA1C54E8
:10A93000004692D51FF2CE9ED42139C75D97CE3DF9
:10A9400026E51835DC166EC1B12F24EFCEA70E43D5
:10A95000DC666D2176ED1CEEAA2A39F2950C29E809
:10A9600038D86ACFC39A6FE63E692AE51E45AA2EFB
:10A970001F6885AF933CDB0B59635D979BD8C9A3D8
:10A980005D3B5D5F373D28E5F09F06E5482EE88793
:10A99000FF08B2EDD61ABA6B23BDC9F1F700E82C57
:10A9A00090F66110195B2F4A9BB0311ABA59E10D2C
:10A9B000432D38653D277C4BE64871F3A879A3AE5B
:10A9C00023B2E72FD17C45327E1B9D2474AE3E2DF1
:10A9D00031C54E91A24F801FB3D17F2727CD255A75
:10A9E000E63F073A5727CE25F9962BF995CE049ED8
:10A9F00005CED807186CBD586CA7C4C89BC5AD1947
:10AA0000D7C764C0C3E036C7E789B739D19D78DDC1
:10AA1000D8DA44F78DD278E35E07C32505746E64F7
:10AA20004A3767C0DA5325333CE62007B55EF44267
:10AA30002B67DF24F41F9E634A7B6EB23676CF4EBF
:10AA4000E2C0A636ED043960BF7477AA1C29932DA5
:10AA50009C116C456285AE902D6328B351092F97E8
:10AA6000ABC7D066B312BE45DE0FE15C257C93CC4C
:10AA70000027EACD794A6C01C4F4346B2E56626E1D
:10AA800088A540CCAEC45C104B85D81C25F62B881D
:10AA9000A5D346F37C25361D6219B4DDEC5562570B
:10AAA00041CC08251B94581EC44C103BAAC44C1022
:10AAB000336B8E8F2FE1A670AC398F63A763D0EB19
:10AAC000DFE8DDB75E13C69AEEE06EA9D04664D328
:10AAD00014583335342981458D8CC633E1221D4805
:10AAE0002A5B45E7BBDA671CDADE17EE329E81B2DD
:10AAF00053E65BF3FCF32DA4C651B22B199CA1D4F1
:10AB0000D328F5BA86B4972A4643DD4B45E9A4EE2F
:10AB1000330E4DD7BB38E98C66CA7B2C45ACBD875C
:10AB2000745D6AE86306474A9F1DC2D33F0EEDCFAE
:10AB30008CF5F931C4BE06599806F385050C63DE21
:10AB4000C21D9768BDD18C7762F12F43784F0CB747
:10AB500060334138865B2C364138865B2CBE0AE177
:10AB600061DCC2DA3CA431520DFAD6483348206E7B
:10AB70000437B171D3B6542B751E1B69B07E912575
:10AB800093D398D1E3A4E74583EBB2511D36238BD1
:10AB900046C1D8BCC1B32D87214565B670AC92E2E1
:10ABA0001C4CCA395CABB7B6B75DCD35D51ECBAA48
:10ABB00073E8CF58D71FD8A699FA357BB865B36329
:10ABC00037480A6C3C1D3AB8ED53C4967CCA1EF651
:10ABD000B239DF86A2D086890379A68CCF34C84EDD
:10ABE000C5577F11321A3240AABD15FA295C1FFCE5
:10ABF0000C2EF478AC060B709D6D61CDA82E85B33C
:10AC000028189307F439EB6ADFB35E040D616DED2C
:10AC10002DD9B8E4BF4372FE0A24EB00926F42DDE7
:10AC2000993F85E4B301766A09F7CF38242701E715
:10AC300091E618578F825E3680DCFD7410461EE761
:10AC4000693CB4BB0F1BAB6B51C151FF7A85EECF92
:10AC5000B4C4281EC34D783079021A4F4DFD37BD5C
:10AC6000550ABDC968D809E12BF4FD7C104FFF4E91
:10AC7000E96B04A782BED2391BF737E8EBC5412B3D
:10AC800097077DD9A0CC8783D67BDE03FE7A4FE978
:10AC9000E7E19638472A79AD83B69CAB38E8C578AA
:10ACA0002FE05F75A67DCC71A58FBC9CEE9026AC85
:10ACB000A54D003129F7B282E7CE2BF89D0AF83D69
:10ACC000DCBB71FD150C3F8E2DFAF8D87E33F09960
:10ACD00042692D505AAFA45C3F9099B36ECBE15EB0
:10ACE000DFFA10D07AED96FF1DAD6318D6130CFB7A
:10ACF000F480E192313FC5B075E0A7B43E19B2359A
:10AD00006BAFD3B97639920229122E596C672DF6A2
:10AD10006EC4E09289F63451A63777CE4797833FC9
:10AD2000866CADC64D47BF8F80AD23177D212D3A70
:10AD30000EAE1D756DC0066E8B233B305F62DC78F6
:10AD4000377E9DC9192DE1A51B3B55556CEEA71902
:10AD5000A33855589EB6A0144D7ECBBFA93391DEC3
:10AD6000D839821A29CAAA70105F932ECACCC5603E
:10AD70007BA8CD19742A23F7D74DEF7CB9EB4BD1C3
:10AD800011692E2ED70B37082B38FA640D377DEE5C
:10AD9000F439AC8501BB137820AF28A8CB2DFA4934
:10ADA000EE94B95729B92625776E80F61CEE6DBF53
:10ADB000AAACAD41BA555F7AF957D42EC7AC607EC4
:10ADC00039E5A2C237E3ED8E19676E2EB1806EF5BC
:10ADD0008C418E6C960B390DC7849761649423F770
:10ADE000CBFB85671DF9C1AF40E767FD2837A73D5D
:10ADF000D6D284B6D2EDB1768CC1D14A3B7A6827DF
:10AE0000E38CBE2405DA791ADAE1E5024E0DED6431
:10AE100028EDDC04ED3CE3A09476702029F740088F
:10AE2000E5E671647CFADCE74389B9FB4209B9CFF6
:10AE3000801E668375FB33598DC839D30C08EF84A7
:10AE4000300BEB99BE99BE8FE1D25A90C088CF0EDD
:10AE50001939B2DE228BBF7BE9232779F24BDC263E
:10AE600025E49D4D7E91100B7B9B555C226870BD47
:10AE7000805C56CD00F7823D24EF73A8CFDBB85538
:10AE8000821CE990735D79A03590F4AF64A381E8EA
:10AE900075A48E5DD8D30835A0E736A89918AF7988
:10AEA0005ADEECB071BBFDAB04942B473E94F135F8
:10AEB000135D46A273A0E2E644981F72E4AFD0B6D9
:10AEC000FE4CACE631997109C291A81846D114170D
:10AED00081071B5F55602C6E45C68110D9B74BE7C3
:10AEE000C82EAE1C79075ACEF333DCD9C6A3DC6278
:10AEF0002971851DD2EA659B2B8FB7730F009C8F3C
:10AF0000C94506D028DA56F2D848F6DF56F02F6445
:10AF100095080779A3EB224F197B4346AE3B340CCF
:10AF2000C3B37118120186BBFF0B0CDFFD0C06B911
:10AF3000740BE70128E4C89FE5959CBA89E97A5724
:10AF40008D728F38B4812AC1484E57B01CD912ADCA
:10AF500016D8A9635CDDA17CAE184A7E20E7718C0F
:10AF6000B20F2829F84D8634D74F307C2D4060E34E
:10AF7000B6F85702E4C580D562DED868E326426C95
:10AF80008A6C744980AF75CDE9C01D64E493E323F6
:10AF9000C73B3F6BC42F93DAE7645C5FD45228BC95
:10AFA000D34115BDD38172B031B1FD2947B11FEF37
:10AFB000CEE3F11E81DFECE83D5F0463CF317C0717
:10AFC00063A71ABCCAAE2842642CC9301639128055
:10AFD000912018C971151AFF2A8CE4ACC4F81649DF
:10AFE0006CD6D14C07E49AA21C8CC4161F01A11D7B
:10AFF000C15A3BCC14ACEC5765CA460EB083B0695D
:10B000000BF4CA728C38BF956D64C4EA56EF6CFDC0
:10B01000114A58241840B28325E0CE984D746BE253
:10B02000882E4CFC1124DEEB9BBF536A43C7BBED5B
:10B03000484927F1BEF62BE1E3D2677AA221479A6D
:10B04000138556C9E84D17D1A275C1A47BD949DE35
:10B05000365BEE83DD295BCA6A0E09BFC789675F6D
:10B060001572300BBFE9A26F111FDC0C394665CE9B
:10B07000E09C1102CCAC4434F9A8FF32AAE84CCCD5
:10B080003EE2E74446FD7B559994C88F1092FB370A
:10B090000F8C127D15197E5557E25870D963FDFF4C
:10B0A000947C959C48A9FF06FE887B3F923657AA60
:10B0B000BA98917F14DE911EAEBC1E7EB7547E26D8
:10B0C000F96E2813B1EA23F04B2FD5AA50972BFB2A
:10B0D00056ACEA72A5BFEA625C1F81E59DC481841B
:10B0E0000C2726DE28315D2E70CBCBFA8293B6E496
:10B0F000FA366732BDBE451A9156ED9676F3E3C532
:10B1000004F534E76669F77C944360464F20B164E8
:10B11000101B9F0B5139CF8788F5F45428AD193097
:10B12000B108EF6A5F2D47660F8DCBD39DC74FB631
:10B13000AF06DD36F2C6D0F0693ED10310E8A26C4E
:10B14000FCEC5EC11D94A7876227C62C9101668A1C
:10B15000DFB8C1C16FE48136CD08B481E30027B206
:10B16000301CBD81CCFB1FE598AC1081C6A47E22AB
:10B170000794B1A5894CF2C96E1F66FD295C65F77D
:10B1800046DA076930CE34BA77F3427DD1D686AC41
:10B19000BBDB34159DAE51579DDB78385333F9AC8A
:10B1A000A0F0D47009FA15B04A3419C24D423A479A
:10B1B0009F628B8E39CC5C24982118F9FA2DFB7D87
:10B1C0009F778CB07C4C76BA2DAF49ACCD2A78B83D
:10B1D000AC9579DC9ED9D35CAADECD37EAA759EFCE
:10B1E00036686EF63B4596B6DE8EDB51C1A5A016DD
:10B1F000280AB260F65E6E4B03D1F77771B1F16A3F
:10B200000043A4E73A996069EFE0B8BC82F30447D1
:10B2100084C35F1C32E65982F46B2E4E7570324740
:10B22000FFED190739299A06F296652E076D00CBB6
:10B2300061051664791F5C2B40F28A846C31BC2D49
:10B24000E4CAB95298C72CE1FFD948B48285E823F3
:10B25000F854743D328FA48A0C33C325738C0D814E
:10B260007DFB7A9F91B3B8ED525E09D00AF4D262A9
:10B27000902B73C15FCC32BD1B6FE4B88C6936CEA6
:10B28000385D8ECC920F39FA82C00937827DB59035
:10B290009C89BDD3317AC63BD2621FB6FC702BD3DA
:10B2A000FBD062A677F3AFDF9196ED7C50126C0F66
:10B2B0004A5E5BC674369CC192F37DB21FC575B001
:10B2C00007FF14CE80D6D365E3744ECA7B8A2BEB7E
:10B2D000093E28B57B47373273907832CAB8ABAB9A
:10B2E0008C1CD8288F90BD761738B40CD9F5CD8C2E
:10B2F0003BB396E1CAB30D6077EC5328BE4FD1FB48
:10B300006174F9F303F9EE828A3F47C3BD4F3A1ED9
:10B31000F6EB2C2996C5639BA3DD0374347BE1A96E
:10B32000266B23954773BD6DC4F2111F4A0CCBD316
:10B33000DFE8F5AD899C3ED5756AC488304D5774F9
:10B340007EA53DD9FD57FA852E9AD586B10E6C9B08
:10B350003B6FE9DF226AA3AA1B97F46F919AA3526D
:10B360006F736FE5FAB7FD23C2721129D96E38DE0B
:10B370007473F6FCFECD3D8951A6E7CFD19E9EE7C2
:10B380001C7F0FE2924F9B92AD1FB6E1E2E34D9A14
:10B39000BCBFB62193FEF651BE5DDE335E6C7C3BD6
:10B3A000C4727E58FB66399291BDF67E4CD69F11D1
:10B3B000CAAD9715354B051AACD2C30E4D80585502
:10B3C00094D8DC87AFE90E1A396F2B06E94DD62ADF
:10B3D000474D9D274DF4268F0E204BE2757595A5A0
:10B3E000977632A8CB996A76A5DC7DBD467B6EAB9D
:10B3F0004673AEB4E646C9C2FF914FB9BB54647000
:10B40000CAEDB888B67E1724B6D262C0E1BAE6317A
:10B410009CB36614B75738AD6138EDB9BD02363DFF
:10B42000C99FE8B653C0C7CB0907F043D5357B8524
:10B43000A02A01F280B6B72BB966928B4D46E0C6C2
:10B44000F94AFE693A9E3F45C977907C4AC9B70FD1
:10B4500001572C3C237D86F48DB490E5D9331B2C09
:10B46000C70662B3C99167FC12D80E5C0DCABF2B28
:10B47000A80E276A8A059FE6CE80BA0B8F2C16CEBF
:10B48000490D580F7395F806FF71D62E22BB3D6902
:10B490005F15C4DFCE16A9E46CBF5DF4D949FC0882
:10B4A000861A29484C469BA5A928281DC59BA58915
:10B4B0008A8F749BA549B150E26669722C3462B3DD
:10B4C000741584DE825236C527A5A6C44250AA90C0
:10B4D0008452B450AA485F6C9AC133611762C27932
:10B4E00098094F55DD20312BECE05E065ED76EC12A
:10B4F000BE5330DF890EF98264B7DD2015971861DD
:10B50000BEEF99CD2867466D46326687C8509B20AE
:10B51000FCEFB10307C3C84D7E7558AFF9434852DD
:10B52000F60EC899EF927EB27BB9A093C65400CFB5
:10B53000AC0E239A99CB0AC64613474E9AE4488D1F
:10B540009F9C033FE52667923613B9A1F38534A784
:10B550001DF56EBA21630ACA01CA2782CC1EB9DC66
:10B5600035F9EEBB3423CE5E56279E0B76A0DF3F27
:10B57000E178A654739AABF99D94E3FD333FF96EDD
:10B58000B2524CBE1D4FA527E2B0117F138C490566
:10B59000B195F0C2B0AC055DE78A94257A8AB3868E
:10B5A000E1F608486C9FDF106EBF6504670E488D9A
:10B5B00071A99C0BB3FA37D037CB7495A5395D5977
:10B5C00020DFD4E7F0347A92266CD4F404C989DF02
:10B5D00052CDE5B33338B2CBBABD1FE589F11E9524
:10B5E00073C4FF22DF73E337829CDA44D0C39191A6
:10B5F000C879097894DC064A06AD211D38EA1B6536
:10B60000CFADD89BDB98AF681CAFC9462FC1E3A470
:10B610008EA3A589DC486E1CE783DE9AFA123853A4
:10B620002DC5695BF26AE737129DAA5A96233BE45F
:10B6300012AE803341ECAC4CB4A9A31BC83CB28D14
:10B64000FF03B91FE636AC748868AD6199A146F175
:10B65000AB0C3566C547C3302EDAADAC2058352A61
:10B66000F87223A9439BD28C581CDF4F9BD2C13761
:10B67000833F12FCB1FDA49C1366EF6672620CE579
:10B6800094BDA9D87D29A223DCB8A5E131A9DD8626
:10B69000AD0CC8FC511CBAB4D1B7B1E23792C5A801
:10B6A0006B992D59D03F24B4EF9494EDDB2C19798C
:10B6B000729368592056DA1B88CDB93FC931AC5511
:10B6C000D5A4096467258D2721D25F1A5F5D832683
:10B6D000DC52F910E4C6CA7E3288F290F898EF2264
:10B6E0006077593FD3BBE9A637396D38434B764075
:10B6F000046E28F29721EA00E8E8031F4B19FB6A61
:10B70000386D97864E0A678CD8CDBD7591463D65DC
:10B7100019FC4D7C154776E27A839F490865F0C68F
:10B72000AB9F9218A3E176FEAACF838FC1E8D6C063
:10B730001A8A263C08A11A58598CDC6B12F2BE26D4
:10B7400051DE1D120312B964B0BA66CEB18A1EE48E
:10B7500030F0B135A6F4D24590F215D10D9CBEF172
:10B760000680EFDD81BF4A68670B8CF2E120327EF4
:10B77000172A1660A6ACD8331B83EDF250B018F42C
:10B78000C6AB649256C82D154A612D25A761F7BD39
:10B79000DE11AA341BF8A725CAF6B4441BB3D4A9FA
:10B7A0000CD5E335D3A27D5D9AB35542C613DD5A5D
:10B7B0002ACDF934409AAAA226533DED54A21FD6B1
:10B7C0009952644A7356D52438CF5456D7A49997C2
:10B7D00054C63048F0368323D89A35C8B654D7FCBF
:10B7E0002944F05D77ACB2262821B343C4D4DBE012
:10B7F000C762E69EFB1698C5113F4971F4F05524C7
:10B80000565573424A2F24BF0CFC965E966F3F211B
:10B8100025A692B85D49751556D760F349291B4A8C
:10B820009E965021E9F704F88F29BC42D104872B5A
:10B8300043B139CE3623F106697E27A6298E0A3810
:10B84000C6568611069D53D0372600943983644F1F
:10B850001C8BC78FC6CB8295F5593CED8DA36C33FD
:10B86000B97775361E3F741435D737FCD8ADDD2057
:10B870009809BDF70DFED8ADDA84DDF52B86C83DFD
:10B88000A8EF513BDB2C47BE97419FFA59B987E39C
:10B89000E5965E2947EE89261F619BA93D581C3914
:10B8A0003414A2C487DFA4C4D56FE219EF3751F96D
:10B8B000CFF851D7DB88E860B828B68F3996CBDA55
:10B8C000B254A3020ECF380B120E786E5E595AA0F6
:10B8D0005A58D16815F2B84F81C6455B5E12DE6ECC
:10B8E000728A0CCD0B0EEEE86C76EAF7A1FD02B27F
:10B8F000FE10EC0B61653F725DF34A6EF345350255
:10B900006E305F2F9C6B5ADDF247E1772DA8EB0478
:10B91000A2C6EC060EC5D336C2EF185849892D8051
:10B920000BE9021C66710770D2E5D0F0B9D8D68653
:10B9300067BFCFDDDE2ACDF731DC76B2930190A070
:10B9400009ACC8E85E2E9B1E582124B41C14AA1B07
:10B95000C93C4B085A04A30299937BBB690977AE93
:10B9600003AB1B66B3D33A43E8AA68909C98815E08
:10B97000E75DCAD1AF2484D944A2058EE6E8BFB200
:10B9800045D56533152DB018B4C0633E397287CCE8
:10B99000281AA04580751067ADF4006F01474F3835
:10B9A0000FA3D25E396F193E2FB135D38256F83CC2
:10B9B000B9B92BB8DE22F22E93C83B2A3A83DE8433
:10B9C00000B21EF5BF9088F28FFA1F4DDCEDA00289
:10B9D000531599686BDDED5005DFEEF679418F5D0B
:10B9E000B7C97139B8DB3151D9E3082B766559CD28
:10B9F000C896D22A2261DDC0DBFCEC93DDDBB88A7D
:10BA0000CE330F40E9DA519D1675B1FF5AEE55CE8F
:10BA1000CA2D11FED2757ABD197AD4055041C6855A
:10BA200017128F3846079F76240793F87F86D2B87F
:10BA30001F422F3934414AF4B94E74FBD63ACA1228
:10BA4000028B1A7F0CB1A7BF0F7D24217D02FF71ED
:10BA5000E808D8F3471CDFB41984A73854F04D30F8
:10BA6000933FA9D862E26CF6692C6A988ACE73ACCF
:10BA7000D9A51235604F045145CFFAB9BB1D3848DE
:10BA8000A400236A3490AEFB4DD9B55CB1FFD7DC7E
:10BA9000BB603FA664FD11ACC111DC972CDB756E59
:10BAA00044E9CD69D288E32DF6FC7E75C4D4AF0B92
:10BAB000CB4D0F77623CBB5F1799618750220DB960
:10BAC000535DD35CE742BE4E6C642DA5974C146E5B
:10BAD000B22394EF6BA2411F3BEA9FAFECD5F40475
:10BAE00089ED45ECE31D192F3A50B0B8355DC259C8
:10BAF00072E46B3902B03A84F246909CBC73EB86D8
:10BB0000ADB8A8BEE949877343B17FD3063D47F678
:10BB10000FB6341841174EE2040E998622F90346F7
:10BB20008E798CAC3F14B7B8710570127B289BA33B
:10BB30003F3AE2C8E33DBC85031B587539A807DDD1
:10BB4000DADBCAE68D3EAFCD4B0CE8C025804B0456
:10BB500097046E445EBADF6EB4810598084E0F2ECE
:10BB60001D5C063823B11E11A90765CFEBC1A58363
:10BB7000CB00670467CB7BD89F6C2416A6169C0E5F
:10BB80005C42BC8D24A51E996F9A87355731DCD84D
:10BB9000F3810E6A0FCAADB82CAF7B276C54BF1867
:10BBA00036A2FC7E80AD5F7D39AF1F89539CD8F9EA
:10BBB0007E5386B21EB2D3EC9368AE2BF8A56726EF
:10BBC000D14B9C7264851FEA79C9CC237A09F04F66
:10BBD000CB07DBAA41967EB051DFCA780C42364FC4
:10BBE000579EDC864B4E6E2CE77F0CC5EC8531DC16
:10BBF00087DB92B993DD5AACCADFC03D0A5A8C2D5F
:10BC0000808CAF3469C206E6992666F2B87E9F94AE
:10BC1000DCB6B38C0E635A7D26BA4DE7AAEAD6D2BB
:10BC2000D18DD86868374888FF7611B675867696C4
:10BC3000854F3F175625645BEE138E45BB2FD1D140
:10BC4000D463E3FAB75F4613CB827300DA02B0D154
:10BC50008B5B6AF9352285881500D29CFD3684C637
:10BC6000ABF95AFEB52662439495E9CFEBBA58DAA0
:10BC70003C260D28BCEBC6C626368CD9ACFC71A080
:10BC8000AB5B036565EA305687DBA2DB00526AA432
:10BC90006B39C0F05608173EDA94CD5940E6F405EA
:10BCA000578C4B70659B0E47C3DD8413F63ACE9CD0
:10BCB00026A7D701A5F7AE2163CB290935F843D8CC
:10BCC0001C0A1D87D0EF3823CF706F87CACACE9D5C
:10BCD00027252E0CB12D46FE75250F8D27796FC4B3
:10BCE000E6822283B2B94D0D4B3DF85162E3919B40
:10BCF000CB2FF92C0F5B1BFFE54105487CCEA7B18C
:10BD00004E6BD3287B367F1E52C128618C2AB243EA
:10BD1000362C29D2CD84FF3AFACD0F7FE921FB4B97
:10BD20004391D67EE3C3D8E66B9223DF0EC991F729
:10BD30008670B1AFC9B819DBF2EEA8F6981FCEAA8B
:10BD40002D70D1E238BA5A9C45CF81552F6D6D3197
:10BD5000E7E1F3C9FED720CE0D8628189FC6FCF672
:10BD60003675D1E1E8A5EE8DDB1618EA9B1E6DAAAB
:10BD7000739C6843E1449A586FEC0FFA9915A24FEF
:10BD8000773D771D97F1835E07FAE7D02658911B20
:10BD9000033158F6F7A3C93383B8FE204839CA0CDB
:10BDA000D270C4B8FE8D0389618CDE0AAB934D0F4F
:10BDB000FB9A70DB1F1DD63372E47180AF76A8CA80
:10BDC000935A8B8B29711CF547070B2BB15DE7E864
:10BDD0009C9B9AD5EF0B9777523A6C03281D1B2436
:10BDE00076DF76498F3E8455FB2665AF69CFA0E5A7
:10BDF000613CEDB06352D356116B89AD7834B836DF
:10BE000084CCEF86BEF46CFDED0889D2E3E96F3493
:10BE1000E1C2E3A135A0932D57DE318C04FBC906A6
:10BE20003032A0070E452AFAD5F5D57C732F1AA714
:10BE3000A97F899FEAAFD1027FAFDD5FF544D3B719
:10BE4000954C580FEBD55E87BA0D5968FEA58D5FEE
:10BE50006DB46CFA8A975AD53C2E22566D18DAA327
:10BE60006BB35ADC4DC8FA9E1F7B953D9C5AEF6C14
:10BE70000964C9FB1E0D97D262791859AF0EE63ED0
:10BE8000306ED2D4B6E2DABC63E687350513DBC682
:10BE90006F9B2ED2B4354866921C393168046D759B
:10BEA0000A65674A3B5595F6C4D24E3B999B6B2D6C
:10BEB0005C6C3FED872194A7F9BCCA93A69C628F66
:10BEC000B36E516EBE4BADA66D93D4659D3857E5EC
:10BED000247A49F210C57D03A3A451988C15FDA0C6
:10BEE000D87FDB1A18A23D9AF260C51E03A36DEB42
:10BEF0006B958A6DAF497A5B72BDAAEE69B04A76DE
:10BF00004819B6947A4D9D876B95E6400E881EEED3
:10BF1000E30E6AB91C794AD6819C22EBC5190FB988
:10BF2000AD368A4B68497B78E9B1AB1F1877555E0F
:10BF3000DB6312F291D3A2F101A26107068B6A4D75
:10BF40005469E7C929A59D2C2EDA56DAA9A92CED4A
:10BF5000A44B29AE882B157D98EC9C6D8371E83E2F
:10BF60002FAAC5564D70ED2F4643D6220275BF321B
:10BF7000022277C5E6ED0D44B28E8E433F16A0BF78
:10BF8000BBEF69699E6DC9D8858E85A53B24642366
:10BF9000F093B1A4286399A38C251DC6520363595D
:10BFA000A48C859C42C2687E4FF64B13C87E39B282
:10BFB000D7A046C6E69DEDAC31088E2ACA63B822EA
:10BFC000AF884E22960624A32FF3FA74C056298711
:10BFD00026685B0864C10ECAF2BC6179174D3FEE5A
:10BFE000B80B7EC79EA66BB63B928272E48141BAC3
:10BFF000264BA0AB684F020FAD54E21AD2D216EE18
:10C000005F2139E21D4C10C8BDBA2B7990D306EBE5
:10C01000E2D9D0164E2B044167F26D1EABCCFFED7A
:10C020000D49DCE7D2FC9DE95C3DB14C401BCFDC07
:10C0300040F45D248EDCB070EC2C2BBA94B2011766
:10C04000D041226DEC62C20664F9B8832D3A2AA56C
:10C05000DB9ABB4E2657749ED4D067903141B9BF4E
:10C060006CCD7CD6D12625DA66FAD767C94D13B8D0
:10C07000AC9636C010B2DE139830E9FAB677C279C2
:10C08000EA3F2BB79C26FA2F375DCBA1BA7CAE4D89
:10C0900062117BB010285434F052975A37CD456E58
:10C0A000E290D6E9305AA82AF9143175A445BA2E7F
:10C0B000CF44D7A7297AD0C420B48AEC4A58154077
:10C0C0008FB30717701E831C491D286E42571D0D24
:10C0D000DCAAD1057407E9AEB3B8CA9122B1D75032
:10C0E000A2864A2BC51062275E735E3FD17EA9D916
:10C0F0006784DF3FFB8E29E37CCAC75AA6B6BFC957
:10C10000A1F127424C7DBB35CFDF6E51D725B80E4C
:10C110003A5475E9E79764D17BD0E38F964DF52FBC
:10C12000E04E37790CEC41C6A679548E7C1AD5ECDA
:10C130001DE57AA58BD28D745D6E225033F5EABD74
:10C14000AA27EB0D4C1D5D0F74A9FB5308D5C5C67E
:10C15000371366D3A110E92D2D802D47006F2B03D7
:10C16000ECC4D4B6A7814BAAC65AFAA94BE7C03291
:10C17000AD10E542AA9FE9B13877403AC9DB0A140D
:10C18000BC21A48792AD574A067F5692F019C97B0D
:10C19000194A5E13324E4C6E639FAC1E6BEAA7BB0E
:10C1A0002F685457CA253AD9DD6CFDFB50A6206490
:10C1B0009F680D7CDEC12EAF1C7B2A6CA25E089BA3
:10C1C000E8F1FD38AC829673A1568A33D3F9A126E3
:10C1D000F51C36BF1036D2A7C00AA720D50C259E65
:10C1E000B72F703841E3AFEE72D2854EAB13B8C0B3
:10C1F000426EFB905D3CF95B327F06E097457DDF48
:10C20000B213F701960F9F374EFCA1EDA432EAD787
:10C2100002946593123A16602C0F846CCDB8201DE1
:10C22000342B9C639FF860439EDF9E83727101CC28
:10C23000951B33DAB26A7780D4AE061A328486AAA6
:10C240002AC7C8380DEBEC2A08A15D346786794906
:10C25000ECC2CC28B975C7167C7D5E5F40B7656DB2
:10C26000215AED972163C10E3FB98D95255075D0A8
:10C27000A6A52DA46FFE50C86AD9CE27546EFF0F15
:10C280004DE1035E0CD1EA79FEE3DDC76D14682B46
:10C29000604100375E96A93C7570A1FA4477B211EF
:10C2A00007C94D29B6F544B7C61E0DC5DE147DDCA1
:10C2B000415B7402C3E995FD790AF4A613DDEAF146
:10C2C000683C2A48E23672BE4B910DA9E2F1B9767C
:10C2D000B17B83F65E948FC41F37507974C0527B54
:10C2E000D86117BFDB70A29BA956D7E9C98D685AE0
:10C2F0005547CE5854F5F9AE8ACE4D73E674EAC070
:10C3000071C2DF6A910599098EBBB59BB8399D88CA
:10C31000A5EA6E0BA8EA511DC5DD262CE4D8978D41
:10C32000609190D9FADE860935152DA51CA3ACD0F5
:10C330003DFD1A6E2759A1D1A2F612CF9EB2A4C01C
:10C340002C015DD5171CCEFFBA9FDC6BFF2160A9C5
:10C3500029E127543D218D3EAE16C7B11F756F4EA2
:10C360007CB58B45A00B819C3CEA1F015AD981AE5C
:10C37000447A5CFFA6A17F7450A6A37E04AB8CA672
:10C38000EE2F2487CE6AD2D42D004E280ED0F55F32
:10C3900048395FED3530F530AB13ABBB307EBCECCC
:10C3A000BE2E4C5BCFACB8F709C9D0BEAE2C33481B
:10C3B000D5236B6D00E7993EAB15A4962F24F1C4ED
:10C3C000EE322F941975E6EAF609351300D64414B7
:10C3D0007BFD40E06D06787B424D73763A483B1812
:10C3E000248B18222DF40734F5C9D6D19FF5DF7FB1
:10C3F00018911BA9B4781F9DE68CDE19B38BFBFA4C
:10C4000057DC7BECF7547D494BF4FE93DD9B295CB4
:10C4100058D5FD073A7A67205473EFB107F63A3ED4
:10C4200055A0981638ACA5AC8500F5319EA98FF2C1
:10C430004457483A3018797888AED7D531F5097520
:10C44000D6318975D67B5F93AE6D20BBA2AF49D73D
:10C45000D8D4F53B24874D05BF4EDB6E6922487961
:10C46000FB3E721B87DC78DB2195FAF60BBA9789C5
:10C47000F5A4F44BE322A2D7D453D18DCF87A2F7F2
:10C48000BFDB6D4F6DEA3A33CE2EF6F948AEB3CC32
:10C490002E0EF8A8BDD67BDFD0A282058151225690
:10C4A000570669ABFD528F6F18A6E8B65B15EDD342
:10C4B0007AEFA13134C050C8CD8853EEC97E94972D
:10C4C000782136DE0DFDBFEC4F1582B9B8F9E09644
:10C4D000924D44B37E1FE8F772D848E5F56BC30C64
:10C4E00068D5D89903F33BC599C1BD0F3AD91B7DD7
:10C4F000DA30AB6D09DB9369AE23787463C1BDF4A8
:10C50000CCD34D53A0DD637DD1FB8F6EBCE03CD11D
:10C510007D3CB5AAFBAF69D13BAF0DFDA165F2181B
:10C52000FC33481601246F7E5A70EFD16D58A9F77D
:10C53000AF50DFB6B741BFC6254CFE85A6A56D79C5
:10C5400063904513CE52EF75B0E7F512FE502DE122
:10C55000E3780A2E52E57FDAD413A49FD4ED629ECD
:10C560004CD855E78032387157B19F29BA5B48DA09
:10C5700035D57F63FFA66E64195117DD4628007A12
:10C58000306D70FD12FF4013E330FE9185508350F3
:10C59000E15E3E064DFE183972535FC9F6A31B37A4
:10C5A00039E8E0306D8C9CEE6539323818BDFFCD2E
:10C5B0006D3FC75AC9F6BD8E44B04DD7887AF4D6C0
:10C5C000B7F7829EFD7A4065C4EDD9B6226EAC8085
:10C5D00026F707B50676CCE431192EDCA54D7C2B69
:10C5E0009C957C4BFFD6EEA7DBF63AEACF8F927094
:10C5F0000902A70D63ED8FA03968513DC83F1DDAD0
:10C6000003BF09E831F84D428F7E8BFCE40D0259DF
:10C610006BD78823D036484D460F7DFB234C6AD517
:10C62000DCF215661153E5D542D1A66EED96D82EF3
:10C630001E68713FA2769B72EA51F546A23BA9FCA7
:10C64000BC60EA69AFD432DA449DF3027F461A3007
:10C650006AE73A44DFDA9310D20964F747C71BCD83
:10C6600017EEDA249991726F8CBCC7A5FB55488FE1
:10C67000DAF5F1FDCB11EEA5425A0FAA4E0F844117
:10C680007386DE370BD780FEBCEEAB4AADFBD3150D
:10C69000965B3793FE45D7A0BE51EDDE5FA96F557F
:10C6A000B9A32152AF2FBEB742609A0522D0010E26
:10C6B000857927DD5BE9D4E2F79B3649280D9B118C
:10C6C0006073AFDDA9AD47743CEFA4E4331978EF94
:10C6D0006C4A700A294ECCD38D19CA3964BA8D12AE
:10C6E000BF79132172238184BF807031F84B8FC5CD
:10C6F000D248F8C663B1720763E5A690F08BF17279
:10C70000AA58B9421296210DE7A7FBD78869CAF942
:10C710002616AFF55F4DF4EB728A4766077FBC8340
:10C720003263B08FA93B1238B413856FC6153DBE76
:10C73000B5A435E0DFDD568EC498DE43B7935323AE
:10C740004AFCA89FDC676E588D5882338623A3C7A6
:10C7500062894C592C77C4CEA0F4CA59FA490FD13A
:10C760000BB35A1813EB92238FC8F93027D2A17E4E
:10C7700031CC09F505E3988A1E5449EE8DC11CF5AC
:10C7800017B7FE72FC69CDAE1567A5DD530D424AA1
:10C790002D933F3268BA8FCA4F0D66DE9DBA155B86
:10C7A000B6DBD31C8941FC32139E07ED7D22413953
:10C7B00017AE37DD4D714601899FF491334702FD75
:10C7C0004D47FF8DBF85109E07BEB5259646C2B961
:10C7D0002D31FC4D38FA6FFC99E2E522B1B44212DA
:10C7E0000E1F8D9D0BEB9B03572062B8D1410C307F
:10C7F000A5076FBA7B411CA611C1741B16DF9429D3
:10C800006E4E238189DC8EAFBCDB28907D7F24D6E1
:10C81000B610BCD857803EE447CA39F2FAE654371E
:10C82000CD238B9350A008E752E393DDAA3B800E03
:10C830003B711D0A6FA6F239F4386983B4BA42D647
:10C84000BAA9DD1F77A06AA6D7A2DCBB27F824E32C
:10C850002F9418D0FFDB801E1D76C4A6804B106C71
:10C86000E68D4007DDDD74D7464A5F557E7752A1DD
:10C8700013787EDBDDA98DE4B660461565392EEDB3
:10C880004EA7E3F48AEDABD0EB192EAD712768E427
:10C89000075B8C63001A931C994A6EBEA1DCBB40F7
:10C8A00067C148DC30B0595A349FF44AE284764874
:10C8B000BCEBADE2567D33062B8DB1C9916C195995
:10C8C0002C7741295B8C07180EE512E87364522B14
:10C8D000F72E2C76CBC631A4150CADAB64728A4210
:10C8E0003860817FA774B38D1679DA0856C74EE990
:10C8F000B7465301D17EE9B6710560D501EECD058D
:10C90000D1E0F18EF422BA9D2EA7966BCC8EE59BDA
:10C910009693F3F71CE51EFF4FE96250E832FA27C1
:10C92000BC921244E1792A728FF10E697123565E2E
:10C93000AD1D937FCE35C724C2D5C49E415D1BE893
:10C94000071BC6D610EE1D8A9F8F305D0F6A6C6381
:10C950005880F9E0505458EAC912D4309EAC46725F
:10C960003FEE0519EFA15FC6E2A30ADDE97A62CBCB
:10C9700020B14E8A49291558335161892755400500
:10C98000BD812CD0A3D2ECE12013BE99EA0C254D39
:10C99000296E9E2F99EC9FC57B018872D2840584F5
:10C9A0006AF4A742BDE7B742592363E233C0461990
:10C9B0008ACD1E2C3E364456B537E3E73AC5AD84E2
:10C9C00076586C3B0A3480B9986746524E09320D4E
:10C9D00046FEDC8F2CA73A70D1301D86CF798E773A
:10C9E000D0371EEF5081D3DC58CA63F14309E6AD5E
:10C9F000F741E57B02E4BE845719BF8A9BEFB9C0BB
:10CA00008FE0D2B98C4672636B30F248FF3ECF7034
:10CA1000786BFF142E8F23277F58BC13E6D04681F6
:10CA20001271EA469025C73B18706A335585C59E3A
:10CA300016F108B4C5CCDEFAB580735FF0ECB0FF38
:10CA4000CA59B6C102FCFE3C5FCD8B6F613119E45F
:10CA500052AC8C4629B34C29A3FA5999AD6F129860
:10CA6000280BCA6538DA0BF3042067C0A96F2CBB0A
:10CA70005555E593E6CDC7E2DFA56A214BB03412E8
:10CA8000CC13A84082B4D2B52A2B398FD3057C921F
:10CA900060535968AF13CA24003EF7CC4696FDE4B4
:10CAA0002D26C2B5AA7C35709B60740A9417EC9051
:10CAB000B8ECF136EF04FB95CC0664F19110508B85
:10CAC000BC157BADAF5AA8170EB7EC065E4D1379B7
:10CAD000D5B4003291F4CA8198BF7080C091D6A8B5
:10CAE0003691B5546DD90C75C9BD1672D6F175E085
:10CAF000885465AB5AB5D7B1C55FBD7C77DFCDB67D
:10CB0000E5AB90B542B4D1BE4BF406340989977CAD
:10CB10005A33D4302A74329DED48B7104AAF91632E
:10CB200094BE10DA0DB382062DD8D94959EC97A8D6
:10CB3000C23A0712DFF199DAC88DB93981A4366C8F
:10CB40009D15A0ACC0793E646D020E5B469997536B
:10CB5000E6AAE5FB97BF1D3ADCBB613D12EB7D8782
:10CB60007BEDEB5F08EE967E67C3D67DC123D232A4
:10CB7000E5BCA2B0FD702F5A735D6034B4B56FCDC3
:10CB800094C0FEDEE3D5D8BAB3AD5A8092C6DFC1F9
:10CB9000EF2DFA23126F33720D3092CD01A7605939
:10CBA0004E0BD5CB0D504FBF667AC07E9972D439EB
:10CBB000D6F7D4BE7EB3DBB29CB2542F479693A176
:10CBC000582FEB7B56BD4EFA21A75BA73AD26F7C5C
:10CBD00001C22F2EAF0D1D011C92DE4628D06C968F
:10CBE0006EB5110C3AA41806B182411A38937071CF
:10CBF0007AD15321267C1B6D598EA15D4B2D63D5B7
:10CC00000763FC4C30747CE841E5FCAE5AD82CDD5F
:10CC100036DFE4255426B549BBC8FACF00A4DA189C
:10CC20006889B48CAC9F0428A5EDD3001F6F1BA3AB
:10CC3000A6C5640C5ACF392C3648388F095079EB89
:10CC40007BD25FB7BAF786ACEE3D212C3E217587CB
:10CC5000622DADEF615F2775D2A0C6E180416DE422
:10CC600028A87557F4352855137DE54AA9DE43C336
:10CC7000A5F605B2E2A5E647F7422967F48950FA1E
:10CC8000151A5BB9022E5FD151572823E8F8F6B781
:10CC90008D23FF0B07DC3C34F86DC27FA95535F4BA
:10CCA00015E81CEC1AD033C031E08AE37C8BACD79A
:10CCB00006D425179A920BA6B6255B0BDBBEB848A7
:10CCC0008B574F99C29A0BA7C4FFAEBEBA6C5503DF
:10CCD000F0E3D38EF4D32785AC6DCDB17DDA1B574D
:10CCE000B5C4F01AEB458ED814C8740A278F684F64
:10CCF00057FCB824B118B84C058EC42BB268D32A9F
:10CD0000BA91CCAE5028361FCEF5C7FCBFF6FF7CDB
:10CD10005EFC2344F6A409ACE95686CB07BE535B00
:10CD20005501DC96D5A86FD59650D6685BAC5E737E
:10CD3000BCFE4BBFA89FD93ED2DA114C50E6E64F5D
:10CD4000A191236D83C3B3E524C8CFA540EF73C180
:10CD500061A808EC7F0B210B7DE746810609FEA444
:10CD6000B0CB113DBD44A07907AFE717F3E46DC424
:10CD7000CFF2DA7E9AC736B371199A703F0DD0326E
:10CD8000D6A480B52576B6BEDD83CC069E68159BFD
:10CD90002AC93B1364B9140A76A0C2347E09DF0D98
:10CDA000639523A7FC2AF77981BD3343A00403BF11
:10CDB00090C766EACE363E1A19D17AC04DDED82524
:10CDC000BA3F17DCD90F35305C72C0CA69CB055841
:10CDD000417ED76754EE33926F6A9038DF77C0A3F5
:10CDE00081354A8E9C97FB42A4DE737380EE6E837E
:10CDF000F0A9B013E4D29EF8FD58EF6C92C7BAF5D3
:10CE0000CDD9429B608EF767BEF3335E8EFC51C670
:10CE10008A8CD4DBA391C05BA45C71B3669E662E42
:10CE20003B078384B57897C38AF0FBA1E11581BCE9
:10CE3000A1D55F8F8C7AE02DA5CDE6B56F30EE8C55
:10CE4000E5489C338044718052BE7132A4C042CA0E
:10CE5000815EDC4297DF202C14961AF600FE141D2A
:10CE60001B74EBED3C65612BB76F6439EFEC4DC281
:10CE70007ED06C9C52FA44CAE3945C131DF06B9F05
:10CE8000A82D774A39134F084E29632265A6A5C4F9
:10CE900089087E13263290AE9FB81F6C34D2D624F8
:10CEA0007A180ED0A164722A2A476E005D8A727FBA
:10CEB0002AECA94C36CA91797E059FF1DB0FDD90F3
:10CEC000C736E338DD58C82F9787EF43A8A1CE8C2B
:10CED00046879001344AE39D3C03B9257E72AF2D0D
:10CEE000863F1AF0A90E18048A9FCF3F59494E5920
:10CEF000B2FD313D89E8054661B37202450B16FE6D
:10CF000066FE41A07A92DC13D237D3C253C2F38EAD
:10CF1000C4B69B856D7C023F8F37F137F14F0ADB3A
:10CF20000C7B63DC01AB4E96909A45EE62EBF28B84
:10CF3000FD3A9357694D379ECFC4E291412CEE1BC9
:10CF400064B25E74D06D77664FE618AE3BA49BCC9E
:10CF50009C57D65923163B5BBDCA1D8A747712773E
:10CF6000BE920EEB7129AF2BC8F46CE4A12533E619
:10CF7000E7F019950732D261BE6C18D44DC0E23D7E
:10CF800083CEACFD0E35A73E735F761EB4BF7970BD
:10CF900002378DBB14D25D45DA9494368FB74A4080
:10CFA00063325EA999DCE4C4E22D83C9E569DC4201
:10CFB00049BFFE59873A58C001F6E2375D4EF88303
:10CFC0009E6382CB303133CF3F91DBEFA0CEE72B96
:10CFD000F75BCDDC148E9E132BF380D2D651C20F9B
:10CFE0004740D3B0200BB961E904FCFCDD4FE67C7F
:10CFF000E63C8B678F23291020DFA611C8FCD82BB5
:10D00000E85C7B79B26F4F30442C2A0B07B680A4C2
:10D01000BF6A214FEE059A3D7BC13E251C8BC53171
:10D02000AD75C20621C155075C9A3068F67CE97976
:10D0300014E079DEF1F5F9141729A135C89185FEC0
:10D04000D878C8D9E517D25B3E36ACD74CBCBE4DBC
:10D05000D2839E101E6893B2EDAF0874D65EC7B53A
:10D060006DE9AE7300053923790F52092CEF48683A
:10D0700027D9853DECC0412C7E3BB01538E55C07D7
:10D080003D85DCFC8BF1D00A0FB2B605B0F8D1407B
:10D090008D675F17A32D2FDBC8259D265F02CA1A57
:10D0A00044E6585D367883A21D89B3E5489E3FD596
:10D0B00060765D0AA57669B5C5FEF2F84941D7509C
:10D0C00073285E3690EE3219A07FF4321FABD1FD8B
:10D0D00017E5FE9E9FE030363F41E71B50959FEEDF
:10D0E00060CBE8AC8CCCB230C2273A585C1CA71B92
:10D0F000D18DC9793EE1CD18F7C27CC84F0CD0F96B
:10D100004C00E76BE664F84909BA40D5A69A434E4D
:10D11000DBBDB39939B1DBAEC87F11E6F554D09FC2
:10D120009F5A43DEDFED6D50712C875F4E075973B8
:10D1300042C20706223B069DD94BD13B1D682A32CD
:10D140005BBCB4A5DAFB6E133E484DD573C1A63F58
:10D150003A9830C5E03603D81EE4948E91A86C4608
:10D16000C289B850BC7217889E2347A6F45FB9E7FE
:10D17000E9276F79627AFE380A17C4F4FC84023A10
:10D1800048EE1AA4178D6C8FE9FF6CB001D64F6B77
:10D190004BCC0A201600D326477E6C31177405FA53
:10D1A000433FD7FE91DF6A216FFD54F9A36195C318
:10D1B00062E6283A33333EFFF5E5A09D83C6FE784C
:10D1C0003FDE03962E8476F527014447FA6210C5A8
:10D1D000DE01C66F6942FA037D9742FF86FBB1BE4E
:10D1E000AED035E42D233802777173E27589F3925E
:10D1F000E61690DB9920D16F9355E10F2872F2A4C7
:10D200009D4BEEC9AB7A3F58CB8433907A6ECCA25B
:10D21000F90DF061FB026424F8CD8636C6839BA22B
:10D22000E099BCB149E20622FF1C78B70956B7A9BC
:10D23000746D424B06E76D2D04EE1888F807505EBA
:10D2400077101B2FC7CF64C989CE40E4BD01EBDC4A
:10D25000779BC8E9CC1732DBC84CBFDC943797C446
:10D26000DA20A68758F5E4A4B62FA4877782DBF7E7
:10D2700085B4DB07AEC15431B9966B194FCE801F10
:10D280008969C65205CC217FEEE489418D792EF063
:10D29000E84064CBC0FC96129061F70AD57CC95671
:10D2A000CB8663F7EC5FAB999630F5CB106BBE4144
:10D2B0002971D7C0819664F7F3D999B55A2D55983D
:10D2C00022B17A4A62B209C5417FC74BCB62297449
:10D2D000F60FC18CA9ECB477420C79C937EDED108B
:10D2E000EB8D8DF7C42AC4926F9EE8219E0D3EF906
:10D2F0001201557E46F8941E38ABAC0FD790F7A1BB
:10D300005A7756EDBA163922CA1AB7C1830AFC7E7B
:10D3100075F9129E0A6F295CC21B04738FAFCAC0D5
:10D32000B3ADD7DE08FC0EE52DF8B632B63901EA0A
:10D33000D4419D4FC03236781C2272182A0D82A328
:10D34000C7B7C010ABA3F88E5FD4D5E489CDA3DAFC
:10D3500012E725CEB5D4DEDB9278DD088EB5800CE1
:10D36000A8BA5162EEE524C60AF69928D3335D9730
:10D37000831856C11B2458D4943BF63CD4B783CBB6
:10D38000817160F74289AC4824CC02176AF288A503
:10D3900081CF83D46B25EB3F79379A63CB709D3077
:10D3A00024B460634F2855805911644A80A67E5288
:10D3B0002756DE045C5D2BCB119F9C5CDE6D39C370
:10D3C0009F449F36397BD03AA291A755A6799C3DC0
:10D3D000BEA234909CB7429917002F0BC9571FC4A7
:10D3E000297D7264836C8CDF253CE1277D927191ED
:10D3F00076A5E65411D3E99C23F860C6E4F2C71C75
:10D40000BF699BEC06BD09D21604265E2747DC7275
:10D41000B7A50BB4805FC9F64B78023D71645B8E93
:10D4200088995B3372E7D90D9032BAD161F1A02EA1
:10D43000ACCA09921B4D16E87B9E8C8D522B730D46
:10D44000630B8536694241ABC7D2635F67ADB47A7F
:10D450004A9CD64A728B52AD7C5B428EA4C9B4F012
:10D460008CA3230025A0AEB592BC0940C6F61029B6
:10D470006FA9B440794B65C216AB2F567A6068D25B
:10D4800096291255F25AD341C7C980C513EBEFEB69
:10D490005006F757B28F066855DEEB13DE980B94F3
:10D4A000AECD6BCC6A2172135B12BC2049AC030178
:10D4B000B2FAB35E3912FD0BF213DAE2B9D41C24CE
:10D4C000BE7014C93422DFD863B91458CD7EDD0A8A
:10D4D000124DF42836F08FDD290F3EDDF263B76A76
:10D4E000F3A96E96B159A636C6B484EB0763BA4E5B
:10D4F0002C367B70B3128BCD627B6B31E81A5FCA1E
:10D5000029F352CA8FB3F6CE52EFBE28F5BBF7D936
:10D510007D512631BB4B95F85C94B1937D8AA5A5CE
:10D52000CF45A9D4EC2E26D1D985504AD708EC088E
:10D5300023AA34037E91565BDA89BC445EFF3DB278
:10D54000F0AB17EB4F19F5CD944BED3EDDB41374F2
:10D55000087DAB2B1B35117E22DF176C6FEA81F142
:10D56000CFCF43F664B7AD397B4D0EA3399BBDC613
:10D57000D583EEC8BE4DF15DD9B7E9E65904E08D1B
:10D5800075169E72B1F1566C4A2B408FA54EC93864
:10D590005F6985E0CF8BECA42D4D3336E397C9DD71
:10D5A000B21364AF42917BE4AD9F1CB924EF73804A
:10D5B000E6ADE4E2DDA0A7CA64EF4CB181E34EE33F
:10D5C0002EBB7423CC24DABC84B75F92D7EEE5E798
:10D5D0005DFEC861E02937362BAF4A6DC82E00FECC
:10D5E00069988D598DB4BBFCF22B66B29F49D24825
:10D5F0001E0DFAA901B4C2D3D21D79247D99924E91
:10D60000D9297785B2337B471E6983C800F28E879C
:10D61000726708C7BBED4063528EA47D114F43F182
:10D62000B40F9A30476EC5AD012E190EFF26BE9F6E
:10D6300046D6419D3B614E42F94E47C29904F7855B
:10D64000EC54C3DB63CD224D6D7714FB9119990621
:10D6500022D637174A4C961DDC7721DB5AC492EF4D
:10D660002E0E3B6F73A023CBF98C80CCB0924E630F
:10D67000BA1C6937E03312D2A2BCBFF8894FEE2939
:10D680009F041FC209F1B484785A022EACCE78DC14
:10D690007152626F02B7B4FD748588D34E49D9C503
:10D6A0004467DB8A4B4523C695B4A75E3D703615AB
:10D6B000205EF9A6BE5935CFC80D452C7285B8CF6E
:10D6C000F9D5AD94DB721BB917BC12C62878C93ADC
:10D6D00041D762AB8A9B1F2C709F5ABDC79115CC56
:10D6E000772F59A17CEFAF7AC92AC55FBE64D52FC9
:10D6F000BF0038C2E4342EF50C454E0C8C757FC546
:10D700008F759F92503158D012BAF6B8C5C2FFB08B
:10D71000BAA28749DB5F5D045ACCC0056C29AA4CCC
:10D720000458C6F717793ED5C4E032F6C7F2D0F8F0
:10D730003FF1647DF9BDBC423825E9C1C23825A559
:10D7400083CB16DC2D3AF7FE4AA2AB5557EE576E47
:10D75000AAEEE7BDA04D13BE25B013BEB3A703DDEF
:10D76000919142D7D88EB3E0A4E653ABC9BB4362D4
:10D77000CFDC2DE7AF41207171EA23D0DED462986F
:10D780003DB742BB79447761BA9CA9E41B95272435
:10D79000E401B7E284C46AC1255C3A9D2074AE5EA0
:10D7A000715B7595DE925639CA334AD4ABA34102F8
:10D7B000EF7B7D676184969EA16A32D2FD2033EDB6
:10D7C00016A7A8A7F7576A61D4FA6280BA58E7EE9D
:10D7D00002DDF2B813E2252CC14809843CE0CF58A1
:10D7E000B106B4680AE6525ACD6DFBABA45617E0F9
:10D7F000DDEE43FA13AB774AB7EA4FC75B7676E2C2
:10D800003480A638761792EC8EBDB3FA82304A5037
:10D810008BB47ADD58CAAAEA2A4D4BE47C5C72FFCD
:10D8200086BE8ACE523D8C089F94F45930464C5E99
:10D8300018EFF1BFC1E07EBA7B97E78FFEA2EBD570
:10D8400061DFAFD5BD8843F93303BFD9C68417E381
:10D85000B9F86AE79AF9E7A4EC8C04E73BC031D643
:10D860000C6482FA990B3D7842E5D897ECF587D3A2
:10D87000B63DBABD9EC5055BFC0B9D6DD21DC63D78
:10D88000198E4EDA89C3764AD5B5917A4FBA039983
:10D89000B8850ABD3E1862BBB62262D13B3B372F2A
:10D8A0009C3375191EEB9C7C03B45D3C8EB45D4BC0
:10D8B000EE83A9BAE68EFE8784B24C3DA8F4AFE0B1
:10D8C000939E4D9D347D3CC48467D1AAAE4DB40E69
:10D8D000D6DE3CE56EF5F343505A1F005C597A9052
:10D8E000F338F8A42D4BA746F30F22A70157884120
:10D8F00014B5265570DC26476EF90B428BA79C5C4D
:10D900003D172F5D9CD683EC4C007EC725FA29C5B8
:10D910002A4568CEFF431E796DF9A19059930056B0
:10D92000815B58C8C7D3685BF3E7C22B9E34E10C18
:10D930009FD962B76EF6DB2D69FC8A6DE9C289D585
:10D94000D92E7CCD9168774FB5932EB288344D7522
:10D9500095EA9D9DA79C4EA0F571A0B555A02115F7
:10D960005BB54D2382A725B698E4A7F5F8D6C36822
:10D970004AD2FD4ED1B7D029A28530A612C849059A
:10D980006A973845C609942EB12977D0C5D29CEB49
:10D990007E58ADEEB2A731DC1989BD17E6F5BDC5DD
:10D9A0001ADDB94F80A73235EA73AAAECDB489FB30
:10D9B00054C8E3960A7B66F76BC629399F6AB2940E
:10D9C0009CF3C2472DDB3D73B62D119AA2E265147C
:10D9D0001D65DED692215C10763A924EA71A4E76DD
:10D9E000A09CF86EC21C82E76DF2E6E1BBF416BAA9
:10D9F0009FB9B462ABA593A2576CF85040D6EE80A5
:10DA000089A3C0BE124B3366C7E718E0C50B78394F
:10DA1000B97AA567BCF02D5F8E7F7DCCE0AAE84186
:10DA2000C613925E5B2090535F5CA0837103DC2C75
:10DA3000DDE548D7C3B861A668D3C95B8BF9761119
:10DA4000CD07FED7420E1937C835C67E42916B53BB
:10DA5000596CA6FA71183B4F4A5333BCAD80F3C9D9
:10DA60008073A391370A93B76DCE2418BFDC63EFA0
:10DA70003C65276D185CEF86C89C28F9299EB60284
:10DA80009EB6668838B9A2D33EDA10F80466E1A7DC
:10DA90009A5180131FE0C4ED89E1C00638209697A3
:10DAA000813F29313B6398887D676A974CACAE0C07
:10DAB000D1979C0D75A716E3F17FB217394605087B
:10DAC0004EBF5F7D464A3CFE99946EC453BF6E02C2
:10DAD000C8DB555DCCD4AB5C3708B7978D3C730E73
:10DAE0004A5B3AD5EA77A4A982F205040593560564
:10DAF00093D60DDB01936702A48F3DB3FF1E7A4BD3
:10DB0000D2A3435D98DEE4C8F3D3DC3FA40CADAFF1
:10DB1000E970972FF95F6D3B857D61467B93C43C2F
:10DB20000218F2EDEBD2B27B5C47C34C726F5B869E
:10DB30002BC1B5935FC8FF35446830A92352F1EA81
:10DB4000BC6F56AFF61CF48CB58FEAF12D5E5DA963
:10DB50000910897E60802667F4154391732D6872E1
:10DB6000EA8573207D9F9F53AF19EB2721C2A960DF
:10DB7000675E7B4EF996028630533C147973E06AF7
:10DB800095EADC1EB03B5A079E983314D937D0C0B3
:10DB9000249E3B075C9B26AA93BB044B8F7761A214
:10DBA000DFD9A35FE8ECD9B7B08B9F025C560D526A
:10DBB00039ABE520E84E2C7DB0D252ABB2260649F7
:10DBC0000F0FCDD9FB8BBE8622DB0648E98446DFEA
:10DBD0009C3DB3BB2914DEEAFB3335E1DC596925F2
:10DBE000580CDF35A20920AB74DAAED9CA2CA0419B
:10DBF000861EEEF55D95122431644DBA50B555D7A9
:10DC0000AFE936838CA8DEC0743D447F0A6DA5352C
:10DC1000CEE016032E2D6BF0D5F582DCF4ACE39F3D
:10DC2000E745F5E873A1D5336B4E74EBF494984C4B
:10DC3000533D626A13B484C4277D4DBDF6ABD82032
:10DC400003D2059901EE1A4DAFEF373B1D0F048B40
:10DC5000E87352C69C31E74234758E6828CEA1170E
:10DC6000214456F56B877808916F38CE1832418879
:10DC700086D0D4A17F51D439B25773D5D07E08A9AC
:10DC80002054307417BDBEB7ECF56F35B116DE18F1
:10DC90007A51136BA17188D7C45A7875C8A489B515
:10DCA000F0D2D0BFD4B1169E1FDAAF5EDF9BFF3A31
:10DCB00069E3A9A19CD057ABBF90DAF7E13A051B05
:10DCC0005ACB9A7AE196FE87A2F565B32E7BC837C8
:10DCD00047BBDC69B0DE67E21EBBA911C6342E4823
:10DCE00062283FEB02F14BC59DA5A00564C6D2A2F8
:10DCF0009FDEC491D77EF48069ABB63FA19B4857A5
:10DD00000B606E3B39D501CCDDC4CD27B7C8AFFE63
:10DD100028B44BC3FA4116FB34057BFCB484B753DB
:10DD2000614CEDF1577466E479435411608B2278AD
:10DD30005A209C963280EF59E3671D28FBB9AEC488
:10DD40004464DAE2D0116C32D542BD67AF40B9F617
:10DD5000F24BE07709FFEB508A4827C75A7DB86C31
:10DD60008B9F8256613EE32D4AAB5F29BC7B7235A7
:10DD7000DD559A122412AF07A5BD0DBE77F695B4F6
:10DD800019F1B4193F492BB1FC9772962BE57E79B6
:10DD9000764BEC3B90C2F41922C5F5D8FEB3B88B94
:10DDA000BCF5D3CDD3951B95BBD8C724AD5B5B7EAB
:10DDB000AAE3098B769EB69CE80843914609B47E97
:10DDC00037A4A5E95B0700DE8F7F8B589FD84F9162
:10DDD000B684C5C8F839C4493BE49D5D41397D1F0F
:10DDE000CACFF0EB386CB5351F9704736270BC7BFB
:10DDF0008F6306FCDEB4B254D4E39B96DDB45AF1D3
:10DE00006F5DBABAA98F999F2E0424BE3020DD9C85
:10DE10008A26D15D8BE8C3D19EEEBFF82DA2464580
:10DE20008B1ADAD95946EFDEB29D3FB3C529DAE93C
:10DE300084CAB4AD44C77157BA7A18582F26D21F76
:10DE4000F24CCFBE45C892C01FE9F5AD4910DC4287
:10DE5000A27FBD45B6F8A46585B6561DF4FC5150A9
:10DE6000E3CE5C59DA83A6642ECB5CADF8B766AD21
:10DE70007E1BD6CB3B40BF1888EB48641CB17B8C23
:10DE80003757458422E1828AE19E6E4A3A1793858C
:10DE9000153DBE4A729EBA405E039A7E111FDBB1E9
:10DEA000889F45861976A478153D33A8ECBAAB4710
:10DEB0009ECB57A79D1BCE2B4648BC2A8AF2AEBFED
:10DEC000C09A8C63C85BED8ACBEBD795D8BBE36D6A
:10DED000DCA31E756E853A3D5EFE6C479A652F7019
:10DEE0009265A5B3718268D7CC62F4506B56A21CC0
:10DEF000192947E235CE024E817E87C90AA4F7640C
:10DF0000CCB66AD20323453639D18F4CE41DE145A6
:10DF1000CD1C3FD16F5F517C3B5EA1F83E4C5E6AE9
:10DF20005D1A7A4DBD4E509DDB2D2D4B357299F605
:10DF3000C148B73C4D78ADE99990977F2344D63BD3
:10DF40005B33FD145ECB1431513AF778877A215355
:10DF50004F572393AAFE6DFE780742B1F344D67162
:10DF6000BC4397E2AC26EB72698D72CA980229E62F
:10DF7000133C39871E8A4C83F440075358E7C0C1CD
:10DF80001382AE25634C6C878BF664F227C0F63E95
:10DF9000C19FF0A4B9367AE8CA3A478EDF59435791
:10DFA00012CE1BD11ADBCBFD4A2869ACF2A48D49F5
:10DFB00015F657A5B9BEAA42464DBBE59EA216B2BC
:10DFC000673214E91A4079DF5F286E25B7F6C8FB7F
:10DFD000F493C2090F2E39C93B95169DF1169D95F4
:10DFE00080AB2A7A456C0678AFDC8BF843CDB52D33
:10DFF000E41B032A2E43796596C7795BF7D7FCAB00
:10E00000264DC24BF757D539A83346E5AD7C0CD326
:10E01000C3F7F0196E04379ADBC3558836ED56E521
:10E02000D4F615EEAC94D7406E056A83A5CAA9CB89
:10E0300073B2B171BBD222D9DF39DBA14B7DA94BC1
:10E0400095B0C0505796E7AFE38E85EDC959E78B81
:10E0500038A223926FD93BC1ED72F405F7D7D88B64
:10E06000ECD3F757D9A7410DA07CACFFC7E46D44B2
:10E07000FB70B49D26BDBD1FB2714BB868C41BDDDB
:10E080005FB3D4F53BD7FEAADFBA4221B059153AA7
:10E09000D151C604744A237B76BA221AA8C5D49FEC
:10E0A000FA19AD9CD5E46C95AA39C13B6A481AA10E
:10E0B00097CE1CA314FF16D009FA257432B76470EA
:10E0C000F325A624413979C9E0FA430A6E8BFE0B89
:10E0D0006E815A57BF35BCF74EE865F118C63C5FF4
:10E0E000F52FCF7FD22BED17F48AF3C0CCFFC203FC
:10E0F0003FA198F276D042BEC49212A7DBE416F29A
:10E100001D08BD423542B3315E42375C54E7D85FEB
:10E11000C59CF9D263E49819E43D79EC06C5F7A1F2
:10E1200018DD92B89DDC93846E3A825134FE30F74C
:10E13000524D45CB5C8562FB8062E4359F6D9862F1
:10E140009A9986035D6ACD13A0838CE6EC57659D92
:10E150005785EDF48D126305EBD4FA749C5A40ABED
:10E16000E9315AFDBBD7C7644279AEECFC69D2CB2A
:10E17000C7A17C6E26D06B4FFFFE9A12D7AF805E90
:10E18000D7BABE09C5F03C3A7852A86FDC54B3BD8B
:10E190009129A9378C08A4F12705C2BD273D06D7D0
:10E1A000260F55B9F727B8C096E1EF8391BBF71B4F
:10E1B00005B5E7154702B7C153EC7F50F8BDA1D9AB
:10E1C000C17009A733B802E8A9BA7FBFC7EADA0F5E
:10E1D000F6DFD2ACFD602948AD89E733B842C8F913
:10E1E00075FFEB595F0A33399B2B1A99DF0F947235
:10E1F00075856275E642EC1BA0C726A1CE1181F69B
:10E20000198EB40B50F2D3A1ED84D3A4CCD5FDD597
:10E21000D02EB12B41A78696C9571292CE1772788D
:10E22000573492DF8F9F6C175ECF9AC94D81B6CD60
:10E230004ADB1D21522B1BC25F037FEA5C28E76487
:10E240002555BF39CE8DAA94B779AA92AED2B7B26E
:10E2500060D7AB14E9B051D8D8B21124C2467E4978
:10E26000B6A332D34BA406C1C14921C6654C94BCA8
:10E270005425B6683414E30932170947BC28BCD8C2
:10E28000B85F781EE6FE7E7E61F6FECA91B5660F27
:10E29000E1A4AF84FD955F796227CEC3FF9741D398
:10E2A0003E45E1C58FFB51DEBF2EC45E8D127D71F0
:10E2B000785E07A4EC9DC33C42DEBB8CE496371627
:10E2C0007053142E2995698E6F2955EABF06F5C340
:10E2D0008158ABB5598A56F908B96F4E07F04E23ED
:10E2E000F7DE6C5C4FF8E07BC3581769E9B3506CFC
:10E2F000CC272B535CA87EA382050CE327EF1C08D8
:10E30000678E8A9F83BD24BC042321E3A8F62CC911
:10E31000AEAA1CE33D1BC7C25742F5BFC7A2F0F52A
:10E32000F048046524847B2545D6AA80B7F4CD0443
:10E330009FF75CC1E7C6CAEC5ADA13C3E626059B11
:10E34000BFED27AFF863D8FC9F8EFFC7A17F8F7FFB
:10E35000D2FFCBF123D1D05221FA9C8B6BBCB38975
:10E360008FCC8BAB0D9594F9023F1CBFC0C7CE4933
:10E37000A04C75FCDCA439CB8DABC9ED923F342C9D
:10E38000E61FAC1AC10D46CE4589DD7EAA8329223F
:10E39000FB1CA73AD4D34E7520D78BFC375572E4BB
:10E3A000EFB295A3B8531DAC85094FC549E5B9CB6C
:10E3B0007D1602EB8E3E6C69E775E5F49DE8D1B5FC
:10E3C000027EB44920F7A9356E81FBB883993614D3
:10E3D00079B14FDDE08D9FA76E013D6007B83B6FBF
:10E3E000452CE8463519CE4015D90B27E7396EC1C3
:10E3F000C96F1736F11F0A27F90490816E0F5DB5BA
:10E40000DDE3AC4A106805767DF3EE8634133E30CA
:10E4100014F10D3D2D55181D6E54E00A90F7CEBE37
:10E42000058665F6F2AC9569CAEE601A8F7248B936
:10E430001D52857D28B26C28F69F21C88DB6ECCA86
:10E440009B2B9FAADC7FE506229ECA4E3C29F98CB5
:10E45000E4266277B0EA8DC9EE252B1D3D3EC792BA
:10E460006593CA97AE24AF6A693AF622B9A0DCEA8E
:10E47000AEBBF21F570CC2C66E760B326F8CFF9785
:10E480001562050F850C1ECB5CCB1C872853864A72
:10E4900083C71CF70D2B94946AC32AC55F9EB58A67
:10E4A000D8BCD95350AF8F97230F5E09F9AE84EED5
:10E4B000BD12FAFD95D0ED57422BAF846E93D31B5E
:10E4C00062F7EB1E3F3ABCE7898AB15DB98B89E4FC
:10E4D00071BBBDE4FFCE90FD4524E6F70F451E92CB
:10E4E0008622CDCA8BDAA1C8C863B17DC364E5BDFD
:10E4F00038A60CCB0CAB15FFD6C4F2ACD575CAEE62
:10E50000561D4FB8658A796F15C1DD852A64DE5BBB
:10E51000B9A4FA02BF84C7E62595644733F61E9C6A
:10E520007CAF104A3AD8E614CF1921C17EBEE97DEE
:10E5300067BD26A55213D7B486225E69F8246CAC59
:10E54000DBE0A98A63E6749381ECA6D90C9E259E34
:10E55000C5306B96786EAA5CE231D454117A5619A4
:10E560006AA8B8BFA46671D5929A9BC00DD39AC011
:10E570000AFEAD86D509E57AC1DEE3F3EAF98C350A
:10E58000A8C7EE6DE845EBC7FA4137B365DC96796D
:10E59000DB42B01ED1BA853C12EF6F89C30A382A1C
:10E5A000715F536E58764D79458FBD34859C93903D
:10E5B0007183BF5333706EAF40F64CF7F285EEBDFA
:10E5C00042AA98484583990216FB7026BF3776A267
:10E5D00052484AEEA207CE2D5943EA2DB92DCFBDA0
:10E5E00064CDA35033BF7C89D2966FAD81CF2D5FB0
:10E5F000282C6606CE99DC50160F9CB3949F943657
:10E600001B95DC2A523F15D2C695EFE569F349E91F
:10E61000612339833929ED36664169F23F78B2DCEE
:10E62000A66056798A40FE5B4F76D07E894E35F0E3
:10E63000A3CAD3041AEC4ADADA1F4C00D81C22050C
:10E640005082F50330B205FDC161BE5DB25AF141A1
:10E65000DFF7CE869A6BBF0CC5C7CD203D193B9B1B
:10E6600069A7F4369483766F2926744B59163B1BA1
:10E67000223C537A22B95453CE362FF4D0CA972471
:10E680002D8D2AE835A1713E7037E19AC148670B9C
:10E69000BA06DBCF2E01BD235E8E8A97AB837281D3
:10E6A0002BE53EF98F72CC707B2063E77B86CB9D98
:10E6B000F88F72EC707B502E70A5DCA1FF28A71F8D
:10E6C0006EAF06DAAB192EB7F74AB9516E7DF3CDAE
:10E6D0001EA6A776ED92CAFD6AE65C5A791D940CD7
:10E6E00040491E62FAF2B415506FC59ED92688259E
:10E6F00096D7412C00B17FA99873DAF2B49590B700
:10E7000072CFECFD100348201658497AD0430F1EF3
:10E71000C247F13E32E37DDCE75852590565814638
:10E72000ABA0E6AA3DB32D2AA547880520D6CE305A
:10E73000E792CBD35643DEEA3DB39F63941E211686
:10E74000805815C4D8F2B43590B706EA314A8F1014
:10E750000BAC19EED176654C6C33399DADEA8B8DDF
:10E7600035A765E0C6E1B4C5F134430BB1ADC8D9F6
:10E77000C1D543B194941684D4267283673032ADE8
:10E780004F6DD218072353C067C19F04BE16FC7C8F
:10E79000F075E0E7823F1A7C13F879E08FE9D398AF
:10E7A000B2C1CFEC4B34E5823F52E925D1341EC2D1
:10E7B000C92DE47E891C193D84C4246930B2B06F30
:10E7C0003032230AFDF593EF82C7EEA734BF45BE72
:10E7D00071A62ACFE47091DE7AA203A590FFCB2028
:10E7E00091B7CC7E329E040E73191C12B547C93DF9
:10E7F000161D890943917D6F2E52FE8F846A5E1A21
:10E8000037B191A45246F2655E7DAB91235F8C21B6
:10E810006563251F7913F96365F10CCAB513741C80
:10E820006454B5D3B52912AED8EFC0818C2C7D2BA2
:10E83000B65D52DE93EF6F7CDF30BA16BB188E0EDA
:10E84000CBD73CEC302A6796DA76556DAB830963FB
:10E85000A63798D8C5A83EC97831F6B67BC3480913
:10E86000EF1825E1EFC5B2DE4088E8D21CB46A2576
:10E87000DF6F45057D3082356B6F9B5CB976D99D26
:10E880005ECFCA35774C2E9D3F69C122F72D8B0B89
:10E890006D2E806FE1A2EB8A0AB959B366C5435366
:10E8A0006DB5C3A1C22BA1A9D3172F265F8933163B
:10E8B000C1C2568AB07E09A2F537218D7E8AF29EAA
:10E8C0003EB00AB1690C4217C0CF04FF6BF04DE0B7
:10E8D000FF00BEFDF9AFC3CB845D6A54BAFF9B4B0A
:10E8E000CB3D8F6AA0BCA37299D1597AFDDC5B2B1A
:10E8F000AB971B3DAB972DAF9D1CFB98F1BF7F9451
:10E90000BF5566C43616203609DC6B106E01F74E13
:10E910000E62EF077F07B80DE0B6827B10DC97161A
:10E92000C4EE22FE2488837B0EC2CD96D8FF329B94
:10E93000340BE0027723B85270D7819B012E175C0D
:10E940000AB8CA59B172ABEC88BD09DC63E0368005
:10E95000DB01EE6E70CBC1DD00EE397BAC1C8EC3EB
:10E96000576D432891DCEB9B17BB57550A389E4FD8
:10E97000708C721D15A50B5CB9931CF350EEC2B2DE
:10E9800005734BE7E5125E88D7DBEA406C2F383B16
:10E990002C810D0B90F1F802720813FBA3E3FE0C1F
:10E9A00067AC2F3DC1EF02E5FF925DE997EC0D6189
:10E9B0004CA15F5D0F63B90EB11DE03E06E784BC5C
:10E9C00017001E2DE5441446C70BB540044C4150BA
:10E9D0009583F4589583116672284A95A34658A3E7
:10E9E000DA48B348D63218513AA8A8516190ACE041
:10E9F0006D201E4A0527425BA9580F3D21BB36B545
:10EA0000F437D0284503100CAD65E22344B62985C0
:10EA10004553A74DBFBA7846A9C3E92AE3621FA4AC
:10EA2000FE855320A77EE210DAE1426CD96CC486E1
:10EA300067C7F0F0358C893852B2077CC2057688FA
:10EA4000A848E1C7D17FFCADAAF4AC469E652B97E0
:10EA500043781FF21590B457E06F3E423932F9B651
:10EA6000C65D244387F03E1D1ACEF341E690AC44C8
:10EA7000EFDAF293B6481EF165F93FFBF9BF9DA7A7
:10EA8000FB051F0CFFFD2A6338A489A1D8918C8651
:10EA90000A303A0D2426CD90BB2F313CB1C31E2C39
:10EAA000A3E0BC3FFF7F7E3FFD5B1CFB7F77FFBF8A
:10EAB000FEC9BFF8FB5F00001496030892540000E3
:10EAC0004072000075E194FF2496030803000400DF
:10EAD000050006000700080009000A000B000D00F1
:10EAE0000F001100130017001B001F0023002B0054
:10EAF00033003B0043005300630073008300A30016
:10EB0000C300E3000201000000000000000000005C
:10EB100001010101020202020303030304040404CD
:10EB20000505050500000000101112000807090680
:10EB30000A050B040C030D020E010F000100020078
:10EB4000030004000500070009000D001100190072
:10EB500021003100410061008100C10001018101FB
:10EB600001020103010401060108010C0110011852
:10EB7000012001300140016000000000010102029B
:10EB800003030404050506060707080809090A0A1D
:10EB90000B0B0C0C0D0D0000426F6F74696E67203B
:10EBA00025752F25750A000048696768204C617437
:10EBB000656E637920257300982F8A4291443771DE
:10EBC000CFFBC0B5A5DBB5E95BC25639F111F159F0
:10EBD000A4823F92D55E1CAB98AA07D8015B831232
:10EBE000BE853124C37D0C55745DBE72FEB1DE80DE
:10EBF000A706DC9B74F19BC1C1699BE48647BEEF0D
:10EC0000C69DC10FCCA10C246F2CE92DAA84744A97
:10EC1000DCA9B05CDA88F97652513E986DC631A80D
:10EC2000C82703B0C77F59BFF30BE0C64791A7D5EC
:10EC30005163CA0667292914850AB72738211B2E74
:10EC4000FC6D2C4D130D385354730A65BB0A6A765C
:10EC50002EC9C281852C7292A1E8BFA24B661AA868
:10EC6000708B4BC2A3516CC719E892D1240699D678
:10EC700085350EF470A06A1016C1A419086C371EF1
:10EC80004C774827B5BCB034B30C1C394AAAD84ECF
:10EC90004FCA9C5BF36F2E68EE828F746F63A5780A
:10ECA0001478C8840802C78CFAFFBE90EB6C50A49D
:10ECB000F7A3F9BEF27871C600000000320909001E
:10ECC00000000000010000007C1F1F000000000089
:10ECD00002000000890C0C0000000000040000008D
:10ECE000ED0E0E030C0D000005000000D91C1C01E8
:10ECF00000000000060000006803030000000000A0
:10ED00000700000077202000000000000B0000003A
:10ED1000590606010400000014000000D614140374
:10ED200002030000150000009F0202030001000022
:10ED300016000000DC191900000000001700000098
:10ED4000A81717030405000018000000181E34005F
:10ED500000000000190000001765650000000000B9
:10ED60001A000000AA161800000000001B00000096
:10ED7000901A1D00000000001C000000431010004D
:10ED8000000000001D000000730E100000000000D5
:10ED90001E000000271C1C00000000001F000000D7
:10EDA000F62030000000000020000000B91C1C000C
:10EDB0000000000021000000681C1C000000000092
:10EDC00022000000ED1616000000000023000000E5
:10EDD000F41616000000000024000000DE152500D7
:10EDE0000000000025000000D40607030405000011
:10EDF00026000000090607030405000027000000A4
:10EE0000FE2526032021000028000000E60405035B
:10EE100002030000290000001C0404030203000098
:10EE20002A0000001C020600000000002B00000069
:10EE300084020303000100002C000000DD04050330
:10EE4000020300002D000000E8020303000100009F
:10EE50002E0000000B020200000000002F00000046
:10EE6000990304030001000030000000290D150182
:10EE70000C00000031000000270C1400000000000E
:10EE8000320000004E25250312130000330000005D
:10EE9000C40405030203000035000000030505005B
:10EEA00000000000360000000F1B1B0318190000B3
:10EEB0003700000003191900000000003D000000A9
:10EEC000A7484800000000003E000000B71A1A00E2
:10EED000000000003F00000077B5B5000000000012
:10EEE00040000000BFE1E100000000004100000020
:10EEF000762A2A0000000000420000009406060363
:10EF0000020300004300000015040400000000009C
:10EF100045000000F30B1E010A000000460000003F
:10EF20007C1226031011000049000000262526034C
:10EF3000202100004A00000014141400000000000A
:10EF40004B0000009E2323031E1F00004C00000006
:10EF5000982121031E1F00004D0000008F030A03AB
:10EF600008090000510000006A16160000000000A9
:10EF70005200000031272703242500005300000021
:10EF80001625250000000000540000008F353503D1
:10EF900032330000550000008C33330000000000C5
:10EFA00056000000053535033233000057000000DD
:10EFB000963333000000000059000000E71C1C00DD
:10EFC000000000005A000000B738380000000000C0
:10EFD0005B0000003F2A2A00000000005C000000E7
:10EFE00036212100000000005D0000002F5151007B
:10EFF0000000000064000000AF1A220000000000C2
:10F00000650000006620750000000000660000003A
:10F010009E2075000000000067000000D014390039
:10F0200000000000680000003820740000000000AC
:10F03000690000005D3E3F00000000006A00000023
:10F040008A2C2C00000000006B0000006C40410086
:10F05000000000006C00000020545C000000000074
:10F060006D000000B9090900000000006E000000FA
:10F0700054FEFE03010200006F0000002210100089
:10F080000000000070000000AE0C0C00000000004A
:10F09000710000007C2427000000000072000000C6
:10F0A000ED2C2C0000000000730000000440400024
:10F0B00000000000740000004C1618000000000062
:10F0C00075000000800606030405000076000000BD
:10F0D000380E0E000000000077000000740C0C03D6
:10F0E0000A0B00007800000086616100000000004B
:10F0F00079000000ED020203000100007A00000028
:10F10000CB020203000100007B000000FA717103D2
:10F11000000100007C0000005723390000000000BF
:10F120007D000000CB060600000000007E0000000D
:10F13000DC4F4F00000000007F0000001923230077
:10F140000000000080000000E22323000000000017
:10F15000810000002E161800000000008200000050
:10F160001D0D0D000000000083000000DFFFFF0008
:10F170000000000084000000550E27000000000081
:10F18000850000000612120000000000860000004A
:10F19000E52B2B000000000087000000CB080800D2
:10F1A00000000000880000000116160000000000AA
:10F1B00089000000C30E1000000000008A0000005B
:10F1C0006D247800000000008B000000A82B2B03AA
:10F1D000292A00008C000000B52929000000000049
:10F1E0008D0000002F202000000000008E00000095
:10F1F00048F3F300000000008F000000830E1000B1
:10F2000000000000900000007F5D5D000000000035
:10F21000920000006764640000000000930000009A
:10F220009A2436000000000094000000B23C4E001A
:10F230000000000095000000C81E3C000000000017
:10F2400096000000862A2A000000000097000000B7
:10F25000DB0808030607000098000000D00408003F
:10F260000000000099000000BC0C0C000000000031
:10F270009A000000540F0F03060700009B000000D7
:10F28000160D0D03040500009C0000001306060384
:10F29000000100009D000000150F0F030C0D000081
:10F2A0009E000000860E0F030C0D0000A000000061
:10F2B0004E0C0C0308090000A100000044030303E6
:10F2C00000010000A2000000BD08090000000000CD
:10F2D000A30000007F1C1C0000000000A400000030
:10F2E0009A2C2C0000000000A5000000150303006C
:10F2F00000000000A6000000150909000000000041
:10F30000A70000009016160000000000A8000000F2
:10F31000010C0C0000000000A9000000EA1212001D
:10F3200000000000AA0000004922220000000000A6
:10F33000AB000000B542420000000000AC0000003D
:10F340001662620000000000AD00000053080800D3
:10F3500000000000AE000000A730300000000000F8
:10F36000AF0000008A1313030E0F0000B00000006E
:10F37000EA03030300010000B1000000F0141400D0
:10F3800000000000B20000002F181800000000006C
:10F39000B3000000BD1D1D011A000000B4000000F4
:10F3A000342D2F012A000000B5000000AE04040037
:10F3B00000000000B6000000E52828000000000062
:10F3C000B70000005502020300010000B800000071
:10F3D0009FCECE0304050000B9000000BA07070362
:10F3E00004050000BA000000481D1D0300010000D4
:10F3F000BF0000005C1B1B0000000000C0000000FC
:10F40000242C360000000000C100000047161A003E
:10F4100000000000C200000062192100000000008E
:10F42000C30000007825250000000000C80000008F
:10F43000862A2A0328290000C9000000CD0E0E03E9
:10F440000C0D0000D6000000450808030607000068
:10F45000D70000006503030000000000D800000092
:10F460003203030300010000D9000000CA060600B1
:10F4700000000000DA00000011070703000100008F
:10F48000DB000000A202020000000000DC0000001F
:10F490002220200000000000DD000000472A2A0092
:10F4A00000000000DE0000000F0303000000000069
:10F4B000DF000000772F2F032A2B0000E000000060
:10F4C000662D2D032A2B0000E1000000D0414900E9
:10F4D00000000000E2000000CF080800000000006B
:10F4E000E6000000A32A2A0000000000E700000058
:10F4F0006928280000000000E8000000973F410054
:10F5000000000000E900000023B6B6000000000083
:10F51000EA0000009628280000000000EB00000030
:10F52000B32A2A0000000000F10000005A20200049
:10F5300000000000F200000068343C000000000001
:10F54000F300000055353D0134000000F4000000D8
:10F550005F06060000000000F500000082020200C5
:10F5600000000000F6000000B826260000000000A1
:10F57000F70000005113130000000000F800000025
:10F5800008FEFE0303040000F9000000CC24240060
:10F5900000000000FA000000311E1E000000000004
:10F5A000FB000000AA12120000000000FC00000096
:10F5B0002C12120000000000FD0000005333360042
:10F5C00000000000FE0000002E09090000000000FD
:10F5D00000010000472A2A03080900000101000079
:10F5E000830909000000000002010000BB20E803BD
:10F5F00000010000030100005CEBEC0000000000D3
:10F600000401000092050D0000000000050100004B
:10F61000B31B3C0000000000060100000C121600A5
:10F62000000000000701000085FFFF00000000004F
:10F6300008010000311C1C0000000000090100004E
:10F640001A101400000000000A010000C1FFFF03AF
:10F65000020300000B01000023FFFF030203000070
:10F660000C0100000E040403020300000D01000061
:10F670006DD5D600000000000E0100003B13130002
:10F68000000000000F0100001634340000000000EC
:10F69000130100007E1F1F00000000001401000085
:10F6A0001231310000000000150100003E1E1E0056
:10F6B00000000000180100004621210000000000A9
:10F6C00019010000300D0D00000000001A010000BB
:10F6D0007B232303202100001B0100004A9091009E
:10F6E000000000001C010000632020031E1F00001A
:10F6F0001D01000089283103262700001E0100009B
:10F70000D2353903323300001F01000001171703FF
:10F710001415000020010000141717031415000031
:10F7200027010000EA0C0C00000000002B01000083
:10F7300013606000000000002D010000F33A3A0061
:10F7400000000000360100001C1111000000000044
:10F75000370100005F7474000000000040010000E9
:10F76000F3141403020300004101000058020203D5
:10F770000001000042010000F39595000000000028
:10F78000430100004E939303000100004401000078
:10F7900084929200000000004A010000179EA7001A
:10F7A000000000004B0100005BE6E90000000000E3
:10F7B0004C010000ECEFEF00000000004D010000E4
:10F7C000E76D6D00000000004F010000E118180017
:10F7D0000000000053010000C70505000000000004
:10F7E0005401000063464600000000005E01000076
:10F7F000E814FC0000000000720100004B576D008F
:10F800000000000075010000752A2A0000000000B9
:10F8100077010000FB8C8C000000000078010000E4
:10F82000C7080800000000008101000093858503DF
:10F830000203000082010000841010030405000090
:10F84000830100000448480304050000840100000F
:10F850000825250320210000A40100001409490304
:10F8600006070000B9010000A91111000000000006
:10F87000421F0000DA10100000000000431F0000CB
:10F88000E729290000000000441F0000AC6262006C
:10F8900000000000451F0000FB26260000000000BD
:10F8A000461F0000610E0E0000000000471F000010
:10F8B0004020200000000000481F0000EA21210035
:10F8C00000000000491F0000901010000000000020
:10F8D0004A1F00009B292900000000004B1F000068
:10F8E00014666600000000004C1F00003610100077
:10F8F000000000004D1F0000DE2E2E000000000062
:10F900004E1F0000C80E0E00000000004F1F000038
:10F910001718180000000000501F00009512120078
:10F920000000000028230000718989000000000009
:10F930002D23000075222200000000001127000086
:10F94000D11414000000000012270000BA29290079
:10F950000000000013270000040101000000000067
:10F960001427000085090900000000001527000089
:10F97000670909000000000016270000C104040008
:10F9800000000000172700004711110000000000D0
:10F9900018270000F00E0E0000000000A72700004E
:10F9A000C355550000000000F82A000086333403D8
:10F9B00004050000F92A00000F87880000000000FD
:10F9C000FA2A0000EAB3B40304050000FB2A000091
:10F9D0004005050000000000FC2A00000BE8E803D9
:10F9E00008090000FD2A00005DE6E60000000000B6
:10F9F000022B00002E31310000000000032B00001C
:10FA00006A2C2C00000000000C2B0000CD10100010
:10FA100000000000162B0000902C2C0000000000BD
:10FA2000172B0000852C2C0000000000182B000074
:10FA3000552C2C0000000000192B0000C3252503C5
:10FA4000101100001A2B00004F05050000000000F7
:10FA50001B2B000080080803040500001C2B00007D
:10FA6000B1222200000000001D2B0000821C1C009F
:10FA7000000000001E2B00002F26260000000000C2
:10FA80001F2B00008E09090000000000202B000041
:10FA9000842C2C0000000000212B0000D02C2C0016
:10FAA00000000000222B0000C92C2C0000000000E8
:10FAB000232B0000C12C2C0000000000242B000090
:10FAC000BD2C2C000000000064320000722C2C03BE
:10FAD0000001000065320000FE3B3B031E1F0000DA
:10FAE000663200008C3535030405000067320000E3
:10FAF000F92E2E0300010000683200004D36360357
:10FB00001C1D000069320000312B2B030001000096
:10FB1000733200005EF9F903000100007632000044
:10FB20008B3333000000000077320000071212030D
:10FB300010110000783200001405050000000000DC
:10FB40006842000067B3B30000000000FE420000FE
:10FB50001A21210000000000FF42000048101000A0
:10FB6000000000000143000013111100000000001C
:10FB7000024300005911110000000000034300007F
:10FB80001B0A0A0000000000044300000E5B5B003B
:10FB90000000000005430000BB54540000000000BA
:10FBA000064300006A1818000000000010A40000BE
:10FBB000E30101000000000011A40000EF2E2E0060
:10FBC0000000000051C30000F620200000000000EB
:10FBD00052C30000B5F6F6000000000053C3000059
:10FBE0003E1313000000000054C30000F00A0A0393
:10FBF0000809000055C3000098060603040500002C
:10FC000020CB00000D6464000000000021CB000048
:10FC1000EF0101000000000061EA0000BA2A2A0397
:10FC20002829000062EA0000452020031E1F000072
:10FC30006AEA0000D0212100000000006BEA000009
:10FC4000B7070700000000006CEA000063242403EB
:10FC5000202100006DEA000081181803141500002F
:10FC60006EEA000086080803040500006FEA000041
:10FC70004E1616030001000074EA0000CA040400D6
:10FC80000000000079EA0000140A0A0308090000D5
:10FC900092EA0000DC0E0E000000000093EA000073
:10FCA000F51818000000000094EA0000652C2C00F4
:10FCB0000000000095EA00002D060600000000008C
:10FCC000506172616D2077726974652064656E6938
:10FCD00065642028257329004552524F523A205717
:10FCE0006F6E2774207365747570207369676E6911
:10FCF0006E67207768656E2061726D65640045529D
:10FD0000524F523A204661696C656420746F2073CB
:10FD1000617665207369676E696E67206B6579002F
:10FD200044697361726D20746F20616C6C6F772011
:10FD300063616C6962726174696F6E0025733A2049
:10FD400025732025733A202573000000656E7465C5
:10FD500072696E67206C6F636B75700064657265A5
:10FD6000666572656E63696E6720612062616420FA
:10FD70007468696E670063616C6C696E67204150DE
:10FD80005F48414C3A3A70616E6963282E2E2E29E5
:10FD90000070616E6963696E6700776970696E678C
:10FDA00020706172616D657465722073746F726129
:10FDB0006765206865616465720043726561746996
:10FDC0006E67206C6F6E67206C6F6F70004372659A
:10FDD0006174696E6720696E7465726E616C20650E
:10FDE00072726F72004372656174696E67206D751F
:10FDF00074657820646561646C6F636B0064656131
:10FE0000646C6F636B2070617373656400456E741E
:10FE10006572696E6720444655206D6F6465000009
:10FE20005570646174696E67206261726F6D65748C
:10FE300065722063616C6962726174696F6E004201
:10FE400061726F6D657465722063616C6962726165
:10FE500074696F6E20636F6D706C6574650000006F
:10FE60004D61676963206E6F7420736574000000D4
:10FE700053656E64696E6720756E6B6E6F776E206A
:10FE80006D65737361676520282575290000000082
:10FE9000506173737468727520656E61626C65641D
:10FEA0000050617373746872752064697361626C69
:10FEB00065640050617373746872752074696D6550
:10FEC00064206F7574000000416C6C207061726179
:10FED0006D65746572732072657365742C2072652C
:10FEE000626F6F7420626F6172640000020305002C
:10FEF0000000000000000000000000000000000002
:10FF0000D527020851550208C516010851070208F5
:10FF10005155020851550208D91502084D0702082B
:10FF20004D070208C9160108CD160108D1160108AF
:10FF3000B90702085155020851550208D5160108A3
:10FF4000D9160108DD160108810702086935020883
:10FF5000E116010895250208810E020845070208EE
:10FF60007D070208E90D020851550208CD09020873
:10FF700061090208D91302087D070208E516010885
:10FF8000ED2102084D070208A9070208B50702087B
:10FF90007107020825090208E9160108ED16010893
:10FFA000F1160108F5160108F9160108FD160108F9
:10FFB00001170108A91E020885070208490702085F
:10FFC00005170108091701080000000000000000E3
:10FFD00051550208515502080D170108CD39020884
:10FFE000515502085155020811170108151701084B
:10FFF000191701081D17010851550208515502082B
:020000040804EE
:10000000211701082517010816A4000003000000AD
:10001000C900000003000000C3000000030000004E
:10002000B30000000000000000000000000000001D
:10003000F200000040000000310000003F0000001E
:1000400001000000010000007D000000020000002F
:1000500098000000030000003E00000004000000C3
:100060002A00000005000000240000000600000037
:10007000410000000700000023000000080000000D
:100080001B000000090000001A0000000A00000028
:10009000740000000B000000810000000C00000054
:1000A0001D0000000D000000890000000E0000008F
:1000B0008F0000000F00000018000000100000007A
:1000C0007F0000001100000002000000140000008A
:1000D00022000000150000001600000019000000BA
:1000E000A50000001D000000A80000001E00000088
:1000F0008400000020000000C1000000310000006A
:10010000C200000033000000F100000034000000D5
:100110002E00000037000000530000004C000000DB
:1001200057000000380000005500000039000000B2
:100130000C2B00003C000000F50000004200000015
:100140009400000043000000EB00000048000000A5
:1001500027010000500000004261642043414E49E5
:100160006661636520696E6465782E00800000001A
:10017000008000000000800000000000000000007F
:10018000F54301080546020861450208CD3B020817
:10019000D93B0208993F0208193D0208A53B020815
:1001A0001544010819440108B93B0208A13B0208A3
:1001B00025440108953E0208A93B0208B544010800
:1001C0002D440108C13B0208653E02080000000002
:1001D00000000000A54802089D480208894802085E
:1001E00091480208655E0108AD7D010841505F50ED
:1001F00065726970680000000000000000000000E7
:100200000000000000000000194A020851550208D1
:10021000515502081D4A0208214A0208254A0208CF
:10022000294A020851550208515502085155020841
:10023000414A0208454A02085D4A0208654A020826
:10024000714A0208754A0208794A02080000000053
:1002500000000000515502080000000000000000EE
:100260009D4A0208A14A0208A54A0208A94A0208B2
:100270000000000000000000D14B0208E94B02081A
:10028000194A0208AD4A0208B14A02081D4A02088A
:10029000214A0208254A0208294A0208B94A0208E6
:1002A000BD4A0208814A0208414A0208454A02083A
:1002B0005D4A0208654A0208714A0208754A020846
:1002C000794A0208B54A02087D4A0208854A0208AE
:1002D0000000000000000000994B0208894A020853
:1002E0008D4A0208914A0208000000000000000048
:1002F000494B0208414B02083D4B0208194B0208CA
:10030000ED4A0208E54A0208DD4A02080000000042
:1003100000000000814D020853746F726167653AF6
:10032000205573696E6720666C6173682070616721
:10033000657320257520616E642025750A00556E51
:1003400061626C6520746F20696E697420666C61EF
:1003500073682073746F726167650000496E697419
:1003600069616C697365642053746F72616765209D
:10037000747970653D25640A0000000053746F7243
:100380006167653A206661696C6564206174202547
:10039000753A257520666F72202575202D207265AF
:1003A0002D696E69742025750A00000000000000A8
:1003B0000000000035500208515002084151020867
:1003C00071510208FD5102085D50020839500208BF
:1003D0004E6F7420656E6F75676820636865636B28
:1003E00065642072656769737465727320666F72E5
:1003F0002072656720307825303278206F6E206457
:10040000657669636520307825780A002C76D8886F
:10041000674F0823C1DFAE59B1B796E5E453C63A3A
:1004200051997696E6C28426898C9B62407C6FFC4B
:10043000BC9C9F40BAA56FA590055A2A5C936B6C33
:10044000676DC11BE0E40D47F520E6B5D0ED902EB9
:10045000009435770080841E0000204E000000C804
:1004600033333333986E128341EF8D21893BE65548
:10047000CFFEE6DBD1844B38F77C1D90A4BBE4248F
:100480003284725E8100C9F1ECA1E53DDCDFE1E37D
:10049000E6E8EBEDEFF2F4F7F9FCFE000305080ADD
:1004A0000C0F111416181B1D202224270000000019
:1004B00000000000BD5A0208BD5A0208E15A0208B5
:1004C000C55A0208C55A0208B55A020800000000C1
:1004D00000000000E55A0208F15A0208E95A020831
:1004E000A15A0208AD5A0208B15A020800000000E1
:1004F00000000000E15B0208E55B0208E95B02081E
:10050000ED5B0208ED5B0208F15B0208195B020873
:100510001D5B0208215B0208255B0208295B0208BB
:100520002D5B0208D95B0208DD5B0208FD5B020857
:100530000D5C0208315B0208395B0208415B02086E
:10054000455B0208495B02084D5B0208515B0208EB
:100550005D5B0208615B0208655B0208695B02087B
:100560006D5B0208715B0208755B0208795B02082B
:100570007D5B0208815B0208855B02088D5B0208D7
:10058000915B0208955B0208995B02089D5B02087B
:10059000A15B0208A55B0208A95B0208AD5B02082B
:1005A000B15B0208B55B0208B95B0208BD5B0208DB
:1005B000C15B0208C55B0208C95B0208CD5B02088B
:1005C000D15B0208D55B02080000000000000000BB
:1005D0002D5C0208355C020889480208215C02088B
:1005E000455C0208495C0208454D5054590A000018
:1005F0000000000000000000854A0108A14A01082F
:10060000A147010811480108ED4701082D480108DC
:10061000CD470108B94701083D48010801490108D3
:10062000655C02085D5C02085D5C020849470108E0
:1006300055470108594701085D470108614701080E
:1006400065470108694701086D47010871470108BE
:100650000D480108754701087D47010881470108D9
:10066000715C020885470108894701088D47010828
:100670009147010895470108555C0208695C02082A
:100680006D5C0208595C0208595C0208615C020852
:100690005D5C0208994701089D4701080000211090
:1006A000422063308440A550C660E77008812991DC
:1006B0004AA16BB18CC1ADD1CEE1EFF13112100284
:1006C00073325222B5529442F772D662399318832C
:1006D0007BB35AA3BDD39CC3FFF3DEE36224433450
:1006E00020040114E664C774A44485546AA54BB57C
:1006F00028850995EEE5CFF5ACC58DD55336722624
:1007000011163006D776F6669556B4465BB77AA7CB
:1007100019973887DFF7FEE79DD7BCC7C448E5586F
:100720008668A7784008611802282338CCC9EDD91B
:100730008EE9AFF9488969990AA92BB9F55AD44AC3
:10074000B77A966A711A500A333A122AFDDBDCCB6B
:10075000BFFB9EEB799B588B3BBB1AABA66C877C8F
:10076000E44CC55C222C033C600C411CAEED8FFDBB
:10077000ECCDCDDD2AAD0BBD688D499D977EB66E63
:10078000D55EF44E133E322E511E700E9FFFBEEF0B
:10079000DDDFFCCF1BBF3AAF599F788F8891A981CD
:1007A000CAB1EBA10CD12DC14EF16FE18010A100B7
:1007B000C230E3200450254046706760B9839893A7
:1007C000FBA3DAB33DC31CD37FE35EF3B102901207
:1007D000F322D2323542145277625672EAB5CBA573
:1007E000A89589856EF54FE52CD50DC5E234C32457
:1007F000A01481046674476424540544DBA7FAB747
:100800009987B8975FE77EF71DC73CD7D326F236A6
:100810009106B01657667676154634564CD96DC992
:100820000EF92FE9C899E9898AB9ABA944586548F6
:1008300006782768C018E1088238A3287DCB5CDBE6
:100840003FEB1EFBF98BD89BBBAB9ABB754A545A46
:10085000376A167AF10AD01AB32A923A2EFD0FEDB2
:100860006CDD4DCDAABD8BADE89DC98D267C076C96
:10087000645C454CA23C832CE01CC10C1FEF3EFF86
:100880005DCF7CDF9BAFBABFD98FF89F176E367EE6
:10089000554E745E932EB23ED10EF01E0000000045
:1008A000963007772C610EEEBA51099919C46D077D
:1008B0008FF46A7035A563E9A395649E3288DB0ED8
:1008C000A4B8DC791EE9D5E088D9D2972B4CB609BB
:1008D000BD7CB17E072DB8E7911DBF906410B71D98
:1008E000F220B06A4871B9F3DE41BE847DD4DA1AD1
:1008F000EBE4DD6D51B5D4F4C785D38356986C1302
:10090000C0A86B647AF962FDECC9658A4F5C01147A
:10091000D96C0663633D0FFAF50D088DC8206E3B58
:100920005E10694CE44160D5727167A2D1E4033C6A
:1009300047D4044BFD850DD26BB50AA5FAA8B53591
:100940006C98B242D6C9BBDB40F9BCACE36CD83280
:10095000755CDF45CF0DD6DC593DD1ABAC30D92627
:100960003A00DE518051D7C81661D0BFB5F4B4212A
:1009700023C4B3569995BACF0FA5BDB89EB8022827
:100980000888055FB2D90CC624E90BB1877C6F2FAC
:10099000114C6858AB1D61C13D2D66B69041DC76A7
:1009A0000671DB01BC20D2982A10D5EF8985B17180
:1009B0001FB5B606A5E4BF9F33D4B8E8A2C907782F
:1009C00034F9000F8EA8099618980EE1BB0D6A7FC6
:1009D0002D3D6D08976C6491015C63E6F4516B6B7F
:1009E00062616C1CD83065854E0062F2ED95066C34
:1009F0007BA5011BC1F4088257C40FF5C6D9B065A9
:100A000050E9B712EAB8BE8B7C88B9FCDF1DDD6205
:100A1000492DDA15F37CD38C654CD4FB5861B24D6B
:100A2000CE51B53A7400BCA3E230BBD441A5DF4A35
:100A3000D795D83D6DC4D1A4FBF4D6D36AE96943F8
:100A4000FCD96E34468867ADD0B860DA732D0444A3
:100A5000E51D03335F4C0AAAC97C0DDD3C710550CE
:100A6000AA41022710100BBE86200CC925B5685775
:100A7000B3856F2009D466B99FE461CE0EF9DE5EBE
:100A800098C9D9292298D0B0B4A8D7C7173DB3596F
:100A9000810DB42E3B5CBDB7AD6CBAC02083B8ED00
:100AA000B6B3BF9A0CE2B6039AD2B1743947D5EA0D
:100AB000AF77D29D1526DB048316DC73120B63E33C
:100AC000843B64943E6A6D0DA85A6A7A0BCF0EE49B
:100AD0009DFF099327AE000AB19E077D44930FF056
:100AE000D2A3088768F2011EFEC206695D5762F74D
:100AF000CB67658071366C19E7066B6E761BD4FE8A
:100B0000E02BD3895A7ADA10CC4ADD676FDFB9F966
:100B1000F9EFBE8E43BEB717D58EB060E8A3D6D628
:100B20007E93D1A1C4C2D83852F2DF4FF167BBD156
:100B30006757BCA6DD06B53F4B36B248DA2B0DD859
:100B40004C1B0AAFF64A0336607A0441C3EF60DFFC
:100B500055DF67A8EF8E6E3179BE69468CB361CBE5
:100B60001A8366BCA0D26F2536E2685295770CCC0A
:100B700003470BBBB91602222F260555BE3BBAC54B
:100B8000280BBDB2925AB42B046AB35CA7FFD7C23C
:100B900031CFD0B58B9ED92C1DAEDE5BB0C2649B2D
:100BA00026F263EC9CA36A750A936D02A906099C60
:100BB0003F360EEB8567077213570005824ABF95D3
:100BC000147AB8E2AE2BB17B381BB60C9B8ED29256
:100BD0000DBED5E5B7EFDC7C21DFDB0BD4D2D386AD
:100BE00042E2D4F1F8B3DD686E83DA1FCD16BE8120
:100BF0005B26B9F6E177B06F7747B718E65A0888F1
:100C0000706A0FFFCA3B06665C0B0111FF9E658F81
:100C100069AE62F8D3FF6B6145CF6C1678E20AA02B
:100C2000EED20DD75483044EC2B30339612667A7B1
:100C3000F71660D04D476949DB776E3E4A6AD1AE00
:100C4000DC5AD6D9660BDF40F03BD83753AEBCA98F
:100C5000C59EBBDE7FCFB247E9FFB5301CF2BDBDFC
:100C60008AC2BACA3093B353A6A3B4240536D0BA05
:100C70009306D7CD2957DE54BF67D9232E7A66B3A2
:100C8000B84A61C4021B685D942B6F2A37BE0BB44F
:100C9000A18E0CC31BDF055A8DEF022D405041522F
:100CA000414D00405359530000000000DC23002058
:100CB0009C0C0408C08C0020A30C04088C8C002021
:100CC00073746172743D00636F756E743D00776973
:100CD000746864656661756C74733D0000000000A3
:100CE0000000000049700208BD730208056E02088A
:100CF000716A0208216A0208216B0208B5710208B4
:100D0000256A02082D6A0208356A0208396A020853
:100D10003D6A0208456A02084D6A0208556A0208DF
:100D20005D6A0208616A0208656A0208696A020867
:100D30006D6A0208BD7802089578020874687265C9
:100D40006164732E74787400646D612E747874001D
:100D50006D656D6F72792E7478740075617274733D
:100D60002E7478740074696D6572732E74787400D3
:100D700063616E305F73746174732E747874007085
:100D8000657273697374656E742E7061726D007331
:100D9000746F726167652E62696E00666C6173685C
:100DA0002E62696E000000007461736B732E74789C
:100DB000740063616E5F6C6F672E7478740063619A
:100DC0006E315F73746174732E7478740063726132
:100DD00073685F64756D702E62696E003C0D040867
:100DE000A80D0408480D0408500D04085B0D040804
:100DF000650D0408B20D0408700D0408BE0D04084A
:100E0000CD0D04088F0D04089B0D040800000000A0
:100E100000000000C175020839750208C574020897
:100E200039740208216A020841740208F177020845
:100E3000256A02082D6A02089574020809750208DD
:100E40007D750208456A02084D6A0208556A020863
:100E50005D6A0208616A0208656A0208696A020836
:100E60006D6A0208BD78020895780208000000004B
:100E7000000000006D780208757802087D7802088D
:100E800039740208216A0208857802088D78020800
:100E9000256A02082D6A0208356A0208396A0208C2
:100EA0003D6A0208456A02084D6A0208556A02084E
:100EB0005D6A0208616A0208656A0208696A0208D6
:100EC0006D6A0208BD780208957802086661696C4F
:100ED000656420746F20696E697469616C697A65F4
:100EE000204D41564654500025732F25730046254A
:100EF00073092575256300442573256300000000F0
:100F000040504152414D2F706172616D2E70636B84
:100F100000556E737570706F72746564204654501E
:100F20003A202564000000004E656564206D6176FE
:100F30006C696E6B3220666F72206974656D207407
:100F400072616E7366657200466C696768742070C2
:100F50006C616E207570646174652072656A65638A
:100F6000746564004F6E6C79202575206974656D19
:100F7000732061726520737570706F7274656400A0
:100F80004932433A25753A253032780049324325B3
:100F90007520636C6F636B2025756B487A0A0000BF
:100FA0004932433A206E6F74206F776E6572206FFE
:100FB00066203078257820666F7220616464722024
:100FC0003078253032780A00D8AC002003010400C4
:100FD000080002400404024000000000000000007D
:100FE000CD9202084D9002086190020851900208CB
:100FF00000000000000000009D900208BD90020863
:101000002590020835900208A19402081D4A0208A2
:10101000214A0208254A0208294A02083990020892
:101020007D90020895900208414A0208454A02084C
:101030005D4A0208654A0208714A0208754A0208B8
:101040002D9002084990020841900208000000001B
:10105000000000007195020859950208D195020818
:1010600081950208959502080D9602085D95020883
:10107000659502086D950208919502087995020818
:1010800072636F75740000004F7574206F66207472
:10109000696D65722070726F6365737365730A00A2
:1010A00050414E49433A207363686564756C6572BC
:1010B0003A3A7365745F73797374656D5F696E69CD
:1010C0007469616C697A65642063616C6C65646DD8
:1010D0006F7265207468616E206F6E63650000003A
:1010E0004F7574206F6620494F2070726F6365736F
:1010F0007365730A0000000074696D65720000007A
:10110000696F00000000000000000000B9960208AE
:10111000899702083199020845970208219B020825
:10112000E998020841990208A1460108954601087C
:101130002598020861990208499602080D9902084B
:1011400045960208999802089D4601087197020881
:101150002599020829990208A9460108419A02081E
:1011600000B601B402B503B004B205B506B5073C3C
:1011700008B1093A0A3C0B3B0C020D3C4F54472581
:101180007520200055415254257520005458256380
:101190003D25387520525825633D25387520545813
:1011A00042443D25367520525842443D253675202F
:1011B00046453D256C75204F453D256C75204E45B7
:1011C0003D256C7520466C6F774374726C3D2575B8
:1011D0000A000000554152545F525800436F756C2D
:1011E00064206E6F7420637265617465205541528E
:1011F00054205258207468726561640A000000002F
:101200004F544725317500554152542531750043DF
:101210006F756C64206E6F742063726561746520F5
:1012200055415254205458207468726561640A0014
:1012300064697361626C696E6720666C6F772063A6
:101240006F6E74726F6C206F6E2073657269616C63
:101250002025750A0000000054B50020010100009F
:10126000000000000000000000000000000000007E
:10127000000000000000000000000000000000006E
:1012800000FF0000B0AD00200100000000000000E1
:1012900000000000000000000604024007040240B5
:1012A0000000000000000000FF00FF0000FF000041
:1012B000000000000000000000000000000000002E
:1012C000000000000000000000000000000000001E
:1012D000000000000000000000000000000000000E
:1012E00000000000000000000000000000000000FE
:1012F00000000000000000000000000000000000EE
:10130000000000000000000014B0002002000105F1
:10131000040000000106000004000000020002407A
:10132000030002400000000000000000FF00FF007A
:1013300000FF00000000000000000000854A0108D6
:10134000A14A0108A147010811480108ED47010819
:101350002D480108CD470108B94701083D4801085B
:1013600001490108219E0208219D02087D9D020875
:101370004DAE0208759D0208059F0208E19C020817
:1013800051A00208FDA10208ED9D0208399E020845
:1013900071470108359D0208E99C0208019D020879
:1013A000059D0208EDA00208F9A20208B1A20208F8
:1013B000019E0208119E020819A002089DB00208B1
:1013C00069A202088DA902088D9D020855A2020893
:1013D000C9A1020851A90208119D0208199D02081D
:1013E00040524F4D46532F64656661756C74732E81
:1013F0007061726D000000006661696C6564207444
:101400006F2066696E642025730A00426F6F746CEA
:101410006F616465722075702D746F2D64617465E1
:101420000A0045726173696E670A004572617365EF
:10143000202575206661696C65640A00466C6173DD
:1014400068696E672025732040253038780A004689
:101450006C617368206661696C6564212028617421
:1014600074656D70743D25752F2575290A00466CCD
:10147000617368204F4B0A00466C61736820666197
:10148000696C6564206166746572202575206174DD
:1014900074656D7074730A0041502D52544B5F583F
:1014A00032304400257320253032582530325825FB
:1014B00030325825303258202530325825303258B5
:1014C00025303258253032582025303258253032D8
:1014D0005825303258253032580000005468726563
:1014E00061647356320A4953522020202020202064
:1014F000202020205052493D3235352073703D2543
:101500007020535441434B3D25752F25750A002506
:101510002D31332E313373205052493D2533752000
:1015200073703D257020535441434B3D25752F2545
:10153000750A00004D656D496E666F56310A00539D
:10154000544152543D307825303878204C454E3D3A
:101550002533756B20465245453D253675204C5246
:10156000473D25367520545950453D2531750A00B3
:101570005541525456310A0053455249414C257544
:10158000200000000000000000000000E1B8020898
:1015900095B6020835490108394901083D49010855
:1015A00029B402084149010831B402087DB4020897
:1015B00085B4020889B40208FDB502085DB40208CA
:1015C0004549010835B4020841B402084D490108F3
:1015D0005149010859B8020851B4020875B8020807
:1015E0004DB402085549010899B6020825B702080A
:1015F0002DB70208594901085D4901089DB7020845
:1016000061490108B9B8020845B4020849B40208A2
:1016100011B80208444D4156310A00444D413D2560
:1016200031753A2531752054583D25387520554C73
:10163000434B3D25387520434C434B3D25387520A1
:10164000434F4E543D25342E316625250A000000B7
:1016500049535220666C6F6F64206F6E2070696E04
:10166000202575005265747279696E672070696E05
:101670002025642061667465722049535220666C8F
:101680006F6F640050696E20257520646973616214
:101690006C6564202849535220666C6F6F64290082
:1016A00002010300000000000000000075BC0208F9
:1016B00001BC020819BC02083DBC02080000000081
:1016C000000000005DBC020815BE0208F9BB02085C
:1016D000A5BD02086DBE0208C5BD0208E5BD020831
:1016E00001BF0208F9BD0208ADBE0208D9BE02085A
:1016F000D9C00208A9C00208F1BF0208FDBB020858
:10170000E1BC02083DBF0208493243257500535031
:10171000492575004661696C656420746F206372A9
:1017200065617465206275732074687265616420F8
:1017300025730000286E756C6C2900000A000000FB
:1017400064000000E803000010270000A0860100EC
:1017500040420F008096980000E1F50500CA9A3BD0
:1017600010600240086002400000000B2860024048
:10177000086002400006010C406002400860024020
:101780000010020D58600240086002400016030E6F
:10179000706002400C6002400000040F886002404C
:1017A0000C60024000060510A06002400C60024080
:1017B00000100611B86002400C6002400016072FAE
:1017C00010640240086402400000083828640240A7
:1017D000086402400006093940640240086402407F
:1017E00000100A3A586402400864024000160B3B9D
:1017F000706402400C64024000000C3C88640240AB
:101800000C64024000060D44A06402400C640240D7
:1018100000100E45B86402400C64024000160F46EA
:10182000000000009DFC020855FF020801000308AB
:101830004000400098AD002098AD0020010000005D
:10184000A8AD00208000000040010000050000005D
:1018500000960000000000000000000000000000F2
:101860000000000000000000BDF60208A9F6020812
:10187000E5F60208D1F60208DDF60208C9F602080C
:10188000B5F60208A1F60208F1F602080000000011
:101890001DF8020809F8020845F8020831F80208A4
:1018A0003DF8020829F8020815F8020801F80208B4
:1018B00051F80208000000000100000000000000D4
:1018C0006D61696E002C043804043C080C10141C73
:1018D000202425260000000000006404010004000C
:1018E00000000000000C00102830340063300000BD
:1018F000EC180408000700200023002018B3002083
:1019000048B500206E6F6E616D65000041726475B0
:1019100050696C6F740025424F4152442500255395
:10192000455249414C250000020000000000000023
:1019300099FA020805FB020840004000E4B90020C3
:10194000F4B90020020000000000000003000000C5
:101950000000000049FB0208000000001000000029
:1019600004BA002000000000010000000000000098
:1019700020AD002001010200510E0308610D030893
:10198000FD0D0308E10D0308430000009019040851
:1019900009024300020100C03209040000010202F2
:1019A00001000524001001052401000104240202A5
:1019B0000524060001070582030800FF0904010051
:1019C000020A00000007050102400000070581022D
:1019D0004000000012000000DC1904081201100190
:1019E00002000040091241570002010203010000F9
:1019F0000403090430313233343536373839414243
:101A00004344454600000000004000000040000044
:101A10000040000000400000000001000000020043
:101A200000000200000002000001002000FF03008F
:101A30000100000069646C6500000000A005822AB6
:101A400020010000AAAAAAAA50400024FFFF00001B
:101A50000077000004A00A0005A60A00100000009C
:101A6000A6AAAAAA00500000DCFF00000000097727
:101A7000880000000000000000000000AAAAAAAA36
:101A800000000000FFFF0000000000000000000058
:101A90000000000000000000AAAAAAAA000000009E
:101AA000FFFF000000000000000000000000000038
:101AB00000000000AAAAAAAA00000000FFFF000080
:101AC0000000000000000000000000000000000016
:101AD000AAAAAAAA00000000FFFF00000000000060
:101AE000000000000000000000000000AAAAAAAA4E
:101AF00000000000FFFF00000000000000000000E8
:101B000000000000000000000A00000000000000CB
:101B100003000000000000000000000000000000C2
:101B2000DB0F49BFE4CB1640E4CB16C000000080B9
:101B3000DB0F4940DB0F49C00000003F000000BF41
:101B40008071313F807131BFD1F71737D1F717B7A7
:101B50000000000000000080000FC93F000F494056
:101B600000CB9640000FC9400053FB4000CB16410C
:101B700000ED2F41000F49410031624100537B418C
:101B8000003A8A4100CB9641005CA34100EDAF4191
:101B9000007EBC41000FC94100A0D5410031E241A7
:101BA00000C2EE410053FB4100F20342003A0A42F8
:101BB0000083104200CB164200141D42005C2342F9
:101BC00000A5294200ED2F4200363642007E3C42FD
:101BD00000C74242000F4942A2000000F900000085
:101BE000830000006E0000004E0000004400000072
:101BF0001500000029000000FC0000002700000084
:101C000057000000D1000000F50000003400000083
:101C1000DD000000C0000000DB00000062000000EA
:101C200095000000990000003C0000004300000007
:101C30009000000041000000FE0000005100000084
:101C400063000000AB000000DE000000BB000000ED
:101C5000C500000061000000B70000002400000083
:101C60006E0000003A000000420000004D0000003D
:101C7000D2000000E0000000060000004900000063
:101C80002E000000EA00000009000000D100000062
:101C9000920000001C000000FE0000001D0000007B
:101CA000EB0000001C000000B10000002900000053
:101CB000A70000003E000000E800000082000000D5
:101CC00035000000F50000002E000000BB00000001
:101CD0004400000084000000E90000009C000000B7
:101CE0007000000026000000B40000005F0000004B
:101CF0007E0000004100000039000000910000005B
:101D0000D6000000390000008300000053000000EE
:101D100039000000F40000009C0000008400000076
:101D20005F0000008B000000BD000000F900000013
:101D3000280000003B0000001F000000F800000029
:101D400097000000FF000000DE000000050000001A
:101D5000980000000F000000EF0000002F000000BE
:101D6000110000008B0000005A0000000A00000073
:101D70006D0000001F0000006D0000003600000034
:101D80007E000000CF00000027000000CB00000014
:101D900009000000B70000004F00000046000000EE
:101DA0003F000000660000009E0000005F00000091
:101DB000EA0000002D000000750000002700000070
:101DC000BA000000C7000000EB000000E5000000C2
:101DD000F10000007B0000003D0000000700000053
:101DE00039000000F70000008A00000052000000E7
:101DF00092000000EA0000006B000000FB00000001
:101E00005F000000B10000001F0000008D00000016
:101E10005D00000008000000560000000300000004
:101E20003000000046000000FC0000007B000000C5
:101E30006B000000AB000000F0000000CF000000CD
:101E4000BC000000200000009A000000F400000028
:101E5000360000001D000000A9000000E3000000A3
:101E600091000000610000005E000000E60000003C
:101E70001B00000008000000650000009900000041
:101E8000850000005F00000014000000A0000000BA
:101E900068000000400000008D000000FF0000000E
:101EA000D8000000800000004D000000730000001A
:101EB00027000000310000000600000006000000BE
:101EC0001500000056000000CA000000730000006A
:101ED000A8000000C900000060000000E20000004F
:101EE0007B000000C00000008C0000006B000000C0
:101EF0000000C93F0000F0390000DA370000A233CB
:101F00000000842E0000502B0000C2270000D022C9
:101F10000000C41F0000C61B00004417040000009E
:101F200007000000090000003863ED3EDA0F493F6A
:101F30005E987B3FDA0FC93F6937AC3168212233A5
:101F4000B40F14336821A23318240020494E4600F0
:101F50004E414E00303132333435363738396162D4
:101F6000636465660000000035000000CEFBFFFFE3
:101F7000CB0300000100000000000000340000005E
:101F8000CEFBFFFFCB0300000100000000000000BB
:101F9000BC89D897B2D29C3C33A7A8D523F649393F
:101FA0003DA7F444FD0FA5329D978CCF08BA5B2561
:101FB000436FAC64280668110020202020202020D8
:101FC00020202828282828202020202020202020E9
:101FD00020202020202020202088101010101010F9
:101FE0001010101010101010100404040404040445
:101FF00004040410101010101010414141414141DF
:1020000001010101010101010101010101010101C0
:1020100001010101101010101010424242424242D0
:102020000202020202020202020202020202020290
:102030000202020210101010200000000000000038
:102040000000000000000000000000000000000090
:102050000000000000000000000000000000000080
:102060000000000000000000000000000000000070
:102070000000000000000000000000000000000060
:102080000000000000000000000000000000000050
:102090000000000000000000000000000000000040
:1020A0000000000000000000000000000000000030
:1020B000000000000000000000000000496E66699A
:1020C0006E697479004E614E005245454E54206D44
:1020D000616C6C6F63207375636365656465640030
:1020E0002F6D6E742F776F726B73706163652F77CE
:1020F0006F726B73706163652F4743432D31302DD1
:10210000706970656C696E652F6A656E6B696E7358
:102110002D4743432D31302D706970656C696E65B4
:102120002D34385F32303230313132345F31363035
:10213000363138303634312F7372632F6E65776CD9
:1021400069622F6E65776C69622F6C6962632F73A9
:1021500074646C69622F64746F612E630042616CF9
:102160006C6F63207375636365656465640000006C
:102170002F6D6E742F776F726B73706163652F773D
:102180006F726B73706163652F4743432D31302D40
:10219000706970656C696E652F6A656E6B696E73C8
:1021A0002D4743432D31302D706970656C696E6524
:1021B0002D34385F32303230313132345F313630A5
:1021C000363138303634312F7372632F6E65776C49
:1021D00069622F6E65776C69622F6C6962632F7319
:1021E00074646C69622F6764746F612D67657468CD
:1021F00065782E63000000006A01040876810308F8
:10220000782400204300504F534958002F6D6E74BE
:102210002F776F726B73706163652F776F726B735B
:10222000706163652F4743432D31302D70697065B0
:102230006C696E652F6A656E6B696E732D474343DB
:102240002D31302D706970656C696E652D34385F85
:1022500032303230313132345F313630363138302D
:102260003634312F7372632F6E65776C69622F6E0F
:1022700065776C69622F6C6962632F7374646C6933
:10228000622F6D707265632E630000000080E0377E
:1022900079C34143176E05B5B5B89346F5F93FE9E3
:1022A000034F384D321D30F94877825A3CBF737F57
:1022B000DD4F1575000000000000F03F0000000039
:1022C0000000244000000000000059400000000011
:1022D00000408F40000000000088C3400000000064
:1022E000006AF8400000000080842E4100000000D9
:1022F000D01263410000000084D797410000000025
:1023000065CDCD41000000205FA00242000000E842
:1023100076483742000000A2941A6D42000040E562
:102320009C30A2420000901EC4BCD642000034265D
:10233000F56B0C430080E03779C3414300A0D8859A
:102340005734764300C84E676DC1AB43003D916082
:10235000E458E143408CB5781DAF154450EFE2D608
:10236000E41A4B4492D54D06CFF08044F64AE1C7BB
:10237000022DB544B49DD9794378EA4405000000A4
:10238000190000007D0000002C2066756E637469E2
:102390006F6E3A2000617373657274696F6E2022EC
:1023A000257322206661696C65643A2066696C65F4
:1023B00020222573222C206C696E652025642573EC
:1023C00025730A00232D302B2000686C4C006566B5
:1023D00067454647000000000000000000000000C4
:1023E00000000000000000000000000000000000ED
:1023F00000000000000000000000000000000000DD
:1024000000000000000000000000000000000000CC
:1024100000000000000000000000000000000000BC
:1024200000000000000000000000000000000000AC
:1024300000000000000000000CE9FC7F010000002B
:1024400001000000FE2A0100D2040000010000008B
:10245000000000000000000001000000017F0308F0
:102460000000000001000000010000006483030878
:10247000000000000A000000010000006E83030855
:10248000000000000C000000010000007D83030834
:10249000000000000E000000020000008C83030812
:1024A000000000000F0000000200000099830308F4
:1024B000000000001000000005000000A6830308D3
:1024C000000000001100000005000000AF830308B9
:1024D000000000001200000002000000B8830308A2
:1024E000000000001300000002000000C683030883
:1024F000000000001700000001000000D483030862
:10250000000000001800000001000000E283030842
:1025100007010000E949020860020408740E04087B
:10252000009600000000080096000000000800006F
:1025300004000000F0190408000000000000000082
:10254000000000000000000000000000000000008B
:10255000FF0000001824002000000000F8230408F9
:1025600018240408D823040800000000000000001C
:10257000000000000000000000000000000000005B
:10258000000000000000000000000000000000004B
:10259000000000000000000000000000000000003B
:1025A000000000000000000000000000000000002B
:1025B0000000000000000000FF00000043000000D9
:1025C000000000000000000000000000000000000B
:1025D00000000000000000000000000043000000B8
:1025E00000000000000000000000000000000000EB
:1025F0000000000000000000000000004300000098
:1026000000000000000000000000000000000000CA
:102610000000000000000000000000004300000077
:1026200000000000000000000000000000000000AA
:102630000000000000000000000000004300000057
:10264000000000000000000000000000000000008A
:102650000000000000000000000000004300000037
:10266000000000000000000000000000000000006A
:102670000000000000000000000000004300000017
:10268000000000000000000000000000000000004A
:10269000000000000000000000000000BD6F030803
:1026A0000166030800000000B81F04086A0104085E
:1026B0007681030876810308768103087681030812
:1026C0007681030876810308768103087681030802
:1026D00076810308FFFFFFFFFFFFFFFFFFFFFFFF04
:1026E000FFFF000001004153434949000000000082
:1026F00000000000000000000000000000000000DA
:102700000000000000004153434949000000000060
:1027100000000000000000000000000000000000B9
:082720000000000000000000B1
:00000001FF
