:020000040800F2
:1000000000070020F1010008E52C00089D2C0008E5
:10001000C52C00089D2C0008BD2C0008F301000829
:10002000F3010008F3010008F3010008913D000806
:10003000F3010008F3010008F3010008F3010008D0
:10004000F3010008F3010008F3010008F3010008C0
:10005000F3010008F3010008056A00082D6A000892
:10006000556A00087D6A0008A56A0008F3010008C7
:10007000F3010008F3010008F3010008F301000890
:10008000F3010008F3010008F3010008512C0008F7
:100090007D2C00088D2C0008F3010008CD6A0008B3
:1000A000F3010008F3010008F3010008F301000860
:1000B000C96B0008F3010008F3010008F301000810
:1000C000F3010008F3010008F3010008F301000840
:1000D000F3010008A16B0008B56B0008F3010008EC
:1000E000316B0008F3010008F3010008F301000878
:1000F000F3010008F3010008F3010008F301000810
:10010000F3010008F3010008F3010008F3010008FF
:10011000F3010008F3010008F3010008F3010008EF
:10012000F3010008F3010008F3010008F3010008DF
:10013000F3010008F3010008F3010008F3010008CF
:10014000F3010008F3010008F3010008295A000830
:10015000F3010008F3010008F3010008F3010008AF
:10016000F3010008F3010008F3010008F30100089F
:10017000F3010008F3010008F3010008F30100088F
:10018000F3010008F3010008F3010008F30100087F
:10019000F3010008F3010008F3010008F30100086F
:1001A000F3010008F3010008F3010008F30100085F
:1001B000F3010008F3010008F3010008F30100084F
:1001C000F3010008F3010008F3010008F30100083F
:1001D000F3010008F3010008F3010008F30100082F
:1001E000551500080000000000000000000000009D
:1001F00002E000F000F8FEE772B6374880F30888A6
:10020000364880F3098836483649086040F20000D5
:10021000CCF200004EF63471CEF200010860BFF35C
:100220004F8FBFF36F8F40F20000C0F2F0004EF628
:100230008851CEF200010860BFF34F8FBFF36F8F7C
:100240004FF00000E1EE100A4EF63C71CEF20001D4
:100250000860062080F31488BFF36F8F05F0ACF8B8
:1002600006F01EFA4FF055301F491B4A91423CBF21
:1002700041F8040BFAE71D49184A91423CBF41F886
:10028000040BFAE71A491B4A1B4B9A423EBF51F82E
:10029000040B42F8040BF8E700201849184A914271
:1002A0003CBF41F8040BFAE705F08AF806F094FA2F
:1002B000144C154DAC4203DA54F8041B8847F9E797
:1002C00000F042F8114C124DAC4203DA54F8041B12
:1002D0008847F9E705F072B80007002000230020E6
:1002E0000000000808ED00E00001002000070020E9
:1002F000F070000800230020B8230020B82300205D
:10030000445B0020E0010008E4010008E40100086B
:10031000E40100082DE9F04F2DED108AC1F80CD052
:10032000C3689D46BDEC108ABDE8F08F002383F3BF
:1003300011882846A047002004F044FBFEE704F0A3
:10034000C3FA00DFFEE70000F8B501F071F904F030
:10035000C1FF074605F010F80546002839D1234BA8
:100360009F4236D001339F4236D0214B27F0FF0207
:100370009A4234D1F8B200F009FF2E4642F21074CE
:1003800000F00AFF08B10024264601F069FD20B103
:10039000032000F083F80024264635B1154B9F4218
:1003A00003D004F0E1FF00242646002004F09CFF67
:1003B000114B1B691B0716D40EB100F085F801F034
:1003C00091FA00F057FF204600F0DAF800F07CF8D0
:1003D000F9E72E460024D3E704460126D0E7064677
:1003E0004FF47A74CCE70024E9E700BF010007B0BE
:1003F000000008B0263A09B00004024008B501F038
:10040000E3F8A0F120035842584108BD07B541F276
:100410001203022101A8ADF8043001F0F3F803B093
:100420005DF804FB38B5302383F31188174803685F
:100430000BB104F093FB164A144800234FF47A7171
:1004400004F082FB002383F31188124C236813B15C
:100450002368013B2360636813B16368013B6360F9
:100460000D4D2B7833B963687BB9022001F0A4F9F4
:10047000322363602B78032B07D163682BB90220EA
:1004800001F09AF94FF47A73636038BDB823002005
:1004900025040008D8240020D0230020084B187021
:1004A00003280CD8DFE800F008050208022001F05C
:1004B00079B9022001F06EB9024B00225A607047F0
:1004C000D0230020D824002010B501F0C9FC30B1A1
:1004D000244B03221A70244B00225A6010BD234B78
:1004E000234A1C4619680131F8D004339342F9D1EC
:1004F0006268204B9A42F1D91F4B9B6803F100635D
:1005000003F580339A42E9D204F002FF04F014FFAD
:10051000002001F0A7F80220FFF7C0FF174B1A6C6C
:1005200000221A64196E1A66196E596C5A64596E53
:100530005A665A6E5A6942F080025A615A6922F02C
:1005400080025A615B6972B64FF0E0233021C3F834
:10055000084DD4E9003281F311889D4683F3088861
:100560001047BBE7D0230020D8240020000001085A
:1005700020000108FFFF000800230020003802408F
:100580002DE9F04F93B0AC4B00902022FF210AA838
:100590009D6801F051F9A94A1378A3B9A84801212F
:1005A00003601170302383F3118803680BB104F0EA
:1005B000D5FAA44AA24800234FF47A7104F0C4FA91
:1005C000002383F31188009B13B19F4B009A1A609C
:1005D0009E4A009C1378032B1EBF002313709A4A77
:1005E0004FF0000A18BF5360D3465646D14601204B
:1005F00001F0D8F824B1944B1B68002B00F0158251
:10060000002000F0E1FF0390039B002B01DA00F0D3
:1006100079FE039B002BEDDB012001F0BBF8039B6F
:10062000213B162BE3D801A252F823F089060008DB
:10063000B106000845070008EF050008EF050008AF
:10064000EF050008CF0700089F090008B908000857
:100650001B0900084309000869090008EF050008A4
:100660007B090008EF050008ED09000829070008CC
:10067000EF050008310A0008950600082907000860
:10068000EF0500081B0900080220FFF7B7FE00284D
:1006900040F0F581009B0221BAF1000F08BF1C4613
:1006A00005A841F21233ADF8143000F0ABFF9EE71D
:1006B0004FF47A7000F088FF071EEBDB0220FFF793
:1006C0009DFE0028E6D0013F052F00F2DA81DFE829
:1006D00007F0030A0D10133605230593042105A81E
:1006E00000F090FF17E054480421F9E7584804212E
:1006F000F6E758480421F3E74FF01C08404600F0A5
:10070000B3FF08F104080590042105A800F07AFF62
:10071000B8F12C0FF2D1012000FA07F747EA0B0BD2
:100720005FFA8BFB4FF0000901F0D2F826B10BF015
:100730000B030B2B08BF0024FFF768FE57E7464862
:100740000421CDE7002EA5D00BF00B030B2BA1D17C
:100750000220FFF753FE074600289BD0012000F03F
:1007600081FF0220FFF79AFE00261FFA86F8404616
:1007700000F088FF044690B10021404600F09AFF47
:1007800001360028F1D1BA46044641F21213022183
:1007900005A8ADF814303E4600F034FF27E70120ED
:1007A000FFF77CFE2546244B9B68AB4207D92846C1
:1007B00000F05AFF013040F067810435F3E7234B26
:1007C00000251D70204BBA465D603E46ACE7002E0A
:1007D0003FF460AF0BF00B030B2B7FF45BAF0220F9
:1007E000FFF75CFE322000F0EFFEB0F10008FFF6EC
:1007F00051AF18F003077FF44DAF0F4A926808EB32
:10080000050393423FF646AFB8F5807F3FF742AF0E
:10081000124B0193B84523DD4FF47A7000F0D4FEFB
:100820000390039A002AFFF635AF019B039A03F861
:10083000012B0137EDE700BF00230020D424002066
:10084000B823002025040008D8240020D02300204D
:1008500004230020082300200C230020D4230020A0
:10086000C820FFF7CBFD074600283FF413AF1F2D2C
:1008700011D8C5F1200242450AAB25F0030028BF7C
:10088000424683490192184400F0B0FF019A804823
:10089000FF2100F0D1FF4FEAA8037D490193C8F37F
:1008A0008702284600F0D0FF064600283FF46DAFCF
:1008B000019B05EB830537E70220FFF79FFD00282A
:1008C0003FF4E8AE00F016FF00283FF4E3AE002747
:1008D000B846704B9B68BB4218D91F2F11D80A9B92
:1008E00001330ED027F0030312AA134453F8203C1F
:1008F00005934046042205A901F06AFA04378046B0
:10090000E7E7384600F0B0FE0590F2E7CDF8148036
:10091000042105A800F076FE06E70023642104A860
:10092000049300F065FE00287FF4B4AE0220FFF7C8
:1009300065FD00283FF4AEAE049800F0C3FE0590BC
:10094000E6E70023642104A8049300F051FE002888
:100950007FF4A0AE0220FFF751FD00283FF49AAECD
:10096000049800F0BFFEEAE70220FFF747FD0028E9
:100970003FF490AE00F0CEFEE1E70220FFF73EFD2F
:1009800000283FF487AE05A9142000F0C9FE042119
:100990000746049004A800F035FE3946B9E7322036
:1009A00000F012FE071EFFF675AEBB077FF472AEB5
:1009B000384A926807EB090393423FF66BAE022078
:1009C000FFF71CFD00283FF465AE27F003074F44F6
:1009D000B9453FF4A9AE484600F046FE0421059013
:1009E00005A800F00FFE09F10409F1E74FF47A7051
:1009F000FFF704FD00283FF44DAE00F07BFE002819
:100A000044D00A9B01330BD008220AA9002000F031
:100A10001BFF00283AD02022FF210AA800F00CFF7B
:100A2000FFF7F4FC1C4803F0D3FF13B0BDE8F08FD0
:100A3000002E3FF42FAE0BF00B030B2B7FF42AAEEE
:100A40000023642105A8059300F0D2FD0746002885
:100A50007FF420AE0220FFF7D1FC804600283FF44F
:100A600019AEFFF7D3FC41F2883003F0B1FF0598CF
:100A700000F070FF464600F02BFF3C46B7E5064607
:100A800052E64FF0000905E6BA467EE637467CE6B8
:100A9000D423002000230020A0860100094A136807
:100AA00049F2690099B21B0C00FB01331360064B3D
:100AB000186844F2506182B2000C01FB0200186019
:100AC00080B27047182300201423002010B50021A5
:100AD0001022044600F0B0FE034B03CB206061609F
:100AE0001868A06010BD00BF107AFF1FF0B5ADF50B
:100AF0004F7D6CAC4FF4C47207460D462046002172
:100B000000F09AFE02F0F6F8244B4FF47A72B0FB34
:100B1000F2F0186093E80700022384E807000DF55F
:100B2000E9702382FFF7D2FF43F618531C49238450
:100B300006A806F0F3F8192384F832310DF2E32207
:100B400006AB0DF1300C1E4603CE664510605160B9
:100B5000334602F10802F6D1337813700DAE3146F8
:100B60000122204600F018FF00230393AB7E02937E
:100B700005F11903019380B20123CDE904600093CC
:100B8000E97E04A3D3E90023384602F0D1FC0DF539
:100B90004F7DF0BD9E6AC421818A46EEE02400208C
:100BA0002C6D00082DE9F0412C4C237ADAB08046F8
:100BB0000D465BBB27A9284601F014F8074600281C
:100BC00042D19DF89D60C82E3ED801464FF4A662E2
:100BD000204600F031FE4FF48073C4F8F8314FF432
:100BE0000073C4F80C334FF44073C4F82034324619
:100BF0000DF19E0104F1090000F0F8FD26449DF876
:100C00009C30777223720BB9EB7E23728122002114
:100C100006AC27A800F010FE0122214627A801F00B
:100C200027F800230393AB7E029305F1190380B2EA
:100C300001932823CDE904400093E97E05A3D3E97D
:100C40000023404602F074FC5AB0BDE8F08100BFBA
:100C5000AFF3008026417272DF25D7B72835002018
:100C6000F0B5254E4FF48A7505FB0065F1B096F896
:100C7000D83085F8DC300024D822214685F8E840B9
:100C80003AA800F0D9FD06F1090000F0CDFDD5F835
:100C9000E4308DF8F000C2B206AF06F109010DF1A3
:100CA000F100CDE93A3400F0A1FD394601223AA81D
:100CB00001F014F880B2CDE9047008230127CDE9D2
:100CC000023706F1D803019330230093317A0B48A1
:100CD00007A3D3E9002302F02BFCA04206DD02F0BB
:100CE00009F8C5F8E000384671B0F0BD2046FBE7D2
:100CF00078F6339F93CACD8D28350020F834002034
:100D00002DE9F0411D4D1E4E1E4F86B0284602F0C3
:100D10003BFC034658B30024CDE90344ADF814402E
:100D2000027B8DF8142099684068029403AA03C2DC
:100D30001B68DFF8548043F00043029301F0DCFFAE
:100D4000821941F10003009402A9384601F070FABB
:100D5000A04205DD284602F01BFC88F80040D5E7DC
:100D600098F80030072B05D8013388F8003006B01A
:100D7000BDE8F081014802F00BFCF8E7F8340020F0
:100D800040420F00603A00205D3A002070B50D46E9
:100D900014461E4602F028FB50B9022E10D1012C39
:100DA0000ED112A3D3E90023C5E90023012007E0F7
:100DB000282C10D005D8012C09D0052C0FD00020EC
:100DC00070BD302CFBD10BA3D3E90023ECE70BA3C0
:100DD000D3E90023E8E70BA3D3E90023E4E70BA35F
:100DE000D3E90023E0E700BFAFF30080401DA1205E
:100DF00026812A0B78F6339F93CACD8D9E6AC42133
:100E0000818A46EE26417272DF25D7B7F017304A45
:100E100039059E5638B505460E4C0021013500F0C7
:100E200049FCA4F82C55B4F82C0500F02BFC78B143
:100E3000B4F82C0500F036FC014648B9B4F82C058E
:100E400000F038FCB4F82C350133A4F82C35EAE76F
:100E500038BD00BF2835002010B50A4B0A4A1A6079
:100E600003F5805393F870203AB9DC6E2CB120461C
:100E700001F074F8204601F0B1F9BDE810400348D4
:100E800001F06CB8603A0020E46D0008B84A002018
:100E90002DE9F04F8FB000AF05460C4602F0A4FAE2
:100EA00000284BD1237E022B1BD1E38A012B18D1C2
:100EB00001F020FF0646FFF7F1FD03464FF4C8702E
:100EC000DFF8C482B3FBF0F206F5167602FB1033AE
:100ED00016FA83F3C8F80030E37E33B9A34B00223F
:100EE0001A703C37BD46BDE8F08F07F1240120465B
:100EF00000F02CFE0028F4D107F11400FFF7E6FD06
:100F000097F8264007F11401224607F1270005F063
:100F1000D3FE0028E2D10F2C08D8944B1C70D8F8CF
:100F20000030A3F51673C8F80030DAE797F82410FC
:100F30000029D6D0284602F04FFAD2E7E38A282BC0
:100F40002BD010D8012B23D0052BCAD1BFF34F8F44
:100F50008749884BCA6802F4E0621343CB60BFF351
:100F60004F8F00BFFDE7302BBBD1834EE17E327A3D
:100F70009142B6D1607E3146002291F8DC50854224
:100F800000F0A5800132042A01F58A71F5D1A8E7A5
:100F900021462846FFF7AAFDA3E721462846FFF78A
:100FA00001FE9EE7B2F8EC507B6005F103094FEAC1
:100FB00099094FEA8902D11DC908A8EBC1039D46D2
:100FC000EB460021584600F037FC04F1EE012A46BA
:100FD0003144584600F00AFC7B6813B9012000F048
:100FE00041FB96F8D20000F04DFB044630B9307258
:100FF00000F080FB204600F035FBB0E0D6F8D420AE
:101000003AB996F8D200B6F82C25824201D8FFF7FB
:1010100001FFD6F8D4202A44944208D296F8D20090
:10102000B6F82C250130824201D8FFF7F3FE706834
:101030005FFA89F2594600F007FC08B9C54679E025
:10104000726896F8D2002A447260D6F8D42005EB74
:101050000209C6F8D49000F015FB814509D396F833
:10106000D220D6F8D4000132001B86F8D220C6F870
:10107000D400FF2D0FD80024347200F03BFB204633
:1010800000F0F0FA00F0ECFE3C4B188108B9FFF7D5
:101090001BFAC54625E7BB6896F8D9000AFB036230
:1010A000FB68D2F8E41082F8E83001F58061C2F8FC
:1010B000E030C2F8E410FFF7D3FDFFF721FE96F809
:1010C000D920013202F0030286F8D920B6E74FF4A6
:1010D0008A7A0AFB02F505F1EA013144204600F064
:1010E00031FEF86000287FF4FCAE3544012285F81B
:1010F000E82001F0FFFDD5F8E020D6ED007ADFED25
:10110000206A801A192838BF192040F6B832904258
:1011100028BF1046B8EE677A07EE900AF8EEE77A35
:1011200067EEA67ADFED176AE7EE267AFCEEE77A3D
:10113000C6ED007A96F8D9307168BB600AFB03F4FB
:10114000321992F8E8505DB1D2F8E4308B42E846AB
:101150003FF428AF002182F8E810C2F8E010C5463D
:101160007368064A9B0A01331381BAE6F134002002
:1011700000ED00E00400FA0528350020E0240020FE
:10118000CDCCCC3D6666663FF4340020014B187030
:10119000704700BFEC24002030B54FF000542C4BBA
:1011A00022689A4285B023D1637D0BB3294A2A482D
:1011B0001370237D03724FF48073C0F8F8314FF43D
:1011C0000073C0F80C3300254FF44073C0F820348E
:1011D0002249C0F8E450C922093000F007FB20463C
:1011E000E022294600F028FB0124204605B030BD4E
:1011F00004F0CCF8044608B90024F6E7184A194D63
:10120000136C43F000731364AA6D174B9A42F3D129
:101210002B6E013B7E2BEFD8144A07CA01AB83E843
:1012200007001846032100F0E9FD6B6D83424FF083
:101230000003E1D12A6D8A4201BFAB65054B2A6EDE
:101240001A7003BF0A4BEA6D1A601C46CDE700BF57
:101250009AAD44C5EC24002028350020160000205B
:1012600000380240006600405041A0B0586600407F
:101270001023002037B51A4D00F0F2FD02236B71E8
:10128000184B288119681848012201F0CDFB002372
:101290000193164B164900931648174B4FF4805292
:1012A00002F072F8154B197811B1124802F094F857
:1012B00001F020FD0446FFF7F1FB4FF4C873B0FBCB
:1012C000F3F202FB130304F5167010FA83F00C4BD3
:1012D000186004F051F808B10F232B8103B030BD22
:1012E000E024002010230020603A00208D0D00082B
:1012F000F0240020F8340020910E0008EC24002097
:10130000F43400202DE9F04F2DED028B0FF2382937
:10131000D9E90089834C93B00BAE9FED7E8BFFF72C
:10132000EFFC814FDFF828A200230A93ADF8343098
:101330000B9373604FF0000B5B468DED008B012526
:101340000DF11D0207A938468DF81C508DF81DB00F
:1013500001F018FB9DF81C30002B40F0A5802046C2
:1013600002F042F80646002845D1704F01F0C2FC59
:101370003B6898423FD301F0BDFC8246FFF78EFBED
:101380004FF4C873B0FBF3F202FB13030AF51670B7
:1013900010FA83F03860664F97F800B0CBF1100A6E
:1013A000BBF1000F14BF33462B465FFA8AFA0EA832
:1013B0008DF82830FFF78AFBBAF1060F28BF4FF0EF
:1013C000060A0EAB03EB0B0152460DF1290000F0AB
:1013D0000DFA0AAB0393182302930AF10102554B4D
:1013E000D2B2CDE90053049220464CA3D3E90023A6
:1013F00002F040F83E7001F07DFC4F4A4F4D1368FB
:10140000C31AB3F57A7F2ED3106001F075FC024643
:101410000B46204602F0C6F8204601F0E5FF10B367
:101420002B7A474E002B14BF03230223737101F064
:1014300061FC0EAF4FF47A730122B0FBF3F0394632
:101440003060304600F05AFB182302933D4B019365
:1014500080B240F25513CDE90370009342464B46EB
:10146000204602F007F82B7A93B101F043FC0026E6
:1014700007464FF48A7A95F8D900304400F003000B
:101480000AFB005393F8E82092B30136042EF2D100
:10149000C82003F09DFA2B7A002B7FF43DAF13B0E8
:1014A000BDEC028BBDE8F08FDAF8143083F0010355
:1014B000CAF81430594610220EA800F0BDF90DF1FB
:1014C0001E0308AA0AA9384600F0B8FF96E80300F0
:1014D0000FAB83E803009DF834308DF844300A9B4D
:1014E0000E930EA9DDE90823204602F02FFA21E72A
:1014F000D3F8E02042B12B68FA2B38BFFA23BA1A8E
:101500000533B2EB430FC0D3FFF7AAFB0028BCD1D1
:10151000BEE700BF0000000000000000401DA12049
:1015200026812A0BF8340020603A0020F434002091
:10153000F1340020F0340020583A002028350020F3
:10154000E02400205C3A0020F1C6A7C1D068080F53
:101550000004024008B5054801F00EF8BDE8084057
:10156000034A0449002005F083BB00BF603A002015
:10157000944B0020590E000870B5104B1B780133B6
:10158000DBB2012B0C4612D80D4B1D6829684FF4B5
:101590007A730E6AA2FB0332014622462846B04700
:1015A000844204D1074B00221A70012070BD4FF411
:1015B000FA7003F00DFA0020F8E700BF1C230020AA
:1015C00020230020884B002007B50023024601217C
:1015D0000DF107008DF80730FFF7CEFF20B19DF821
:1015E000070003B05DF804FB4FF0FF30F9E700009F
:1015F0000A4608B50421FFF7BFFF80F00100C0B222
:10160000404208BD30B4074B0A461978064B53F8E0
:1016100021402368DD69054B0146AC46204630BCBD
:10162000604700BF884B002020230020A0860100D7
:1016300070B503F0FDFC094E094D30800024286888
:101640003388834208D903F0EDFC2B68044401334E
:10165000B4F5803F2B60F2D370BD00BF8A4B0020F1
:10166000484B002003F094BD00F1006000F580308D
:101670000068704700F10060920000F5803003F0D0
:101680001DBD0000054B1A68054B1B889B1A834241
:1016900002D9104403F0C6BC00207047484B00201C
:1016A0008A4B0020024B1B68184403F0C3BC00BFE8
:1016B000484B0020024B1B68184403F0D3BC00BF0A
:1016C000484B002010F003030AD1B0F5047F05D287
:1016D00000F10050A0F51040D0F8003818467047CF
:1016E0000023FBE700F10050A0F51040D0F8100AED
:1016F00070470000064991F8243033B10023086A8E
:1017000081F824300822FFF7B5BF0120704700BFE1
:101710004C4B0020014B1868704700BF002004E0CC
:1017200070B5194B1D68194B0138C5F30B040844FB
:101730002D0C04221E88A6420BD15C680A46013C8F
:10174000824213460FD214F9016F4EB102F8016BB9
:10175000F6E7013A03F10803ECD181420B4602D2CD
:101760002C2203F8012B0A4A05241688AE4204D124
:10177000984284BF967803F8016B013C02F10402A1
:10178000F3D1581A70BD00BF002004E0886D000836
:10179000746D0008022802BF014B01229A61704754
:1017A00000040240022802BF024B4FF480329A61CB
:1017B000704700BF00040240022801BF024A53697B
:1017C00083F00103536170470004024070B5044682
:1017D0004FF47A764CB1412C254628BF412506FBB3
:1017E00005F003F0F5F8641BF4E770BD10B50023B5
:1017F000934203D0CC5CC4540133F9E710BD000020
:1018000010B5013810F9013F3BB191F900409C42FD
:1018100003D11AB10131013AF4E71AB191F900206C
:10182000981A10BD1046FCE703460246D01A12F97A
:10183000011B0029FAD1704702440346934202D0AB
:1018400003F8011BFAE770472DE9F8431F4D1446D2
:1018500095F824200746884652BBDFF870909CB369
:1018600095F824302BB92022FF2148462F62FFF73C
:10187000E3FF95F82400C0F10802A24228BF2246E7
:10188000D6B24146920005EB8000FFF7AFFF95F816
:101890002430A41B1E44F6B2082E17449044E4B230
:1018A00085F82460DBD1FFF725FF0028D7D108E0B9
:1018B0002B6A03EB82038342CFD0FFF71BFF002884
:1018C000CBD10020BDE8F8830120FBE74C4B002082
:1018D000024B1A78024B1A70704700BF884B0020E9
:1018E0001C23002038B5164C164D204602F0BEFBD6
:1018F0002946204602F0E6FB2D68EA6ED2F804384D
:1019000043F00203C2F804384FF47A70FFF75EFF29
:101910000D49284602F0DEFCEA6E0C49D2F8043884
:1019200023F00203C2F804384FF461430B60084B04
:101930001868A04203D0BDE8384002F0F7BA38BDBD
:10194000084E0020FC6E0008046F0008744B002055
:101950002023002070B50C4B0C4D1E780C4B55F815
:1019600026209A4204460DD00A4B00211422184624
:10197000FFF762FF0460014655F82600BDE870409D
:1019800002F0D4BA70BD00BF884B00202023002095
:10199000084E0020744B00202DE9F3470D46044605
:1019A00000219046284640F27912FFF745FF234672
:1019B00020220021284601F06BFF231D0222202156
:1019C000284601F065FF631D03222221284601F00D
:1019D0005FFFA31D03222521284601F059FF04F1D2
:1019E000080310222821284601F052FF04F11003B9
:1019F00008223821284601F04BFF04F11103082288
:101A00004021284601F044FF04F112030822482136
:101A1000284601F03DFF04F11403202250212846FE
:101A200001F036FF04F1180340227021284601F02E
:101A30002FFF04F120030822B021284601F028FFDF
:101A400004F121030822B821284601F021FF04F106
:101A50002207C0263B46314608222846083601F0B8
:101A600017FFB6F5A07F07F10107F3D194F83230E4
:101A70008DF8073031460DF107030822284601F0A2
:101A800007FF002604F1330A9DF807304FEAC60924
:101A90009E4209F5A47720D394F83231502B28BF09
:101AA00050238DF80730B8F1000F08D139460DF1F9
:101AB00007030722284601F0EBFE09F24F17002624
:101AC00004F233149DF807309E4207EBC6010DD394
:101AD0000731C80802B0BDE8F0870AEB0603082208
:101AE0003946284601F0D4FE0136CDE7A319082275
:101AF000284601F0CDFE0136E4E7000013B50446A8
:101B00000846002101602346C0F8031020220190FE
:101B100001F0BEFE0198231D0222202101F0B8FE33
:101B20000198631D0322222101F0B2FE0198A31D3A
:101B30000322252101F0ACFE019804F108031022D4
:101B4000282101F0A5FE072002B010BDF7B5047FE3
:101B500005460E462CB1838A122B02D9012003B010
:101B6000F0BD0023194607220096284601F054FDD7
:101B7000731C0093012200230721284601F04CFD2D
:101B8000D4B9B31C0093052223460821284601F04E
:101B900043FD0D24B378102BE0D83746B278BB1B39
:101BA000934210D32B7FA88A0734E408B3B9844248
:101BB00094BF00200120D2E7AB8ADB00083BDB08A2
:101BC000B3700824E6E7FB1C00932146002308229B
:101BD000284601F021FD08340137DFE7201A18BF3D
:101BE0000120BCE7F7B5047F05460E462CB1838A79
:101BF000CA2B02D9012003B0F0BD0023194600967C
:101C00000822284601F008FD731CD4B9082200936D
:101C100011462346284601F0FFFC10247378C82B98
:101C2000E8D8012372785F1C013B934210D32B7FCD
:101C3000A88A0734E408B3B9844294BF0020012085
:101C4000D9E7AB8ADB00083BDB0873700824E5E7C3
:101C5000F3190093214600230822284601F0DCFCFA
:101C600008343B46DEE7201A18BF0120C3E7000016
:101C7000F7B50D4604460021164628468122FFF797
:101C8000DBFD234608220021284601F001FE94F9DD
:101C900001206378002AB8BF7F238DF807309EB9F2
:101CA0000DF1070307220821284601F0F1FD0F2757
:101CB000002602349DF807309E4207EBC60105D38B
:101CC0000731C80803B0F0BD0827F1E7A3190822BF
:101CD000284601F0DDFD0136ECE70000F7B50E46C1
:101CE0000546002114463046CE22FFF7A5FD2B46BF
:101CF00028220021304601F0CBFD2B7AC82B28BFCB
:101D0000C8238DF807308CB90DF10703082228216C
:101D1000304601F0BDFD30242F469DF807207B1B87
:101D2000934205D3E01DC00803B0F0BD2824F3E7BB
:101D300007F1090321460822304601F0A9FD0834C5
:101D40000137EAE7F7B5047F05460E4634B1838ACA
:101D5000B3F5827F02D9012003B0F0BD00960123C4
:101D600010220021284601F057FCDCB9B31C009377
:101D7000092223461021284601F04EFC19247388BD
:101D8000B3F5807FE7D837467288BB1B934210D3E8
:101D90002B7FA88A0734E408B3B9844294BF00209B
:101DA0000120D9E7AB8ADB00103BDB0873801024ED
:101DB000E5E73B1D0093214600230822284601F059
:101DC0002BFC08340137DFE7201A18BF0120C3E7D6
:101DD00030B5094D0A4491420DD011F8013B5840ED
:101DE000082340F30004013B2C4013F0FF0384EA76
:101DF0005000F6D1EFE730BD2083B8EDF7B54FF0D6
:101E0000FF33DFF854C0DFF854E000EB81011A46DD
:101E100088421CD050F8044B019401AF042417F8F9
:101E2000015B82EA05620825DB18164605F1FF35DD
:101E30005241002EBCBF83EA0C0382EA0E0215F069
:101E4000FF05F1D1013C14F0FF04E8D1E0E7D843ED
:101E5000D14303B0F0BD00BF9336EAA9EBE1F042F5
:101E6000F7B5384A106851686B4603C36A4636496D
:101E70003648082304F030FF0446002833D10A25F1
:101E8000334A106851686B4603C36A4631492F488C
:101E9000082304F021FF0446002849D00369B3F564
:101EA000E02F45D8B0F8661041F63D0291423FD18F
:101EB000294A024402F15C018B4239D35C3B23493D
:101EC00000209E1AFFF784FF3246074604F16401A2
:101ED0000020FFF77DFFA3689F4229D1E368984265
:101EE00008BF002524E00369B3F5E02F27D8418B14
:101EF00041F63D02914220D1174A024402F11001FD
:101F00008B4218D3103B114900209D1AFFF760FF48
:101F10002A46064604F118010020FFF759FFA3687E
:101F20009E4202D1E368984201D00D25A8E7002522
:101F3000284603B0F0BD1025A2E70C25A0E70B252D
:101F40009EE700BFA86D0008DCFF06000000010846
:101F5000B16D000890FF06000800FFF710B5037C84
:101F6000044613B9006804F09FFE204610BD00002F
:101F70000023BFF35B8FC360BFF35B8FBFF35B8F47
:101F80008360BFF35B8F7047BFF35B8F0068BFF365
:101F90005B8F704770B505460C30FFF7F5FF05F114
:101FA000080604463046FFF7EFFFA04206D9304648
:101FB0006D68FFF7E9FF2544281A70BD3046FFF72A
:101FC000E3FF201AF9E7000070B50546406898B1B4
:101FD00005F10800FFF7D8FF05F10C06044630466E
:101FE000FFF7D2FF8442304694BF6D680025FFF7AB
:101FF000CBFF013C2C44201A70BD000038B50C46C4
:102000000546FFF7C7FFA04210D305F10800FFF710
:10201000BBFF04446868B4FBF0F100FB1144BFF35C
:102020005B8F0120AC60BFF35B8F38BD0020FCE705
:102030002DE9F041144607460D46FFF7C5FF8442DF
:1020400028BF0446D4B1B84658F80C6B4046FFF799
:102050009BFF3044286040467E68FFF795FF331AA7
:102060009C4203D86C600120BDE8F0816B60A41B2A
:102070003B68AB602044E8600220F5E72046F3E7C8
:1020800038B50C460546FFF79FFFA04210D305F177
:102090000C00FFF779FF04446868B4FBF0F100FB23
:1020A0001144BFF35B8F0120EC60BFF35B8F38BD41
:1020B0000020FCE72DE9FF41884669460746FFF707
:1020C000B7FF6C4606B204EBC6060025B44209D041
:1020D0006268206808EB0501FFF788FB6368083435
:1020E0001D44F3E729463846FFF7CAFF284604B0E7
:1020F000BDE8F081F8B505460C300F46FFF744FF08
:1021000005F1080604463046FFF73EFFA042304680
:1021100088BF6C68FFF738FF201A386020B130465E
:102120002C68FFF731FF2044F8BD000073B514465A
:1021300006460D46FFF72EFF844228BF0446019055
:10214000DCB101A93046FFF7D5FF019B33B93268F6
:10215000C5E90233C5E9002401200CE09C4238BFE8
:1021600001942860019868608442F5D93368AB60B7
:10217000241AEC60022002B070BD2046FBE700008C
:102180002DE9FF410F466946FFF7D0FF6C4600B2CC
:1021900004EBC0050026AC4209D0D4F8048054F802
:1021A000081BB8194246FFF721FB4644F3E73046C7
:1021B00004B0BDE8F081000038B50546FFF7E0FF48
:1021C000044601462846FFF719FF204638BD0000A7
:1021D0000121884238BF084604F050BD08B104F020
:1021E00063BD704710B4026854681A4623465DF810
:1021F000044B1847002070470020704770470000CC
:10220000002070470E20704700F5805090F8D800ED
:10221000C0F340007047000000F5805090F9E000E6
:102220007047000000F58050C0F8DC1001207047B6
:10223000F7B50C68BDF8207014F0005473D10D7B15
:10224000082D70D8302585F31188456AAE6876016F
:102250000CD4AC68240108D4AC6814F0805460D16C
:1022600084F31188204603B0F0BD01240E6804F108
:10227000180C002EB8BFF6004FEA0C1CB4BF46F095
:102280000406760545F80C600E680FFA84FC16F01B
:10229000804F18BF05EB0C1E05EB0C1C1EBFDEF8B3
:1022A000806146F00206CEF880610E7BCCF8846136
:1022B00005EB04158E68C5F88C614E68C5F8886119
:1022C000DCF8805145F00105CCF8805141F27805E9
:1022D00000EB441C660105EB4414AC440444CCE917
:1022E00000230D46083401F10C0C55F804EB44F8BA
:1022F00004EB6545F9D12D882580841904F58054B7
:1023000007F0030594F8946026F00B06354384F833
:102310009450002484F31188009700F03BFD0120C5
:10232000A1E70224A2E74FF0FF309CE713B500F5C8
:1023300080540191E06EFFF747FE1F280AD90199EA
:10234000E06E2022FFF7B6FEA0F12003584258416C
:1023500002B010BD0020FBE708B5302383F31188DD
:1023600000F58050C06EFFF703FE002383F3118851
:1023700008BD0000002202608281426082607047D6
:1023800010B500220023C0E9002300230446038186
:102390000C30FFF7EFFF204610BD0000F0B50546FA
:1023A00000F580500C4690F8D83013F0040FC3F3BA
:1023B000800108BF114661F3820380F8D83005EB35
:1023C000441303F58453103389B01B79D8074FEABF
:1023D00044162FD582B319072ED46846FFF7D0FFD5
:1023E00005EB441303F5845303AA03F108071868A7
:1023F0005968144603C40833BB422246F7D1186813
:1024000020609B88A380DDE90E23CDE90023012312
:10241000ADF808302B6869461B6C28469847354450
:1024200005F5845510352B791A075CBF43F0080376
:102430002B7101E0002AF2D109B0F0BD2DE9F0477F
:102440009A4688B0074688469146302383F3118820
:1024500007F580546846FFF793FFE06EFFF79AFD9B
:102460001F282AD9E06E20226946FFF7A5FE202802
:1024700023D103AD444605AB2E4603CE9E422060D9
:102480006160354604F10804F6D130682060B388F5
:10249000A380DDE90023C9E90023BDF80830AAF8CC
:1024A0000030002383F3118853464A46414638469C
:1024B00008B0BDE8F04700F02BBC002080F3118885
:1024C00008B0BDE8F08700002DE9F84F1822044657
:1024D0000F4604300021FFF7AFF92046234B40F8A8
:1024E000283BFFF747FF04F13800FFF749FF04F1ED
:1024F000580804F582554646183530462036FFF711
:102500003FFFAE42F9D104F580554FF480534FF0B0
:102510000009C5E91739C5F858800123EE6604F5AE
:10252000875804F58456C5F8649085F8683085F8B6
:102530007030183608F118084FF0000A4FF0000B01
:1025400046E908ABA6F11800FFF714FF203646F85D
:10255000289C4645F4D185F8E07017B1044800F096
:10256000C3FB044B63622046BDE8F88FE46D0008AE
:10257000BC6D00080064004010B5044B1978044697
:102580004A1C1A70FFF7A0FF204610BD904B002098
:102590002DE9F047002950D0294B2A4FB7FBF1F520
:1025A00099428CBF0A231123581EB5FBF3FC03FB91
:1025B0001C53C4B22BB102280346F5D80020BDE855
:1025C000F0870CF1FF36B6F5806FF7D2C4EBC40E7E
:1025D0000EF103034FEAE309C3F3C703A4EB0308B7
:1025E00009F1010A4FF47A755FFA88F009FB055585
:1025F0005AFA88F8B5FBF8F5B5F5617FC1BF0EF161
:10260000FF33C3F3C703E01AC0B25C1C50FA84F472
:102610000CFB04F4B7FBF4F4A142CFD1013BDBB2D5
:102620000F2BCBD80138C0B20728C7D800211071B2
:1026300016809170D3700120C1E70846BFE700BF44
:102640003F420F0040787D0170B505460E464FF4BD
:102650007A746B6A5B6803F00103B34207D04FF4EE
:102660007A7002F0B5F9013CF3D1204670BD01202B
:10267000FCE7000070B5426A936913F0700F17D041
:1026800000230C4D936141F2900400EB431222446D
:1026900011794E0709D5890707D5416A55F8236096
:1026A0008E60117941F0040111710133032BECD1DB
:1026B00070BD00BFD06D000873B51D46436A164655
:1026C0009A68D207044609D59A6801219960C2F335
:1026D0004002CDE900650021FFF760FE636A9A6859
:1026E000D1050BD59A684FF480719960C2F34022EE
:1026F000CDE9006501212046FFF750FE636A9A6824
:10270000D2030BD59A684FF480319960C2F34042EE
:10271000CDE9006502212046FFF740FE04F5805315
:10272000D3F8DC0010B103681B699847204602B05B
:10273000BDE87040FFF79EBFF8B50446466A002921
:1027400077D106F10C073868800775D006EB0115C4
:102750003868D5F8B00110F0040FD5F8B0011ABFF1
:10276000C00840F00040400DA062D5F8B0C11CF098
:10277000020F1CBF40F08040A062D5F8B40106EB08
:10278000011100F00F0084F83400D1F8B80184F88A
:102790002C00D1F8B801000A84F82D00D1F8B80156
:1027A000000C84F82E00D1F8B801000E84F82F0038
:1027B000D1F8BC0184F83000D1F8BC01000A84F8DB
:1027C0003100D1F8BC01000C84F83200D1F8BC1102
:1027D000090E84F833103821396004F1440004F103
:1027E000280104F1340551F8046B40F8046BA94248
:1027F000F9D109880180C4E90E2321460023A4F8F9
:10280000403051F8383B20461B6C984704F5805304
:1028100093F8D820D3F8DC0042F0040283F8D820E3
:1028200010B103681B6998472046BDE8F840FFF7E0
:1028300021BF06F1100786E7F8BD000010B5044679
:1028400000F05AFA02460B4652EA030102D0013A5E
:1028500063F100030449086820B12146BDE8104037
:10286000FFF76ABF10BD00BF8C4B0020F0B53021D0
:1028700081F31188DFF848E000F583511831002416
:1028800041F2900C00EB441565442E7977070ED485
:10289000F6060CD5D1E9007697429E4107D2466AEA
:1028A0005EF82470B7602E7946F004062E7101346C
:1028B000032C01F12001E5D1002383F31188F0BD41
:1028C000D06D000808B5302383F31188FFF7D2FEDE
:1028D000002383F3118808BD2DE9F041436A0446C3
:1028E000986800F0E050B0F1E05F0E4622D0F8B1F9
:1028F000302383F31188002504F5845741F29008B2
:1029000004EB451343441B791A0706D50135032D03
:1029100007F12007F4D1012007E05B07F6D4394620
:10292000304600F08BFA0028F0D1002383F31188A1
:10293000BDE8F0810120FBE708B5302383F311885F
:1029400000F58050C06EFFF725FB002383F311884C
:1029500043090CBF0120002008BD0000F8B51D464A
:10296000002313700F4606461446FFF7E5FF80F07C
:102970000100387025B129463046FFF7ADFF2070C1
:10298000F8BD00002DE9B8410C4615461F468046AB
:1029900000F0B2F90B462178024609B9287850B107
:1029A0004046FFF763FFFFF78DFF3B462A4621466F
:1029B000FFF7D4FF0120BDE8B881000070B53026D4
:1029C00086F31188174B1A6C42F000721A641A6A67
:1029D00042F000721A621A6A22F000721A62002330
:1029E00083F3118800F5805494F8D83013F0010572
:1029F00016D1A9B186F311880321132001F026FA1C
:102A00000321142001F022FA0321152001F01EFAFF
:102A100094F8D83043F0010384F8D83085F3118856
:102A200070BD00BF003802402DE9F04700F5805529
:102A300088B095F8E030012B04468846164600F22F
:102A40008280824F57F823200AB947F82300D7F82D
:102A500000A0C4F81C8084F82060BAF1000F64D094
:102A600095F8E030012B70D001212046FFF7A6FF3A
:102A7000302383F31188626A136823F00203136022
:102A8000626A136843F001031360636A00275F61A1
:102A900087F3118801212046FFF7D6FD002800F0BA
:102AA0009580E86EFFF764FA04F58359BA4609F198
:102AB0001809202200216846FEF7BEFE02A8FFF793
:102AC00059FCCDF818A06A4609EB07030DF1180E62
:102AD0009446BCE80300F44518605960624603F16F
:102AE0000803F5D1DCF80000186020379CF80420BA
:102AF0001A71602FDDD195F8D8306FF3820300276B
:102B000085F8D8306A4641462046ADF80070ADF8E9
:102B100002708DF80470FFF73BFD636A48BB4FF409
:102B200000421A6008B0BDE8F08741F2E800FFF704
:102B30004FFB814610B15146FFF7C6FCC7F8009025
:102B4000B9F1000F8CD10020ECE7386803681B6BEB
:102B500098470146002887D13868FFF72FFF38686B
:102B6000036832465B684146984700287FF47CAF93
:102B7000E9E761221A609DF802309DF803201B06E8
:102B8000120402F4702203F040731343BDF80020D6
:102B9000C2F3090213439DF804201205022E02F429
:102BA000E0020CBF4FF0004100211343626A0B4367
:102BB000D361636A13225A61626A136823F00103C6
:102BC000136039462046FFF73FFD08B9636AA6E760
:102BD00095F8E03093BB616AD1F8002242F001021F
:102BE000C1F80022616AD1F8002222F47C5222F05E
:102BF0000E02C1F80022616AD1F8002242F460623C
:102C0000C1F80022626AC2F81432626AC2F8043261
:102C1000626A41F6FF71C2F80C12626AC2F8403271
:102C2000626AC2F84432636A0122C3F81C22626AF3
:102C3000D2F8003223F00103C2F8003295F8D83000
:102C400043F0020385F8D8306CE700BF8C4B0020BE
:102C500008B500F051F850EA0103024602D0421EC6
:102C600061F10001044B186810B10B46FFF724FD19
:102C7000BDE8084001F0C0B88C4B002008B500202A
:102C8000FFF7DCFDBDE8084001F0B6B808B501204B
:102C9000FFF7D4FDBDE8084001F0AEB800B59BB029
:102CA000EFF3098168226846FEF7A0FDEFF3058384
:102CB000014B9B6BFEE700BF00ED00E008B5FFF79E
:102CC000EDFF000000B59BB0EFF309816822684674
:102CD000FEF78CFDEFF30583014B5B6BFEE700BF56
:102CE00000ED00E0FEE700000FB408B5029801F027
:102CF00015FEFEE702F08CBA02F06EBA0139C9B2D5
:102D000002299EBF00EBC1000023C0E901337047D8
:102D10002DE9F8431E461B885B070546884618D4F4
:102D2000044600F118094C4513D063686BB12B6859
:102D30002846DB6B98473388A768C1B243F0040389
:102D400060684246B8470834EDE7A368002BEED12F
:102D5000F9E70120BDE8F88373B56C4684E8060006
:102D6000014600224E68D5B26EB98E685EB900EB9E
:102D7000C200021D94E80300013582E803001D70C3
:102D8000012002B070BD0132032A01F10801E9D12E
:102D90000020F6E72DE9F04F2DED028B89B09FED75
:102DA000258BBDF8508004468B46054600F1180976
:102DB000002708F0040AA94536D06B680BB9AB6848
:102DC00063B1BAF1000F0BD123682046DB6B984743
:102DD0004346C1B25A46D5E90106B0470835EAE78D
:102DE000002FFBD18DED008BADF808705B4603AA78
:102DF0000BF1080C18685968174603C70833634578
:102E00003A46F7D1186838609B88BB80FFF774FF9B
:102E10000423ADF808302368CDE900011B6C694636
:102E2000204698470127D9E7012009B0BDEC028B65
:102E3000BDE8F08F000000000000000030B503681E
:102E40000968DD0FB5EBD17F23F0604421F06042CB
:102E50004FEAD1700BD0002BB8BFA40C0029B8BF2B
:102E6000920C944202D034BF0120002030BD944225
:102E700005D1C1F38070C3F380738342F6D19442CD
:102E80002CBF00200120F1E72DE9F041456A15B97A
:102E90004162BDE8F0814B6823F06047C3F38A4686
:102EA0004FEAD37EC3F3807816EA230638BF3E4646
:102EB000AC462B465A68BEEBD27F22F060440AD063
:102EC000002A18DAA40CB44217D19D420FD10D602C
:102ED000DEE71346EEE7A74207D102F08044C2F3D3
:102EE000807242450BD054B1EFE708D2EDE7CCF841
:102EF00000100B60CDE7B44201D0B442E5D81A68A7
:102F00009C46002AE5D11960C3E700002DE9F0478F
:102F1000089D01F007044FEAD508224405F0070593
:102F200000EBD1004FF47F49944201D1BDE8F08716
:102F300004F0070705F0070A57453E4638BF5646D6
:102F4000C6F10806111B8E4228BF0E46E10808EBA9
:102F5000D50E415C13F80EC0B94029FA06F721FAE4
:102F60000AF1FFB28CEA010147FA0AF739408CEA0C
:102F7000010C03F80EC034443544D5E780EA012043
:102F8000082341F2210201B24000002980B203F17E
:102F9000FF33B8BF504013F0FF03F4D17047000077
:102FA00038B50C468D18A54200D138BD14F8011B68
:102FB000FFF7E4FFF7E7000042684AB11368436097
:102FC0004389818901339BB29942438138BF838110
:102FD0001046704770B588B0202204460D466846FA
:102FE0000021FEF729FC20460495FFF7E5FF024685
:102FF00058B16B46054608AE1C4603CCB442286067
:103000006960234605F10805F6D1104608B070BD89
:10301000082817D909280CD00A280CD00B280CD066
:103020000C280CD00D280CD00E2814BF40203020C6
:1030300070470C20704710207047142070471820EC
:103040007047202070470000082817D90C280CD999
:1030500010280CD914280CD918280CD920280CD9E0
:1030600030288CBF0F200E207047092070470A209F
:1030700070470B2070470C2070470D2070470000F0
:103080002DE9F843078C072F04461ED9D0E9029892
:1030900000254FF6FF73C5F12006A5F1200029FA9F
:1030A00005F108FA06F628FA00F031430143C9B2E7
:1030B0001846FFF763FF0835402D0346EBD1E16961
:1030C0003A46BDE8F843FFF76BBF4FF6FF70BDE827
:1030D000F883000010B54B6823B9CA8A63F309026C
:1030E000CA8210BD04691A681C600361C38A013B6F
:1030F000C3824A60EFE700002DE9F84F1D46CB8AF6
:103100000F46C3F309010529814692460B4630D08C
:103110000020AAB207F11A049EB2042E1FFA80F80A
:103120000FD8904503F1010306D3FB8A0A4462F3EA
:103130000903FB8201201AE01AF80060E65401300E
:10314000EAE79045F1D2A1F1050B1C237C68BBFB9B
:10315000F3F203FB12BB1FFA8BF6002C45D1484655
:10316000FFF72AFF044638B978606FF00200BDE827
:10317000F88F4FF00008E6E7002606607860ADB2F1
:103180004FF0000B454510D90AEB0803221D13F838
:10319000011B9155B1B208F101081B291FFA88F8EB
:1031A0002BD0454506F10106F1D8FB8AC3F309028D
:1031B000154465F30903BCE7013292B21C4623684B
:1031C000002BF9D16B1F0B441C21B3FBF1F301332E
:1031D0009BB29A42D3D2BBF1000FD0D14846FFF741
:1031E000EBFE20B9C4F800B0BFE70122E7E7C0F862
:1031F00000B05E4620600446C1E74545D5D9484643
:10320000FFF7DAFE08B92060AFE7C0F800B000268B
:1032100020600446B6E700002DE9F04F2DED028B4B
:103220001C4683B05B69019207468846002B00F07C
:10323000A780238C2BB1E269002A00F0A180072B24
:1032400035D807F10C00FFF7B7FE054638B96FF027
:103250000205284603B0BDEC028BBDE8F08F1422B6
:103260000021FEF7E9FA228CE16905F10800FEF77A
:10327000BDFA208C013080B2FFF7E6FEFFF7C8FEF2
:10328000013880B22084013028746369228C1B7855
:103290002A4403F01F0363F03F0348F00041137218
:1032A000384669602946FFF7EFFD0125D1E7023373
:1032B0009BB20722C18A0633B3FBF2F3828A521A09
:1032C0009BB292B29342C2D800F10C034FF00009B6
:1032D00008EE103A4FF0800A4E464D4618EE100A9E
:1032E000FFF76AFE83460028B1D014220021FEF7C2
:1032F000A3FA002E3AD1019BABF8083002220BF161
:10330000080E1FFA82FC0CF10100BCF1060F218CA3
:1033100080B201D88E422BD3FFF796FEFFF778FEDE
:1033200062691278013802F01F028E4208BF4FF026
:10333000400A42EA49121BFA80F14AEA020A0130C5
:1033400048F0004281F808A08BF81000CBF8042068
:1033500059463846FFF798FD238C0135B3422DB20C
:1033600089F001094FF0000AB8D172E70022C6E7E0
:10337000E169895D0EF802100136B6B20132C0E78C
:103380006FF0010565E70000F8B515460E463022DE
:10339000002104461F46FEF74FFA069B6360B5F511
:1033A000001F079BA76034BF6A094FF6FF72A36234
:1033B00097B2E66104F1100000239A4206D8002378
:1033C0000360A782E3822383E360F8BD06600133D4
:1033D00030462036F1E7000003781BB94BB2002BD2
:1033E000C8BF01707047000000787047F8B50C4600
:1033F000C969074611B9238C002B37D1257E1F2DB3
:1034000034D8387828BB228C072A2CD8268A36F064
:1034100003032BD14FF6FF70FFF7C2FD20F0010030
:103420003102400441EA0561400C41EA40254FF673
:10343000FF72234629463846FFF7EEFE002807DDD7
:10344000626913780133DBB21F2B88BF002313702E
:10345000F8BD218A2D0645EA012505432046FFF7E0
:103460000FFE0246E5E76FF00300F1E76FF00100A1
:10347000EEE7000070B58AB0044616460021282207
:1034800068461D46FEF7D8F9BDF83830ADF8103063
:103490000F9B05939DF840308DF81830119B0793D2
:1034A0006946BDF84830ADF820302046CDE90265C8
:1034B000FFF79CFF0AB070BD2DE9F041D3690546C6
:1034C0000C4616460BB9138C5BBB377E1F2F28D8D2
:1034D00095F80080B8F1000F26D03046FFF7D0FDF8
:1034E0003378210241EAC33141EA0801338A41EAD3
:1034F000076141EA03410246334641F08001284614
:10350000FFF78AFE00280ADD3378012B07D17269A4
:1035100013780133DBB21F2B88BF00231370BDE883
:10352000F0816FF00100FAE76FF00300F7E70000A9
:10353000F0B58BB004460D46174600212822684698
:103540001E46FEF779F99DF84C305A1E53425341FE
:103550008DF800309DF84030ADF81030119B059388
:103560009DF848308DF81830149B07936A46BDF8D3
:103570005430ADF8203029462046CDE90276FFF7D9
:103580009BFF0BB0F0BD0000406A00B104307047F3
:10359000436A1A68426202691A600361C38A013B86
:1035A000C38270472DE9F041D0F82080194E1446AF
:1035B0001D464146002709B9BDE8F081D1E9022343
:1035C000A21A65EB0303964277EB03031ED2036A4C
:1035D0008B420DD1FFF77EFD036A1B68036203690E
:1035E0000B60C38A0161016A013BC3828846E2E73E
:1035F000FFF770FD0B68C8F8003003690B60C38AE1
:103600000161013BC382D8F80010D4E788460968FD
:10361000D1E700BF80841E002DE9F04F8BB00D462E
:10362000DDF8509014469B468046002800F0198132
:10363000B9F1000F00F01581531E3F2B00F21181EC
:10364000012A03D1BBF1000F40F00B810023CDE92B
:103650000833B8F81430B5EBC30F4FEAC30703D3F0
:1036600000200BB0BDE8F08F2B199F42D8F80C302A
:103670003ABF7F1BFFB227461BB9D8F81030002B8A
:103680007AD0272D4ED8C5F12806B7424FF0000357
:103690002CBFF6B23E4600932946D8F8080008AB86
:1036A0003246FFF733FCA7EB060A35445FFA8AFA85
:1036B000B8F8143003F10053053BDB000493D8F84D
:1036C0000C3003932821039B13B1BAF1000F2CD1C6
:1036D000D8F8100040B1BAF1000F05D0009608AB41
:1036E0005246691AFFF712FC38B2002FB8D06607AD
:1036F0000AD00AAB03EBD401624211F8083C02F095
:103700000702134101F8083C082C3CD9102C40F268
:10371000B580202C40F2B780BBF1000F00F09C80F8
:10372000082334E0BA460026C2E7049BE02B28BFFA
:10373000E02306930B44AB42059314D95A1B03981C
:103740000096924534BF5246D2B2691A08AB043093
:103750000792FFF7DBFB079A1644AAEB020A15440F
:10376000F6B25FFA8AFA049B069A05999B1A0493AB
:10377000039B1B680393A6E70093D8F8080008ABE7
:103780003A462946AEE7BBF1000F13D00123B4EB54
:10379000C30F6CD0082C12D89DF82030621E23FA7B
:1037A00002F2D50706D54FF0FF3202FA04F42343A4
:1037B0008DF820309DF8203089F8003051E7102C2A
:1037C00012D8BDF82030621E23FA02F2D10706D5C6
:1037D0004FF0FF3202FA04F42343ADF82030BDF875
:1037E0002030A9F800303CE7202C0FD80899631E40
:1037F00021FA03F3DA0705D54FF0FF3202FA04F499
:103800000C430894089BC9F800302AE7402C2BD0C1
:10381000DDE90865611EC4F12102A4F1210326FA45
:1038200001F105FA02F225FA03F311431943CB071C
:1038300012D50122A4F12003C4F1200102FA03F3FE
:1038400022FA01F1A240524243EA010363EB43032F
:1038500032432B43CDE90823DDE90823C9E90023DE
:10386000FFE66FF00100FCE66FF00800F9E6082CB7
:10387000A0D9102CB3D9202CEED8C3E7BBF1000F90
:10388000ADD0022383E7BBF1000FBBD004237EE75A
:1038900030B5012A144638BF0124402C85B028BF1A
:1038A00040240025012ACDE9025518D81B788DF84F
:1038B000083063070AD004AB03EBD405624215F865
:1038C000083C02F00702934005F8083C00910346CB
:1038D0002246002102A8FFF719FB05B030BD082AD7
:1038E000E4D9102A03D81B88ADF80830E1E7202A74
:1038F0008DBFD3E900231B680293CDE90223D8E7EB
:1039000010B5CB681BB98B600B618B8210BD04694D
:103910001A681C600361C38A013BC382CA60F0E776
:1039200003064CBFC0F3C0300220704708B5024602
:10393000FFF7F6FF022806D15306C2F30F2001D18C
:1039400000F0030008BDC2F30740FBE72DE9F04F8C
:1039500093B0CDE903230A6804461046FFF7E0FF61
:10396000022814BFC2F306260026002A0D4682460E
:1039700080F2F78112F0C04940F0F381097B002901
:1039800000F0EF81022803D02378B34240F0EC81AD
:10399000C2F304630693104602F07F030593FFF71A
:1039A000C5FF059B29444FEA834848EA0A4848EA8C
:1039B0004668CE7800230022CDE90823F309834628
:1039C00048EA0008029367D0059B009302466768A7
:1039D000534608A92046B847002800F0C881276A46
:1039E0004FB9414604F10C00FFF7F4FA074690B9CD
:1039F0006FF0020054E03B6998450DD03F68002FFE
:103A0000F9D1414604F10C00FFF7E4FA074600281B
:103A1000EED0236A3B60276297F817C006F01F08B4
:103A2000CCF3840CACEB08001FFA80FE0028B8BF72
:103A30000EF12000A8EB0C031FFA83FED7E9022148
:103A4000B8BF00B2002B0793BEBF0EF120031BB21C
:103A5000079352EA010338D0039BDFF824E39A1A54
:103A6000049B4FF0000C63EB010196457CEB0103D6
:103A70002BD36B7B97F81AE0734519D1029B002B6F
:103A800078D0012821DC7868F8B9DFF8F0C29445D5
:103A900070EB010316D337E0276A27B96FF00C00EB
:103AA00013B0BDE8F08F3B699845B5D03F68F4E7A7
:103AB000B24890427CEB010301D30020F0E7029B67
:103AC000002BFAD0079B0F2B17DCFA7DB30002F016
:103AD000030203F07C031343FB7539462046FFF7CE
:103AE000F9FA6B7BBB76029B3BB9FB7DC3F3840287
:103AF000013262F38603FB75D0E76A7BBB7E9A4294
:103B0000DBD1029B002B35D0B309022B32D0039BB3
:103B1000BB60049BFB60142200210DA8FDF78CFE06
:103B2000039B0A93049B0B932B1D0C932B7BADF8EB
:103B30003EB0013BDBB2ADF83C30069B8DF8423025
:103B4000059B8DF8433094F82C308DF840A083F01D
:103B500001038DF844308DF84180A3680AA92046FE
:103B60009847FB7DC3F38403013303F01F039B02DB
:103B7000FB82A2E7FB7DC6F34012B2EBD31F40F0FD
:103B8000F980C3F38403434540F0FC80029A2B7B09
:103B9000B609002A52D016F0010661D1032B40F27B
:103BA000F480039BBB60049BFB60FB8A66F3090304
:103BB000FB822B7BAE1D033BDBB23246394604F160
:103BC0000C00FFF799FA00280CDA39462046FFF777
:103BD00081FAFB7DC3F38403013303F01F039B02CF
:103BE000FB8205E7DDE90884AB883B834FF6FF7372
:103BF000C9F12000A9F1200228FA09F104FA00F025
:103C0000014324FA02F211431846C9B2FFF7B6F98C
:103C100009F10809B9F1400F0346E9D1B8822A7BBE
:103C2000033AD2B23146FFF7BBF9FB7DB882DA43E3
:103C3000C2F3C01262F3C713FB753EE786B92E1DAF
:103C4000013BDBB23246394604F10C00FFF754FA6F
:103C50000028BADB2A7BB88A013AD2B23146E2E7C1
:103C6000F98AC1F30901013B0429DAB25BD8281DA6
:103C7000002307F11B069A4208D910F801CB06F879
:103C800001C0013101330529DBB2F4D103990A9156
:103C900004990B91934207F11B010C9138BF043337
:103CA00079680D9134BF55FA83F300230E93FB8A94
:103CB000ADF83EB0C3F309031A44069B8DF84230B9
:103CC000059B8DF8433094F82C30ADF83C2083F000
:103CD00001038DF8443000238DF840A08DF8418019
:103CE0007B602A7BB88A013A291DFFF759F93B8B83
:103CF000B882834203D1A3680AA920469847204688
:103D00000AA9FFF7FDFDFB7DBA8AC3F384030133E3
:103D100003F01F039B02FB823B8B9A420CBF0020E7
:103D20006FF01000BCE67B68002BAFD0052001E0EF
:103D30001C3033461E68002EFAD1091A081D2E1DAC
:103D4000184401EB090CBCF11B0F5FFA89F39DD8F5
:103D50009A429BD916F8013B00F8013B09F1010991
:103D6000EFE76FF009009BE66FF00A0098E66FF04E
:103D70000B0095E66FF00D0092E600BF40420F0089
:103D800080841E006FF00E008AE66FF00F0087E659
:103D9000EFF3098305494A6B22F001024A63683355
:103DA00083F30988002383F31188704700EF00E054
:103DB000302080F3118862B60C4B0D4AD96821F48B
:103DC000E0610904090C0A43DA60D3F8FC200949D0
:103DD00042F08072C3F8FC200A6842F001020A60D7
:103DE0002022DA7783F82200704700BF00ED00E060
:103DF0000003FA05001000E010B5302383F31188AA
:103E00000E4B5B6813F4006314D0F1EE103AEFF33D
:103E10000984683C4FF08073E361094BDB6B2366D8
:103E200084F3098800F044FD10B1064BA36110BD76
:103E3000054BFBE783F31188F9E700BF00ED00E0D5
:103E400000EF00E03F0300084203000800F1604378
:103E500003F561430901C9B283F80013012200F0A0
:103E60001F039A4043099B0003F1604303F561433C
:103E7000C3F880211A6070470268436811430160EB
:103E800003B1184770470000143002F0E5BA000093
:103E90004FF0FF33143002F0DFBA0000383002F088
:103EA0005BBB00004FF0FF33383002F055BB000021
:103EB000143002F0ABBA00004FF0FF31143002F0C2
:103EC000A5BA0000383002F005BB00004FF0FF3209
:103ED000383002F0FFBA0000012914BF6FF0130060
:103EE0000020704701F03EBF37B515460E4A02600C
:103EF00000224260C0E902220122044602740B46FD
:103F0000009000F15C014FF48072143002F054FA1A
:103F100000942B464FF4807204F5AE7104F1380022
:103F200002F0CCFA03B030BD286E000810B5302383
:103F3000044683F3118801F03BFF02232374002021
:103F400080F3118810BD000038B5C36904460D46E2
:103F50001BB904210844FFF78FFF294604F1140020
:103F600002F038FA002806DA201D4FF40061BDE89F
:103F70003840FFF781BF38BD0268436811430160D4
:103F800003B118477047000013B5446BD4F894345C
:103F90001A681178042915D1217C022912D11979C6
:103FA000128901238B4013420CD101A904F14C006A
:103FB00002F0D6F8D4F89444019B21790246206897
:103FC00000F0D6F902B010BD143002F059B800006C
:103FD0004FF0FF33143002F053B800004C3002F0C1
:103FE0002BB900004FF0FF334C3002F025B9000030
:103FF000143002F027B800004FF0FF31143002F007
:1040000021B800004C3002F0F7B800004FF0FF324A
:104010004C3002F0F1B800000020704710B5D0F825
:1040200094341A6811780429044617D1017C0229B6
:1040300014D15979528901238B4013420ED1143087
:1040400001F0BAFF024648B1D4F894444FF48073AB
:1040500061792068BDE8104000F078B910BD00001B
:10406000406BFFF7DBBF0000704700007FB5124BCD
:10407000036000234360C0E90233012502260F4B91
:10408000057404460290019300F1840229460096CB
:104090004FF48073143001F06BFF094B0294CDE9AB
:1040A000006304F523724FF48073294604F14C0039
:1040B00002F032F804B070BD506E00086140000894
:1040C000893F00080B68302282F311880A7903EBDC
:1040D000820210624A790D3243F822008A7912B1C5
:1040E00003EB820318620223C0F8941403740020C7
:1040F00080F311887047000038B5037F044613B180
:1041000090F85430ABB9201D01250221FFF734FF90
:1041100004F1140025776FF0010100F081FC84F8B0
:10412000545004F14C006FF00101BDE8384000F03C
:1041300077BC38BD10B5012104460430FFF71CFFE1
:104140000023237784F8543010BD000038B50446AE
:104150000025143001F024FF04F14C00257701F014
:10416000F3FF201D84F854500121FFF705FF20467E
:10417000BDE83840FFF752BF90F85C3003F06003B1
:10418000202B07D190F85D20212A4FF0000303D89F
:104190001F2A06D800207047222AFBD1C0E9143319
:1041A00003E0034A026507224265836501207047E8
:1041B0002423002037B5D0F894341A6811780429E4
:1041C00004461AD1017C022917D1197912890123D9
:1041D0008B40134211D100F14C05284602F074F8CF
:1041E00058B101A9284601F0BBFFD4F89444019BC3
:1041F00021790246206800F0BBF803B030BD000012
:10420000F0B500EB810385B01E6A04460D46FEB191
:10421000302383F3118804EB8507301D0821FFF755
:10422000ABFEFB685B691B6806F14C001BB101909B
:1042300001F0A4FF019803A901F092FF024648B1E2
:10424000039B2946204600F093F8002383F311884E
:1042500005B0F0BDFB685A691268002AF5D01B8AC8
:10426000013B1340F1D104F15C02EAE70D3138B5AE
:1042700050F82140DCB1302383F31188D4F8942422
:104280001368527903EB8203DB689B695D6845B173
:1042900004216018FFF770FE294604F1140001F0B4
:1042A00095FE2046FFF7BAFE002383F3118838BD40
:1042B0007047000001F0D8B810B501230446282249
:1042C00000F8243B0021FDF7B7FA0023C4E90133CD
:1042D00010BD000038B50446302383F31188002553
:1042E000C0E90355C0E90555C0E90755416001F033
:1042F000CBF80223237085F31188284638BD0000CF
:1043000070B500EB810305465069DA600E4614462D
:1043100018B110220021FDF78FFAA06918B1102200
:104320000021FDF789FA31462846BDE8704001F0CA
:1043300075B90000826802F0011282600022C0E9B3
:104340000422C0E90622026201F0F4B9F0B400EBE5
:1043500081044789E4680125A4698D403D43458176
:1043600023600023A2606360F0BC01F00FBA00007C
:10437000F0B400EB81040789E468012564698D408D
:104380003D43058123600023A2606360F0BC01F01F
:1043900089BA000070B50223002504460370C0E905
:1043A0000255C0E90455C0E906554566056280F826
:1043B0004C5001F0CFF863681B6823B129462046B2
:1043C000BDE87040184770BD0378052B10B5044652
:1043D0000AD080F868300523037043681B680BB16E
:1043E000042198470023A36010BD0000017805292F
:1043F00006D190F86820436802701B6803B1184723
:104400007047000070B590F84C30044613B100239B
:1044100080F84C3004F15C02204601F0ADF963688D
:104420009B68B3B994F85C3013F0600535D0002177
:10443000204601F061FC0021204601F053FC636836
:104440001B6813B1062120469847062384F84C3098
:1044500070BD204698470028E4D0B4F86230626D01
:104460009A4288BF636594F95C30656D002B4FF00C
:10447000300380F20381002D00F0F280092284F8DD
:104480004C2083F311880021D4E914232046FFF740
:104490006FFF002383F31188DAE794F85D2003F0BF
:1044A0007F0343EA022340F20232934200F0C580C8
:1044B00021D8B3F5807F48D00DD8012B3FD0022BF7
:1044C00000F09380002BB2D104F164022265022235
:1044D0006265A365C1E7B3F5817F00F09B80B3F50A
:1044E000407FA4D194F85E30012BA0D1B4F86430A1
:1044F00043F0020332E0B3F5006F4DD017D8B3F5A7
:10450000A06F31D0A3F5C063012B90D8636894F8F5
:104510005E205E6894F85F10B4F860302046B047C3
:10452000002884D043682365036863651AE0B3F507
:10453000106F36D040F6024293427FF478AF5C4B66
:104540002365022363650023C3E794F85E30012BE3
:104550007FF46DAFB4F8643023F00203C4E914555E
:10456000A4F86430A56578E7B4F85C30B3F5A06FC3
:104570000ED194F85E3084F86630204601F042F89F
:1045800063681B6813B101212046984703232370F9
:104590000023C4E914339CE704F167032365012376
:1045A000C3E72378042B10D1302383F311882046EE
:1045B000FFF7C0FE85F311880321636884F8675014
:1045C00021701B680BB12046984794F85E30002B91
:1045D000DED084F867300423237063681B68002BE7
:1045E000D6D0022120469847D2E794F860301D06C5
:1045F00003F00F0120460AD501F0B0F8012804D0DD
:1046000002287FF414AF2B4B9AE72B4B98E701F06D
:1046100097F8F3E794F85E30002B7FF408AF94F836
:10462000603013F00F01B3D01A06204602D501F016
:1046300077FBADE701F06AFBAAE794F85E30002B48
:104640007FF4F5AE94F8603013F00F01A0D01B0694
:10465000204602D501F050FB9AE701F043FB97E7B3
:10466000142284F84C2083F311882B462A462946CD
:104670002046FFF76BFE85F31188E9E65DB1152250
:1046800084F84C2083F311880021D4E914232046B8
:10469000FFF75CFEFDE60B2284F84C2083F31188C3
:1046A0002B462A4629462046FFF762FEE3E700BF75
:1046B000806E0008786E00087C6E000838B590F8AF
:1046C0004C300446002B3ED0063BDAB20F2A34D8D9
:1046D0000F2B32D8DFE803F0373131082232313185
:1046E0003131313131313737456DB0F862309D426B
:1046F00014D2C3681B8AB5FBF3F203FB12556DB9E4
:10470000302383F311882B462A462946FFF730FED3
:1047100085F311880A2384F84C300EE0142384F8C2
:104720004C30302383F3118800231A461946204663
:10473000FFF70CFE002383F3118838BD836D03B1AE
:1047400098470023E7E70021204601F0D5FA002131
:10475000204601F0C7FA63681B6813B106212046A2
:1047600098470623D7E7000010B590F84C30142B7B
:10477000044629D017D8062B05D001D81BB110BD8F
:10478000093B022BFBD80021204601F0B5FA00219D
:10479000204601F0A7FA63681B6813B10621204682
:1047A0009847062319E0152BE9D10B2380F84C30EC
:1047B000302383F3118800231A461946FFF7D8FDEA
:1047C000002383F31188DAE7C3689B695B68002BD9
:1047D000D5D1836D03B19847002384F84C30CEE7E0
:1047E00000230375826803691B6899689142FBD2B4
:1047F0005A68036042601060586070470023037578
:10480000826803691B6899689142FBD85A68036003
:10481000426010605860704708B50846302383F343
:1048200011880B7D032B05D0042B0DD02BB983F3FE
:10483000118808BD8B6900221A604FF0FF33836135
:10484000FFF7CEFF0023F2E7D1E9003213605A6090
:10485000F3E70000FFF7C4BF054BD9680875186877
:1048600002681A60536001220275D860FBF752BDDE
:10487000984B002030B50C4BDD684B1C87B00446CC
:104880000FD02B46094A684600F05EF92046FFF734
:10489000E3FF009B13B1684600F060F9A86907B018
:1048A00030BDFFF7D9FFF9E7984B00201948000801
:1048B000044B1A68DB6890689B68984294BF00209C
:1048C00001207047984B0020084B10B51C68D86831
:1048D00022681A60536001222275DC60FFF78EFFA8
:1048E00001462046BDE81040FBF714BD984B002060
:1048F00038B5074C07490848012300252370656037
:1049000001F076FE0223237085F3118838BD00BFC5
:10491000004E0020886E0008984B002008B572B643
:10492000044B186500F048FC00F0F0FC024B032239
:104930001A70FEE7984B0020004E002000F044B9AA
:10494000034A516853685B1A9842FBD8704700BF0E
:10495000001000E08B60022308618B8208467047DC
:104960008368A3F1840243F8142C026943F8442CB1
:10497000426943F8402C094A43F8242CC26843F8A2
:10498000182C022203F80C2C002203F80B2C044AEA
:1049900043F8102CA3F12000704700BF2D0300083E
:1049A000984B002008B5FFF7DBFFBDE80840FFF794
:1049B00051BF0000024BDB6898610F20FFF74CBF2E
:1049C000984B0020302383F31188FFF7F3BF0000DA
:1049D00008B50146302383F311880820FFF74AFF0A
:1049E000002383F3118808BD064BDB6839B14268A8
:1049F00018605A60136043600420FFF73BBF4FF01C
:104A0000FF307047984B00200368984206D01A6820
:104A10000260506099611846FFF71CBF70470000A4
:104A200038B504460D462068844200D138BD03687D
:104A300023605C608561FFF70DFFF4E710B5036844
:104A40009C68A2420CD85C688A600B604C60216054
:104A5000596099688A1A9A604FF0FF33836010BDDD
:104A60001B68121BECE700000A2938BF0A2170B549
:104A700004460D460A26601901F0B4FD01F0A0FDC0
:104A8000041BA54203D8751C2E460446F3E70A2EE4
:104A900004D9BDE87040012001F0EABD70BD0000FE
:104AA000F8B5144B0D46D96103F1100141600A2A93
:104AB0001969826038BF0A22016048601861A8182D
:104AC000144601F081FD0A2701F07AFD431BA34241
:104AD000064606D37C1C281901F084FD274635467E
:104AE000F2E70A2F04D9BDE8F840012001F0C0BD6B
:104AF000F8BD00BF984B0020F8B506460D4601F002
:104B00005FFD0F4A134653F8107F9F4206D12A4695
:104B100001463046BDE8F840FFF7C2BFD169BB6827
:104B2000441A2C1928BF2C46A34202D92946FFF764
:104B30009BFF224631460348BDE8F840FFF77EBFA1
:104B4000984B0020A84B002010B4C0E90323002399
:104B50005DF8044B4361FFF7CFBF000010B5194C5F
:104B6000236998420DD0D0E90032816813605A6001
:104B70009A680A449A60002303604FF0FF33A361F0
:104B800010BD2346026843F8102F536000220260D4
:104B900022699A4203D1BDE8104001F01DBD93681F
:104BA00081680B44936001F00BFD2269E169926812
:104BB000441AA242E4D91144BDE81040091AFFF793
:104BC00053BF00BF984B00202DE9F047DFF8BC80B1
:104BD00008F110072C4ED8F8105001F0F1FCD8F86D
:104BE0001C40AA68031B9A423ED81444D5E90032FF
:104BF0004FF00009C8F81C4013605A60C5F80090D7
:104C0000D8F81030B34201D101F0E6FC89F31188E5
:104C1000D5E9033128469847302383F311886B691F
:104C2000002BD8D001F0CCFC6A69A0EB04094A45FE
:104C300082460DD2022001F01BFD0022D8F8103070
:104C4000B34208D151462846BDE8F047FFF728BFD8
:104C5000121A2244F2E712EB090938BF4A462946E4
:104C60003846FFF7EBFEB5E7D8F81030B34208D06E
:104C70001444211AC8F81C00A960BDE8F047FFF7EA
:104C8000F3BEBDE8F08700BFA84B0020984B002082
:104C900038B501F095FC054AD2E90845031B1819FF
:104CA00045F10001C2E9080138BD00BF984B002062
:104CB00000207047FEE70000704700004FF0FF3013
:104CC0007047000002290CD0032904D001290748AD
:104CD00018BF00207047032A05D8054800EBC20022
:104CE0007047044870470020704700BF606F00089D
:104CF00034230020146F000870B59AB005460846AA
:104D000001A9144600F0C2F801A8FCF78DFD431C70
:104D10005B00C5E900340022237003236370C6B230
:104D200001AB02341046D1B28E4204F1020401D824
:104D30001AB070BD13F8011B04F8021C04F8010C32
:104D40000132F0E708B5302383F311880348FFF7F9
:104D500031FA002383F3118808BD00BF084E0020FC
:104D600090F85C3003F01F02012A07D190F85D2013
:104D70000B2A03D10023C0E9143315E003F06003CC
:104D8000202B08D1B0F860302BB990F85D20212A93
:104D900003D81F2A04D8FFF7EFB9222AEBD0FAE78D
:104DA000034A02650722426583650120704700BF00
:104DB0002B23002007B5052917D8DFE801F01916C5
:104DC00003191920302383F31188104A019001211F
:104DD000FFF796FA01980E4A0221FFF791FA0D4863
:104DE000FFF7B4F9002383F3118803B05DF804FBE7
:104DF000302383F311880748FFF77EF9F2E7302369
:104E000083F311880348FFF795F9EBE7B46E0008C8
:104E1000D86E0008084E002038B50C4D0C4C0D49DA
:104E20002A4604F10800FFF767FF05F1CA0204F102
:104E300010000949FFF760FF05F5CA7204F1180078
:104E40000649BDE83840FFF757BF00BFD0520020E9
:104E500034230020946E00089E6E0008A96E00089E
:104E600070B5044608460D46FCF7DEFCC6B2204687
:104E7000013403780BB9184670BD32462946FCF759
:104E8000BFFC0028F3D10120F6E700002DE9F84F20
:104E900005460C46FCF7C8FC2B49C6B22846FFF76E
:104EA000DFFF08B10436F6B228492846FFF7D8FFDD
:104EB00008B11036F6B2632E0DD8DFF88C90DFF80B
:104EC0008CA0DFF89480DFF894B0214F2E7846B99B
:104ED0002670BDE8F88F29462046BDE8F84F01F05E
:104EE0001DBF252E2CD1072249462846FCF788FCF9
:104EF00050B93B6823607B6863603B892381BB7A40
:104F0000A37207350B34E1E7082251462846FCF727
:104F100077FCA8B90F4BA21C19780909023211F8C5
:104F2000081002F8041C13F8011B01F00F015B4587
:104F300011F8081002F8031CEED118340835C5E743
:104F400004F8016B0135C1E7806F0008A96E000805
:104F50003A6D0008107AFF1F886F00081C7AFF1F47
:104F6000BFF34F8F024AD368DB03FCD4704700BF06
:104F7000003C024008B5094B1B7873B9FFF7F0FFFE
:104F8000074B1A69002ABFBF064A5A6002F18832ED
:104F90005A601A6822F480621A6008BD2E550020FB
:104FA000003C02402301674508B50B4B1B7893B9C1
:104FB000FFF7D6FF094B1A6942F000421A611A68DE
:104FC00042F480521A601A6822F480521A601A68F9
:104FD00042F480621A6008BD2E550020003C024059
:104FE0000728F0B516D80C4C0C4923787BB90C4D2A
:104FF0000E4608234FF0006255F8047B46F8042B58
:10500000013B13F0FF033A44F6D10123237051F81A
:105010002000F0BD0020FCE7505500203055002056
:105020009C6F0008014B53F8200070479C6F0008EC
:1050300008207047072810B5044601D9002010BD8C
:10504000FFF7CEFF064B53F824301844C21A0BB9B1
:105050000120F4E712680132F0D1043BF6E700BF0B
:105060009C6F0008072810B5044621D8FFF778FF89
:10507000FFF780FF0F4AF323D360C300DBB243F492
:10508000007343F002031361136943F48033136127
:10509000FFF766FFFFF7A4FF074B53F8241000F05B
:1050A00031F9FFF781FF2046BDE81040FFF7C2BF8E
:1050B000002010BD003C02409C6F0008F8B512F0C3
:1050C0000103144642D185182E4A954257D82E4BDB
:1050D0001B6813F0010352D02C4DFFF74BFFF32355
:1050E000EB60FFF73DFF40F20127032C15D824F0B9
:1050F00001046618254C401A40F20117B142236999
:1051000000EB010524D123F001032361FFF74CFFDD
:105110000120F8BD043C0430E7E78307E7D12B69A1
:1051200023F440732B612B693B432B6151F8046BD3
:105130000660BFF34F8FFFF713FF03689E42E9D06D
:105140002B6923F001032B61FFF72EFF0020E0E71E
:1051500023F44073236123693B4323610B882B8035
:10516000BFF34F8FFFF7FCFE2D8831F8023BADB245
:10517000AB42C3D0236923F001032361E4E718465F
:10518000C7E700BF0000080800380240003C0240AA
:10519000084908B50B7828B11BB9FFF7EBFE0123CE
:1051A0000B7008BD002BFCD0BDE808400870FFF76D
:1051B000FBBE00BF2E5500200149024800F0A4B8F4
:1051C00000FF0300000100200846114601F056BD13
:1051D000084601F069BD000038B5EFF311859DB9AF
:1051E000EFF30584C4F30804302334B183F311884A
:1051F000FFF74EFD85F3118838BD83F31188FFF763
:1052000047FD84F3118838BDBDE83840FFF740BD45
:1052100038B5FFF7E1FF114C114AC00840EA417070
:10522000A0FB025EC908A0FB040C1CEB050CA1FB53
:1052300004404FF000035B41A1FB02121CEB040C85
:1052400043EB000011EB0E0142F10002411842F164
:105250000000090941EA007038BD00BFCFF753E3F1
:10526000A59BC42010B50244064BD2B2904200D197
:1052700010BD441C00B253F8200041F8040BE0B20A
:10528000F4E700BF502800400F4B30B51C6F2404DA
:1052900007D41C6F44F400741C671C6F44F4004472
:1052A0001C670A4C236843F4807323600244084B54
:1052B000D2B2904200D130BD441C00B251F8045B20
:1052C00043F82050E0B2F4E700380240007000409C
:1052D0005028004007B5012201A90020FFF7C2FFB6
:1052E000019803B05DF804FB13B50446FFF7F2FF25
:1052F000A04205D0012201A900200194FFF7C4FFBC
:1053000002B010BD704700007047000070470000F9
:10531000074B45F255521A6003225A6040F2FF7261
:105320009A604CF6CC421A60024B01221A70704708
:105330000030004058550020034B1B781BB1034B35
:105340004AF6AA221A6070475855002000300040E3
:10535000034B1A681AB9034AD2F874281A607047C6
:105360005455002000300240024B4FF08072C3F8C9
:10537000742870470030024008B5FFF7E9FF024B80
:105380001868C0F3407008BD5455002008B5FFF7F9
:10539000DFFF024B1868C0F3007008BD54550020B1
:1053A000CAB201460120FFF76FBF0000CAB2014632
:1053B0000120FFF757BF000070470000FEE7000024
:1053C0000A4B0B480B4A90420BD30B4BDA1C121AB8
:1053D000C11E22F003028B4238BF00220021FCF7DD
:1053E0002BBA53F8041B40F8041BECE7A871000823
:1053F000445B0020445B0020445B002070B5D0E992
:105400001B439E6800224FF0FF3504EB421351010D
:10541000D3F800090028BEBFD3F8000940F080404F
:10542000C3F80009D3F8000B0028BEBFD3F8000B67
:1054300040F08040C3F8000B013263189642C3F875
:105440000859C3F8085BE0D24FF00113C4F81C38C8
:1054500070BD0000890141F02001016103699B06D4
:10546000FCD41220FFF76CBA10B5054C2046FEF7AD
:1054700023FF4FF0A043E366024B236710BD00BF3C
:105480005C550020E06F000870B50378012B0546DD
:1054900050D12A4BC46E98421BD1294B5A6B42F013
:1054A00080025A635A6D42F080025A655A6D5A69F9
:1054B00042F080025A615A6922F080025A610E213C
:1054C00043205B69FEF7C2FC1E4BE3601E4BC4F831
:1054D00000380023C4F8003EC0232360EE6E4FF472
:1054E0000413A3633369002BFCDA012333610C201E
:1054F000FFF726FA3369DB07FCD41220FFF720FA06
:105500003369002BFCDA0026A6602846FFF776FFF9
:105510006B68C4F81068DB68C4F81468C4F81C68C9
:105520004BB90A4BA3614FF0FF336361A36843F0AB
:105530000103A36070BD064BF4E700BF5C5500207B
:10554000003802404014004003002002003C30C0FC
:10555000083C30C0F8B5C46E054600212046FFF770
:1055600079FF296F00234FF001128F68C4F8343897
:105570004FF00066C4F81C284FF0FF3004EB4312D4
:1055800001339F42C2F80069C2F8006BC2F80809F3
:10559000C2F8080BF2D20B68EA6E6B6763621023E5
:1055A0001361166916F01006FBD11220FFF7C8F937
:1055B000D4F8003823F4FE63C4F80038A36943F438
:1055C000402343F01003A3610923C4F81038C4F842
:1055D00014380A4BEB604FF0C043C4F8103B084B43
:1055E000C4F8003BC4F81069C4F800396B6F03F1CC
:1055F000100243F480136A67A362F8BDBC6F000811
:1056000040800010C26E90F86610D2F8003823F483
:10561000FE6343EA0113C2F8003870472DE9F843EE
:1056200000EB8103C56EDA68166806F00306731E88
:10563000022B05EB41130C4680460FFA81F94FEA25
:1056400041104FF00001C3F8101B4FF0010104F1AD
:10565000100398BFB60401FA03F391698EBF334E6D
:1056600006F1805606F5004600293AD0578A04F123
:105670005801490137436F50D5F81C180B43C5F842
:105680001C382B180021C3F8101953690127611E1B
:10569000A7409BB3138A928B9B08012A88BF534370
:1056A000D8F87420981842EA034301F1400205EB50
:1056B0008202C8F87400214653602846FFF7CAFEEC
:1056C00008EB8900C3681B8A43EA845348346401A9
:1056D0001E432E51D5F81C381F43C5F81C78BDE871
:1056E000F88305EB4917D7F8001B21F40041C7F8F0
:1056F000001BD5F81C1821EA0303C0E704F13F039F
:1057000005EB83030A4A5A6028462146FFF7A2FEAA
:1057100005EB4910D0F8003923F40043C0F80039F4
:10572000D5F81C3823EA0707D7E700BF0080001030
:1057300000040002026F12684267FFF75FBE0000BC
:105740005831C36E49015B5813F4004004D013F480
:10575000001F0CBF02200120704700004831C36EBB
:1057600049015B5813F4004004D013F4001F0CBF30
:10577000022001207047000000EB8101CB68196A0C
:105780000B6813604B6853607047000000EB8103A7
:1057900030B5DD68AA691368D36019B9402B84BF9E
:1057A000402313606B8A1468C26E1C44013CB4FB36
:1057B000F3F46343033323F0030302EB411043EAA2
:1057C000C44343F0C043C0F8103B2B6803F003030D
:1057D000012B09B20ED1D2F8083802EB411013F4B4
:1057E000807FD0F8003B14BF43F0805343F0005358
:1057F000C0F8003B02EB4112D2F8003B43F00443F7
:10580000C2F8003B30BD00002DE9F041244DEE6EA2
:1058100006EB40130446D3F8087BC3F8087B38072F
:105820000AD5D6F81438190706D505EB84032146A6
:10583000DB6828465B689847FA071FD5D6F8143806
:10584000DB071BD505EB8403D968CCB98B69488A83
:105850005A68B2FBF0F600FB16228AB91868DA68BB
:1058600090420DD2121AC3E90024302383F3118829
:105870000B482146FFF78AFF84F31188BDE8F081C9
:10588000012303FA04F26B8923EA02036B81CB68DC
:10589000002BF3D021460248BDE8F041184700BF75
:1058A0005C55002000EB810370B5DD68C36E6C6948
:1058B0002668E6604A0156BB1A444FF40020C2F83D
:1058C00010092A6802F00302012A0AB20ED1D3F8A5
:1058D000080803EB421410F4807FD4F8000914BFC9
:1058E00040F0805040F00050C4F8000903EB421231
:1058F000D2F8000940F00440C2F80009D3F8340897
:10590000012202FA01F10143C3F8341870BD19B93C
:10591000402E84BF4020206020682E8A8419013CDC
:10592000B4FBF6F440EAC44040F000501A44C6E725
:105930002DE9F8433B4DEE6E06EB40130446D3F8D9
:105940000889C3F8088918F0010F4FEA40171AD0E8
:10595000D6F81038DB0716D505EB8003D9684B69FC
:105960001868DA68904230D2121A4FF000091A60B3
:10597000C3F80490302383F3118821462846FFF7AB
:1059800091FF89F3118818F0800F1CD0D6F83438B5
:105990000126A640334216D005EB8403ED6ED3F802
:1059A0000CC0DCF814200134E4B2D2F800E005EBBE
:1059B00004342F445168714515D3D5F8343823EA9F
:1059C0000606C5F83468BDE8F883012303FA04F23B
:1059D0002B8923EA02032B818B68002BD3D021462D
:1059E00028469847CFE7BCF81000AEEB010383428E
:1059F00028BF0346D7F8180980B2B3EB800FE2D86E
:105A00009068A0F1040959F8048FC4F80080A0EB55
:105A100009089844B8F1040FF5D818440B44906075
:105A20005360C7E75C5500202DE9F74FAC4CE56E9D
:105A30006E69AB691E4016F480586E6107D020462F
:105A4000FEF7A8FC03B0BDE8F04FFEF7D5B9002E75
:105A500012DAD5F8003EA2489B071EBFD5F8003EDB
:105A600023F00303C5F8003ED5F8043823F0010302
:105A7000C5F80438FEF7BAFC370505D59848FFF796
:105A8000BDFC9748FEF7A0FCB0040CD5D5F808384B
:105A900013F0060FEB6823F470530CBF43F410535C
:105AA00043F4A053EB6031071BD56368DB681BB977
:105AB000AB6923F00803AB612378052B0CD1D5F833
:105AC000003E87489A071EBFD5F8003E23F0030327
:105AD000C5F8003EFEF78AFC6368DB680BB18048BE
:105AE0009847F30200F18980B70227D5D4F86C906B
:105AF000DFF8ECB100274FF0010A09EB4712D2F8AA
:105B0000003B03F44023B3F5802F11D1D2F8003BC2
:105B1000002B0DDA62890AFA07F322EA0303638194
:105B200004EB8703DB68DB6813B1394658469847B6
:105B3000236F01379B68FFB29F42DED9F00617D56D
:105B4000E76E3A6AC2F30A1002F00F0302F4F01291
:105B5000B2F5802F00F09980B2F5402F08D104EB08
:105B600083030022DB681B6A07F5805790427ED1D1
:105B70003303D5F818481DD5E70302D50020FFF7F9
:105B800043FEA50302D50120FFF73EFE600302D5C8
:105B90000220FFF739FE210302D50320FFF734FE70
:105BA000E20202D50420FFF72FFEA30202D5052052
:105BB000FFF72AFE77037FF545AFE60702D5002001
:105BC000FFF7B6FEA50702D50120FFF7B1FE60077B
:105BD00002D50220FFF7ACFE210702D50320FFF714
:105BE000A7FEE20602D50420FFF7A2FEA3067FF57A
:105BF00029AF0520FFF79CFE24E7E36EDFF8E0A065
:105C0000019300274FF00109236F9B685FFA87FB20
:105C10009B453FF669AF019B03EB4B13D3F800198B
:105C200001F44021B1F5802F1FD1D3F800190029CC
:105C30001BDAD3F8001941F09041C3F80019D3F8EA
:105C400000190029FBDB5946E06EFFF703FC2189B0
:105C500009FA0BF321EA0303238104EB8B03DB68CE
:105C60009B6813B15946504698470137CCE79107D6
:105C700008BFD7F80080072A98BF03F8018B02F10C
:105C8000010298BF4FEA182870E7023304EB830241
:105C900007F580575268D2F818C0DCF80820DCE914
:105CA000001CA1EB0C0C002188420AD104EB8304F8
:105CB00063689B699A6802449A605A6802445A6011
:105CC00056E711F0030F08BFD7F800808C4588BF56
:105CD00002F8018B01F1010188BF4FEA1828E3E7C0
:105CE0005C550020C36E03EB4111D1F8003B43F437
:105CF0000013C1F8003B7047C36E03EB4111D1F8AC
:105D0000003943F40013C1F800397047C36E03EB48
:105D10004111D1F8003B23F40013C1F8003B704758
:105D2000C36E03EB4111D1F8003923F40013C1F81D
:105D300000397047026843681143016003B1184796
:105D400070470000024AD36843F0C003D360704735
:105D500000100140024AD36843F0C003D36070478B
:105D60000044004010B50A4C0A4A20460021FEF7C4
:105D7000BBF8094B094AC4E99723094C094A002199
:105D80002046FEF7B1F80849084BC4E9971310BD47
:105D9000EC550020455D000880F0FA02001001403B
:105DA00058580020555D00080044004040787D01AF
:105DB0002A4A037C002918BF0A46012B30B5C0F8D7
:105DC00068220CD1264B984239D1264B596C41F0B0
:105DD00010015964596E41F0100159665B6EB2F9B9
:105DE00004501468D0F86032D0F85C12002D03EB38
:105DF0005403B3FBF4F3BEBF23F0070503F007031E
:105E000043EA450394888B60D38843F040030B61D9
:105E1000138943F001034B6144F4045343F02C0312
:105E2000CB6004F4A05400230B60B4F5806F0B68C2
:105E30004B680CBF7F23FF2380F8643230BD0A4BD0
:105E40009842CCD1074B196C41F400311964196E9A
:105E500041F4003119661B6EC1E700BFEC6F00080A
:105E6000EC55002000380240585800202DE9F04140
:105E7000D0F85C62F7683368DA0504469DB20DD548
:105E8000302383F311884FF480610430FFF752FF11
:105E90006FF480733360002383F31188302383F31E
:105EA000118804F1040815F02F033AD183F3118807
:105EB000380615D5290613D5302383F3118804F14C
:105EC000380000F02FFB00284EDA0821201DFFF7D4
:105ED00031FF4FF67F733B40F360002383F311885B
:105EE0007A0616D56B0614D5302383F31188D4E9CE
:105EF00013239A420AD1236C43B127F040073F0491
:105F00001021201D3F0CFFF715FFF760002383F3DE
:105F10001188D4F86822D36843B3BDE8F041106912
:105F200018472B0714D015F0080F0CBF00214FF4B1
:105F30008071E80748BF41F02001AA0748BF41F03F
:105F400040016B0748BF41F080014046FFF7F2FE79
:105F5000AD06736805D594F8641220461940FDF724
:105F6000F3FF3568ADB29EE77060B6E7BDE8F0813B
:105F700030B5039C0172043304FB0325C0E90653CA
:105F8000049B03630021059BC160C0E90000C0E9D8
:105F90000422C0E90842C0E90A11436330BD000091
:105FA000416A0022C0E90411C0E90A22C2606FF010
:105FB0000101FEF735BD0000D0E90432934201D162
:105FC000C2680AB9181D704700207047036919603C
:105FD000C2680132C260C26913448269036193429C
:105FE00024BF436A03610021FEF70EBD38B50446A5
:105FF0000D46E3683BB16269131D1268A362134446
:10600000E362002007E0237A33B929462046FEF7F1
:10601000EBFC0028EDDA38BD6FF00100FBE7000073
:10602000C368C269013BC360436913448269436129
:10603000934224BF436A436100238362036B03B12D
:106040001847704770B53023044683F31188866A79
:106050003EB9FFF7CBFF054618B186F311882846F5
:1060600070BDA36AE26A13F8015BA362934202D394
:106070002046FFF7D5FF002383F31188EFE70000E8
:106080002DE9F84F04460E46174698464FF0300962
:1060900089F311880025AA46D4F828B0BBF1000F77
:1060A00009D141462046FFF7A1FF20B18BF31188AB
:1060B0002846BDE8F88FD4E90A12A7EB050B521A5F
:1060C000934528BF9346BBF1400F1BD9334601F1DE
:1060D000400251F8040B43F8040B9142F9D1A36A32
:1060E00040334036A3624035D4E90A239A4202D3B2
:1060F0002046FFF795FF8AF31188BD42D8D289F375
:106100001188C9E730465A46FBF770FBA36A5B4427
:106110005E44A3625D44E7E710B5029C017204335C
:1061200003FB0421C0E906130023C0E90A33039BE3
:106130000363049BC460C0E90000C0E90422C0E915
:106140000842436310BD0000026AC260426AC0E9AF
:1061500004220022C0E90A226FF00101FEF760BCB0
:10616000D0E904239A4201D1C26822B9184650F8F6
:10617000043B0B60704700231846FAE7C368C26906
:106180000133C3604369134482694361934224BF6E
:10619000436A43610021FEF737BC000038B504466E
:1061A0000D46E3683BB123691A1DA262E2691344FC
:1061B000E362002007E0237A33B929462046FEF740
:1061C00013FC0028EDDA38BD6FF00100FBE700009A
:1061D00003691960C268013AC260C26913448269E6
:1061E0000361934224BF436A036100238362036B0C
:1061F00003B118477047000070B530230D460446C0
:10620000114683F31188866A2EB9FFF7C7FF10B1D4
:1062100086F3118870BDA36A1D70A36AE26A013318
:106220009342A36204D3E16920460439FFF7D0FF0B
:10623000002080F31188EDE72DE9F84F04460D4664
:10624000904699464FF0300A8AF311880026B346EB
:10625000A76A4FB949462046FFF7A0FF20B187F350
:1062600011883046BDE8F88FD4E90A073A1AA8EB3E
:106270000607974228BF1746402F1BD905F1400358
:1062800055F8042B40F8042B9D42F9D1A36A403302
:10629000A3624036D4E90A239A4204D3E169204636
:1062A0000439FFF795FF8BF311884645D9D28AF35D
:1062B0001188CDE729463A46FBF798FAA36A3B4492
:1062C0003D44A3623E44E5E7D0E904239A4217D156
:1062D000C3689BB1836A8BB1043B9B1A0ED01360D9
:1062E000C368013BC360C3691A44836902619A426F
:1062F00024BF436A03610023836201231846704769
:106300000023FBE7F8B5154682680669AA420B46EA
:10631000816938BF8568761AB54204460BD21846A3
:106320002A46FBF763FAA3692B44A361A3685B1BAE
:10633000A3602846F8BD0CD918463246FBF756FA3A
:10634000AF1BE1683A463044FBF750FAE3683B4440
:10635000EBE718462A46FBF749FAE368E5E7000051
:1063600083689342F7B51546044638BF8568D0E97F
:106370000460361AB5420BD22A46FBF737FA636936
:106380002B446361A36828465B1BA36003B0F0BD88
:106390000DD932460191FBF729FA0199E068AF1B4C
:1063A0003A463144FBF722FAE3683B44E9E72A46E0
:1063B000FBF71CFAE368E4E710B50A440024C36164
:1063C000029B8460C0E90000C0E90511C160026160
:1063D000036210BD08B5D0E90532934201D182684D
:1063E00082B98268013282605A1C42611970D0E918
:1063F00004329A4224BFC36843610021FEF704FBC4
:10640000002008BD4FF0FF30FBE7000070B53023DF
:1064100004460E4683F31188A568A5B1A368A26956
:10642000013BA360531CA36115782269934224BFEA
:10643000E368A361E3690BB120469847002383F327
:106440001188284607E031462046FEF7CDFA00289D
:10645000E2DA85F3118870BD2DE9F74F04460E4648
:1064600017469846D0F81C904FF0300A8AF31188EE
:106470004FF0000B154665B12A4631462046FFF71E
:1064800041FF034660B941462046FEF7ADFA0028B9
:10649000F1D0002383F31188781B03B0BDE8F08F9F
:1064A000B9F1000F03D001902046C847019B8BF340
:1064B0001188ED1A1E448AF31188DCE7C0E9051142
:1064C000C160C3611144009B8260C0E900000161AA
:1064D00003627047F8B504460D461646302383F331
:1064E0001188A768A7B1A368013BA36063695A1C20
:1064F00062611D70D4E904329A4224BFE36863618B
:10650000E3690BB120469847002080F3118807E02B
:1065100031462046FEF768FA0028E2DA87F3118850
:10652000F8BD0000D0E905239A4210B501D1826878
:106530007AB98268013282605A1C82611C780369D0
:106540009A4224BFC36883610021FEF75DFA2046AA
:1065500010BD4FF0FF30FBE72DE9F74F04460E4624
:1065600017469846D0F81C904FF0300A8AF31188ED
:106570004FF0000B154665B12A4631462046FFF71D
:10658000EFFE034660B941462046FEF72DFA00288B
:10659000F1D0002383F31188781B03B0BDE8F08F9E
:1065A000B9F1000F03D001902046C847019B8BF33F
:1065B0001188ED1A1E448AF31188DCE700F01AB93D
:1065C0004FF08043586A70474FF080430022586371
:1065D0001A610222DA6070474FF080430022DA60CD
:1065E000704700004FF0804358637047FEE700009B
:1065F00070B51B4B01630025044686B05860856268
:106600000E46FDF7D5FB04F11003C4E904334FF047
:10661000FF33C4E90635C4E90044A560E562FFF72D
:10662000CFFF2B460246C4E9082304F134010D4A8A
:10663000256580232046FEF78DF90123E0600A4A94
:106640000375009272680192B268CDE90223074B8C
:106650006846CDE90435FEF7A5F906B070BD00BF68
:10666000004E00200070000805700008ED6500086D
:10667000024AD36A1843D062704700BF984B00208B
:106680004B6843608B688360CB68C3600B69436170
:106690004B6903628B6943620B68036070470000BB
:1066A00010B594B0132101A8FEF780FE9DF84F208D
:1066B000424B002A44D01A6C42F080521A64404A7D
:1066C0001B6C136843F4807313600024132101A82A
:1066D0008DF84F40FEF764FE72B64FF0E0234FF0A6
:1066E000FF321C615C619C61A30003F1604303F510
:1066F00061430134082CC3F88020C3F88021F3D112
:1067000062B62E4B5A6C42F480425A642D4A5B6C3E
:10671000136823F0030343F0010313602A4A2B4B51
:106720009360BFF34F8FBFF36F8F1A6882F30888AF
:10673000002282F31488BFF36F8F5B689847FEE7EF
:106740001A692349234842F0FF021A611A6922F0AC
:10675000FF021A611A691A6B42F0FF021A631A6D7E
:1067600042F0FF021A651B6DFFF78AFF1C3100F52E
:106770008060FFF785FF1C3100F58060FFF780FF28
:106780001C3100F58060FFF77BFF1C3100F5806055
:10679000FFF776FF1C3100F58060FFF771FF1C31B9
:1067A00000F58060FFF76CFF1C3100F58060FFF79B
:1067B00067FF14B0BDE8104000F096B80038024002
:1067C000007000400038014000ED00E00000FF1FB5
:1067D0000C7000080000024008B500F029FAFEF72E
:1067E00087F8FEF7B5FDBDE80840FEF715BB0000D1
:1067F000704700000F4B1A6C42F001021A641A6EC7
:1068000042F001021A660C4A1B6E936843F00103C2
:1068100093604FF0804331229A624FF0FF32DA6288
:1068200000229A615A63DA605A6001225A611A6042
:10683000704700BF00380240002004E04FF0804263
:1068400008B51169D3680B40D9B2C9439B071161E0
:1068500007D5302383F31188FEF770F8002383F304
:10686000118808BD1E4B1A6962F0FF021A611A698D
:10687000D2B21A614FF0FF301A695A69586100218B
:106880005A6959615A691A6A62F080521A621A6A20
:1068900002F080521A621A6A5A6A58625A6A596237
:1068A0005A6A1A6C42F080521A641A6E42F0805290
:1068B0001A661A6E0B4A106840F480701060186FE8
:1068C00000F44070B0F5007F1EBF4FF480301867B1
:1068D0001967536823F40073536000F07DB900BF5B
:1068E00000380240007000403B4B3C4A1A643C4A6E
:1068F0004FF4404111601A6842F001021A601A68B0
:106900009007FCD59A6822F003029A60324B9A688D
:1069100012F00C02FBD1196801F0F90119609A60BC
:106920001A6842F480321A601A689103FCD55A6FD3
:1069300042F001025A67284B5A6F9207FCD5294A48
:106940005A601A6842F080721A60254A53685804E7
:10695000FCD5214B1A689101FCD5234AC3F8842049
:106960001A6842F080621A601A681201FCD51F4A48
:106970009A600322C3F88C204FF00062C3F8942081
:106980001B4B1A681B4B9A421B4B21D11B4A1168A7
:106990001B4A91421CD140F203121A60164A136836
:1069A00003F00F03032BFAD10B4B9A6842F002025B
:1069B0009A609A6802F00C02082AFAD15A6C42F4E2
:1069C00080425A645A6E42F480425A665B6E704747
:1069D00040F20372E1E700BF0038024000040010FB
:1069E00000700040081940021030002400948838DC
:1069F000002004E011640020003C024000ED00E0B3
:106A000041C20F41074A08B5536903F001035361BE
:106A100023B1054A13680BB150689847BDE8084098
:106A2000FDF7EAB9003C0140C45A0020074A08B506
:106A3000536903F00203536123B1054A93680BB114
:106A4000D0689847BDE80840FDF7D6B9003C014042
:106A5000C45A0020074A08B5536903F00403536180
:106A600023B1054A13690BB150699847BDE8084046
:106A7000FDF7C2B9003C0140C45A0020074A08B5DE
:106A8000536903F00803536123B1054A93690BB1BD
:106A9000D0699847BDE80840FDF7AEB9003C014019
:106AA000C45A0020074A08B5536903F01003536124
:106AB00023B1054A136A0BB1506A9847BDE80840F4
:106AC000FDF79AB9003C0140C45A0020164B10B59E
:106AD0005C6904F478725A61A30604D5134A936A78
:106AE0000BB1D06A9847600604D5104A136B0BB1FE
:106AF000506B9847210604D50C4A936B0BB1D06BB1
:106B00009847E20504D5094A136C0BB1506C9847BD
:106B1000A30504D5054A936C0BB1D06C9847BDE82A
:106B20001040FDF769B900BF003C0140C45A002085
:106B3000194B10B55C6904F47C425A61620504D5B6
:106B4000164A136D0BB1506D9847230504D5134AAF
:106B5000936D0BB1D06D9847E00404D50F4A136EC6
:106B60000BB1506E9847A10404D50C4A936E0BB13B
:106B7000D06E9847620404D5084A136F0BB1506F6A
:106B80009847230404D5054A936F0BB1D06F9847FB
:106B9000BDE81040FDF730B9003C0140C45A002068
:106BA00008B50348FFF762F9BDE80840FDF724B9CE
:106BB000EC55002008B50348FFF758F9BDE8084038
:106BC000FDF71AB95858002008B5FFF737FEBDE8A1
:106BD0000840FDF711B90000062108B50846FDF789
:106BE00035F906210720FDF731F906210820FDF7C8
:106BF0002DF906210920FDF729F906210A20FDF7C4
:106C000025F906211720FDF721F906212820FDF797
:106C10001DF907211C20FDF719F90C212520FDF78E
:106C200015F9BDE808400C212620FDF70FB900003A
:106C300008B5FFF717FE00F00DF8FDF753F9FDF763
:106C400039FBFDF711FAFFF7D3FDBDE80840FFF768
:106C5000B5BC00000023054A19460133102BC2E9D8
:106C6000001102F10802F8D1704700BFC45A002099
:106C70000B460146184600F009B80000024B0A46D0
:106C800001461868FEF7A0BA5423002010B5054C41
:106C900013462CB10A4601460220AFF3008010BD16
:106CA0002046FCE700000000024B01461868FEF792
:106CB0008FBA00BF5423002010B50139024490421E
:106CC00001D1002005E0037811F8014FA34201D063
:106CD000181B10BD0130F2E72DE9F041A3B1C91A2C
:106CE00017780144044603F1FF3C8C42204601D949
:106CF000002009E00578BD4204F10104F5D10CEB58
:106D00000405D618A54201D1BDE8F08115F8018D22
:106D100016F801EDF045F5D0E7E70000034611F85D
:106D2000012B03F8012B002AF9D170476F72672EEF
:106D30006172647570696C6F742E41502D52544BA2
:106D40005F5832304400000053544D3332463F3FC9
:106D50003F0053544D3332463430780053544D3352
:106D600032463432780053544D3332463434365838
:106D700058000000012033000010410001105A00AB
:106D8000031059000710310000000000486D000892
:106D900013040000526D0008190400005C6D000827
:106DA00021040000666D000840A2E4F164689106C9
:106DB0000041A3E5F265699207000000426164208A
:106DC00043414E496661636520696E6465782E00B3
:106DD0008000000000800000000080000000000033
:106DE00000000000E5210008292A00088529000884
:106DF00025220008312200083D240008F521000862
:106E000005220008F921000801220008FD210008E0
:106E10005923000809220008592D0008FD2C0008FC
:106E2000192200082D23000800000000A53E0008DC
:106E3000913E0008CD3E0008B93E0008C53E00085E
:106E4000B13E00089D3E0008893E0008D93E00087A
:106E500000000000E53F0008D13F00080D40000899
:106E6000F93F000805400008F13F0008DD3F000839
:106E7000C93F0008194000080000000001000000A0
:106E80000000000063300000846E0008F04B00201A
:106E9000004E00204172647550696C6F7400254289
:106EA0004F415244252D424C002553455249414CF7
:106EB0002500000002000000000000000142000860
:106EC0006D42000840004000A0520020B052002057
:106ED00002000000000000000300000000000000AD
:106EE000B14200080000000010000000C052002065
:106EF0000000000001000000000000005C550020C0
:106F000001010200B54D0008C54C0008614D0008A4
:106F1000454D0008430000001C6F000809024300B3
:106F2000020100C032090400000102020100052430
:106F300000100105240100010424020205240600BA
:106F400001070582030800FF09040100020A00008E
:106F50000007050102400000070581024000000013
:106F600012000000686F00081201100102000040CA
:106F70000912415700020102030100000403090441
:106F800025424F41524425003031323334353637B3
:106F900038394142434445460000000000400000AB
:106FA0000040000000400000004000000000010020
:106FB00000000200000002000000020000000000CB
:106FC00005440008BD46000869470008400040002D
:106FD000D4550020D455002001000000E4550020C5
:106FE0008000000040010000050000000096000045
:106FF0000000000000000000000000000000000091
:107000006D61696E0069646C65000000A000002875
:1070100000000000AAAAAAAA50000024FFFF000056
:10702000007700000000000001A00A00000000003E
:10703000AAAAAAAA80500000FEFF00000000007764
:10704000880000000000000000000000AAAAAAAA10
:1070500000000000FFFF0000000000000000000032
:107060000000000000000000AAAAAAAA0000000078
:10707000FFFF000000000000000000000000000012
:1070800000000000AAAAAAAA00000000FFFF00005A
:1070900000000000000000000000000000000000F0
:1070A000AAAAAAAA00000000FFFF0000000000003A
:1070B000000000000000000000000000AAAAAAAA28
:1070C00000000000FFFF00000000000000000000C2
:1070D00000000000000000000A00000000000000A6
:1070E000030000000000000000000000000000009D
:1070F0003D18000000000000000007000000000034
:1071000040420F00FE2A0100D2040000FF000000F0
:10711000084E0020009600000000080096000000C5
:1071200000080000040000007C6F00080000000060
:10713000000000000000000000000000000000004F
:1071400000000000582300200000000000000000A4
:10715000000000000000000000000000000000002F
:10716000000000000000000000000000000000001F
:10717000000000000000000000000000000000000F
:1071800000000000000000000000000000000000FF
:1071900000000000000000000000000000000000EF
:1071A0000000000000000000FFFFFFFFFFFFFFFFE7
:1071B000FFFFFFFFFFFFFFFFFFFFFFFFFFFFFFFFDF
:1071C000FFFFFFFFFFFFFFFFFFFFFFFFFFFFFFFFCF
:1071D000FFFFFFFFFFFFFFFFFFFFFFFFFFFFFFFFBF
:1071E000FFFFFFFFFFFFFFFFFFFFFFFFFFFFFFFFAF
:1071F000FFFFFFFFFFFFFFFFFFFFFFFFFFFFFFFF9F
:10720000FFFFFFFFFFFFFFFFFFFFFFFFFFFFFFFF8E
:10721000FFFFFFFFFFFFFFFFFFFFFFFFFFFFFFFF7E
:10722000FFFFFFFFFFFFFFFFFFFFFFFFFFFFFFFF6E
:10723000FFFFFFFFFFFFFFFFFFFFFFFFFFFFFFFF5E
:10724000FFFFFFFFFFFFFFFFFFFFFFFFFFFFFFFF4E
:10725000FFFFFFFFFFFFFFFFFFFFFFFFFFFFFFFF3E
:10726000FFFFFFFFFFFFFFFFFFFFFFFFFFFFFFFF2E
:10727000FFFFFFFFFFFFFFFFFFFFFFFFFFFFFFFF1E
:10728000FFFFFFFFFFFFFFFFFFFFFFFFFFFFFFFF0E
:10729000FFFFFFFFFFFFFFFFFFFFFFFFFFFFFFFFFE
:1072A000FFFFFFFFFFFFFFFFFFFFFFFFFFFFFFFFEE
:1072B000FFFFFFFFFFFFFFFFFFFFFFFFFFFFFFFFDE
:1072C000FFFFFFFFFFFFFFFFFFFFFFFFFFFFFFFFCE
:1072D000FFFFFFFFFFFFFFFFFFFFFFFFFFFFFFFFBE
:1072E000FFFFFFFFFFFFFFFFFFFFFFFFFFFFFFFFAE
:1072F000FFFFFFFFFFFFFFFFFFFFFFFFFFFFFFFF9E
:10730000FFFFFFFFFFFFFFFFFFFFFFFFFFFFFFFF8D
:10731000FFFFFFFFFFFFFFFFFFFFFFFFFFFFFFFF7D
:10732000FFFFFFFFFFFFFFFFFFFFFFFFFFFFFFFF6D
:10733000FFFFFFFFFFFFFFFFFFFFFFFFFFFFFFFF5D
:10734000FFFFFFFFFFFFFFFFFFFFFFFFFFFFFFFF4D
:10735000FFFFFFFFFFFFFFFFFFFFFFFFFFFFFFFF3D
:10736000FFFFFFFFFFFFFFFFFFFFFFFFFFFFFFFF2D
:10737000FFFFFFFFFFFFFFFFFFFFFFFFFFFFFFFF1D
:10738000FFFFFFFFFFFFFFFFFFFFFFFFFFFFFFFF0D
:10739000FFFFFFFFFFFFFFFFFFFFFFFFFFFFFFFFFD
:1073A000FFFFFFFFFFFFFFFFFFFFFFFFFFFFFFFFED
:1073B000FFFFFFFFFFFFFFFFFFFFFFFFFFFFFFFFDD
:1073C000FFFFFFFFFFFFFFFFFFFFFFFFFFFFFFFFCD
:1073D000FFFFFFFFFFFFFFFFFFFFFFFFFFFFFFFFBD
:1073E000FFFFFFFFFFFFFFFFFFFFFFFFFFFFFFFFAD
:1073F000FFFFFFFFFFFFFFFFFFFFFFFFFFFFFFFF9D
:10740000FFFFFFFFFFFFFFFFFFFFFFFFFFFFFFFF8C
:10741000FFFFFFFFFFFFFFFFFFFFFFFFFFFFFFFF7C
:10742000FFFFFFFFFFFFFFFFFFFFFFFFFFFFFFFF6C
:10743000FFFFFFFFFFFFFFFFFFFFFFFFFFFFFFFF5C
:10744000FFFFFFFFFFFFFFFFFFFFFFFFFFFFFFFF4C
:10745000FFFFFFFFFFFFFFFFFFFFFFFFFFFFFFFF3C
:10746000FFFFFFFFFFFFFFFFFFFFFFFFFFFFFFFF2C
:10747000FFFFFFFFFFFFFFFFFFFFFFFFFFFFFFFF1C
:10748000FFFFFFFFFFFFFFFFFFFFFFFFFFFFFFFF0C
:10749000FFFFFFFFFFFFFFFFFFFFFFFFFFFFFFFFFC
:1074A000FFFFFFFFFFFFFFFFFFFFFFFFFFFFFFFFEC
:1074B000FFFFFFFFFFFFFFFFFFFFFFFFFFFFFFFFDC
:1074C000FFFFFFFFFFFFFFFFFFFFFFFFFFFFFFFFCC
:1074D000FFFFFFFFFFFFFFFFFFFFFFFFFFFFFFFFBC
:1074E000FFFFFFFFFFFFFFFFFFFFFFFFFFFFFFFFAC
:1074F000FFFFFFFFFFFFFFFFFFFFFFFFFFFFFFFF9C
:10750000FFFFFFFFFFFFFFFFFFFFFFFFFFFFFFFF8B
:10751000FFFFFFFFFFFFFFFFFFFFFFFFFFFFFFFF7B
:10752000FFFFFFFFFFFFFFFFFFFFFFFFFFFFFFFF6B
:10753000FFFFFFFFFFFFFFFFFFFFFFFFFFFFFFFF5B
:10754000FFFFFFFFFFFFFFFFFFFFFFFFFFFFFFFF4B
:10755000FFFFFFFFFFFFFFFFFFFFFFFFFFFFFFFF3B
:10756000FFFFFFFFFFFFFFFFFFFFFFFFFFFFFFFF2B
:10757000FFFFFFFFFFFFFFFFFFFFFFFFFFFFFFFF1B
:10758000FFFFFFFFFFFFFFFFFFFFFFFFFFFFFFFF0B
:10759000FFFFFFFFFFFFFFFFFFFFFFFFFFFFFFFFFB
:1075A000FFFFFFFFFFFFFFFFFFFFFFFFFFFFFFFFEB
:1075B000FFFFFFFFFFFFFFFFFFFFFFFFFFFFFFFFDB
:1075C000FFFFFFFFFFFFFFFFFFFFFFFFFFFFFFFFCB
:1075D000FFFFFFFFFFFFFFFFFFFFFFFFFFFFFFFFBB
:1075E000FFFFFFFFFFFFFFFFFFFFFFFFFFFFFFFFAB
:1075F000FFFFFFFFFFFFFFFFFFFFFFFFFFFFFFFF9B
:10760000FFFFFFFFFFFFFFFFFFFFFFFFFFFFFFFF8A
:10761000FFFFFFFFFFFFFFFFFFFFFFFFFFFFFFFF7A
:10762000FFFFFFFFFFFFFFFFFFFFFFFFFFFFFFFF6A
:10763000FFFFFFFFFFFFFFFFFFFFFFFFFFFFFFFF5A
:10764000FFFFFFFFFFFFFFFFFFFFFFFFFFFFFFFF4A
:10765000FFFFFFFFFFFFFFFFFFFFFFFFFFFFFFFF3A
:10766000FFFFFFFFFFFFFFFFFFFFFFFFFFFFFFFF2A
:10767000FFFFFFFFFFFFFFFFFFFFFFFFFFFFFFFF1A
:10768000FFFFFFFFFFFFFFFFFFFFFFFFFFFFFFFF0A
:10769000FFFFFFFFFFFFFFFFFFFFFFFFFFFFFFFFFA
:1076A000FFFFFFFFFFFFFFFFFFFFFFFFFFFFFFFFEA
:1076B000FFFFFFFFFFFFFFFFFFFFFFFFFFFFFFFFDA
:1076C000FFFFFFFFFFFFFFFFFFFFFFFFFFFFFFFFCA
:1076D000FFFFFFFFFFFFFFFFFFFFFFFFFFFFFFFFBA
:1076E000FFFFFFFFFFFFFFFFFFFFFFFFFFFFFFFFAA
:1076F000FFFFFFFFFFFFFFFFFFFFFFFFFFFFFFFF9A
:10770000FFFFFFFFFFFFFFFFFFFFFFFFFFFFFFFF89
:10771000FFFFFFFFFFFFFFFFFFFFFFFFFFFFFFFF79
:10772000FFFFFFFFFFFFFFFFFFFFFFFFFFFFFFFF69
:10773000FFFFFFFFFFFFFFFFFFFFFFFFFFFFFFFF59
:10774000FFFFFFFFFFFFFFFFFFFFFFFFFFFFFFFF49
:10775000FFFFFFFFFFFFFFFFFFFFFFFFFFFFFFFF39
:10776000FFFFFFFFFFFFFFFFFFFFFFFFFFFFFFFF29
:10777000FFFFFFFFFFFFFFFFFFFFFFFFFFFFFFFF19
:10778000FFFFFFFFFFFFFFFFFFFFFFFFFFFFFFFF09
:10779000FFFFFFFFFFFFFFFFFFFFFFFFFFFFFFFFF9
:1077A000FFFFFFFFFFFFFFFFFFFFFFFFFFFFFFFFE9
:1077B000FFFFFFFFFFFFFFFFFFFFFFFFFFFFFFFFD9
:1077C000FFFFFFFFFFFFFFFFFFFFFFFFFFFFFFFFC9
:1077D000FFFFFFFFFFFFFFFFFFFFFFFFFFFFFFFFB9
:1077E000FFFFFFFFFFFFFFFFFFFFFFFFFFFFFFFFA9
:1077F000FFFFFFFFFFFFFFFFFFFFFFFFFFFFFFFF99
:10780000FFFFFFFFFFFFFFFFFFFFFFFFFFFFFFFF88
:10781000FFFFFFFFFFFFFFFFFFFFFFFFFFFFFFFF78
:10782000FFFFFFFFFFFFFFFFFFFFFFFFFFFFFFFF68
:10783000FFFFFFFFFFFFFFFFFFFFFFFFFFFFFFFF58
:10784000FFFFFFFFFFFFFFFFFFFFFFFFFFFFFFFF48
:10785000FFFFFFFFFFFFFFFFFFFFFFFFFFFFFFFF38
:10786000FFFFFFFFFFFFFFFFFFFFFFFFFFFFFFFF28
:10787000FFFFFFFFFFFFFFFFFFFFFFFFFFFFFFFF18
:10788000FFFFFFFFFFFFFFFFFFFFFFFFFFFFFFFF08
:10789000FFFFFFFFFFFFFFFFFFFFFFFFFFFFFFFFF8
:1078A000FFFFFFFFFFFFFFFFFFFFFFFFFFFFFFFFE8
:1078B000FFFFFFFFFFFFFFFFFFFFFFFFFFFFFFFFD8
:1078C000FFFFFFFFFFFFFFFFFFFFFFFFFFFFFFFFC8
:1078D000FFFFFFFFFFFFFFFFFFFFFFFFFFFFFFFFB8
:1078E000FFFFFFFFFFFFFFFFFFFFFFFFFFFFFFFFA8
:1078F000FFFFFFFFFFFFFFFFFFFFFFFFFFFFFFFF98
:10790000FFFFFFFFFFFFFFFFFFFFFFFFFFFFFFFF87
:10791000FFFFFFFFFFFFFFFFFFFFFFFFFFFFFFFF77
:10792000FFFFFFFFFFFFFFFFFFFFFFFFFFFFFFFF67
:10793000FFFFFFFFFFFFFFFFFFFFFFFFFFFFFFFF57
:10794000FFFFFFFFFFFFFFFFFFFFFFFFFFFFFFFF47
:10795000FFFFFFFFFFFFFFFFFFFFFFFFFFFFFFFF37
:10796000FFFFFFFFFFFFFFFFFFFFFFFFFFFFFFFF27
:10797000FFFFFFFFFFFFFFFFFFFFFFFFFFFFFFFF17
:10798000FFFFFFFFFFFFFFFFFFFFFFFFFFFFFFFF07
:10799000FFFFFFFFFFFFFFFFFFFFFFFFFFFFFFFFF7
:1079A000FFFFFFFFFFFFFFFFFFFFFFFFFFFFFFFFE7
:1079B000FFFFFFFFFFFFFFFFFFFFFFFFFFFFFFFFD7
:1079C000FFFFFFFFFFFFFFFFFFFFFFFFFFFFFFFFC7
:1079D000FFFFFFFFFFFFFFFFFFFFFFFFFFFFFFFFB7
:1079E000FFFFFFFFFFFFFFFFFFFFFFFFFFFFFFFFA7
:1079F000FFFFFFFFFFFFFFFFFFFFFFFFFFFFFFFF97
:107A0000FFFFFFFFFFFFFFFFFFFFFFFFFFFFFFFF86
:107A1000FFFFFFFFFFFFFFFFFFFFFFFFFFFFFFFF76
:107A2000FFFFFFFFFFFFFFFFFFFFFFFFFFFFFFFF66
:107A3000FFFFFFFFFFFFFFFFFFFFFFFFFFFFFFFF56
:107A4000FFFFFFFFFFFFFFFFFFFFFFFFFFFFFFFF46
:107A5000FFFFFFFFFFFFFFFFFFFFFFFFFFFFFFFF36
:107A6000FFFFFFFFFFFFFFFFFFFFFFFFFFFFFFFF26
:107A7000FFFFFFFFFFFFFFFFFFFFFFFFFFFFFFFF16
:107A8000FFFFFFFFFFFFFFFFFFFFFFFFFFFFFFFF06
:107A9000FFFFFFFFFFFFFFFFFFFFFFFFFFFFFFFFF6
:107AA000FFFFFFFFFFFFFFFFFFFFFFFFFFFFFFFFE6
:107AB000FFFFFFFFFFFFFFFFFFFFFFFFFFFFFFFFD6
:107AC000FFFFFFFFFFFFFFFFFFFFFFFFFFFFFFFFC6
:107AD000FFFFFFFFFFFFFFFFFFFFFFFFFFFFFFFFB6
:107AE000FFFFFFFFFFFFFFFFFFFFFFFFFFFFFFFFA6
:107AF000FFFFFFFFFFFFFFFFFFFFFFFFFFFFFFFF96
:107B0000FFFFFFFFFFFFFFFFFFFFFFFFFFFFFFFF85
:107B1000FFFFFFFFFFFFFFFFFFFFFFFFFFFFFFFF75
:107B2000FFFFFFFFFFFFFFFFFFFFFFFFFFFFFFFF65
:107B3000FFFFFFFFFFFFFFFFFFFFFFFFFFFFFFFF55
:107B4000FFFFFFFFFFFFFFFFFFFFFFFFFFFFFFFF45
:107B5000FFFFFFFFFFFFFFFFFFFFFFFFFFFFFFFF35
:107B6000FFFFFFFFFFFFFFFFFFFFFFFFFFFFFFFF25
:107B7000FFFFFFFFFFFFFFFFFFFFFFFFFFFFFFFF15
:107B8000FFFFFFFFFFFFFFFFFFFFFFFFFFFFFFFF05
:107B9000FFFFFFFFFFFFFFFFFFFFFFFFFFFFFFFFF5
:107BA000FFFFFFFFFFFFFFFFFFFFFFFFFFFFFFFFE5
:107BB000FFFFFFFFFFFFFFFFFFFFFFFFFFFFFFFFD5
:107BC000FFFFFFFFFFFFFFFFFFFFFFFFFFFFFFFFC5
:107BD000FFFFFFFFFFFFFFFFFFFFFFFFFFFFFFFFB5
:107BE000FFFFFFFFFFFFFFFFFFFFFFFFFFFFFFFFA5
:107BF000FFFFFFFFFFFFFFFFFFFFFFFFFFFFFFFF95
:107C0000FFFFFFFFFFFFFFFFFFFFFFFFFFFFFFFF84
:107C1000FFFFFFFFFFFFFFFFFFFFFFFFFFFFFFFF74
:107C2000FFFFFFFFFFFFFFFFFFFFFFFFFFFFFFFF64
:107C3000FFFFFFFFFFFFFFFFFFFFFFFFFFFFFFFF54
:107C4000FFFFFFFFFFFFFFFFFFFFFFFFFFFFFFFF44
:107C5000FFFFFFFFFFFFFFFFFFFFFFFFFFFFFFFF34
:107C6000FFFFFFFFFFFFFFFFFFFFFFFFFFFFFFFF24
:107C7000FFFFFFFFFFFFFFFFFFFFFFFFFFFFFFFF14
:107C8000FFFFFFFFFFFFFFFFFFFFFFFFFFFFFFFF04
:107C9000FFFFFFFFFFFFFFFFFFFFFFFFFFFFFFFFF4
:107CA000FFFFFFFFFFFFFFFFFFFFFFFFFFFFFFFFE4
:107CB000FFFFFFFFFFFFFFFFFFFFFFFFFFFFFFFFD4
:107CC000FFFFFFFFFFFFFFFFFFFFFFFFFFFFFFFFC4
:107CD000FFFFFFFFFFFFFFFFFFFFFFFFFFFFFFFFB4
:107CE000FFFFFFFFFFFFFFFFFFFFFFFFFFFFFFFFA4
:107CF000FFFFFFFFFFFFFFFFFFFFFFFFFFFFFFFF94
:107D0000FFFFFFFFFFFFFFFFFFFFFFFFFFFFFFFF83
:107D1000FFFFFFFFFFFFFFFFFFFFFFFFFFFFFFFF73
:107D2000FFFFFFFFFFFFFFFFFFFFFFFFFFFFFFFF63
:107D3000FFFFFFFFFFFFFFFFFFFFFFFFFFFFFFFF53
:107D4000FFFFFFFFFFFFFFFFFFFFFFFFFFFFFFFF43
:107D5000FFFFFFFFFFFFFFFFFFFFFFFFFFFFFFFF33
:107D6000FFFFFFFFFFFFFFFFFFFFFFFFFFFFFFFF23
:107D7000FFFFFFFFFFFFFFFFFFFFFFFFFFFFFFFF13
:107D8000FFFFFFFFFFFFFFFFFFFFFFFFFFFFFFFF03
:107D9000FFFFFFFFFFFFFFFFFFFFFFFFFFFFFFFFF3
:107DA000FFFFFFFFFFFFFFFFFFFFFFFFFFFFFFFFE3
:107DB000FFFFFFFFFFFFFFFFFFFFFFFFFFFFFFFFD3
:107DC000FFFFFFFFFFFFFFFFFFFFFFFFFFFFFFFFC3
:107DD000FFFFFFFFFFFFFFFFFFFFFFFFFFFFFFFFB3
:107DE000FFFFFFFFFFFFFFFFFFFFFFFFFFFFFFFFA3
:107DF000FFFFFFFFFFFFFFFFFFFFFFFFFFFFFFFF93
:107E0000FFFFFFFFFFFFFFFFFFFFFFFFFFFFFFFF82
:107E1000FFFFFFFFFFFFFFFFFFFFFFFFFFFFFFFF72
:107E2000FFFFFFFFFFFFFFFFFFFFFFFFFFFFFFFF62
:107E3000FFFFFFFFFFFFFFFFFFFFFFFFFFFFFFFF52
:107E4000FFFFFFFFFFFFFFFFFFFFFFFFFFFFFFFF42
:107E5000FFFFFFFFFFFFFFFFFFFFFFFFFFFFFFFF32
:107E6000FFFFFFFFFFFFFFFFFFFFFFFFFFFFFFFF22
:107E7000FFFFFFFFFFFFFFFFFFFFFFFFFFFFFFFF12
:107E8000FFFFFFFFFFFFFFFFFFFFFFFFFFFFFFFF02
:107E9000FFFFFFFFFFFFFFFFFFFFFFFFFFFFFFFFF2
:107EA000FFFFFFFFFFFFFFFFFFFFFFFFFFFFFFFFE2
:107EB000FFFFFFFFFFFFFFFFFFFFFFFFFFFFFFFFD2
:107EC000FFFFFFFFFFFFFFFFFFFFFFFFFFFFFFFFC2
:107ED000FFFFFFFFFFFFFFFFFFFFFFFFFFFFFFFFB2
:107EE000FFFFFFFFFFFFFFFFFFFFFFFFFFFFFFFFA2
:107EF000FFFFFFFFFFFFFFFFFFFFFFFFFFFFFFFF92
:107F0000FFFFFFFFFFFFFFFFFFFFFFFFFFFFFFFF81
:107F1000FFFFFFFFFFFFFFFFFFFFFFFFFFFFFFFF71
:107F2000FFFFFFFFFFFFFFFFFFFFFFFFFFFFFFFF61
:107F3000FFFFFFFFFFFFFFFFFFFFFFFFFFFFFFFF51
:107F4000FFFFFFFFFFFFFFFFFFFFFFFFFFFFFFFF41
:107F5000FFFFFFFFFFFFFFFFFFFFFFFFFFFFFFFF31
:107F6000FFFFFFFFFFFFFFFFFFFFFFFFFFFFFFFF21
:107F7000FFFFFFFFFFFFFFFFFFFFFFFFFFFFFFFF11
:107F8000FFFFFFFFFFFFFFFFFFFFFFFFFFFFFFFF01
:107F9000FFFFFFFFFFFFFFFFFFFFFFFFFFFFFFFFF1
:107FA000FFFFFFFFFFFFFFFFFFFFFFFFFFFFFFFFE1
:107FB000FFFFFFFFFFFFFFFFFFFFFFFFFFFFFFFFD1
:107FC000FFFFFFFFFFFFFFFFFFFFFFFFFFFFFFFFC1
:107FD000FFFFFFFFFFFFFFFFFFFFFFFFFFFFFFFFB1
:107FE000FFFFFFFFFFFFFFFFFFFFFFFFFFFFFFFFA1
:107FF000FFFFFFFFFFFFFFFFFFFFFFFFFFFFFFFF91
:10800000FFFFFFFFFFFFFFFFFFFFFFFFFFFFFFFF80
:10801000FFFFFFFFFFFFFFFFFFFFFFFFFFFFFFFF70
:10802000FFFFFFFFFFFFFFFFFFFFFFFFFFFFFFFF60
:10803000FFFFFFFFFFFFFFFFFFFFFFFFFFFFFFFF50
:10804000FFFFFFFFFFFFFFFFFFFFFFFFFFFFFFFF40
:10805000FFFFFFFFFFFFFFFFFFFFFFFFFFFFFFFF30
:10806000FFFFFFFFFFFFFFFFFFFFFFFFFFFFFFFF20
:10807000FFFFFFFFFFFFFFFFFFFFFFFFFFFFFFFF10
:10808000FFFFFFFFFFFFFFFFFFFFFFFFFFFFFFFF00
:10809000FFFFFFFFFFFFFFFFFFFFFFFFFFFFFFFFF0
:1080A000FFFFFFFFFFFFFFFFFFFFFFFFFFFFFFFFE0
:1080B000FFFFFFFFFFFFFFFFFFFFFFFFFFFFFFFFD0
:1080C000FFFFFFFFFFFFFFFFFFFFFFFFFFFFFFFFC0
:1080D000FFFFFFFFFFFFFFFFFFFFFFFFFFFFFFFFB0
:1080E000FFFFFFFFFFFFFFFFFFFFFFFFFFFFFFFFA0
:1080F000FFFFFFFFFFFFFFFFFFFFFFFFFFFFFFFF90
:10810000FFFFFFFFFFFFFFFFFFFFFFFFFFFFFFFF7F
:10811000FFFFFFFFFFFFFFFFFFFFFFFFFFFFFFFF6F
:10812000FFFFFFFFFFFFFFFFFFFFFFFFFFFFFFFF5F
:10813000FFFFFFFFFFFFFFFFFFFFFFFFFFFFFFFF4F
:10814000FFFFFFFFFFFFFFFFFFFFFFFFFFFFFFFF3F
:10815000FFFFFFFFFFFFFFFFFFFFFFFFFFFFFFFF2F
:10816000FFFFFFFFFFFFFFFFFFFFFFFFFFFFFFFF1F
:10817000FFFFFFFFFFFFFFFFFFFFFFFFFFFFFFFF0F
:10818000FFFFFFFFFFFFFFFFFFFFFFFFFFFFFFFFFF
:10819000FFFFFFFFFFFFFFFFFFFFFFFFFFFFFFFFEF
:1081A000FFFFFFFFFFFFFFFFFFFFFFFFFFFFFFFFDF
:1081B000FFFFFFFFFFFFFFFFFFFFFFFFFFFFFFFFCF
:1081C000FFFFFFFFFFFFFFFFFFFFFFFFFFFFFFFFBF
:1081D000FFFFFFFFFFFFFFFFFFFFFFFFFFFFFFFFAF
:1081E000FFFFFFFFFFFFFFFFFFFFFFFFFFFFFFFF9F
:1081F000FFFFFFFFFFFFFFFFFFFFFFFFFFFFFFFF8F
:10820000FFFFFFFFFFFFFFFFFFFFFFFFFFFFFFFF7E
:10821000FFFFFFFFFFFFFFFFFFFFFFFFFFFFFFFF6E
:10822000FFFFFFFFFFFFFFFFFFFFFFFFFFFFFFFF5E
:10823000FFFFFFFFFFFFFFFFFFFFFFFFFFFFFFFF4E
:10824000FFFFFFFFFFFFFFFFFFFFFFFFFFFFFFFF3E
:10825000FFFFFFFFFFFFFFFFFFFFFFFFFFFFFFFF2E
:10826000FFFFFFFFFFFFFFFFFFFFFFFFFFFFFFFF1E
:10827000FFFFFFFFFFFFFFFFFFFFFFFFFFFFFFFF0E
:10828000FFFFFFFFFFFFFFFFFFFFFFFFFFFFFFFFFE
:10829000FFFFFFFFFFFFFFFFFFFFFFFFFFFFFFFFEE
:1082A000FFFFFFFFFFFFFFFFFFFFFFFFFFFFFFFFDE
:1082B000FFFFFFFFFFFFFFFFFFFFFFFFFFFFFFFFCE
:1082C000FFFFFFFFFFFFFFFFFFFFFFFFFFFFFFFFBE
:1082D000FFFFFFFFFFFFFFFFFFFFFFFFFFFFFFFFAE
:1082E000FFFFFFFFFFFFFFFFFFFFFFFFFFFFFFFF9E
:1082F000FFFFFFFFFFFFFFFFFFFFFFFFFFFFFFFF8E
:10830000FFFFFFFFFFFFFFFFFFFFFFFFFFFFFFFF7D
:10831000FFFFFFFFFFFFFFFFFFFFFFFFFFFFFFFF6D
:10832000FFFFFFFFFFFFFFFFFFFFFFFFFFFFFFFF5D
:10833000FFFFFFFFFFFFFFFFFFFFFFFFFFFFFFFF4D
:10834000FFFFFFFFFFFFFFFFFFFFFFFFFFFFFFFF3D
:10835000FFFFFFFFFFFFFFFFFFFFFFFFFFFFFFFF2D
:10836000FFFFFFFFFFFFFFFFFFFFFFFFFFFFFFFF1D
:10837000FFFFFFFFFFFFFFFFFFFFFFFFFFFFFFFF0D
:10838000FFFFFFFFFFFFFFFFFFFFFFFFFFFFFFFFFD
:10839000FFFFFFFFFFFFFFFFFFFFFFFFFFFFFFFFED
:1083A000FFFFFFFFFFFFFFFFFFFFFFFFFFFFFFFFDD
:1083B000FFFFFFFFFFFFFFFFFFFFFFFFFFFFFFFFCD
:1083C000FFFFFFFFFFFFFFFFFFFFFFFFFFFFFFFFBD
:1083D000FFFFFFFFFFFFFFFFFFFFFFFFFFFFFFFFAD
:1083E000FFFFFFFFFFFFFFFFFFFFFFFFFFFFFFFF9D
:1083F000FFFFFFFFFFFFFFFFFFFFFFFFFFFFFFFF8D
:10840000FFFFFFFFFFFFFFFFFFFFFFFFFFFFFFFF7C
:10841000FFFFFFFFFFFFFFFFFFFFFFFFFFFFFFFF6C
:10842000FFFFFFFFFFFFFFFFFFFFFFFFFFFFFFFF5C
:10843000FFFFFFFFFFFFFFFFFFFFFFFFFFFFFFFF4C
:10844000FFFFFFFFFFFFFFFFFFFFFFFFFFFFFFFF3C
:10845000FFFFFFFFFFFFFFFFFFFFFFFFFFFFFFFF2C
:10846000FFFFFFFFFFFFFFFFFFFFFFFFFFFFFFFF1C
:10847000FFFFFFFFFFFFFFFFFFFFFFFFFFFFFFFF0C
:10848000FFFFFFFFFFFFFFFFFFFFFFFFFFFFFFFFFC
:10849000FFFFFFFFFFFFFFFFFFFFFFFFFFFFFFFFEC
:1084A000FFFFFFFFFFFFFFFFFFFFFFFFFFFFFFFFDC
:1084B000FFFFFFFFFFFFFFFFFFFFFFFFFFFFFFFFCC
:1084C000FFFFFFFFFFFFFFFFFFFFFFFFFFFFFFFFBC
:1084D000FFFFFFFFFFFFFFFFFFFFFFFFFFFFFFFFAC
:1084E000FFFFFFFFFFFFFFFFFFFFFFFFFFFFFFFF9C
:1084F000FFFFFFFFFFFFFFFFFFFFFFFFFFFFFFFF8C
:10850000FFFFFFFFFFFFFFFFFFFFFFFFFFFFFFFF7B
:10851000FFFFFFFFFFFFFFFFFFFFFFFFFFFFFFFF6B
:10852000FFFFFFFFFFFFFFFFFFFFFFFFFFFFFFFF5B
:10853000FFFFFFFFFFFFFFFFFFFFFFFFFFFFFFFF4B
:10854000FFFFFFFFFFFFFFFFFFFFFFFFFFFFFFFF3B
:10855000FFFFFFFFFFFFFFFFFFFFFFFFFFFFFFFF2B
:10856000FFFFFFFFFFFFFFFFFFFFFFFFFFFFFFFF1B
:10857000FFFFFFFFFFFFFFFFFFFFFFFFFFFFFFFF0B
:10858000FFFFFFFFFFFFFFFFFFFFFFFFFFFFFFFFFB
:10859000FFFFFFFFFFFFFFFFFFFFFFFFFFFFFFFFEB
:1085A000FFFFFFFFFFFFFFFFFFFFFFFFFFFFFFFFDB
:1085B000FFFFFFFFFFFFFFFFFFFFFFFFFFFFFFFFCB
:1085C000FFFFFFFFFFFFFFFFFFFFFFFFFFFFFFFFBB
:1085D000FFFFFFFFFFFFFFFFFFFFFFFFFFFFFFFFAB
:1085E000FFFFFFFFFFFFFFFFFFFFFFFFFFFFFFFF9B
:1085F000FFFFFFFFFFFFFFFFFFFFFFFFFFFFFFFF8B
:10860000FFFFFFFFFFFFFFFFFFFFFFFFFFFFFFFF7A
:10861000FFFFFFFFFFFFFFFFFFFFFFFFFFFFFFFF6A
:10862000FFFFFFFFFFFFFFFFFFFFFFFFFFFFFFFF5A
:10863000FFFFFFFFFFFFFFFFFFFFFFFFFFFFFFFF4A
:10864000FFFFFFFFFFFFFFFFFFFFFFFFFFFFFFFF3A
:10865000FFFFFFFFFFFFFFFFFFFFFFFFFFFFFFFF2A
:10866000FFFFFFFFFFFFFFFFFFFFFFFFFFFFFFFF1A
:10867000FFFFFFFFFFFFFFFFFFFFFFFFFFFFFFFF0A
:10868000FFFFFFFFFFFFFFFFFFFFFFFFFFFFFFFFFA
:10869000FFFFFFFFFFFFFFFFFFFFFFFFFFFFFFFFEA
:1086A000FFFFFFFFFFFFFFFFFFFFFFFFFFFFFFFFDA
:1086B000FFFFFFFFFFFFFFFFFFFFFFFFFFFFFFFFCA
:1086C000FFFFFFFFFFFFFFFFFFFFFFFFFFFFFFFFBA
:1086D000FFFFFFFFFFFFFFFFFFFFFFFFFFFFFFFFAA
:1086E000FFFFFFFFFFFFFFFFFFFFFFFFFFFFFFFF9A
:1086F000FFFFFFFFFFFFFFFFFFFFFFFFFFFFFFFF8A
:10870000FFFFFFFFFFFFFFFFFFFFFFFFFFFFFFFF79
:10871000FFFFFFFFFFFFFFFFFFFFFFFFFFFFFFFF69
:10872000FFFFFFFFFFFFFFFFFFFFFFFFFFFFFFFF59
:10873000FFFFFFFFFFFFFFFFFFFFFFFFFFFFFFFF49
:10874000FFFFFFFFFFFFFFFFFFFFFFFFFFFFFFFF39
:10875000FFFFFFFFFFFFFFFFFFFFFFFFFFFFFFFF29
:10876000FFFFFFFFFFFFFFFFFFFFFFFFFFFFFFFF19
:10877000FFFFFFFFFFFFFFFFFFFFFFFFFFFFFFFF09
:10878000FFFFFFFFFFFFFFFFFFFFFFFFFFFFFFFFF9
:10879000FFFFFFFFFFFFFFFFFFFFFFFFFFFFFFFFE9
:1087A000FFFFFFFFFFFFFFFFFFFFFFFFFFFFFFFFD9
:1087B000FFFFFFFFFFFFFFFFFFFFFFFFFFFFFFFFC9
:1087C000FFFFFFFFFFFFFFFFFFFFFFFFFFFFFFFFB9
:1087D000FFFFFFFFFFFFFFFFFFFFFFFFFFFFFFFFA9
:1087E000FFFFFFFFFFFFFFFFFFFFFFFFFFFFFFFF99
:1087F000FFFFFFFFFFFFFFFFFFFFFFFFFFFFFFFF89
:10880000FFFFFFFFFFFFFFFFFFFFFFFFFFFFFFFF78
:10881000FFFFFFFFFFFFFFFFFFFFFFFFFFFFFFFF68
:10882000FFFFFFFFFFFFFFFFFFFFFFFFFFFFFFFF58
:10883000FFFFFFFFFFFFFFFFFFFFFFFFFFFFFFFF48
:10884000FFFFFFFFFFFFFFFFFFFFFFFFFFFFFFFF38
:10885000FFFFFFFFFFFFFFFFFFFFFFFFFFFFFFFF28
:10886000FFFFFFFFFFFFFFFFFFFFFFFFFFFFFFFF18
:10887000FFFFFFFFFFFFFFFFFFFFFFFFFFFFFFFF08
:10888000FFFFFFFFFFFFFFFFFFFFFFFFFFFFFFFFF8
:10889000FFFFFFFFFFFFFFFFFFFFFFFFFFFFFFFFE8
:1088A000FFFFFFFFFFFFFFFFFFFFFFFFFFFFFFFFD8
:1088B000FFFFFFFFFFFFFFFFFFFFFFFFFFFFFFFFC8
:1088C000FFFFFFFFFFFFFFFFFFFFFFFFFFFFFFFFB8
:1088D000FFFFFFFFFFFFFFFFFFFFFFFFFFFFFFFFA8
:1088E000FFFFFFFFFFFFFFFFFFFFFFFFFFFFFFFF98
:1088F000FFFFFFFFFFFFFFFFFFFFFFFFFFFFFFFF88
:10890000FFFFFFFFFFFFFFFFFFFFFFFFFFFFFFFF77
:10891000FFFFFFFFFFFFFFFFFFFFFFFFFFFFFFFF67
:10892000FFFFFFFFFFFFFFFFFFFFFFFFFFFFFFFF57
:10893000FFFFFFFFFFFFFFFFFFFFFFFFFFFFFFFF47
:10894000FFFFFFFFFFFFFFFFFFFFFFFFFFFFFFFF37
:10895000FFFFFFFFFFFFFFFFFFFFFFFFFFFFFFFF27
:10896000FFFFFFFFFFFFFFFFFFFFFFFFFFFFFFFF17
:10897000FFFFFFFFFFFFFFFFFFFFFFFFFFFFFFFF07
:10898000FFFFFFFFFFFFFFFFFFFFFFFFFFFFFFFFF7
:10899000FFFFFFFFFFFFFFFFFFFFFFFFFFFFFFFFE7
:1089A000FFFFFFFFFFFFFFFFFFFFFFFFFFFFFFFFD7
:1089B000FFFFFFFFFFFFFFFFFFFFFFFFFFFFFFFFC7
:1089C000FFFFFFFFFFFFFFFFFFFFFFFFFFFFFFFFB7
:1089D000FFFFFFFFFFFFFFFFFFFFFFFFFFFFFFFFA7
:1089E000FFFFFFFFFFFFFFFFFFFFFFFFFFFFFFFF97
:1089F000FFFFFFFFFFFFFFFFFFFFFFFFFFFFFFFF87
:108A0000FFFFFFFFFFFFFFFFFFFFFFFFFFFFFFFF76
:108A1000FFFFFFFFFFFFFFFFFFFFFFFFFFFFFFFF66
:108A2000FFFFFFFFFFFFFFFFFFFFFFFFFFFFFFFF56
:108A3000FFFFFFFFFFFFFFFFFFFFFFFFFFFFFFFF46
:108A4000FFFFFFFFFFFFFFFFFFFFFFFFFFFFFFFF36
:108A5000FFFFFFFFFFFFFFFFFFFFFFFFFFFFFFFF26
:108A6000FFFFFFFFFFFFFFFFFFFFFFFFFFFFFFFF16
:108A7000FFFFFFFFFFFFFFFFFFFFFFFFFFFFFFFF06
:108A8000FFFFFFFFFFFFFFFFFFFFFFFFFFFFFFFFF6
:108A9000FFFFFFFFFFFFFFFFFFFFFFFFFFFFFFFFE6
:108AA000FFFFFFFFFFFFFFFFFFFFFFFFFFFFFFFFD6
:108AB000FFFFFFFFFFFFFFFFFFFFFFFFFFFFFFFFC6
:108AC000FFFFFFFFFFFFFFFFFFFFFFFFFFFFFFFFB6
:108AD000FFFFFFFFFFFFFFFFFFFFFFFFFFFFFFFFA6
:108AE000FFFFFFFFFFFFFFFFFFFFFFFFFFFFFFFF96
:108AF000FFFFFFFFFFFFFFFFFFFFFFFFFFFFFFFF86
:108B0000FFFFFFFFFFFFFFFFFFFFFFFFFFFFFFFF75
:108B1000FFFFFFFFFFFFFFFFFFFFFFFFFFFFFFFF65
:108B2000FFFFFFFFFFFFFFFFFFFFFFFFFFFFFFFF55
:108B3000FFFFFFFFFFFFFFFFFFFFFFFFFFFFFFFF45
:108B4000FFFFFFFFFFFFFFFFFFFFFFFFFFFFFFFF35
:108B5000FFFFFFFFFFFFFFFFFFFFFFFFFFFFFFFF25
:108B6000FFFFFFFFFFFFFFFFFFFFFFFFFFFFFFFF15
:108B7000FFFFFFFFFFFFFFFFFFFFFFFFFFFFFFFF05
:108B8000FFFFFFFFFFFFFFFFFFFFFFFFFFFFFFFFF5
:108B9000FFFFFFFFFFFFFFFFFFFFFFFFFFFFFFFFE5
:108BA000FFFFFFFFFFFFFFFFFFFFFFFFFFFFFFFFD5
:108BB000FFFFFFFFFFFFFFFFFFFFFFFFFFFFFFFFC5
:108BC000FFFFFFFFFFFFFFFFFFFFFFFFFFFFFFFFB5
:108BD000FFFFFFFFFFFFFFFFFFFFFFFFFFFFFFFFA5
:108BE000FFFFFFFFFFFFFFFFFFFFFFFFFFFFFFFF95
:108BF000FFFFFFFFFFFFFFFFFFFFFFFFFFFFFFFF85
:108C0000FFFFFFFFFFFFFFFFFFFFFFFFFFFFFFFF74
:108C1000FFFFFFFFFFFFFFFFFFFFFFFFFFFFFFFF64
:108C2000FFFFFFFFFFFFFFFFFFFFFFFFFFFFFFFF54
:108C3000FFFFFFFFFFFFFFFFFFFFFFFFFFFFFFFF44
:108C4000FFFFFFFFFFFFFFFFFFFFFFFFFFFFFFFF34
:108C5000FFFFFFFFFFFFFFFFFFFFFFFFFFFFFFFF24
:108C6000FFFFFFFFFFFFFFFFFFFFFFFFFFFFFFFF14
:108C7000FFFFFFFFFFFFFFFFFFFFFFFFFFFFFFFF04
:108C8000FFFFFFFFFFFFFFFFFFFFFFFFFFFFFFFFF4
:108C9000FFFFFFFFFFFFFFFFFFFFFFFFFFFFFFFFE4
:108CA000FFFFFFFFFFFFFFFFFFFFFFFFFFFFFFFFD4
:108CB000FFFFFFFFFFFFFFFFFFFFFFFFFFFFFFFFC4
:108CC000FFFFFFFFFFFFFFFFFFFFFFFFFFFFFFFFB4
:108CD000FFFFFFFFFFFFFFFFFFFFFFFFFFFFFFFFA4
:108CE000FFFFFFFFFFFFFFFFFFFFFFFFFFFFFFFF94
:108CF000FFFFFFFFFFFFFFFFFFFFFFFFFFFFFFFF84
:108D0000FFFFFFFFFFFFFFFFFFFFFFFFFFFFFFFF73
:108D1000FFFFFFFFFFFFFFFFFFFFFFFFFFFFFFFF63
:108D2000FFFFFFFFFFFFFFFFFFFFFFFFFFFFFFFF53
:108D3000FFFFFFFFFFFFFFFFFFFFFFFFFFFFFFFF43
:108D4000FFFFFFFFFFFFFFFFFFFFFFFFFFFFFFFF33
:108D5000FFFFFFFFFFFFFFFFFFFFFFFFFFFFFFFF23
:108D6000FFFFFFFFFFFFFFFFFFFFFFFFFFFFFFFF13
:108D7000FFFFFFFFFFFFFFFFFFFFFFFFFFFFFFFF03
:108D8000FFFFFFFFFFFFFFFFFFFFFFFFFFFFFFFFF3
:108D9000FFFFFFFFFFFFFFFFFFFFFFFFFFFFFFFFE3
:108DA000FFFFFFFFFFFFFFFFFFFFFFFFFFFFFFFFD3
:108DB000FFFFFFFFFFFFFFFFFFFFFFFFFFFFFFFFC3
:108DC000FFFFFFFFFFFFFFFFFFFFFFFFFFFFFFFFB3
:108DD000FFFFFFFFFFFFFFFFFFFFFFFFFFFFFFFFA3
:108DE000FFFFFFFFFFFFFFFFFFFFFFFFFFFFFFFF93
:108DF000FFFFFFFFFFFFFFFFFFFFFFFFFFFFFFFF83
:108E0000FFFFFFFFFFFFFFFFFFFFFFFFFFFFFFFF72
:108E1000FFFFFFFFFFFFFFFFFFFFFFFFFFFFFFFF62
:108E2000FFFFFFFFFFFFFFFFFFFFFFFFFFFFFFFF52
:108E3000FFFFFFFFFFFFFFFFFFFFFFFFFFFFFFFF42
:108E4000FFFFFFFFFFFFFFFFFFFFFFFFFFFFFFFF32
:108E5000FFFFFFFFFFFFFFFFFFFFFFFFFFFFFFFF22
:108E6000FFFFFFFFFFFFFFFFFFFFFFFFFFFFFFFF12
:108E7000FFFFFFFFFFFFFFFFFFFFFFFFFFFFFFFF02
:108E8000FFFFFFFFFFFFFFFFFFFFFFFFFFFFFFFFF2
:108E9000FFFFFFFFFFFFFFFFFFFFFFFFFFFFFFFFE2
:108EA000FFFFFFFFFFFFFFFFFFFFFFFFFFFFFFFFD2
:108EB000FFFFFFFFFFFFFFFFFFFFFFFFFFFFFFFFC2
:108EC000FFFFFFFFFFFFFFFFFFFFFFFFFFFFFFFFB2
:108ED000FFFFFFFFFFFFFFFFFFFFFFFFFFFFFFFFA2
:108EE000FFFFFFFFFFFFFFFFFFFFFFFFFFFFFFFF92
:108EF000FFFFFFFFFFFFFFFFFFFFFFFFFFFFFFFF82
:108F0000FFFFFFFFFFFFFFFFFFFFFFFFFFFFFFFF71
:108F1000FFFFFFFFFFFFFFFFFFFFFFFFFFFFFFFF61
:108F2000FFFFFFFFFFFFFFFFFFFFFFFFFFFFFFFF51
:108F3000FFFFFFFFFFFFFFFFFFFFFFFFFFFFFFFF41
:108F4000FFFFFFFFFFFFFFFFFFFFFFFFFFFFFFFF31
:108F5000FFFFFFFFFFFFFFFFFFFFFFFFFFFFFFFF21
:108F6000FFFFFFFFFFFFFFFFFFFFFFFFFFFFFFFF11
:108F7000FFFFFFFFFFFFFFFFFFFFFFFFFFFFFFFF01
:108F8000FFFFFFFFFFFFFFFFFFFFFFFFFFFFFFFFF1
:108F9000FFFFFFFFFFFFFFFFFFFFFFFFFFFFFFFFE1
:108FA000FFFFFFFFFFFFFFFFFFFFFFFFFFFFFFFFD1
:108FB000FFFFFFFFFFFFFFFFFFFFFFFFFFFFFFFFC1
:108FC000FFFFFFFFFFFFFFFFFFFFFFFFFFFFFFFFB1
:108FD000FFFFFFFFFFFFFFFFFFFFFFFFFFFFFFFFA1
:108FE000FFFFFFFFFFFFFFFFFFFFFFFFFFFFFFFF91
:108FF000FFFFFFFFFFFFFFFFFFFFFFFFFFFFFFFF81
:10900000FFFFFFFFFFFFFFFFFFFFFFFFFFFFFFFF70
:10901000FFFFFFFFFFFFFFFFFFFFFFFFFFFFFFFF60
:10902000FFFFFFFFFFFFFFFFFFFFFFFFFFFFFFFF50
:10903000FFFFFFFFFFFFFFFFFFFFFFFFFFFFFFFF40
:10904000FFFFFFFFFFFFFFFFFFFFFFFFFFFFFFFF30
:10905000FFFFFFFFFFFFFFFFFFFFFFFFFFFFFFFF20
:10906000FFFFFFFFFFFFFFFFFFFFFFFFFFFFFFFF10
:10907000FFFFFFFFFFFFFFFFFFFFFFFFFFFFFFFF00
:10908000FFFFFFFFFFFFFFFFFFFFFFFFFFFFFFFFF0
:10909000FFFFFFFFFFFFFFFFFFFFFFFFFFFFFFFFE0
:1090A000FFFFFFFFFFFFFFFFFFFFFFFFFFFFFFFFD0
:1090B000FFFFFFFFFFFFFFFFFFFFFFFFFFFFFFFFC0
:1090C000FFFFFFFFFFFFFFFFFFFFFFFFFFFFFFFFB0
:1090D000FFFFFFFFFFFFFFFFFFFFFFFFFFFFFFFFA0
:1090E000FFFFFFFFFFFFFFFFFFFFFFFFFFFFFFFF90
:1090F000FFFFFFFFFFFFFFFFFFFFFFFFFFFFFFFF80
:10910000FFFFFFFFFFFFFFFFFFFFFFFFFFFFFFFF6F
:10911000FFFFFFFFFFFFFFFFFFFFFFFFFFFFFFFF5F
:10912000FFFFFFFFFFFFFFFFFFFFFFFFFFFFFFFF4F
:10913000FFFFFFFFFFFFFFFFFFFFFFFFFFFFFFFF3F
:10914000FFFFFFFFFFFFFFFFFFFFFFFFFFFFFFFF2F
:10915000FFFFFFFFFFFFFFFFFFFFFFFFFFFFFFFF1F
:10916000FFFFFFFFFFFFFFFFFFFFFFFFFFFFFFFF0F
:10917000FFFFFFFFFFFFFFFFFFFFFFFFFFFFFFFFFF
:10918000FFFFFFFFFFFFFFFFFFFFFFFFFFFFFFFFEF
:10919000FFFFFFFFFFFFFFFFFFFFFFFFFFFFFFFFDF
:1091A000FFFFFFFFFFFFFFFFFFFFFFFFFFFFFFFFCF
:1091B000FFFFFFFFFFFFFFFFFFFFFFFFFFFFFFFFBF
:1091C000FFFFFFFFFFFFFFFFFFFFFFFFFFFFFFFFAF
:1091D000FFFFFFFFFFFFFFFFFFFFFFFFFFFFFFFF9F
:1091E000FFFFFFFFFFFFFFFFFFFFFFFFFFFFFFFF8F
:1091F000FFFFFFFFFFFFFFFFFFFFFFFFFFFFFFFF7F
:10920000FFFFFFFFFFFFFFFFFFFFFFFFFFFFFFFF6E
:10921000FFFFFFFFFFFFFFFFFFFFFFFFFFFFFFFF5E
:10922000FFFFFFFFFFFFFFFFFFFFFFFFFFFFFFFF4E
:10923000FFFFFFFFFFFFFFFFFFFFFFFFFFFFFFFF3E
:10924000FFFFFFFFFFFFFFFFFFFFFFFFFFFFFFFF2E
:10925000FFFFFFFFFFFFFFFFFFFFFFFFFFFFFFFF1E
:10926000FFFFFFFFFFFFFFFFFFFFFFFFFFFFFFFF0E
:10927000FFFFFFFFFFFFFFFFFFFFFFFFFFFFFFFFFE
:10928000FFFFFFFFFFFFFFFFFFFFFFFFFFFFFFFFEE
:10929000FFFFFFFFFFFFFFFFFFFFFFFFFFFFFFFFDE
:1092A000FFFFFFFFFFFFFFFFFFFFFFFFFFFFFFFFCE
:1092B000FFFFFFFFFFFFFFFFFFFFFFFFFFFFFFFFBE
:1092C000FFFFFFFFFFFFFFFFFFFFFFFFFFFFFFFFAE
:1092D000FFFFFFFFFFFFFFFFFFFFFFFFFFFFFFFF9E
:1092E000FFFFFFFFFFFFFFFFFFFFFFFFFFFFFFFF8E
:1092F000FFFFFFFFFFFFFFFFFFFFFFFFFFFFFFFF7E
:10930000FFFFFFFFFFFFFFFFFFFFFFFFFFFFFFFF6D
:10931000FFFFFFFFFFFFFFFFFFFFFFFFFFFFFFFF5D
:10932000FFFFFFFFFFFFFFFFFFFFFFFFFFFFFFFF4D
:10933000FFFFFFFFFFFFFFFFFFFFFFFFFFFFFFFF3D
:10934000FFFFFFFFFFFFFFFFFFFFFFFFFFFFFFFF2D
:10935000FFFFFFFFFFFFFFFFFFFFFFFFFFFFFFFF1D
:10936000FFFFFFFFFFFFFFFFFFFFFFFFFFFFFFFF0D
:10937000FFFFFFFFFFFFFFFFFFFFFFFFFFFFFFFFFD
:10938000FFFFFFFFFFFFFFFFFFFFFFFFFFFFFFFFED
:10939000FFFFFFFFFFFFFFFFFFFFFFFFFFFFFFFFDD
:1093A000FFFFFFFFFFFFFFFFFFFFFFFFFFFFFFFFCD
:1093B000FFFFFFFFFFFFFFFFFFFFFFFFFFFFFFFFBD
:1093C000FFFFFFFFFFFFFFFFFFFFFFFFFFFFFFFFAD
:1093D000FFFFFFFFFFFFFFFFFFFFFFFFFFFFFFFF9D
:1093E000FFFFFFFFFFFFFFFFFFFFFFFFFFFFFFFF8D
:1093F000FFFFFFFFFFFFFFFFFFFFFFFFFFFFFFFF7D
:10940000FFFFFFFFFFFFFFFFFFFFFFFFFFFFFFFF6C
:10941000FFFFFFFFFFFFFFFFFFFFFFFFFFFFFFFF5C
:10942000FFFFFFFFFFFFFFFFFFFFFFFFFFFFFFFF4C
:10943000FFFFFFFFFFFFFFFFFFFFFFFFFFFFFFFF3C
:10944000FFFFFFFFFFFFFFFFFFFFFFFFFFFFFFFF2C
:10945000FFFFFFFFFFFFFFFFFFFFFFFFFFFFFFFF1C
:10946000FFFFFFFFFFFFFFFFFFFFFFFFFFFFFFFF0C
:10947000FFFFFFFFFFFFFFFFFFFFFFFFFFFFFFFFFC
:10948000FFFFFFFFFFFFFFFFFFFFFFFFFFFFFFFFEC
:10949000FFFFFFFFFFFFFFFFFFFFFFFFFFFFFFFFDC
:1094A000FFFFFFFFFFFFFFFFFFFFFFFFFFFFFFFFCC
:1094B000FFFFFFFFFFFFFFFFFFFFFFFFFFFFFFFFBC
:1094C000FFFFFFFFFFFFFFFFFFFFFFFFFFFFFFFFAC
:1094D000FFFFFFFFFFFFFFFFFFFFFFFFFFFFFFFF9C
:1094E000FFFFFFFFFFFFFFFFFFFFFFFFFFFFFFFF8C
:1094F000FFFFFFFFFFFFFFFFFFFFFFFFFFFFFFFF7C
:10950000FFFFFFFFFFFFFFFFFFFFFFFFFFFFFFFF6B
:10951000FFFFFFFFFFFFFFFFFFFFFFFFFFFFFFFF5B
:10952000FFFFFFFFFFFFFFFFFFFFFFFFFFFFFFFF4B
:10953000FFFFFFFFFFFFFFFFFFFFFFFFFFFFFFFF3B
:10954000FFFFFFFFFFFFFFFFFFFFFFFFFFFFFFFF2B
:10955000FFFFFFFFFFFFFFFFFFFFFFFFFFFFFFFF1B
:10956000FFFFFFFFFFFFFFFFFFFFFFFFFFFFFFFF0B
:10957000FFFFFFFFFFFFFFFFFFFFFFFFFFFFFFFFFB
:10958000FFFFFFFFFFFFFFFFFFFFFFFFFFFFFFFFEB
:10959000FFFFFFFFFFFFFFFFFFFFFFFFFFFFFFFFDB
:1095A000FFFFFFFFFFFFFFFFFFFFFFFFFFFFFFFFCB
:1095B000FFFFFFFFFFFFFFFFFFFFFFFFFFFFFFFFBB
:1095C000FFFFFFFFFFFFFFFFFFFFFFFFFFFFFFFFAB
:1095D000FFFFFFFFFFFFFFFFFFFFFFFFFFFFFFFF9B
:1095E000FFFFFFFFFFFFFFFFFFFFFFFFFFFFFFFF8B
:1095F000FFFFFFFFFFFFFFFFFFFFFFFFFFFFFFFF7B
:10960000FFFFFFFFFFFFFFFFFFFFFFFFFFFFFFFF6A
:10961000FFFFFFFFFFFFFFFFFFFFFFFFFFFFFFFF5A
:10962000FFFFFFFFFFFFFFFFFFFFFFFFFFFFFFFF4A
:10963000FFFFFFFFFFFFFFFFFFFFFFFFFFFFFFFF3A
:10964000FFFFFFFFFFFFFFFFFFFFFFFFFFFFFFFF2A
:10965000FFFFFFFFFFFFFFFFFFFFFFFFFFFFFFFF1A
:10966000FFFFFFFFFFFFFFFFFFFFFFFFFFFFFFFF0A
:10967000FFFFFFFFFFFFFFFFFFFFFFFFFFFFFFFFFA
:10968000FFFFFFFFFFFFFFFFFFFFFFFFFFFFFFFFEA
:10969000FFFFFFFFFFFFFFFFFFFFFFFFFFFFFFFFDA
:1096A000FFFFFFFFFFFFFFFFFFFFFFFFFFFFFFFFCA
:1096B000FFFFFFFFFFFFFFFFFFFFFFFFFFFFFFFFBA
:1096C000FFFFFFFFFFFFFFFFFFFFFFFFFFFFFFFFAA
:1096D000FFFFFFFFFFFFFFFFFFFFFFFFFFFFFFFF9A
:1096E000FFFFFFFFFFFFFFFFFFFFFFFFFFFFFFFF8A
:1096F000FFFFFFFFFFFFFFFFFFFFFFFFFFFFFFFF7A
:10970000FFFFFFFFFFFFFFFFFFFFFFFFFFFFFFFF69
:10971000FFFFFFFFFFFFFFFFFFFFFFFFFFFFFFFF59
:10972000FFFFFFFFFFFFFFFFFFFFFFFFFFFFFFFF49
:10973000FFFFFFFFFFFFFFFFFFFFFFFFFFFFFFFF39
:10974000FFFFFFFFFFFFFFFFFFFFFFFFFFFFFFFF29
:10975000FFFFFFFFFFFFFFFFFFFFFFFFFFFFFFFF19
:10976000FFFFFFFFFFFFFFFFFFFFFFFFFFFFFFFF09
:10977000FFFFFFFFFFFFFFFFFFFFFFFFFFFFFFFFF9
:10978000FFFFFFFFFFFFFFFFFFFFFFFFFFFFFFFFE9
:10979000FFFFFFFFFFFFFFFFFFFFFFFFFFFFFFFFD9
:1097A000FFFFFFFFFFFFFFFFFFFFFFFFFFFFFFFFC9
:1097B000FFFFFFFFFFFFFFFFFFFFFFFFFFFFFFFFB9
:1097C000FFFFFFFFFFFFFFFFFFFFFFFFFFFFFFFFA9
:1097D000FFFFFFFFFFFFFFFFFFFFFFFFFFFFFFFF99
:1097E000FFFFFFFFFFFFFFFFFFFFFFFFFFFFFFFF89
:1097F000FFFFFFFFFFFFFFFFFFFFFFFFFFFFFFFF79
:10980000FFFFFFFFFFFFFFFFFFFFFFFFFFFFFFFF68
:10981000FFFFFFFFFFFFFFFFFFFFFFFFFFFFFFFF58
:10982000FFFFFFFFFFFFFFFFFFFFFFFFFFFFFFFF48
:10983000FFFFFFFFFFFFFFFFFFFFFFFFFFFFFFFF38
:10984000FFFFFFFFFFFFFFFFFFFFFFFFFFFFFFFF28
:10985000FFFFFFFFFFFFFFFFFFFFFFFFFFFFFFFF18
:10986000FFFFFFFFFFFFFFFFFFFFFFFFFFFFFFFF08
:10987000FFFFFFFFFFFFFFFFFFFFFFFFFFFFFFFFF8
:10988000FFFFFFFFFFFFFFFFFFFFFFFFFFFFFFFFE8
:10989000FFFFFFFFFFFFFFFFFFFFFFFFFFFFFFFFD8
:1098A000FFFFFFFFFFFFFFFFFFFFFFFFFFFFFFFFC8
:1098B000FFFFFFFFFFFFFFFFFFFFFFFFFFFFFFFFB8
:1098C000FFFFFFFFFFFFFFFFFFFFFFFFFFFFFFFFA8
:1098D000FFFFFFFFFFFFFFFFFFFFFFFFFFFFFFFF98
:1098E000FFFFFFFFFFFFFFFFFFFFFFFFFFFFFFFF88
:1098F000FFFFFFFFFFFFFFFFFFFFFFFFFFFFFFFF78
:10990000FFFFFFFFFFFFFFFFFFFFFFFFFFFFFFFF67
:10991000FFFFFFFFFFFFFFFFFFFFFFFFFFFFFFFF57
:10992000FFFFFFFFFFFFFFFFFFFFFFFFFFFFFFFF47
:10993000FFFFFFFFFFFFFFFFFFFFFFFFFFFFFFFF37
:10994000FFFFFFFFFFFFFFFFFFFFFFFFFFFFFFFF27
:10995000FFFFFFFFFFFFFFFFFFFFFFFFFFFFFFFF17
:10996000FFFFFFFFFFFFFFFFFFFFFFFFFFFFFFFF07
:10997000FFFFFFFFFFFFFFFFFFFFFFFFFFFFFFFFF7
:10998000FFFFFFFFFFFFFFFFFFFFFFFFFFFFFFFFE7
:10999000FFFFFFFFFFFFFFFFFFFFFFFFFFFFFFFFD7
:1099A000FFFFFFFFFFFFFFFFFFFFFFFFFFFFFFFFC7
:1099B000FFFFFFFFFFFFFFFFFFFFFFFFFFFFFFFFB7
:1099C000FFFFFFFFFFFFFFFFFFFFFFFFFFFFFFFFA7
:1099D000FFFFFFFFFFFFFFFFFFFFFFFFFFFFFFFF97
:1099E000FFFFFFFFFFFFFFFFFFFFFFFFFFFFFFFF87
:1099F000FFFFFFFFFFFFFFFFFFFFFFFFFFFFFFFF77
:109A0000FFFFFFFFFFFFFFFFFFFFFFFFFFFFFFFF66
:109A1000FFFFFFFFFFFFFFFFFFFFFFFFFFFFFFFF56
:109A2000FFFFFFFFFFFFFFFFFFFFFFFFFFFFFFFF46
:109A3000FFFFFFFFFFFFFFFFFFFFFFFFFFFFFFFF36
:109A4000FFFFFFFFFFFFFFFFFFFFFFFFFFFFFFFF26
:109A5000FFFFFFFFFFFFFFFFFFFFFFFFFFFFFFFF16
:109A6000FFFFFFFFFFFFFFFFFFFFFFFFFFFFFFFF06
:109A7000FFFFFFFFFFFFFFFFFFFFFFFFFFFFFFFFF6
:109A8000FFFFFFFFFFFFFFFFFFFFFFFFFFFFFFFFE6
:109A9000FFFFFFFFFFFFFFFFFFFFFFFFFFFFFFFFD6
:109AA000FFFFFFFFFFFFFFFFFFFFFFFFFFFFFFFFC6
:109AB000FFFFFFFFFFFFFFFFFFFFFFFFFFFFFFFFB6
:109AC000FFFFFFFFFFFFFFFFFFFFFFFFFFFFFFFFA6
:109AD000FFFFFFFFFFFFFFFFFFFFFFFFFFFFFFFF96
:109AE000FFFFFFFFFFFFFFFFFFFFFFFFFFFFFFFF86
:109AF000FFFFFFFFFFFFFFFFFFFFFFFFFFFFFFFF76
:109B0000FFFFFFFFFFFFFFFFFFFFFFFFFFFFFFFF65
:109B1000FFFFFFFFFFFFFFFFFFFFFFFFFFFFFFFF55
:109B2000FFFFFFFFFFFFFFFFFFFFFFFFFFFFFFFF45
:109B3000FFFFFFFFFFFFFFFFFFFFFFFFFFFFFFFF35
:109B4000FFFFFFFFFFFFFFFFFFFFFFFFFFFFFFFF25
:109B5000FFFFFFFFFFFFFFFFFFFFFFFFFFFFFFFF15
:109B6000FFFFFFFFFFFFFFFFFFFFFFFFFFFFFFFF05
:109B7000FFFFFFFFFFFFFFFFFFFFFFFFFFFFFFFFF5
:109B8000FFFFFFFFFFFFFFFFFFFFFFFFFFFFFFFFE5
:109B9000FFFFFFFFFFFFFFFFFFFFFFFFFFFFFFFFD5
:109BA000FFFFFFFFFFFFFFFFFFFFFFFFFFFFFFFFC5
:109BB000FFFFFFFFFFFFFFFFFFFFFFFFFFFFFFFFB5
:109BC000FFFFFFFFFFFFFFFFFFFFFFFFFFFFFFFFA5
:109BD000FFFFFFFFFFFFFFFFFFFFFFFFFFFFFFFF95
:109BE000FFFFFFFFFFFFFFFFFFFFFFFFFFFFFFFF85
:109BF000FFFFFFFFFFFFFFFFFFFFFFFFFFFFFFFF75
:109C0000FFFFFFFFFFFFFFFFFFFFFFFFFFFFFFFF64
:109C1000FFFFFFFFFFFFFFFFFFFFFFFFFFFFFFFF54
:109C2000FFFFFFFFFFFFFFFFFFFFFFFFFFFFFFFF44
:109C3000FFFFFFFFFFFFFFFFFFFFFFFFFFFFFFFF34
:109C4000FFFFFFFFFFFFFFFFFFFFFFFFFFFFFFFF24
:109C5000FFFFFFFFFFFFFFFFFFFFFFFFFFFFFFFF14
:109C6000FFFFFFFFFFFFFFFFFFFFFFFFFFFFFFFF04
:109C7000FFFFFFFFFFFFFFFFFFFFFFFFFFFFFFFFF4
:109C8000FFFFFFFFFFFFFFFFFFFFFFFFFFFFFFFFE4
:109C9000FFFFFFFFFFFFFFFFFFFFFFFFFFFFFFFFD4
:109CA000FFFFFFFFFFFFFFFFFFFFFFFFFFFFFFFFC4
:109CB000FFFFFFFFFFFFFFFFFFFFFFFFFFFFFFFFB4
:109CC000FFFFFFFFFFFFFFFFFFFFFFFFFFFFFFFFA4
:109CD000FFFFFFFFFFFFFFFFFFFFFFFFFFFFFFFF94
:109CE000FFFFFFFFFFFFFFFFFFFFFFFFFFFFFFFF84
:109CF000FFFFFFFFFFFFFFFFFFFFFFFFFFFFFFFF74
:109D0000FFFFFFFFFFFFFFFFFFFFFFFFFFFFFFFF63
:109D1000FFFFFFFFFFFFFFFFFFFFFFFFFFFFFFFF53
:109D2000FFFFFFFFFFFFFFFFFFFFFFFFFFFFFFFF43
:109D3000FFFFFFFFFFFFFFFFFFFFFFFFFFFFFFFF33
:109D4000FFFFFFFFFFFFFFFFFFFFFFFFFFFFFFFF23
:109D5000FFFFFFFFFFFFFFFFFFFFFFFFFFFFFFFF13
:109D6000FFFFFFFFFFFFFFFFFFFFFFFFFFFFFFFF03
:109D7000FFFFFFFFFFFFFFFFFFFFFFFFFFFFFFFFF3
:109D8000FFFFFFFFFFFFFFFFFFFFFFFFFFFFFFFFE3
:109D9000FFFFFFFFFFFFFFFFFFFFFFFFFFFFFFFFD3
:109DA000FFFFFFFFFFFFFFFFFFFFFFFFFFFFFFFFC3
:109DB000FFFFFFFFFFFFFFFFFFFFFFFFFFFFFFFFB3
:109DC000FFFFFFFFFFFFFFFFFFFFFFFFFFFFFFFFA3
:109DD000FFFFFFFFFFFFFFFFFFFFFFFFFFFFFFFF93
:109DE000FFFFFFFFFFFFFFFFFFFFFFFFFFFFFFFF83
:109DF000FFFFFFFFFFFFFFFFFFFFFFFFFFFFFFFF73
:109E0000FFFFFFFFFFFFFFFFFFFFFFFFFFFFFFFF62
:109E1000FFFFFFFFFFFFFFFFFFFFFFFFFFFFFFFF52
:109E2000FFFFFFFFFFFFFFFFFFFFFFFFFFFFFFFF42
:109E3000FFFFFFFFFFFFFFFFFFFFFFFFFFFFFFFF32
:109E4000FFFFFFFFFFFFFFFFFFFFFFFFFFFFFFFF22
:109E5000FFFFFFFFFFFFFFFFFFFFFFFFFFFFFFFF12
:109E6000FFFFFFFFFFFFFFFFFFFFFFFFFFFFFFFF02
:109E7000FFFFFFFFFFFFFFFFFFFFFFFFFFFFFFFFF2
:109E8000FFFFFFFFFFFFFFFFFFFFFFFFFFFFFFFFE2
:109E9000FFFFFFFFFFFFFFFFFFFFFFFFFFFFFFFFD2
:109EA000FFFFFFFFFFFFFFFFFFFFFFFFFFFFFFFFC2
:109EB000FFFFFFFFFFFFFFFFFFFFFFFFFFFFFFFFB2
:109EC000FFFFFFFFFFFFFFFFFFFFFFFFFFFFFFFFA2
:109ED000FFFFFFFFFFFFFFFFFFFFFFFFFFFFFFFF92
:109EE000FFFFFFFFFFFFFFFFFFFFFFFFFFFFFFFF82
:109EF000FFFFFFFFFFFFFFFFFFFFFFFFFFFFFFFF72
:109F0000FFFFFFFFFFFFFFFFFFFFFFFFFFFFFFFF61
:109F1000FFFFFFFFFFFFFFFFFFFFFFFFFFFFFFFF51
:109F2000FFFFFFFFFFFFFFFFFFFFFFFFFFFFFFFF41
:109F3000FFFFFFFFFFFFFFFFFFFFFFFFFFFFFFFF31
:109F4000FFFFFFFFFFFFFFFFFFFFFFFFFFFFFFFF21
:109F5000FFFFFFFFFFFFFFFFFFFFFFFFFFFFFFFF11
:109F6000FFFFFFFFFFFFFFFFFFFFFFFFFFFFFFFF01
:109F7000FFFFFFFFFFFFFFFFFFFFFFFFFFFFFFFFF1
:109F8000FFFFFFFFFFFFFFFFFFFFFFFFFFFFFFFFE1
:109F9000FFFFFFFFFFFFFFFFFFFFFFFFFFFFFFFFD1
:109FA000FFFFFFFFFFFFFFFFFFFFFFFFFFFFFFFFC1
:109FB000FFFFFFFFFFFFFFFFFFFFFFFFFFFFFFFFB1
:109FC000FFFFFFFFFFFFFFFFFFFFFFFFFFFFFFFFA1
:109FD000FFFFFFFFFFFFFFFFFFFFFFFFFFFFFFFF91
:109FE000FFFFFFFFFFFFFFFFFFFFFFFFFFFFFFFF81
:109FF000FFFFFFFFFFFFFFFFFFFFFFFFFFFFFFFF71
:10A00000FFFFFFFFFFFFFFFFFFFFFFFFFFFFFFFF60
:10A01000FFFFFFFFFFFFFFFFFFFFFFFFFFFFFFFF50
:10A02000FFFFFFFFFFFFFFFFFFFFFFFFFFFFFFFF40
:10A03000FFFFFFFFFFFFFFFFFFFFFFFFFFFFFFFF30
:10A04000FFFFFFFFFFFFFFFFFFFFFFFFFFFFFFFF20
:10A05000FFFFFFFFFFFFFFFFFFFFFFFFFFFFFFFF10
:10A06000FFFFFFFFFFFFFFFFFFFFFFFFFFFFFFFF00
:10A07000FFFFFFFFFFFFFFFFFFFFFFFFFFFFFFFFF0
:10A08000FFFFFFFFFFFFFFFFFFFFFFFFFFFFFFFFE0
:10A09000FFFFFFFFFFFFFFFFFFFFFFFFFFFFFFFFD0
:10A0A000FFFFFFFFFFFFFFFFFFFFFFFFFFFFFFFFC0
:10A0B000FFFFFFFFFFFFFFFFFFFFFFFFFFFFFFFFB0
:10A0C000FFFFFFFFFFFFFFFFFFFFFFFFFFFFFFFFA0
:10A0D000FFFFFFFFFFFFFFFFFFFFFFFFFFFFFFFF90
:10A0E000FFFFFFFFFFFFFFFFFFFFFFFFFFFFFFFF80
:10A0F000FFFFFFFFFFFFFFFFFFFFFFFFFFFFFFFF70
:10A10000FFFFFFFFFFFFFFFFFFFFFFFFFFFFFFFF5F
:10A11000FFFFFFFFFFFFFFFFFFFFFFFFFFFFFFFF4F
:10A12000FFFFFFFFFFFFFFFFFFFFFFFFFFFFFFFF3F
:10A13000FFFFFFFFFFFFFFFFFFFFFFFFFFFFFFFF2F
:10A14000FFFFFFFFFFFFFFFFFFFFFFFFFFFFFFFF1F
:10A15000FFFFFFFFFFFFFFFFFFFFFFFFFFFFFFFF0F
:10A16000FFFFFFFFFFFFFFFFFFFFFFFFFFFFFFFFFF
:10A17000FFFFFFFFFFFFFFFFFFFFFFFFFFFFFFFFEF
:10A18000FFFFFFFFFFFFFFFFFFFFFFFFFFFFFFFFDF
:10A19000FFFFFFFFFFFFFFFFFFFFFFFFFFFFFFFFCF
:10A1A000FFFFFFFFFFFFFFFFFFFFFFFFFFFFFFFFBF
:10A1B000FFFFFFFFFFFFFFFFFFFFFFFFFFFFFFFFAF
:10A1C000FFFFFFFFFFFFFFFFFFFFFFFFFFFFFFFF9F
:10A1D000FFFFFFFFFFFFFFFFFFFFFFFFFFFFFFFF8F
:10A1E000FFFFFFFFFFFFFFFFFFFFFFFFFFFFFFFF7F
:10A1F000FFFFFFFFFFFFFFFFFFFFFFFFFFFFFFFF6F
:10A20000FFFFFFFFFFFFFFFFFFFFFFFFFFFFFFFF5E
:10A21000FFFFFFFFFFFFFFFFFFFFFFFFFFFFFFFF4E
:10A22000FFFFFFFFFFFFFFFFFFFFFFFFFFFFFFFF3E
:10A23000FFFFFFFFFFFFFFFFFFFFFFFFFFFFFFFF2E
:10A24000FFFFFFFFFFFFFFFFFFFFFFFFFFFFFFFF1E
:10A25000FFFFFFFFFFFFFFFFFFFFFFFFFFFFFFFF0E
:10A26000FFFFFFFFFFFFFFFFFFFFFFFFFFFFFFFFFE
:10A27000FFFFFFFFFFFFFFFFFFFFFFFFFFFFFFFFEE
:10A28000FFFFFFFFFFFFFFFFFFFFFFFFFFFFFFFFDE
:10A29000FFFFFFFFFFFFFFFFFFFFFFFFFFFFFFFFCE
:10A2A000FFFFFFFFFFFFFFFFFFFFFFFFFFFFFFFFBE
:10A2B000FFFFFFFFFFFFFFFFFFFFFFFFFFFFFFFFAE
:10A2C000FFFFFFFFFFFFFFFFFFFFFFFFFFFFFFFF9E
:10A2D000FFFFFFFFFFFFFFFFFFFFFFFFFFFFFFFF8E
:10A2E000FFFFFFFFFFFFFFFFFFFFFFFFFFFFFFFF7E
:10A2F000FFFFFFFFFFFFFFFFFFFFFFFFFFFFFFFF6E
:10A30000FFFFFFFFFFFFFFFFFFFFFFFFFFFFFFFF5D
:10A31000FFFFFFFFFFFFFFFFFFFFFFFFFFFFFFFF4D
:10A32000FFFFFFFFFFFFFFFFFFFFFFFFFFFFFFFF3D
:10A33000FFFFFFFFFFFFFFFFFFFFFFFFFFFFFFFF2D
:10A34000FFFFFFFFFFFFFFFFFFFFFFFFFFFFFFFF1D
:10A35000FFFFFFFFFFFFFFFFFFFFFFFFFFFFFFFF0D
:10A36000FFFFFFFFFFFFFFFFFFFFFFFFFFFFFFFFFD
:10A37000FFFFFFFFFFFFFFFFFFFFFFFFFFFFFFFFED
:10A38000FFFFFFFFFFFFFFFFFFFFFFFFFFFFFFFFDD
:10A39000FFFFFFFFFFFFFFFFFFFFFFFFFFFFFFFFCD
:10A3A000FFFFFFFFFFFFFFFFFFFFFFFFFFFFFFFFBD
:10A3B000FFFFFFFFFFFFFFFFFFFFFFFFFFFFFFFFAD
:10A3C000FFFFFFFFFFFFFFFFFFFFFFFFFFFFFFFF9D
:10A3D000FFFFFFFFFFFFFFFFFFFFFFFFFFFFFFFF8D
:10A3E000FFFFFFFFFFFFFFFFFFFFFFFFFFFFFFFF7D
:10A3F000FFFFFFFFFFFFFFFFFFFFFFFFFFFFFFFF6D
:10A40000FFFFFFFFFFFFFFFFFFFFFFFFFFFFFFFF5C
:10A41000FFFFFFFFFFFFFFFFFFFFFFFFFFFFFFFF4C
:10A42000FFFFFFFFFFFFFFFFFFFFFFFFFFFFFFFF3C
:10A43000FFFFFFFFFFFFFFFFFFFFFFFFFFFFFFFF2C
:10A44000FFFFFFFFFFFFFFFFFFFFFFFFFFFFFFFF1C
:10A45000FFFFFFFFFFFFFFFFFFFFFFFFFFFFFFFF0C
:10A46000FFFFFFFFFFFFFFFFFFFFFFFFFFFFFFFFFC
:10A47000FFFFFFFFFFFFFFFFFFFFFFFFFFFFFFFFEC
:10A48000FFFFFFFFFFFFFFFFFFFFFFFFFFFFFFFFDC
:10A49000FFFFFFFFFFFFFFFFFFFFFFFFFFFFFFFFCC
:10A4A000FFFFFFFFFFFFFFFFFFFFFFFFFFFFFFFFBC
:10A4B000FFFFFFFFFFFFFFFFFFFFFFFFFFFFFFFFAC
:10A4C000FFFFFFFFFFFFFFFFFFFFFFFFFFFFFFFF9C
:10A4D000FFFFFFFFFFFFFFFFFFFFFFFFFFFFFFFF8C
:10A4E000FFFFFFFFFFFFFFFFFFFFFFFFFFFFFFFF7C
:10A4F000FFFFFFFFFFFFFFFFFFFFFFFFFFFFFFFF6C
:10A50000FFFFFFFFFFFFFFFFFFFFFFFFFFFFFFFF5B
:10A51000FFFFFFFFFFFFFFFFFFFFFFFFFFFFFFFF4B
:10A52000FFFFFFFFFFFFFFFFFFFFFFFFFFFFFFFF3B
:10A53000FFFFFFFFFFFFFFFFFFFFFFFFFFFFFFFF2B
:10A54000FFFFFFFFFFFFFFFFFFFFFFFFFFFFFFFF1B
:10A55000FFFFFFFFFFFFFFFFFFFFFFFFFFFFFFFF0B
:10A56000FFFFFFFFFFFFFFFFFFFFFFFFFFFFFFFFFB
:10A57000FFFFFFFFFFFFFFFFFFFFFFFFFFFFFFFFEB
:10A58000FFFFFFFFFFFFFFFFFFFFFFFFFFFFFFFFDB
:10A59000FFFFFFFFFFFFFFFFFFFFFFFFFFFFFFFFCB
:10A5A000FFFFFFFFFFFFFFFFFFFFFFFFFFFFFFFFBB
:10A5B000FFFFFFFFFFFFFFFFFFFFFFFFFFFFFFFFAB
:10A5C000FFFFFFFFFFFFFFFFFFFFFFFFFFFFFFFF9B
:10A5D000FFFFFFFFFFFFFFFFFFFFFFFFFFFFFFFF8B
:10A5E000FFFFFFFFFFFFFFFFFFFFFFFFFFFFFFFF7B
:10A5F000FFFFFFFFFFFFFFFFFFFFFFFFFFFFFFFF6B
:10A60000FFFFFFFFFFFFFFFFFFFFFFFFFFFFFFFF5A
:10A61000FFFFFFFFFFFFFFFFFFFFFFFFFFFFFFFF4A
:10A62000FFFFFFFFFFFFFFFFFFFFFFFFFFFFFFFF3A
:10A63000FFFFFFFFFFFFFFFFFFFFFFFFFFFFFFFF2A
:10A64000FFFFFFFFFFFFFFFFFFFFFFFFFFFFFFFF1A
:10A65000FFFFFFFFFFFFFFFFFFFFFFFFFFFFFFFF0A
:10A66000FFFFFFFFFFFFFFFFFFFFFFFFFFFFFFFFFA
:10A67000FFFFFFFFFFFFFFFFFFFFFFFFFFFFFFFFEA
:10A68000FFFFFFFFFFFFFFFFFFFFFFFFFFFFFFFFDA
:10A69000FFFFFFFFFFFFFFFFFFFFFFFFFFFFFFFFCA
:10A6A000FFFFFFFFFFFFFFFFFFFFFFFFFFFFFFFFBA
:10A6B000FFFFFFFFFFFFFFFFFFFFFFFFFFFFFFFFAA
:10A6C000FFFFFFFFFFFFFFFFFFFFFFFFFFFFFFFF9A
:10A6D000FFFFFFFFFFFFFFFFFFFFFFFFFFFFFFFF8A
:10A6E000FFFFFFFFFFFFFFFFFFFFFFFFFFFFFFFF7A
:10A6F000FFFFFFFFFFFFFFFFFFFFFFFFFFFFFFFF6A
:10A70000FFFFFFFFFFFFFFFFFFFFFFFFFFFFFFFF59
:10A71000FFFFFFFFFFFFFFFFFFFFFFFFFFFFFFFF49
:10A72000FFFFFFFFFFFFFFFFFFFFFFFFFFFFFFFF39
:10A73000FFFFFFFFFFFFFFFFFFFFFFFFFFFFFFFF29
:10A74000FFFFFFFFFFFFFFFFFFFFFFFFFFFFFFFF19
:10A75000FFFFFFFFFFFFFFFFFFFFFFFFFFFFFFFF09
:10A76000FFFFFFFFFFFFFFFFFFFFFFFFFFFFFFFFF9
:10A77000FFFFFFFFFFFFFFFFFFFFFFFFFFFFFFFFE9
:10A78000FFFFFFFFFFFFFFFFFFFFFFFFFFFFFFFFD9
:10A79000FFFFFFFFFFFFFFFFFFFFFFFFFFFFFFFFC9
:10A7A000FFFFFFFFFFFFFFFFFFFFFFFFFFFFFFFFB9
:10A7B000FFFFFFFFFFFFFFFFFFFFFFFFFFFFFFFFA9
:10A7C000FFFFFFFFFFFFFFFFFFFFFFFFFFFFFFFF99
:10A7D000FFFFFFFFFFFFFFFFFFFFFFFFFFFFFFFF89
:10A7E000FFFFFFFFFFFFFFFFFFFFFFFFFFFFFFFF79
:10A7F000FFFFFFFFFFFFFFFFFFFFFFFFFFFFFFFF69
:10A80000FFFFFFFFFFFFFFFFFFFFFFFFFFFFFFFF58
:10A81000FFFFFFFFFFFFFFFFFFFFFFFFFFFFFFFF48
:10A82000FFFFFFFFFFFFFFFFFFFFFFFFFFFFFFFF38
:10A83000FFFFFFFFFFFFFFFFFFFFFFFFFFFFFFFF28
:10A84000FFFFFFFFFFFFFFFFFFFFFFFFFFFFFFFF18
:10A85000FFFFFFFFFFFFFFFFFFFFFFFFFFFFFFFF08
:10A86000FFFFFFFFFFFFFFFFFFFFFFFFFFFFFFFFF8
:10A87000FFFFFFFFFFFFFFFFFFFFFFFFFFFFFFFFE8
:10A88000FFFFFFFFFFFFFFFFFFFFFFFFFFFFFFFFD8
:10A89000FFFFFFFFFFFFFFFFFFFFFFFFFFFFFFFFC8
:10A8A000FFFFFFFFFFFFFFFFFFFFFFFFFFFFFFFFB8
:10A8B000FFFFFFFFFFFFFFFFFFFFFFFFFFFFFFFFA8
:10A8C000FFFFFFFFFFFFFFFFFFFFFFFFFFFFFFFF98
:10A8D000FFFFFFFFFFFFFFFFFFFFFFFFFFFFFFFF88
:10A8E000FFFFFFFFFFFFFFFFFFFFFFFFFFFFFFFF78
:10A8F000FFFFFFFFFFFFFFFFFFFFFFFFFFFFFFFF68
:10A90000FFFFFFFFFFFFFFFFFFFFFFFFFFFFFFFF57
:10A91000FFFFFFFFFFFFFFFFFFFFFFFFFFFFFFFF47
:10A92000FFFFFFFFFFFFFFFFFFFFFFFFFFFFFFFF37
:10A93000FFFFFFFFFFFFFFFFFFFFFFFFFFFFFFFF27
:10A94000FFFFFFFFFFFFFFFFFFFFFFFFFFFFFFFF17
:10A95000FFFFFFFFFFFFFFFFFFFFFFFFFFFFFFFF07
:10A96000FFFFFFFFFFFFFFFFFFFFFFFFFFFFFFFFF7
:10A97000FFFFFFFFFFFFFFFFFFFFFFFFFFFFFFFFE7
:10A98000FFFFFFFFFFFFFFFFFFFFFFFFFFFFFFFFD7
:10A99000FFFFFFFFFFFFFFFFFFFFFFFFFFFFFFFFC7
:10A9A000FFFFFFFFFFFFFFFFFFFFFFFFFFFFFFFFB7
:10A9B000FFFFFFFFFFFFFFFFFFFFFFFFFFFFFFFFA7
:10A9C000FFFFFFFFFFFFFFFFFFFFFFFFFFFFFFFF97
:10A9D000FFFFFFFFFFFFFFFFFFFFFFFFFFFFFFFF87
:10A9E000FFFFFFFFFFFFFFFFFFFFFFFFFFFFFFFF77
:10A9F000FFFFFFFFFFFFFFFFFFFFFFFFFFFFFFFF67
:10AA0000FFFFFFFFFFFFFFFFFFFFFFFFFFFFFFFF56
:10AA1000FFFFFFFFFFFFFFFFFFFFFFFFFFFFFFFF46
:10AA2000FFFFFFFFFFFFFFFFFFFFFFFFFFFFFFFF36
:10AA3000FFFFFFFFFFFFFFFFFFFFFFFFFFFFFFFF26
:10AA4000FFFFFFFFFFFFFFFFFFFFFFFFFFFFFFFF16
:10AA5000FFFFFFFFFFFFFFFFFFFFFFFFFFFFFFFF06
:10AA6000FFFFFFFFFFFFFFFFFFFFFFFFFFFFFFFFF6
:10AA7000FFFFFFFFFFFFFFFFFFFFFFFFFFFFFFFFE6
:10AA8000FFFFFFFFFFFFFFFFFFFFFFFFFFFFFFFFD6
:10AA9000FFFFFFFFFFFFFFFFFFFFFFFFFFFFFFFFC6
:10AAA000FFFFFFFFFFFFFFFFFFFFFFFFFFFFFFFFB6
:10AAB000FFFFFFFFFFFFFFFFFFFFFFFFFFFFFFFFA6
:10AAC000FFFFFFFFFFFFFFFFFFFFFFFFFFFFFFFF96
:10AAD000FFFFFFFFFFFFFFFFFFFFFFFFFFFFFFFF86
:10AAE000FFFFFFFFFFFFFFFFFFFFFFFFFFFFFFFF76
:10AAF000FFFFFFFFFFFFFFFFFFFFFFFFFFFFFFFF66
:10AB0000FFFFFFFFFFFFFFFFFFFFFFFFFFFFFFFF55
:10AB1000FFFFFFFFFFFFFFFFFFFFFFFFFFFFFFFF45
:10AB2000FFFFFFFFFFFFFFFFFFFFFFFFFFFFFFFF35
:10AB3000FFFFFFFFFFFFFFFFFFFFFFFFFFFFFFFF25
:10AB4000FFFFFFFFFFFFFFFFFFFFFFFFFFFFFFFF15
:10AB5000FFFFFFFFFFFFFFFFFFFFFFFFFFFFFFFF05
:10AB6000FFFFFFFFFFFFFFFFFFFFFFFFFFFFFFFFF5
:10AB7000FFFFFFFFFFFFFFFFFFFFFFFFFFFFFFFFE5
:10AB8000FFFFFFFFFFFFFFFFFFFFFFFFFFFFFFFFD5
:10AB9000FFFFFFFFFFFFFFFFFFFFFFFFFFFFFFFFC5
:10ABA000FFFFFFFFFFFFFFFFFFFFFFFFFFFFFFFFB5
:10ABB000FFFFFFFFFFFFFFFFFFFFFFFFFFFFFFFFA5
:10ABC000FFFFFFFFFFFFFFFFFFFFFFFFFFFFFFFF95
:10ABD000FFFFFFFFFFFFFFFFFFFFFFFFFFFFFFFF85
:10ABE000FFFFFFFFFFFFFFFFFFFFFFFFFFFFFFFF75
:10ABF000FFFFFFFFFFFFFFFFFFFFFFFFFFFFFFFF65
:10AC0000FFFFFFFFFFFFFFFFFFFFFFFFFFFFFFFF54
:10AC1000FFFFFFFFFFFFFFFFFFFFFFFFFFFFFFFF44
:10AC2000FFFFFFFFFFFFFFFFFFFFFFFFFFFFFFFF34
:10AC3000FFFFFFFFFFFFFFFFFFFFFFFFFFFFFFFF24
:10AC4000FFFFFFFFFFFFFFFFFFFFFFFFFFFFFFFF14
:10AC5000FFFFFFFFFFFFFFFFFFFFFFFFFFFFFFFF04
:10AC6000FFFFFFFFFFFFFFFFFFFFFFFFFFFFFFFFF4
:10AC7000FFFFFFFFFFFFFFFFFFFFFFFFFFFFFFFFE4
:10AC8000FFFFFFFFFFFFFFFFFFFFFFFFFFFFFFFFD4
:10AC9000FFFFFFFFFFFFFFFFFFFFFFFFFFFFFFFFC4
:10ACA000FFFFFFFFFFFFFFFFFFFFFFFFFFFFFFFFB4
:10ACB000FFFFFFFFFFFFFFFFFFFFFFFFFFFFFFFFA4
:10ACC000FFFFFFFFFFFFFFFFFFFFFFFFFFFFFFFF94
:10ACD000FFFFFFFFFFFFFFFFFFFFFFFFFFFFFFFF84
:10ACE000FFFFFFFFFFFFFFFFFFFFFFFFFFFFFFFF74
:10ACF000FFFFFFFFFFFFFFFFFFFFFFFFFFFFFFFF64
:10AD0000FFFFFFFFFFFFFFFFFFFFFFFFFFFFFFFF53
:10AD1000FFFFFFFFFFFFFFFFFFFFFFFFFFFFFFFF43
:10AD2000FFFFFFFFFFFFFFFFFFFFFFFFFFFFFFFF33
:10AD3000FFFFFFFFFFFFFFFFFFFFFFFFFFFFFFFF23
:10AD4000FFFFFFFFFFFFFFFFFFFFFFFFFFFFFFFF13
:10AD5000FFFFFFFFFFFFFFFFFFFFFFFFFFFFFFFF03
:10AD6000FFFFFFFFFFFFFFFFFFFFFFFFFFFFFFFFF3
:10AD7000FFFFFFFFFFFFFFFFFFFFFFFFFFFFFFFFE3
:10AD8000FFFFFFFFFFFFFFFFFFFFFFFFFFFFFFFFD3
:10AD9000FFFFFFFFFFFFFFFFFFFFFFFFFFFFFFFFC3
:10ADA000FFFFFFFFFFFFFFFFFFFFFFFFFFFFFFFFB3
:10ADB000FFFFFFFFFFFFFFFFFFFFFFFFFFFFFFFFA3
:10ADC000FFFFFFFFFFFFFFFFFFFFFFFFFFFFFFFF93
:10ADD000FFFFFFFFFFFFFFFFFFFFFFFFFFFFFFFF83
:10ADE000FFFFFFFFFFFFFFFFFFFFFFFFFFFFFFFF73
:10ADF000FFFFFFFFFFFFFFFFFFFFFFFFFFFFFFFF63
:10AE0000FFFFFFFFFFFFFFFFFFFFFFFFFFFFFFFF52
:10AE1000FFFFFFFFFFFFFFFFFFFFFFFFFFFFFFFF42
:10AE2000FFFFFFFFFFFFFFFFFFFFFFFFFFFFFFFF32
:10AE3000FFFFFFFFFFFFFFFFFFFFFFFFFFFFFFFF22
:10AE4000FFFFFFFFFFFFFFFFFFFFFFFFFFFFFFFF12
:10AE5000FFFFFFFFFFFFFFFFFFFFFFFFFFFFFFFF02
:10AE6000FFFFFFFFFFFFFFFFFFFFFFFFFFFFFFFFF2
:10AE7000FFFFFFFFFFFFFFFFFFFFFFFFFFFFFFFFE2
:10AE8000FFFFFFFFFFFFFFFFFFFFFFFFFFFFFFFFD2
:10AE9000FFFFFFFFFFFFFFFFFFFFFFFFFFFFFFFFC2
:10AEA000FFFFFFFFFFFFFFFFFFFFFFFFFFFFFFFFB2
:10AEB000FFFFFFFFFFFFFFFFFFFFFFFFFFFFFFFFA2
:10AEC000FFFFFFFFFFFFFFFFFFFFFFFFFFFFFFFF92
:10AED000FFFFFFFFFFFFFFFFFFFFFFFFFFFFFFFF82
:10AEE000FFFFFFFFFFFFFFFFFFFFFFFFFFFFFFFF72
:10AEF000FFFFFFFFFFFFFFFFFFFFFFFFFFFFFFFF62
:10AF0000FFFFFFFFFFFFFFFFFFFFFFFFFFFFFFFF51
:10AF1000FFFFFFFFFFFFFFFFFFFFFFFFFFFFFFFF41
:10AF2000FFFFFFFFFFFFFFFFFFFFFFFFFFFFFFFF31
:10AF3000FFFFFFFFFFFFFFFFFFFFFFFFFFFFFFFF21
:10AF4000FFFFFFFFFFFFFFFFFFFFFFFFFFFFFFFF11
:10AF5000FFFFFFFFFFFFFFFFFFFFFFFFFFFFFFFF01
:10AF6000FFFFFFFFFFFFFFFFFFFFFFFFFFFFFFFFF1
:10AF7000FFFFFFFFFFFFFFFFFFFFFFFFFFFFFFFFE1
:10AF8000FFFFFFFFFFFFFFFFFFFFFFFFFFFFFFFFD1
:10AF9000FFFFFFFFFFFFFFFFFFFFFFFFFFFFFFFFC1
:10AFA000FFFFFFFFFFFFFFFFFFFFFFFFFFFFFFFFB1
:10AFB000FFFFFFFFFFFFFFFFFFFFFFFFFFFFFFFFA1
:10AFC000FFFFFFFFFFFFFFFFFFFFFFFFFFFFFFFF91
:10AFD000FFFFFFFFFFFFFFFFFFFFFFFFFFFFFFFF81
:10AFE000FFFFFFFFFFFFFFFFFFFFFFFFFFFFFFFF71
:10AFF000FFFFFFFFFFFFFFFFFFFFFFFFFFFFFFFF61
:10B00000FFFFFFFFFFFFFFFFFFFFFFFFFFFFFFFF50
:10B01000FFFFFFFFFFFFFFFFFFFFFFFFFFFFFFFF40
:10B02000FFFFFFFFFFFFFFFFFFFFFFFFFFFFFFFF30
:10B03000FFFFFFFFFFFFFFFFFFFFFFFFFFFFFFFF20
:10B04000FFFFFFFFFFFFFFFFFFFFFFFFFFFFFFFF10
:10B05000FFFFFFFFFFFFFFFFFFFFFFFFFFFFFFFF00
:10B06000FFFFFFFFFFFFFFFFFFFFFFFFFFFFFFFFF0
:10B07000FFFFFFFFFFFFFFFFFFFFFFFFFFFFFFFFE0
:10B08000FFFFFFFFFFFFFFFFFFFFFFFFFFFFFFFFD0
:10B09000FFFFFFFFFFFFFFFFFFFFFFFFFFFFFFFFC0
:10B0A000FFFFFFFFFFFFFFFFFFFFFFFFFFFFFFFFB0
:10B0B000FFFFFFFFFFFFFFFFFFFFFFFFFFFFFFFFA0
:10B0C000FFFFFFFFFFFFFFFFFFFFFFFFFFFFFFFF90
:10B0D000FFFFFFFFFFFFFFFFFFFFFFFFFFFFFFFF80
:10B0E000FFFFFFFFFFFFFFFFFFFFFFFFFFFFFFFF70
:10B0F000FFFFFFFFFFFFFFFFFFFFFFFFFFFFFFFF60
:10B10000FFFFFFFFFFFFFFFFFFFFFFFFFFFFFFFF4F
:10B11000FFFFFFFFFFFFFFFFFFFFFFFFFFFFFFFF3F
:10B12000FFFFFFFFFFFFFFFFFFFFFFFFFFFFFFFF2F
:10B13000FFFFFFFFFFFFFFFFFFFFFFFFFFFFFFFF1F
:10B14000FFFFFFFFFFFFFFFFFFFFFFFFFFFFFFFF0F
:10B15000FFFFFFFFFFFFFFFFFFFFFFFFFFFFFFFFFF
:10B16000FFFFFFFFFFFFFFFFFFFFFFFFFFFFFFFFEF
:10B17000FFFFFFFFFFFFFFFFFFFFFFFFFFFFFFFFDF
:10B18000FFFFFFFFFFFFFFFFFFFFFFFFFFFFFFFFCF
:10B19000FFFFFFFFFFFFFFFFFFFFFFFFFFFFFFFFBF
:10B1A000FFFFFFFFFFFFFFFFFFFFFFFFFFFFFFFFAF
:10B1B000FFFFFFFFFFFFFFFFFFFFFFFFFFFFFFFF9F
:10B1C000FFFFFFFFFFFFFFFFFFFFFFFFFFFFFFFF8F
:10B1D000FFFFFFFFFFFFFFFFFFFFFFFFFFFFFFFF7F
:10B1E000FFFFFFFFFFFFFFFFFFFFFFFFFFFFFFFF6F
:10B1F000FFFFFFFFFFFFFFFFFFFFFFFFFFFFFFFF5F
:10B20000FFFFFFFFFFFFFFFFFFFFFFFFFFFFFFFF4E
:10B21000FFFFFFFFFFFFFFFFFFFFFFFFFFFFFFFF3E
:10B22000FFFFFFFFFFFFFFFFFFFFFFFFFFFFFFFF2E
:10B23000FFFFFFFFFFFFFFFFFFFFFFFFFFFFFFFF1E
:10B24000FFFFFFFFFFFFFFFFFFFFFFFFFFFFFFFF0E
:10B25000FFFFFFFFFFFFFFFFFFFFFFFFFFFFFFFFFE
:10B26000FFFFFFFFFFFFFFFFFFFFFFFFFFFFFFFFEE
:10B27000FFFFFFFFFFFFFFFFFFFFFFFFFFFFFFFFDE
:10B28000FFFFFFFFFFFFFFFFFFFFFFFFFFFFFFFFCE
:10B29000FFFFFFFFFFFFFFFFFFFFFFFFFFFFFFFFBE
:10B2A000FFFFFFFFFFFFFFFFFFFFFFFFFFFFFFFFAE
:10B2B000FFFFFFFFFFFFFFFFFFFFFFFFFFFFFFFF9E
:10B2C000FFFFFFFFFFFFFFFFFFFFFFFFFFFFFFFF8E
:10B2D000FFFFFFFFFFFFFFFFFFFFFFFFFFFFFFFF7E
:10B2E000FFFFFFFFFFFFFFFFFFFFFFFFFFFFFFFF6E
:10B2F000FFFFFFFFFFFFFFFFFFFFFFFFFFFFFFFF5E
:10B30000FFFFFFFFFFFFFFFFFFFFFFFFFFFFFFFF4D
:10B31000FFFFFFFFFFFFFFFFFFFFFFFFFFFFFFFF3D
:10B32000FFFFFFFFFFFFFFFFFFFFFFFFFFFFFFFF2D
:10B33000FFFFFFFFFFFFFFFFFFFFFFFFFFFFFFFF1D
:10B34000FFFFFFFFFFFFFFFFFFFFFFFFFFFFFFFF0D
:10B35000FFFFFFFFFFFFFFFFFFFFFFFFFFFFFFFFFD
:10B36000FFFFFFFFFFFFFFFFFFFFFFFFFFFFFFFFED
:10B37000FFFFFFFFFFFFFFFFFFFFFFFFFFFFFFFFDD
:10B38000FFFFFFFFFFFFFFFFFFFFFFFFFFFFFFFFCD
:10B39000FFFFFFFFFFFFFFFFFFFFFFFFFFFFFFFFBD
:10B3A000FFFFFFFFFFFFFFFFFFFFFFFFFFFFFFFFAD
:10B3B000FFFFFFFFFFFFFFFFFFFFFFFFFFFFFFFF9D
:10B3C000FFFFFFFFFFFFFFFFFFFFFFFFFFFFFFFF8D
:10B3D000FFFFFFFFFFFFFFFFFFFFFFFFFFFFFFFF7D
:10B3E000FFFFFFFFFFFFFFFFFFFFFFFFFFFFFFFF6D
:10B3F000FFFFFFFFFFFFFFFFFFFFFFFFFFFFFFFF5D
:10B40000FFFFFFFFFFFFFFFFFFFFFFFFFFFFFFFF4C
:10B41000FFFFFFFFFFFFFFFFFFFFFFFFFFFFFFFF3C
:10B42000FFFFFFFFFFFFFFFFFFFFFFFFFFFFFFFF2C
:10B43000FFFFFFFFFFFFFFFFFFFFFFFFFFFFFFFF1C
:10B44000FFFFFFFFFFFFFFFFFFFFFFFFFFFFFFFF0C
:10B45000FFFFFFFFFFFFFFFFFFFFFFFFFFFFFFFFFC
:10B46000FFFFFFFFFFFFFFFFFFFFFFFFFFFFFFFFEC
:10B47000FFFFFFFFFFFFFFFFFFFFFFFFFFFFFFFFDC
:10B48000FFFFFFFFFFFFFFFFFFFFFFFFFFFFFFFFCC
:10B49000FFFFFFFFFFFFFFFFFFFFFFFFFFFFFFFFBC
:10B4A000FFFFFFFFFFFFFFFFFFFFFFFFFFFFFFFFAC
:10B4B000FFFFFFFFFFFFFFFFFFFFFFFFFFFFFFFF9C
:10B4C000FFFFFFFFFFFFFFFFFFFFFFFFFFFFFFFF8C
:10B4D000FFFFFFFFFFFFFFFFFFFFFFFFFFFFFFFF7C
:10B4E000FFFFFFFFFFFFFFFFFFFFFFFFFFFFFFFF6C
:10B4F000FFFFFFFFFFFFFFFFFFFFFFFFFFFFFFFF5C
:10B50000FFFFFFFFFFFFFFFFFFFFFFFFFFFFFFFF4B
:10B51000FFFFFFFFFFFFFFFFFFFFFFFFFFFFFFFF3B
:10B52000FFFFFFFFFFFFFFFFFFFFFFFFFFFFFFFF2B
:10B53000FFFFFFFFFFFFFFFFFFFFFFFFFFFFFFFF1B
:10B54000FFFFFFFFFFFFFFFFFFFFFFFFFFFFFFFF0B
:10B55000FFFFFFFFFFFFFFFFFFFFFFFFFFFFFFFFFB
:10B56000FFFFFFFFFFFFFFFFFFFFFFFFFFFFFFFFEB
:10B57000FFFFFFFFFFFFFFFFFFFFFFFFFFFFFFFFDB
:10B58000FFFFFFFFFFFFFFFFFFFFFFFFFFFFFFFFCB
:10B59000FFFFFFFFFFFFFFFFFFFFFFFFFFFFFFFFBB
:10B5A000FFFFFFFFFFFFFFFFFFFFFFFFFFFFFFFFAB
:10B5B000FFFFFFFFFFFFFFFFFFFFFFFFFFFFFFFF9B
:10B5C000FFFFFFFFFFFFFFFFFFFFFFFFFFFFFFFF8B
:10B5D000FFFFFFFFFFFFFFFFFFFFFFFFFFFFFFFF7B
:10B5E000FFFFFFFFFFFFFFFFFFFFFFFFFFFFFFFF6B
:10B5F000FFFFFFFFFFFFFFFFFFFFFFFFFFFFFFFF5B
:10B60000FFFFFFFFFFFFFFFFFFFFFFFFFFFFFFFF4A
:10B61000FFFFFFFFFFFFFFFFFFFFFFFFFFFFFFFF3A
:10B62000FFFFFFFFFFFFFFFFFFFFFFFFFFFFFFFF2A
:10B63000FFFFFFFFFFFFFFFFFFFFFFFFFFFFFFFF1A
:10B64000FFFFFFFFFFFFFFFFFFFFFFFFFFFFFFFF0A
:10B65000FFFFFFFFFFFFFFFFFFFFFFFFFFFFFFFFFA
:10B66000FFFFFFFFFFFFFFFFFFFFFFFFFFFFFFFFEA
:10B67000FFFFFFFFFFFFFFFFFFFFFFFFFFFFFFFFDA
:10B68000FFFFFFFFFFFFFFFFFFFFFFFFFFFFFFFFCA
:10B69000FFFFFFFFFFFFFFFFFFFFFFFFFFFFFFFFBA
:10B6A000FFFFFFFFFFFFFFFFFFFFFFFFFFFFFFFFAA
:10B6B000FFFFFFFFFFFFFFFFFFFFFFFFFFFFFFFF9A
:10B6C000FFFFFFFFFFFFFFFFFFFFFFFFFFFFFFFF8A
:10B6D000FFFFFFFFFFFFFFFFFFFFFFFFFFFFFFFF7A
:10B6E000FFFFFFFFFFFFFFFFFFFFFFFFFFFFFFFF6A
:10B6F000FFFFFFFFFFFFFFFFFFFFFFFFFFFFFFFF5A
:10B70000FFFFFFFFFFFFFFFFFFFFFFFFFFFFFFFF49
:10B71000FFFFFFFFFFFFFFFFFFFFFFFFFFFFFFFF39
:10B72000FFFFFFFFFFFFFFFFFFFFFFFFFFFFFFFF29
:10B73000FFFFFFFFFFFFFFFFFFFFFFFFFFFFFFFF19
:10B74000FFFFFFFFFFFFFFFFFFFFFFFFFFFFFFFF09
:10B75000FFFFFFFFFFFFFFFFFFFFFFFFFFFFFFFFF9
:10B76000FFFFFFFFFFFFFFFFFFFFFFFFFFFFFFFFE9
:10B77000FFFFFFFFFFFFFFFFFFFFFFFFFFFFFFFFD9
:10B78000FFFFFFFFFFFFFFFFFFFFFFFFFFFFFFFFC9
:10B79000FFFFFFFFFFFFFFFFFFFFFFFFFFFFFFFFB9
:10B7A000FFFFFFFFFFFFFFFFFFFFFFFFFFFFFFFFA9
:10B7B000FFFFFFFFFFFFFFFFFFFFFFFFFFFFFFFF99
:10B7C000FFFFFFFFFFFFFFFFFFFFFFFFFFFFFFFF89
:10B7D000FFFFFFFFFFFFFFFFFFFFFFFFFFFFFFFF79
:10B7E000FFFFFFFFFFFFFFFFFFFFFFFFFFFFFFFF69
:10B7F000FFFFFFFFFFFFFFFFFFFFFFFFFFFFFFFF59
:10B80000FFFFFFFFFFFFFFFFFFFFFFFFFFFFFFFF48
:10B81000FFFFFFFFFFFFFFFFFFFFFFFFFFFFFFFF38
:10B82000FFFFFFFFFFFFFFFFFFFFFFFFFFFFFFFF28
:10B83000FFFFFFFFFFFFFFFFFFFFFFFFFFFFFFFF18
:10B84000FFFFFFFFFFFFFFFFFFFFFFFFFFFFFFFF08
:10B85000FFFFFFFFFFFFFFFFFFFFFFFFFFFFFFFFF8
:10B86000FFFFFFFFFFFFFFFFFFFFFFFFFFFFFFFFE8
:10B87000FFFFFFFFFFFFFFFFFFFFFFFFFFFFFFFFD8
:10B88000FFFFFFFFFFFFFFFFFFFFFFFFFFFFFFFFC8
:10B89000FFFFFFFFFFFFFFFFFFFFFFFFFFFFFFFFB8
:10B8A000FFFFFFFFFFFFFFFFFFFFFFFFFFFFFFFFA8
:10B8B000FFFFFFFFFFFFFFFFFFFFFFFFFFFFFFFF98
:10B8C000FFFFFFFFFFFFFFFFFFFFFFFFFFFFFFFF88
:10B8D000FFFFFFFFFFFFFFFFFFFFFFFFFFFFFFFF78
:10B8E000FFFFFFFFFFFFFFFFFFFFFFFFFFFFFFFF68
:10B8F000FFFFFFFFFFFFFFFFFFFFFFFFFFFFFFFF58
:10B90000FFFFFFFFFFFFFFFFFFFFFFFFFFFFFFFF47
:10B91000FFFFFFFFFFFFFFFFFFFFFFFFFFFFFFFF37
:10B92000FFFFFFFFFFFFFFFFFFFFFFFFFFFFFFFF27
:10B93000FFFFFFFFFFFFFFFFFFFFFFFFFFFFFFFF17
:10B94000FFFFFFFFFFFFFFFFFFFFFFFFFFFFFFFF07
:10B95000FFFFFFFFFFFFFFFFFFFFFFFFFFFFFFFFF7
:10B96000FFFFFFFFFFFFFFFFFFFFFFFFFFFFFFFFE7
:10B97000FFFFFFFFFFFFFFFFFFFFFFFFFFFFFFFFD7
:10B98000FFFFFFFFFFFFFFFFFFFFFFFFFFFFFFFFC7
:10B99000FFFFFFFFFFFFFFFFFFFFFFFFFFFFFFFFB7
:10B9A000FFFFFFFFFFFFFFFFFFFFFFFFFFFFFFFFA7
:10B9B000FFFFFFFFFFFFFFFFFFFFFFFFFFFFFFFF97
:10B9C000FFFFFFFFFFFFFFFFFFFFFFFFFFFFFFFF87
:10B9D000FFFFFFFFFFFFFFFFFFFFFFFFFFFFFFFF77
:10B9E000FFFFFFFFFFFFFFFFFFFFFFFFFFFFFFFF67
:10B9F000FFFFFFFFFFFFFFFFFFFFFFFFFFFFFFFF57
:10BA0000FFFFFFFFFFFFFFFFFFFFFFFFFFFFFFFF46
:10BA1000FFFFFFFFFFFFFFFFFFFFFFFFFFFFFFFF36
:10BA2000FFFFFFFFFFFFFFFFFFFFFFFFFFFFFFFF26
:10BA3000FFFFFFFFFFFFFFFFFFFFFFFFFFFFFFFF16
:10BA4000FFFFFFFFFFFFFFFFFFFFFFFFFFFFFFFF06
:10BA5000FFFFFFFFFFFFFFFFFFFFFFFFFFFFFFFFF6
:10BA6000FFFFFFFFFFFFFFFFFFFFFFFFFFFFFFFFE6
:10BA7000FFFFFFFFFFFFFFFFFFFFFFFFFFFFFFFFD6
:10BA8000FFFFFFFFFFFFFFFFFFFFFFFFFFFFFFFFC6
:10BA9000FFFFFFFFFFFFFFFFFFFFFFFFFFFFFFFFB6
:10BAA000FFFFFFFFFFFFFFFFFFFFFFFFFFFFFFFFA6
:10BAB000FFFFFFFFFFFFFFFFFFFFFFFFFFFFFFFF96
:10BAC000FFFFFFFFFFFFFFFFFFFFFFFFFFFFFFFF86
:10BAD000FFFFFFFFFFFFFFFFFFFFFFFFFFFFFFFF76
:10BAE000FFFFFFFFFFFFFFFFFFFFFFFFFFFFFFFF66
:10BAF000FFFFFFFFFFFFFFFFFFFFFFFFFFFFFFFF56
:10BB0000FFFFFFFFFFFFFFFFFFFFFFFFFFFFFFFF45
:10BB1000FFFFFFFFFFFFFFFFFFFFFFFFFFFFFFFF35
:10BB2000FFFFFFFFFFFFFFFFFFFFFFFFFFFFFFFF25
:10BB3000FFFFFFFFFFFFFFFFFFFFFFFFFFFFFFFF15
:10BB4000FFFFFFFFFFFFFFFFFFFFFFFFFFFFFFFF05
:10BB5000FFFFFFFFFFFFFFFFFFFFFFFFFFFFFFFFF5
:10BB6000FFFFFFFFFFFFFFFFFFFFFFFFFFFFFFFFE5
:10BB7000FFFFFFFFFFFFFFFFFFFFFFFFFFFFFFFFD5
:10BB8000FFFFFFFFFFFFFFFFFFFFFFFFFFFFFFFFC5
:10BB9000FFFFFFFFFFFFFFFFFFFFFFFFFFFFFFFFB5
:10BBA000FFFFFFFFFFFFFFFFFFFFFFFFFFFFFFFFA5
:10BBB000FFFFFFFFFFFFFFFFFFFFFFFFFFFFFFFF95
:10BBC000FFFFFFFFFFFFFFFFFFFFFFFFFFFFFFFF85
:10BBD000FFFFFFFFFFFFFFFFFFFFFFFFFFFFFFFF75
:10BBE000FFFFFFFFFFFFFFFFFFFFFFFFFFFFFFFF65
:10BBF000FFFFFFFFFFFFFFFFFFFFFFFFFFFFFFFF55
:10BC0000FFFFFFFFFFFFFFFFFFFFFFFFFFFFFFFF44
:10BC1000FFFFFFFFFFFFFFFFFFFFFFFFFFFFFFFF34
:10BC2000FFFFFFFFFFFFFFFFFFFFFFFFFFFFFFFF24
:10BC3000FFFFFFFFFFFFFFFFFFFFFFFFFFFFFFFF14
:10BC4000FFFFFFFFFFFFFFFFFFFFFFFFFFFFFFFF04
:10BC5000FFFFFFFFFFFFFFFFFFFFFFFFFFFFFFFFF4
:10BC6000FFFFFFFFFFFFFFFFFFFFFFFFFFFFFFFFE4
:10BC7000FFFFFFFFFFFFFFFFFFFFFFFFFFFFFFFFD4
:10BC8000FFFFFFFFFFFFFFFFFFFFFFFFFFFFFFFFC4
:10BC9000FFFFFFFFFFFFFFFFFFFFFFFFFFFFFFFFB4
:10BCA000FFFFFFFFFFFFFFFFFFFFFFFFFFFFFFFFA4
:10BCB000FFFFFFFFFFFFFFFFFFFFFFFFFFFFFFFF94
:10BCC000FFFFFFFFFFFFFFFFFFFFFFFFFFFFFFFF84
:10BCD000FFFFFFFFFFFFFFFFFFFFFFFFFFFFFFFF74
:10BCE000FFFFFFFFFFFFFFFFFFFFFFFFFFFFFFFF64
:10BCF000FFFFFFFFFFFFFFFFFFFFFFFFFFFFFFFF54
:10BD0000FFFFFFFFFFFFFFFFFFFFFFFFFFFFFFFF43
:10BD1000FFFFFFFFFFFFFFFFFFFFFFFFFFFFFFFF33
:10BD2000FFFFFFFFFFFFFFFFFFFFFFFFFFFFFFFF23
:10BD3000FFFFFFFFFFFFFFFFFFFFFFFFFFFFFFFF13
:10BD4000FFFFFFFFFFFFFFFFFFFFFFFFFFFFFFFF03
:10BD5000FFFFFFFFFFFFFFFFFFFFFFFFFFFFFFFFF3
:10BD6000FFFFFFFFFFFFFFFFFFFFFFFFFFFFFFFFE3
:10BD7000FFFFFFFFFFFFFFFFFFFFFFFFFFFFFFFFD3
:10BD8000FFFFFFFFFFFFFFFFFFFFFFFFFFFFFFFFC3
:10BD9000FFFFFFFFFFFFFFFFFFFFFFFFFFFFFFFFB3
:10BDA000FFFFFFFFFFFFFFFFFFFFFFFFFFFFFFFFA3
:10BDB000FFFFFFFFFFFFFFFFFFFFFFFFFFFFFFFF93
:10BDC000FFFFFFFFFFFFFFFFFFFFFFFFFFFFFFFF83
:10BDD000FFFFFFFFFFFFFFFFFFFFFFFFFFFFFFFF73
:10BDE000FFFFFFFFFFFFFFFFFFFFFFFFFFFFFFFF63
:10BDF000FFFFFFFFFFFFFFFFFFFFFFFFFFFFFFFF53
:10BE0000FFFFFFFFFFFFFFFFFFFFFFFFFFFFFFFF42
:10BE1000FFFFFFFFFFFFFFFFFFFFFFFFFFFFFFFF32
:10BE2000FFFFFFFFFFFFFFFFFFFFFFFFFFFFFFFF22
:10BE3000FFFFFFFFFFFFFFFFFFFFFFFFFFFFFFFF12
:10BE4000FFFFFFFFFFFFFFFFFFFFFFFFFFFFFFFF02
:10BE5000FFFFFFFFFFFFFFFFFFFFFFFFFFFFFFFFF2
:10BE6000FFFFFFFFFFFFFFFFFFFFFFFFFFFFFFFFE2
:10BE7000FFFFFFFFFFFFFFFFFFFFFFFFFFFFFFFFD2
:10BE8000FFFFFFFFFFFFFFFFFFFFFFFFFFFFFFFFC2
:10BE9000FFFFFFFFFFFFFFFFFFFFFFFFFFFFFFFFB2
:10BEA000FFFFFFFFFFFFFFFFFFFFFFFFFFFFFFFFA2
:10BEB000FFFFFFFFFFFFFFFFFFFFFFFFFFFFFFFF92
:10BEC000FFFFFFFFFFFFFFFFFFFFFFFFFFFFFFFF82
:10BED000FFFFFFFFFFFFFFFFFFFFFFFFFFFFFFFF72
:10BEE000FFFFFFFFFFFFFFFFFFFFFFFFFFFFFFFF62
:10BEF000FFFFFFFFFFFFFFFFFFFFFFFFFFFFFFFF52
:10BF0000FFFFFFFFFFFFFFFFFFFFFFFFFFFFFFFF41
:10BF1000FFFFFFFFFFFFFFFFFFFFFFFFFFFFFFFF31
:10BF2000FFFFFFFFFFFFFFFFFFFFFFFFFFFFFFFF21
:10BF3000FFFFFFFFFFFFFFFFFFFFFFFFFFFFFFFF11
:10BF4000FFFFFFFFFFFFFFFFFFFFFFFFFFFFFFFF01
:10BF5000FFFFFFFFFFFFFFFFFFFFFFFFFFFFFFFFF1
:10BF6000FFFFFFFFFFFFFFFFFFFFFFFFFFFFFFFFE1
:10BF7000FFFFFFFFFFFFFFFFFFFFFFFFFFFFFFFFD1
:10BF8000FFFFFFFFFFFFFFFFFFFFFFFFFFFFFFFFC1
:10BF9000FFFFFFFFFFFFFFFFFFFFFFFFFFFFFFFFB1
:10BFA000FFFFFFFFFFFFFFFFFFFFFFFFFFFFFFFFA1
:10BFB000FFFFFFFFFFFFFFFFFFFFFFFFFFFFFFFF91
:10BFC000FFFFFFFFFFFFFFFFFFFFFFFFFFFFFFFF81
:10BFD000FFFFFFFFFFFFFFFFFFFFFFFFFFFFFFFF71
:10BFE000FFFFFFFFFFFFFFFFFFFFFFFFFFFFFFFF61
:10BFF000FFFFFFFFFFFFFFFFFFFFFFFFFFFFFFFF51
:10C00000FFFFFFFFFFFFFFFFFFFFFFFFFFFFFFFF40
:10C01000FFFFFFFFFFFFFFFFFFFFFFFFFFFFFFFF30
:10C02000FFFFFFFFFFFFFFFFFFFFFFFFFFFFFFFF20
:10C03000FFFFFFFFFFFFFFFFFFFFFFFFFFFFFFFF10
:10C04000FFFFFFFFFFFFFFFFFFFFFFFFFFFFFFFF00
:10C05000FFFFFFFFFFFFFFFFFFFFFFFFFFFFFFFFF0
:10C06000FFFFFFFFFFFFFFFFFFFFFFFFFFFFFFFFE0
:10C07000FFFFFFFFFFFFFFFFFFFFFFFFFFFFFFFFD0
:10C08000FFFFFFFFFFFFFFFFFFFFFFFFFFFFFFFFC0
:10C09000FFFFFFFFFFFFFFFFFFFFFFFFFFFFFFFFB0
:10C0A000FFFFFFFFFFFFFFFFFFFFFFFFFFFFFFFFA0
:10C0B000FFFFFFFFFFFFFFFFFFFFFFFFFFFFFFFF90
:10C0C000FFFFFFFFFFFFFFFFFFFFFFFFFFFFFFFF80
:10C0D000FFFFFFFFFFFFFFFFFFFFFFFFFFFFFFFF70
:10C0E000FFFFFFFFFFFFFFFFFFFFFFFFFFFFFFFF60
:10C0F000FFFFFFFFFFFFFFFFFFFFFFFFFFFFFFFF50
:10C10000FFFFFFFFFFFFFFFFFFFFFFFFFFFFFFFF3F
:10C11000FFFFFFFFFFFFFFFFFFFFFFFFFFFFFFFF2F
:10C12000FFFFFFFFFFFFFFFFFFFFFFFFFFFFFFFF1F
:10C13000FFFFFFFFFFFFFFFFFFFFFFFFFFFFFFFF0F
:10C14000FFFFFFFFFFFFFFFFFFFFFFFFFFFFFFFFFF
:10C15000FFFFFFFFFFFFFFFFFFFFFFFFFFFFFFFFEF
:10C16000FFFFFFFFFFFFFFFFFFFFFFFFFFFFFFFFDF
:10C17000FFFFFFFFFFFFFFFFFFFFFFFFFFFFFFFFCF
:10C18000FFFFFFFFFFFFFFFFFFFFFFFFFFFFFFFFBF
:10C19000FFFFFFFFFFFFFFFFFFFFFFFFFFFFFFFFAF
:10C1A000FFFFFFFFFFFFFFFFFFFFFFFFFFFFFFFF9F
:10C1B000FFFFFFFFFFFFFFFFFFFFFFFFFFFFFFFF8F
:10C1C000FFFFFFFFFFFFFFFFFFFFFFFFFFFFFFFF7F
:10C1D000FFFFFFFFFFFFFFFFFFFFFFFFFFFFFFFF6F
:10C1E000FFFFFFFFFFFFFFFFFFFFFFFFFFFFFFFF5F
:10C1F000FFFFFFFFFFFFFFFFFFFFFFFFFFFFFFFF4F
:10C20000FFFFFFFFFFFFFFFFFFFFFFFFFFFFFFFF3E
:10C21000FFFFFFFFFFFFFFFFFFFFFFFFFFFFFFFF2E
:10C22000FFFFFFFFFFFFFFFFFFFFFFFFFFFFFFFF1E
:10C23000FFFFFFFFFFFFFFFFFFFFFFFFFFFFFFFF0E
:10C24000FFFFFFFFFFFFFFFFFFFFFFFFFFFFFFFFFE
:10C25000FFFFFFFFFFFFFFFFFFFFFFFFFFFFFFFFEE
:10C26000FFFFFFFFFFFFFFFFFFFFFFFFFFFFFFFFDE
:10C27000FFFFFFFFFFFFFFFFFFFFFFFFFFFFFFFFCE
:10C28000FFFFFFFFFFFFFFFFFFFFFFFFFFFFFFFFBE
:10C29000FFFFFFFFFFFFFFFFFFFFFFFFFFFFFFFFAE
:10C2A000FFFFFFFFFFFFFFFFFFFFFFFFFFFFFFFF9E
:10C2B000FFFFFFFFFFFFFFFFFFFFFFFFFFFFFFFF8E
:10C2C000FFFFFFFFFFFFFFFFFFFFFFFFFFFFFFFF7E
:10C2D000FFFFFFFFFFFFFFFFFFFFFFFFFFFFFFFF6E
:10C2E000FFFFFFFFFFFFFFFFFFFFFFFFFFFFFFFF5E
:10C2F000FFFFFFFFFFFFFFFFFFFFFFFFFFFFFFFF4E
:10C30000FFFFFFFFFFFFFFFFFFFFFFFFFFFFFFFF3D
:10C31000FFFFFFFFFFFFFFFFFFFFFFFFFFFFFFFF2D
:10C32000FFFFFFFFFFFFFFFFFFFFFFFFFFFFFFFF1D
:10C33000FFFFFFFFFFFFFFFFFFFFFFFFFFFFFFFF0D
:10C34000FFFFFFFFFFFFFFFFFFFFFFFFFFFFFFFFFD
:10C35000FFFFFFFFFFFFFFFFFFFFFFFFFFFFFFFFED
:10C36000FFFFFFFFFFFFFFFFFFFFFFFFFFFFFFFFDD
:10C37000FFFFFFFFFFFFFFFFFFFFFFFFFFFFFFFFCD
:10C38000FFFFFFFFFFFFFFFFFFFFFFFFFFFFFFFFBD
:10C39000FFFFFFFFFFFFFFFFFFFFFFFFFFFFFFFFAD
:10C3A000FFFFFFFFFFFFFFFFFFFFFFFFFFFFFFFF9D
:10C3B000FFFFFFFFFFFFFFFFFFFFFFFFFFFFFFFF8D
:10C3C000FFFFFFFFFFFFFFFFFFFFFFFFFFFFFFFF7D
:10C3D000FFFFFFFFFFFFFFFFFFFFFFFFFFFFFFFF6D
:10C3E000FFFFFFFFFFFFFFFFFFFFFFFFFFFFFFFF5D
:10C3F000FFFFFFFFFFFFFFFFFFFFFFFFFFFFFFFF4D
:10C40000FFFFFFFFFFFFFFFFFFFFFFFFFFFFFFFF3C
:10C41000FFFFFFFFFFFFFFFFFFFFFFFFFFFFFFFF2C
:10C42000FFFFFFFFFFFFFFFFFFFFFFFFFFFFFFFF1C
:10C43000FFFFFFFFFFFFFFFFFFFFFFFFFFFFFFFF0C
:10C44000FFFFFFFFFFFFFFFFFFFFFFFFFFFFFFFFFC
:10C45000FFFFFFFFFFFFFFFFFFFFFFFFFFFFFFFFEC
:10C46000FFFFFFFFFFFFFFFFFFFFFFFFFFFFFFFFDC
:10C47000FFFFFFFFFFFFFFFFFFFFFFFFFFFFFFFFCC
:10C48000FFFFFFFFFFFFFFFFFFFFFFFFFFFFFFFFBC
:10C49000FFFFFFFFFFFFFFFFFFFFFFFFFFFFFFFFAC
:10C4A000FFFFFFFFFFFFFFFFFFFFFFFFFFFFFFFF9C
:10C4B000FFFFFFFFFFFFFFFFFFFFFFFFFFFFFFFF8C
:10C4C000FFFFFFFFFFFFFFFFFFFFFFFFFFFFFFFF7C
:10C4D000FFFFFFFFFFFFFFFFFFFFFFFFFFFFFFFF6C
:10C4E000FFFFFFFFFFFFFFFFFFFFFFFFFFFFFFFF5C
:10C4F000FFFFFFFFFFFFFFFFFFFFFFFFFFFFFFFF4C
:10C50000FFFFFFFFFFFFFFFFFFFFFFFFFFFFFFFF3B
:10C51000FFFFFFFFFFFFFFFFFFFFFFFFFFFFFFFF2B
:10C52000FFFFFFFFFFFFFFFFFFFFFFFFFFFFFFFF1B
:10C53000FFFFFFFFFFFFFFFFFFFFFFFFFFFFFFFF0B
:10C54000FFFFFFFFFFFFFFFFFFFFFFFFFFFFFFFFFB
:10C55000FFFFFFFFFFFFFFFFFFFFFFFFFFFFFFFFEB
:10C56000FFFFFFFFFFFFFFFFFFFFFFFFFFFFFFFFDB
:10C57000FFFFFFFFFFFFFFFFFFFFFFFFFFFFFFFFCB
:10C58000FFFFFFFFFFFFFFFFFFFFFFFFFFFFFFFFBB
:10C59000FFFFFFFFFFFFFFFFFFFFFFFFFFFFFFFFAB
:10C5A000FFFFFFFFFFFFFFFFFFFFFFFFFFFFFFFF9B
:10C5B000FFFFFFFFFFFFFFFFFFFFFFFFFFFFFFFF8B
:10C5C000FFFFFFFFFFFFFFFFFFFFFFFFFFFFFFFF7B
:10C5D000FFFFFFFFFFFFFFFFFFFFFFFFFFFFFFFF6B
:10C5E000FFFFFFFFFFFFFFFFFFFFFFFFFFFFFFFF5B
:10C5F000FFFFFFFFFFFFFFFFFFFFFFFFFFFFFFFF4B
:10C60000FFFFFFFFFFFFFFFFFFFFFFFFFFFFFFFF3A
:10C61000FFFFFFFFFFFFFFFFFFFFFFFFFFFFFFFF2A
:10C62000FFFFFFFFFFFFFFFFFFFFFFFFFFFFFFFF1A
:10C63000FFFFFFFFFFFFFFFFFFFFFFFFFFFFFFFF0A
:10C64000FFFFFFFFFFFFFFFFFFFFFFFFFFFFFFFFFA
:10C65000FFFFFFFFFFFFFFFFFFFFFFFFFFFFFFFFEA
:10C66000FFFFFFFFFFFFFFFFFFFFFFFFFFFFFFFFDA
:10C67000FFFFFFFFFFFFFFFFFFFFFFFFFFFFFFFFCA
:10C68000FFFFFFFFFFFFFFFFFFFFFFFFFFFFFFFFBA
:10C69000FFFFFFFFFFFFFFFFFFFFFFFFFFFFFFFFAA
:10C6A000FFFFFFFFFFFFFFFFFFFFFFFFFFFFFFFF9A
:10C6B000FFFFFFFFFFFFFFFFFFFFFFFFFFFFFFFF8A
:10C6C000FFFFFFFFFFFFFFFFFFFFFFFFFFFFFFFF7A
:10C6D000FFFFFFFFFFFFFFFFFFFFFFFFFFFFFFFF6A
:10C6E000FFFFFFFFFFFFFFFFFFFFFFFFFFFFFFFF5A
:10C6F000FFFFFFFFFFFFFFFFFFFFFFFFFFFFFFFF4A
:10C70000FFFFFFFFFFFFFFFFFFFFFFFFFFFFFFFF39
:10C71000FFFFFFFFFFFFFFFFFFFFFFFFFFFFFFFF29
:10C72000FFFFFFFFFFFFFFFFFFFFFFFFFFFFFFFF19
:10C73000FFFFFFFFFFFFFFFFFFFFFFFFFFFFFFFF09
:10C74000FFFFFFFFFFFFFFFFFFFFFFFFFFFFFFFFF9
:10C75000FFFFFFFFFFFFFFFFFFFFFFFFFFFFFFFFE9
:10C76000FFFFFFFFFFFFFFFFFFFFFFFFFFFFFFFFD9
:10C77000FFFFFFFFFFFFFFFFFFFFFFFFFFFFFFFFC9
:10C78000FFFFFFFFFFFFFFFFFFFFFFFFFFFFFFFFB9
:10C79000FFFFFFFFFFFFFFFFFFFFFFFFFFFFFFFFA9
:10C7A000FFFFFFFFFFFFFFFFFFFFFFFFFFFFFFFF99
:10C7B000FFFFFFFFFFFFFFFFFFFFFFFFFFFFFFFF89
:10C7C000FFFFFFFFFFFFFFFFFFFFFFFFFFFFFFFF79
:10C7D000FFFFFFFFFFFFFFFFFFFFFFFFFFFFFFFF69
:10C7E000FFFFFFFFFFFFFFFFFFFFFFFFFFFFFFFF59
:10C7F000FFFFFFFFFFFFFFFFFFFFFFFFFFFFFFFF49
:10C80000FFFFFFFFFFFFFFFFFFFFFFFFFFFFFFFF38
:10C81000FFFFFFFFFFFFFFFFFFFFFFFFFFFFFFFF28
:10C82000FFFFFFFFFFFFFFFFFFFFFFFFFFFFFFFF18
:10C83000FFFFFFFFFFFFFFFFFFFFFFFFFFFFFFFF08
:10C84000FFFFFFFFFFFFFFFFFFFFFFFFFFFFFFFFF8
:10C85000FFFFFFFFFFFFFFFFFFFFFFFFFFFFFFFFE8
:10C86000FFFFFFFFFFFFFFFFFFFFFFFFFFFFFFFFD8
:10C87000FFFFFFFFFFFFFFFFFFFFFFFFFFFFFFFFC8
:10C88000FFFFFFFFFFFFFFFFFFFFFFFFFFFFFFFFB8
:10C89000FFFFFFFFFFFFFFFFFFFFFFFFFFFFFFFFA8
:10C8A000FFFFFFFFFFFFFFFFFFFFFFFFFFFFFFFF98
:10C8B000FFFFFFFFFFFFFFFFFFFFFFFFFFFFFFFF88
:10C8C000FFFFFFFFFFFFFFFFFFFFFFFFFFFFFFFF78
:10C8D000FFFFFFFFFFFFFFFFFFFFFFFFFFFFFFFF68
:10C8E000FFFFFFFFFFFFFFFFFFFFFFFFFFFFFFFF58
:10C8F000FFFFFFFFFFFFFFFFFFFFFFFFFFFFFFFF48
:10C90000FFFFFFFFFFFFFFFFFFFFFFFFFFFFFFFF37
:10C91000FFFFFFFFFFFFFFFFFFFFFFFFFFFFFFFF27
:10C92000FFFFFFFFFFFFFFFFFFFFFFFFFFFFFFFF17
:10C93000FFFFFFFFFFFFFFFFFFFFFFFFFFFFFFFF07
:10C94000FFFFFFFFFFFFFFFFFFFFFFFFFFFFFFFFF7
:10C95000FFFFFFFFFFFFFFFFFFFFFFFFFFFFFFFFE7
:10C96000FFFFFFFFFFFFFFFFFFFFFFFFFFFFFFFFD7
:10C97000FFFFFFFFFFFFFFFFFFFFFFFFFFFFFFFFC7
:10C98000FFFFFFFFFFFFFFFFFFFFFFFFFFFFFFFFB7
:10C99000FFFFFFFFFFFFFFFFFFFFFFFFFFFFFFFFA7
:10C9A000FFFFFFFFFFFFFFFFFFFFFFFFFFFFFFFF97
:10C9B000FFFFFFFFFFFFFFFFFFFFFFFFFFFFFFFF87
:10C9C000FFFFFFFFFFFFFFFFFFFFFFFFFFFFFFFF77
:10C9D000FFFFFFFFFFFFFFFFFFFFFFFFFFFFFFFF67
:10C9E000FFFFFFFFFFFFFFFFFFFFFFFFFFFFFFFF57
:10C9F000FFFFFFFFFFFFFFFFFFFFFFFFFFFFFFFF47
:10CA0000FFFFFFFFFFFFFFFFFFFFFFFFFFFFFFFF36
:10CA1000FFFFFFFFFFFFFFFFFFFFFFFFFFFFFFFF26
:10CA2000FFFFFFFFFFFFFFFFFFFFFFFFFFFFFFFF16
:10CA3000FFFFFFFFFFFFFFFFFFFFFFFFFFFFFFFF06
:10CA4000FFFFFFFFFFFFFFFFFFFFFFFFFFFFFFFFF6
:10CA5000FFFFFFFFFFFFFFFFFFFFFFFFFFFFFFFFE6
:10CA6000FFFFFFFFFFFFFFFFFFFFFFFFFFFFFFFFD6
:10CA7000FFFFFFFFFFFFFFFFFFFFFFFFFFFFFFFFC6
:10CA8000FFFFFFFFFFFFFFFFFFFFFFFFFFFFFFFFB6
:10CA9000FFFFFFFFFFFFFFFFFFFFFFFFFFFFFFFFA6
:10CAA000FFFFFFFFFFFFFFFFFFFFFFFFFFFFFFFF96
:10CAB000FFFFFFFFFFFFFFFFFFFFFFFFFFFFFFFF86
:10CAC000FFFFFFFFFFFFFFFFFFFFFFFFFFFFFFFF76
:10CAD000FFFFFFFFFFFFFFFFFFFFFFFFFFFFFFFF66
:10CAE000FFFFFFFFFFFFFFFFFFFFFFFFFFFFFFFF56
:10CAF000FFFFFFFFFFFFFFFFFFFFFFFFFFFFFFFF46
:10CB0000FFFFFFFFFFFFFFFFFFFFFFFFFFFFFFFF35
:10CB1000FFFFFFFFFFFFFFFFFFFFFFFFFFFFFFFF25
:10CB2000FFFFFFFFFFFFFFFFFFFFFFFFFFFFFFFF15
:10CB3000FFFFFFFFFFFFFFFFFFFFFFFFFFFFFFFF05
:10CB4000FFFFFFFFFFFFFFFFFFFFFFFFFFFFFFFFF5
:10CB5000FFFFFFFFFFFFFFFFFFFFFFFFFFFFFFFFE5
:10CB6000FFFFFFFFFFFFFFFFFFFFFFFFFFFFFFFFD5
:10CB7000FFFFFFFFFFFFFFFFFFFFFFFFFFFFFFFFC5
:10CB8000FFFFFFFFFFFFFFFFFFFFFFFFFFFFFFFFB5
:10CB9000FFFFFFFFFFFFFFFFFFFFFFFFFFFFFFFFA5
:10CBA000FFFFFFFFFFFFFFFFFFFFFFFFFFFFFFFF95
:10CBB000FFFFFFFFFFFFFFFFFFFFFFFFFFFFFFFF85
:10CBC000FFFFFFFFFFFFFFFFFFFFFFFFFFFFFFFF75
:10CBD000FFFFFFFFFFFFFFFFFFFFFFFFFFFFFFFF65
:10CBE000FFFFFFFFFFFFFFFFFFFFFFFFFFFFFFFF55
:10CBF000FFFFFFFFFFFFFFFFFFFFFFFFFFFFFFFF45
:10CC0000FFFFFFFFFFFFFFFFFFFFFFFFFFFFFFFF34
:10CC1000FFFFFFFFFFFFFFFFFFFFFFFFFFFFFFFF24
:10CC2000FFFFFFFFFFFFFFFFFFFFFFFFFFFFFFFF14
:10CC3000FFFFFFFFFFFFFFFFFFFFFFFFFFFFFFFF04
:10CC4000FFFFFFFFFFFFFFFFFFFFFFFFFFFFFFFFF4
:10CC5000FFFFFFFFFFFFFFFFFFFFFFFFFFFFFFFFE4
:10CC6000FFFFFFFFFFFFFFFFFFFFFFFFFFFFFFFFD4
:10CC7000FFFFFFFFFFFFFFFFFFFFFFFFFFFFFFFFC4
:10CC8000FFFFFFFFFFFFFFFFFFFFFFFFFFFFFFFFB4
:10CC9000FFFFFFFFFFFFFFFFFFFFFFFFFFFFFFFFA4
:10CCA000FFFFFFFFFFFFFFFFFFFFFFFFFFFFFFFF94
:10CCB000FFFFFFFFFFFFFFFFFFFFFFFFFFFFFFFF84
:10CCC000FFFFFFFFFFFFFFFFFFFFFFFFFFFFFFFF74
:10CCD000FFFFFFFFFFFFFFFFFFFFFFFFFFFFFFFF64
:10CCE000FFFFFFFFFFFFFFFFFFFFFFFFFFFFFFFF54
:10CCF000FFFFFFFFFFFFFFFFFFFFFFFFFFFFFFFF44
:10CD0000FFFFFFFFFFFFFFFFFFFFFFFFFFFFFFFF33
:10CD1000FFFFFFFFFFFFFFFFFFFFFFFFFFFFFFFF23
:10CD2000FFFFFFFFFFFFFFFFFFFFFFFFFFFFFFFF13
:10CD3000FFFFFFFFFFFFFFFFFFFFFFFFFFFFFFFF03
:10CD4000FFFFFFFFFFFFFFFFFFFFFFFFFFFFFFFFF3
:10CD5000FFFFFFFFFFFFFFFFFFFFFFFFFFFFFFFFE3
:10CD6000FFFFFFFFFFFFFFFFFFFFFFFFFFFFFFFFD3
:10CD7000FFFFFFFFFFFFFFFFFFFFFFFFFFFFFFFFC3
:10CD8000FFFFFFFFFFFFFFFFFFFFFFFFFFFFFFFFB3
:10CD9000FFFFFFFFFFFFFFFFFFFFFFFFFFFFFFFFA3
:10CDA000FFFFFFFFFFFFFFFFFFFFFFFFFFFFFFFF93
:10CDB000FFFFFFFFFFFFFFFFFFFFFFFFFFFFFFFF83
:10CDC000FFFFFFFFFFFFFFFFFFFFFFFFFFFFFFFF73
:10CDD000FFFFFFFFFFFFFFFFFFFFFFFFFFFFFFFF63
:10CDE000FFFFFFFFFFFFFFFFFFFFFFFFFFFFFFFF53
:10CDF000FFFFFFFFFFFFFFFFFFFFFFFFFFFFFFFF43
:10CE0000FFFFFFFFFFFFFFFFFFFFFFFFFFFFFFFF32
:10CE1000FFFFFFFFFFFFFFFFFFFFFFFFFFFFFFFF22
:10CE2000FFFFFFFFFFFFFFFFFFFFFFFFFFFFFFFF12
:10CE3000FFFFFFFFFFFFFFFFFFFFFFFFFFFFFFFF02
:10CE4000FFFFFFFFFFFFFFFFFFFFFFFFFFFFFFFFF2
:10CE5000FFFFFFFFFFFFFFFFFFFFFFFFFFFFFFFFE2
:10CE6000FFFFFFFFFFFFFFFFFFFFFFFFFFFFFFFFD2
:10CE7000FFFFFFFFFFFFFFFFFFFFFFFFFFFFFFFFC2
:10CE8000FFFFFFFFFFFFFFFFFFFFFFFFFFFFFFFFB2
:10CE9000FFFFFFFFFFFFFFFFFFFFFFFFFFFFFFFFA2
:10CEA000FFFFFFFFFFFFFFFFFFFFFFFFFFFFFFFF92
:10CEB000FFFFFFFFFFFFFFFFFFFFFFFFFFFFFFFF82
:10CEC000FFFFFFFFFFFFFFFFFFFFFFFFFFFFFFFF72
:10CED000FFFFFFFFFFFFFFFFFFFFFFFFFFFFFFFF62
:10CEE000FFFFFFFFFFFFFFFFFFFFFFFFFFFFFFFF52
:10CEF000FFFFFFFFFFFFFFFFFFFFFFFFFFFFFFFF42
:10CF0000FFFFFFFFFFFFFFFFFFFFFFFFFFFFFFFF31
:10CF1000FFFFFFFFFFFFFFFFFFFFFFFFFFFFFFFF21
:10CF2000FFFFFFFFFFFFFFFFFFFFFFFFFFFFFFFF11
:10CF3000FFFFFFFFFFFFFFFFFFFFFFFFFFFFFFFF01
:10CF4000FFFFFFFFFFFFFFFFFFFFFFFFFFFFFFFFF1
:10CF5000FFFFFFFFFFFFFFFFFFFFFFFFFFFFFFFFE1
:10CF6000FFFFFFFFFFFFFFFFFFFFFFFFFFFFFFFFD1
:10CF7000FFFFFFFFFFFFFFFFFFFFFFFFFFFFFFFFC1
:10CF8000FFFFFFFFFFFFFFFFFFFFFFFFFFFFFFFFB1
:10CF9000FFFFFFFFFFFFFFFFFFFFFFFFFFFFFFFFA1
:10CFA000FFFFFFFFFFFFFFFFFFFFFFFFFFFFFFFF91
:10CFB000FFFFFFFFFFFFFFFFFFFFFFFFFFFFFFFF81
:10CFC000FFFFFFFFFFFFFFFFFFFFFFFFFFFFFFFF71
:10CFD000FFFFFFFFFFFFFFFFFFFFFFFFFFFFFFFF61
:10CFE000FFFFFFFFFFFFFFFFFFFFFFFFFFFFFFFF51
:10CFF000FFFFFFFFFFFFFFFFFFFFFFFFFFFFFFFF41
:10D00000FFFFFFFFFFFFFFFFFFFFFFFFFFFFFFFF30
:10D01000FFFFFFFFFFFFFFFFFFFFFFFFFFFFFFFF20
:10D02000FFFFFFFFFFFFFFFFFFFFFFFFFFFFFFFF10
:10D03000FFFFFFFFFFFFFFFFFFFFFFFFFFFFFFFF00
:10D04000FFFFFFFFFFFFFFFFFFFFFFFFFFFFFFFFF0
:10D05000FFFFFFFFFFFFFFFFFFFFFFFFFFFFFFFFE0
:10D06000FFFFFFFFFFFFFFFFFFFFFFFFFFFFFFFFD0
:10D07000FFFFFFFFFFFFFFFFFFFFFFFFFFFFFFFFC0
:10D08000FFFFFFFFFFFFFFFFFFFFFFFFFFFFFFFFB0
:10D09000FFFFFFFFFFFFFFFFFFFFFFFFFFFFFFFFA0
:10D0A000FFFFFFFFFFFFFFFFFFFFFFFFFFFFFFFF90
:10D0B000FFFFFFFFFFFFFFFFFFFFFFFFFFFFFFFF80
:10D0C000FFFFFFFFFFFFFFFFFFFFFFFFFFFFFFFF70
:10D0D000FFFFFFFFFFFFFFFFFFFFFFFFFFFFFFFF60
:10D0E000FFFFFFFFFFFFFFFFFFFFFFFFFFFFFFFF50
:10D0F000FFFFFFFFFFFFFFFFFFFFFFFFFFFFFFFF40
:10D10000FFFFFFFFFFFFFFFFFFFFFFFFFFFFFFFF2F
:10D11000FFFFFFFFFFFFFFFFFFFFFFFFFFFFFFFF1F
:10D12000FFFFFFFFFFFFFFFFFFFFFFFFFFFFFFFF0F
:10D13000FFFFFFFFFFFFFFFFFFFFFFFFFFFFFFFFFF
:10D14000FFFFFFFFFFFFFFFFFFFFFFFFFFFFFFFFEF
:10D15000FFFFFFFFFFFFFFFFFFFFFFFFFFFFFFFFDF
:10D16000FFFFFFFFFFFFFFFFFFFFFFFFFFFFFFFFCF
:10D17000FFFFFFFFFFFFFFFFFFFFFFFFFFFFFFFFBF
:10D18000FFFFFFFFFFFFFFFFFFFFFFFFFFFFFFFFAF
:10D19000FFFFFFFFFFFFFFFFFFFFFFFFFFFFFFFF9F
:10D1A000FFFFFFFFFFFFFFFFFFFFFFFFFFFFFFFF8F
:10D1B000FFFFFFFFFFFFFFFFFFFFFFFFFFFFFFFF7F
:10D1C000FFFFFFFFFFFFFFFFFFFFFFFFFFFFFFFF6F
:10D1D000FFFFFFFFFFFFFFFFFFFFFFFFFFFFFFFF5F
:10D1E000FFFFFFFFFFFFFFFFFFFFFFFFFFFFFFFF4F
:10D1F000FFFFFFFFFFFFFFFFFFFFFFFFFFFFFFFF3F
:10D20000FFFFFFFFFFFFFFFFFFFFFFFFFFFFFFFF2E
:10D21000FFFFFFFFFFFFFFFFFFFFFFFFFFFFFFFF1E
:10D22000FFFFFFFFFFFFFFFFFFFFFFFFFFFFFFFF0E
:10D23000FFFFFFFFFFFFFFFFFFFFFFFFFFFFFFFFFE
:10D24000FFFFFFFFFFFFFFFFFFFFFFFFFFFFFFFFEE
:10D25000FFFFFFFFFFFFFFFFFFFFFFFFFFFFFFFFDE
:10D26000FFFFFFFFFFFFFFFFFFFFFFFFFFFFFFFFCE
:10D27000FFFFFFFFFFFFFFFFFFFFFFFFFFFFFFFFBE
:10D28000FFFFFFFFFFFFFFFFFFFFFFFFFFFFFFFFAE
:10D29000FFFFFFFFFFFFFFFFFFFFFFFFFFFFFFFF9E
:10D2A000FFFFFFFFFFFFFFFFFFFFFFFFFFFFFFFF8E
:10D2B000FFFFFFFFFFFFFFFFFFFFFFFFFFFFFFFF7E
:10D2C000FFFFFFFFFFFFFFFFFFFFFFFFFFFFFFFF6E
:10D2D000FFFFFFFFFFFFFFFFFFFFFFFFFFFFFFFF5E
:10D2E000FFFFFFFFFFFFFFFFFFFFFFFFFFFFFFFF4E
:10D2F000FFFFFFFFFFFFFFFFFFFFFFFFFFFFFFFF3E
:10D30000FFFFFFFFFFFFFFFFFFFFFFFFFFFFFFFF2D
:10D31000FFFFFFFFFFFFFFFFFFFFFFFFFFFFFFFF1D
:10D32000FFFFFFFFFFFFFFFFFFFFFFFFFFFFFFFF0D
:10D33000FFFFFFFFFFFFFFFFFFFFFFFFFFFFFFFFFD
:10D34000FFFFFFFFFFFFFFFFFFFFFFFFFFFFFFFFED
:10D35000FFFFFFFFFFFFFFFFFFFFFFFFFFFFFFFFDD
:10D36000FFFFFFFFFFFFFFFFFFFFFFFFFFFFFFFFCD
:10D37000FFFFFFFFFFFFFFFFFFFFFFFFFFFFFFFFBD
:10D38000FFFFFFFFFFFFFFFFFFFFFFFFFFFFFFFFAD
:10D39000FFFFFFFFFFFFFFFFFFFFFFFFFFFFFFFF9D
:10D3A000FFFFFFFFFFFFFFFFFFFFFFFFFFFFFFFF8D
:10D3B000FFFFFFFFFFFFFFFFFFFFFFFFFFFFFFFF7D
:10D3C000FFFFFFFFFFFFFFFFFFFFFFFFFFFFFFFF6D
:10D3D000FFFFFFFFFFFFFFFFFFFFFFFFFFFFFFFF5D
:10D3E000FFFFFFFFFFFFFFFFFFFFFFFFFFFFFFFF4D
:10D3F000FFFFFFFFFFFFFFFFFFFFFFFFFFFFFFFF3D
:10D40000FFFFFFFFFFFFFFFFFFFFFFFFFFFFFFFF2C
:10D41000FFFFFFFFFFFFFFFFFFFFFFFFFFFFFFFF1C
:10D42000FFFFFFFFFFFFFFFFFFFFFFFFFFFFFFFF0C
:10D43000FFFFFFFFFFFFFFFFFFFFFFFFFFFFFFFFFC
:10D44000FFFFFFFFFFFFFFFFFFFFFFFFFFFFFFFFEC
:10D45000FFFFFFFFFFFFFFFFFFFFFFFFFFFFFFFFDC
:10D46000FFFFFFFFFFFFFFFFFFFFFFFFFFFFFFFFCC
:10D47000FFFFFFFFFFFFFFFFFFFFFFFFFFFFFFFFBC
:10D48000FFFFFFFFFFFFFFFFFFFFFFFFFFFFFFFFAC
:10D49000FFFFFFFFFFFFFFFFFFFFFFFFFFFFFFFF9C
:10D4A000FFFFFFFFFFFFFFFFFFFFFFFFFFFFFFFF8C
:10D4B000FFFFFFFFFFFFFFFFFFFFFFFFFFFFFFFF7C
:10D4C000FFFFFFFFFFFFFFFFFFFFFFFFFFFFFFFF6C
:10D4D000FFFFFFFFFFFFFFFFFFFFFFFFFFFFFFFF5C
:10D4E000FFFFFFFFFFFFFFFFFFFFFFFFFFFFFFFF4C
:10D4F000FFFFFFFFFFFFFFFFFFFFFFFFFFFFFFFF3C
:10D50000FFFFFFFFFFFFFFFFFFFFFFFFFFFFFFFF2B
:10D51000FFFFFFFFFFFFFFFFFFFFFFFFFFFFFFFF1B
:10D52000FFFFFFFFFFFFFFFFFFFFFFFFFFFFFFFF0B
:10D53000FFFFFFFFFFFFFFFFFFFFFFFFFFFFFFFFFB
:10D54000FFFFFFFFFFFFFFFFFFFFFFFFFFFFFFFFEB
:10D55000FFFFFFFFFFFFFFFFFFFFFFFFFFFFFFFFDB
:10D56000FFFFFFFFFFFFFFFFFFFFFFFFFFFFFFFFCB
:10D57000FFFFFFFFFFFFFFFFFFFFFFFFFFFFFFFFBB
:10D58000FFFFFFFFFFFFFFFFFFFFFFFFFFFFFFFFAB
:10D59000FFFFFFFFFFFFFFFFFFFFFFFFFFFFFFFF9B
:10D5A000FFFFFFFFFFFFFFFFFFFFFFFFFFFFFFFF8B
:10D5B000FFFFFFFFFFFFFFFFFFFFFFFFFFFFFFFF7B
:10D5C000FFFFFFFFFFFFFFFFFFFFFFFFFFFFFFFF6B
:10D5D000FFFFFFFFFFFFFFFFFFFFFFFFFFFFFFFF5B
:10D5E000FFFFFFFFFFFFFFFFFFFFFFFFFFFFFFFF4B
:10D5F000FFFFFFFFFFFFFFFFFFFFFFFFFFFFFFFF3B
:10D60000FFFFFFFFFFFFFFFFFFFFFFFFFFFFFFFF2A
:10D61000FFFFFFFFFFFFFFFFFFFFFFFFFFFFFFFF1A
:10D62000FFFFFFFFFFFFFFFFFFFFFFFFFFFFFFFF0A
:10D63000FFFFFFFFFFFFFFFFFFFFFFFFFFFFFFFFFA
:10D64000FFFFFFFFFFFFFFFFFFFFFFFFFFFFFFFFEA
:10D65000FFFFFFFFFFFFFFFFFFFFFFFFFFFFFFFFDA
:10D66000FFFFFFFFFFFFFFFFFFFFFFFFFFFFFFFFCA
:10D67000FFFFFFFFFFFFFFFFFFFFFFFFFFFFFFFFBA
:10D68000FFFFFFFFFFFFFFFFFFFFFFFFFFFFFFFFAA
:10D69000FFFFFFFFFFFFFFFFFFFFFFFFFFFFFFFF9A
:10D6A000FFFFFFFFFFFFFFFFFFFFFFFFFFFFFFFF8A
:10D6B000FFFFFFFFFFFFFFFFFFFFFFFFFFFFFFFF7A
:10D6C000FFFFFFFFFFFFFFFFFFFFFFFFFFFFFFFF6A
:10D6D000FFFFFFFFFFFFFFFFFFFFFFFFFFFFFFFF5A
:10D6E000FFFFFFFFFFFFFFFFFFFFFFFFFFFFFFFF4A
:10D6F000FFFFFFFFFFFFFFFFFFFFFFFFFFFFFFFF3A
:10D70000FFFFFFFFFFFFFFFFFFFFFFFFFFFFFFFF29
:10D71000FFFFFFFFFFFFFFFFFFFFFFFFFFFFFFFF19
:10D72000FFFFFFFFFFFFFFFFFFFFFFFFFFFFFFFF09
:10D73000FFFFFFFFFFFFFFFFFFFFFFFFFFFFFFFFF9
:10D74000FFFFFFFFFFFFFFFFFFFFFFFFFFFFFFFFE9
:10D75000FFFFFFFFFFFFFFFFFFFFFFFFFFFFFFFFD9
:10D76000FFFFFFFFFFFFFFFFFFFFFFFFFFFFFFFFC9
:10D77000FFFFFFFFFFFFFFFFFFFFFFFFFFFFFFFFB9
:10D78000FFFFFFFFFFFFFFFFFFFFFFFFFFFFFFFFA9
:10D79000FFFFFFFFFFFFFFFFFFFFFFFFFFFFFFFF99
:10D7A000FFFFFFFFFFFFFFFFFFFFFFFFFFFFFFFF89
:10D7B000FFFFFFFFFFFFFFFFFFFFFFFFFFFFFFFF79
:10D7C000FFFFFFFFFFFFFFFFFFFFFFFFFFFFFFFF69
:10D7D000FFFFFFFFFFFFFFFFFFFFFFFFFFFFFFFF59
:10D7E000FFFFFFFFFFFFFFFFFFFFFFFFFFFFFFFF49
:10D7F000FFFFFFFFFFFFFFFFFFFFFFFFFFFFFFFF39
:10D80000FFFFFFFFFFFFFFFFFFFFFFFFFFFFFFFF28
:10D81000FFFFFFFFFFFFFFFFFFFFFFFFFFFFFFFF18
:10D82000FFFFFFFFFFFFFFFFFFFFFFFFFFFFFFFF08
:10D83000FFFFFFFFFFFFFFFFFFFFFFFFFFFFFFFFF8
:10D84000FFFFFFFFFFFFFFFFFFFFFFFFFFFFFFFFE8
:10D85000FFFFFFFFFFFFFFFFFFFFFFFFFFFFFFFFD8
:10D86000FFFFFFFFFFFFFFFFFFFFFFFFFFFFFFFFC8
:10D87000FFFFFFFFFFFFFFFFFFFFFFFFFFFFFFFFB8
:10D88000FFFFFFFFFFFFFFFFFFFFFFFFFFFFFFFFA8
:10D89000FFFFFFFFFFFFFFFFFFFFFFFFFFFFFFFF98
:10D8A000FFFFFFFFFFFFFFFFFFFFFFFFFFFFFFFF88
:10D8B000FFFFFFFFFFFFFFFFFFFFFFFFFFFFFFFF78
:10D8C000FFFFFFFFFFFFFFFFFFFFFFFFFFFFFFFF68
:10D8D000FFFFFFFFFFFFFFFFFFFFFFFFFFFFFFFF58
:10D8E000FFFFFFFFFFFFFFFFFFFFFFFFFFFFFFFF48
:10D8F000FFFFFFFFFFFFFFFFFFFFFFFFFFFFFFFF38
:10D90000FFFFFFFFFFFFFFFFFFFFFFFFFFFFFFFF27
:10D91000FFFFFFFFFFFFFFFFFFFFFFFFFFFFFFFF17
:10D92000FFFFFFFFFFFFFFFFFFFFFFFFFFFFFFFF07
:10D93000FFFFFFFFFFFFFFFFFFFFFFFFFFFFFFFFF7
:10D94000FFFFFFFFFFFFFFFFFFFFFFFFFFFFFFFFE7
:10D95000FFFFFFFFFFFFFFFFFFFFFFFFFFFFFFFFD7
:10D96000FFFFFFFFFFFFFFFFFFFFFFFFFFFFFFFFC7
:10D97000FFFFFFFFFFFFFFFFFFFFFFFFFFFFFFFFB7
:10D98000FFFFFFFFFFFFFFFFFFFFFFFFFFFFFFFFA7
:10D99000FFFFFFFFFFFFFFFFFFFFFFFFFFFFFFFF97
:10D9A000FFFFFFFFFFFFFFFFFFFFFFFFFFFFFFFF87
:10D9B000FFFFFFFFFFFFFFFFFFFFFFFFFFFFFFFF77
:10D9C000FFFFFFFFFFFFFFFFFFFFFFFFFFFFFFFF67
:10D9D000FFFFFFFFFFFFFFFFFFFFFFFFFFFFFFFF57
:10D9E000FFFFFFFFFFFFFFFFFFFFFFFFFFFFFFFF47
:10D9F000FFFFFFFFFFFFFFFFFFFFFFFFFFFFFFFF37
:10DA0000FFFFFFFFFFFFFFFFFFFFFFFFFFFFFFFF26
:10DA1000FFFFFFFFFFFFFFFFFFFFFFFFFFFFFFFF16
:10DA2000FFFFFFFFFFFFFFFFFFFFFFFFFFFFFFFF06
:10DA3000FFFFFFFFFFFFFFFFFFFFFFFFFFFFFFFFF6
:10DA4000FFFFFFFFFFFFFFFFFFFFFFFFFFFFFFFFE6
:10DA5000FFFFFFFFFFFFFFFFFFFFFFFFFFFFFFFFD6
:10DA6000FFFFFFFFFFFFFFFFFFFFFFFFFFFFFFFFC6
:10DA7000FFFFFFFFFFFFFFFFFFFFFFFFFFFFFFFFB6
:10DA8000FFFFFFFFFFFFFFFFFFFFFFFFFFFFFFFFA6
:10DA9000FFFFFFFFFFFFFFFFFFFFFFFFFFFFFFFF96
:10DAA000FFFFFFFFFFFFFFFFFFFFFFFFFFFFFFFF86
:10DAB000FFFFFFFFFFFFFFFFFFFFFFFFFFFFFFFF76
:10DAC000FFFFFFFFFFFFFFFFFFFFFFFFFFFFFFFF66
:10DAD000FFFFFFFFFFFFFFFFFFFFFFFFFFFFFFFF56
:10DAE000FFFFFFFFFFFFFFFFFFFFFFFFFFFFFFFF46
:10DAF000FFFFFFFFFFFFFFFFFFFFFFFFFFFFFFFF36
:10DB0000FFFFFFFFFFFFFFFFFFFFFFFFFFFFFFFF25
:10DB1000FFFFFFFFFFFFFFFFFFFFFFFFFFFFFFFF15
:10DB2000FFFFFFFFFFFFFFFFFFFFFFFFFFFFFFFF05
:10DB3000FFFFFFFFFFFFFFFFFFFFFFFFFFFFFFFFF5
:10DB4000FFFFFFFFFFFFFFFFFFFFFFFFFFFFFFFFE5
:10DB5000FFFFFFFFFFFFFFFFFFFFFFFFFFFFFFFFD5
:10DB6000FFFFFFFFFFFFFFFFFFFFFFFFFFFFFFFFC5
:10DB7000FFFFFFFFFFFFFFFFFFFFFFFFFFFFFFFFB5
:10DB8000FFFFFFFFFFFFFFFFFFFFFFFFFFFFFFFFA5
:10DB9000FFFFFFFFFFFFFFFFFFFFFFFFFFFFFFFF95
:10DBA000FFFFFFFFFFFFFFFFFFFFFFFFFFFFFFFF85
:10DBB000FFFFFFFFFFFFFFFFFFFFFFFFFFFFFFFF75
:10DBC000FFFFFFFFFFFFFFFFFFFFFFFFFFFFFFFF65
:10DBD000FFFFFFFFFFFFFFFFFFFFFFFFFFFFFFFF55
:10DBE000FFFFFFFFFFFFFFFFFFFFFFFFFFFFFFFF45
:10DBF000FFFFFFFFFFFFFFFFFFFFFFFFFFFFFFFF35
:10DC0000FFFFFFFFFFFFFFFFFFFFFFFFFFFFFFFF24
:10DC1000FFFFFFFFFFFFFFFFFFFFFFFFFFFFFFFF14
:10DC2000FFFFFFFFFFFFFFFFFFFFFFFFFFFFFFFF04
:10DC3000FFFFFFFFFFFFFFFFFFFFFFFFFFFFFFFFF4
:10DC4000FFFFFFFFFFFFFFFFFFFFFFFFFFFFFFFFE4
:10DC5000FFFFFFFFFFFFFFFFFFFFFFFFFFFFFFFFD4
:10DC6000FFFFFFFFFFFFFFFFFFFFFFFFFFFFFFFFC4
:10DC7000FFFFFFFFFFFFFFFFFFFFFFFFFFFFFFFFB4
:10DC8000FFFFFFFFFFFFFFFFFFFFFFFFFFFFFFFFA4
:10DC9000FFFFFFFFFFFFFFFFFFFFFFFFFFFFFFFF94
:10DCA000FFFFFFFFFFFFFFFFFFFFFFFFFFFFFFFF84
:10DCB000FFFFFFFFFFFFFFFFFFFFFFFFFFFFFFFF74
:10DCC000FFFFFFFFFFFFFFFFFFFFFFFFFFFFFFFF64
:10DCD000FFFFFFFFFFFFFFFFFFFFFFFFFFFFFFFF54
:10DCE000FFFFFFFFFFFFFFFFFFFFFFFFFFFFFFFF44
:10DCF000FFFFFFFFFFFFFFFFFFFFFFFFFFFFFFFF34
:10DD0000FFFFFFFFFFFFFFFFFFFFFFFFFFFFFFFF23
:10DD1000FFFFFFFFFFFFFFFFFFFFFFFFFFFFFFFF13
:10DD2000FFFFFFFFFFFFFFFFFFFFFFFFFFFFFFFF03
:10DD3000FFFFFFFFFFFFFFFFFFFFFFFFFFFFFFFFF3
:10DD4000FFFFFFFFFFFFFFFFFFFFFFFFFFFFFFFFE3
:10DD5000FFFFFFFFFFFFFFFFFFFFFFFFFFFFFFFFD3
:10DD6000FFFFFFFFFFFFFFFFFFFFFFFFFFFFFFFFC3
:10DD7000FFFFFFFFFFFFFFFFFFFFFFFFFFFFFFFFB3
:10DD8000FFFFFFFFFFFFFFFFFFFFFFFFFFFFFFFFA3
:10DD9000FFFFFFFFFFFFFFFFFFFFFFFFFFFFFFFF93
:10DDA000FFFFFFFFFFFFFFFFFFFFFFFFFFFFFFFF83
:10DDB000FFFFFFFFFFFFFFFFFFFFFFFFFFFFFFFF73
:10DDC000FFFFFFFFFFFFFFFFFFFFFFFFFFFFFFFF63
:10DDD000FFFFFFFFFFFFFFFFFFFFFFFFFFFFFFFF53
:10DDE000FFFFFFFFFFFFFFFFFFFFFFFFFFFFFFFF43
:10DDF000FFFFFFFFFFFFFFFFFFFFFFFFFFFFFFFF33
:10DE0000FFFFFFFFFFFFFFFFFFFFFFFFFFFFFFFF22
:10DE1000FFFFFFFFFFFFFFFFFFFFFFFFFFFFFFFF12
:10DE2000FFFFFFFFFFFFFFFFFFFFFFFFFFFFFFFF02
:10DE3000FFFFFFFFFFFFFFFFFFFFFFFFFFFFFFFFF2
:10DE4000FFFFFFFFFFFFFFFFFFFFFFFFFFFFFFFFE2
:10DE5000FFFFFFFFFFFFFFFFFFFFFFFFFFFFFFFFD2
:10DE6000FFFFFFFFFFFFFFFFFFFFFFFFFFFFFFFFC2
:10DE7000FFFFFFFFFFFFFFFFFFFFFFFFFFFFFFFFB2
:10DE8000FFFFFFFFFFFFFFFFFFFFFFFFFFFFFFFFA2
:10DE9000FFFFFFFFFFFFFFFFFFFFFFFFFFFFFFFF92
:10DEA000FFFFFFFFFFFFFFFFFFFFFFFFFFFFFFFF82
:10DEB000FFFFFFFFFFFFFFFFFFFFFFFFFFFFFFFF72
:10DEC000FFFFFFFFFFFFFFFFFFFFFFFFFFFFFFFF62
:10DED000FFFFFFFFFFFFFFFFFFFFFFFFFFFFFFFF52
:10DEE000FFFFFFFFFFFFFFFFFFFFFFFFFFFFFFFF42
:10DEF000FFFFFFFFFFFFFFFFFFFFFFFFFFFFFFFF32
:10DF0000FFFFFFFFFFFFFFFFFFFFFFFFFFFFFFFF21
:10DF1000FFFFFFFFFFFFFFFFFFFFFFFFFFFFFFFF11
:10DF2000FFFFFFFFFFFFFFFFFFFFFFFFFFFFFFFF01
:10DF3000FFFFFFFFFFFFFFFFFFFFFFFFFFFFFFFFF1
:10DF4000FFFFFFFFFFFFFFFFFFFFFFFFFFFFFFFFE1
:10DF5000FFFFFFFFFFFFFFFFFFFFFFFFFFFFFFFFD1
:10DF6000FFFFFFFFFFFFFFFFFFFFFFFFFFFFFFFFC1
:10DF7000FFFFFFFFFFFFFFFFFFFFFFFFFFFFFFFFB1
:10DF8000FFFFFFFFFFFFFFFFFFFFFFFFFFFFFFFFA1
:10DF9000FFFFFFFFFFFFFFFFFFFFFFFFFFFFFFFF91
:10DFA000FFFFFFFFFFFFFFFFFFFFFFFFFFFFFFFF81
:10DFB000FFFFFFFFFFFFFFFFFFFFFFFFFFFFFFFF71
:10DFC000FFFFFFFFFFFFFFFFFFFFFFFFFFFFFFFF61
:10DFD000FFFFFFFFFFFFFFFFFFFFFFFFFFFFFFFF51
:10DFE000FFFFFFFFFFFFFFFFFFFFFFFFFFFFFFFF41
:10DFF000FFFFFFFFFFFFFFFFFFFFFFFFFFFFFFFF31
:10E00000FFFFFFFFFFFFFFFFFFFFFFFFFFFFFFFF20
:10E01000FFFFFFFFFFFFFFFFFFFFFFFFFFFFFFFF10
:10E02000FFFFFFFFFFFFFFFFFFFFFFFFFFFFFFFF00
:10E03000FFFFFFFFFFFFFFFFFFFFFFFFFFFFFFFFF0
:10E04000FFFFFFFFFFFFFFFFFFFFFFFFFFFFFFFFE0
:10E05000FFFFFFFFFFFFFFFFFFFFFFFFFFFFFFFFD0
:10E06000FFFFFFFFFFFFFFFFFFFFFFFFFFFFFFFFC0
:10E07000FFFFFFFFFFFFFFFFFFFFFFFFFFFFFFFFB0
:10E08000FFFFFFFFFFFFFFFFFFFFFFFFFFFFFFFFA0
:10E09000FFFFFFFFFFFFFFFFFFFFFFFFFFFFFFFF90
:10E0A000FFFFFFFFFFFFFFFFFFFFFFFFFFFFFFFF80
:10E0B000FFFFFFFFFFFFFFFFFFFFFFFFFFFFFFFF70
:10E0C000FFFFFFFFFFFFFFFFFFFFFFFFFFFFFFFF60
:10E0D000FFFFFFFFFFFFFFFFFFFFFFFFFFFFFFFF50
:10E0E000FFFFFFFFFFFFFFFFFFFFFFFFFFFFFFFF40
:10E0F000FFFFFFFFFFFFFFFFFFFFFFFFFFFFFFFF30
:10E10000FFFFFFFFFFFFFFFFFFFFFFFFFFFFFFFF1F
:10E11000FFFFFFFFFFFFFFFFFFFFFFFFFFFFFFFF0F
:10E12000FFFFFFFFFFFFFFFFFFFFFFFFFFFFFFFFFF
:10E13000FFFFFFFFFFFFFFFFFFFFFFFFFFFFFFFFEF
:10E14000FFFFFFFFFFFFFFFFFFFFFFFFFFFFFFFFDF
:10E15000FFFFFFFFFFFFFFFFFFFFFFFFFFFFFFFFCF
:10E16000FFFFFFFFFFFFFFFFFFFFFFFFFFFFFFFFBF
:10E17000FFFFFFFFFFFFFFFFFFFFFFFFFFFFFFFFAF
:10E18000FFFFFFFFFFFFFFFFFFFFFFFFFFFFFFFF9F
:10E19000FFFFFFFFFFFFFFFFFFFFFFFFFFFFFFFF8F
:10E1A000FFFFFFFFFFFFFFFFFFFFFFFFFFFFFFFF7F
:10E1B000FFFFFFFFFFFFFFFFFFFFFFFFFFFFFFFF6F
:10E1C000FFFFFFFFFFFFFFFFFFFFFFFFFFFFFFFF5F
:10E1D000FFFFFFFFFFFFFFFFFFFFFFFFFFFFFFFF4F
:10E1E000FFFFFFFFFFFFFFFFFFFFFFFFFFFFFFFF3F
:10E1F000FFFFFFFFFFFFFFFFFFFFFFFFFFFFFFFF2F
:10E20000FFFFFFFFFFFFFFFFFFFFFFFFFFFFFFFF1E
:10E21000FFFFFFFFFFFFFFFFFFFFFFFFFFFFFFFF0E
:10E22000FFFFFFFFFFFFFFFFFFFFFFFFFFFFFFFFFE
:10E23000FFFFFFFFFFFFFFFFFFFFFFFFFFFFFFFFEE
:10E24000FFFFFFFFFFFFFFFFFFFFFFFFFFFFFFFFDE
:10E25000FFFFFFFFFFFFFFFFFFFFFFFFFFFFFFFFCE
:10E26000FFFFFFFFFFFFFFFFFFFFFFFFFFFFFFFFBE
:10E27000FFFFFFFFFFFFFFFFFFFFFFFFFFFFFFFFAE
:10E28000FFFFFFFFFFFFFFFFFFFFFFFFFFFFFFFF9E
:10E29000FFFFFFFFFFFFFFFFFFFFFFFFFFFFFFFF8E
:10E2A000FFFFFFFFFFFFFFFFFFFFFFFFFFFFFFFF7E
:10E2B000FFFFFFFFFFFFFFFFFFFFFFFFFFFFFFFF6E
:10E2C000FFFFFFFFFFFFFFFFFFFFFFFFFFFFFFFF5E
:10E2D000FFFFFFFFFFFFFFFFFFFFFFFFFFFFFFFF4E
:10E2E000FFFFFFFFFFFFFFFFFFFFFFFFFFFFFFFF3E
:10E2F000FFFFFFFFFFFFFFFFFFFFFFFFFFFFFFFF2E
:10E30000FFFFFFFFFFFFFFFFFFFFFFFFFFFFFFFF1D
:10E31000FFFFFFFFFFFFFFFFFFFFFFFFFFFFFFFF0D
:10E32000FFFFFFFFFFFFFFFFFFFFFFFFFFFFFFFFFD
:10E33000FFFFFFFFFFFFFFFFFFFFFFFFFFFFFFFFED
:10E34000FFFFFFFFFFFFFFFFFFFFFFFFFFFFFFFFDD
:10E35000FFFFFFFFFFFFFFFFFFFFFFFFFFFFFFFFCD
:10E36000FFFFFFFFFFFFFFFFFFFFFFFFFFFFFFFFBD
:10E37000FFFFFFFFFFFFFFFFFFFFFFFFFFFFFFFFAD
:10E38000FFFFFFFFFFFFFFFFFFFFFFFFFFFFFFFF9D
:10E39000FFFFFFFFFFFFFFFFFFFFFFFFFFFFFFFF8D
:10E3A000FFFFFFFFFFFFFFFFFFFFFFFFFFFFFFFF7D
:10E3B000FFFFFFFFFFFFFFFFFFFFFFFFFFFFFFFF6D
:10E3C000FFFFFFFFFFFFFFFFFFFFFFFFFFFFFFFF5D
:10E3D000FFFFFFFFFFFFFFFFFFFFFFFFFFFFFFFF4D
:10E3E000FFFFFFFFFFFFFFFFFFFFFFFFFFFFFFFF3D
:10E3F000FFFFFFFFFFFFFFFFFFFFFFFFFFFFFFFF2D
:10E40000FFFFFFFFFFFFFFFFFFFFFFFFFFFFFFFF1C
:10E41000FFFFFFFFFFFFFFFFFFFFFFFFFFFFFFFF0C
:10E42000FFFFFFFFFFFFFFFFFFFFFFFFFFFFFFFFFC
:10E43000FFFFFFFFFFFFFFFFFFFFFFFFFFFFFFFFEC
:10E44000FFFFFFFFFFFFFFFFFFFFFFFFFFFFFFFFDC
:10E45000FFFFFFFFFFFFFFFFFFFFFFFFFFFFFFFFCC
:10E46000FFFFFFFFFFFFFFFFFFFFFFFFFFFFFFFFBC
:10E47000FFFFFFFFFFFFFFFFFFFFFFFFFFFFFFFFAC
:10E48000FFFFFFFFFFFFFFFFFFFFFFFFFFFFFFFF9C
:10E49000FFFFFFFFFFFFFFFFFFFFFFFFFFFFFFFF8C
:10E4A000FFFFFFFFFFFFFFFFFFFFFFFFFFFFFFFF7C
:10E4B000FFFFFFFFFFFFFFFFFFFFFFFFFFFFFFFF6C
:10E4C000FFFFFFFFFFFFFFFFFFFFFFFFFFFFFFFF5C
:10E4D000FFFFFFFFFFFFFFFFFFFFFFFFFFFFFFFF4C
:10E4E000FFFFFFFFFFFFFFFFFFFFFFFFFFFFFFFF3C
:10E4F000FFFFFFFFFFFFFFFFFFFFFFFFFFFFFFFF2C
:10E50000FFFFFFFFFFFFFFFFFFFFFFFFFFFFFFFF1B
:10E51000FFFFFFFFFFFFFFFFFFFFFFFFFFFFFFFF0B
:10E52000FFFFFFFFFFFFFFFFFFFFFFFFFFFFFFFFFB
:10E53000FFFFFFFFFFFFFFFFFFFFFFFFFFFFFFFFEB
:10E54000FFFFFFFFFFFFFFFFFFFFFFFFFFFFFFFFDB
:10E55000FFFFFFFFFFFFFFFFFFFFFFFFFFFFFFFFCB
:10E56000FFFFFFFFFFFFFFFFFFFFFFFFFFFFFFFFBB
:10E57000FFFFFFFFFFFFFFFFFFFFFFFFFFFFFFFFAB
:10E58000FFFFFFFFFFFFFFFFFFFFFFFFFFFFFFFF9B
:10E59000FFFFFFFFFFFFFFFFFFFFFFFFFFFFFFFF8B
:10E5A000FFFFFFFFFFFFFFFFFFFFFFFFFFFFFFFF7B
:10E5B000FFFFFFFFFFFFFFFFFFFFFFFFFFFFFFFF6B
:10E5C000FFFFFFFFFFFFFFFFFFFFFFFFFFFFFFFF5B
:10E5D000FFFFFFFFFFFFFFFFFFFFFFFFFFFFFFFF4B
:10E5E000FFFFFFFFFFFFFFFFFFFFFFFFFFFFFFFF3B
:10E5F000FFFFFFFFFFFFFFFFFFFFFFFFFFFFFFFF2B
:10E60000FFFFFFFFFFFFFFFFFFFFFFFFFFFFFFFF1A
:10E61000FFFFFFFFFFFFFFFFFFFFFFFFFFFFFFFF0A
:10E62000FFFFFFFFFFFFFFFFFFFFFFFFFFFFFFFFFA
:10E63000FFFFFFFFFFFFFFFFFFFFFFFFFFFFFFFFEA
:10E64000FFFFFFFFFFFFFFFFFFFFFFFFFFFFFFFFDA
:10E65000FFFFFFFFFFFFFFFFFFFFFFFFFFFFFFFFCA
:10E66000FFFFFFFFFFFFFFFFFFFFFFFFFFFFFFFFBA
:10E67000FFFFFFFFFFFFFFFFFFFFFFFFFFFFFFFFAA
:10E68000FFFFFFFFFFFFFFFFFFFFFFFFFFFFFFFF9A
:10E69000FFFFFFFFFFFFFFFFFFFFFFFFFFFFFFFF8A
:10E6A000FFFFFFFFFFFFFFFFFFFFFFFFFFFFFFFF7A
:10E6B000FFFFFFFFFFFFFFFFFFFFFFFFFFFFFFFF6A
:10E6C000FFFFFFFFFFFFFFFFFFFFFFFFFFFFFFFF5A
:10E6D000FFFFFFFFFFFFFFFFFFFFFFFFFFFFFFFF4A
:10E6E000FFFFFFFFFFFFFFFFFFFFFFFFFFFFFFFF3A
:10E6F000FFFFFFFFFFFFFFFFFFFFFFFFFFFFFFFF2A
:10E70000FFFFFFFFFFFFFFFFFFFFFFFFFFFFFFFF19
:10E71000FFFFFFFFFFFFFFFFFFFFFFFFFFFFFFFF09
:10E72000FFFFFFFFFFFFFFFFFFFFFFFFFFFFFFFFF9
:10E73000FFFFFFFFFFFFFFFFFFFFFFFFFFFFFFFFE9
:10E74000FFFFFFFFFFFFFFFFFFFFFFFFFFFFFFFFD9
:10E75000FFFFFFFFFFFFFFFFFFFFFFFFFFFFFFFFC9
:10E76000FFFFFFFFFFFFFFFFFFFFFFFFFFFFFFFFB9
:10E77000FFFFFFFFFFFFFFFFFFFFFFFFFFFFFFFFA9
:10E78000FFFFFFFFFFFFFFFFFFFFFFFFFFFFFFFF99
:10E79000FFFFFFFFFFFFFFFFFFFFFFFFFFFFFFFF89
:10E7A000FFFFFFFFFFFFFFFFFFFFFFFFFFFFFFFF79
:10E7B000FFFFFFFFFFFFFFFFFFFFFFFFFFFFFFFF69
:10E7C000FFFFFFFFFFFFFFFFFFFFFFFFFFFFFFFF59
:10E7D000FFFFFFFFFFFFFFFFFFFFFFFFFFFFFFFF49
:10E7E000FFFFFFFFFFFFFFFFFFFFFFFFFFFFFFFF39
:10E7F000FFFFFFFFFFFFFFFFFFFFFFFFFFFFFFFF29
:10E80000FFFFFFFFFFFFFFFFFFFFFFFFFFFFFFFF18
:10E81000FFFFFFFFFFFFFFFFFFFFFFFFFFFFFFFF08
:10E82000FFFFFFFFFFFFFFFFFFFFFFFFFFFFFFFFF8
:10E83000FFFFFFFFFFFFFFFFFFFFFFFFFFFFFFFFE8
:10E84000FFFFFFFFFFFFFFFFFFFFFFFFFFFFFFFFD8
:10E85000FFFFFFFFFFFFFFFFFFFFFFFFFFFFFFFFC8
:10E86000FFFFFFFFFFFFFFFFFFFFFFFFFFFFFFFFB8
:10E87000FFFFFFFFFFFFFFFFFFFFFFFFFFFFFFFFA8
:10E88000FFFFFFFFFFFFFFFFFFFFFFFFFFFFFFFF98
:10E89000FFFFFFFFFFFFFFFFFFFFFFFFFFFFFFFF88
:10E8A000FFFFFFFFFFFFFFFFFFFFFFFFFFFFFFFF78
:10E8B000FFFFFFFFFFFFFFFFFFFFFFFFFFFFFFFF68
:10E8C000FFFFFFFFFFFFFFFFFFFFFFFFFFFFFFFF58
:10E8D000FFFFFFFFFFFFFFFFFFFFFFFFFFFFFFFF48
:10E8E000FFFFFFFFFFFFFFFFFFFFFFFFFFFFFFFF38
:10E8F000FFFFFFFFFFFFFFFFFFFFFFFFFFFFFFFF28
:10E90000FFFFFFFFFFFFFFFFFFFFFFFFFFFFFFFF17
:10E91000FFFFFFFFFFFFFFFFFFFFFFFFFFFFFFFF07
:10E92000FFFFFFFFFFFFFFFFFFFFFFFFFFFFFFFFF7
:10E93000FFFFFFFFFFFFFFFFFFFFFFFFFFFFFFFFE7
:10E94000FFFFFFFFFFFFFFFFFFFFFFFFFFFFFFFFD7
:10E95000FFFFFFFFFFFFFFFFFFFFFFFFFFFFFFFFC7
:10E96000FFFFFFFFFFFFFFFFFFFFFFFFFFFFFFFFB7
:10E97000FFFFFFFFFFFFFFFFFFFFFFFFFFFFFFFFA7
:10E98000FFFFFFFFFFFFFFFFFFFFFFFFFFFFFFFF97
:10E99000FFFFFFFFFFFFFFFFFFFFFFFFFFFFFFFF87
:10E9A000FFFFFFFFFFFFFFFFFFFFFFFFFFFFFFFF77
:10E9B000FFFFFFFFFFFFFFFFFFFFFFFFFFFFFFFF67
:10E9C000FFFFFFFFFFFFFFFFFFFFFFFFFFFFFFFF57
:10E9D000FFFFFFFFFFFFFFFFFFFFFFFFFFFFFFFF47
:10E9E000FFFFFFFFFFFFFFFFFFFFFFFFFFFFFFFF37
:10E9F000FFFFFFFFFFFFFFFFFFFFFFFFFFFFFFFF27
:10EA0000FFFFFFFFFFFFFFFFFFFFFFFFFFFFFFFF16
:10EA1000FFFFFFFFFFFFFFFFFFFFFFFFFFFFFFFF06
:10EA2000FFFFFFFFFFFFFFFFFFFFFFFFFFFFFFFFF6
:10EA3000FFFFFFFFFFFFFFFFFFFFFFFFFFFFFFFFE6
:10EA4000FFFFFFFFFFFFFFFFFFFFFFFFFFFFFFFFD6
:10EA5000FFFFFFFFFFFFFFFFFFFFFFFFFFFFFFFFC6
:10EA6000FFFFFFFFFFFFFFFFFFFFFFFFFFFFFFFFB6
:10EA7000FFFFFFFFFFFFFFFFFFFFFFFFFFFFFFFFA6
:10EA8000FFFFFFFFFFFFFFFFFFFFFFFFFFFFFFFF96
:10EA9000FFFFFFFFFFFFFFFFFFFFFFFFFFFFFFFF86
:10EAA000FFFFFFFFFFFFFFFFFFFFFFFFFFFFFFFF76
:10EAB000FFFFFFFFFFFFFFFFFFFFFFFFFFFFFFFF66
:10EAC000FFFFFFFFFFFFFFFFFFFFFFFFFFFFFFFF56
:10EAD000FFFFFFFFFFFFFFFFFFFFFFFFFFFFFFFF46
:10EAE000FFFFFFFFFFFFFFFFFFFFFFFFFFFFFFFF36
:10EAF000FFFFFFFFFFFFFFFFFFFFFFFFFFFFFFFF26
:10EB0000FFFFFFFFFFFFFFFFFFFFFFFFFFFFFFFF15
:10EB1000FFFFFFFFFFFFFFFFFFFFFFFFFFFFFFFF05
:10EB2000FFFFFFFFFFFFFFFFFFFFFFFFFFFFFFFFF5
:10EB3000FFFFFFFFFFFFFFFFFFFFFFFFFFFFFFFFE5
:10EB4000FFFFFFFFFFFFFFFFFFFFFFFFFFFFFFFFD5
:10EB5000FFFFFFFFFFFFFFFFFFFFFFFFFFFFFFFFC5
:10EB6000FFFFFFFFFFFFFFFFFFFFFFFFFFFFFFFFB5
:10EB7000FFFFFFFFFFFFFFFFFFFFFFFFFFFFFFFFA5
:10EB8000FFFFFFFFFFFFFFFFFFFFFFFFFFFFFFFF95
:10EB9000FFFFFFFFFFFFFFFFFFFFFFFFFFFFFFFF85
:10EBA000FFFFFFFFFFFFFFFFFFFFFFFFFFFFFFFF75
:10EBB000FFFFFFFFFFFFFFFFFFFFFFFFFFFFFFFF65
:10EBC000FFFFFFFFFFFFFFFFFFFFFFFFFFFFFFFF55
:10EBD000FFFFFFFFFFFFFFFFFFFFFFFFFFFFFFFF45
:10EBE000FFFFFFFFFFFFFFFFFFFFFFFFFFFFFFFF35
:10EBF000FFFFFFFFFFFFFFFFFFFFFFFFFFFFFFFF25
:10EC0000FFFFFFFFFFFFFFFFFFFFFFFFFFFFFFFF14
:10EC1000FFFFFFFFFFFFFFFFFFFFFFFFFFFFFFFF04
:10EC2000FFFFFFFFFFFFFFFFFFFFFFFFFFFFFFFFF4
:10EC3000FFFFFFFFFFFFFFFFFFFFFFFFFFFFFFFFE4
:10EC4000FFFFFFFFFFFFFFFFFFFFFFFFFFFFFFFFD4
:10EC5000FFFFFFFFFFFFFFFFFFFFFFFFFFFFFFFFC4
:10EC6000FFFFFFFFFFFFFFFFFFFFFFFFFFFFFFFFB4
:10EC7000FFFFFFFFFFFFFFFFFFFFFFFFFFFFFFFFA4
:10EC8000FFFFFFFFFFFFFFFFFFFFFFFFFFFFFFFF94
:10EC9000FFFFFFFFFFFFFFFFFFFFFFFFFFFFFFFF84
:10ECA000FFFFFFFFFFFFFFFFFFFFFFFFFFFFFFFF74
:10ECB000FFFFFFFFFFFFFFFFFFFFFFFFFFFFFFFF64
:10ECC000FFFFFFFFFFFFFFFFFFFFFFFFFFFFFFFF54
:10ECD000FFFFFFFFFFFFFFFFFFFFFFFFFFFFFFFF44
:10ECE000FFFFFFFFFFFFFFFFFFFFFFFFFFFFFFFF34
:10ECF000FFFFFFFFFFFFFFFFFFFFFFFFFFFFFFFF24
:10ED0000FFFFFFFFFFFFFFFFFFFFFFFFFFFFFFFF13
:10ED1000FFFFFFFFFFFFFFFFFFFFFFFFFFFFFFFF03
:10ED2000FFFFFFFFFFFFFFFFFFFFFFFFFFFFFFFFF3
:10ED3000FFFFFFFFFFFFFFFFFFFFFFFFFFFFFFFFE3
:10ED4000FFFFFFFFFFFFFFFFFFFFFFFFFFFFFFFFD3
:10ED5000FFFFFFFFFFFFFFFFFFFFFFFFFFFFFFFFC3
:10ED6000FFFFFFFFFFFFFFFFFFFFFFFFFFFFFFFFB3
:10ED7000FFFFFFFFFFFFFFFFFFFFFFFFFFFFFFFFA3
:10ED8000FFFFFFFFFFFFFFFFFFFFFFFFFFFFFFFF93
:10ED9000FFFFFFFFFFFFFFFFFFFFFFFFFFFFFFFF83
:10EDA000FFFFFFFFFFFFFFFFFFFFFFFFFFFFFFFF73
:10EDB000FFFFFFFFFFFFFFFFFFFFFFFFFFFFFFFF63
:10EDC000FFFFFFFFFFFFFFFFFFFFFFFFFFFFFFFF53
:10EDD000FFFFFFFFFFFFFFFFFFFFFFFFFFFFFFFF43
:10EDE000FFFFFFFFFFFFFFFFFFFFFFFFFFFFFFFF33
:10EDF000FFFFFFFFFFFFFFFFFFFFFFFFFFFFFFFF23
:10EE0000FFFFFFFFFFFFFFFFFFFFFFFFFFFFFFFF12
:10EE1000FFFFFFFFFFFFFFFFFFFFFFFFFFFFFFFF02
:10EE2000FFFFFFFFFFFFFFFFFFFFFFFFFFFFFFFFF2
:10EE3000FFFFFFFFFFFFFFFFFFFFFFFFFFFFFFFFE2
:10EE4000FFFFFFFFFFFFFFFFFFFFFFFFFFFFFFFFD2
:10EE5000FFFFFFFFFFFFFFFFFFFFFFFFFFFFFFFFC2
:10EE6000FFFFFFFFFFFFFFFFFFFFFFFFFFFFFFFFB2
:10EE7000FFFFFFFFFFFFFFFFFFFFFFFFFFFFFFFFA2
:10EE8000FFFFFFFFFFFFFFFFFFFFFFFFFFFFFFFF92
:10EE9000FFFFFFFFFFFFFFFFFFFFFFFFFFFFFFFF82
:10EEA000FFFFFFFFFFFFFFFFFFFFFFFFFFFFFFFF72
:10EEB000FFFFFFFFFFFFFFFFFFFFFFFFFFFFFFFF62
:10EEC000FFFFFFFFFFFFFFFFFFFFFFFFFFFFFFFF52
:10EED000FFFFFFFFFFFFFFFFFFFFFFFFFFFFFFFF42
:10EEE000FFFFFFFFFFFFFFFFFFFFFFFFFFFFFFFF32
:10EEF000FFFFFFFFFFFFFFFFFFFFFFFFFFFFFFFF22
:10EF0000FFFFFFFFFFFFFFFFFFFFFFFFFFFFFFFF11
:10EF1000FFFFFFFFFFFFFFFFFFFFFFFFFFFFFFFF01
:10EF2000FFFFFFFFFFFFFFFFFFFFFFFFFFFFFFFFF1
:10EF3000FFFFFFFFFFFFFFFFFFFFFFFFFFFFFFFFE1
:10EF4000FFFFFFFFFFFFFFFFFFFFFFFFFFFFFFFFD1
:10EF5000FFFFFFFFFFFFFFFFFFFFFFFFFFFFFFFFC1
:10EF6000FFFFFFFFFFFFFFFFFFFFFFFFFFFFFFFFB1
:10EF7000FFFFFFFFFFFFFFFFFFFFFFFFFFFFFFFFA1
:10EF8000FFFFFFFFFFFFFFFFFFFFFFFFFFFFFFFF91
:10EF9000FFFFFFFFFFFFFFFFFFFFFFFFFFFFFFFF81
:10EFA000FFFFFFFFFFFFFFFFFFFFFFFFFFFFFFFF71
:10EFB000FFFFFFFFFFFFFFFFFFFFFFFFFFFFFFFF61
:10EFC000FFFFFFFFFFFFFFFFFFFFFFFFFFFFFFFF51
:10EFD000FFFFFFFFFFFFFFFFFFFFFFFFFFFFFFFF41
:10EFE000FFFFFFFFFFFFFFFFFFFFFFFFFFFFFFFF31
:10EFF000FFFFFFFFFFFFFFFFFFFFFFFFFFFFFFFF21
:10F00000FFFFFFFFFFFFFFFFFFFFFFFFFFFFFFFF10
:10F01000FFFFFFFFFFFFFFFFFFFFFFFFFFFFFFFF00
:10F02000FFFFFFFFFFFFFFFFFFFFFFFFFFFFFFFFF0
:10F03000FFFFFFFFFFFFFFFFFFFFFFFFFFFFFFFFE0
:10F04000FFFFFFFFFFFFFFFFFFFFFFFFFFFFFFFFD0
:10F05000FFFFFFFFFFFFFFFFFFFFFFFFFFFFFFFFC0
:10F06000FFFFFFFFFFFFFFFFFFFFFFFFFFFFFFFFB0
:10F07000FFFFFFFFFFFFFFFFFFFFFFFFFFFFFFFFA0
:10F08000FFFFFFFFFFFFFFFFFFFFFFFFFFFFFFFF90
:10F09000FFFFFFFFFFFFFFFFFFFFFFFFFFFFFFFF80
:10F0A000FFFFFFFFFFFFFFFFFFFFFFFFFFFFFFFF70
:10F0B000FFFFFFFFFFFFFFFFFFFFFFFFFFFFFFFF60
:10F0C000FFFFFFFFFFFFFFFFFFFFFFFFFFFFFFFF50
:10F0D000FFFFFFFFFFFFFFFFFFFFFFFFFFFFFFFF40
:10F0E000FFFFFFFFFFFFFFFFFFFFFFFFFFFFFFFF30
:10F0F000FFFFFFFFFFFFFFFFFFFFFFFFFFFFFFFF20
:10F10000FFFFFFFFFFFFFFFFFFFFFFFFFFFFFFFF0F
:10F11000FFFFFFFFFFFFFFFFFFFFFFFFFFFFFFFFFF
:10F12000FFFFFFFFFFFFFFFFFFFFFFFFFFFFFFFFEF
:10F13000FFFFFFFFFFFFFFFFFFFFFFFFFFFFFFFFDF
:10F14000FFFFFFFFFFFFFFFFFFFFFFFFFFFFFFFFCF
:10F15000FFFFFFFFFFFFFFFFFFFFFFFFFFFFFFFFBF
:10F16000FFFFFFFFFFFFFFFFFFFFFFFFFFFFFFFFAF
:10F17000FFFFFFFFFFFFFFFFFFFFFFFFFFFFFFFF9F
:10F18000FFFFFFFFFFFFFFFFFFFFFFFFFFFFFFFF8F
:10F19000FFFFFFFFFFFFFFFFFFFFFFFFFFFFFFFF7F
:10F1A000FFFFFFFFFFFFFFFFFFFFFFFFFFFFFFFF6F
:10F1B000FFFFFFFFFFFFFFFFFFFFFFFFFFFFFFFF5F
:10F1C000FFFFFFFFFFFFFFFFFFFFFFFFFFFFFFFF4F
:10F1D000FFFFFFFFFFFFFFFFFFFFFFFFFFFFFFFF3F
:10F1E000FFFFFFFFFFFFFFFFFFFFFFFFFFFFFFFF2F
:10F1F000FFFFFFFFFFFFFFFFFFFFFFFFFFFFFFFF1F
:10F20000FFFFFFFFFFFFFFFFFFFFFFFFFFFFFFFF0E
:10F21000FFFFFFFFFFFFFFFFFFFFFFFFFFFFFFFFFE
:10F22000FFFFFFFFFFFFFFFFFFFFFFFFFFFFFFFFEE
:10F23000FFFFFFFFFFFFFFFFFFFFFFFFFFFFFFFFDE
:10F24000FFFFFFFFFFFFFFFFFFFFFFFFFFFFFFFFCE
:10F25000FFFFFFFFFFFFFFFFFFFFFFFFFFFFFFFFBE
:10F26000FFFFFFFFFFFFFFFFFFFFFFFFFFFFFFFFAE
:10F27000FFFFFFFFFFFFFFFFFFFFFFFFFFFFFFFF9E
:10F28000FFFFFFFFFFFFFFFFFFFFFFFFFFFFFFFF8E
:10F29000FFFFFFFFFFFFFFFFFFFFFFFFFFFFFFFF7E
:10F2A000FFFFFFFFFFFFFFFFFFFFFFFFFFFFFFFF6E
:10F2B000FFFFFFFFFFFFFFFFFFFFFFFFFFFFFFFF5E
:10F2C000FFFFFFFFFFFFFFFFFFFFFFFFFFFFFFFF4E
:10F2D000FFFFFFFFFFFFFFFFFFFFFFFFFFFFFFFF3E
:10F2E000FFFFFFFFFFFFFFFFFFFFFFFFFFFFFFFF2E
:10F2F000FFFFFFFFFFFFFFFFFFFFFFFFFFFFFFFF1E
:10F30000FFFFFFFFFFFFFFFFFFFFFFFFFFFFFFFF0D
:10F31000FFFFFFFFFFFFFFFFFFFFFFFFFFFFFFFFFD
:10F32000FFFFFFFFFFFFFFFFFFFFFFFFFFFFFFFFED
:10F33000FFFFFFFFFFFFFFFFFFFFFFFFFFFFFFFFDD
:10F34000FFFFFFFFFFFFFFFFFFFFFFFFFFFFFFFFCD
:10F35000FFFFFFFFFFFFFFFFFFFFFFFFFFFFFFFFBD
:10F36000FFFFFFFFFFFFFFFFFFFFFFFFFFFFFFFFAD
:10F37000FFFFFFFFFFFFFFFFFFFFFFFFFFFFFFFF9D
:10F38000FFFFFFFFFFFFFFFFFFFFFFFFFFFFFFFF8D
:10F39000FFFFFFFFFFFFFFFFFFFFFFFFFFFFFFFF7D
:10F3A000FFFFFFFFFFFFFFFFFFFFFFFFFFFFFFFF6D
:10F3B000FFFFFFFFFFFFFFFFFFFFFFFFFFFFFFFF5D
:10F3C000FFFFFFFFFFFFFFFFFFFFFFFFFFFFFFFF4D
:10F3D000FFFFFFFFFFFFFFFFFFFFFFFFFFFFFFFF3D
:10F3E000FFFFFFFFFFFFFFFFFFFFFFFFFFFFFFFF2D
:10F3F000FFFFFFFFFFFFFFFFFFFFFFFFFFFFFFFF1D
:10F40000FFFFFFFFFFFFFFFFFFFFFFFFFFFFFFFF0C
:10F41000FFFFFFFFFFFFFFFFFFFFFFFFFFFFFFFFFC
:10F42000FFFFFFFFFFFFFFFFFFFFFFFFFFFFFFFFEC
:10F43000FFFFFFFFFFFFFFFFFFFFFFFFFFFFFFFFDC
:10F44000FFFFFFFFFFFFFFFFFFFFFFFFFFFFFFFFCC
:10F45000FFFFFFFFFFFFFFFFFFFFFFFFFFFFFFFFBC
:10F46000FFFFFFFFFFFFFFFFFFFFFFFFFFFFFFFFAC
:10F47000FFFFFFFFFFFFFFFFFFFFFFFFFFFFFFFF9C
:10F48000FFFFFFFFFFFFFFFFFFFFFFFFFFFFFFFF8C
:10F49000FFFFFFFFFFFFFFFFFFFFFFFFFFFFFFFF7C
:10F4A000FFFFFFFFFFFFFFFFFFFFFFFFFFFFFFFF6C
:10F4B000FFFFFFFFFFFFFFFFFFFFFFFFFFFFFFFF5C
:10F4C000FFFFFFFFFFFFFFFFFFFFFFFFFFFFFFFF4C
:10F4D000FFFFFFFFFFFFFFFFFFFFFFFFFFFFFFFF3C
:10F4E000FFFFFFFFFFFFFFFFFFFFFFFFFFFFFFFF2C
:10F4F000FFFFFFFFFFFFFFFFFFFFFFFFFFFFFFFF1C
:10F50000FFFFFFFFFFFFFFFFFFFFFFFFFFFFFFFF0B
:10F51000FFFFFFFFFFFFFFFFFFFFFFFFFFFFFFFFFB
:10F52000FFFFFFFFFFFFFFFFFFFFFFFFFFFFFFFFEB
:10F53000FFFFFFFFFFFFFFFFFFFFFFFFFFFFFFFFDB
:10F54000FFFFFFFFFFFFFFFFFFFFFFFFFFFFFFFFCB
:10F55000FFFFFFFFFFFFFFFFFFFFFFFFFFFFFFFFBB
:10F56000FFFFFFFFFFFFFFFFFFFFFFFFFFFFFFFFAB
:10F57000FFFFFFFFFFFFFFFFFFFFFFFFFFFFFFFF9B
:10F58000FFFFFFFFFFFFFFFFFFFFFFFFFFFFFFFF8B
:10F59000FFFFFFFFFFFFFFFFFFFFFFFFFFFFFFFF7B
:10F5A000FFFFFFFFFFFFFFFFFFFFFFFFFFFFFFFF6B
:10F5B000FFFFFFFFFFFFFFFFFFFFFFFFFFFFFFFF5B
:10F5C000FFFFFFFFFFFFFFFFFFFFFFFFFFFFFFFF4B
:10F5D000FFFFFFFFFFFFFFFFFFFFFFFFFFFFFFFF3B
:10F5E000FFFFFFFFFFFFFFFFFFFFFFFFFFFFFFFF2B
:10F5F000FFFFFFFFFFFFFFFFFFFFFFFFFFFFFFFF1B
:10F60000FFFFFFFFFFFFFFFFFFFFFFFFFFFFFFFF0A
:10F61000FFFFFFFFFFFFFFFFFFFFFFFFFFFFFFFFFA
:10F62000FFFFFFFFFFFFFFFFFFFFFFFFFFFFFFFFEA
:10F63000FFFFFFFFFFFFFFFFFFFFFFFFFFFFFFFFDA
:10F64000FFFFFFFFFFFFFFFFFFFFFFFFFFFFFFFFCA
:10F65000FFFFFFFFFFFFFFFFFFFFFFFFFFFFFFFFBA
:10F66000FFFFFFFFFFFFFFFFFFFFFFFFFFFFFFFFAA
:10F67000FFFFFFFFFFFFFFFFFFFFFFFFFFFFFFFF9A
:10F68000FFFFFFFFFFFFFFFFFFFFFFFFFFFFFFFF8A
:10F69000FFFFFFFFFFFFFFFFFFFFFFFFFFFFFFFF7A
:10F6A000FFFFFFFFFFFFFFFFFFFFFFFFFFFFFFFF6A
:10F6B000FFFFFFFFFFFFFFFFFFFFFFFFFFFFFFFF5A
:10F6C000FFFFFFFFFFFFFFFFFFFFFFFFFFFFFFFF4A
:10F6D000FFFFFFFFFFFFFFFFFFFFFFFFFFFFFFFF3A
:10F6E000FFFFFFFFFFFFFFFFFFFFFFFFFFFFFFFF2A
:10F6F000FFFFFFFFFFFFFFFFFFFFFFFFFFFFFFFF1A
:10F70000FFFFFFFFFFFFFFFFFFFFFFFFFFFFFFFF09
:10F71000FFFFFFFFFFFFFFFFFFFFFFFFFFFFFFFFF9
:10F72000FFFFFFFFFFFFFFFFFFFFFFFFFFFFFFFFE9
:10F73000FFFFFFFFFFFFFFFFFFFFFFFFFFFFFFFFD9
:10F74000FFFFFFFFFFFFFFFFFFFFFFFFFFFFFFFFC9
:10F75000FFFFFFFFFFFFFFFFFFFFFFFFFFFFFFFFB9
:10F76000FFFFFFFFFFFFFFFFFFFFFFFFFFFFFFFFA9
:10F77000FFFFFFFFFFFFFFFFFFFFFFFFFFFFFFFF99
:10F78000FFFFFFFFFFFFFFFFFFFFFFFFFFFFFFFF89
:10F79000FFFFFFFFFFFFFFFFFFFFFFFFFFFFFFFF79
:10F7A000FFFFFFFFFFFFFFFFFFFFFFFFFFFFFFFF69
:10F7B000FFFFFFFFFFFFFFFFFFFFFFFFFFFFFFFF59
:10F7C000FFFFFFFFFFFFFFFFFFFFFFFFFFFFFFFF49
:10F7D000FFFFFFFFFFFFFFFFFFFFFFFFFFFFFFFF39
:10F7E000FFFFFFFFFFFFFFFFFFFFFFFFFFFFFFFF29
:10F7F000FFFFFFFFFFFFFFFFFFFFFFFFFFFFFFFF19
:10F80000FFFFFFFFFFFFFFFFFFFFFFFFFFFFFFFF08
:10F81000FFFFFFFFFFFFFFFFFFFFFFFFFFFFFFFFF8
:10F82000FFFFFFFFFFFFFFFFFFFFFFFFFFFFFFFFE8
:10F83000FFFFFFFFFFFFFFFFFFFFFFFFFFFFFFFFD8
:10F84000FFFFFFFFFFFFFFFFFFFFFFFFFFFFFFFFC8
:10F85000FFFFFFFFFFFFFFFFFFFFFFFFFFFFFFFFB8
:10F86000FFFFFFFFFFFFFFFFFFFFFFFFFFFFFFFFA8
:10F87000FFFFFFFFFFFFFFFFFFFFFFFFFFFFFFFF98
:10F88000FFFFFFFFFFFFFFFFFFFFFFFFFFFFFFFF88
:10F89000FFFFFFFFFFFFFFFFFFFFFFFFFFFFFFFF78
:10F8A000FFFFFFFFFFFFFFFFFFFFFFFFFFFFFFFF68
:10F8B000FFFFFFFFFFFFFFFFFFFFFFFFFFFFFFFF58
:10F8C000FFFFFFFFFFFFFFFFFFFFFFFFFFFFFFFF48
:10F8D000FFFFFFFFFFFFFFFFFFFFFFFFFFFFFFFF38
:10F8E000FFFFFFFFFFFFFFFFFFFFFFFFFFFFFFFF28
:10F8F000FFFFFFFFFFFFFFFFFFFFFFFFFFFFFFFF18
:10F90000FFFFFFFFFFFFFFFFFFFFFFFFFFFFFFFF07
:10F91000FFFFFFFFFFFFFFFFFFFFFFFFFFFFFFFFF7
:10F92000FFFFFFFFFFFFFFFFFFFFFFFFFFFFFFFFE7
:10F93000FFFFFFFFFFFFFFFFFFFFFFFFFFFFFFFFD7
:10F94000FFFFFFFFFFFFFFFFFFFFFFFFFFFFFFFFC7
:10F95000FFFFFFFFFFFFFFFFFFFFFFFFFFFFFFFFB7
:10F96000FFFFFFFFFFFFFFFFFFFFFFFFFFFFFFFFA7
:10F97000FFFFFFFFFFFFFFFFFFFFFFFFFFFFFFFF97
:10F98000FFFFFFFFFFFFFFFFFFFFFFFFFFFFFFFF87
:10F99000FFFFFFFFFFFFFFFFFFFFFFFFFFFFFFFF77
:10F9A000FFFFFFFFFFFFFFFFFFFFFFFFFFFFFFFF67
:10F9B000FFFFFFFFFFFFFFFFFFFFFFFFFFFFFFFF57
:10F9C000FFFFFFFFFFFFFFFFFFFFFFFFFFFFFFFF47
:10F9D000FFFFFFFFFFFFFFFFFFFFFFFFFFFFFFFF37
:10F9E000FFFFFFFFFFFFFFFFFFFFFFFFFFFFFFFF27
:10F9F000FFFFFFFFFFFFFFFFFFFFFFFFFFFFFFFF17
:10FA0000FFFFFFFFFFFFFFFFFFFFFFFFFFFFFFFF06
:10FA1000FFFFFFFFFFFFFFFFFFFFFFFFFFFFFFFFF6
:10FA2000FFFFFFFFFFFFFFFFFFFFFFFFFFFFFFFFE6
:10FA3000FFFFFFFFFFFFFFFFFFFFFFFFFFFFFFFFD6
:10FA4000FFFFFFFFFFFFFFFFFFFFFFFFFFFFFFFFC6
:10FA5000FFFFFFFFFFFFFFFFFFFFFFFFFFFFFFFFB6
:10FA6000FFFFFFFFFFFFFFFFFFFFFFFFFFFFFFFFA6
:10FA7000FFFFFFFFFFFFFFFFFFFFFFFFFFFFFFFF96
:10FA8000FFFFFFFFFFFFFFFFFFFFFFFFFFFFFFFF86
:10FA9000FFFFFFFFFFFFFFFFFFFFFFFFFFFFFFFF76
:10FAA000FFFFFFFFFFFFFFFFFFFFFFFFFFFFFFFF66
:10FAB000FFFFFFFFFFFFFFFFFFFFFFFFFFFFFFFF56
:10FAC000FFFFFFFFFFFFFFFFFFFFFFFFFFFFFFFF46
:10FAD000FFFFFFFFFFFFFFFFFFFFFFFFFFFFFFFF36
:10FAE000FFFFFFFFFFFFFFFFFFFFFFFFFFFFFFFF26
:10FAF000FFFFFFFFFFFFFFFFFFFFFFFFFFFFFFFF16
:10FB0000FFFFFFFFFFFFFFFFFFFFFFFFFFFFFFFF05
:10FB1000FFFFFFFFFFFFFFFFFFFFFFFFFFFFFFFFF5
:10FB2000FFFFFFFFFFFFFFFFFFFFFFFFFFFFFFFFE5
:10FB3000FFFFFFFFFFFFFFFFFFFFFFFFFFFFFFFFD5
:10FB4000FFFFFFFFFFFFFFFFFFFFFFFFFFFFFFFFC5
:10FB5000FFFFFFFFFFFFFFFFFFFFFFFFFFFFFFFFB5
:10FB6000FFFFFFFFFFFFFFFFFFFFFFFFFFFFFFFFA5
:10FB7000FFFFFFFFFFFFFFFFFFFFFFFFFFFFFFFF95
:10FB8000FFFFFFFFFFFFFFFFFFFFFFFFFFFFFFFF85
:10FB9000FFFFFFFFFFFFFFFFFFFFFFFFFFFFFFFF75
:10FBA000FFFFFFFFFFFFFFFFFFFFFFFFFFFFFFFF65
:10FBB000FFFFFFFFFFFFFFFFFFFFFFFFFFFFFFFF55
:10FBC000FFFFFFFFFFFFFFFFFFFFFFFFFFFFFFFF45
:10FBD000FFFFFFFFFFFFFFFFFFFFFFFFFFFFFFFF35
:10FBE000FFFFFFFFFFFFFFFFFFFFFFFFFFFFFFFF25
:10FBF000FFFFFFFFFFFFFFFFFFFFFFFFFFFFFFFF15
:10FC0000FFFFFFFFFFFFFFFFFFFFFFFFFFFFFFFF04
:10FC1000FFFFFFFFFFFFFFFFFFFFFFFFFFFFFFFFF4
:10FC2000FFFFFFFFFFFFFFFFFFFFFFFFFFFFFFFFE4
:10FC3000FFFFFFFFFFFFFFFFFFFFFFFFFFFFFFFFD4
:10FC4000FFFFFFFFFFFFFFFFFFFFFFFFFFFFFFFFC4
:10FC5000FFFFFFFFFFFFFFFFFFFFFFFFFFFFFFFFB4
:10FC6000FFFFFFFFFFFFFFFFFFFFFFFFFFFFFFFFA4
:10FC7000FFFFFFFFFFFFFFFFFFFFFFFFFFFFFFFF94
:10FC8000FFFFFFFFFFFFFFFFFFFFFFFFFFFFFFFF84
:10FC9000FFFFFFFFFFFFFFFFFFFFFFFFFFFFFFFF74
:10FCA000FFFFFFFFFFFFFFFFFFFFFFFFFFFFFFFF64
:10FCB000FFFFFFFFFFFFFFFFFFFFFFFFFFFFFFFF54
:10FCC000FFFFFFFFFFFFFFFFFFFFFFFFFFFFFFFF44
:10FCD000FFFFFFFFFFFFFFFFFFFFFFFFFFFFFFFF34
:10FCE000FFFFFFFFFFFFFFFFFFFFFFFFFFFFFFFF24
:10FCF000FFFFFFFFFFFFFFFFFFFFFFFFFFFFFFFF14
:10FD0000FFFFFFFFFFFFFFFFFFFFFFFFFFFFFFFF03
:10FD1000FFFFFFFFFFFFFFFFFFFFFFFFFFFFFFFFF3
:10FD2000FFFFFFFFFFFFFFFFFFFFFFFFFFFFFFFFE3
:10FD3000FFFFFFFFFFFFFFFFFFFFFFFFFFFFFFFFD3
:10FD4000FFFFFFFFFFFFFFFFFFFFFFFFFFFFFFFFC3
:10FD5000FFFFFFFFFFFFFFFFFFFFFFFFFFFFFFFFB3
:10FD6000FFFFFFFFFFFFFFFFFFFFFFFFFFFFFFFFA3
:10FD7000FFFFFFFFFFFFFFFFFFFFFFFFFFFFFFFF93
:10FD8000FFFFFFFFFFFFFFFFFFFFFFFFFFFFFFFF83
:10FD9000FFFFFFFFFFFFFFFFFFFFFFFFFFFFFFFF73
:10FDA000FFFFFFFFFFFFFFFFFFFFFFFFFFFFFFFF63
:10FDB000FFFFFFFFFFFFFFFFFFFFFFFFFFFFFFFF53
:10FDC000FFFFFFFFFFFFFFFFFFFFFFFFFFFFFFFF43
:10FDD000FFFFFFFFFFFFFFFFFFFFFFFFFFFFFFFF33
:10FDE000FFFFFFFFFFFFFFFFFFFFFFFFFFFFFFFF23
:10FDF000FFFFFFFFFFFFFFFFFFFFFFFFFFFFFFFF13
:10FE0000FFFFFFFFFFFFFFFFFFFFFFFFFFFFFFFF02
:10FE1000FFFFFFFFFFFFFFFFFFFFFFFFFFFFFFFFF2
:10FE2000FFFFFFFFFFFFFFFFFFFFFFFFFFFFFFFFE2
:10FE3000FFFFFFFFFFFFFFFFFFFFFFFFFFFFFFFFD2
:10FE4000FFFFFFFFFFFFFFFFFFFFFFFFFFFFFFFFC2
:10FE5000FFFFFFFFFFFFFFFFFFFFFFFFFFFFFFFFB2
:10FE6000FFFFFFFFFFFFFFFFFFFFFFFFFFFFFFFFA2
:10FE7000FFFFFFFFFFFFFFFFFFFFFFFFFFFFFFFF92
:10FE8000FFFFFFFFFFFFFFFFFFFFFFFFFFFFFFFF82
:10FE9000FFFFFFFFFFFFFFFFFFFFFFFFFFFFFFFF72
:10FEA000FFFFFFFFFFFFFFFFFFFFFFFFFFFFFFFF62
:10FEB000FFFFFFFFFFFFFFFFFFFFFFFFFFFFFFFF52
:10FEC000FFFFFFFFFFFFFFFFFFFFFFFFFFFFFFFF42
:10FED000FFFFFFFFFFFFFFFFFFFFFFFFFFFFFFFF32
:10FEE000FFFFFFFFFFFFFFFFFFFFFFFFFFFFFFFF22
:10FEF000FFFFFFFFFFFFFFFFFFFFFFFFFFFFFFFF12
:10FF0000FFFFFFFFFFFFFFFFFFFFFFFFFFFFFFFF01
:10FF1000FFFFFFFFFFFFFFFFFFFFFFFFFFFFFFFFF1
:10FF2000FFFFFFFFFFFFFFFFFFFFFFFFFFFFFFFFE1
:10FF3000FFFFFFFFFFFFFFFFFFFFFFFFFFFFFFFFD1
:10FF4000FFFFFFFFFFFFFFFFFFFFFFFFFFFFFFFFC1
:10FF5000FFFFFFFFFFFFFFFFFFFFFFFFFFFFFFFFB1
:10FF6000FFFFFFFFFFFFFFFFFFFFFFFFFFFFFFFFA1
:10FF7000FFFFFFFFFFFFFFFFFFFFFFFFFFFFFFFF91
:10FF8000FFFFFFFFFFFFFFFFFFFFFFFFFFFFFFFF81
:10FF9000FFFFFFFFFFFFFFFFFFFFFFFFFFFFFFFF71
:10FFA000FFFFFFFFFFFFFFFFFFFFFFFFFFFFFFFF61
:10FFB000FFFFFFFFFFFFFFFFFFFFFFFFFFFFFFFF51
:10FFC000FFFFFFFFFFFFFFFFFFFFFFFFFFFFFFFF41
:10FFD000FFFFFFFFFFFFFFFFFFFFFFFFFFFFFFFF31
:10FFE000FFFFFFFFFFFFFFFFFFFFFFFFFFFFFFFF21
:10FFF000FFFFFFFFFFFFFFFFFFFFFFFFFFFFFFFF11
:020000040801F1
:100000000007002019100108A5410208014102085B
:100010006D41020801410208394102081B10010824
:100020001B1001081B1001081B100108E1C0020889
:100030001B1001081B1001081B1001081B100108F0
:100040001B1001081B1001081B1001081B100108E0
:100050001B1001081B100108F90B0308210C0308F1
:10006000490C0308710C0308990C030861C60208C7
:1000700089C60208B5C60208E1C602080DC7020813
:1000800035C7020861C702081B1001088D34020839
:10009000B9340208C93402081B100108C10C030856
:1000A0001B1001081B1001081B1001081B10010880
:1000B0001B1001081B1001081B1001081B10010870
:1000C0001B1001081B1001081B1001081B10010860
:1000D0001B100108950D0308A90D03081B1001084A
:1000E000250D03081B1001081B1001081B10010837
:1000F0001B1001081B1001081B1001088DC7020806
:100100001B1001081B100108BD0D03081B1001087E
:100110001B1001081B1001081B1001081B1001080F
:10012000B9C70208E1C702080DC8020839C80208A9
:1001300065C802081B1001081B1001081B100108EC
:100140001B1001081B1001081B100108F1D8020840
:100150008DC80208B9C80208E5C802081B100108CA
:10016000EDCC020895CE02081B1001081B100108F7
:100170001B1001081B1001081B1001081B100108AF
:100180001B1001081B1001081B1001081B1001089F
:100190001B1001081B1001081B1001081B1001088F
:1001A0001B1001081B1001081B1001081B1001087F
:1001B0001B1001081B1001081B1001081B1001086F
:1001C0001B1001081B1001081B1001081B1001085F
:1001D0001B1001081B1001081B1001081B1001084F
:1001E0006D16010869790108B9E5010849ED0108B2
:1001F000FDEF0108CD270208ED3A02088942020806
:1002000089510208ED5502080D7302082181020888
:10021000CDA702081DAD020800000000000000008C
:1002200040A2E4F1646891062E3D1D7E1E96BC6DD1
:10023000680E0300153BFC4400003D18FFFFFFFF64
:10024000FFFFFFFF81F0004102E000BF83F00043A9
:1002500030B54FEA41044FEA430594EA050F08BF61
:1002600090EA020F1FBF54EA000C55EA020C7FEA25
:10027000645C7FEA655C00F0E2804FEA5454D4EBA2
:100280005555B8BF6D420CDD2C4480EA020281EA6C
:10029000030382EA000083EA010180EA020281EAA4
:1002A0000303362D88BF30BD11F0004F4FEA0131F6
:1002B0004FF4801C4CEA113102D0404261EB410105
:1002C00013F0004F4FEA03334CEA133302D052428B
:1002D00063EB430394EA050F00F0A780A4F1010447
:1002E000D5F1200E0DDB02FA0EFC22FA05F2801881
:1002F00041F1000103FA0EF2801843FA05F3594167
:100300000EE0A5F120050EF1200E012A03FA0EFCE5
:1003100028BF4CF0020C43FA05F3C01851EBE3710F
:1003200001F0004507D54FF0000EDCF1000C7EEB2C
:1003300000006EEB0101B1F5801F1BD3B1F5001F6A
:100340000CD349085FEA30004FEA3C0C04F1010489
:100350004FEA445212F5800F80F09A80BCF1004FB2
:1003600008BF5FEA500C50F1000041EB045141EA34
:10037000050130BD5FEA4C0C404141EB0101013CFD
:1003800028BFB1F5801FE9D291F0000F04BF0146EC
:100390000020B1FA81F308BF2033A3F10B03B3F1BE
:1003A00020020CDA0C3208DD02F1140CC2F10C024E
:1003B00001FA0CF021FA02F10CE002F11402D8BFAC
:1003C000C2F1200C01FA02F120FA0CFCDCBF41EA78
:1003D0000C019040E41AA2BF01EB0451294330BD47
:1003E0006FEA04041F3C1CDA0C340EDC04F1140424
:1003F000C4F1200220FA04F001FA02F340EA0300FB
:1004000021FA04F345EA030130BDC4F10C04C4F140
:10041000200220FA02F001FA04F340EA0300294620
:1004200030BD21FA04F0294630BD94F0000F83F46A
:10043000801306BF81F480110134013D4EE77FEA4D
:10044000645C18BF7FEA655C29D094EA050F08BF99
:1004500090EA020F05D054EA000C04BF194610467A
:1004600030BD91EA030F1EBF0021002030BD5FEABE
:10047000545C05D14000494128BF41F0004130BDE6
:1004800014F580043CBF01F5801130BD01F000453A
:1004900045F0FE4141F470014FF0000030BD7FEAAD
:1004A000645C1ABF194610467FEA655C1CBF0B46A8
:1004B000024650EA013406BF52EA033591EA030FBF
:1004C00041F4002130BD00BF90F0000F04BF0021B7
:1004D000704730B54FF4806404F132044FF00005EA
:1004E0004FF0000150E700BF90F0000F04BF002163
:1004F000704730B54FF4806404F1320410F00045C9
:1005000048BF40424FF000013EE700BF42004FEAC3
:10051000E2014FEA31014FEA02701FBF12F07F4340
:1005200093F07F4F81F06051704732F07F4208BFF7
:10053000704793F07F4F04BF41F40021704730B5FE
:100540004FF4607401F0004521F000411CE700BF4A
:1005500050EA010208BF704730B54FF000050AE0CD
:1005600050EA010208BF704730B511F0004502D5CE
:10057000404261EB41014FF4806404F132045FEAD0
:10058000915C3FF4D8AE4FF003025FEADC0C18BF79
:1005900003325FEADC0C18BF033202EBDC02C2F16B
:1005A000200300FA03FC20FA02F001FA03FE40EAFD
:1005B0000E0021FA02F11444BDE600BF70B54FF001
:1005C000FF0C4CF4E06C1CEA11541DBF1CEA1355DF
:1005D00094EA0C0F95EA0C0F00F0DEF82C4481EA47
:1005E000030621EA4C5123EA4C5350EA013518BF67
:1005F00052EA033541F4801143F4801338D0A0FB54
:1006000002CE4FF00005E1FB02E506F00042E0FB00
:1006100003E54FF00006E1FB03569CF0000F18BF06
:100620004EF0010EA4F1FF04B6F5007F64F54074AE
:1006300004D25FEA4E0E6D4146EB060642EAC62141
:1006400041EA55514FEAC52040EA5E504FEACE2EAE
:10065000B4F1FD0C88BFBCF5E06F1ED8BEF1004FB1
:1006600008BF5FEA500E50F1000041EB045170BD2D
:1006700006F0004646EA010140EA020081EA030171
:10068000B4EB5C04C2BFD4EB0C0541EA045170BD6D
:1006900041F480114FF0000E013C00F3AB8014F1E7
:1006A000360FDEBF002001F0004170BDC4F1000430
:1006B000203C35DA0C341BDC04F11404C4F12005B1
:1006C00000FA05F320FA04F001FA05F240EA02000C
:1006D00001F0004221F0004110EBD37021FA04F642
:1006E00042EB06015EEA430E08BF20EAD37070BDFC
:1006F000C4F10C04C4F1200500FA04F320FA05F05B
:1007000001FA04F240EA020001F0004110EBD3705C
:1007100041F100015EEA430E08BF20EAD37070BDCC
:10072000C4F1200500FA05F24EEA020E20FA04F3A5
:1007300001FA05F243EA020321FA04F001F0004154
:1007400021FA04F220EA020000EBD3705EEA430EC5
:1007500008BF20EAD37070BD94F0000F0FD101F0F4
:100760000046400041EB010111F4801F08BF013C2D
:10077000F7D041EA060195F0000F18BF704703F06B
:100780000046520043EB030313F4801F08BF013DF2
:10079000F7D043EA0603704794EA0C0F0CEA1355AE
:1007A00018BF95EA0C0F0CD050EA410618BF52EA68
:1007B0004306D1D181EA030101F000414FF000006E
:1007C00070BD50EA410606BF1046194652EA43067C
:1007D00019D094EA0C0F02D150EA013613D195EAF0
:1007E0000C0F05D152EA03361CBF104619460AD138
:1007F00081EA030101F0004141F0FE4141F4700142
:100800004FF0000070BD41F0FE4141F4780170BD31
:1008100070B54FF0FF0C4CF4E06C1CEA11541DBF96
:100820001CEA135594EA0C0F95EA0C0F00F0A7F898
:10083000A4EB050481EA030E52EA03354FEA0131C5
:1008400000F088804FEA03334FF0805545EA1313D8
:1008500043EA12634FEA022245EA111545EA1065A0
:100860004FEA00260EF000419D4208BF964244F137
:10087000FD0404F5407402D25B084FEA3202B61A56
:1008800065EB03055B084FEA32024FF480104FF42A
:10089000002CB6EB020E75EB030E22BFB61A75469E
:1008A00040EA0C005B084FEA3202B6EB020E75EB31
:1008B000030E22BFB61A754640EA5C005B084FEA99
:1008C0003202B6EB020E75EB030E22BFB61A754666
:1008D00040EA9C005B084FEA3202B6EB020E75EB71
:1008E000030E22BFB61A754640EADC0055EA060E32
:1008F00018D04FEA051545EA16754FEA06164FEA75
:10090000C30343EA52734FEAC2025FEA1C1CC0D120
:1009100011F4801F0BD141EA00014FF000004FF0AD
:10092000004CB6E711F4801F04BF01430020B4F16E
:10093000FD0C88BFBCF5E06F3FF6AFAEB5EB030C26
:1009400004BFB6EB020C5FEA500C50F1000041EB23
:10095000045170BD0EF0004E4EEA113114EB5C04F0
:10096000C2BFD4EB0C0541EA045170BD41F48011C3
:100970004FF0000E013C90E645EA060E8DE60CEACB
:10098000135594EA0C0F08BF95EA0C0F3FF43BAFE8
:1009900094EA0C0F0AD150EA01347FF434AF95EA9F
:1009A0000C0F7FF425AF104619462CE795EA0C0F83
:1009B00006D152EA03353FF4FDAE1046194622E750
:1009C00050EA410618BF52EA43067FF4C5AE50EA2A
:1009D00041047FF40DAF52EA43057FF4EBAE12E71A
:1009E0004FF0FF3C06E000BF4FF0010C02E000BFFB
:1009F0004FF0010C4DF804CD4FEA410C7FEA6C5CDE
:100A00004FEA430C18BF7FEA6C5C1BD001B050EA80
:100A1000410C0CBF52EA430C91EA030F02BF90EA6B
:100A2000020F0020704710F1000F91EA030F58BF2A
:100A3000994208BF90422CBFD8176FEAE37040F08C
:100A4000010070474FEA410C7FEA6C5C02D150EA2A
:100A5000013C07D14FEA430C7FEA6C5CD6D152EAE5
:100A6000033CD3D05DF8040B704700BF84461046AA
:100A700062468C461946634600E000BF01B5FFF7A9
:100A8000B7FF002848BF10F1000F01BD4DF808ED79
:100A9000FFF7F4FF0CBF012000205DF808FB00BF4A
:100AA0004DF808EDFFF7EAFF34BF012000205DF8A4
:100AB00008FB00BF4DF808EDFFF7E0FF94BF0120F1
:100AC00000205DF808FB00BF4DF808EDFFF7CEFFF2
:100AD00094BF012000205DF808FB00BF4DF808ED31
:100AE000FFF7C4FF34BF012000205DF808FB00BF02
:100AF0004FEA410C7FEA6C5C02D150EA013C0AD11A
:100B00004FEA430C7FEA6C5C02D152EA033C02D10B
:100B10004FF0000070474FF0010070474FEA41026C
:100B200012F5001215D211D56FF47873B3EB62523F
:100B300012D94FEAC12343F0004343EA505311F066
:100B4000004F23FA02F018BF404270474FF00000F8
:100B5000704750EA013005D111F0004008BF6FF036
:100B6000004070474FF00000704700BF4A0011D2AC
:100B700012F5001211D20DD56FF47873B3EB6252F7
:100B80000ED44FEAC12343F0004343EA505323FA03
:100B900002F070474FF00000704750EA013002D178
:100BA0004FF0FF3070474FF0000070474FEA4102AE
:100BB000B2F1E04324BFB3F5001CDCF1FE5C0DD9BB
:100BC00001F0004C4FEAC0024CEA5070B2F1004F05
:100BD00040EB830008BF20F00100704711F0804F08
:100BE00021D113F13872BCBF01F00040704741F4CD
:100BF00080114FEA5252C2F11802C2F1200C10FAD1
:100C00000CF320FA02F018BF40F001004FEAC123B4
:100C10004FEAD32303FA0CFC40EA0C0023FA02F358
:100C20004FEA4303CCE77FEA625307D150EA01332E
:100C30001EBF4FF0FE4040F44000704701F00040FE
:100C400040F0FE4040F40000704700BF7BB972B92D
:100C50000029BEBF00204FF0004106E008BF002879
:100C60001CBF6FF000414FF0FF3000F0D3B9ADF181
:100C7000080C6DE904CE002909DB002B1ADB00F01B
:100C800061F8DDF804E0DDE9022304B0704740427A
:100C900061EB4101002B1BDB00F054F8DDF804E0B0
:100CA000DDE9022304B0404261EB4101524263EBB3
:100CB00043037047524263EB430300F043F8DDF80F
:100CC00004E0DDE9022304B0404261EB41017047DA
:100CD000524263EB430300F035F8DDF804E0DDE950
:100CE000022304B0524263EB4303704753B94AB93D
:100CF000002908BF00281CBF4FF0FF314FF0FF3024
:100D000000F088B9ADF1080C6DE904CE00F01AF8D6
:100D1000DDF804E0DDE9022304B07047430803F086
:100D20005533C01A830803F0333300F033301844CE
:100D300000EB101000F00F3000EB002000EB004043
:100D4000000E70472DE9F047089D04468E46002BA3
:100D50004DD18A42944669D9B2FA82F252B101FA6F
:100D600002F3C2F1200120FA01F10CFA02FC41EA7F
:100D7000030E94404FEA1C48210CBEFBF8F61FFA04
:100D80008CF708FB16E341EA034306FB07F199429F
:100D90000AD91CEB030306F1FF3080F01F81994252
:100DA00040F21C81023E63445B1AA4B2B3FBF8F02C
:100DB00008FB103344EA034400FB07F7A7420AD9B3
:100DC0001CEB040400F1FF3380F00A81A74240F2DB
:100DD00007816444023840EA0640E41B00261DB146
:100DE000D4400023C5E900433146BDE8F0878B427B
:100DF00009D9002D00F0EF800026C5E9000130463A
:100E00003146BDE8F087B3FA83F6002E4AD18B4213
:100E100002D3824200F2F980841A61EB03030120BD
:100E20009E46002DE0D0C5E9004EDDE702B9FFDEA9
:100E3000B2FA82F2002A40F09280A1EB0C014FEA54
:100E40001C471FFA8CFE0126200CB1FBF7F307FBB1
:100E5000131140EA01410EFB03F0884208D91CEB54
:100E6000010103F1FF3802D2884200F2CB804346F1
:100E7000091AA4B2B1FBF7F007FB101144EA0144D0
:100E80000EFB00FEA64508D91CEB040400F1FF315F
:100E900002D2A64500F2BB800846A4EB0E0440EA4D
:100EA00003409CE7C6F12007B34022FA07FC4CEA56
:100EB000030C20FA07F401FA06F31C43F9404FEA49
:100EC0001C4900FA06F3B1FBF9F8200C1FFA8CFE5E
:100ED00009FB181140EA014108FB0EF0884202FAB2
:100EE00006F20BD91CEB010108F1FF3A80F0888073
:100EF000884240F28580A8F102086144091AA4B230
:100F0000B1FBF9F009FB101144EA014100FB0EFEB0
:100F10008E4508D91CEB010100F1FF346CD28E45DF
:100F20006AD90238614440EA0840A0FB0294A1EB70
:100F30000E01A142C846A64656D353D05DB1B3EBCD
:100F4000080261EB0E0101FA07F722FA06F3F140FD
:100F50001F43C5E9007100263146BDE8F087C2F1A4
:100F60002003D8400CFA02FC21FA03F3914001431C
:100F70004FEA1C471FFA8CFEB3FBF7F007FB103655
:100F80000B0C43EA064300FB0EF69E4204FA02F401
:100F900008D91CEB030300F1FF382FD29E422DD954
:100FA000023863449B1B89B2B3FBF7F607FB163389
:100FB00041EA034106FB0EF38B4208D91CEB010109
:100FC00006F1FF3816D28B4214D9023E6144C91A89
:100FD00046EA004638E72E46284605E70646E3E699
:100FE0001846F8E64B45A9D2B9EB020864EB0C0EA3
:100FF0000138A3E74646EAE7204694E74046D1E7B2
:10100000D0467BE7023B614432E7304609E764445F
:10101000023842E7704700BF02E000F000F8FEE748
:1010200072B6374880F30888364880F30988364816
:101030003649086040F20000CCF200004EF63471F0
:10104000CEF200010860BFF34F8FBFF36F8F40F205
:101050000000C0F2F0004EF68851CEF200010860A8
:10106000BFF34F8FBFF36F8F4FF00000E1EE100A18
:101070004EF63C71CEF200010860062080F3148821
:10108000BFF36F8F1FF086F91FF048FC4FF055300B
:101090001F491B4A91423CBF41F8040BFAE71D4926
:1010A000184A91423CBF41F8040BFAE71A491B4A1F
:1010B0001B4B9A423EBF51F8040B42F8040BF8E771
:1010C00000201849184A91423CBF41F8040BFAE746
:1010D0001FF064F91FF070FC144C154DAC4203DA9C
:1010E00054F8041B8847F9E700F0B0FA114C124D90
:1010F000AC4203DA54F8041B8847F9E71FF04CB9F7
:1011000000070020002300200000010808ED00E097
:101110000001002000070020800B040800230020AD
:10112000E8250020E8250020689D0020E001010856
:101130001802010818020108180201082DE9F04FF1
:101140002DED108AC1F80CD0C3689D46BDEC108A05
:10115000BDE8F08F002383F311882846A0470020C4
:101160001EF000FAFEE71EF095F800DFFEE7000033
:1011700010F8012B11F8013B012A28BF9A42F7D041
:10118000D01A7047034613F8012B002AFBD1181A16
:101190000138704701F0FF01102A2BDB10F0070F18
:1011A00008D010F8013B013A8B422DD010F0070F08
:1011B00042B3F6D1F0B441EA012141EA014122F003
:1011C00007047FF000070023F0E80256083C85EA98
:1011D000010586EA010685FA47F5A3FA87F586FA3E
:1011E00047F6A5FA87F68EB9EED1F0BC01F0FF0103
:1011F00002F0070232B110F8013B013A83EA010321
:1012000013B1F8D10020704701387047002D06BF98
:1012100035460338073815F0010F07D1013015F4B2
:10122000807F02BF013015F4C03F0130F0BC0138AF
:10123000704700BF38B50022002304460D46FFF773
:101240002FFC28B920462946BDE8384000F00AB8EE
:10125000204605F1004100F005F8404261EB4101F4
:1012600038BD00BFD0B50C4B002206460F46FFF735
:10127000A5F9FFF77BFC0446FFF726F9074B002290
:10128000FFF79CF902460B4630463946FEF7DEFF73
:10129000FFF76CFC2146D0BD0000F03D0000F0419E
:1012A00010B5054BC0F8B8320446D0F8680408B150
:1012B00002F008FF204610BD0CE7030870B5044695
:1012C0001C300AF0CFFF04F1700006F0EBFC04F5CF
:1012D000D8700BF06DFA2B4BC4F8B83204F53070AF
:1012E00012F03CF904F5397504F5527628461435A8
:1012F0000FF00AF8B542F9D10723C4F86C34002383
:10130000A4F870344FF4CB7002F0D6FEC4F8680431
:1013100004F2744012F022F904F5976012F01EF9FD
:10132000194B1A6812B904F52E721A60174BC4F8DB
:10133000B832174B1749196004F2D4400023142621
:101340009DB206FB05120133127C002AF8D1124B24
:101350001D80124B1A6812B1114812F027FF186055
:1013600004F58053012283F8DE2404F5A75012F01F
:10137000F5F80C4B1A680AB10B48EEE71C602046E2
:1013800070BD00BF0CE70308A43D0020946703086C
:10139000B43B002018690308B23B0020703B0020DA
:1013A00090660308E8250020AB66030873B5304D4E
:1013B00004461EF0A5FF1EF0B7FF28684FF48073A7
:1013C00080224FF4E131C06C03F0AAF8204600F00F
:1013D00009FA1EF0A9FF204601F02CF904F11C06C1
:1013E0001EF0A2FF10F0B6FA0CF086F930460BF0B2
:1013F00053F810F0AFFA0EF0BFFF10F0ABFA0EF09A
:10140000CDFF10F0A7FA1B4A06210CF0A9F91EF037
:101410008BFF0CF05DF92B68D86A03685B6898470E
:1014200010B1154812F010F904F1700502230DF106
:10143000070128468DF8073006F0DAFA94F9703083
:101440006BB194F90910002909DB30464FF4613380
:101450000522C9B20BF04CF9284606F095FC04F5BC
:10146000D8700BF0C9FA02B0BDE8704012F0CABEE5
:1014700008260020CC660308E76603080148FFF74A
:1014800095BF00BF102600202DE9F341144C154EE6
:10149000DFF86080144F20461EF09AFE134A014682
:1014A000121B134801F06EF91DF018FE0446A4B19A
:1014B000206AE1690191B04214BF251AA8EB060524
:1014C0001EF086FE019902462B46384601F05AF975
:1014D00020461DF013FE0446E9E702B0BDE8F081A6
:1014E00000010020000700200E670308000700200D
:1014F000046703080023002010B50F4C05F008F91D
:101500002368986A03680522DB69002198472368ED
:10151000986A036864211B6998472368986A03687E
:1015200028215B6898472368986A0368BDE81040E3
:101530001B690021184700BF0826002038B5054662
:1015400012F060FE334A1368C31AB3F57A7F04467B
:1015500012D9314B10601B7823B9304A536983F09C
:101560000103536110F0F6F9002110F0FDFD10F0B9
:10157000F1F9012110F0F8FD0BF0B0FD284A1368D5
:1015800041F28831E31A8B4206D9016821B1146017
:101590000289244801F0F6F8AB7ADA070AD5224A24
:1015A000136841F28831E31A8B4203D9284614604C
:1015B000FFF76AFFAB7A9B0712D41C4A1368E31A41
:1015C000132B08D9146010F0C5F910F079F810F059
:1015D000C1F910F0DFFF2846BDE8384001F056B9E8
:1015E00012F010FE43F698239842E6D91048FFF710
:1015F00083FF10481EF098FDBFF34F8F0E490F4B2D
:10160000CA6802F4E0621343CB60BFF34F8F00BFA0
:10161000FDE700BFEC25002000230020000402406D
:10162000F425002020670308F0250020F82500207D
:1016300010260020010007B000ED00E00400FA05CC
:101640000148FFF77BBF00BF1026002038B5054BCF
:101650001C6823680A461D68034B01462046A847BC
:10166000002038BD08260020FC25002010B50A4CBB
:101670002046FFF723FE094A094920461FF0E6FBF2
:1016800012F02CFA074B084A1860BDE810400749D1
:10169000074802F061BE00BF10260020C46600208B
:1016A000A112010808260020411601087D14010836
:1016B000FC250020002070477047000070470000A4
:1016C00070470000002070470020704700207047DE
:1016D00001207047704700000020704700207047CD
:1016E000002070470020704700207047002070479E
:1016F00000207047704700007047000000207047CE
:10170000C8207047012070470020704700207047B4
:10171000704700000120704700207047012070478B
:10172000012070470220704770470000704700009A
:1017300090F890308B4286BF00EB8100D0F8940087
:101740000020704790F890308B4286BF00EB8100FC
:10175000D0F89400002070470020704703207047A5
:10176000014B187C704700BF102600207047000016
:1017700008B50B4B1B68986A03680A215B68984799
:101780000848FFF7B9FEBFF34F8F0749074BCA68F8
:1017900002F4E0621343CB60BFF34F8F00BFFDE75D
:1017A000082600201026002000ED00E00400FA05C5
:1017B00013B54FF44470CDE9002102F077FC0446E4
:1017C00028B1DDE9002110F017F9024B2360204613
:1017D00002B010BDD467030810B5044602F06EFCD9
:1017E000204610BD13B5044605F0CEFD04F0B0FC54
:1017F000204605F049FD18B1B4F90030022B0BD09A
:1018000006F0B8F904F080F902230DF10601204634
:10181000ADF8063006F04CF902230DF10601204622
:10182000ADF8063006F030F902B0BDE8104005F022
:10183000FBBA0000BFF34F8F0549064BCA6802F49C
:10184000E0621343CB60BFF34F8F00BFFDE700BFE3
:1018500000ED00E00400FA0513B510220021044653
:101860008DF8072020F0B6FE054B1B68D86A036888
:101870000DF107021B6B2146984702B010BD00BF57
:1018800008260020F0B58BB0174604460E4612F02D
:10189000B9FC054603F0B2FD03464FF4C87005F5E8
:1018A000167504F58054B3FBF0F202FB103315FA01
:1018B00083F3C4F8D834FD7E35B91F4811F0C4FE57
:1018C00084F8DC540BB0F0BD384605A902F0BAF834
:1018D00007460028F6D101A8FFF7BEFF9DF8165075
:1018E00001A92A460DF1170020F01AFE28B113486D
:1018F00011F0AAFE84F8DC74E4E70F2D0CD8D4F8BC
:10190000D83484F8DC54A3F51673C4F8D8342946C7
:101910000B4811F099FED5E79DF814100029D1D09D
:10192000304619F0EFFE9DF8142094F8DE140548B7
:1019300011F08AFEC6E700BF1C6A0308476A030865
:10194000686A03088A6A030807B5104601A901F00E
:1019500043FC18B9034B9DF804201A7003B05DF8DE
:1019600004FB00BF143B002007B5104601A901F09D
:1019700021FF58B9074B9DF804101B68D86AA1F1E4
:10198000FF02036851421B685141984703B05DF85C
:1019900004FB00BF0826002008B5154B1B7833B1A7
:1019A000FF2B144B22D14FF400129A611DE012F06C
:1019B00029FC114A1368C31A642B16D90F49106009
:1019C0000B78013303F00F024FF4AA43D34013F016
:1019D000010F4FEA43130A7003F020030CBF4FF4CA
:1019E000001200221343034A936108BD2022DCE762
:1019F000143B002000040240503B00204D3B0020DF
:101A000038B5084615461C4619F084FE60B99DF8A5
:101A10001030022B07D1012C05D127A3D3E90023D5
:101A2000C5E90023012038BD282C29D00DD8601E1F
:101A300083B20A2B16D80A2814D8DFE800F01D1349
:101A4000131325131313132D290040F6B9339C42A9
:101A50002ED009D840F226439C4225D040F24C4378
:101A60009C421DD00020DEE744F620639C42F9D161
:101A700013A3D3E90023D3E713A3D3E90023CFE7CC
:101A800013A3D3E90023CBE713A3D3E90023C7E7CC
:101A900013A3D3E90023C3E713A3D3E90023BFE7CC
:101AA00013A3D3E90023BBE713A3D3E90023B7E7CC
:101AB00013A3D3E90023B3E7401DA12026812A0BFD
:101AC000A1A6A1951A7065E99E6AC421818A46EE95
:101AD00026417272DF25D7B7F017304A39059E5676
:101AE000D5A4D139F922B6A7CDD269EBC51A133BDB
:101AF00003806A5575F30087011517CB0E03561F37
:101B0000E9A2A272EAE738B113B59DF81040CDE919
:101B1000003413460A460146806AFFF771FF02B09F
:101B200010BD000070B500F580560D46D6F8D444BF
:101B30007CB90C2101201EF005FAC6F8D40408B9BE
:101B4000002070BD056084600430FAE72646A46872
:101B500024B12368AB42F9D1201DF2E70C2101200A
:101B60001EF0F0F9B0600028EAD00560B3689C6010
:101B7000B068E9E72DE9F04190B000F5A751BDF854
:101B800058700446164601A840F22242984602F0D8
:101B900021FC012F0ED146EA07412046FFF7C2FF84
:101BA000054670B9002401A802F030FC204610B0B0
:101BB000BDE8F08104F2045019F0ACFD0028EAD130
:101BC000F0E73822002102A820F004FD02238DF85E
:101BD00008309DF85C308DF82030189B0993BDF8D3
:101BE0006430ADF82830CDE90468ADF81870079579
:101BF00012F010FB0C4BC01841F10001CDE90C01B3
:101C000004F2045002A919F087FD084B0028D5BF43
:101C10009A881A6801321218D4BF9A801A60002874
:101C2000D4BF00240124BEE740420F00183B00202F
:101C300030B58FB014460D4638220021684620F09A
:101C4000C9FCDDE91223CDE90223BDF85030ADF81F
:101C5000103004F119030593A37E8DF81830159BFD
:101C60000793BDF85830ADF8203012F0D3FA0D4B81
:101C7000C31841F100016A46CDE90A312846E17EE8
:101C800019F08EFD084B0028D5BF9A881A680132DA
:101C90001218D4BF9A801A600028D4BF00200120F7
:101CA0000FB030BD40420F00183B0020F0B591B09E
:101CB00004460E46104608A9154601F08BFF88BB66
:101CC0009DF82030012B11D105F054FF03F01CFFCB
:101CD00005F0AAF805F058FB164904F1700005F06C
:101CE000FDF9154904F5D87005F0F8F91022002126
:101CF00006AF0CA820F06EFC012239460CA88DF826
:101D0000382001F08BFF0A23029308A3D3E90023B4
:101D100080B2CDE90370CDE9002331462A46204642
:101D2000FFF786FF11B0F0BDAFF30080CDD269EBB5
:101D3000C51A133B687003080C7D03082DE9F041B8
:101D4000ADF5487D66AC05460E46174600214FF4BA
:101D5000C472204620F03EFC12F054FA2F4B4FF490
:101D60007A72B0FBF2F0186093E8070084E807008D
:101D700002F098F9037C237402F094F9437C6374B5
:101D80000323A374264B5A6962610DF5DD709A68CE
:101D9000DB68A261E361FFF75FFD43F61853EA6871
:101DA0002384204B002A18681F4B29DDCDE900321F
:101DB0000DF2CB211D4BC06A502202F099FC50213C
:101DC0000DF2CB2021F0F2F80DF11C0884F832015D
:101DD00041460122204601F007FD012302930DA395
:101DE000D3E9002380B2CDE90380CDE90023314659
:101DF0003A462846FFF71CFF0DF5487DBDE8F08107
:101E0000009350220A4BC06A0DF2CB2102F070FC05
:101E1000D5E700BF9E6AC421818A46EE083B0020B8
:101E20002002010808260020AF6A0308A86A0308F8
:101E3000727703082DE9F0411546ADF5866D06462B
:101E40000F461EF071FA08A9284601F0FDFE04466F
:101E5000002840F09F8001464FF4D072A4A820F0E3
:101E6000B9FB9DF8B880B8F1100F7ED808F1FF33A8
:101E70000F2B2BD842460DF1B9010DF2D13020F0D5
:101E80005FFB424651490DF1B90021F067F8024667
:101E9000B0B94F480DF11F0104F048FB0446002C77
:101EA00063D09DF8B83073B39DF828305BB39DF8CC
:101EB0001F20013A032A6DD8DFE802F01C2E3841BA
:101EC00022460DF11F010DF2D130E5E7BDF82000EB
:101ED000479447AA0DF11F0105F076FC044600283F
:101EE00043D0012300930DF2D132112347A904F00E
:101EF00059FAD4E7012B4DD10C9B8DF81C3147A921
:101F0000204605F0ADFD9DF81F30013B032B41D865
:101F1000DFE803F01C444A4F012B3BD10C9BADF88A
:101F20001C3147A9204605F0DDFDECE7012B31D13E
:101F30000C9B479347A9204605F00CFEE3E7022BD4
:101F400028D10CA9204605F03FFDDCE701238DF8E0
:101F5000903294F90030DA17CDE9A6325C210DF207
:101F6000D13021F023F88DF8D00347AC012221466F
:101F7000A4A801F091FF0B23029312A3D3E900233D
:101F800080B2CDE90340CDE9002339462A463046E8
:101F9000FFF74EFE0DF5866DBDE8F08101238DF84B
:101FA0009032B4F90030D6E701238DF890322368DF
:101FB000D1E702238DF890322368A693CEE700BFC5
:101FC000AFF30080D5A4D139F922B6A7BC6A0308C3
:101FD000C56A03082DE9F04FDFF8D8A08BB0804622
:101FE00008F20459484619F017FC0546002858D055
:101FF0000024007E0694CDE90744ADF8244002F0A9
:102000006FF92A7E8DF8240005F1100107A820F051
:1020100097FA2B6843F00043069312F0FBF8224B2B
:102020000390C218DAF804000E4641F1000308F5E7
:10203000805760B30168009409690D4606A9A84756
:10204000A04224DCDAF8040003689B6A9847D0E9D0
:102050000A23CDE9042312F0DDF8DDE90423801A18
:1020600061EB0301114B834274EB01030FD397F82B
:10207000DD34072B12D90E4A87F8DD4493880133EB
:1020800093804846039A334619F0D4FB09E048464A
:1020900019F0C6FB002387F8DD34A1E7013387F888
:1020A000DD340BB0BDE8F08F40420F007F841E008E
:1020B000183B0020383B00202DE9F0414FF0005341
:1020C000DFF8E0801B684345FCB005460C46164629
:1020D00004D03148DC22002120F07CFA4FF0005778
:1020E00049A9C7F80080304601F0F8FC002849D122
:1020F0009DF824313B750BB9F37E3B759DF8252186
:1021000026480DF5937120F01BFA204619F002FBCA
:102110004FF0005307AF58758122002128A820F006
:1021200059FA3946012228A801F01EFD28230293FE
:1021300017A3D3E9002380B2CDE90370CDE90023D2
:10214000214632462846FFF773FD154F3326013EE0
:1021500016F0FF06284608D0FFF73CFF3B68986A58
:10216000036801215B689847F1E7FFF7C5F920464E
:1021700019F0D0FA40F0304040F400201DF0D4FFB8
:10218000FFF758FB7CB0BDE8F08100BFAFF30080E3
:1021900026417272DF25D7B7040000201600002008
:1021A000082600209AAD44C513B50446084601929E
:1021B000009119F0AFFADDE9001258B9137E022B35
:1021C00027D1D38A012B24D1204602B0BDE810408C
:1021D000FFF758BBD38A282B2DD00DD8013B98B2DE
:1021E0000A2816D80A2B14D8DFE803F01F1313139C
:1021F0002B13131313403A0040F6B930834247D0F3
:1022000009D840F2264083423CD040F24C40834201
:1022100032D002B010BD44F620608342F9D120468E
:1022200002B0BDE81040FFF78FBB204602B0BDE80A
:102230001040FFF783BD204602B0BDE81040FFF715
:102240003BBF164811F000FA154B1B68986A0368EB
:102250000A215B6898472046FFF74EF9FFF7EAFA34
:10226000204602B0BDE81040FFF7E4BD204602B0B2
:10227000BDE81040FFF71ABD204602B0BDE810408F
:10228000FFF772BB204602B0BDE8104000F0F4BB7F
:10229000204602B0BDE8104000F018BED06A030826
:1022A000082600200A460146806AFFF77DBF00002D
:1022B00011311B4B112912D8DFE801F02D292521FE
:1022C0001D1519151111111111110D1111099A680E
:1022D00001329A6070479A8901329A817047DA898F
:1022E0000132DA8170475A8B01325A8370471A8B58
:1022F00001321A8370471A8A01321A8270475A8A49
:1023000001325A8270479A8B01329A8370479A8AB7
:1023100001329A827047DA8A0132DA82704700BF4E
:10232000183B00202DE9F04F374E97B00023CDE940
:102330000B330A93ADF8343073680446002B5FD03A
:10234000324D01274FF0000A4FF0000B70688DF8F6
:1023500014704FF000088DF815800368CDE900ABCC
:102360000DF11502D3F8089005A94346C8479DF81A
:102370001430002B44D0414620220EA820F02AF928
:102380007068036806AAD3F814800AA90DF1160331
:10239000C047002834DD9DF8340001F0BDFF0BA9D3
:1023A00002468DF8500012A820F0CAF804F2045832
:1023B0000A9B0E930EA9DDE90623404619F068FC3E
:1023C00010F10D0F014603D02046FFF771FFBDE766
:1023D0000E9819F04DFC03900E9819F043FC039BE6
:1023E000CDE9000708AA41462046FFF709FB18B9C6
:1023F0006B8B01336B83A9E72B8A01332B82A5E713
:1024000017B0BDE8F08F00BF383B0020183B00201C
:1024100007B500F20451684619F0EEFBBDF8040060
:1024200064235843BDF80030B0FBF3F080B203B032
:102430005DF804FBF0B597B0044611F0E3FE4FF4ED
:102440007A73B0FBF3F0434B434D1B682860D86AA6
:1024500003685B6D98474FF6FF73984228BF184694
:1024600028810EA90122284601F070FA0EAB80B235
:102470000293182240F255130025CDE90032039053
:102480002EA3D3E9002304952046FFF773FBA37A1C
:1024900059074ED501220EA93048314F00F00CFFEC
:1024A0000EAB80B202931F264FF4AB73CDE900361A
:1024B000039024A3D3E9002304952046FFF75AFB99
:1024C000786803689B6A9847002832D03A788DF87C
:1024D000382002680F924268ADF840208268ADF85B
:1024E0004220C268ADF844200269ADF84620426936
:1024F000ADF8482082691392C269ADF85020026A93
:10250000ADF8522007AF436AADF854300122394686
:102510000EA800F07BFE40F2571380B2CDE90270A6
:102520000093049509A3D3E9002301962046FFF701
:1025300021FB17B0F0BD00BFAFF30080F1C6A7C10B
:10254000D068080FD1F886A9B8E33A76753CA33C69
:10255000AE0C08CE08260020083B0020183B0020C7
:10256000383B0020F0B506468DB000F2045019F05B
:10257000D1F82E4D20B100232B7001200DB0F0BDFD
:1025800011F040FE2B7804463BB13046FFF740FF88
:1025900001210246264811F057F802F02FFF4FF4B0
:1025A000C87306F58057B0FBF3F202FB130304F582
:1025B000167010FA83F000238DF8183097F8DC3489
:1025C000C7F8D80423B901228DF8182087F8DE3423
:1025D00008A8FFF741F997F8DC14C1F11004E4B240
:1025E000062C28BF062408AB224619440DF1190019
:1025F0001FF0A6FF013406AB002502931822012329
:10260000E4B2CDE90032049506A3D3E90023039494
:102610003046FFF7AFFA87F8DC542846AEE700BF34
:10262000AFF30080401DA12026812A0B002300204B
:10263000E06A030870B5244D244E4FF4807386B0D1
:10264000AB80044611F0DEFD4FF47A73B0FBF3F07B
:1026500028606288B4F902307F2A98BF33700DF188
:102660001701002304F108008DF8173005F0F8F980
:1026700041F2381001F01AFD054608B110F05EFB7A
:10268000134B1D60134B00225D601A702DB12B6837
:1026900061685B680122284698470F4B009304F25B
:1026A000045004F234510D4B01944FF47A620390BC
:1026B00018F0FCFF3178039821B106B0BDE87040F6
:1026C00019F020B806B070BD083B0020543B002034
:1026D000403B0020383B0020091B0108A5220108CF
:1026E00030B50628134698BF1D4AC7B098BF155C81
:1026F00007930C464FF07C024FF0000127A888BFDB
:1027000000251FF067FF079B22465A210DF1BE00EE
:1027100010F050FF5A2828BF5A2008AC8DF8BD0091
:102720002146012227A88DF89C5001F037F900239B
:10273000049380B243F6FF731822CDE90240CDE93D
:102740000032084804A3D3E90023FFF713FA47B087
:1027500030BD00BFAFF30080759D040C8EA454D62D
:102760009C6B0308102600200EB403B503AA52F890
:10277000041B0192FFF7B4FF02B05DF804EB03B055
:10278000704700000FB407B504AA072052F8041BD5
:102790000192FFF7A5FF03B05DF804EB04B07047AA
:1027A00037B5044600F2045019F044F82046FFF70C
:1027B0002FFE462802D92B4810F046FF2046FFF78F
:1027C00039FE94F90850002D38D0002304F1080098
:1027D000EDB201A98DF8043005F042F92A2D224C02
:1027E0000AD1224D2846FFF7CDFF2368986A036877
:1027F00064215B689847F5E72B2D04D11C48FFF74F
:10280000C1FF1C4B98474FF4FA6101A801F0C8FDC5
:102810002468A06A03684FF47A715B689847E06A9D
:1028200003689B6A984718B1012816D0124800E047
:102830001248FFF7A7FF01A801F0BEFD104B0022D0
:102840005A7111F0DFFC47F23053984207D90D4816
:1028500003B0BDE830401DF067BC0B48E9E703B0AA
:1028600030BD00BF186B030808260020366B030834
:10287000476B030838ED00E0826B0308576B0308D1
:10288000083B0020263A09B06C6B0308F7B50446F4
:1028900011F0B8FC35490B68C31A322B05461BD919
:1028A000334B1B78C3B13348037801229A4022F49A
:1028B000AA4222F055021204120C002A0DBF012672
:1028C00000260122002242EA064201332A4E03F08A
:1028D0001F03B26103700D6011F094FC04F5805386
:1028E000D3F8D834984202D92046FFF73BFE234A5A
:1028F0001368EB1AB3F57A7F07D3156011F08AFCE1
:1029000002460B462046FFF74BFF204600F046F8F4
:10291000204600F0C5F8204600F082FB2046FFF775
:102920003BF811F069FC164F054604F5A75611F067
:1029300063FC401BB0F57A7F16D23B68986A036847
:102940004FF480619B6898474FF4F362314601A8C9
:1029500001F040FD2046FFF73DFB2046FFF7E2FC7B
:1029600001A801F053FDE2E703B0F0BD483B0020B1
:10297000002300204C3B002000040240443B002088
:102980000826002010B590F80511044609F048FF0C
:102990006423C0B203FB0044A06E10BD70B52DEDE2
:1029A000048B90F9B5319EB00446002B58D090F8B6
:1029B000B332002B54D011F025FCD4F8D834C01A0F
:1029C00027284DD904F5D875284609F051FF284627
:1029D000D4F8D864FFF7D6FF864241D094F8B512F8
:1029E000284609F03FFF00283AD02846FFF7CAFFE3
:1029F00094F8B512C4F8D804284609F011FF6423EE
:102A0000C0B203FB00409FED1B0A00F5037002F00B
:102A10001BFD0AAD2822002114A8B0EE409AF0EE6A
:102A2000608AB0EE418A1FF0D5FD0122294611A827
:102A30008DED119ACDED128A8DED138A00F098FC80
:102A4000002380B21822049340F2E933CDE902500A
:102A5000CDE90032204605A3D3E90023FFF78AF829
:102A60001EB0BDEC048B70BDAFF30080F2C20B460C
:102A7000A9D4A7E26F12833A10B5A2B001A9044607
:102A8000104600F051FE014638B99DF805300DF1B1
:102A9000060204F1700005F02FFE22B010BD000008
:102AA0002DE9F04390F97030ADF52D7D0446002BF3
:102AB00000F0EF8100F17005284605F019FD94F84B
:102AC0008061D4F8DC2404EB0613D3F8BC309A42BE
:102AD00000F0DF81C4F8DC344FF4D072002144A848
:102AE0001FF078FD94F8AC3133B9B02303FB0643F3
:102AF00093F8C930012B0CD894F8E8744FB911F051
:102B000089FB00220023CDE94401CDE946230023BF
:102B100013E0012384F8E8343146284605F096F99D
:102B2000CDE9440194F88011284605F0EBF950EA0C
:102B30000103CDE94601EAD00223B02202FB06429E
:102B40008DF82031D2F8E0100A2381FB0310CDE983
:102B50004A10D2F8DC10D2F8D82081FB0310CDE95E
:102B60004C10534394F8801108AA2846CDE94E33FF
:102B700005F08CFD78B14E9BDDED086A9FED4F7A34
:102B8000079307EE903AF8EEE77AE6EEC77AFDEEA5
:102B9000E77ACDED4E7AB02303FB065203FB0646DF
:102BA0008C32D6F8FC1050915168519194F88011F4
:102BB0009268529203FB014393F8FA208DF84C215E
:102BC00093F8C92094F8AC313BB9062A0AD8DFE85B
:102BD00002F004045D6163696E0000238DF84D31DD
:102BE000ADF84E31062309AA28468DF8503105F07C
:102BF00019F938B1DDED097A67EEA77ACDED567A8D
:102C0000CDED557A94F880110AAA284605F014F9FA
:102C100028B1DDED0A7A67EEA77ACDED577A0BAFD2
:102C200094F880113A46284605F0F2F848B1D7EDFD
:102C3000007A67EEA77ACDED5A7ACDED597ACDEDCF
:102C4000587A9DF850119FED1E7A1E48DFED1E6ADE
:102C50009FED1E6A55AB0022D6B2B14238D9D3EDF2
:102C6000007AF0EEE75AF4EE475AF1EE10FA09DC7A
:102C7000F4EEE67AF1EE10FA04D9F4EEC67AF1EE4B
:102C800010FA00DB186001320433E5E702228DF808
:102C90004D21A5E70322FAE703238DF84D3140F2D9
:102CA00001139DE703238DF84D31022398E7032399
:102CB0008DF84D314FF4817392E700BF00007A44E4
:102CC000FFFF7F7F0000C07F00EF7FC700EF7F47DF
:102CD0000CAE3146012244A800F00AFC4FF0000877
:102CE00080B240F227434FF01809CDE90260CDE9E8
:102CF0000039CDF8108073A3D3E900232046FEF7F6
:102D000039FF2022414644A81FF064FC94F880312A
:102D1000DFED696AB02202FB03433146B3F8F620C7
:102D2000B3F8F83007EE102A07EE903AB8EEC77AFB
:102D3000F8EEE77A27EE267A67EEA67A012244A813
:102D40008DED467ACDED477A00F05CFB40F22543ED
:102D500080B2CDE902600093CDF8108050A3D3E992
:102D60000023CDF804902046FEF704FF94F880116C
:102D7000CDF818812846CDE9448805F05DFC94F92A
:102D800092308DF814013BB1284605F065FC18B966
:102D9000469B43F0010346939DF8143143B10AA9C1
:102DA000284605F0EFFB18B9469B43F00203469313
:102DB00094F880113A46284605F05EFC08B13B685D
:102DC00044930122314644A800F0EAF90023049319
:102DD00080B244F623634FF01809CDE90260CDE9D3
:102DE0000039204630A3D3E90023FEF7C3FE94F850
:102DF000AD31002B4DD194F88011B02303FB01437A
:102E000093F81C31002B44D0D4F8E484B8F1000FBF
:102E10003FD100970AAB09AA284605F06FFDC0B361
:102E20003B68D4F8E0249A4233D0DDED0A7A9FED76
:102E3000237ADFED236AC4F8E034F4EEC77A9DED1F
:102E4000097AADF812810122F1EE10FA27EE267A06
:102E500067EEA67AACBF13460023314644A88DF82E
:102E600010218DF811318DED457ACDED467A00F0C7
:102E700069F944F6226380B2CDE902600093CDF88F
:102E800010800BA3D3E90023CDF804902046FEF771
:102E900071FE0DF52D7DBDE8F08300BFAFF300801E
:102EA000D2BFDBC3C4BDE89B697F00BBABB43CBAF7
:102EB0001234EDEC39AE5C310AD7233C000000340B
:102EC00035FA8E3C5F43370F00E741CAF0B5A5B035
:102ED00004460E46104603A9154601F07DF8002869
:102EE00040F0908030469DF80D7018F013FC87423A
:102EF00040F08880D4F8EC34002B75D09DF90E306A
:102F00005A1C01D194F90930002B7BDB424A092B72
:102F1000106877DC03F1100250F82260002E71D0A7
:102F200094F9F81499420BD0D4F8F42442B1C9B200
:102F300009294FF000026DD8103150F821100A61B4
:102F400084F8F834D4F8F434B34208D0D4F8EC045C
:102F500001F072FC0023C4F8F464C4F8FC34D4F823
:102F6000F40400284ED09DF80F3094F8006503F06B
:102F7000010284F8002502B1284A114601F0E0FA66
:102F8000EB7E84F8F9349DF80C30049984F8FA3417
:102F9000D4F8FC34994200D17EB994F800354BB195
:102FA00041B11E4B00934FF40063D4F8F4041A4669
:102FB00001F0D6FA049BC4F8FC34D4F8F434D4F805
:102FC000EC241A6111F01EF99DF81420C4F8F004E5
:102FD000C2B194F80035D4F8F404ABB10F4B0DF145
:102FE000150101F0CBFA0DE0142001F05FF8064660
:102FF00018B14FF4806101F0CFFBC4F8EC64002EEF
:103000007FF47CAF25B0F0BD03680DF11501DB68DE
:103010009847F7E71261FFDE08260020E460E4F23B
:103020002DE9F043D0F8F434C9B00446D3B190F898
:10303000F934BBB1D0F8EC34A3B1D0F8F05411F0AE
:10304000E1F840F6B733401B984294F800350CD9AC
:103050002BB10022D4F8F404114601F071FA0023D8
:10306000C4F8F43449B0BDE8F08373B1344E082598
:10307000D4F8F4043346782227A901F08FFA002807
:1030800003DD013D15F0FF05F2D12BA7D7E900675D
:103090004FF00908D4F8EC0401F0E0FB0028E1D07F
:1030A00008F1FF3818F0FF08DCD0D4F8EC0406A9CA
:1030B00001F084FC069D8146002DD3D0842200219E
:1030C00027A81FF087FA94F8F9348DF89D3094F80A
:1030D000FA348DF89C30782DD4F8FC3428932A46A5
:1030E00094F8F8348DF89E3028BF7822494607AD11
:1030F0000DF1A50006928DF8A4201FF021FA0122FF
:10310000294627A800F01CFF002380B21022049358
:1031100040F6B933CDE90032CDE9025032463B46A4
:103120002046FEF727FD00289CD00699D4F8EC0431
:1031300001F0C8FBAEE700BFE9A2A272EAE738B12E
:10314000E460E4F237B50C460021054621602171A8
:1031500003460122204618F007FD01226B1C114690
:10316000204618F001FD95ED010A18F04DFD0DF116
:103170000603ADF8060010220221204618F0F4FCE8
:1031800095ED020A18F040FD0DF10603ADF80600BA
:1031900010222046122118F0E7FC052003B030BDB4
:1031A00013B504460846002101602346C0F8031009
:1031B0002022019018F0D8FC0198231D0122202123
:1031C00018F0D2FC019804F108031722212118F00D
:1031D000CBFC072002B010BD13B50446007F10B130
:1031E000A38A012B0CD800230091082219462046FF
:1031F00018F07CFB237FA08A23B9B0FA80F0400945
:1032000002B010BD013818BF0120F9E770B50C46B7
:10321000192605463246002120461FF0DBF92B46D1
:1032200020460822002118F09FFC2B1D204620225A
:10323000082118F099FC05F10803204610222821E6
:1032400018F092FC05F10A0320461022382118F0EC
:103250008BFC05F10C0320461022482118F084FC59
:1032600005F10E0320461022582118F07DFC05F1CF
:10327000100320461022682118F076FC05F1140393
:1032800020462022782118F06FFC05F11803204613
:103290001022982118F068FC05F11A03204610222C
:1032A000A82118F061FC204605F11C031022B8216A
:1032B00018F05AFC304670BD70B50C461C26054609
:1032C0003246002120461FF085F92B462046202259
:1032D000002118F049FC2B1D20461022202118F057
:1032E00043FC05F1080320462022302118F03CFC65
:1032F00005F10C0320461022502118F035FC05F191
:103300000E0320461022602118F02EFC05F1100358
:1033100020461022702118F027FC05F112032046E8
:103320001022802118F020FC05F114032046102201
:10333000902118F019FC05F1160320461022A02157
:1033400018F012FC05F1180320461022B02118F0E5
:103350000BFC05F11A0320461022C02118F004FCD2
:103360002046AB191022D02118F0FEFB304670BD6C
:103370002DE9F3410E460446174600211922304636
:103380001FF028F9A0460025B8EC010A18F03CFC13
:103390002946ADF806000DF106031022304610351F
:1033A00018F0E2FB302DEFD1237B092B28BF092336
:1033B0008DF805303FB929460DF10503042230464A
:1033C00018F0D2FB342510344FF000089DF805307A
:1033D000984505EB081704D3F81DC00802B0BDE8F6
:1033E000F081B4EC010A18F00FFC0DF10603ADF802
:1033F000060010223946304618F0B6FB08F10108E5
:10340000E4E7000073B50C4610260546324600215D
:1034100020461FF0DFF895ED000A18F0F5FB0DF1DE
:1034200006033246ADF806000021204618F09CFB4A
:1034300095ED010A18F0E8FB0DF10603324631461E
:10344000ADF80600204618F08FFB95ED020A18F043
:10345000DBFB0DF106033246ADF8060020212046C5
:1034600018F082FB95ED030A18F0CEFB0DF1060370
:103470003246ADF806003021204618F075FB95ED78
:10348000040A18F0C1FB0DF106033246ADF8060040
:103490004021204618F068FB95ED050A18F0B4FBB2
:1034A0000DF106033246ADF806005021204618F013
:1034B0005BFB95ED060A18F0A7FB0DF10603ADF8CE
:1034C000060032462046602118F04EFB05F11C0331
:1034D00020460722702118F047FB204605F11D0306
:1034E0000622772118F040FB304602B070BD000084
:1034F0002DE9F3470D460446002190462846DE227A
:103500001FF068F8234638220021284618F02CFBCB
:103510003822114604F10803284618F025FB04F16F
:10352000100303227021284618F01EFB04F111033A
:1035300008228021284618F017FB04F118032522E1
:103540008821284618F010FB04F120032522AD2124
:10355000284618F009FB04F128031B22D221284633
:1035600018F002FB04F12C031B22ED21284618F071
:10357000FBFA04F1300320224FF48471284618F03E
:10358000F3FA04F1340320224FF49471284618F022
:10359000EBFA04F1380320224FF4A471284618F006
:1035A000E3FA04F13C0306224FF4B471284618F004
:1035B000DBFA04F13D0302224FF4B771284618F0FC
:1035C000D3FA04F13E0304224FF4B871284618F0F0
:1035D000CBFA04F13F0306224FF4BA71284618F0E3
:1035E000C3FA94F84030242B28BF24238DF80330ED
:1035F00006220DF103034FF4BD71284618F0B4FA0A
:1036000004F1440A4FF4C0774FF000099DF80330ED
:10361000994507F110062BD394ED350A18F0F4FA0A
:103620000DF10603ADF8060010223946284618F0C1
:103630009BFA94F8D830012B28BF01238DF8043071
:10364000B8F1000F07D1314601AB0122284618F02E
:103650008BFA07F1110604F586744FF000099DF806
:103660000430994515D3F01DC00802B0BDE8F087BD
:10367000BAEC010A18F0C8FA3946ADF806000DF1A7
:1036800006031022284618F06FFA09F1010937469F
:10369000BCE7A4F12C0A06F16007B0465346414648
:1036A0002022284608F1200818F05EFA47450AF162
:1036B000040AF3D1A4F11C0806F1CC0A43463946AA
:1036C00024222846243718F04FFABA4508F1080892
:1036D000F4D114F8043C242B28BF24238DF80530A2
:1036E00006F1D2010DF105030622284618F03CFA36
:1036F000D836A04600279DF805309F4203D309F134
:103700000109C034ABE7B8EC010A18F07DFA314684
:10371000ADF806000DF106031022284618F024FA31
:1037200010360137E7E70000F7B5047F05460E467F
:103730002CB1838A822B02D9012003B0F0BD002373
:10374000009608221946284618F0D0F8DCB9731CF8
:103750000822009311462346284618F0C7F8102483
:103760007378802BE8D8012372785F1C013B934269
:1037700010D32B7FA88A0734E408B3B9844294BFDE
:1037800000200120D9E7AB8ADB00083BDB0873701F
:103790000824E5E7F3190093214600230822284670
:1037A00018F0A4F808343B46DEE7201A18BF0120C1
:1037B000C3E7000013B50446007F10B1A38A012BB4
:1037C0000CD80023009108221946204618F08EF8E4
:1037D000237FA08A23B9B0FA80F0400902B010BD5F
:1037E000013818BF0120F9E72DE9F3470D460446DB
:1037F00000219046284640F279121EF0EBFE234647
:1038000020220021284618F0AFF9231D0222202192
:10381000284618F0A9F9631D03222221284618F032
:10382000A3F9A31D03222521284618F09DF904F1D0
:10383000080310222821284618F096F904F11003F5
:1038400008223821284618F08FF904F111030822C4
:103850004021284618F088F904F112030822482173
:10386000284618F081F904F114032022502128463B
:1038700018F07AF904F1180340227021284618F054
:1038800073F904F120030822B021284618F06CF9DE
:1038900004F121030822B821284618F065F904F143
:1038A0002207C0263B46314608222846083618F033
:1038B0005BF9B6F5A07F07F10107F3D194F8323038
:1038C0008DF8073031460DF107030822284618F01D
:1038D0004BF9002604F1330A9DF807304FEAC60978
:1038E0009E4209F5A47720D394F83231502B28BF9B
:1038F00050238DF80730B8F1000F08D139460DF18B
:1039000007030722284618F02FF909F24F1700265F
:1039100004F233149DF807309E4207EBC6010DD325
:103920000731C80802B0BDE8F0870AEB0603082299
:103930003946284618F018F90136CDE7A3190822B0
:10394000284618F011F90136E4E7000013B50446E3
:103950000846002101602346C0F803102022019090
:1039600018F002F90198231D0222202118F0FCF81A
:103970000198631D0322222118F0F6F80198A31D77
:103980000322252118F0F0F8019804F10803102211
:10399000282118F0E9F8072002B010BD2DE9F34105
:1039A0000D4604460021164628467B221EF012FED4
:1039B000234603220021284618F0D6F863781F2BEF
:1039C00028BF1F238DF8063005220DF106030321C1
:1039D000284618F0C9F801239DF80620DF0003F1FE
:1039E0000108013B9A421CD894F821305A2B28BF79
:1039F0005A238DF807303EB939460DF107030722E7
:103A0000284618F0B1F80737002622349DF8073011
:103A10009E4207EBC6010DD30731C80802B0BDE8CE
:103A2000F08104EB080308223946284618F09CF878
:103A30004346D1E7A3190822284618F095F8013625
:103A4000E4E70000F7B5047F05460E462CB1838AF3
:103A5000122B02D9012003B0F0BD00231946072222
:103A60000096284617F042FF731C009301220023A2
:103A70000721284617F03AFFD4B9B31C009305225A
:103A800023460821284617F031FF0D24B378102B68
:103A9000E0D83746B278BB1B934210D32B7FA88A5D
:103AA0000734E408B3B9844294BF00200120D2E770
:103AB000AB8ADB00083BDB08B3700824E6E7FB1C9D
:103AC0000093214600230822284617F00FFF0834F0
:103AD0000137DFE7201A18BF0120BCE7F7B5047FE4
:103AE00005460E462CB1838ACA2B02D9012003B0A9
:103AF000F0BD0023194600960822284617F0F6FE6E
:103B0000731CD4B90822009311462346284617F0A7
:103B1000EDFE10247378C82BE8D8012372785F1C5F
:103B2000013B934210D32B7FA88A0734E408B3B932
:103B3000844294BF00200120D9E7AB8ADB00083B18
:103B4000DB0873700824E5E7F3190093214600238E
:103B50000822284617F0CAFE08343B46DEE7201A42
:103B600018BF0120C3E70000F7B50D460446002149
:103B70001646284681221EF02DFD234608220021EC
:103B8000284617F0F1FF94F901206378002AB8BFA6
:103B90007F238DF807309EB90DF107030722082116
:103BA000284617F0E1FF0F27002602349DF8073062
:103BB0009E4207EBC60105D30731C80803B0F0BD2C
:103BC0000827F1E7A3190822284617F0CDFF013690
:103BD000ECE7000037B50446007F0D4610B1A38A1C
:103BE000072B15D8002319460095082220460835D2
:103BF00017F07CFE0123009530220821204617F0A3
:103C000075FE237FA08A2BB906288CBF00200120D7
:103C100003B030BD073818BF0120F9E738B50C46AE
:103C2000002121600546C4F80310034630222046D7
:103C300017F09AFF204605F108030122302117F002
:103C400093FF072038BD00002DE9F04390F81C8059
:103C500085B006460D46B8F1000F06D0838AE02BEA
:103C600003D9012005B0BDE8F083002319460D22D9
:103C70000095304617F03AFE0DF10F030093032232
:103C800000230D21304617F031FE9DF80F30042B34
:103C9000E7D82B72013B032B03D8DFE803F0253074
:103CA0003B461024B8F1000F5FD105F19803009353
:103CB000214643460722304617F018FE073495F890
:103CC00098305C2BCDD82F4695F898207B1B9342DB
:103CD00052D3337FB08A0734E408002B58D1844292
:103CE00094BF00200120BDE705F11003009340229E
:103CF00001231021304617F0F9FD5024D2E705F1D9
:103D000010030093202201231021304617F0EEFD0E
:103D10003024C7E705F11003009308220023102187
:103D2000304617F0E3FD1824BCE705F110030093BB
:103D3000082200231021304617F0D8FD2B7C802B61
:103D40008FD8002705F111092B7CFC009F4204F15C
:103D50001804A7D209EB0703009308220023214689
:103D6000304617F0C3FD0137EEE7B38AC4EBC30357
:103D7000DB0885F89830A2E707F199030093214604
:103D800000230822304617F0B1FD083401379BE7C5
:103D9000201A18BF012065E7F7B50C4613780968AB
:103DA0008DF8063015460DF106030322064617F07E
:103DB000DBFE2168033121602B78013B032B0CD8FB
:103DC000DFE803F0020D161F05F10803402230461C
:103DD00017F0CAFE23684033236003B0F0BD05F13D
:103DE00008032022304617F0BFFE23682033F3E794
:103DF00005F108030822304617F0B6FE23680833A1
:103E0000EAE72B7A802B28BF80238DF80730082221
:103E10000DF10703304617F0A7FE2368083323602F
:103E2000002709359DF807309F42D6D2EB1921684B
:103E30000822304617F098FE2368083323600137C4
:103E4000F0E7000073B50C46137809688DF8073069
:103E500015460DF107030222064617F085FE21687C
:103E6000023121602B78012B03D0022B0BD002B042
:103E700070BD05F108034022304617F075FE236837
:103E800040332360F3E705F108032022304617F0A2
:103E90006BFE23682033F4E773B50D46044600211A
:103EA0001646284640F273121EF094FB0523224664
:103EB00001A928460193FFF76FFF019B04F19002CF
:103EC000053301A928460193FFF766FF019B04F51E
:103ED0009072063301A928460193FFF7B3FF019BB7
:103EE00004F59872063301A928460193FFF7AAFF4B
:103EF00094F840315C2B28BF5C238DF803304EB919
:103F00000DF1030301990722284617F02DFE019BAE
:103F100007330193002604F241149DF80330019900
:103F20009E4203D30731C80802B070BDA31908220E
:103F3000284617F019FE019B083301930136ECE780
:103F4000F7B50D4604460021164628467F221EF08E
:103F500041FB234608220021284617F005FE631C7A
:103F600007220821284617F0FFFDA31C05220F2178
:103F7000284617F0F9FDE31C04221421284617F007
:103F8000F3FD1822231D1146284617F0EDFD237A74
:103F9000782B28BF78238DF807309EB90DF10703E1
:103FA00007223021284617F0DFFD37270026093485
:103FB0009DF807309E4207EBC60105D30731C808BC
:103FC00003B0F0BD3027F1E7A3190822284617F007
:103FD000CBFD0136ECE70000F7B5047F05460E4641
:103FE0002CB1838A7F2B02D9012003B0F0BD0023BE
:103FF000194608220096284617F078FC731C009397
:10400000072200230821284617F070FCB31C0093F8
:10401000052201230F21284617F068FCF31C0093AA
:10402000042200231421284617F060FC331D1822B7
:10403000009311460023284617F058FCDCB906F11E
:1040400008030093072223463021284617F04EFC30
:104050003724337A782BC7D83746327ABB1B934242
:1040600010D32B7FA88A0734E408BBB9844294BFDD
:1040700000200120B9E7AB8ADB00303BDB0833725C
:104080003024E6E707F109030093214600230822C4
:10409000284617F02BFC08340137DEE7201A18BF3A
:1040A0000120A2E700487047106C030801218842F4
:1040B00038BF08461BF046BFFFF7F8BF08B11BF03A
:1040C00045BF7047FFF7FABF10B4026854681A463C
:1040D00023465DF8044B18470020704701207047C5
:1040E0000020704700207047002070477047000094
:1040F00000207047002070477047000070470000A4
:1041000037B505460C468322011D01A800F062F96F
:10411000611EC9B202299EBF05EBC1010023C1E99E
:10412000073301A800F072F903B030BD2DE9F74361
:104130001E461B885B070546884620D4011D422287
:1041400001A800F047F92C4605F118094C4513D099
:10415000E3696BB12B6828465B6C98473388276A04
:10416000C1B243F00403E0694246B8470834EDE7C2
:10417000236A002BEED1F9E701A800F047F90120EE
:1041800003B0BDE8F08300007FB56D4685E806000A
:104190000446011D712203A81E4600F01BF92146AA
:1041A0000022C869D3B288B9086A78B995E80300D3
:1041B00004EBC2021C32013382E803000124337095
:1041C00003A800F023F9204604B070BD0132032A91
:1041D00001F10801E5D10024F2E700002DE9F04FDC
:1041E0002DED028B8BB004468B465322011D01A896
:1041F000BDF858809FED258B00F0ECF8254604F1C2
:104200001809002708F0040AA94536D0EB690BB954
:104210002B6A63B1BAF1000F0BD1236820465B6CA7
:1042200098474346C1B25A46D5E90706B047083514
:10423000EAE7002FFBD18DED028BADF810705B46E5
:1042400005AA0BF1080C18685968174603C708330C
:1042500063453A46F7D1186838609B88BB800FF0F9
:10426000D9FF0423ADF810302368CDE902019B6C1F
:1042700002A9204698470127D9E701A800F0C6F80F
:1042800001200BB0BDEC028BBDE8F08F00000000F8
:104290000000000030B503680968DD0FB5EBD17F81
:1042A00023F0604421F060424FEAD1700BD0002B24
:1042B000B8BFA40C0029B8BF920C944202D034BFFE
:1042C0000120002030BD944205D1C1F38070C3F3BA
:1042D00080738342F6D194422CBF00200120F1E785
:1042E000082817D90C280CD910280CD914280CD957
:1042F00018280CD920280CD930288CBF0F200E206C
:104300007047092070470A2070470B2070470C2027
:1043100070470D2070470000082817D909280CD0D5
:104320000A280CD00B280CD00C280CD00D280CD04F
:104330000E2814BF4020302070470C2070471020FA
:1043400070471420704718207047202070470000E5
:10435000436818478368184710B5024C8260C0E96B
:10436000004110BDA86C0308007B00F001007047FD
:10437000704700008160828070470000826838B515
:1043800004465AB1037B13F0010507D143F0010342
:1043900003739047237B65F30003237338BD00004C
:1043A00010B5044B1B680446986A03681B6998475C
:1043B000204610BD0826002010B5054B1B6804469A
:1043C000986A036800211B699847204610BD00BF0A
:1043D00008260020F8B50C4B01601E680446B06A40
:1043E00003681B6C17469847054610B1F36AA3F89B
:1043F0004270206803689B6898471DB1F36A0022E9
:10440000A3F842202046F8BD0826002010B5044637
:1044100000680368DB689847204610BDC181B1FA87
:1044200081F0400970470000C08970477047000064
:104430000020704770470000704700000020704760
:1044400000207047704700004FF4B45070470000E0
:104450000020704700207047002070470020704700
:1044600000207047007B70477047000000207047B5
:104470000020704707B503688DF80710DB6801223C
:104480000DF10701984703B05DF804FB08B5036818
:1044900001225B6A98470028D4BF0020012008BD94
:1044A00007B503680DF10701DB69984720B19DF856
:1044B000070003B05DF804FB4FF0FF30F9E70000A0
:1044C00013B5044608460191FCF75CFE2368019988
:1044D000DB680246204602B0BDE8104018470000E5
:1044E0000FF098BE10B444682CB903685DF8044B13
:1044F000D3F88430184700205DF8044B7047000063
:1045000082681AB90368D3F89430184700207047BE
:1045100082681AB90368D3F89830184700207047AA
:1045200030B445682DB90468D4F88040A44630BC46
:10453000604730BC7047000000231A46FFF7F0BF09
:10454000436813B18B4200D041B9836813B19342E1
:1045500000D01AB9C0E9011201207047002070474D
:1045600030B44468029D0CB1AC4205D10468D4F863
:104570008040A44630BC604730BC704710B44468EB
:104580000CB19C4205D103685DF8044BD3F884302C
:10459000184700205DF8044B7047000037B505460A
:1045A000806808B1984212D12B680191D3F8883005
:1045B00092B2284698470446286928B1002C03DDAA
:1045C0000199224600F0DAF9204603B030BD0024FC
:1045D000FAE700000023FFF7E1BF000082682AB974
:1045E00042681AB90368D3F88C3018477047000046
:1045F000013901298CBF002001207047007B7047E2
:1046000003680160C81A7047002070470020704797
:10461000002070477047000000230B7070470000B7
:10462000704700007047000000207047002070476E
:1046300000207047704700004368C26893423CBF47
:104640008268D15443680133436001207047000001
:10465000F8B505460C468F180026BC4207D02B68DB
:1046600014F8011B9B68284698470644F5E7304636
:10467000F8BD000000207047002070470020704700
:104680000020704738B590F89C308B4204460D46A8
:104690000CD080F89C100FF0B5FD2368C4F8A00082
:1046A0005B682046984708B984F84D5038BD000033
:1046B0007FB50D461446194600267AB1531E0B4AA3
:1046C0006846CDE90026089ACDE9025300F0E4F9E6
:1046D0000198844204D92E5404B070BD1346EEE70D
:1046E000002CF9D02C4404F8016CF5E7B86C0308F1
:1046F00008B410B585B007AC54F8043B009403949B
:10470000FFF7D6FF05B0BDE8104001B070470000CC
:1047100007B503680DF10701DB69984720B19DF8E3
:10472000070003B05DF804FB4FF0FF30F9E700002D
:10473000F8B506460F4614460025AC420AD0336849
:1047400030469B699847431C01D12846F8BD7855EF
:104750000135F2E72046F9E70EB403B503AA036872
:1047600052F8041B5B680192984702B05DF804EBB5
:1047700003B0704700F090B913B5044608460191A4
:10478000FCF700FD23680199DB680246204602B071
:10479000BDE810401847000070B500260446C0E987
:1047A000026601200D461BF0CDFBB04208BF354626
:1047B000206065602674204670BD000010B5037C43
:1047C000044613B900681BF0C1FB204610BD000071
:1047D00070B5057C04460E46DDB9BFF35B8FC5603E
:1047E000BFF35B8FBFF35B8F8560BFF35B8F436865
:1047F0008B420CD000681BF0A9FB314601201BF056
:10480000A1FB206010B96560284670BD6660012577
:10481000FAE70025F8E7000038B505460C4644B134
:1048200021462846FFF7D4FF20B904EB4404A4082E
:10483000F5E7204638BD00000023BFF35B8FC3605F
:10484000BFF35B8FBFF35B8F8360BFF35B8F7047FA
:10485000BFF35B8F0068BFF35B8F704770B5054691
:104860000C30FFF7F5FF05F1080604463046FFF768
:10487000EFFFA04206D930466D68FFF7E9FF2544F7
:10488000281A70BD3046FFF7E3FF201AF9E7000051
:1048900070B50546406898B105F10800FFF7D8FFEC
:1048A00005F10C0604463046FFF7D2FF844230463D
:1048B00094BF6D680025FFF7CBFF013C2C44201A04
:1048C00070BD000038B50C460546FFF7C7FFA04293
:1048D00010D305F10800FFF7BBFF04446868B4FB80
:1048E000F0F100FB1144BFF35B8F0120AC60BFF31C
:1048F0005B8F38BD0020FCE72DE9F04114460746E8
:104900000D46FFF7C5FF844228BF0446D4B1B84620
:1049100058F80C6B4046FFF79BFF30442860404638
:104920007E68FFF795FF331A9C4203D86C60012024
:10493000BDE8F0816B60A41B3B68AB602044E8607D
:104940000220F5E72046F3E738B50C460546FFF7A9
:104950009FFFA04210D305F10C00FFF779FF04443C
:104960006868B4FBF0F100FB1144BFF35B8F0120DA
:10497000EC60BFF35B8F38BD0020FCE72DE9FF4101
:10498000884669460746FFF7B7FF6C4606B204EB58
:10499000C6060025B44209D06268206808EB05010C
:1049A0001DF0CEFD636808341D44F3E72946384600
:1049B000FFF7CAFF284604B0BDE8F081F8B5054608
:1049C0000C300F46FFF744FF05F108060446304659
:1049D000FFF73EFFA042304688BF6C68FFF738FF04
:1049E000201A386020B130462C68FFF731FF204490
:1049F000F8BD000073B5144606460D46FFF72EFFBE
:104A0000844228BF04460190DCB101A93046FFF77B
:104A1000D5FF019B33B93268C5E90233C5E90024EB
:104A200001200CE09C4238BF019428600198686026
:104A30008442F5D93368AB60241AEC60022002B0DE
:104A400070BD2046FBE700002DE9FF410F46694697
:104A5000FFF7D0FF6C4600B204EBC0050026AC4265
:104A600009D0D4F8048054F8081BB81942461DF048
:104A700067FD4644F3E7304604B0BDE8F08100002E
:104A800038B50546FFF7E0FF044601462846FFF724
:104A900019FF204638BD00002DE9F04F2DED028BA7
:104AA00006468DB0904691F80090B9F1000F00F0E5
:104AB000DE82B9F1250F08D04B1C039333684946B9
:104AC0009B68304698470399EDE791F801908B1C5D
:104AD000B9F1250F0393F1D00025AA462C461F2CCF
:104AE0003BD8B9F12B0F2DD01CD8B9F1200F2BD00A
:104AF000B9F1230F2ED0A9F13003DBB2092B36D840
:104B000060064BBF05EB85050AEB8A0A03EB4505FA
:104B100003EB4A0A4EBF05F0FF050AF0FF0A44F016
:104B2000200407E0B9F12D0F11D0B9F1300FE2D117
:104B300044F00104039B13F8019B0393B9F1000FA8
:104B4000CDD126E044F0020444F00404F2E744F03E
:104B50000804EFE744F01004ECE77F2CCBD92306E0
:104B600017D5B9F16C0F14D144F48074E2E7B9F1B0
:104B70002E0F05D1620600F17A8244F04004D9E795
:104B8000B9F16C0F02D144F08004D3E7B9F1680F9A
:104B9000D0D0A9F14503022B61D809F1200944F0D6
:104BA00010045FFA89F908F1070828F00708F8E807
:104BB0000201FBF7FBFF14F0400F08BF062524F0AD
:104BC000C004B9F1650F08EE100AA4B250D144F048
:104BD000400427060DD59FED977AF0EEC87AF4EEE3
:104BE000C77AF1EE10FAC2BF4FF63F73234043F08D
:104BF000400414F0800346D03B2DA94628BF4FF057
:104C00003B0909F101095FFA89F9072717220021F9
:104C100006A802931DF0DEFC4A46394606A8B0EE0F
:104C2000480A0FF089FC9DF81830019303F009023F
:104C3000012A029B83462FD0A0072FD414F0040F23
:104C40000CBF00222022019911F00C0758D0002A35
:104C500040F0AB82BAF1030F50D8174637E0A9F104
:104C60006503022B00F25B8124F01004A4B29AE7E2
:104C7000B9F1660F02D144F08004AAE7002DA8D054
:104C8000013DEDB2A5E70A2D83BF0A2599462F46BF
:104C90002F4698BF9946B9E72D22D4E72B22D2E7B9
:104CA0000427AAEB07072107FFB20AD43368029250
:104CB0009B6820213046013F984717F0FF07029A72
:104CC000F4D122B1336811469B6830469847019B66
:104CD000594D13F0080F594B08BF1D46013D04F014
:104CE000100415F8011F002900F0B5800CB120391F
:104CF000C9B2336830469B689847F2E70327D0E78C
:104D0000CDF808B0002B36D0019BD944DB065FFA02
:104D100089F907D59DF81930312B04BF09F1FF3906
:104D20005FFA89F94FFA89F3002B44DDB9F1080FD6
:104D300028BF4FF0080914F0800304931ABF2BEA30
:104D4000EB730133052302B101330DB1691C0B4430
:104D50009A45C4BFAAEB0303DFB214F0090F2FD1A9
:104D600077B3336805929B6820213046013F98470E
:104D7000FFB2059AF4E76006DDD45D4504DB1BF164
:104D8000040FA8BF44F080046B1C06A90B4435B186
:104D900013F80119302902D1013DEDB2F7E72106E0
:104DA000C9D505F101095D455FFA89F906DDA5EB75
:104DB0000B05EDB2BFE74FF00109BCE70025BAE7EC
:104DC00022B1336811469B6830469847220708D4C1
:104DD0003FB1336830219B683046013F9847FFB2AE
:104DE000F6E7049B002B47D02BEAEB74ABEB040AED
:104DF00006AB9A44ABEB09096D42A34517DBA1450D
:104E000015DA9AF80110013CA54219DC002900F0DE
:104E1000D281336830469B689847631C04D133685D
:104E20002E219B68304698470AF1010AE5E73021B8
:104E3000E9E700BF7F96184BE86C0308E46C0308B1
:104E4000A34507D19DF81930352B0FD802D1019B0E
:104E5000DD060BD559B9002F3FF435AE336820215C
:104E60009B683046013F9847FFB2F4E73121336831
:104E70009B6830469847EEE79DF8191031291EBF10
:104E8000019B03F0EF030193336830469B6898471A
:104E9000E5B9336814F0100F14BF452165219B68F4
:104EA00030469847BBF1000F29DACBF1000302939B
:104EB0002D21336830469B6898473021029B092B8F
:104EC00023DD01310A3BC9B20293F7E733682E2193
:104ED0009B68304698470235EDB24FF002094B46C9
:104EE0000CAA1A44336812F8181C9B6809F10109CE
:104EF0005FFA89F930469847A945F0D1C9E702D150
:104F0000019BDC06D1D42B21D3E7336830469B6864
:104F100098470299336830319B68C9B2A9E7B9F163
:104F2000630F37D0B9F1730F4FD0B9F1640F63D16C
:104F300024F0900714F4807FBFB20DF118097BD0E4
:104F400008F1070222F007029046516858F8080B52
:104F5000002904DA404261EB410147F080070A234F
:104F60004A4600F07BF9A0EB0900C4B27B0640F191
:104F70009F8027F00109AC421FFA89F980F0D280A6
:104F800007F01403102B03D127F011071FFA87F93C
:104F9000AB468FE058F8043B8DF8183001250DF131
:104FA0001809200701D4AA451CD84D445746A945E5
:104FB0003FF451AF336819F8011B9B68304698479E
:104FC000002FF4D0013FFFB2F1E758F8049B14F032
:104FD000400F14BF29464FF0FF3148461DF0E6FF51
:104FE0000546DEE7336820219B6830460AF1FF3A28
:104FF00098475FFA8AFAD6E7B9F1690F98D0B9F104
:10500000750F27D124F01004A7B20A2317F4807F6C
:10501000DBB20DF1180944D008F1070828F00708A1
:10502000F8E802014A4600F019F9A0EB090027F060
:105030008007C4B2BFB299E758F8040B0028B8BF84
:1050400040424FF00A024946B8BF47F0800700F0DF
:10505000B7F888E724F00607B9F1700FBFB214D093
:105060000AD8B9F1580F13D0B9F16F0F17D00DB09E
:10507000BDEC028BBDE8F08FB9F1780FF7D1F906DE
:1050800001D547F004071023C0E747F01007F6E703
:10509000E20601D547F006074FF40473B6E708238C
:1050A000B4E758F8040B1A46494600F089F8BCE703
:1050B000A346B94619F0100F41D00CAB234413F8A6
:1050C000193C302B30D129F016091FFA89F919F053
:1050D000080744D119F0010F35D0DA4545D904EB62
:1050E0000A05A5EB0B05EDB2336819F0100F9B68AC
:1050F0003FD030213046984719F0040F08D033686C
:1051000019F0020F9B6814BF582178213046984748
:105110003368AC429B6839D230213046013D984714
:10512000EDB2F5E7A346C5E719F0040F02D10BF184
:10513000010B01E00BF1020B5FFA8BFBC7E719F0E3
:10514000860FC4D0F3E73368DA459B680FD9202176
:1051500030460BF1010B98475FFA8BFBF3E7DA451A
:1051600005D9AAEB0B07FFB2BEE72546BCE700272F
:10517000BAE719F0860FCBD019F0020F14BF2B211C
:10518000202119F0800F18BF2D21BFE7651E06AB47
:1051900053FA85F5336815F801199B68013CE4B2B0
:1051A00030469847002CF5D155E6BAF1040F3FF68A
:1051B00077AD002786E5A3457FF44DAE42E600BFFC
:1051C000082A30B505D10346C008FCD130330B7036
:1051D0000DE0102A0DD100F00F0202F13003392B3F
:1051E00088BF02F13703000901F8013BF3D10846FB
:1051F00030BD03460022DCB223F00103023342F14A
:105200000002580840EAC270C31842EB5202180963
:1052100040EA0270C01842EB1212030A43EA02632A
:10522000181842EB1222030C43EA02431B1842EB0C
:105230001242D31842F100001B0943EA0073C3EB8A
:105240004315C3EB85053034020904EB450453EAEA
:10525000101001F8014BCED1C9E70000082B30B582
:105260000AD10346C00840EA4170C90850EA010467
:10527000F7D13033137013E0102B13D100F00F046B
:1052800004F13003392B4FEA101088BF04F13703C3
:1052900040EA0170090902F8013B50EA0103EDD12F
:1052A000104630BD20F00104023441F100036108D2
:1052B00041EAC3710C1943EB5303210941EA03711D
:1052C0000C1943EB1313210A41EA03610C1943EB58
:1052D0001323210C41EA0341091943EB13435918E5
:1052E00043F10003C5B2080940EA0370C0EB401463
:1052F000C0EB84043035190905EB440550EA13135B
:1053000002F8015BCED1CBE770EE600ADFED057AE3
:10531000F0EEE00AF4EEE70AF1EE10FA4CBF0120DD
:10532000002070470000003408B52DED028B9FED82
:10533000088AF0EE480A1BF041FEB5EEC00AF1EE15
:1053400010FA48BF30EE080ABDEC028B08BD00BF62
:105350000000B44308B52DED028B9FED088AF0EEF6
:10536000480A1BF02BFEB5EEC00AF1EE10FA48BF5A
:1053700030EE080ABDEC028B08BD00BF00A00C4750
:1053800010B5B4EE400AF1EE10FA2DED028B044692
:10539000B0EE608AF0EE418A0FD707F09FFEA2B20E
:1053A0004FF4806107F086FE38EE288AB6EE000AD8
:1053B00028EE000ABDEC028B10BDB4EEE00AF1EE5F
:1053C00010FA07D4B4EE410AF1EE10FAC8BFB0EEFD
:1053D000410AEFE7B0EE600AECE70000884203D331
:1053E0009042014628BF114608467047884203DBB9
:1053F00090420146A8BF114608467047094A136803
:1054000049F2690099B21B0C00FB01331360064B93
:10541000186844F2506182B2000C01FB020018606F
:1054200080B270470823002004230020036800EEA8
:10543000103A7047024682B0006851686B4603C359
:105440009DED000B02B07047D0ED010A90ED021AFD
:10545000D0ED007A60EE200A20EE011A27EE800AD5
:1054600088B008B0704700BF91ED005AD1ED015AE5
:1054700091ED026AD0ED006A90ED017AD0ED027AEA
:1054800076EE856A37EE257A77EE867AC0ED006A89
:1054900080ED017AC0ED027A704700BFD0ED006A5E
:1054A00090ED017AD0ED027A66EE806A27EE007AFE
:1054B00027EE800AC0ED006A80ED017A80ED020AD5
:1054C000704700BF90ED007AD0ED017A90ED026A4E
:1054D000C7EE006A87EE807AC6EE007AC0ED006AF9
:1054E00080ED017AC0ED027A704700BFD0ED007AFE
:1054F000F4EE677AF1EE10FA10D6D0ED017AF4EE00
:10550000677AF1EE10FA09D6D0ED027AF4EE677AF6
:10551000F1EE10FA6CBF01200020704701207047A7
:10552000D0ED007A9FED0F7AF0EEE77AF4EE477A4D
:10553000F1EE10FA14DCD0ED017AF0EEE77AF4EE39
:10554000477AF1EE10FA0BDCD0ED027AF0EEE77A52
:10555000F4EE477AF1EE10FACCBF0120002070473C
:1055600001207047FFFF7F7F08B52B2900F2828260
:10557000DFE811F044004602400233022A021B0217
:10558000680157014E016E0158003F017901840105
:105590004500D4000401EF003901290120010B016D
:1055A00091010A02E501DF0145005800D101C40163
:1055B000B901AA019F01C700BE00B700AA009B0065
:1055C000700061002C006D0262025102D0ED016A90
:1055D000D0ED007A9FEDDD6A36EEA77A77EEE67AB7
:1055E000D0ED026A27EE067A67EE867AF1EE666AF9
:1055F000C0ED016A80ED027AC0ED007A08BD90ED41
:10560000007AD0ED016AD0ED027AF1EE666AB1EE71
:10561000477AF1EE677AC0ED006A80ED017AC0ED5D
:10562000027A08BDD0ED027A036842680260F1EEAA
:10563000677A4360F3E7D0ED007A90ED026ADFED20
:10564000C36A37EE867A77EEC67A27EE267A67EE59
:10565000A67ACFE7D0ED017ADFEDBD5ADFEDBD6A66
:105660009FEDBD7A90ED006ADFEDBC4A9FEDBC5A1C
:1056700067EEA66A27EE877A67EEA57ADFEDB95A5C
:10568000E6EE246AA6EE057AE6EE257ADFEDB64A66
:1056900090ED026A9FEDB55ADFEDB55AE6EE246A49
:1056A000A6EE057AE6EE257AB5E790ED027AD0ED22
:1056B000007A43688360B1EE477AF1EE677A80ED55
:1056C000007AC0ED017A08BD90ED017AD0ED007A44
:1056D0008368B1EE477AF1EE677A80ED027A036073
:1056E000EFE781680268436841608260036008BD3B
:1056F000D0ED017A83680268F1EE677AC0ED017A35
:10570000F3E790ED027AD0ED017A0368B1EE477AC3
:10571000F1EE677A80ED017A83606DE7D0ED007A73
:1057200090ED017ADFED935A9FED886A77EE876AF4
:1057300077EEC77A90ED027A66EEA56A67EE867A12
:10574000B1EE477AC0ED016AC0ED007A80ED027AD1
:1057500008BD90ED026AD0ED007ADFED7C6A436807
:1057600037EE867A77EEC67A67EEA67A27EE267A45
:105770008360C0ED017A80ED007A08BDD0ED027A39
:1057800043688360F1EE677A9BE7D0ED026AD0ED63
:10579000007A9FED6E6A37EEE67A77EEA67AD0ED64
:1057A000016A67EE867AF1EE666A27EE067AC0ED48
:1057B000026ADEE7D0ED017A8368F1EE677AC0ED28
:1057C000027A436008BDD0ED026AD0ED007A9FED09
:1057D0005F6A436837EEE67A77EEA67ADFED656AB0
:1057E00067EE867AC2E7826841680368816002607A
:1057F000E7E7D0ED017A90ED007A9FED546A77EEFD
:10580000876A77EEC77A90ED027A66EE866A95E748
:1058100090ED017AD0ED027AB1EE477AF1EE677A37
:10582000FBE6D0ED007A90ED016ADFED486A36EED6
:10583000677A77EE867A27EE267A67EEA67A80ED8B
:10584000017AD9E6D0ED007A4368F1EE677A46E74F
:10585000D0ED007A90ED017A9FED3C6A77EEC76A51
:1058600077EE877ACFE790ED007AD0ED027AB1EE4D
:10587000477AF1EE677A80ED007AD0E6D0ED007AD3
:1058800090ED017ADFED315A9FED3A6A77EE676A63
:1058900077EE877A4EE790ED017AD0ED027A0368D1
:1058A000B1EE477AF1EE677A80ED027AC0ED007AC8
:1058B00087E7D0ED007A436882684260F1EE677A4C
:1058C000C0ED007A836008BDD0ED026AD0ED017AA8
:1058D00090ED007AF1EE666AB1EE477AF1EE677A02
:1058E000C0ED016AC7E7D0ED017A90ED007A8368D8
:1058F0004360F1EE677AB1EE477A7BE6D0ED016A5C
:10590000D0ED027A90ED007AF1EE666AF1EE677AF8
:10591000B1EE477A6CE690ED027AD0ED007A4368FA
:10592000B1EE477AF1EE677A80ED017AC0ED027A46
:10593000DCE6D0ED027A0368F1EE677AECE6D0EDB2
:10594000007A8368F1EE677AF0E700BFF304353F31
:10595000DB26B93E46D0BC3EC9355BBFCF78123E90
:105960004F0DAABEC6AC6EBF4D1F6BBFF184CABE41
:10597000F63BCC23F30435BFF304353F81177E3F5C
:10598000A296F93DA296F9BDD0ED026AD0ED007A5B
:105990005FED075A1FED096A37EEA67A77EEE67AD1
:1059A000D0ED016A67EEA57AFDE6D0ED006AD0ED94
:1059B000017A1FED106A37EEA67A77EEE67A5FED90
:1059C000126A27EE067A38E790ED007AD0ED017A78
:1059D000B1EE477AF1EE677A71E6D0ED016AD0ED6B
:1059E000007A1FED1B6A37EEE67A77EEA67A5FED56
:1059F0001F6AE6E7D0ED017A0368F1EE677A55E7B2
:105A0000D0ED007A90ED016A5FED256A37EE867A77
:105A100077EEC67A0FE7D0ED017A90ED026A5FED7E
:105A20002A6A36EE677A77EE867A27EE267A67EE6E
:105A3000A67A80ED027A44E6D0ED017A90ED026A12
:105A40005FED336A37EE867A77EEC67AEDE7D0ED12
:105A5000027A1FED366A1FED367AD0ED006A5FEDEF
:105A6000375A27EE877A67EE867AA6EE867AE6EED2
:105A7000A57A00E707F032FBBDE8084040F21112BA
:105A80004FF4800107F016BBD0ED027AD0ED016A29
:105A900090ED007A67EEA77AE6EEA67AE7EE077A4F
:105AA000F5EE407AF1EE10FA02D4B1EEE70A704753
:105AB000B0EE670A1BF0E2BA7047000038B505681F
:105AC00004462DB12846FEF779FE2846FEF7F6FA81
:105AD000204638BD13460246014802F0ABB800BF6D
:105AE000AE3B002013B50422054B0193044601464A
:105AF0000DEB0200FFF7EEFF024B1C8002B010BD61
:105B0000FFFF3F00A03B002007B5502304228DF883
:105B10000430412300210DEB02008DF805300623EF
:105B20008DF806308DF80710FFF7D4FF0420FFF73B
:105B3000D9FF03B05DF804FB00EB0212907B20B9A3
:105B40001BB19289120758BF3F2098400844704704
:105B5000430608D4000A08D0054B1B88184214BF1E
:105B6000012000207047002070470120704700BFCF
:105B7000A43B002010B50B4B1A880B4B01301B685F
:105B800080B2142404FB0033824207D9DC898C42A2
:105B900003F1140304D0013080B2F5E7002010BDFA
:105BA0000120FCE7B23B0020B43B002082898368DF
:105BB000D20648BF1B681846704700008289836878
:105BC000D20648BF1B6818467047000007B504237B
:105BD00000220DEB03010B48019201F0F3FF9DF849
:105BE0000430502B07D19DF80530412B03D19DF88F
:105BF0000630062B01D0FFF787FF012003B05DF8C8
:105C000004FB00BFAE3B002082894368920705D5A4
:105C10001B68181E18BF01200B6070470120FBE7AE
:105C200037B58B891446DA070D4605D523684A68CF
:105C300013442360012012E09B07FBD50A4B1B682D
:105C4000142201A902FB0030FFF7DEFF48B10199E1
:105C500022686B680A44D3581BB15B1A236003B0F7
:105C600030BD0020FBE700BFB43B00202DE9F04F22
:105C70008BB01F469DF8548006911423534305931F
:105C800008F10603DBB2054616464FF0000B0793FA
:105C90005FFA8BFA07EB0A1999F80F40002C4CD0E9
:105CA000062C28D1B8F10B0F21D84846FFF77EFF0C
:105CB0000446C8B1169B099309AA49463046FFF726
:105CC000AFFF88B11499434652463846FFF734FF78
:105CD000099B0293079B0699CDE9000332462346B0
:105CE0002846FFF7C3FF18B90BF1010BD0E70020DE
:105CF0000BB0BDE8F08F1499434652463846FFF783
:105D00001BFFB0EB953FEFD1C5F30423A342EBD1CA
:105D10000B4C059B206809A91844FFF775FF002864
:105D2000E2D0D9F80430099A1344169A1344069A1B
:105D300013602068059B1844DAE72046D8E700BFC7
:105D4000B43B00202DE9F04F1F4B5FFA80F8B3F809
:105D500000A0C0F3403348EA03281C4B1E680F46DE
:105D600087B00546C0F3042B00211FFA81F9CA450C
:105D700027D9F3894345344620D1337C062B0FD1F4
:105D80003046FFF71BFFC8B10023CDE90133009374
:105D90004A46034639462846FFF768FF044609E0AD
:105DA0009B450BD105A93046FFF72EFF0028F5D003
:105DB000059B3B60204607B0BDE8F08F01311436EB
:105DC000D3E70024F6E700BFB23B0020B43B00203D
:105DD0002DE9F04F98468DB0142353430693484B5A
:105DE0009DF85890DDF868B004461868069B0E468A
:105DF00018440AA91746FFF707FF00287DD00023A3
:105E0000079309F10603DBB209939DF81CA006EB8A
:105E10000A15EB7B002B70D0062B3BD12846FFF7F1
:105E2000C5FE0890002831D0B9F10B0F65D8179B3B
:105E30000B930BAA29463846FFF7F2FE30B39BF8C6
:105E40000030012B59D85A1C0BEB83038BF8002030
:105E500041465D6052464B463046FFF76DFE1B9A49
:105E60000899CDE904B2199A0392189A02920B9AF2
:105E70000192099A009203463A462046FFF7A8FF8E
:105E800000BB9BF80030013B8BF80030079B0133CF
:105E90000793BAE7179A686810440A9A1044A04218
:105EA00013D14B46524641463046FFF745FE189BFC
:105EB0001B9A1860199B1D6000231370104B186803
:105EC000069B18440DB0BDE8F08F052BDED1031DF5
:105ED0009C4203D000F108039C42D7D11B9B201A9F
:105EE0008008187052464B4641463046FFF724FE64
:105EF000189B1860199B1D60E0E70020E2E700BFD7
:105F0000B43B00202DE9F04F8BB00025DFF8A4A0B2
:105F1000079306460F4690461560254B1B881FFACF
:105F200085FB5B4541D9DAF80000142303FB0B0421
:105F300009A9204694F81090FFF766FE98B3B9F1CE
:105F4000060F17D12046FFF739FE014658B3149BC0
:105F50000593079B0297CDE903830023CDE9003326
:105F60005A463046FFF734FF0446E0B120460BB0F6
:105F7000BDE8F08F0998B04204D1149A00233B6029
:105F80001370F3E7B9F1050F0DD1031D9E4203D045
:105F900000F108039E4206D1149B301A8008187045
:105FA00000233B60E2E70135B7E70024DEE700BFEE
:105FB000B23B0020B43B00202DE9F04798460D8805
:105FC000234B0446C5F30809186809EB890588B016
:105FD00000EB850507A92846119E95F810A01746E5
:105FE000FFF712FE20B90025284608B0BDE8F0876B
:105FF0000021BAF1060FC8F8001013D12846FFF7A8
:10600000DDFD0028EFD0109B0091CDE90383CDE9A1
:1060100001170B46059601464A462046FFF7D8FE73
:106020000546E1E70798A04202D139603170DBE70D
:10603000BAF1050FD7D1031D9C4203D000F108032C
:106040009C42D0D1241AA408002334703B60CBE7D3
:10605000B43B00200138C0B204289ABF014B185C41
:1060600000207047806D03082DE9F04F2DED028B65
:1060700083B000240193931DDBB208EE103A05466D
:106080000E461746A246A0464FF0010BE2B21101A0
:1060900005EB0212D07B002853D0937B3F2B02D913
:1060A0002A480EF083F817B1002B08BF3F23C3F135
:1060B0002009A3F1200E2AFA03FC08FA09F928FAAC
:1060C0000EFE4CEA090C4CEA0E0C1CF0010FC3F159
:1060D000200EA3F1200CE3D10BFA0CFC2BFA0EFEE0
:1060E0004CEA0E0C0BFA03F3062843EA0A0A4CEAC0
:1060F000080814D10B2FD3D81046FFF757FD81465F
:1061000058B16858FBF73EF8019B1844C3B218EE2B
:10611000102A31464846FFF7A7FF0134B6E7FFF7DC
:1061200099FF81460028BBD06858FBF72BF8019BEC
:1061300018441028B4D83088031D03EB09003080C0
:10614000EBE703B0BDEC028BBDE8F08FEC6C03080D
:106150002DE9F04F85B00423DFF89890ADF80E30AC
:1061600000244FF0140A214B1B881FFA84F8434582
:1061700039D9D9F800300AFB08F15D182F7CB5F841
:106180000EB0062F23D1B8F1000F02D118480EF03F
:106190000DF828460193FFF711FD0646A8B1019BB3
:1061A0005858FAF7EFFF0022C3B20DF10E01304646
:1061B000FFF75AFF59464046FFF7DCFC0028E5D1BF
:1061C000062F02D0AB899B07E0D40134CBE73846D9
:1061D000FFF740FF0028D9D0BDF80E300433184433
:1061E000ADF80E00E6E705B0BDE8F08FB23B002049
:1061F000EC6C0308B43B0020437803F01F021F2A15
:106200000FD00278C3F3401342EA032340F2FF1297
:10621000934206D000680138C31C94BF00200120BF
:1062200070470120704700002DE9F341224FDFF84D
:10623000908006460D4604247B88A34237D9042368
:106240000DEB03012246384601F0BCFC9DF8051019
:10625000737881EA0302D20618D196F800C09DF83F
:106260000400C3F34013C1F340124CEA032340EA95
:10627000022293420AD13268019B534013EA080F6D
:1062800004D12C80012002B0BDE8F08101A8FFF705
:10629000B3FF20B1094B2C801C800020F3E701F0F4
:1062A0001F00FFF7D7FE031D1C44A4B2C4E74FF63E
:1062B000FF732B80F1E700BFAE3B0020A03B002026
:1062C00000C0FFFF70B50C462046114615461E461D
:1062D0001CF06CFE831CAB420AD85F2222542218A9
:1062E0000330A84206F1580656709CBF0022E254C3
:1062F00070BD00002DE9F74FDDE90D5407468A46D1
:10630000164609689DF830809B4622469DF83C3031
:10631000009328461CF036FE4FF000099BF8001051
:106320005FFA89F29142019212D9214628461CF067
:106330003DFEC0B28442019A07D90BEB820251683C
:10634000221A096828441CF01DFE09F10109E5E73D
:10635000E6B1214628461CF029FEC3B29C4204D96E
:106360003168E21AE8181CF00DFE009B13B9B8F171
:10637000000F13D0F37B052B10D14346224629464C
:10638000384603B0BDE8F04FFFF79CBF009B13B940
:10639000B8F1000F02D09AF81030ECE703B0BDE876
:1063A000F08F0000F0B58BB007AC1F460023C4E9A6
:1063B000013307930DF11303CDE90043154606ABF6
:1063C00005AA0646FFF7F8FD014610B928700BB084
:1063D000F0BD9DF84030069A0195CDE902739DF815
:1063E0001330009330462346FFF784FFEFE70000A9
:1063F0002DE9F04F984689B014234B43DFF828A1CC
:10640000039204460E4604934FF000095FFA89F5A3
:106410002B0108EB0515059395F80FB0BBF1000FA4
:106420007FD0BBF1060F58F803702AD13846FAF72F
:10643000A9FE3946024620461CF06EFD002869D1AF
:106440002846FFF7B3FB0746002863D0039B07935A
:1064500007AA29463046FFF7E3FB00285AD0059BE0
:1064600058F80300FAF78EFE129B0093079A3B46FA
:1064700031462044FFF7BCFF00284BD009B0BDE8EF
:10648000F08F394620461CF017FD88B9DAF8000075
:10649000049B07A91844FFF7B7FB00283AD0129BCA
:1064A00083F800B06868079B1844039B1844E5E72D
:1064B000BBF1050F2ED1102138461CF077FD5FFA95
:1064C00080FB5A46394620461CF048FD10BB14F9A3
:1064D0000B305F2B1ED10BF1010B14F80B30583B26
:1064E000022B17D8DAF80000049B07A91844FFF71D
:1064F0008BFB78B16868079B129A1844039B184479
:106500000423137014F90B30592B06D05A2B06D0E4
:10651000582BB3D009F1010978E70430AEE7083011
:10652000ACE75846AAE700BFB43B00202DE9F04F86
:106530008BB0DFF8D0B00291054614460026304BF0
:106540001B881FFA86FA534557D9142253465343E2
:10655000DBF8002002EB0309D35899F81080B8F15A
:10656000060F34D11021184603931CF01FFD039B26
:106570005FFA80F84246194628461CF0EFFC0746B1
:10658000002838D14846FFF719FB0346002832D0CF
:10659000029A009205EB08003A465146FFF728FFA1
:1065A000804640B37CB10DF11303009306AA07ABFC
:1065B00005A9CDE9077705970997FFF7A3FC069B87
:1065C00003B19B89238040460BB0BDE8F08F19468C
:1065D00028461CF071FC824668B9029B07A983F823
:1065E00000804846FFF710FB38B10CB1A4F800A0BA
:1065F000DDF81C80E7E70136A1E74FF00008E2E78D
:10660000B23B0020B43B002030B50B4B1C880B4B39
:106610001B68002295B2AC420CD91D7C062D06D118
:106620005D68854203D1DB890B80012030BD0132DA
:106630001433EFE70020F9E7B23B0020B43B002021
:10664000F0B5304D87B040F2A51202908DF80C10D5
:1066500006460C4601A8291DFDF7BCFE052204A92B
:106660002868FEF7F1F9074601A8FDF7CFFE052FD0
:1066700006D1049BB34203D19DF81430A3423ED00F
:10668000214E224F4FF4B072314601A8FDF7A2FE11
:106690002868FEF7FDF8042821D92868052202A9F8
:1066A000FEF76CF9431F5C425C4101A8FDF7AEFEAA
:1066B0002CBB3C68E36A93F89C3093B9A06A0368EA
:1066C00001211B699847A06A03684FF4FA719B681F
:1066D0009847A06A036800211B699847D2E7002405
:1066E000E3E7A06A03681B6C98470028E6D006F031
:1066F000F5FC40F2FA424FF4801106F0DBFC07B0E3
:10670000F0BD00BF743B0020783B0020082600202D
:106710002DE9F341154E164FC92406F10408013C3A
:10672000A4B2FCB140F24B12414601A8FDF752FE63
:106730003068FEF793F8054601A8FDF767FE042DC3
:1067400010D93D68A86A03680A211B699847A86A9E
:1067500003680A215B689847A86A036800211B69DF
:106760009847DCE702B0BDE8F08100BF743B002031
:106770000826002000B58BB00023CDE90733049331
:1067800009930DF10D03009305AA07AB04A9FFF7C8
:10679000B9FB10B3059B23B3DB7BC2898DF81820AE
:1067A00003F01F03C2F300221B0243EA4233049AA0
:1067B00043EA82339DF818200DF10E01134306A819
:1067C0000693FFF731FD40B19DF8193003F01F0328
:1067D000052B03D09DF80D3003B100200BB05DF800
:1067E00004FB037CD9E70000F0B5144F3B8889B067
:1067F00006460D46FBB10DF10B030024009304AADD
:1068000005AB03A9CDE9054403940794FFF77AFB90
:1068100088B10B4B38881B68A2B290420BD91A463C
:10682000013411688E4203F10C03F5D1137A2B70F9
:10683000012009B0F0BD0020FBE700BFA83B00200D
:106840009C3B002013B50DF107010446FFF7CCFF78
:1068500010B92046FFF78EFF02B010BD07B5074BF9
:106860001B884BB10DF10701FFF7BEFF08B19DF882
:10687000070003B05DF804FB1846FAE79A3B0020D6
:1068800010B50C46FFF7EAFF40B9A30608D5054B43
:106890001B6813B1186AC0F3800010BD0020FCE72C
:1068A0000120FAE7D86600200138032816D8DFE86F
:1068B00000F002080E13FDEEC07A17EE903A0B704E
:1068C0007047BDEEC00A10EE103A0B807047BDEE67
:1068D000C00A81ED000A704781ED000A7047000090
:1068E000013903290BD8DFE801F00204060801F0A2
:1068F000C3B801F003B901F037B901F075B89FEDE5
:10690000010A70470000C07F37B5037A02888DF80E
:10691000042003F01F03C2F300221B0243EA4233A8
:10692000426843EA82339DF804200C4613430DF17C
:10693000020101A80193FFF777FC054670B19DF8AD
:10694000050000F01F00FFF785FBBDF802200432B0
:10695000034692B20348214601F034F9284603B0B9
:1069600030BD00BFAE3B00202DE9F0472DED028B7E
:1069700082B0044600AF007AFFF76CFBC31D23F022
:106980000703E946ADEB030D0E46804669462046F7
:10699000F0EE408AEA46FFF7B7FF88B3E0680022CE
:1069A000F91DFFF7C3FD054640B9344BE2681B688B
:1069B0003349986903681B68984721E0B2071BD5E3
:1069C000227AFB799A4222D1F7EE000AB0EE680AE9
:1069D000FEF79AFCD8B1D6B94246514628461BF07C
:1069E0009FFD68B15146424628461BF0A9FD31463D
:1069F0002846FFF725FE03E0FFF7BCFE0028DFD0A6
:106A00000837CD46BD46BDEC028BBDE8F087FB796B
:106A1000042B07D9194BE2681B681A499869036867
:106A20001B68C9E7217A0429F4D85046FFF758FFBC
:106A3000F307B0EE408A0BD5FFEE000AFEF764FCC8
:106A40009FED110A0028B7EE008A08BFB0EE408A19
:106A5000F9792846FFF744FFF0EE400AB0EE480A05
:106A6000FEF752FC02460028CAD1294628EE280A21
:106A7000F879FFF719FF1146BAE700BF0826002092
:106A8000006D0308196D03080000000070B515467D
:106A90002DED028B0446B0EE408A00EB0116B442A5
:106AA00007D020462946B0EE480AFFF75DFF1034B4
:106AB000F5E7BDEC028BBDE87040FFF729BE000092
:106AC000B7EE000AFFF7E2BFB4EE400AF1EE10FAAB
:106AD00010B504460CD69FED327AF0EEC07AF4EE93
:106AE000477AF1EE10FA03DC042902D180ED000AA6
:106AF00010BD032919D1B5EEC00A9FED2A7ADFED4A
:106B00002A7A9FED2A1ADFED2A0AF1EE10FA58BF11
:106B1000F0EE477A30EE270A40F6C200FEF730FC6E
:106B2000BDEEC00A84ED000AE2E702291AD1B5EEF3
:106B3000C00A9FED1C7ADFED1C7A9FED1E1ADFED77
:106B40001E0AF1EE10FA58BFF0EE477A30EE270A2F
:106B500040F6C700FEF714FCBDEEC00A10EE103A76
:106B60002380C5E70129C3D1B5EEC00A9FED0D7A98
:106B7000DFED0D7A9FED111ADFED110AF1EE10FA3B
:106B800058BFF0EE477A30EE270A40F6CC00FEF709
:106B9000F7FBFDEEC07A17EE903A2370A8E700BF2E
:106BA000FFFF7F7F0AD7233C0AD723BC0000004F9A
:106BB000000000CF00FEFF46000000C70000FE42BC
:106BC000000000C32DE9F3411D4690F90030232B4E
:106BD0000F4690464FF000042CD01749019401AAAB
:106BE0001DF096F8064618B9002002B0BDE8F08105
:106BF000FAF7C8FA1028F7D80F4901AA20461DF065
:106C000087F80028F0D021461CF0FEFF0A4988EDE5
:106C1000000A01AA3E6020461DF07AF830B107490B
:106C2000FAF7A6FA10B901202870DEE700232B70CE
:106C30000120DAE72046D8E7346D03083B6D0308EE
:106C40002DE9F0434FF000089DB005460E4617466B
:106C5000A2F80080002E35DDB2B200239CB2A24221
:106C600003F1010902D9EB5C0A2B29D1632C28BF5F
:106C700063242246294603A81BF062FC1CAB1C447B
:106C8000A6EB090604F8648C9DF90C30232B4D44C7
:106C9000E0D0002BDED00DF1020302AA01A903A867
:106CA000FFF790FF0028D5D0019800220DF10301D5
:106CB000FFF73CFC0028CDD03B8801333B80C9E77F
:106CC0004B46CBE701201DB0BDE8F0832DE9F04F26
:106CD000DFF828810546D8F800009FB00E4608B1BD
:106CE000FDF7F0F9434FDFF818A1DFF81891002401
:106CF0000DF10A0231462846C8F800403C80AAF847
:106D00000040A9F80040ADF80A40FFF799FF0028BD
:106D10006DD0BDF80A300C205843FDF7CDF9C8F806
:106D2000000010B934480DF041FABDF80A303B803C
:106D3000A346BDF80A30A34257D9002E55DDB1B2A3
:106D4000002297B2B94202F1010302D9AA5C0A2AD1
:106D500049D1632F28BF63273A46294605A80193E6
:106D60001BF0EEFB1EAB1F44019B07F864BCF61A38
:106D70001D449DF91430232BDBD0002BD9D002AB5E
:106D800004AA03A905A8FFF71DFF0028D1D0039886
:106D900000220DF10901FFF7C9FB07460028C8D002
:106DA0000C2303FB04F2D8F800309850D8F80030D8
:106DB0001344049A5A609DF808201A7222B1B9F857
:106DC00000300133A9F8003001343846A4B2FFF78F
:106DD000D1FC0028ADD19DF809109DED040A38467C
:106DE000FFF772FEA5E71A46ABE7AAF800301FB01E
:106DF000BDE8F08FAA3B0020486D03089C3B0020B3
:106E0000A83B00209A3B002002460248418A1430E9
:106E1000FFF75CBF886D0308024B5B8A0BB1FFF77D
:106E2000F3BF7047886D030830B5002085B0FFF7C9
:106E3000F3FF214B1A7872B901221A701F4B204AB6
:106E40001B680292986A1F4A0368039204AA12E917
:106E500006009B6A98471C4D04246B88A34229D9DD
:106E6000042322466946284600F0ACFE6846FFF738
:106E7000C3F918B1154B1C8005B030BD009801A9AD
:106E8000FEF760FF60B19DF8010000F01F00FFF702
:106E9000E1F8221D0346019992B2284600F092FEC5
:106EA0009DF8010000F01F00FFF7D4F804300444FF
:106EB000A4B2D2E70020DFE7AC3B00200826002088
:106EC000553B0020ED780108AE3B0020A03B0020A0
:106ED00070B50E4B1E880E4B1B68002294B2A64262
:106EE00009D91C4601322568854203F10C03F5D10E
:106EF00094ED010A70BD8B891B0649BF8B6891ED2B
:106F0000020AC01A90ED000AF4E700BFA83B002077
:106F10009C3B00202DE9F04F8FB09B469DF87030D0
:106F20000B93142343439DF860901A9D0A930746E0
:106F300088460892002307939DF81CA008EB0A16C8
:106F4000F47B002C35D0B089FEF702FE002800F05B
:106F5000BC80062C31D13046FEF728FE04460028BE
:106F600000F0B380199B0D930DAA31463846FEF709
:106F700057FE002800F0A9804B465246594640462D
:106F8000FEF7DAFD1D9A05920B9A04921B9ACDE941
:106F900002520D9A019209F10602D2B20346009202
:106FA0002146089A3846FFF7B5FF0446002800F04E
:106FB0008C8020460FB0BDE8F08F089B1B780993AA
:106FC000002B43D02B8867F308032B8052464B4697
:106FD00059464046FEF7B0FD3D4B03EA40302B6872
:106FE00023F0FF4323F4FF0323F4FC4318431B9BCC
:106FF000286003B11C70374B18680A9B0DA9184410
:10700000FEF702FE002860D00D9A73681344199AA7
:107010009C180B9A7AB1304A127862B1F27B012A3D
:1070200009D1B289520706D5199A9B561BB9EB783C
:1070300043F08003EB701D9B002BBAD031462046F5
:10704000FFF746FF1D9B83ED000AB2E74B46524611
:1070500059464046FEF770FD2B68C3F35133984202
:1070600033D1089A0123137095F90330002B06DA07
:10707000EB78099A62F3C713EB70144699E7052C75
:1070800023D16B78C3F34302022A1ED8013262F384
:1070900044036B701B9B13B11B9A042313700D4B9D
:1070A00018680A9B0DA91844FEF7AEFD68B1746814
:1070B0000D9895F801B0199B0444CBF3430B1C4485
:1070C0000BF1FF3B04EB8B04B5E7079B013332E781
:1070D00000E0FF7FB43B00200C2300202DE9F041AD
:1070E00005460F464FF000085FFA88F307EB0311DF
:1070F000CC7BDCB1042C0BD84E682E443046FFF715
:10710000E7FE31462046FFF7CFFB08F10108EBE729
:10711000052CFAD14C682C442046FFF7D9FE84EDAB
:10712000000A84ED010A84ED020AEEE7BDE8F08171
:1071300070B50E4B1E880E4B1B68002294B2A642FF
:1071400009D91C4601322568854203F10C03F5D1AB
:1071500094ED010A70BD8B891B0649BF8B6891EDC8
:10716000020AC01A90ED000AF4E700BFA83B002015
:107170009C3B00202DE9F04F8BB0DFF80491048890
:10718000079200228DF82720B9F800201F46C4F38B
:1071900008039A4205460E461C466FD9DFF8E48084
:1071A0001BB2D8F8002003EB8303980002EB8303A3
:1071B0001B7C052B1FD16B78C3F34302022A1CD81A
:1071C000013262F344036B7009B104230B70D8F8E9
:1071D000001001446878C0F34300431E486800EB88
:1071E00083002FB10790FFF7A3FF079887ED000AF0
:1071F0000BB0BDE8F08F062B04D001340123A4B2FC
:107200008DF827304FF0140B4FF0000AB9F800301A
:10721000A34233D9D8F800100BFB04118889FEF77C
:1072200097FCB8B10A7C062A17D10846FEF7C6FCBF
:10723000014678B1079B0597CDE90363CDE901A528
:10724000CDF800A000230DF127022046FFF762FED3
:107250000028CDD10134A4B2D8E72B68C4F30804C8
:1072600003F0004323432B6006B1327027B1486816
:10727000FFF75EFF87ED000A4868B9E70020B7E72F
:10728000B23B0020B43B00202DE9F0418AB000233E
:10729000CDE90733039309930DF10903009304AA81
:1072A00007AB03A90446FEF72DFE054620B90026CC
:1072B00030460AB0BDE8F081049B002B3AD0DB7B5E
:1072C000EA898DF8142003F01F03C2F300221B0289
:1072D00043EA4233039A43EA82339DF814200DF1C6
:1072E0000A01134305A80593FEF79EFF064658BB07
:1072F00006A92846FEF788FC0028D9D09DF815700D
:107300000499DDF8188007F01F07B9B19DF81C300B
:1073100093B1089A012B556802D0099B5B681D4404
:107320002046FFF7D5FD4968414429443846FFF718
:10733000BBFABDE7037CC3E73546F1E729462046A3
:10734000FFF7F6FE4146F1E79DF815009DF809307C
:1073500000F01F02052A0FD0002BA8D100F01F005B
:10736000FEF778FEBDF80A200432034692B22146A9
:10737000044800F027FC9BE7002BEFD0A4EB83042C
:10738000ECE700BFAE3B00202DE9F04385B0FEF7EF
:107390001DFC134E134F00254FF014083288ABB27A
:1073A0009A4219D91C463B6808FB043494F81090A3
:1073B000B9F1040F0ED803A92046FEF725FC48B109
:1073C000039801902146FFF7B3FE01980146484615
:1073D000FFF76AFA0135E1E705B0BDE8F08300BFC9
:1073E000B23B0020B43B0020F0B5054687B00E4606
:1073F00014461F461BB1052A45D1042402E0052A84
:107400003FD80ED00AF0A6FA214607462846FFF7D5
:1074100067FA22463146384607B0BDE8F04007F02B
:10742000FFBA102201A81BF0ADFD30468DF8147094
:10743000F9F7A8FE06AB441E1C44582304F8143C7C
:107440000AF088FA04220DEB020195ED000A07F01C
:10745000E7FA592304F8143C0AF07CFA04220DEBF5
:10746000020195ED010A07F0DBFA5A2304F8143CF7
:107470000AF070FA042295ED020A0DEB020107F002
:10748000CFFA07B0F0BDFCD8BCE7000070B590B0F3
:107490000023CDE9083306930A930DF117030093F7
:1074A00007AA08AB06A90546FEF72CFD0446B8B1AD
:1074B00011230122CDE902320BAE9DF81730009363
:1074C000014608AB079A01962846FEF713FF079B73
:1074D00043B1DA7B9DF8173031462846FFF784FF29
:1074E00010B070BD227CF5E7024A13880133138087
:1074F000704700BF983B00202DE9F0472DED028B2F
:1075000090B00023CDE9083305930A930DF11103E0
:1075100000938846174608AB06AA05A90446FEF75D
:10752000F1FC064610B3069A9DF81D301AB3D17BC4
:1075300061F304038DF81D309389590600D50027A7
:10754000F389059D8DF81C30C3F30021AB0343EA9A
:10755000413307999DF81150C1F30C010B43079378
:10756000C3F30423052B00F097805DB110B0BDEC90
:10757000028BBDE8F087017C61F304038DF81D30B8
:107580008389DAE7012B05D122B193895B0701D505
:10759000FFF7AAFF254684E0BDF812204FF6FF73DF
:1075A0009A420AD15A4B83F800A05A4B5A491B6899
:1075B000986903681B689847D8E79DF81D1001F08B
:1075C0001F01042928D82046FFF78AF90699F0EE12
:1075D000408AC9B12046FFF77BFCB0EE408AF0EE4E
:1075E000400AB0EE680AFDF78FFE90B1B8F1000FC7
:1075F00012D1002FBAD00AF0ADF9327CB0EE480AB1
:10760000494607F00DFAB1E731462046FFF790FDF5
:10761000E3E7B8F1000F11D09DF81D00BDF812206E
:107620003E4900F01F00FEF715FD49881318083386
:107630008B4219D3364B01221A70B6E79DF81D30E4
:1076400003F01F03032BE7D09FED350A78EEC87ACD
:10765000F0EEE88A68EE808AF0EEE77AF4EEE87AF7
:10766000F1EE10FAD8D5C4E70432104480B2FEF728
:1076700039FA9DF81D0000F01F00FEF7EBFCBDF885
:1076800012100431024689B22846FEF723FABDF8EB
:107690001210042207A82AE0002D3FF47BAFA4EBD0
:1076A000850511234FF0010ACDE9023A0DF12C09AD
:1076B0009DF81130009331462046069ACDF804908B
:1076C00008ABFEF717FE0DF1120107A8FEF7ACFD9F
:1076D00000283FF461AF9DF81D0000F01F00FEF789
:1076E000B9FCBDF812100431024689B22846FEF7F3
:1076F000F1F9002F3FF43AAF9DF81D209DF81130AD
:1077000002F01F0249462046FFF76EFE2EE700BF3B
:10771000903B002008260020706D0308AE3B00203F
:1077200017B7D13859B150B1054B1B683BB11A6836
:10773000904202D15B680B6070479B68F6E7704728
:10774000943B00207FB5036803F000430360104BB7
:107750001B880D46144613B9002004B070BD0D4EB1
:1077600003A93068FEF750FA0028F5D015B1336848
:107770001B7C2B70039834B131680190FFF7D8FC63
:10778000019884ED000A2146FFF7CCFF0398E4E757
:10779000B23B0020B43B002073B506460D461446AC
:1077A000234601220DF107013046FFF7E3FC28B123
:1077B0009DF80730042BF3D805B12B702146FFF755
:1077C000B1FF02B070BD0000F8B5144607460022B4
:1077D00020460E46FFF7B6FF002540B1BD4206D059
:1077E000002231462046FFF7D7FF0135F5E7F8BD07
:1077F0002DE9F347DFF88C901F4940F67122684667
:10780000FCF7E8FDB9F800702FB11C4B1A881C4B2F
:107810001B889A4228D0194E194D05244FF00008B4
:10782000B9F800701FB132882B889A421CD0013CF5
:1078300014F0FF0418D00022114601A83788CDF8B3
:107840000480FFF77FFF4FF0000A1FFA8AF30AF166
:10785000010A28B10022114601A8FFF79DFFF4E7B5
:10786000A9F800302F80DBE76846FCF7CFFD3846EB
:1078700002B0BDE8F08700BF583B0020983B0020D5
:10788000A63B0020A23B00207FB5164D2E1D40F2E6
:107890007F12314601A8FCF79DFD2868FCF7DEFF4A
:1078A000042812D92868052202A9FDF7E9F8431F28
:1078B0005C425C4101A8FCF7A9FD44B19DF80C10A5
:1078C00002980122FFF718FEE1E70024F2E7064BD9
:1078D0001B68986A03685B6B984708B1FFF788FFDD
:1078E00004B070BD743B002008260020FFF7CCBF19
:1078F00038B52DED028B164B1D88164B1A680446C1
:10790000B0EE408A00230C3A0C2099B28D4208D97F
:10791000013300FB03F15158A142F6D1BDEC028BBB
:1079200038BD0D4D2B683BB11A68A24202D183EDE0
:10793000018AF3E79B68F6E70C20FCF7B7FB002809
:10794000ECD02B68046080ED018A83602860E5E755
:10795000A83B00209C3B0020943B002010B504462F
:10796000FCF7ACFB204610BD38B51148114D0BF0AB
:10797000F5FD114A11490E4819F068FA284600230E
:1079800040F8043B0BF0EAFD1420FCF78FFB0446A3
:1079900010B19B21FCF700FF0949074A05482C60FC
:1079A00019F054FABDE838400648002100F0F4B858
:1079B000583B0020743B0020C4660020B95A0108DF
:1079C000BD5A0108AE3B0020D1ED007A90ED007A5F
:1079D000F4EE477AF1EE10FA04D0C0ED007A0121FE
:1079E000FEF72EBE7047000090ED000A70470000C1
:1079F00038B591F9003000EE103A0446B8EEC00AEE
:107A00000D46FFF775FF2046FEF71CFF10B995F9EC
:107A10000030237038BD000091F9002090F900106B
:107A2000914202D00270FFF731BD704791F900100A
:107A300090F900309FED097A01705B1A07EE903AD9
:107A4000F8EEE77AF0EEE77AF4EEC77AF1EE10FAA4
:107A50004CBF01210021FEF7F3BD00BF0000003440
:107A600091F9002090F90010914203D00270012199
:107A7000FEF7E6BD7047000090F9003000EE103AC6
:107A8000B8EEC00A7047000038B5B1F9003000EE1A
:107A9000103A0446B8EEC00A0D46FFF729FF20460B
:107AA000FEF7D0FE10B9B5F90030238038BD0000D4
:107AB000B1F90010B0F900309FED097A01805B1A2E
:107AC00007EE903AF8EEE77AF0EEE77AF4EEC77A4E
:107AD000F1EE10FA4CBF01210021FEF7B1BD00BF4D
:107AE00000000034B1F90020B0F90010914203D039
:107AF00002800121FEF7A4BD70470000B0F90030FC
:107B000000EE103AB8EEC00A70470000D1ED007ADE
:107B100038B5B8EEE70A04460D46FFF7E9FE204601
:107B2000FEF790FE08B92B68236038BD38B5D1ED5B
:107B3000007A0C460546B8EEE70AFFF7D9FE23683F
:107B40002B6038BD0A6801688A4202D00260FFF7E4
:107B50009DBC70470A6801688A4203D00260012117
:107B6000FEF76EBD7047000090ED000AB8EEC00A47
:107B70007047000008B5064B1B68586903685B68CE
:107B8000984720B9BDE8084002480BF05DBD08BD2C
:107B9000082600209C6E030830B50023084A0170B7
:107BA000438014788C4204BF4488958803F1030312
:107BB00004BF641944801E2B02F10602F1D130BDCE
:107BC000BC6E03082DE9F84F184EDFF864900746A5
:107BD0008A461D4606F13C0831783B78994204D12B
:107BE000B488944209D8121B92B20636B045F3D13C
:107BF000B5FA85F04009BDE8F88F12FA85F3A34283
:107C0000D9F8003058697388C8BFA41A1A440368A9
:107C1000D4BFACB2A4B2D3F808B092B22346514656
:107C2000D8472D1BE4D0A2440022DEE7BC6E030837
:107C3000082600202DE9F84F184EDFF8649007461B
:107C400092461D4606F13C0832783B789A4204D1B0
:107C5000B4888C4209D8091B89B20636B045F3D1E5
:107C6000B5FA85F04009BDE8F88F11FA85F3A34213
:107C7000D9F8003058697388C8BF641A194403687A
:107C8000D4BFACB2A4B2D3F80CB05246234689B2EA
:107C9000D8472D1BE4D0A2440021DEE7BC6E0308C8
:107CA0000826002010B5044601F07EFB4FF0FF339C
:107CB000E36204F130000BF051FC04F164000CF0BD
:107CC000C3FA0023C4F88C30C4F89030C4F8943060
:107CD00006492046FFF702FA054B1A6812B105481B
:107CE0000CF064FA1C60204610BD00BF68700308E9
:107CF000BC3B0020F86E0308084699B1C81FC3B208
:107D0000102B0ED810280CD8DFE800F0090B090B57
:107D10000B0B0B090B0B0B0B090B090909000020BE
:107D2000704701207047000007B50DF10601FEF70E
:107D30006BFC08B312490B68DB0718D4114BBDF874
:107D400006201A801A821A841A86A3F84020A3F803
:107D50005020A3F86020A3F87020A3F88020A3F897
:107D60009020A3F8A020A3F8B02001230B600548C1
:107D700000220C21FEF7A4FE03B05DF804FB00BF57
:107D8000B83B00201023002073B5022304460DF1F8
:107D900007018DF80730FFF72BFE2046FFF7C4FFE1
:107DA00094F91530032B16D104F128063046FEF75E
:107DB00049FD054678B901230DF1070130468DF8DC
:107DC0000730FFF733FE0DF1070104F115008DF8C0
:107DD0000750FFF72BFE04F095FC2178054620465E
:107DE000FFF78AFF30B100220521284604F01AFB74
:107DF000C4F80C010023E36184F858306388013B28
:107E00009BB2C72B84BFC823638002B070BD000043
:107E1000B02303FB010191F8A90010B1D1F898300B
:107E200013607047B02303FB010191F8AA0010B161
:107E3000D1F89C3013607047B02303FB010191F827
:107E4000AB0010B1D1F8A030136070472DE9F843B2
:107E5000B02303FB01038446D3F8B8200F4622B9B0
:107E6000D3E9300150EA01032CD0B02606FB07C647
:107E7000B6F8600000283FD0D6E930231F4DDFF868
:107E800080901343A0FB05451ED042375CF82700C5
:107E900003F06CFF07460CF0BDF914EB090245F145
:107EA0004904D3194FF47A7544F10004A3FB053259
:107EB00005FB0422D6E93045001B61EB05011818CB
:107EC00042EB0101BDE8F883F06D492310EB090096
:107ED00043F10003071945EB03040CF093F9D6F8BE
:107EE000B810401AC0194FF47A7344F10004A0FB93
:107EF000030103FB0411E5E70146E3E700840C24DA
:107F0000B0F5F79010B5B02303FB0103B3F8604060
:107F1000ACB1423150F8210003F028FF094BA4FB1B
:107F20000313094C091943F149034FF47A720818F5
:107F300043F10003A0FB020102FB031110BD204628
:107F40002146FBE700840C24B0F5F79000EBC1015B
:107F5000C1F82C21A1F830317047000001EB8103FA
:107F600010F92330022B0BD1C38C5B0718D500EB23
:107F7000C1000D4BC0F82C312E23A0F830317047D2
:107F8000DBB21A2B0CD8012202FA03F3074A1A407B
:107F900032B100231A4600EBC100C0F82C21ECE7F7
:107FA000034A3623F7E700BF08710308008C00047A
:107FB0003070030838B500EB8105D5F80C31FBB102
:107FC00000EBC104B4F83021D2B11A681846926AA5
:107FD0009047D5F80C31B4F8302119688242CD6849
:107FE000D4F82C1128BF02461846A847D4F82C31E3
:107FF0000344C4F82C31B4F83031181AA4F8300115
:1080000038BD00002DE9F04F01EB810300EB830A3E
:1080100010F92380A8F1090385B004460D460EB27D
:108020000E2B26D8DFE803F02A250825252A25254A
:1080300025252525252A2A00182303FB01030022D4
:1080400083F820214FF4FC70FCF730F8074660B14C
:10805000B02303FB054304EB85055833D5F80C2109
:1080600000922146524600F0DDFD384605B0BDE8DD
:10807000F08F00EB8606D6F80C310BB90027F4E739
:10808000182707FB0107012387F820310CF0BAF805
:10809000D7F81431C31AB3F5966F81462DD9D7F8A6
:1080A0001C31002B4BD1D6F80C0103681B6E98478E
:1080B000C7F81C01B8F1120F55D0B8F1110F4FF0ED
:1080C000000354D14FF40062182707FB0547D6F888
:1080D0000C01D7F81C11FCF723FAD6F80C01036841
:1080E0000021DB6B9847C7F8149194F92430002BDA
:1080F0000BDD29462046FFF731FF94F92430002B91
:1081000003DD29462046FFF755FFB8F10F0F30D0A9
:1081100028F010030A2B40D14FF4D070FBF7C6FFB4
:1081200007460028A1D0B023D6F80C21009203FB0B
:10813000054358335246214601F0C2F995E797F8B6
:1081400018315E4A0133DBB2082B08BF002387F8E1
:108150001831182303FB054393F8181152F8212016
:10816000C3F81C21A6E74FF400630022ACE71A46CF
:10817000AAE74FF4CC70FBF799FF074600283FF4BD
:1081800074AFB023D6F80C21009203FB054358339B
:108190005246214600F0EAFE67E704EBC503B3F858
:1081A0003031002B7FF46AAFD6F80C0103685B69AD
:1081B00098475FFA88FBB0F5005F4FF018090BF1A4
:1081C000FF3328BF4FF4005009FB0549DBB287B2EB
:1081D00009F591790293002F3FF450AFD6F80C01C6
:1081E00003689B699847029B012BC1B20DD81823E5
:1081F00003FB054393F81821304B53F8223094F9D0
:108200002420A2BBB3F5164F3AD2E38C13F0010F32
:10821000ABF1110314BF4FF461324FF4E122012B93
:1082200022D8182303FB054393F81801234B53F876
:108230002030934218D1484602F0D0F8A0B1B8F1EE
:10824000110F4FF4C1600CBF4FF001084FF002084E
:10825000FBF72CFF074600283FF407AFB02303FBD2
:108260000543CDF804801FE0013FBFB2B3E7B3F58B
:10827000E13FCAD3E28C500702D4B3F5613FC4D1C9
:108280004846039102F0AAF803990028BDD04FF4A4
:10829000C160FBF70BFF074600283FF4E6AEB023B2
:1082A000002203FB05430192D6F80C2100925833BB
:1082B0005246214602F0FCF8D7E600BF10700308D2
:1082C000F8B504460D46B0260BF09CFF06FB0546AC
:1082D000002386F859304FF6FF730746A6F886301C
:1082E000A6F8883029462046FFF78CFE90B101227F
:1082F00086F8592004EB051305F14202194644F8AB
:108300002200DF644FF47A63A1F85030BDE8F840F2
:1083100003F0BCBDF8BD00002DE9F74F01EB810370
:10832000044610F923A0BAF1070F0D460FB24FEA29
:1083300081090DD0BAF1000F0DD1B02101FB050468
:108340004FF6FF7384F859A0A4F88630A4F888305B
:1083500003B0BDE8F08F90F81231CB40DA07F7D4C4
:108360008144D9F8083123B903B0BDE8F04FFFF7D5
:10837000A7BF90F92430002B01DDFFF71BFED9F8D1
:10838000080103689B68984701900BF03BFF019937
:1083900006464FEA0518002962D1A044D8F84C30AF
:1083A000C31AB3F57A6FD3D94FF0B00B0BFB05406E
:1083B0005A4658301AF00EF90BFB05424FF6FF7380
:1083C000A2F88630A2F888305FFA8AF34FF47A6117
:1083D000172B82F85850C8F84C60A8F8501004D8F1
:1083E0003F4921FA03F3DB070BD4D9F8080198BB06
:1083F000B02101FB05450023C9F8083185F8593043
:1084000002E0012382F8593004EB0714B4F850302D
:10841000F52B61D994F85220B3F5FA6F02F10102FD
:1084200084F8522094D294ED157A07EE903AB5EE86
:10843000C07AF1EE10FA81BFF8EEE77ADFED296A33
:1084400067EEA67ADFED286A8CBFE7EE267AF8EEB3
:10845000677AC4ED157A7BE703685B689847C7E7DE
:108460004FF0B00A0AFB054A9AF8C83053B100230E
:10847000DAE930014FF47A72F8F738FC0023064647
:108480008AF8C830B02303FB054393F8BC206AB9CF
:10849000012283F8BC20D9F8080103685B6B984778
:1084A000124903466A1C0620FAF75EF904EB08033A
:1084B00004EB0511DA6CB21AA1F85020B02101FBCF
:1084C0000545DE6495F85920012A9DD994F83C2190
:1084D000002A99D19E6497E7002284F85220A2E7EF
:1084E0000042C0000AD7A33C48E17A3F146F03085A
:1084F00013B540F21C42044600F1300101A8FBF71D
:1085000069FF00212046FFF707FFD4F8083113B1B7
:10851000012384F8113101A8FBF778FF02B010BDE8
:1085200031B990F8123122B143F0010380F81231D1
:10853000704723F00103F9E710B40C4611461A46C0
:108540003CB9D0F8080120B103685DF8044B5B69C1
:1085500018475DF8044B704713B5044601917AB98A
:10856000D0F8080160B103689B69984740B1D4F81E
:10857000080101990368DB6902B0BDE810401847A3
:1085800002B010BD10B590F900300C460BB90020B8
:1085900010BDD0F8080118B9002323700120F7E7B7
:1085A00003681B6998470028F1D1F5E7174B136062
:1085B00010B449BBB0F91030002B0DDD07EE903A36
:1085C0009FED137AF8EEE77A67EE877AC2ED007ACC
:1085D00001205DF8044B7047D0F8083113B190F8D2
:1085E000591049B990F9000010B900231360EFE762
:1085F000431E58425841ECE719688C6A18461146E8
:1086000023465DF8044B18470020E2E7CDCCCC3D73
:108610006F12833A90F811318B420BD9142303FB6C
:108620000100B0F90200002804DDC828A8BFC82056
:1086300080B27047C820704759B990F9283043B9C3
:1086400090F900302BB1D0F8080110B10368DB6A53
:10865000184700207047000008B5034690F9220033
:1086600040B1D3F8080128B103681B6B984780F02C
:108670000100C0B208BD000031B9D0F8080118B13E
:10868000036811465B6C184700207047B02301FB5C
:10869000030191F8B40010B1D1F8B0301360704705
:1086A00041B990F90000122806D0A0F117035842F2
:1086B00058417047002070470120704770B50D4643
:1086C00090F918107F29044613460ED02A46C9B2E5
:1086D000BDE87040FFF730BFD4F8080150B103681F
:1086E00029465B69BDE8704018470021FFF7D8FFB5
:1086F0000028F1D070BD000011F0010F2DE9F84FF6
:108700000446884691461E4605D11A464946BDE8AC
:10871000F84FFFF7D3BFD0F83431002B4BD0D4F84B
:1087200034A1C8F34105B4279AF8003007FB05A728
:108730004FEAD8080637002B48D1D4F8343183F8F3
:108740000180D4F83411012303FA05F20B781343A6
:108750000B7032464946384619F0F2FEB32ED4F873
:10876000343153D86A1C9A7005EB4505D4F834317E
:10877000C5EB051506EB85059D80D4F83451AA7824
:1087800012B3012328789340013B98421CD1F8F79B
:10879000C5FAB4F838311844A4F83801AA88A91DDC
:1087A0002046FFF78BFFD4F8342100239370D4F8D0
:1087B0003421137008E040F2D621012017F0C2FBEB
:1087C000C4F834010028AAD1BDE8F88F9AF8012036
:1087D000424509D1EB40DB07AFD532464946384622
:1087E00019F09EFE0028EFD04FF0000B8AF802B07F
:1087F000D4F834A19AF80000F8F790FAB4F83A31B6
:108800001844A4F83A018AF800B096E71A780F2ABB
:10881000B3D104229A70D4F834314FF434729A8070
:10882000ABE7000070B5D678AEB0B62E28BFB6263E
:1088300014460021B6220546684619F0CBFE3246A2
:1088400004F10C01684619F07BFE9DF80130B42B51
:1088500006D89DF800100DF102022846FFF74CFFE4
:108860002EB070BD70B5CE789EB0712E28BF712627
:108870000C4671220021054601A819F0ABFE3246D4
:1088800004F10C0101A819F05BFE9DF806206E2A88
:1088900004D80DF107012846FFF710FF1EB070BD88
:1088A000F8B5967A537A43EA0623D67A43EA064322
:1088B0007B2B0546144605D0E92B08D1BDE8F840CE
:1088C000FFF7B0BFBDE8F8401146FFF7CBBF002669
:1088D000142795F81121F3B29A420DD903F14202FF
:1088E00055F8220030B17B43EB561BB1036821469B
:1088F0001B6A98470136ECE7F8BD00002DE9F74305
:10890000984690F83D31DDF8289004460E4673BB3A
:10891000B02505FB010595F8AC7017B3EB6F13603C
:10892000D5F88030C9F8003001AAFFF73FFE70B1DA
:10893000DDED017A9FED0F7AD9F8003067EE877A86
:10894000FCEEE77A17EE902A9B1AC9F80030B021A6
:1089500001FB064494F8AD303BB1D4F8A430C8F81C
:108960000030384603B0BDE8F083034BF7E700273B
:10897000F7E700BF00007A44000020417FB5B02334
:1089800003FB010393F88430EBB105AB009303AA1A
:1089900004ABFFF7B3FF80B1DFED0C7A9DED030A66
:1089A00020EE270AFCF7D6FCFDEEC07A17EE900AFF
:1089B00030B180B207B05DF804FB4FF6FF70F9E705
:1089C00048F6A040F6E71846F4E700BF0000C842AA
:1089D0002DE9F04F2DED068B90F8B430856E9FEDAC
:1089E00057AA95B08846002B00F09B800A236B4362
:1089F00008EE103AD0ED2C7AB8EEC88AA7EECA8AF3
:108A0000BDEEC88A90F8AA30002B00F08D80D0ED22
:108A1000279A90F8AB30002B00F0898090ED289ACF
:108A200090F8A930002B00F08580D0ED268A866C66
:108A300090F83C3190F859904FF47A77A6FB07767E
:108A400023B1B9F1010F28BF4FF00109DFED3C6AF6
:108A500090ED1D7AD0ED1E7A036F049327EE267AEF
:108A600067EEA67ABCEEC77AFCEEE77A17EE103A0C
:108A70009CB217EE903A9BB2C26E0293002190F81E
:108A80008A30B0F886B0B0F888A005920393FFF75B
:108A900075FF049B0A930A235D4369EE8A9A029B41
:108AA000ADF83630039B8DF83930FCEEE99A18EEBC
:108AB000103A29EE0A9ACDF83A30BCEEC99A19EE6E
:108AC000903A68EE8A8ACDF83E30FCEEE88A19EEDC
:108AD000103ACDF8423018EE903ACDF846300023E7
:108AE000059AADF84A30ADF84C3018213423CDE961
:108AF00000310992ADF84E001E2307AA4046CDE989
:108B000007760B95ADF830B0ADF832A0ADF8344033
:108B10008DF8389005F014FC15B0BDEC068BBDE85F
:108B2000F08F08EE103A6DE7DFED069A71E79FEDE2
:108B3000059A75E7DFED038A79E700BF00007A4404
:108B40000000C84200000000014B1868704700BFD9
:108B5000BC3B002001207047002070477047000098
:108B600070470000014B0B6001207047CDCC4C3E9C
:108B70000120704701207047012070470020704796
:108B800070470000002070477047000006207047C3
:108B900000487047387103087047000010B504465C
:108BA000FBF78CFA204610BD70B586B001AD0446C7
:108BB0000E4612220021284619F00CFD0221032244
:108BC00064238DF804108DF806308DF80B200D23EA
:108BD0008DF80F108DF81620042194F8E4218DF8FB
:108BE00007308DF81010012307218DF81210D118CD
:108BF0008DF808208DF80D308DF8116084F8E4119F
:108C00000022E95C01330A44122BD2B2F9D1606828
:108C10008DF8152003681322DB682946984706B0B3
:108C200070BD000030B585B00446089D009503F086
:108C30007FF840F602020023A4F8EE2140F6094234
:108C4000C4F8D030A4F8F021174B626823600123E8
:108C500084F8ED3142B9E36814491A780320F9F732
:108C600083FD204605B030BD20698DF80F300DF131
:108C70000F011230FEF7BCFE226992F91230927C8D
:108C8000012A09D819462046FFF78EFF0BF0BAFAE1
:108C90006E30C4F8E801E4E7E26805491278032081
:108CA000F9F762FDDDE700BF9C710308407103081E
:108CB0005D7103082DE9F04186B005460E469046E9
:108CC0000021142268461F4619F084FC02238DF807
:108CD000003064238DF802300F2307228DF8033013
:108CE00003238DF807308DF80B208DF81430062201
:108CF00095F8E4318DF80C2001240A228DF80D201E
:108D00001A1985F8E4218DF804308DF809408DF8A2
:108D10000E808DF80F708DF81160234600221DF82B
:108D2000031001330A44142BD2B2F8D168688DF8CD
:108D3000132003681522DB686946984706B0BDE832
:108D4000F081000038B5C368426E5A60C368B0F85D
:108D500068201A81C368B0F86A2083F8322090F83E
:108D60006C3013F0010F0446C36800F097800322B3
:108D70005A7090F86D30D8070CD5E36804225A7009
:108D800094F86D20910705D55207E3684CBF062281
:108D900005225A70D4F86F00D4F87310E56844A324
:108DA000D3E90023F7F70AFC43A3D3E90023F7F73D
:108DB00005FCF7F7B3FE6861D4F87700D4F87B10B0
:108DC000E5683BA3D3E90023F7F7F8FB3AA3D3E91F
:108DD0000023F7F7F3FBF7F7A1FEA861314BD4F8B6
:108DE0007F00D4F88310E5680022F7F7E7FBF7F778
:108DF00095FE2861E5680BF005FA286694F887303F
:108E0000DB071CD5E368D4F88820DA61DFED267A29
:108E100094ED230AE56820EE270AFCF785FA204640
:108E200085ED080A02F0B6FFD4ED247AE368F1EE8E
:108E3000677AC3ED0F7AE368012283F8502094ED3E
:108E4000277ADFED1A6AE36827EE267ABCEEC77A46
:108E500017EE102ADA85D4ED287AE36867EEA67A51
:108E6000FCEEE77A17EE902A1A8694ED2C7AD4ED70
:108E70002B7AE36877EE877AB6EE007A67EE877A28
:108E8000C3ED117AE368D4F8B8209A64E26801234C
:108E900082F85230E26882F8533038BD012278E718
:108EA000AFF3008000005940E02E65420000C84248
:108EB000F8C1631ADCA54C4000000000D0126341E9
:108EC000F8B504460BF09EF994F8EC31042B0546F6
:108ED0001BD8216991F91220897C012902D900252A
:108EE0002846F8BDD4F8E81181420ED2E118204698
:108EF000012391F8ED11FFF7DDFE94F8EC316E35AA
:108F00000133C4F8E85184F8EC31002504F164061B
:108F10000127606803685B69984790B160680368DF
:108F20009B6998470522C1B2304603F047F9431CBC
:108F300002D1E3685F70ECE7052808BF45F0010542
:108F4000E7E7002DCBD02046FFF7FCFEC8E7000086
:108F50000620704700487047E8710308704700001A
:108F600010B50446FBF7AAF8204610BD37B5069D9C
:108F70000095044602F0DCFE114B23600023C4E997
:108F80001B3384F8683084F87430AA2384F879316C
:108F900041F24423A4F87A31A36893F924305BB1F9
:108FA0006068084903680E22DB68984760680649D4
:108FB00003682222DB689847204603B030BD00BF1B
:108FC00084720308F0710308FF710308F8B5B0F864
:108FD000812190F87C31B0F87D51D0F889111A4484
:108FE000044602F063FF2A2D40F0B380E368B4F832
:108FF00087211A81E368D4F889215A60E5680BF06B
:1090000001F92866D4F87D00D4F88110E6687EA3C3
:10901000D3E90023F7F7D2FAF7F780FD7061D4F8AF
:109020008500D4F88910E66877A3D3E90023F7F721
:10903000C5FAF7F773FDB061E368012683F85C6059
:10904000D4F89530E26807EE903AF1EE677AC2ED17
:10905000167A6A4BD4F88D00D4F891100022F7F7F5
:10906000ADFAF7F75BFDE1680246204602F0A8FF83
:10907000E36894F8B62083F83220D4F89D30E7688E
:1090800007EE903AD4F8A13000EE103A20EE000A34
:10909000A7EEA70A17F0F2FF87ED110AE368D4F8EC
:1090A000A5209A64E3689FED567A83F85260E368DE
:1090B00083F85360D4F8AD20E36807EE902A67EE9A
:1090C000877AFCEEE77AC3ED207AE36894F8B6205D
:1090D00083F88420D4F87530E268C3BBD4F87930C3
:1090E000222B0FD81F2B30D8102B16D00F2B07D9BF
:1090F000122B03D8102B03D004230FE0142BFBD02A
:1091000001230BE0322B02D003D8302BF8D10623F9
:1091100004E0443B012BEFD9F2E70323537094F8AA
:10912000623043F0010384F8623094F862309A07A9
:10913000C3F340005FD5E268616E5268914226D168
:1091400023F0030384F8623055E00523E6E7567008
:10915000E5E7632D1DD0AE2D48D1D4F87D20DFED9D
:10916000296AE36807EE102A27EE267ABCEEC77A52
:1091700017EE102ADA85D4F88120E36807EE902AEA
:1091800067EEA67AFCEEE77A17EE902A1A860020A0
:1091900031E0D4F88910D4F88500E668F7F706FDC9
:1091A000F061D4F89110D4F88D00E668F7F7FEFC72
:1091B0003062204602F0EEFDD4F89500D4F8991004
:1091C000E668F7F7F3FC07EE900AF1EE677AC6ED72
:1091D0000F7AE368012283F85020D4F8893163665E
:1091E00094F8623043F0020384F8623094F862002D
:1091F00010F0010099D1F8BDAFF300800000594094
:1092000000007A440000C84200000000D012634110
:1092100010B590F87430013B0446082B06D8DFE8FF
:1092200003F010191D26374C50586000AA2904BFBE
:10923000012380F87430002380F8953184F896314A
:1092400004E0442904D1022384F87430002010BDC6
:109250000023F9E71229FBD10323F5E7042380F863
:10926000743080F8953180F87C110023E6E7B0F87F
:1092700095311B2BECD8C218013382F879119AB2C0
:10928000A0F8953190F87C319342DFD80523DBE7D5
:10929000B0F89531FF2BDBD890F87C011A1A2244E4
:1092A000013382F875109AB2A4F89531B4F881317F
:1092B00003449A42CADB0623C6E7C0F875110723A8
:1092C000C2E7D0F8753103EB0121C0F8751108230E
:1092D000BAE7D0F8753103EB0141C0F875110923E5
:1092E000B2E7D0F8753103EB0161C0F875110020C9
:1092F00094F87C2184F8740004F279110BF0ECFAF4
:10930000B4F8812104F175010BF0E6FAD4F8753157
:10931000834204D12046BDE81040FFF757BE236FBB
:109320000133236792E700007FB5836893F9243007
:109330000446F3B10AF066FF94F86830032B054643
:1093400017D8E26E824214D2164A666852F8231089
:1093500001910846F7F716FF33680199DB6802466A
:109360003046984794F86830C8350133E56684F88C
:1093700068304FF400560025606803680DF10F0156
:10938000DB69984750B19DF80F102046FFF740FF6A
:10939000013E2843B6B2C5B2002EEDD1284604B036
:1093A00070BD00BF6C72030810B500230446436013
:1093B0008360C3600249FDF791FE204610BD00BFE7
:1093C000D0720308062070470048704740730308B6
:1093D00001207047014B0B60012070470AD7A33D65
:1093E000D0F880300B60012070470000836893F94B
:1093F000243023B1806E831F5842584170470120AA
:1094000070470000D0F8803013F4746F0CBF012057
:109410000020704710B50446C06E16F097FD204638
:1094200010BD000010B50446FFF7F4FF2046FAF720
:1094300045FE204610BD00008268C36F92F92220CD
:10944000022A03F4207304D0A3F520735842584134
:109450007047B3F5207F08D0064B1B68DB6A93F892
:109460009C3023B990F88400704701207047002099
:10947000704700BF082600201FB5836893F9243089
:109480008BB1836E062B0ED0C26804214FF0030C03
:109490001278CDE9011C90F8621000910132034965
:1094A0000620F9F761F905B05DF804FB4473030881
:1094B000C3681B7813B98368187870470020704719
:1094C00037B5069D0095044602F032FC0F4B236031
:1094D0000F4B63670023A36784F886300AF092FE7F
:1094E000E3682067012283F88520A368DB8C9B0753
:1094F00004D42046FFF7DCFF1A2803D1E3680122D9
:1095000083F82C20204603B030BD00BF70760308DE
:10951000787303082DE9F341B0F88C3040F6BC7243
:10952000C3F30C039342044600F0C8810FD840F601
:10953000A77293423BD040F6AE72934200F04B814B
:1095400040F6A172934200F0378100201FE141F202
:109550001472934200F0628141F233729342F4D16B
:10956000FFF7A6FF1A28F0D12046B4F88E20D4F8D1
:10957000901002F09BFC94F89700E66810F08F05BD
:1095800040F08181D4F89830DFEDC67A00EE103AD1
:10959000B4EE670AF1EE10FA00F0758117F06EFD77
:1095A00086ED130AE368012283F85520CDE7B0F871
:1095B00094304FF6FF7299B2914205D0C268138180
:1095C000C368D0F890205A60B4F88E20D4F8901078
:1095D000204602F06BFCE5680AF014FE2866D4F819
:1095E000B430DFEDB17A07EE103AB4EEE77AF1EE7F
:1095F00010FA3BDDE2685363E368D4F8B8209A635D
:10960000D4F8BC30E26807EE903AF1EE677AC2ED2A
:109610000F7AE368012583F85050E168204602F094
:10962000E5FBB4F8D630E268DFEDA06A0A214B43CF
:10963000C2F88030B4F8E220E36807EE102AB8EEF2
:10964000477A27EE267A83ED117AB4F8E420E368AE
:1096500007EE902AF8EE677A67EEA67AC3ED127AE3
:10966000E36883F85250E36883F85350D4F8986065
:10967000D4F89C7085A3D3E9002330463946F7F728
:109680002DFA00285FD083A3D3E900233046394662
:10969000F6F794FF81A3D3E90023F6F78FFFF7F7DE
:1096A0003DFAE5686861D4F8A000D4F8A410E56834
:1096B00078A3D3E90023F6F781FF78A3D3E9002349
:1096C000F6F77CFFF7F72AFAA861D4F8B020DFEDAF
:1096D000757AE36807EE102AB4EE677AF1EE10FAB5
:1096E0000CBF0122002283F85C20D4F80C80D4F84F
:1096F000A86098F85C30D4F8AC7093B1D4F8B0504E
:109700002846F6F703FF02460B4630463946F6F781
:109710009DFD07EE905AF1EE677A06460F46C8EDBA
:10972000167A39463046F7F741FADFED617AE1689B
:1097300007EE100A67EE277A2046FDEEE77A17EE6D
:10974000902A02F03DFC94F8D230E268FF2B82F8B8
:10975000323002BFE368002283F8322094F896305A
:1097600003F00F03082B09D8DFE803F005141714E2
:109770001A1D171A1D00E36801225A7094F89630DA
:1097800013F0400F4FF0010010D0E368587002B0A2
:10979000BDE8F081E3680322EFE7E3680422ECE729
:1097A000E3680622E9E7E3680522E6E71A06EED554
:1097B000E36802225A70EAE7B0F88E20D0F89010E1
:1097C00002F074FBE368B4F89C20DA85E368B4F82F
:1097D0009E201A86B9E6B0F88E20D0F8901002F0DC
:1097E00065FBD4F89C30D4F8A010E367D4F880303F
:1097F00083EA010212F4746F0BD0E268127801F46C
:109800007461009103F474632A4901320620F8F769
:10981000ABFFD4F8A030C4F8803096E6B0F88E20C4
:10982000D0F8901002F042FBD4F8983007EE903A4E
:10983000D4F89C3007EE103AD4F8A03000EE103A7D
:10984000B4EE407AF1EE10FAC8BFB0EE470AF4EE7B
:10985000407AF1EE10FAC8BFB0EE670ADFED167A73
:10986000E368B4EEE70AF1EE10FA08DB012283F8B0
:109870005120E46817F002FC84ED100A65E6002030
:1098800083F8510083E70023F3645EE600000000E4
:10989000006A08C1F8C1631ADCA54C400000000052
:1098A000D0126341FFE65BAF005043C80AD7A33B29
:1098B0000000C8428873030800000034B0F88E200E
:1098C000D0F8901002F0F2FA94F89600E36870B9BC
:1098D00083F88400E368C3F88000E368C3F88C0071
:1098E000E368C3F88800E368C3F890004FE794F892
:1098F000982083F88420B4F8C5304FF6FF72934265
:109900001CBF0A225343E26808BF0023C2F880301C
:10991000D4F89C60D4F8A07031A3D3E9002330467A
:109920003946F7F7B3F8002841D12DA3D3E9002336
:10993000D4F8A400D4F8A810F7F7A8F8B8BB28A367
:10994000D3E90023D4F8AC00D4F8B010F7F79EF8B0
:1099500068BBB4F8C0204FF6FF739A4227D01F4B64
:10996000D4F80C80002230463946F6F727FEF7F788
:10997000D5F8C8F88C00D4F8A400D4F8A810174B78
:10998000E6680022F6F71AFEF7F7C8F8C6F888006E
:1099900010A3D3E90023D4F8AC00D4F8B010E668E3
:1099A000F6F70CFEF7F7BAF8C6F89000CDE5A36815
:1099B000DB8C9B077FF5C9ADE3680020C3F88C0002
:1099C000E368C3F88800E368C3F89000E36883F8AD
:1099D0005400DCE60000000000408FC000408F40D3
:1099E000BBBDD7D9DF7CEBBD2DE9F84F90F88630B1
:1099F000013B04460D46082B06D8DFE803F0404B38
:109A00004F575B63677FB400242908D1012380F896
:109A100086300023A0F890310020BDE8F88F90F840
:109A20009731DFF800925E1CF6B203444FB2032E6A
:109A300080F89761B24683F892714FF00608A8BF8C
:109A40004FF0030A00F5C97B59F8040B52465946FA
:109A500019F084FA78B9042E06D1303F092FDBD9EA
:109A6000002384F89731D7E7D6D93E2DF8D10123CA
:109A700084F89831F4E7B8F10108E5D1F0E740291E
:109A800003D1022384F88630C6E7522940F09D8036
:109A90000923F7E7A0F88A100323F3E7B0F88A1048
:109AA00001EB0525A0F88A500423EBE7A0F88C1001
:109AB0000523E7E7B0F88C1001EB0525A0F88C50E2
:109AC0000623DFE7A0F88E100723DBE7B0F88E103F
:109AD00001EB0525ADB2AB07A0F88E50A5F1080546
:109AE0000CBF08230023F82D80F8863094D900237A
:109AF00080F88630A36F0133A3678DE7B0F890310B
:109B0000FF2B98BFC21803F1010398BF82F8901091
:109B1000B0F88E209BB2083A9342A0F89031FFF63D
:109B20007BAFB3F5807F50D8002202218C300AF041
:109B3000FBFE0221024604F18E000AF0F5FEB4F8A5
:109B40008E100246083904F190000AF0EDFE002361
:109B500084F88630B4F88A308342CBD12046BDE801
:109B6000F84FFFF7D7BCB0F89021FE2A2DD8831804
:109B7000013292B20A2983F89010A0F890217FF464
:109B80004BAF8318002183F8901090F890303A2B57
:109B90001BD1C66ECEB100F19201053A304619F0E4
:109BA000DDF9054688B9304616F0D0F9A36EE566B2
:109BB000062B07D8DFE803F0040B0F1D2B0D2D003B
:109BC0000123A3660AF01EFB206700235AE7052342
:109BD000F7E70223F5E794F862300133DBB2032B99
:109BE00084F86230EED90323A366002384F8623040
:109BF000E8E794F86230A2680133DBB284F862309F
:109C000092F920200AB1022BDCD90423D9E70623DC
:109C1000D7E703F063FA40F2A3124FF4801103F088
:109C200049FACFE7407603084068024903681122E9
:109C3000DB681847B473030838B5836893F922309A
:109C4000054653B3C06F10F4007414D1EB68144987
:109C50001A7806200132F8F787FDEB6811491A7867
:109C600006200132F8F780FD2846FFF7DDFF85F872
:109C70008440002038BDC30507D5EB680A491A782F
:109C800001320620F8F770FDF3E710F0800404D1EC
:109C9000EB6806491A780132F3E70120EAE700BFD2
:109CA000C8730308E87303080974030822740308DF
:109CB00010B5044605490720F8F756FD60680449C9
:109CC0000368BDE81040DB68132218474874030896
:109CD0005C7403082DE9F04104464068036886B0CF
:109CE0005B699847002506462F46B5420BD0606851
:109CF00003689B699847C1B22046FFF775FE07438A
:109D0000FFB20135F1E70AF07DFAA36893F9242048
:109D10000546E2B1A26E062A00F0F980616E81422A
:109D200015D2216F01F5FA61814221D2606FF7F7F8
:109D300029FA0646606803689B6A9847B04206D3D2
:109D40006068616F03683246DB6898472567E268A0
:109D5000906A2D1AB5F5967F82BF002382F85430A1
:109D6000E268384688BF82F8553006B0BDE8F08119
:109D700094F898110029EAD0E16E09BB052A1FD892
:109D8000DFE802F00334979DB4452369606893F9D6
:109D90001220036805921B6C98476E496E4B059A1A
:109DA000012808BF0B4604F16C066C49009330464D
:109DB0004FF4613309F032FC013001D10023E36636
:109DC000E06E0028C3D0F7F7DDF906466068036847
:109DD0009B6A9847B042BAD36068E16E0368324626
:109DE000DB689847002384F89831B0E72046FFF7F6
:109DF0005FFB5B4B5B4A5C491A2818BF1A46236914
:109E000004F16C0093F9123000920122D2E7236929
:109E1000597893F9010011F06F0F48D0504B534A15
:109E200010F0010F08BF1A46860705D5504E514B5A
:109E300011F0010F08BF334646072ED5DFF864C185
:109E40004D4E11F0030F08BF664610F0080F26D0E4
:109E5000DFF854E1DFF854C111F0070F08BFF446F2
:109E600010F0200F1ED0DFF84881DFF848E111F034
:109E70000F0F18BFC646400617D5404811F02F0FE8
:109E80003F4918BF0146CDE902E1CDE9006C3D49EB
:109E900004F16C0009F0C2FB8EE7314ED5E7DFF824
:109EA000C0C0DDE7DFF8B8E0E5E72D49EBE70223C6
:109EB000A36694F86220344B53F8222009E093F90A
:109EC0002030012B0BD0022B0DD0002B7FF478AF6C
:109ED0002E4A2F4904F16C0009F0A0FB6CE794F8BE
:109EE00062202C4BE8E70623A36669E72046FFF7CC
:109EF000DFFA1949284A1A2818BF0A46274904F1E7
:109F00006C0009F08BFB00287FF458AF58E793F9F9
:109F10002230022B7FF41BAF214B1B68DB6A93F8C6
:109F20009C301BB1012384F8843010E794F884300E
:109F3000002B3FF40CAFE36F9B057FF508AF636E1A
:109F40008342BFF404AF2046FFF7B2FE05F57A73F3
:109F50006366FCE67574030870740308C77403082D
:109F60003A6D03087D740308EA740308EB6803087C
:109F700082750308817503089A740308B174030895
:109F8000B27403084575030858760308587503082A
:109F90006875030834760308BA7403086375030808
:109FA000082600209B740308A4740308A374030804
:109FB000AB740308AC74030806207047836893F9F8
:109FC00024302BB1D0F8BC05B0FA80F040097047BE
:109FD00001207047D0F8BC350B60012070470000AD
:109FE00000487047BC7603087047000090F8C03501
:109FF000822B08D81A0611D4033B012B0ED9084B2B
:10A000000B6001207047FF2BF9D1054B0B60836873
:10A0100093F92400B0FA80F040097047014BEFE754
:10A02000AE47613E8FC2F53D00207047704700008B
:10A030000120704710B50446FAF740F8204610BDDD
:10A0400013B5D0F8BC150023012202FA03F40C4228
:10A050000CD0C268127800910649013251F82330C1
:10A0600005490620F8F780FB02B010BD0133172B1D
:10A07000EBD1F9E77C790308C4760308C1F30271D8
:10A080000139C9B204299ABF014B585C00207047BE
:10A090007479030830B5D0F8E8357BB190F8EC5509
:10A0A0000020C2B2954209D953F830208A4200F10B
:10A0B000010401D140B230BD2046F2E74FF0FF303D
:10A0C000F9E7000030B5039C0A44914209D011F829
:10A0D000015B18782844C0B2187025782844207095
:10A0E000F3E730BD2DE9F041044640681D460368A2
:10A0F00086B09B6ABDF8306088461746984706F1DF
:10A10000080398424FF000003AD3B5238DF8103081
:10A110008DF8137062230DF10F078DF80E008DF886
:10A120000F008DF8113004220DF10E030DF1120114
:10A13000204600978DF81280ADF81460FFF7C2FF3B
:10A140003246294620460097FFF7BCFF6068036847
:10A150000622DB6804A99847606803683246DB681A
:10A1600029469847606803680122DB680DF10E01FB
:10A170009847606803680122DB68394698470120E8
:10A1800006B0BDE8F081000013B5044640680368DE
:10A190009B6A9847072806D9002300931A46062190
:10A1A0002046FFF79FFF02B010BD00001FB590F8DA
:10A1B0009734052B05D9FFF7E7FF002005B05DF8C0
:10A1C00004FB02238DF80C108DF80D200093012262
:10A1D00003AB0621FFF786FFF0E70000F0B5044669
:10A1E00040681D46036885B09B6A0F46164698472F
:10A1F0000A280FD903230093012203AB062120462E
:10A200008DF80C708DF80D608DF80E50FFF76AFF19
:10A2100005B0F0BD0020FBE790F8E1350133DBB27B
:10A2200080F8E1352BB990F8752490F87A14FFF78F
:10A23000D5BF7047022938B50546184641D00A29CE
:10A2400039D001291ED1122A1AD8012A1AD9931EEF
:10A25000102B17D8DFE803F0171D0916233F161639
:10A2600016161616161616162900012320248342E8
:10A270003BD1D5F8BC3523EA0403C5F8BC3501E071
:10A28000202A2CD038BD95F8E54584F0010302243E
:10A29000EDE795F8E54584F001030424E7E795F838
:10A2A000E54584F001030824E1E795F8E54584F0ED
:10A2B00001031024DBE7092A15D00B2AE2D1802400
:10A2C0000FE0102A01D0152ADCD1AB684FF480745E
:10A2D00093F82230CBE701234FF40054C7E74FF443
:10A2E00000440523C3E74024FBE72846FFF776FF39
:10A2F000D5F8BC352343C5F8BC35012385F8E335D3
:10A30000C0E700002DE9F04385B002AFC0F8F43596
:10A3100097F8283080F8F83590F8FC3580F8EC256F
:10A32000541C83F001035B42A40080F8F935002639
:10A33000E31DC0F8E815C0F8F06505469146406891
:10A340006A46DB08A2EBC3039D46026802AB926A31
:10A350007B60013C8846A4B2904704F1090292B2A6
:10A36000904218D37B680296414603AA08EBC909BC
:10A37000494504D051F8080B42F8040BF8E70134C2
:10A38000A4B200948B2206212846FFF7ABFE0C37BF
:10A39000BD46BDE8F0833046F9E7000013B50C2355
:10A3A0000446009309220B4B0621FFF79BFE09F0A0
:10A3B00029FF94F88834C4F88404013384F888347D
:10A3C000E36805491A780620013202B0BDE8104062
:10A3D000F8F7CAB9E47A0308EC76030810B500234D
:10A3E00008240279082A0ED8DFE802F00B051217BC
:10A3F000202B3B4B5100622902D10223037102E062
:10A400000371B52901D0002046E003790133F5E757
:10A410000323037141718171F5E7042303714379CB
:10A4200019448379C9B241711944F4E705230371D2
:10A430004379827901800B44DBB243711344837109
:10A44000E1E706230371437982790B44DBB2437160
:10A4500013448371038803EB0121002301804380AF
:10A46000D1E74379028819448379C9B2417119440B
:10A470004388817101339BB29A424380C3D1072341
:10A48000BCE7427904718A42BDD00371A9E78279A1
:10A4900003718A42A5D1012010BD000007B5002339
:10A4A000009304220A21FFF71DFE03B05DF804FBB0
:10A4B00037B5069D0095044601F03AFC124B236027
:10A4C0004FF47F43A4F8963441F6FF73C4F8BC35CB
:10A4D000FF2384F8C0359DF81C3084F8DF35E1682F
:10A4E000A068012384F8E23584F8E43584F8E73580
:10A4F000002309781A46FDF729FD2046FFF7CEFF15
:10A50000204603B030BD00BF987A03081FB5C3686A
:10A51000044619788068FEF77DF80123ADF80A300B
:10A5200006210023ADF80800ADF80C30009102AB15
:10A5300008222046FFF7D6FD04B010BDB0F87624FF
:10A54000083201F0B3BC00002DE9F74F0569D0F8DF
:10A55000BC35044695F9010038B923F40023C4F84A
:10A56000BC356B7884F8E6352EE013F4002000F05B
:10A570008880D4F80036FBB128460DF1070110F8A9
:10A58000017F07F0EF0747F021078DF80770FDF70F
:10A590004DFA4FF0000C60466646312210214FF014
:10A5A00028080CF1FF3527FA0CF3052D64D8DFE8F5
:10A5B00005F00E2C6E6363A20821152015F0C2FC75
:10A5C000C4F800060028D7D103B0BDE8F08FD4F856
:10A5D00000964FF0200A09EBC00509F830A003F0FF
:10A5E00001036E70AA70E9706B6000F1010ED4F87F
:10A5F000009602305FFA8EFEC0B209EBCE054FF036
:10A60000050A09F83EA06E7033E0D4F800E64FF07A
:10A6100021090EEBC0050EF8309003F001036E70B7
:10A62000AA70E9706B60D4F8009600F1010E5FFA31
:10A630008EFE09EBCE054FF0070A09F83EA06E70BA
:10A64000AA70E9706B6000F1020ED4F8009694F8DD
:10A65000C1A55FFA8EFE4FEACE050330C0B24D446D
:10A66000BAF1000F10D14FF00A0B09F83EB085F88F
:10A6700001A0AA70E9706B600CF1010CBCF1070F2E
:10A680008FD123695B786DE74FF0090AB9E7D4F8F9
:10A6900000E64FF022090EEBC0050EF8309003F0F3
:10A6A00001036E70AA70E9706B60D4F8009600F137
:10A6B000010E5FFA8EFE09EBCE054FF00D0A09F888
:10A6C0003EA06E70AA70E9706B6000F1020ED4F8C3
:10A6D000009694F8C1A55FFA8EFE4FEACE050330CE
:10A6E000C0B24D44BAF1000F02D14FF00E0BBCE7DF
:10A6F00009F83E8087E7D4F800E64FF025090EEB15
:10A70000C0050EF8309003F001036E70AA70E97076
:10A710006B60D4F800A600F101095FFA89F90AEB31
:10A72000C90E4FF0180B0AF839B08EF801608EF898
:10A7300002208EF80310CEF8043094F8C195851CE1
:10A74000EDB2B9F1000F12D1D4F800A60AEBC50E94
:10A7500003304FF01A0B0AF835B0C0B28EF80190F2
:10A760008EF802208EF80310CEF8043084E72846D5
:10A7700082E7000090F8C00500F0FD00A0F1800322
:10A78000584258417047000008B50246FFF7F2FFF3
:10A7900028B992F8C005A0F184035842584108BD79
:10A7A0002DE9F04F85B002AF06460C4692469B4617
:10A7B000FFF7EAFF20B900200C37BD46BDE8F08F57
:10A7C0003046FFF75BFC0023C7E90033804600F109
:10A7D0000F03706823F00703ADEB030D03689B6A5A
:10A7E00098471FFA88F505F110039BB298420DF1C6
:10A7F0000809E0D301233B707C6087F801B03C4638
:10A8000003CC0835029003914246514604A8ADB2EC
:10A8100017F096FE00954B468A2206213046FFF738
:10A8200061FCC9E77FB505460E46FFF7ADFF98B15D
:10A830000024CDE90244686803689B6A98470F28A2
:10A840000CD9082300938B226B4406212846ADF8CF
:10A8500008400396FFF746FC04B070BD2046FBE7B6
:10A860002DE9F04F2DED028B90F87A14052997B061
:10A87000044640F0C18090F87514012945D190F844
:10A880006230062B03D00A2B2FD000251BE090F856
:10A890006330242B1DD008D8092B0FD0162BF4D1F0
:10A8A000D4F8BC3523F4805317E0312B18D03E2B5D
:10A8B000EBD1D4F8BC3523F400630EE0002580F81A
:10A8C0007B1480F8E355284617B0BDEC028BBDE839
:10A8D000F08FD0F8BC3523F48063C4F8BC35D4E7DE
:10A8E000D0F8BC3523F48043F7E790F86330092BA8
:10A8F00006D00B2BC9D1D0F8BC3523F08003ECE790
:10A90000D0F8BC3523F04003E7E70029BDD190F82B
:10A910006230062BB9D190F863308A2B34D08B2B60
:10A92000B3D1D0F8E855002DAFD090F9F92590F8C3
:10A93000EC05561C4FF001030DD184F8F91584F88D
:10A94000FC3594F9F93583429FDA55F833102046E7
:10A95000FFF768FF99E7D4F8F06503FA02F1834046
:10A960003143013B9942C4F8F01501D0824207DB24
:10A97000D4F8BC35D4F8F41523EA0103C4F8BC3587
:10A98000013284F8F925DCE7D0F8E81500293FF416
:10A990007CAF90F8C035842B1AD1D0F8F435B3F5DC
:10A9A000800F15D194F8DD3590F9FA050133DBB24B
:10A9B000022B84F8DD350BD9012384F8DE35E368FA
:10A9C0001A7851F83030C94901320320F7F7CCFE2C
:10A9D00094F9FA25D4F8E835C54953F832301A0C01
:10A9E00012048A427FF451AFE268C249127804200F
:10A9F0000132F7F7B9FE48E706290ED190F8752421
:10AA0000162A00F05B817FD8012A00F08381082A92
:10AA100000F09D81002A00F0958194F87A240A2A9A
:10AA200040F0B68294F8758408F0FD03092B3FF4DA
:10AA30002CAFB8F1040F40F0B882012304F2B746FE
:10AA400084F8983404F18001304604F2994718F0F4
:10AA500099FA04F18A051E2204F16201384618F0C1
:10AA600091FA4346A44AF021284617F077FD04F2F4
:10AA7000B158002800F02782011D0822404618F036
:10AA800081FA9E4BE2689E49CDE901671278013256
:10AA9000009206204246F7F767FE9A4908223046A0
:10AAA00018F05CFA002840F01B8297490A223846C9
:10AAB00018F054FAE8B994F8C0359449802B1EBFB9
:10AAC000D4F8BC3543F48033C4F8BC35802384F813
:10AAD000C035D4F8BC3523F4006343F40023C4F834
:10AAE000BC354046F6F744FB002840F0EE8184F880
:10AAF000C10587490A22384618F030FA10B9812377
:10AB000084F8C0350127ECE13E2A41D08B2A00F0C1
:10AB10003581242A81D100238268A0F8623092F91D
:10AB200014305D1C08D090F8641099421EBF80F864
:10AB300064300123A0F8623092F92130B4F86250F9
:10AB400013F1640F1BD094F96E209A4217D045F090
:10AB5000020584F86E30A4F86250242204F16203E6
:10AB6000009206212046FFF7BDFAD4F8BC3543F425
:10AB70008063C4F8BC35012384F8E33585E6002DF5
:10AB8000EBD1D4F8BC3523F48063C4F8BC359AE625
:10AB9000D0F8108098F90160002E3FF48AAEFFF7DC
:10ABA000E9FD054600287FF484AE04F1620207AF98
:10ABB00004F19A091346BE4610685168BC46ACE8D9
:10ABC000030008324A456746F6D11068CCF8000009
:10ABD0000022114646FA02F0C00703D5012A1CBF25
:10ABE0000131C9B20132072AF4D14A0094F86560F4
:10ABF0000592002722464FF0080ABE423FDD92F838
:10AC000066C098F9010040FA0CF010F001004FEA1C
:10AC1000C7012AD0BCF1010F1DD094F863900598AC
:10AC2000A9F1030B9BFBF0F094F8C0B5C0B2BBF1E7
:10AC3000040F82F8670002D8BCF1020F12D082F82C
:10AC400068902144D1F86A0040F00100C1F86A0020
:10AC500001370832D1E74FF0030082F867C082F86D
:10AC60006800EEE782F868A0EBE7214482F867000D
:10AC700082F86800D1F86A0020F00100E6E7194682
:10AC80003C227046059317F04BFC059B88B1F600FB
:10AC9000043600963E2206212046FFF723FAD4F818
:10ACA000BC3543F40063C4F8BC35012384F8E335B4
:10ACB00009E6D4F8BC3523F4006366E7836893F9AA
:10ACC0002050022D3FF4ECAD90F86230AB423FF4DF
:10ACD000E7AD034603F8625F08250095FFF702FA27
:10ACE000D4F8BC3543F4805343E700BF0C77030826
:10ACF000000031102C77030854770308BEF80308CE
:10AD000059770308757703087E7703088977030866
:10AD100099770308B0F87634082B10D190F897345F
:10AD2000052B02D9FFF730FAAFE5034493F86430FE
:10AD300094F8632094F86210FFF77CFAA5E590F888
:10AD40006430F5E790F8623080F897349DE5036948
:10AD5000B0F86220B3F902309A4207D1436E012B5A
:10AD600004D1D0F8BC3523F00103B6E52046FFF747
:10AD7000CDFBD4F8BC3543F00103FAE6B0F87634E5
:10AD8000DFF850A4043BDBB200F16607042B7FF62A
:10AD900044AEB846043B58F8049BDBB2D14505935A
:10ADA00015D13B79002B72D04FF000038DF81C3089
:10ADB00007AA072351462046FFF7F2FC012384F837
:10ADC000E335D4F8BC3543F48033C4F8BC35494688
:10ADD0002046FFF75FF905462046FFF74FF9002DA3
:10ADE00006464BDBD4F8E8252BB202EBC303059AE9
:10ADF000824203F1040B0DD3012804D13A795B6838
:10AE00005340DF0706D432464146584617F088FBC8
:10AE1000002841D094F8F8355A4649462046FFF7B5
:10AE2000BFFCD4F8BC35D4F8F42584F8FA551343A4
:10AE3000C4F8BC350122D4F8F03584F8E32502FAD1
:10AE400005F123EA0103C4F8F03594F9F935002B34
:10AE500014DB94F8EC158B4210DAD4F8E82552F89C
:10AE6000330048450AD101335BB2994284F8F93581
:10AE700004DD52F833102046FFF7D4FC002E3FF4D7
:10AE800004AD059B9B1BDBB208EB06077EE7D4F8FD
:10AE9000BC3523F4803398E794F8EC25D4F8F0051A
:10AEA000012303FA05F59340013B05439D4204BF8E
:10AEB000D4F8BC35D4F8F425C4F8F05504BF934356
:10AEC000C4F8BC35C1E7BB4BDCE5BB494046F6F7EF
:10AED0004FF900287FF40DAE012384F8C13508E650
:10AEE0000027B6490822304618F038F810BB8223F4
:10AEF00084F8C035D4F8BC3523F4006343F48013E0
:10AF0000C4F8BC35012384F8FC35AD4A0423F02194
:10AF1000284617F023FB78B1012384F8FD35A949B1
:10AF20000620F7F721FCD4F8BC3543F40013C4F82D
:10AF3000BC3501E0002FE8D1A34A0923F0212846BF
:10AF400017F00CFB00283FF4A0ACA04A0C23F02122
:10AF5000284617F003FB00283FF497AC842384F8BD
:10AF6000C0354FF48003C4F8BC35E3689849002528
:10AF70000122C4F8D855A4F8DC5584F8DE5583F8CE
:10AF80002C20E3681A7806200132F7F7EDFB9AE4EB
:10AF9000022A0ED194F87534102B04D1A36893F9CA
:10AFA000223013B171E4152BF8D02046FFF734F9A5
:10AFB0006BE4012AF9D194F87524122A17D8012AD2
:10AFC0001ED9931E102B1BD8DFE813F02900B60002
:10AFD000E3001A000A0193011A001A001A001A006D
:10AFE0001A001A001A001A001A001A00A102302AC8
:10AFF00000F0F882452A00F03281202A00F07C829D
:10B0000094F8E1550135EDB284F8E155002D7FF457
:10B010003CAC2B4601212046FFF7E0F853E494F8BE
:10B02000E53533B1D4F8BC3543F00203C4F8BC3580
:10B0300052E0D4F862109FED688A2046FFF77EFA4E
:10B04000D4F86230C4F88034E368D4F866209A619A
:10B05000E368D4F86A205A61E368012583F85C50FC
:10B06000D4F86E10D4F87230E2685B1A07EE903AAA
:10B07000F8EEE77A0A2367EE887A2046C2ED167A60
:10B08000D4F87220E16892FBF3F200F099FFE368D4
:10B0900094F8E2255A70D4F8762094F8E03507EE5B
:10B0A000102AB8EE477A2B4384F8E03527EE087A69
:10B0B000E36883ED117AD4F87A20E36807EE902AEA
:10B0C000F8EE677A67EE887AC3ED127AE36883F860
:10B0D0005250E36883F85350E36893F85430A3B1B7
:10B0E00094F8C035842B40F0AD8209F08BF8D4F889
:10B0F000D435C01AB0F5C87F40F29C82E2680023C4
:10B1000082F85430E26882F8553094F8E035D90777
:10B110007FF5BBAB9A07C3F340057FF5B6ABD4F818
:10B120007C14D4F8802491427FF4AFAB23F0030366
:10B1300084F8E035FFF7C7BBD4F862102046FFF76C
:10B14000FDF994F8E5356BB1D4F8BC3594F8752465
:10B1500023F00403C4F8BC35002301212046FFF787
:10B160003DF8B9E794F86710E26811F0010F0BD0D1
:10B1700094F86630032B05D18D0700D5042384F89D
:10B18000E235A9E7022BFAD0012384F8E2355370A7
:10B19000A2E7002384F8E435D4F862102046FFF7D4
:10B1A000CDF9E368B4F86E20DA85E368B4F86C2072
:10B1B0001A8691E73A6D030891770308A47703088C
:10B1C000AD770308B2770308CA770308D47703087A
:10B1D000E1770308010003206F12833AACC52737DB
:10B1E000D4F862102046FFF7A9F994F8E535E26833
:10B1F0001BB1B4F86A3013816EE794F86D10C8077C
:10B2000028D594F86C30032B22D18A0700D504236B
:10B2100084F8E23594F8E4351BB1E368B4F88E2085
:10B22000DA85E36894F8912083F8322094F8E235C7
:10B23000012B7FF651AFE56808F0E4FF2866E3686C
:10B24000D4F862205A60E368B4F86A201A8143E7B0
:10B25000022BDDD0012384F8E2355370DAE794F84D
:10B26000C035842B07D1B4F876343C2B03D194F845
:10B270006230022B07D0E268002382F85430E26883
:10B2800082F8553028E7D4F866102046FFF756F9C3
:10B29000D4F86630C4F8D035D4F89A305F06EAD5D1
:10B2A00008F0B0FFD4F87A301FED348AE66800EE7B
:10B2B000103AB8EEC00A054620EE080AFAF734F84C
:10B2C00086ED090AD4F89220E36807EE902AF8EE9A
:10B2D000677A67EE887AC3ED137AE268012382F811
:10B2E0005430E26882F85530E3689D62C4F8D45562
:10B2F000F2E6D4F8BC35D4F862101FED498A23F089
:10B3000004030125C4F8BC35204684F8E555FFF751
:10B3100015F9D4F86230C4F8C435C4F88034E36851
:10B32000D4F87A209A61E368D4F87E205A61E36801
:10B3300083F85C50D4F88210D4F88630E2685B1A47
:10B3400007EE903AF8EEE77A0A2367EE887A20460D
:10B35000C2ED167AD4F88620E16892FBF3F200F091
:10B360002FFE94F87630052B00F2C380DFE803F05F
:10B37000C1C1039FB8C1E36802225A70E2681FEDA1
:10B38000690A537884F8E23594F8E03543F0010314
:10B3900084F8E035D4F88A3007EE903AF8EE677A10
:10B3A000012567EE887AC2ED117AD4F88E20E36821
:10B3B00007EE902AF8EE677A67EE887AC3ED127A84
:10B3C000E36883F85250E36883F85350E36894F8D5
:10B3D000792083F83220D4F89E20D4F86230C4F863
:10B3E0007C3407EE902AF8EEE77AE36867EE887A15
:10B3F000C3ED077AD4F8A230E66807EE903AF8EE8B
:10B40000E77A27EE800AF9F78FFF86ED080AE368EE
:10B4100083F85050D4F89220E36807EE902AF8EEB3
:10B42000E77A67EE887AC3ED0D7AD4F89620E36860
:10B4300007EE902AF8EEE77A67EE887AC3ED0E7A87
:10B44000D4F89A20E36807EE902AF8EEE77A67EEE0
:10B45000887AC3ED0F7AE36883F85150D4F8A620B8
:10B46000E36807EE902AF8EE677A27EE888A83ED84
:10B47000108A94F8E03543F0020384F8E03594F83C
:10B48000E4353BB1E368B4F8AE20DA85E368B4F89C
:10B49000AE201A8694F87630012B03D9E56808F0BF
:10B4A000B1FE2866E368D4F862205A6014E6E368C7
:10B4B00003225A7094F877309E0742BFE368042253
:10B4C0005A7094F877305D0642BFE36805225A70DF
:10B4D00094F97730002BBFF651AFE36806224CE7B2
:10B4E00094F877205F490620F7F73EF9E3680322D6
:10B4F00043E7E3685D7041E72046D4F86210FFF748
:10B500001DF894F86D3098077FF5E6AD9BE694F84A
:10B51000E53523B1D4F8BC3543F0100386E5D4F803
:10B5200062109FED518A2046FFF708F8D4F8762084
:10B53000D4F86230C4F87C3407EE902AF8EE677ACB
:10B54000E3689FED4A0A67EE887AC3ED077AD4F87C
:10B550007A30E56807EE903AF8EEE77A27EE800A4F
:10B56000F9F7E2FE85ED080AE368012583F85050FB
:10B57000D4F86620E36807EE902AF8EEE77A2046D2
:10B5800067EE887AC3ED0D7AD4F86A20E36807EE97
:10B59000902AF8EEE77A67EE887AC3ED0E7AD4F84F
:10B5A0006E20E36807EE902AF8EEE77A67EE887A75
:10B5B000C3ED0F7AE16800F019FCE36883F851509D
:10B5C000D4F87E20E36807EE902AF8EE677A67EEFB
:10B5D000887AC3ED107A94F8E03543F0020384F8DA
:10B5E000E03579E5D4F862102046FEF7A7FF94F81D
:10B5F000672002F00702022A84F8C0250FD88AB11A
:10B60000D4F8BC3523F40063C4F8BC35D4F8BC3599
:10B6100023F40073C4F8BC35302200239DE5D31E0B
:10B62000012BF3D9124B13491B68986903681B68F7
:10B630009847EBE7D4F8D025D4F8C4359A427FF484
:10B6400024A962E508F0DEFDD4F8CC35C01AB0F5C7
:10B65000C87F04D9E368002283F8542055E5D4F864
:10B66000C825E9E7FF7703080AD7233CACC527378D
:10B6700008260020137803082DE9F04F87B002AFA9
:10B6800081460C4690461D46FFF77EF820B9002003
:10B690001437BD46BDE8F08F00236A46C7E9023380
:10B6A000D9F8040008F10103DE00A2EBC3039D46B4
:10B6B00003689B6A98470836B0420DF1080AE6D342
:10B6C00001233B727D72BB68029303AE04EBC80892
:10B6D0004FF0040B444515D02346484653F8042B3D
:10B6E0007B601146FEF7CAFC46F8042B7B680546D2
:10B6F0000246194630462E44043516F021FFAB446D
:10B700000834E7E71FFA8BF2009253468A2206219B
:10B710004846FEF7E7FCBBE713B5836893F924308E
:10B720000446002B39D0406803689B6A98470D286F
:10B7300033D994F8C035D4F8BC25842B2FD15002CE
:10B740002BD594F8DE3543BB08F05CFDD4F8D83532
:10B75000C31AB3F57A7F20D394F8DC35132B0ED9B6
:10B76000012384F8DE35E368AA491A78D4F8BC3599
:10B770000132032002B0BDE81040F6F7F5BF0133F7
:10B7800084F8DC350323C4F8D8050093A2494FF4AC
:10B7900080030C222046FEF7B5FD02B010BD110754
:10B7A00006D594F8E51519B122F00802C4F8BC25B5
:10B7B00094F89624511C84F89614192A00F22881D2
:10B7C00001A151F822F000BF31B80108C1B8010849
:10B7D000D1B8010841B80108CDB80108C9B80108BD
:10B7E000D5B801083DB801084DB8010865B8010891
:10B7F0008DB8010897B801089BB7010835B9010851
:10B80000D9B80108DDB80108E3B80108E7B80108B4
:10B81000FFB801080DB901089BB701084BB9010831
:10B8200055B9010891B90108D3B90108E7B9010870
:10B83000072201212046FEF7B9FC10E02022F8E79C
:10B84000204602B0BDE81040FEF79EBCFF2BA4D1FD
:10B8500000230093302201212046FEF743FC0028FC
:10B860009BD18AE0A36893F92030022B07D00023F4
:10B870000093162206212046FEF734FC8DE7D4F80B
:10B88000BC3523F48053C4F8BC3586E7002300930D
:10B8900024220621E0E72046FEF76CFF034660B154
:10B8A000236994F8E62593F901309A423FF475AF85
:10B8B000D4F8BC3543F40023E5E700903E22E8E7E6
:10B8C000002300930822E4E70222B2E70322B0E754
:10B8D0000622AEE71222ACE70422AAE709220A21D7
:10B8E000A8E70B22FBE7A36893F9223023B9D4F829
:10B8F000BC3523F48073C6E7102202219AE7A368BF
:10B9000093F92230002BF2D01522F6E794F8983400
:10B910005BB9424B1B68DB6A93F89C302BB920461D
:10B9200002B0BDE81040FEF7B9BDD4F8BC3523F431
:10B930000073A8E72046FEF71DFF00283FF42DAF57
:10B9400037492046FEF76EFF89E7D4F8BC3523F46B
:10B95000802398E703F0FD03802B7FF41EAF204681
:10B96000FEF7F2FD024600283FF417AFD4F80016A8
:10B9700003232046FFF780FE28B994F89634013B54
:10B9800084F8963409E708F03DFCC4F8900404E715
:10B9900003F0FD03802B7FF400AF08F033FCD4F8F4
:10B9A0009034C01AB0F5FA7FE7D30023C4F890347E
:10B9B0002046FEF7C9FD024600283FF4EEAE032301
:10B9C000D4F8001600934FF400232046FEF79AFCAB
:10B9D00045E7822B7FF4E1AE0323009311494FF436
:10B9E00080130822F1E794F8FD35002B3FF4D5AE23
:10B9F000A368DB8C13F0200F4FF00303009314BFF8
:10BA000009490A494FF4001314BF02220122DCE75E
:10BA10000023B5E734780308187A030808260020C5
:10BA200001000320D8790308807A0308787A030894
:10BA30002DE9F743044608F0E5FBD4F88C34B4F85C
:10BA40009424C31A9342054662D32046FFF764FE4E
:10BA5000D4F8BC35C4F88C547BB3C823A4F8943410
:10BA6000606803685B699847B0F5005F28BF4FF4D2
:10BA70000050002785B2B8460826BBB29D4240F26E
:10BA8000DC80606803680DF10701DB6998470028D6
:10BA900000F0D3809DF80730002019464FEA032CB0
:10BAA0004FF0060E94F87424082A3BD8DFE802F021
:10BAB0003F35454F607192AFB6004FF4FA63A4F87A
:10BAC0009434A36893F92330002BC9D094F87B24D5
:10BAD000002AC5D194F88824042AC1D8D4F8840453
:10BAE00041F288322D1A9542BAD9564A1268D26A62
:10BAF00092F89C20002AB3D1012B05D0022BAFD1A4
:10BB000094F8E335002BABD02046FEF747FCA7E7BF
:10BB1000D4F8BC35002BA3D1D3E7622B04D1022388
:10BB200084F874340137A8E7002284F87424B52B14
:10BB3000F8D194F874340133F2E7032284F87424C2
:10BB400084F87A3484F8723484F87334EAE704228F
:10BB500084F8742494F8722494F8731484F8753477
:10BB60001A44D2B284F872240A4484F87324D9E7C0
:10BB7000052284F8742494F87224A4F876141344EB
:10BB800094F87324DBB284F87234134484F8733469
:10BB9000C8E794F8722494F8739484F874E41A440F
:10BBA000D2B284F872244A4484F87324B4F8762418
:10BBB000624492B2B2F5826FA4F8762404D9A4F854
:10BBC000760484F874046DE7A4F87804002AA9D1F7
:10BBD0000723A5E794F8722494F873141A44D2B298
:10BBE00084F872240A4484F87324B4F87824B2F5F3
:10BBF000826F3CBF121982F86230B4F87834B4F81E
:10BC0000762401339BB2A4F878349A4290E794F8F2
:10BC1000722484F874649A42D3D183E7002284F8B2
:10BC2000742494F873249A427FF47CAF2046FEF784
:10BC300017FE002818BF804674E7404603B0BDE8F1
:10BC4000F08300BF082600200320704737B5054663
:10BC500040680191144668B103689B6A9847A04206
:10BC600008D9686801990368DB68224603B0BDE81B
:10BC70003040184703B030BD2DE9F04103468CB089
:10BC8000DB681A78084622B1012A2AD00CB0BDE838
:10BC9000F081D3E922ECD3E9247693F88510B3F848
:10BCA0007C50D3F8788093F88440D3F89830099387
:10BCB000CDE905ECCDE907768DF82E102323192167
:10BCC000CDE90328CDE90031ADF82A208DF82C20EC
:10BCD000ADF828508DF82D4003AA7F2102F030FBEB
:10BCE000D4E793F8841093F88520B3F87C40D3F818
:10BCF0007880D3E922E5D3E92476D3F89830099304
:10BD00000023CDE90338ADF82A308DF82C308DF8BA
:10BD10002E202323E222CDE900328DF82D10CDE92B
:10BD200005E5CDE90776ADF8284003AA8021D5E7DF
:10BD300010B504460C4820600298C4E90332C4E9F7
:10BD4000010164224FF4FA7104F1200000F0E0FCDC
:10BD5000E268002382F85130E26882F85230E268EB
:10BD600082F85330204610BD347B030810B590F89C
:10BD7000443013B9C368586810BD046D0CB9006C29
:10BD8000FAE7D0E912014FF47A720023F4F7AEFF1C
:10BD90002044F1E738B52DED028BC568DFED127A4E
:10BDA00095ED088A28EE278A0446B0EE480A15F079
:10BDB00053F8D5ED077A27EE800A85ED0D0AE56880
:10BDC000B0EE480A15F080F8D5ED077A27EE800A24
:10BDD000002285ED0E0AE368DA63E368002283F847
:10BDE0005020BDEC028B38BD35FA8E3C10B5D1ED3C
:10BDF0000D0A91ED0E0A0C4615F0A0F8DFED077A5A
:10BE000020EE270AF9F790FA04F1340084ED080ACD
:10BE100008F09EFD84ED070A10BD00BFE02E6542CC
:10BE2000F0B5C468164E2578846836680368F66AEB
:10BE30005B6B4FF0180C0CFB054E87B09EF820E1B1
:10BE4000CDE904126F1CBEF1000F0FD00CFB0544AE
:10BE5000D4F81C419847DDE90412CDE90104094BEF
:10BE600000973046F8F744FC07B0F0BD9847DDE98D
:10BE70000412CDE90070044B3046F8F739FCF3E7C3
:10BE800008260020F07A0308127B030800B58FB063
:10BE900001A93322FFF7C4FF034901AA0620F6F7E0
:10BEA00063FC0FB05DF804FB727703082DE9F341E2
:10BEB000036C8B420446884675D0D0E90676012390
:10BEC00080F8443057EA0603016420D0C3685B78E9
:10BED000012B1CD900220023C0E9062308F092F9A7
:10BEE000656DA26D60653223C5F119050544B5FB8A
:10BEF000F3F55D43E36DAB4219D1B4F86030042B28
:10BF000011D80133A4F86030A36D0BBB15E0606855
:10BF100030B1036891B29B6D984707460E46DDE746
:10BF200008F078F9F9E79542EED0A565ECE7002333
:10BF3000A4F86030E565002A38D1E368A068197874
:10BF4000FCF768FBC822322100B2F9F74FFAA0656E
:10BF5000A36D05EB5302B2FBF3F25A43D4E912137B
:10BF60004FF47A756A43521843F10003C4E912236F
:10BF7000CDE9007604F1200000F0CEFBE368C3E9D0
:10BF80001A01E368012283F87020E3685B7893422A
:10BF900009D9D4E912014FF47A720023F4F7A6FE0E
:10BFA000A8EB0000206502B0BDE8F08123684FF4E3
:10BFB0007A719B6CB1FBF2F12046C9B29847A3E7B6
:10BFC0008368DB8CDB0607EE902A0CD591F85C3099
:10BFD0004BB1D1ED166A9FED057AF8EEE77AE6EE01
:10BFE000C77AFDEEE77AC1ED047A70470000C842D7
:10BFF000006800BA7047000007B5036842681BBAC2
:10C0000012BA6846CDE90023F9F714FA51EC100B87
:10C0100003B05DF804FB000007B5FFF7E9FF0190EE
:10C0200001A8F9F703FA03B05DF804FB00F173020D
:10C0300008B503465018FFF7DBFF1860081D1044D1
:10C04000FFF7D6FF1944988091F87920DA8091F8AB
:10C050007A201A7291F87B205A7208BD70B500F1EF
:10C060007306044656FA81F0CDB2FFF7C5FFC4F857
:10C070000B0005F10800C4F80F1056FA80F0FFF726
:10C08000BBFFC4F8130005F11000C4F8171056FAEE
:10C0900080F0FFF7B1FFC4F81B00C4F81F1070BD9B
:10C0A000F8B54318044693F8733080F82330DA0764
:10C0B0000D4611D5CFB200F17306781C56FA80F008
:10C0C000FFF7AAFF07F1090084ED090A56FA80F08C
:10C0D000FFF7A2FF84ED0B0A94F823305B0708D525
:10C0E00004F17300053550FA85F0FFF795FF84EDF4
:10C0F0000A0AF8BD10B504310446733050FA81F0D5
:10C10000FFF78AFF84ED0E0A10BD000070B5CCB2B7
:10C11000054600F17306201D56FA80F0FFF77CFFFC
:10C1200004F1080056FA80F085ED120AFFF774FF5B
:10C13000103485ED130A56FA84F0FFF76DFF85ED94
:10C14000150A70BDF8B590F87130402B064631D114
:10C150000325002496F87230AB422CD973190235AE
:10C1600093F8747093F87330013B0B2B0CD8DFE815
:10C1700003F0060D0B0B0B0B0B12170B0B1C2946B8
:10C180003046FFF753FF01343D44E3E7294630468C
:10C19000FFF764FFF7E729463046FFF781FFF2E734
:10C1A00029463046FFF7A6FFEDE729463046FFF760
:10C1B000ADFFE8E700242046F8BD000010B5C36ECF
:10C1C000013B1446052B04D8DFE803F0101A1E22A9
:10C1D0003746022901D0002010BD0123C366002389
:10C1E00080F8753180F876311846F5E780F87010E0
:10C1F0000223C36690F87631194480F87611EAE795
:10C2000080F871100323F4E780F872100423F0E73C
:10C2100090F87531C218013382F8731090F87621C6
:10C22000114490F8722080F87611DBB29A4280F8BF
:10C2300075319CBF0523C366CDE70623C36690F81E
:10C24000763180F873118B42C5D1FFF77BFF8442B2
:10C2500018BF4FF0FF30BFE7002380F87411C366AA
:10C26000C2E7000010B5044B044918600446FAF711
:10C2700035FF204610BD00BFC03B00200C7C0308EA
:10C2800090F8533063B9012380F8533005480068B3
:10C290004FF40073006C80224FF4E131F8F740B99D
:10C2A000704700BF0826002004299FBF034B1031B0
:10C2B0001B6853F8210088BF002070470826002023
:10C2C000002850DD6F2846D01BDC132845D00EDC3B
:10C2D000431E082B11D8082B33D8DFE803F04105A3
:10C2E00032363232323239004FF416607047392814
:10C2F00039D064283AD026283AD04FF47A7358437C
:10C300007047B0F5FA7F36D010DCB0F5807F34D0BE
:10C3100006DC732834D0E628EFD14FF46130704743
:10C32000B0F5E67FE9D14FF4E120704740F2DC53ED
:10C33000984228D0B0F5FA6F27D040F2993398424E
:10C3400025D0B0F5FA6FD8DD70474FF4965070479E
:10C350004FF4165070470F4870474FF4964070479F
:10C360004FF4966070474FF4614070470A48704739
:10C370004FF416407047094870474FF47A307047C1
:10C380004FF4E130704706487047064870474FF455
:10C390006120D9E7FCB10100A086010020A10700BF
:10C3A00060E3160080841E000068FFF789BF00006C
:10C3B000914215D0CBB2581E012801D92B2905D1A5
:10C3C000511EC9B201290BD92B2A09D0053B012BDB
:10C3D00008D8501FC0B201288CBF00200120704730
:10C3E00001207047002070472DE9F84300250446DE
:10C3F000894617462E4600F1060818F935204946A9
:10C400002046FFF7D5FF38B1B74203D104EBC50092
:10C41000BDE8F8830136F6B20135052DEDD10020D7
:10C42000F6E7000010B5FFF7DFFF78B1C379092BFD
:10C430000CD8074A1033126852F8234024B12368FD
:10C4400081885B6B20469847204610BD0024FBE79F
:10C45000082600200E4B70B51D68CBB2092B0C4688
:10C4600012D8103355F8232000EBC1031168104691
:10C470004E6B9988B04750B9A869064903682246AF
:10C480001B68BDE87040184700231B68FFDE70BDC5
:10C4900008260020807B03082DE9FF410646FF2384
:10C4A00003A951308DF80C30FBF7DAFAB379013B70
:10C4B000012B84BF0223B3713046FFF7E1FE674BC7
:10C4C0001B68019306F108054FF001087327019AD4
:10C4D00008F1100352F8234085F807803CB31FFA97
:10C4E00088F13046FFF7B6FF95F9063001332C2B63
:10C4F00000F2AC80DFE803F0172525253037393905
:10C50000414BAA37AA56AA5E6084AAAA93AAAA5047
:10C51000AA9DAAAAAAAAAA1BAAAAAAAAAAAAAAAA17
:10C52000AAAAAAAA250023682046DB6F984708F12B
:10C530000108B8F1050F05F10805C8D104B0BDE840
:10C54000F0812846FFF730FF4FF4807301468022C8
:10C550002046F7F7E5FFEAE70923039303A92846F6
:10C56000FBF7E4FAE3E73923F7E72846FFF71CFF78
:10C57000102301464FF48072EAE703A92846039787
:10C58000FBF7D4FA80231A464FF4E131E0E703A920
:10C5900028460397FBF7CAFA2846FFF705FF8023D2
:10C5A0000146D4E7092303A9A81D8DF80C30FBF739
:10C5B0003DFABCE70397D1E7642303A92846039318
:10C5C000FBF7B4FA2846FFF7EFFE202301461022BE
:10C5D0002046F7F7A5FF236802215B6C20469847A9
:10C5E000236802219B6C2046984723680121DB6C5D
:10C5F0002046984723680021DB6B2046984796E742
:10C6000003A928460397FBF791FA2846FFF7CCFECB
:10C610001E2301461A462046F7F782FFEAE728461E
:10C62000FFF7C2FE802301461A462046F7F778FF3F
:10C63000DBE703A928460397FBF768FA2846FFF7CC
:10C64000B3FE102301464FF40072E4E72846FFF7DB
:10C65000ABFE01462046F7F76FFF68E7082600208B
:10C6600070B51E4690F95130002B04460D4601DA94
:10C67000002070BD90F950100029F9DBC9B2FFF716
:10C6800013FE286094F851102046FFF70DFE10604D
:10C690002B68002BECD00028EAD094F8500094F8D6
:10C6A0005120042894BF04EBC0000020042ADFD8E6
:10C6B00004EBC2050028DBD0FFF776FE049B186070
:10C6C0002846FFF771FE059B186094F9523023EA63
:10C6D000E37333700120CCE707B5FF230DF10701A9
:10C6E00051308DF80730FBF797F903B05DF804FB84
:10C6F00010B504299EBF00EBC104A27140F831308F
:10C7000010BD0000014B1868704700BFC03B0020FF
:10C7100001804280704700002DE9F043DDE9074CBD
:10C72000017EA71A6CEB030629B1D0E90251AF4292
:10C7300076EB010103DAC0E9027601210176D0E946
:10C740000251B0F800E04FF47A78551908FB0EFE5C
:10C7500043EB01011EEB050941F10008A14578EB0F
:10C760000C0809DAB4EB0E046CF10001A21A61EBBB
:10C770000303C0E902232546438B0BB9C0E90476C5
:10C78000D0E90442A74276EB0202B8BFC0E90476C2
:10C79000428801339BB29A42438301BFD0E904230C
:10C7A000C0E90223002343832846BDE8F08300004C
:10C7B0004FF0FF33002110B500224361044641725F
:10C7C00000F12003E830D9709A60DA601A615A6289
:10C7D0009A62DA621A635A639A63DA631A645A6471
:10C7E0005A659A65DA6564338342ECD1044B1A6862
:10C7F00022B904491C602046FAF770FC204610BD9F
:10C80000C43B00200C7D030890F8221029B90123B5
:10C8100043841170837118467047002070470000F0
:10C820004FF000007047000041B10379012B05D0A3
:10C830005A1C027140F823100120704700207047F5
:10C8400038B5054690F8220058B10023012007F0C2
:10C850005BFE00210446A86B07F066FE231A5842CF
:10C86000584138BD11B990F8210070470020704739
:10C8700038B590F90530044633B390F803311BB353
:10C8800000252279EBB29A4206D954F823000368B6
:10C890009B6898470135F4E707F0B4FCA36EC01A13
:10C8A000B0F5FA7F94F9E8302CBF0020012084F81D
:10C8B000210013B1002384F8053194F805112046B6
:10C8C000BDE83840FFF7CEBF002038BD024690F9E2
:10C8D0000500B0B192F8030198B1D2ED0D7A9FED49
:10C8E000097AF4EEC77AF1EE10FA09D4B7EE087AB5
:10C8F000F4EEC77AF1EE10FAD4BF012000207047A1
:10C9000000207047ABAA2A3F836B1BB1002138304F
:10C91000F9F796BE70470000014B1868704700BFDA
:10C92000C43B002010B50446006810B103685B6882
:10C930009847204610BD000010B50446006810B1AD
:10C9400003685B689847204610BD000070B5D0F8BA
:10C95000F45015F4803588B0064621D120222946AE
:10C96000FFF76EFF0446E8B1CDE906550022069BAD
:10C970000493114604A8CDE9052200F05BFB0146B3
:10C980003046FFF751FF04A8FFF7CCFF05A8FFF7DB
:10C99000C9FF06A8FFF7D0FF14B107A8FFF7CCFF27
:10C9A00008B070BD074B1B68596804220B68CDE9BD
:10C9B0000102054A00921D680246202306A8A847E6
:10C9C000D4E700BF08260020801A060010B50446F0
:10C9D000FFF7BCFF23790BB1A37943B9044B054999
:10C9E0001B6898690368BDE810401B68184710BDB4
:10C9F00008260020CC7C030810B590F905300446C9
:10CA00001BB3012380F80431836B13B1002280F83B
:10CA100004212364A37923B92046FFF7D7FFA37924
:10CA20004BB10A4B1B68986A036864215B6898479E
:10CA30002046FFF71DFF94F8223003B9A3630123BA
:10CA400084F80331002384F8043110BD0826002047
:10CA5000064B10B503600446FFF75EFF606004F10B
:10CA6000080006F07BFD204610BD00BF647D030872
:10CA7000F7B5054664276C68164607FB024306FBBC
:10CA80000744084693F870100190F8F76DFD94F98B
:10CA90002030019833B96B68597A03B0BDE8F04093
:10CAA000F8F762BD94F82410F7E700002DE9F04193
:10CAB00046684FF0640807460D4608FB02611446BD
:10CAC00028312846F8F7D0FC78682146FFF7FEFEAB
:10CAD00040B108FB046494ED0D0A2846BDE8F0411E
:10CAE000F8F7DCBCBDE8F08110B54368642404FBB2
:10CAF000023407C904F15C0383E8070007F082FBF6
:10CB0000A06607F079FBE06610BD0000F0B50746AF
:10CB100085B00D46164600F10801A92203A8F7F7D3
:10CB200059FC7C68642303FB0543D3F8802022B9B9
:10CB300003A8F7F76BFC05B0F0BDBEB196ED007A27
:10CB4000D3ED1D7A67EE877AC3ED1D7A96ED017AF3
:10CB5000D3ED1E7A67EE877AC3ED1E7A96ED027AE0
:10CB6000D3ED1F7A67EE877AC3ED1F7A642607EE4E
:10CB7000902A06FB05417431B8EE670A0846019118
:10CB8000F8F7A0FC01992A463846FFF7ADFF06FBEF
:10CB900005410023CB678B674B670023C1F88030CA
:10CBA000C6E700004068FFF72FBE0000F7B5064655
:10CBB00040680192642707FB01000D46383001A947
:10CBC0001446FAF7BFFF716807FB0515EC6303B065
:10CBD000F0BD000013B5436864200C4600FB013132
:10CBE00091F92010022908D020330DF1070104FB30
:10CBF00000308DF80720FAF70FFF02B010BD0000DB
:10CC00004368642000FB013181F870207047000008
:10CC1000F8B5054608460F46F8F782FC10B1002427
:10CC20002046F8BD3846F8F761FC04460028F6D1E6
:10CC30006B6893F9F8607EB13846F8F725FF95EDFB
:10CC4000087ADFED1F7AF0EEC76AF4EEE76AF1EEDC
:10CC500010FA03D585ED080A0124E1E777EE407A62
:10CC600030EE076AF0EEE77AC7EE866AF6B207EEB4
:10CC7000906A9FED146AF8EE677A26EE866AF4EE03
:10CC8000C67AF1EE10FA48BFB2EE046ADFED0E7A12
:10CC900045BF6B6A66EE866AB0EE676A87EEA66A83
:10CCA00046BF01336B620124F7EE007A77EEC67A55
:10CCB00020EE060AA7EE270A85ED080AB0E700BFB6
:10CCC0000000003400004843CDCCCC3D2DE9F743B3
:10CCD00004460E4615461F46FFF7CAFE314620465B
:10CCE0002A46FFF7E3FE31462046FFF791FF28B3BF
:10CCF0009B2204F1080101A8F7F76CFB64684FF070
:10CD0000640909FB054808F1740831464046F8F704
:10CD1000ABFB09FB0542D2F880100131C2F880104C
:10CD20004FB1B94207D34908C2F88010B0EE000AEB
:10CD30004046F8F7C7FB01A8F7F768FB03B0BDE86A
:10CD4000F083000090F82C100022FFF7DFBE0000F7
:10CD5000F8B504460D4617461E46FFF779FE074B09
:10CD600023602B68A36200224FF07E532A6084F870
:10CD70002D7084F82E6023632046F8BDA87D03083B
:10CD80007FB50446806A03685B6A984703689B68BE
:10CD90009847A06A037A03F00703022B02D180218F
:10CDA00007F0B0FBA06A03680A219B6C9847A06A51
:10CDB00001230DF10302042107F0E6FA50B9A06A3D
:10CDC00003685B6A98470368DB6898470025284634
:10CDD00004B070BDA06A01230DF10202052107F025
:10CDE000D3FA0028EBD0A06A01230DF10502062139
:10CDF00007F0CAFA0028E2D0A06A012301AA07219D
:10CE000007F0C2FA0028DAD0A06A01230DF1070268
:10CE1000082107F0B9FA0028D1D0A06A01230DF14A
:10CE20000602092107F0B0FA0028C8D09DF80230A8
:10CE3000C82BC4D19DF80430C82BC0D19DF8052063
:10CE40009DF8033013439DF807201343B7D19DF895
:10CE50000630C82BB3D10A220821A06A07F01AFABB
:10CE6000012394220B21A06A07F06AFA01231946D4
:10CE70007122A06A07F064FA012300220421A06A4B
:10CE800007F05EFA0123C8220521A06A07F058FACC
:10CE9000012300220621A06A07F052FA0123C822CA
:10CEA0000721A06A07F04CFA012300220821A06A9A
:10CEB00007F046FAC82201230921A06A07F040FAC8
:10CEC000A06A254B2363036803219B6C9847A06AE3
:10CED00003685B6A98470368DB689847A06A11217A
:10CEE00007F0F0F9A36A04F12C0299682046FFF7D5
:10CEF00059FE054600283FF46AAFA36A94F82C1047
:10CF00009A682046FFF752FE144BA26A1B68527AB9
:10CF10009869134903681E6894F82C30B04794F858
:10CF20002E2094F82C102046FFF76AFE94F82D303E
:10CF30002BB194F82C1001222046FFF74BFEA06A7B
:10CF4000029403689E6A074B039304AB13E90C0039
:10CF500043F2D401B0473AE78988083E082600200A
:10CF6000707D030831D0010810B588B00446012354
:10CF7000806A0DF10702342107F006FA002851D02B
:10CF80009DF90730002B4DDAA06A092302AA24215B
:10CF900007F0FAF9002845D09DF809109DF80830EF
:10CFA0009DF80C209DF80E00D4ED0C6A090441EAAE
:10CFB00003619DF80A3041EA03219DF80B30120409
:10CFC00042EA03629DF80D3042EA03229DF80F30D9
:10CFD000091207EE101A1B0443EA00639DF81000C3
:10CFE000B8EEC77A43EA002327EE267A1B12121204
:10CFF0005B4207EE903A8DED057A07EE102AF8EEC7
:10D00000E77AB8EEC77A67EEA67A27EE267A94F822
:10D010002C208DED067A0A2305A92046CDED077A4E
:10D02000FFF754FEA06A07F0D3F908B010BD000066
:10D03000FFF79ABF30B51346026885B00D461AB99E
:10D040000024204605B030BD00210160342001934A
:10D050000392F7F72BF8044620B1019B2A4603A957
:10D06000FFF776FE03A8FFF75DFC002CE8D0204612
:10D07000FFF786FE05460028E3D1236820465B685B
:10D0800098472C46DDE7000010B5044B044640F8F5
:10D09000283BFFF747FC204610BD00BFA87D0308D2
:10D0A00010B50446FFF7F0FF2046F7F707F82046D3
:10D0B00010BD000010B50368028119434368016088
:10D0C00001334360044B1B68DC6AA162D96A406883
:10D0D0008885DB6ADA8510BD082600200048704785
:10D0E000C83B002070B5792204464FF400010E4879
:10D0F0000E4EFFF7DFFF0E4B1D6833783BB9E86A31
:10D1000004222146483007F087F801233370EB6A88
:10D110002A2283F84620EB6A93F89C301BB9054815
:10D12000214607F043F870BDC83B0020D43B0020E7
:10D1300008260020B47D030808B50449F4F718F860
:10D140000028034818BF002008BD00BFC87D0308A1
:10D15000F8D103082DE9F0418846FFF7EDFF0546B9
:10D1600008B9002409E08668701C12F0A7FE044686
:10D170000028F6D026B9C8F800602046BDE8F08146
:10D180004FF4A16012F09AFE064618B9204612F03C
:10D19000DDFEE6E70022114600F040F92B6933601E
:10D1A0006A68F46113447360AB68B361304600F0A1
:10D1B00045F90746304612F0C9FE002FE6D1AA68AD
:10D1C0002146384607F09AFBEB689842DED1AB68FF
:10D1D000C8F80030D1E7000012F0B8BEF0B50D4637
:10D1E000164689B020220021044615F0F3F92A469C
:10D1F0007019824207D012F8011B34F81130013344
:10D2000024F81130F5E72146002321F802396A4657
:10D2100004F11E0031F8027F22F8023B81423B44B8
:10D22000F8D10023B3420ED0E95C51B108AA02EB59
:10D23000410131F8202C501C103221F8200C24F828
:10D2400012300133EEE709B0F0BD000010B5D0E9AF
:10D2500000329342044603D25A1C0260187810BD73
:10D2600083683BB190F8292022B99847031E01DB5F
:10D27000D8B2F4E7012384F829300020EFE700005A
:10D2800010B503695A1E0446026123B9FFF7DEFF99
:10D290000723E0602361E0684308E36000F00100D9
:10D2A00010BD00002DE9F0410746164661B1012589
:10D2B00005FA01F80024454507D23846FFF7E0FF9C
:10D2C00000B12C446D00F6E70C463019BDE8F08142
:10D2D0002DE9F843002380460E468F1C01F12009FA
:10D2E0001D4640465C00FFF7CBFF4F4504440FD07E
:10D2F00037F8023B5A19E31A08D52544B5F5907F53
:10D3000006D2103536F81500BDE8F8831546E8E773
:10D310006FF00200F8E700002DE9F04F0E46D3B0A1
:10D320000521904640F201120446FFF7BBFF01229F
:10D33000052105462046FFF7B5FF042211460746A2
:10D340002046FFF7AFFF13228246002102A815F006
:10D3500041F9DFF8C4B04FF00009D1450BD00022ED
:10D3600003212046FFF79EFF1BF8013B02AA09F1AB
:10D370000109D054F1E7132202A93046FFF72EFF2E
:10D3800005EB07094FF0000ACA4538D2314620465E
:10D39000FFF79EFF00280ADB112829D012282BD086
:10D3A00010281ED1BAF1000F04D16FF0020053B063
:10D3B000BDE8F08F02AB5344032213F8013C022175
:10D3C00020460193FFF76EFF0AEB000BCB450246A8
:10D3D000EBD8019B194602AB03EB0A0015F0FAF8F3
:10D3E00004E002AB0AF1010B03F80A00DA46CBE7CE
:10D3F000032211460023E3E70B220721FAE72A461E
:10D4000002A93046FFF7EAFE02AB40463A465919F8
:10D41000FFF7E4FE0020CAE768D2030810B5002336
:10D420004FF0FF34C0E90133C0E90F1280F8293012
:10D4300003610363C4624364436310BD2DE9F04795
:10D440009F4DA04EA04F0446E36A013340F0948004
:10D450002046FFF715FF0022206302212046FFF738
:10D4600021FF0128E0627BD10023A4F84830A4F812
:10D470004A30A4F84C30A4F84E30A4F85030A4F848
:10D480005230A4F854301823A4F856309823A4F846
:10D4900058307023A4F85A3004F168024FF48073B6
:10D4A00022F8023B01339BB2B3F58C7FF8D104F133
:10D4B0009802002322F8023B0133902BFAD14FF45B
:10D4C0008C72A4F8B82140F21912A4F8BA214FF4D2
:10D4D0008D72A4F8BC2140F21B12A4F8BE214FF4B7
:10D4E0008E72A4F8C02140F21D12A4F8C2214FF49C
:10D4F0008F72A4F8C42140F21F12A4F8C62104F5CB
:10D50000E47222F8023B01339BB2B3F5807FF8D17D
:10D5100000232022A4F8B222A4F8A832A4F8AA3248
:10D52000A4F8AC32A4F8AE32A4F8B03204F53272EA
:10D5300022F8023B0133202BFAD1636B002B40F021
:10D540008A8004F148012046FFF7C2FE94F8293092
:10D55000BBB9FF2859DCE3695A1CE261C0B240E064
:10D56000022809D104F52A7204F148012046FFF788
:10D57000D3FE002840F09E80E36A2BB1013B012BD3
:10D58000DBD96FF0020095E0D4F834A0BAF1000FB7
:10D590001CD12046FFF75AFE81462046FFF756FE73
:10D5A00009EB00292046FFF751FE80462046FFF791
:10D5B0004DFE08EB002383F47F4383F0FF0399457E
:10D5C000DFD109F101006063C4F810A0636B013B77
:10D5D0006363002B69D02046FFF738FEE3695A1CCD
:10D5E000E2611870E26B4AB1636C591C6164D054FB
:10D5F000D4E910329A4201D100236364A069013852
:10D60000A06100287FF420AF54E0B0F5807F4CD0BB
:10D610006FF48073184435F81020315C2046FFF712
:10D6200041FE04F52A7160632046FFF751FE002891
:10D6300040DB264B37F81020195C2046FFF732FEFE
:10D64000E36B002B29D0226C904235D8636C181AFA
:10D6500048BF8018A063E16BE369A26BF9B1581C65
:10D66000E0618A5C1A70E36B5BB1626CA16B501C69
:10D670006064595C9954D4E910329A4204BF002383
:10D680006364A36B226C01339342A36301D1002333
:10D69000A363636B013B6363B0E74042DAE79A5CE4
:10D6A0001A70E3690133E361F3E7236B002B3FF466
:10D6B000CFAE0120BDE8F0876FF00400FAE700BFAD
:10D6C0000CD2030848D203087CD20308B8D203085E
:10D6D00010B4064B064A1B680649986903681C6823
:10D6E000537E127EA4465DF8044B60470826002056
:10D6F00020020108D8D2030808B503689B6A98473E
:10D70000014B187008BD00BFD0230020044A054B10
:10D7100010781B78044A0343107823EA000070470E
:10D720007E3D00207C3D00207D3D002030B505463B
:10D7300085B0CDE90232FFF7E9FF95F8D941DDE97F
:10D7400002322CB995F8900001248440013CE0B2EB
:10D750002C680090E4682846A04705B030BD000062
:10D760000CB407B504AB53F8042B0193FFF7DEFFAD
:10D7700003B05DF804EB02B070470000044A054BAB
:10D780000171002908BF1A4605200349F4F7ECBFD0
:10D79000D9E50308EAE50308E8D2030800797047F1
:10D7A00000232DE9F041C0E9083383620446FFF706
:10D7B000B3F80546FFF7B0F890F9053053B190F88B
:10D7C00003313BB1236A43F004032362636A43F0ED
:10D7D0000403636295F9053063B195F803314BB1E9
:10D7E00095F805112846FFF73DF818B1A36A43F0F4
:10D7F0000403A362FBF7A8F990F83C2190F81031DC
:10D80000054632B1B02202FB030292F85920012AE8
:10D8100005D8B02202FB035393F859303BB1236A79
:10D8200043F020032362636A43F02003636295F8A8
:10D8300010112846FAF700FFB0B195F81031B02268
:10D8400002FB035393F8596095F83C3113B1012E54
:10D8500028BF0126236820465B6B9847B0429EBFD5
:10D86000A36A43F02003A362184B1E683EB396F8E8
:10D87000AE10304607F0C4FB08B3236A43F0100330
:10D88000236296F8AE10304607F0B8FB074607F063
:10D8900025FC054620B190F8AE1007F0AFFB054619
:10D8A0001FB1636A43F010036362304607F0DCFB8C
:10D8B00028B107B11DB1A36A43F01003A362236826
:10D8C00020461B6BBDE8F041184700BFE066002012
:10D8D000F7B504460F46164600F10801272201A8B5
:10D8E0001D46F6F777FD2046FFF75AFF236A3B6097
:10D8F000636A3360A36A2B6001A8F6F787FD03B063
:10D90000F0BD00000020704707B5019004F022F838
:10D91000036801991B69984720B1B0F804330133BB
:10D92000A0F8043303B05DF804FB000070B590F874
:10D930000E3304460E46ABB9D0F8900103689B6ADB
:10D940009847B0F5005F28BF4FF4005085B2207CA7
:10D9500001F034FB3044854206D2207CFFF7D4FF2F
:10D96000002070BD0025F2E70120FAE72DE9F3471A
:10D9700005460846904600F0ABFA044658B3DFF877
:10D980005C90DFF85CA0002795F89030F9B28B42EC
:10D9900021D92B6828461B69984799F80020017CFB
:10D9A000CA40D207064614D49AF800300B41DB0770
:10D9B0000FD5C37A6BB9A179FFF7B8FF48B12279C7
:10D9C0006379307C0192A27900922168424600F08E
:10D9D000B7FC0137D8E702B0BDE8F0877D3D0020F5
:10D9E0007C3D00200A88504080EA0010C0B2030944
:10D9F00083EA122343EA002383EAC00008807047C9
:10DA000038B5064C0525236E04F160001B69984764
:10DA1000013DA4F11804F6D138BD00BFE43B00205D
:10DA20000023C0E900330B4A0B4B0C49DFF83CC024
:10DA3000C0E902230A4BC0E904130A4BC0E906C33C
:10DA4000094B036203F17453A3F52303A3F6924336
:10DA50004362704767E6096A85AE67BB72F36E3C46
:10DA60003AF54FA58C68059BABD9831F7F520E51A9
:10DA70002DE9F04F0568D3005B19036028BF4368A8
:10DA8000DFB024BF0133436000F128030C9300F1A1
:10DA90004003044600911646C5F3C5050D930DF1EC
:10DAA0007809002E00F0BE80C5F14007B7420C9BFC
:10DAB000009928BF374658193A4614F041FD009B9B
:10DAC0003D443B44402D0093A6EB0706E9D1234695
:10DAD0000EAA93F82B10117093F82A10517093F836
:10DAE0002910917093F82810D1700D990433994240
:10DAF00002F10402EDD1A3680193E3680293236964
:10DB0000039363690493A3690593E3690693236A06
:10DB100007930EAF636A08930FCF4D460FC50FCF23
:10DB20000FC50FCF0FC597E80F0085E80F004A46D5
:10DB30001020936B17464FEAF34181EA734181EA63
:10DB400093217B6A3F6852F8045F3B4419444FEAD3
:10DB5000B54383EAF51383EAD5030130194440281D
:10DB6000D163E6D1314B0B93DDE90272DDE906ECBE
:10DB7000049B019DDDF820B005980A934FF0000842
:10DB80000B9B53F8041B0B934FEAF02383EAB0136B
:10DB900083EA706A59F8283019440AEB01032CEA29
:10DBA000000A00EA0E018AEA0101194487EA020329
:10DBB00059442B404FEA753A07EA020B83EA0B0BF4
:10DBC0008AEAB50A0A9B0A928AEAB55A08F101085C
:10DBD000DA440B44B8F1400F09935144E3461AD19B
:10DBE000019B0B44A360029B2B44E360039B3B44DB
:10DBF0002361049B13446361099A059B1344A36149
:10DC0000069B0344E361079B73442362089B6344C0
:10DC10006362002545E73A46F4462F4686460D46A0
:10DC20000998ADE75FB0BDE8F08F00BFF8D20308F8
:10DC3000F0B5066893B0F70804460D4680234722E6
:10DC400000210DF10100C7F1770707F03F078DF8BC
:10DC5000003014F0BFFC12AB3B44320A03F8412CF5
:10DC6000320C03F8422C626803F8406C110A03F886
:10DC7000442C03F8451C360E110C120E03F8436CAD
:10DC800003F8461C03F8472C694607F109022046B1
:10DC9000FFF7EEFEE37A2B70A37A6B70637AAB70BA
:10DCA000237AEB70E37B2B71A37B6B7113B0F0BD18
:10DCB000F0B50D469DB016461F460446002839D0E3
:10DCC000007810F0010035D00B46627803F8012B84
:10DCD000D4E90221CDE90021C5F80120BDF80420D6
:10DCE0009A80D4E90203013043F10003C4E902033E
:10DCF00002A8FFF795FE202204F11001FFF7B8FEFD
:10DD00003A46314602A8FFF7B3FE9DF88C202299CF
:10DD100002A8FFF7ADFE2499022202A8FFF7A8FE91
:10DD20000722294602A8FFF7A3FE02A8E91DFFF774
:10DD30007FFF0D201DB0F0BD0844012905D910F961
:10DD4000013D13B90139C9B2F7E708467047000031
:10DD5000F0B50C46A1B015460646002800F08C80B0
:10DD600006A8FFF75DFE202206F11001FFF780FEF6
:10DD70000A22A91C06A8FFF77BFEEA7805F10C0130
:10DD800006A8FFF775FE022205F58A7106A8FFF7BF
:10DD90006FFE072205F58B7106A8FFF769FE69463D
:10DDA00006A8FFF745FF062205F21D11684614F08C
:10DDB000B7FB034628B1022386F83430002021B097
:10DDC000F0BD00200021CDE90201B5F81B21D5F8F6
:10DDD000170195F816C1029005F21717ADF80C203F
:10DDE000A4B12288214698B2824211D995F807E061
:10DDF000C878864507D195F808E00879864502D1AC
:10DE0000887860453AD001330931ECE70323D3E742
:10DE100034D10F2A01D90423CEE70299224811EB0D
:10DE2000000EB168039840F100008E45F16870EB78
:10DE3000010101D20523BFE703EBC3012144E879C7
:10DE4000C870287A0871013281F802C0228003EB81
:10DE5000C3030533D5F81711E150E218BB8893804E
:10DE6000D6E90201DDE902239042994138BFC6E9B3
:10DE70000223012486F834400120A0E703EBC3020B
:10DE8000053200200021CDE90401A118A0588A889C
:10DE9000ADF81420029A059904909042039A71EB10
:10DEA0000202D4D3062387E7808D5B0013B50446B6
:10DEB0000846237862780DF1060143EA0223ADF8A3
:10DEC0000630FFF78FFDBDF80630238002B010BD8D
:10DED0000E4970B5002340F255140C251A19013271
:10DEE000520805FB02F68E5986420BD9541EA342F6
:10DEF000F4D30C225343CA18CB5883420CBF1046AC
:10DF0000002070BD1346F4D2F1E700BFF8D3030838
:10DF10002DE9F8431F46CB78DDF820804FF000094B
:10DF200004460D46164681F800900F2B20D8DFE8F6
:10DF300013F01000100059006B007B008000860079
:10DF40008C009200A300B700CA00D90005010501AA
:10DF50003F01FD2E3BD10223CB700023C37086709E
:10DF60000B7B23F001032B734FF0FF33237063709F
:10DF70002B78012B06D1A3796B712B8903B96B81A7
:10DF800001332B810FB1E378FB70B8F1000F12D091
:10DF9000EB7888F803302B7988F804306B790133FB
:10DFA00088F805302B89A8F80830AB78A8F80A3033
:10DFB0002B7B88F80C300023AB702B78022B03D11D
:10DFC00017B1B4F814313B802878BDE8F883FE2EF1
:10DFD000CED10223CB700023C37086700B7B43F03D
:10DFE0000103C0E7C67081F804903146FFF75EFF79
:10DFF0002B7BD90705D584F8049084F80590052378
:10E0000000E00323EB70B3E716F0FE0F067106D0B5
:10E010008B7801338B7000230B700123F2E73146BC
:10E02000FFF744FF0423EDE746713146FFF73EFF5B
:10E03000E5E786713146FFF739FF0623E2E7C6714F
:10E040003146FFF733FF0723DCE706723146FFF75F
:10E050002DFF0823D6E700238372C3724672314630
:10E06000FFF724FF2B7BDA0704D5E378002B37D0AA
:10E070000B23C7E70923C5E7827A437A43EA0223E1
:10E08000C27A43EA024343EA06224372C2F30723F9
:10E09000120C8372C2723146FFF708FF0A23B1E700
:10E0A000827A437A43EA0223C27A43EA024343EA8A
:10E0B00006424372C3F307238372130CC3723146C3
:10E0C000FFF7F4FED1E70B795A1C03440A711E7363
:10E0D0003146FFF7EBFE2A79E3789A427FF448AFA6
:10E0E0000C238FE7437A807A43EA0023E07A43EAFD
:10E0F0000040FFF7EDFE8146F0B101792046FFF7C1
:10E10000D5FE2388DBB29E4214BF0E230D23EB7095
:10E1100084F81461B9F1000F3FF42AAF2B7999F814
:10E1200006209342BFF424AF04F10C00D21A002160
:10E13000184414F04FFA1BE70146DFE70E2B16D008
:10E140000388B6EB132F14BF022301232B7023790E
:10E1500084F81561DB070CD50F23EB700D236B736F
:10E160002B78022B3FF404AF00232B7000E702232F
:10E17000ECE72B6923B11A6B72B92B78022B38D1DB
:10E180000123EB70002F3FF4F3AE40F2231221463F
:10E19000384614F0D5F9EBE6A17A637A43EA012315
:10E1A000E17A284643EA014190470028E8D1E4E7B4
:10E1B0004B7BC31A83F823614B7B013BDBB24B7370
:10E1C000002B7FF4D5AE0246D1E90401FFF7C0FD74
:10E1D00008B101230EE02B691A6B52B1A17A637A60
:10E1E00043EA0123E17A284643EA014190470028A7
:10E1F000EFD103232B70C3E707B5019003F0AAFB0F
:10E20000036801991B69984708B100F5B67003B01F
:10E210005DF804FB034A012303FA00F01378184366
:10E22000107070477D3D0020012806D0022806D0DE
:10E23000032814BF092006207047022070470420DD
:10E240007047000007B5019003F084FB0368019953
:10E250001B69984768B190F80E336BB9D0F89001FC
:10E2600003689B6A9847B0F5005F28BF4FF40050E1
:10E2700080B203B05DF804FB0020FAE704282DE922
:10E28000F04104460D46164611D8124F57F820307B
:10E290006BB1114B1B5C53B903F05CFB0368214667
:10E2A0001B699847C37A23B90C4B1B5D43B1BDE88A
:10E2B000F08103F04FFBFFF771FA0028F4D1F6E785
:10E2C00057F82400036832462946DB68BDE8F04170
:10E2D000184700BFBC3C00205C3C0020B43C002040
:10E2E00038B50446182363430B48C2581844926853
:10E2F0000D469047094B53F8240003689B6A9847E2
:10E30000A84207D2064B01221A552046BDE83840E4
:10E31000FFF7FABA38BD00BFE43B0020BC3C002048
:10E320005C3C0020044B00221A541822034B50433B
:10E330001A581844D26810475C3C0020E43B002087
:10E340002DE9F04F8FB0914680460F461D46FFF7EE
:10E3500053FF027B12F0020206462AD1036913B171
:10E360001C7804F001029DF860104846FFF7E4FCB9
:10E37000FD238DF81C3000238DF81F30B3798DF804
:10E3800020304F4B8DF81E2014461A785B788DF89C
:10E3900022308DF823703B0A3F0C05468DF81D0096
:10E3A0008DF821208DF824308DF825704FF0090A62
:10E3B0001BE0FF2F05D98378013383700FB0BDE8D0
:10E3C000F08FFE238DF81C3083798DF81E303C4B86
:10E3D0008DF81D501A785B788DF81F208DF820304D
:10E3E0008DF8217000244FF0050AB3790133B37121
:10E3F0001FFA8AF74FF6FF73ADF82830BB460DF1D0
:10E400001D030BF1FF3B13F8010B04930AA91FFA3C
:10E410008BFBFFF7E7FA049BBBF1000FF1D1BDF8CE
:10E420002830ADF81A30ABB2049309EB0502CB46A5
:10E4300093450DF11A01059205D01BF8010BFFF76A
:10E44000D1FA059AF4E79DF86400FFF7CBFABDF81E
:10E450001A308DF818301B0A0AF1010B8DF81930AB
:10E460000DF1180A54B1CDE9015ACDF80090306988
:10E470005B4607AA0AA9FFF71BFC0446049B3B4422
:10E4800019460331214489B24046FFF729FF5A4615
:10E4900007A94046FFF7F2FE2A4649464046FFF7E5
:10E4A000EDFE022251464046FFF7E8FE24B1224627
:10E4B0000AA94046FFF7E2FE4046FFF733FF7DE73B
:10E4C000D02300207FB50B888DF800300C461B0A46
:10E4D0008DF80130A378C978FE2B054631D108317B
:10E4E000FFF7FEFEA3788DF80430E3788DF8053051
:10E4F000A3798DF80630E3798DF80730237A8DF80B
:10E5000008300622637A8DF8093001A92846FFF702
:10E51000B5FE0026E27804F10C012846FFF7AEFEB6
:10E52000022269462846FFF7A9FE2EB10D2204F506
:10E530008B712846FFF7A2FE2846FFF7F3FE04B0D2
:10E5400070BD267916F0010618BF0D260C31314436
:10E55000FFF7C6FEA3788DF80430E3788DF8053018
:10E5600023798DF8063063798DF80730A3798DF81B
:10E570000830E3798DF80930237AA27A8DF80A30D1
:10E58000637A43EA0223E27A43EA02431A128DF8DD
:10E590000B308DF80C201B140A2201A928468DF897
:10E5A0000D30FFF76BFEB5E7024B182202FB00307F
:10E5B000704700BFE43B002038B5094D00242819FE
:10E5C000183404F0CBFF782CF9D1064A0649002014
:10E5D00012F03CFCBDE83840044800F015BD00BF17
:10E5E000E43B0020C466002001DA0108613C002001
:10E5F00070B58AB00546ADF81030BDF83830ADF8CA
:10E6000012308DED030A8DF824200B4671B91022CB
:10E6100005A813F0DFFF1923DC22CDE90032162113
:10E6200003AA2846FFF78CFE0AB070BD05AA01F1C7
:10E63000100618685968144603C40833B3422246CA
:10E64000F7D1E8E738B5037904463BB905682DB141
:10E650002846F6F7B3F82846F5F730FD204638BDD2
:10E6600038B5037904463BB905682DB12846F6F75D
:10E67000A5F82846F5F722FD204638BD08B590F8E4
:10E680000E335BB9D0F8900103689B6A9847B0F5E8
:10E69000005F28BF4FF4005080B208BD0020FCE7A7
:10E6A00070B5D0F8905104460DB9002070BD2B68AC
:10E6B00028461B6C984701462846F5F799FF002825
:10E6C000F4D1237C002BF0D1034B1B68D86903687D
:10E6D000BDE870409B6B1847082600202DE9FF41DC
:10E6E000CA78062A4FF00004054628BF06220C31DE
:10E6F00002A80294ADF80C4013F022FF9DF80D30F3
:10E70000ADF806402BB1012B3DD1BDF80830ADF876
:10E7100006309DF80C300C2B35D8DFE803F01D488F
:10E7200046444234403434343E3C070007246E698A
:10E7300016EB44084FEA440725D02B682846DB6CCB
:10E740009847B0B30DF106014046F9F7CBF92146E1
:10E75000284603F00DFC16E00024082CE6B20FD08A
:10E760002B682846DB6C98476B69620070B10DF12D
:10E7700006019818F9F7B6F93146284603F0F8FB78
:10E7800001340A2CE9D104B0BDE8F081BDF90620BE
:10E7900023F81420F0E70624C9E70524C7E704247A
:10E7A000C5E70324C3E70224C1E70124BFE700242F
:10E7B000BDE7BDF90630F353C9E7000010B50368A3
:10E7C0009B6D04469847B0B1236820469B6E9847DE
:10E7D000002204F5CA7104F5CC70F8F7B3FF0023EA
:10E7E000A4F89C31E060F9F703F8A4F89E0105F065
:10E7F00009FDC4F8A00110BD2DE9F0412E4E8EB0E8
:10E80000044630680D46F6F743F815284DD9EF78E1
:10E81000142F28BF14271422002103A813F0DAFEB6
:10E820003A4605F10C0103A8244D13F089FE00239C
:10E83000207CD5F800802B60FFF704FD0746207C84
:10E8400000F0BCFB00F119039F4231D2207CFFF79E
:10E850005BF805F0D7FC2860237C8DF82030BDF8EC
:10E860000C30ADF8223004AB0FCB09AD85E80F00BA
:10E870003568002328468DF83430F6F709F8152856
:10E8800004D9162208A92846F6F778F80C4B1A780E
:10E890005AB901221A700B4B0B4A1B680194986AF3
:10E8A0000292036821469B6A98470EB0BDE8F0814A
:10E8B000C5F80080D0E700BFD83C0020903D002084
:10E8C000E03C0020082600204DEB0108F0B52DEDBE
:10E8D000028B044685B0007C0D461646B0EE408A99
:10E8E000FFF7B0FC0746207C00F068FB00F119033D
:10E8F0009F4207D2207C05B0BDEC028BBDE8F04002
:10E90000FFF702B83046247CFFF78EFC0390F8F73F
:10E910006FFF4FF6FF7103460091039AB0EE480A6D
:10E9200029462046FFF764FE05B0BDEC028BF0BD22
:10E9300070B52DED028BCD788CB0172D28BF172523
:10E940000C4617220021064606A813F043FE2A466D
:10E9500004F10C0106A813F0F3FD10220DF11E01C5
:10E9600001A814F00FFB00230DF102020DF10101CB
:10E9700001A88DF81430ADF80230F7F7D7FD054641
:10E9800040B39DED068AB4EE488AF1EE10FA21D626
:10E990009FED217AF0EEC87AF4EE477AF1EE10FAA4
:10E9A00018DC9DF80110F7F79BFFBDF80210284610
:10E9B000F0EE408AF7F764FF80B9184901AA0420F5
:10E9C000F3F7D2FE9DF80120B0EE680A01A93046A7
:10E9D000FFF77CFF0CB0BDEC028B70BD9DF8011001
:10E9E000B0EE480A2846F8F76FF8F0EE680AB0EE85
:10E9F000480AF6F789FC80F00104E4B22146284673
:10EA0000F7F71EFE002CE5D0BDF802305B07E1D51C
:10EA1000F8F76AFDDEE700BFFFFF7F7F00E4030831
:10EA200030B52DED028B89B00C46154600211C2215
:10EA300001A8B0EE408A13F0CDFD2046F2F7A2FB0C
:10EA400010280246214628BF102203A813F078FDA3
:10EA500028468DED018AFFF7E7FB8DF81C00F8F7DB
:10EA6000C7FE4FF6FF73ADF80A30ADF8080002F0AC
:10EA700071FF01AA1621FEF779FF09B0BDEC028BE8
:10EA800030BD000030B52F4D93B0F8F7B1FE2868C7
:10EA9000F5F7FEFE430952D02B4C2068F5F7DEFE59
:10EAA00015284CD92068162204A9F5F7E9FF162885
:10EAB00045D1BDF91200431C33D0002303AA0CA991
:10EAC00080B20393F8F780FE0446002837D0012374
:10EAD00000930DF13602102303A9F7F763FC9DF8AC
:10EAE00010309DF830108DF82830204600238DF826
:10EAF0004630F7F7F5FEBDF812308DED0B0AADF894
:10EB00003230F8F775FE2C68ADF834002046F5F782
:10EB1000BFFE1F2813D920220AA92046F5F72EFF91
:10EB20000DE0112205A90DF1360014F02BFA002298
:10EB30000CA905A8F7F7FAFC04460028CFD113B0BA
:10EB400030BD00BFD03C0020D83C0020FFF79ABF6A
:10EB50002DE9F047DFF8A890284D8CB00746002437
:10EB6000D9F80000202204A9F5F76EFF20280646F8
:10EB700018D100239DF81000D5F800A02B60FFF7F6
:10EB800061FB80469DF8100000F018FA00F11903AF
:10EB900098459DF8108009D24046FEF7B5FE05F075
:10EBA00031FB286020460CB0BDE8F0879DED050ADA
:10EBB0009DF818008DED030AC5F800A0FFF734FB9F
:10EBC000BDF81A309DED030A009302460DF11E01B7
:10EBD000BDF81C304046FFF70BFD05F013FB013478
:10EBE000C7F8A0013146D9F80000E4B2F5F76AFE93
:10EBF0000028D7D0052CB3D1D4E700BF903D00202A
:10EC0000D03C00202DE9F043044689B0FFF7A0FF77
:10EC1000E3688146002B75D005F0F4FA074605F04D
:10EC2000EBFA8046D4F890010368DB6D9847D4F87E
:10EC3000A031FB1A4343207C40F60556B3FBF6F6A1
:10EC400000F0BCF900F11905ADB2AE42204638BF64
:10EC50002E46FFF713FDB04203D22046FFF70EFD0C
:10EC600006462046B6FBF5F5FFF71AFD10B9052D4F
:10EC700028BF0525A94545D2A5EB090504F5CC76A5
:10EC8000002D3DD0E368002B3AD0212001F078F828
:10EC9000B0B30123009310230DEB0302E06831466B
:10ECA000F7F780FB94F89411E06894F81090F7F768
:10ECB00017FE94F894018DED030AFFF7B5FAB4F846
:10ECC0009C319DED030A00930246B4F89E3104A9DD
:10ECD0004846FFF78DFC002204F5CA713046F8F76C
:10ECE0005BFDB4F89C31E0600133A4F89C3105F081
:10ECF00083FAA0EB0800B0F57A7F01D8013DBFE7A9
:10ED0000C4F8A07109B0BDE8F083000010B44B7ADC
:10ED10008C7ACA7A43EA042343EA0243152B07D0CC
:10ED2000172B09D0142B0BD15DF8044BFFF764BDF2
:10ED30005DF8044BFFF742BD5DF8044BFFF7F8BDEB
:10ED40005DF8044B7047000038B5164C0023236073
:10ED5000012323711420F5F7A9F9054618B14FF4E2
:10ED6000E771F5F719FD2560002525710E4A0F4959
:10ED70000F4C0C4812F06AF801232560237114200F
:10ED8000F5F794F9054610B1C021F5F705FD00230C
:10ED900025602371BDE83840034A0649044812F053
:10EDA00055B800BFD83C0020C466002045E60108E5
:10EDB000D03C002061E6010838B5054600200C462D
:10EDC000FFF71AFA854206D06D2C04D0A4F1A603F1
:10EDD0005842584138BD0120FCE700000246054872
:10EDE00043882F2B03D930230021F8F723BF0020BD
:10EDF000704700BF743D002010B5044609484388A1
:10EE00002F2B01D8002010BD302300222146F8F717
:10EE1000D9FE0028F6D02068034BC31A5842584147
:10EE2000F1E700BF743D0020D1FC5238F0B58DB041
:10EE300004466846FFF7E0FF90B304F5247504AE7E
:10EE40000CAF2B46324603CABA42286069601646A8
:10EE500005F10805F6D1227C84F88122DDE9022043
:10EE60001049511840F10005C4E9A215012184F8A8
:10EE700080120D49C4F8B01204F52C7513F8011B6B
:10EE800021B99D42FAD152EA000307D004F520735C
:10EE9000C4F87C31054BC4F8803101E0C4E95F114E
:10EEA0000DB0F0BD808D5B00B9ED0108E23C0020A3
:10EEB000F0B5264B1B68DB6A93F89C6099B0054659
:10EEC0000C4636B1224A042119B0BDE8F04000F0EA
:10EED000ADBDCF782A2F28BF2A2731462A2268467F
:10EEE00013F078FB3A4604F10C01684613F028FB56
:10EEF000184B0C93DDE900230D96CDE90E2310ACE1
:10EF00000DF10A030DF12A0618685968224603C25A
:10EF10000833B3421446F7D10CA8FFF75FFF30B9AE
:10EF20000D4A0421284600F081FD19B0F0BD0024EF
:10EF300002F010FD0368E1B21B6998470028F4D085
:10EF40000134FFF773FF052CF2D1EEE7082600200D
:10EF500018E40308D1FC52383EE4030870B50446B7
:10EF60008CB005F04FF9144A2CB9136847F22F51B1
:10EF7000C31A8B421ED910606846FFF73DFF054655
:10EF8000C0B100242646E0B2FFF736F958B1036954
:10EF90004BB1D3E9022302999142039999413CBFB5
:10EFA000CDE902232E460134052CECD116B168467A
:10EFB000FFF714FF0CB070BD783D002070B50E4E09
:10EFC0003368054663B9002434602846FFF714F916
:10EFD000036973B11B78DB070BD504F1190070BD11
:10EFE00005F010F93368C01AB0F5FA6FEBD264245B
:10EFF000EBE704F10C00F2E7903D0020014804210A
:10F00000F8F7CABD743D002000220270704700006E
:10F010002DE9F04F87B000250746884616469946E9
:10F0200004958DF814504FF0010B3B78ECB2A342DD
:10F030002DD9184B07EB84041B7862789A4224D1AF
:10F04000E07806AB034413F8083CF3B9FFF7FAF88D
:10F05000B37903938246E078FFF7B0FF039B034444
:10F060009A4512DB33790193B3794B4594BF0093F2
:10F07000CDF80090424673793168E078FFF760F987
:10F08000E37806AA134403F808BC0135CDE707B0BE
:10F09000BDE8F08FD023002037B50446084615465A
:10F0A0000193FEF715FF024638B1019B2946204621
:10F0B00003B0BDE83040FFF7ABBF03B030BD000088
:10F0C000F0B5D57945B3214C2378AB4204D1137AFE
:10F0D00064789C4220D0FBB10E7C07780446002364
:10F0E000D9B28F421CD96178A94216D194F802C0D6
:10F0F000117A8C4511D1E178B1420ED100EB830336
:10F10000197949B9907A517A41EA0021D07A51EAC5
:10F11000004101D1127C1A71F0BD01330434DFE7E4
:10F12000FAD11429F8D000EB830301315D70147A11
:10F130009C70DE70957A547A44EA0524D57A54EAB4
:10F14000054404BF127C1A710170E5E7D02300204A
:10F150002DE9F843204B1646204A1B78147824EA00
:10F1600003040B7C012101FA03F324EA030490F861
:10F17000513024EA0304037800EB830398420DD056
:10F180004578F279954207D1327A8578954202BF67
:10F19000C27801FA02F294430430EFE7CCB10025C3
:10F1A00024FA05F3DB07EFB210D53846FFF74AF82B
:10F1B0008046384696F80390FFF700FF00EB0903FE
:10F1C000984503DB31463846FFF77CF90135052DBC
:10F1D000E6D1BDE8F88300BF7D3D00207C3D0020E6
:10F1E00070B51D46887A4B7A43EA0023C87A43EA11
:10F1F00000400C461646FEF76BFE68B1C379DA078D
:10F2000041BF037A1B191B7B3380C3799B0741BF26
:10F21000417A6418237B2B8070BD00002DE9F04FEC
:10F22000644E15463378D2799A4287B080468A4632
:10F2300008D12A7A73789A4204D10024204607B074
:10F24000BDE8F08F2A4651464046FFF739FFAA7ABB
:10F250006B7A43EA0223EA7A43EA0243A62B0FD0F1
:10F260006D2B0DD0544A14789AF81020D44004F035
:10F2700001043BB924B92A4651464046FFF768FFCE
:10F280000124DBE74FF6FF73ADF80C30ADF80E301C
:10F2900003AA0DF10E0329464046FFF7A1FFBDF971
:10F2A0000C20BDF90E3002F101091FFA89F903F1B2
:10F2B000010B1FFA8BF1B9F1010F009102D93178DE
:10F2C0008A4230D1009A012A67D97278934264D079
:10F2D0004FF0010B002CB0D1002704978DF814706B
:10F2E0003B4698F80020FEB2B2424CD9019302F09E
:10F2F00031FB08EB86060268F17812699047019BA2
:10F3000078B12D4A017C1278CA40D2070ED5BDF9DA
:10F310000C107278914204D1BDF90E10B27891426E
:10F3200017D00137DDE74FF0000BD3E7B9F1010F3C
:10F330000FD9BDF90C1072789142F2D1009A012ACE
:10F3400007D9BDF90E10B278914202D0BBF1000F7F
:10F35000E7D18245E5D0F27806A90A4412F8082CD4
:10F36000002ADED1E978FEF7E1FA18B1F0782946F3
:10F37000FFF7A8F8F27806AB1A444FF0010302F841
:10F38000083C0123CDE71BB9BBF1000F7FF478AF38
:10F39000B9F1010F3FF652AF72E7002C7FF470AF66
:10F3A000B9F1010F03D9009B012B3FF669AF01248E
:10F3B000A34691E7D02300207D3D00200020704728
:10F3C000704700008B8E012B05D90B79022B04D8D6
:10F3D000034AD05C7047012070470020704700BF8F
:10F3E0002CE603089FED010A704700BF00000000F3
:10F3F000032070477047000010B5074B04201C68BD
:10F40000944204D0013803F10803F8D110BD1B79F0
:10F410000B700120FAE700BF44E70308D0F8F4328C
:10F420000A2058437047000000207047D0F884310C
:10F4300093F90630022B43F2020004D041F202029B
:10F440002B2B18BF1046054B1B6823B11B6A9B076B
:10F4500058BF40F020000021704700BFD866002050
:10F460001FB58DF80E309DF818308DF80D208DF8F1
:10F470000F3099220423CDE900328DF80C100323BC
:10F4800003AA2F21FEF75CFF05B05DF804FB000026
:10F490007FB5ADF81420ADF8163073221023CDE9F6
:10F4A000003202910E2302AA1D218DED030ACDED3B
:10F4B000040AFEF745FF07B05DF804FB7FB5ADF821
:10F4C0001420ADF81630C3221023CDE9003202918A
:10F4D0000E2302AA89218DED030ACDED040AFEF761
:10F4E0002FFF07B05DF804FB7FB5ADF81420ADF831
:10F4F000163083221023CDE9003202910E2302AA96
:10F500008F218DED030ACDED040AFEF719FF07B038
:10F510005DF804FB1FB5062302925F22CDE900329D
:10F52000ADF80C1002AAF421FEF70AFF05B05DF851
:10F5300004FB000003460846DA780021032A018014
:10F54000817028BF032203F10C0112F0F9BF000003
:10F5500003460846DA780021052A0160017128BFB8
:10F56000052203F10C0112F0EBBF000038B5C5789D
:10F570000B46262D044628BF2625262200211846A4
:10F5800013F028F82A4604F10C01BDE8384012F0C7
:10F59000D7BF000012F0D4BF10B50D4B1C6864B18A
:10F5A00094F8AE10204605F04BFD30B194F8AE1043
:10F5B0002046BDE8104005F06FBDF9F7C5FA90F898
:10F5C0001031B02202FB030090ED1D0A10BD00BFF8
:10F5D000E0660020F7B50D46064647F2305101A817
:10F5E0001746F4F7DDFE95ED000AF7EE000AF5F791
:10F5F0008BFE30B1032401A8F4F7DEFE204603B0F1
:10F60000F0BD95ED020AF7EE000AF5F77DFE04461F
:10F6100030B1336839469B6F304698470446EAE775
:10F62000DFED060A95ED010AF5F76EFE0028E1D040
:10F63000FDF772F9FDF768F9DDE700BF00009842B9
:10F6400010B5084C2468E46A94F89C4024B9036817
:10F65000BDE810405B6F184703490520F3F784F8B5
:10F66000042010BD0826002060E4030808B5FDF75B
:10F6700035FD96224FF40031FDF71CFD002008BD3A
:10F680007FB58DF80E208DF8143000229DF82030C3
:10F690008DF80F2004928DF815308F220A23CDE9C2
:10F6A0000032ADF80C10032303AA4D21FEF748FEEB
:10F6B00007B05DF804FB0000F0B585B00446007C9F
:10F6C000039315460E46FEF7BDFD0746207CFFF767
:10F6D00075FC021D9742039B05D2207C05B0BDE856
:10F6E000F040FEF711B9EDB2327AF179207C009545
:10F6F000FFF7B6FE05B0F0BD0429F8B504460D4687
:10F70000017401D90020F8BDFCF7FCFF2A46012155
:10F71000FCF76AFEC4F884010028F3D083885B05F7
:10F7200002D5207CFEF776FD4FF4E131D4F890014C
:10F73000F4F702FFD4F8900103681B6C9847064663
:10F74000D4F8900103680021DB6B9847264B1F68B3
:10F750000325B86A036801215B689847D4F89001D3
:10F76000036830219B689847D4F8900103682021F2
:10F770009B68013D984715F0FF05EAD1B86A036818
:10F7800001215B689847D4F8900103683146DB6B30
:10F790009847D4F88431D4F890511868FCF790FD5C
:10F7A00001462846F4F7C8FE104B227CD4F890118D
:10F7B00043F82210D4F8843193F90650022D01D079
:10F7C0002B2D08D12046FFF731FB2B2D4FF00100E8
:10F7D00099D1E07297E794F8783143F0020384F806
:10F7E000783101208FE700BF08260020BC3C0020B4
:10F7F0001FB50F4B1B680446D86A03685B6D9847BA
:10F800000023ADF808304FF6FF73834228BF03464C
:10F81000ADF80A30D0220823CDE90032039004234A
:10F82000207C02AA9821FEF78BFD04B010BD00BF1A
:10F830000826002030B52DED028B1E4B04461868BB
:10F84000036885B0DB69984778B31B4B257C1C683F
:10F85000206903689B68984720690368DB68F0EEBD
:10F86000408A9847206903681B69B0EE408A984730
:10F870009FED120AADF80C0068EE808A28EE000AAF
:10F88000FCEEE88ABCEEC00A18EE903AADF80830FB
:10F8900010EE103ACB22ADF80A300623CDE9003243
:10F8A0007D2102AA2846FEF74BFD05B0BDEC028B78
:10F8B00030BD00BFA43D00200826002000007A448F
:10F8C00030B50C4685B0054603A92046FFF732FE49
:10F8D0009DF80E30022B03D8094A52F8230040B994
:10F8E0000093227AE179287C0323FFF7B9FD05B064
:10F8F00030BD234603AA294607F0FEFEF7E700BF06
:10F90000D83B00201FB50B46044602A918460193B8
:10F91000FFF71EFE9DF80C20022A08D8054951F871
:10F92000220020B1019B02AA214607F02DFF04B05E
:10F9300010BD00BFD83B002030B50C4685B0054651
:10F9400002A92046FFF704FE9DF80C30022B03D8D5
:10F95000094A52F8230040B90093227AE179287CC1
:10F960000323FFF77DFD05B030BD234602AA2946DB
:10F9700007F0BCFFF7E700BFD83B002037B50C46C7
:10F98000054601A92046FFF7D5FD9DF8061002297E
:10F990000A4603D8074B53F8210030B90323214608
:10F9A0002846FFF789FE03B030BD2246294607F0FE
:10F9B0008BFEF8E7D83B002010B5074C0246032326
:10F9C00054F8041B21B1087910B18968914202D022
:10F9D000013BF5D1184610BDD83B002037B5CA7899
:10F9E000072A4FF0000328BF072205460C46684649
:10F9F0000C310093CDF8033012F0A2FD9DF80610F3
:10FA000002290A4603D8084B53F8210030B90323D2
:10FA100021462846FFF750FE03B030BD6B46224614
:10FA2000294607F005FFF7E7D83B00200CB47FB567
:10FA3000094C007C2568012408AB84402E6853F8EB
:10FA4000042B0393E4B20094F4682846A04704B062
:10FA5000BDE8704002B07047A43D002030B59FB0B3
:10FA60000546F4F71FFB044683691E4A0621284613
:10FA7000FFF7DCFFE26A636B4AB353B1A16BCDE9D8
:10FA80000131236B0093062113462846164AFFF7DF
:10FA9000CDFF164B1C68E06A036804A9DB6A98472F
:10FAA00028B1104A04AB06212846FFF7BFFF606A61
:10FAB00003683222D3F8883011A9984728B1094A3F
:10FAC00011AB06212846FFF7B1FF1FB030BD002B58
:10FAD000DFD0A26B00920621054A2846FFF7A6FF59
:10FAE000D7E700BF727703087CE4030808260020EC
:10FAF00083E40308F0B5DFED8A0A91ED000A8FB0C8
:10FB000006460D461746F5F7FFFB002800F0D880A3
:10FB100095ED010AF3EE080AF5F7F6FB002800F070
:10FB2000CF80DFED800A95ED020AF5F7EDFB0028A6
:10FB300000F0C680DFED7C0A95ED030AF5F7E4FBE3
:10FB400068B17A4D7A4C30462A460421FFF76EFFA1
:10FB50002368986A0368FA215B689847F3E7DFED4A
:10FB6000750A95ED030AF5F7CFFB40B1724A0421FF
:10FB70003046FFF75BFF714B984704242BE0DFED25
:10FB8000700A95ED030AF5F7BFFB044638B130461D
:10FB90006C4A0421FFF74AFF6B4804F007FBDFEDD6
:10FBA0006B0A95ED030AF5F7AFFBB8B1684A04217B
:10FBB0003046FFF73BFF214603A8F7F7EDFF24226D
:10FBC000214605A8049412F005FD282304AA214625
:10FBD00003A8F8F72FF820460FB0F0BDDFED5D0A5F
:10FBE00095ED030AF5F790FB044690B15A4A0421BB
:10FBF0003046FFF71BFF4E4B1D68FA24A86A0368C6
:10FC00004FF47A719B68013C984714F0FF04F5D1DA
:10FC1000E1E7DFED520A95ED030AF5F775FB68B1F0
:10FC20004F4A04213046FFF701FFFDF757FA40F62F
:10FC30008A524FF48011FDF73DFACCE7DFED490A17
:10FC400095ED030AF5F760FB394B1C6830B3464A63
:10FC500004213046FFF7EAFEA06A444A03683146B1
:10FC60009B6A04960592984796F830302BB9A06AA3
:10FC7000036801215B689847F6E740F6935206F166
:10FC8000180103A8F4F7A6FB3046394A0421FFF710
:10FC9000CDFE03A8F4F7BAFB00249CE7DFED350A9C
:10FCA00095ED030AF5F730FB50B13046324A042196
:10FCB000FFF7BCFEE06A0368D3F884309847EBE7AF
:10FCC0001B4B1C68E36A93F89C3023B16A692B4B89
:10FCD0009A427FF452AF95ED000AF7EE000AF5F76D
:10FCE00013FB98B13B7A0093A98BFB79307C0022FF
:10FCF000FFF7C6FC95ED000AF0EE080AF5F704FBE5
:10FD00000146A06A0268926B904736E795ED000ABB
:10FD1000F0EE080AF5F7F8FA0028E3D103245AE7D1
:10FD20000000284200008E420000BA428CE4030822
:10FD3000082600200000BC429CE4030838ED00E0E7
:10FD40000000BE42B6E40308D1E403080000C0424C
:10FD5000DAE403080000C242FAE403080000C442E7
:10FD60000DE503080000C84225E50308ED27020859
:10FD70003DE503080000C6424DE5030812143401B6
:10FD800010B5044604F03EFA074B9A68801A41F217
:10FD90008832904205D81B7BA34294BF00200120EB
:10FDA00010BD0120FCE700BF803D00201FB5CA78D0
:10FDB000092A4FF0000328BF09220C31044601A88C
:10FDC000CDE901338DF80C3012F0BAFB04F01AFAC9
:10FDD0001A4A9DF8083013719DF80930906003B1FC
:10FDE00010609DF80A301373132B09D8B4F8A421BE
:10FDF000B2F5FA6F06D23C32A4F8A42104B010BDCB
:10FE0000312B06D8B4F8A421B2F5FA6F0BD2143214
:10FE1000F2E75F2B07D9B4F8A431C82B05D9283BEA
:10FE2000A4F8A431EAE75A2BE8D9B4F8A431002B9E
:10FE3000E4D0142B8CBF143B0023F1E7803D00205D
:10FE400030B58A7A4B7A43EA0223CA7A43EA0243FC
:10FE50000C468BB0272B0546694620460AD1FFF792
:10FE600085FB9DF82520032321462846FFF724FC27
:10FE70000BB030BDFFF77AFB9DF8251002290A462A
:10FE800003D8074B53F8210008B90323ECE70379A3
:10FE90000BB90123E8E76A46214607F0D9FDE7E7F9
:10FEA000D83B0020074A002352F83300884203D190
:10FEB00002EBC303187970470133262BF4D151208C
:10FEC000704700BF64E70308432908D005D831B163
:10FED000192914BF0020012070474829F9E70120A3
:10FEE0007047000010B58B89B0F8A4411C44C3686A
:10FEF00003B1A400FFF760FD00B1A40004F082F993
:10FF0000064B1B69C01AB0F57A7F38BFA4004EF6C5
:10FF10006020A04228BF204680B210BDAC6D0020FA
:10FF200090F8A6318B420AD090F8AC318B4208D0C1
:10FF300090F8B2318B4206D1022040B270470020C7
:10FF4000FBE70120F9E74FF0FF307047F0B590F97B
:10FF5000B83101331AD1044600224FF6FF77B4F8C6
:10FF6000A85175B1B4F8AA31CE1AB6B2B54225BFC0
:10FF70005B195B1A00239BB2BB423CBF80F8B821DF
:10FF80001F460132032A04F10604E8D190F9B82192
:10FF9000531C0CD0062303FB0203B3F8AA01B3F8E9
:10FFA000A831091A89B28B4288BF4FF0FF32104640
:10FFB000F0BD000030B585B00446007A0391FEF72D
:10FFC00041F90546207AFEF7F9FF00F10A039D4248
:10FFD000207A039A04D2FDF797FC002005B030BDCB
:10FFE000E3790093A188A379FFF74AFB0120F5E7A5
:10FFF0000521FFF7DFBF000010B50446FFF7DAFF69
:020000040802F0
:1000000008B10023236010BD30B5074C256845B901
:100010009DF80C50A08025722160A271E3712046EA
:1000200030BD0020FCE700BF983D002073B50646B8
:100030000D4606201049F2F797FB04F0C9FF04F0C3
:1000400087FF0E490620F2F78FFB0D4B1C687CB131
:10005000337C0093EA792B7A0121F120FFF7D4FF5A
:1000600040B12046002104F0B9FF052002B070BD68
:100070002046FBE70846F9E760E503087FE503084B
:10008000E066002008B504F0BDF81C4A1368C31AE6
:10009000B3F57A7F30D31A4B10601B68012B19D04F
:1000A000022B29D105F09EFA05F09AFA042823D8EC
:1000B000DFE800F0030B0B0903000421BDE8084052
:1000C0000F48FFF799BF0021F8E7BDE808400C484A
:1000D000FFF78EBF0B4B186804F082FF03280BD884
:1000E00001A353F820F000BFBB000208CB000208B8
:1000F000C7000208BB00020808BD00BF943D0020F5
:10010000983D0020E066002010B586B0047C04F025
:1001100079F800220023CDE902230C238922CDE9BE
:100120000032049002AA02212046FEF709F906B027
:1001300010BD000090F87801C0F340007047000047
:100140002DE9F0412DED028B84B007460191164652
:1001500004F03EFF0199037C8B424DD9242303FB1D
:10016000010393ED098ADFED2D7A9FED2D7A28EEBC
:10017000278AD3ED0A7A67EE877A4FF00108FDEE01
:10018000E77A17EE903A1DB2264B1C68002C38D047
:100190002046019104F034FF019990B3204604F009
:1001A0008BFFDFED1E8A0199204603AA60EE288AA4
:1001B00004F034FF044668B1DDED037A9FED187A50
:1001C00067EE877AFDEEE77A17EE903A1CB2002CC4
:1001D00008BF01243F7C04F015F8234601462A4657
:1001E000F0EE680AB0EE480A3846B44604B0BDECFA
:1001F000028BBDE8F041604700259FED0B8AA846C1
:10020000C2E7B8F1000F03D0DFED078A0024E1E771
:1002100004B0BDEC028BBDE8F08100BF0AD7233CDF
:100220000000C842E066002000000000014A0221F0
:10023000FFF786BFE9F40108014A0021FFF780BFFC
:1002400091F40108014A0121FFF77ABFBDF40108CA
:100250002DE9F0412A4B1E6886B08046002E49D019
:10026000847A013404F001042146304604F0C8FECB
:1002700040B998F80A4004F001042146304604F0E1
:10028000BFFEB8B302AA2146304604F0C7FEA0B3B1
:10029000DDED027A9FED1B7A67EE877AFDEEE77A55
:1002A00017EE903A1DB22146304604F0C9FE2146B1
:1002B0000746304604F0F0FE214630468DED030A35
:1002C00004F0FAFE0C23EA22CDE9003298F810007F
:1002D0008DED040A87F001070DEB030240F22711B0
:1002E000ADF814508DF816408DF81770FEF728F809
:1002F00088F80A4006B0BDE8F08147F6FF75D2E7FE
:10030000E06600200000C84210B503490446F6F735
:10031000E5FE204610BD00BF7C67030838B590F8A5
:100320009050042D044621D80368DB6A984704EBFB
:100330008505C5F8940094F8901004EB8103D3F878
:10034000940098B1FFF7D8F994F8903078B904EB9D
:100350008303D3F8940010B103685B68984794F85E
:100360009000243004EB80040023636038BD013327
:1003700084F89030FAE7000010B50446FCF7C2F9A3
:1003800000220121FCF74EF8024630B104F12C01A5
:100390002046BDE81040FFF7C1BF10BD70B505464F
:1003A00000F140060124FCF7ADF922460121FCF7DB
:1003B00039F8024648B1013431462846E4B2FFF725
:1003C000ADFF052C06F11406EDD170BD802910B5E6
:1003D000144615D13AB90B4B1B68586A03681B6D5C
:1003E0009847204610BD012A0AD1064B1B68586A5F
:1003F0000368DB6C9847002814BF00200420F1E755
:100400000220EFE70826002013B5CA78062A4FF02D
:100410000003044628BF06220C3168460093ADF85D
:10042000043012F08DF8009A9DF80510204602B0B5
:10043000BDE81040FFF7CABFF0B5A3B000210E22FF
:1004400005460AA8CDE90311CDE90511CDE907114B
:10045000099112F0BFF812238DF80B302C4B1B685A
:10046000D86A036809A91B6B0DF10B029847F3F7D3
:1004700019FE0669C169044636BA19B1082203A8F3
:1004800003F0CAFE216B19B1082205A803F0C4FECF
:10049000A16B19B1082207A803F0BEFE2B682F7CC0
:1004A0009B6B28469847636912960022CDE9132377
:1004B000184B159303F17C53CDE90E0103F582230C
:1004C0000020002103F20923CDE91001082203A92D
:1004D00017A81693FFF75EF805A919A80822FFF7D9
:1004E00059F807A91BA80822FFF754F809A91DA865
:1004F0001222FFF74FF84E23B222CDE900329421A9
:100500003C230EAA3846FDF71BFF23B0F0BD00BF09
:100510000826002000003D1810B503681B6C9847A2
:100520000428044605D8FCF7D9FD0368002B18BF42
:100530000524204610BD00002DE9F041174F90F82A
:10054000108004463868036886B05B689847236863
:100550000646DB6B204698470546386803681B68EB
:10056000984707462046FFF7D7FF03238DF8113041
:100570008DF8143032220923CDE900328DF81300B2
:1005800003AA0021404603978DF810608DF81250A1
:10059000FDF7D6FE06B0BDE8F08100BFA43D002007
:1005A00038B5044603F02EFE23680546DB6E204670
:1005B0009847B0EB952F0BD3237C5BB9064B1B6898
:1005C000D86903689B6B984780F00100C0B238BDC2
:1005D0000020FCE70120FAE70826002073B5154B40
:1005E0001B680546986A03681B6A0E4698470446CE
:1005F00020B131462846FFF767FCB0B12846FFF727
:10060000CFFFA8B9287CFDF7CFFF40F21C5201466E
:1006100001A8F3F7DFFE2B683146D3F88430284673
:100620009847044601A8F3F7F1FE204602B070BDDA
:100630000024FAE7082600202DE9F04F06469BB07B
:100640004FF0FF3004F074FDC5437AD02022002122
:100650000DEB020011F0BEFF3B4B1B68586A0368AC
:1006600008A9DB6B10229847102708AB4FF6FF71E3
:10067000002033F8022B8A4207F1FF3208BF23F82B
:10068000020C12F0FF07F4D1ADB2002D59D0347C2A
:1006900003F0B2FDBDF82C300393BDF83230049363
:1006A000BDF834300593BDF83630BDF820B0BDF844
:1006B00022A0BDF82490BDF82680BDF828E0BDF842
:1006C0002AC0BDF82E6006931090BDF8383003980C
:1006D000BDF83050BDF83A10BDF83C200793ADF896
:1006E0005000BDF83E30ADF844B0ADF846A0ADF8CE
:1006F0004890ADF84A80ADF84CE0ADF84EC0ADF88A
:1007000052608DF85470ADF855500498ADF857000C
:100710000598ADF859000698ADF85B00ADF861207A
:100720000798ADF86330DE222523CDE90032ADF81D
:100730005D00ADF85F10152310AA24212046FDF7B7
:10074000FFFD1BB0BDE8F08F0826002038B5D0F8BB
:100750009041007C23689D6DFEF730FC103081B223
:100760002046A84750EA010301D103F053FD4FF49E
:100770007A73A0FB030203FB012138BD08B503F027
:1007800049FD4FF47A72A0FB020302FB0131034BD7
:100790001B78C01841F1000108BD00BFD023002024
:1007A000F0B5CF788BB0102F4FF0100628BF102770
:1007B0000D4632460021044602A811F00BFF3A46CE
:1007C00005F10C0102A811F0BBFEDDE90223134381
:1007D00021D1207CFDF736FD0546207CFEF7EEFB9F
:1007E00083199D4205D2207C0BB0BDE8F040FDF797
:1007F0008BB82046FFF7AAFFDDE90423CDE90823E3
:100800002223CDE90601CDE90063207C334606AA08
:100810006F21FDF795FD0BB0F0BD000010B586B05F
:100820000446FFF7ABFF00220023CDE9022310238B
:100830002222C4E90E01CDE90401CDE90032207C79
:1008400002AA6F21FDF77CFD06B010BD2DE9F04F27
:10085000D7B08A46044603F0CFFC039003F0D2FCE5
:100860000DF11C0806460027D4F89001A8F80A707C
:100870000368DFF81C915B69DFF818B1984783B211
:100880000493049BBDB2AB4230D9D4F89001036805
:100890009B699847D4F8BC32C1B2002B47D10A46B5
:1008A000CDF800800DAB04F5B67104F14800FDF7FA
:1008B0002FFB012859D1DBF800500F9BEA6AC3F3E4
:1008C0001723D38723680DAA9B6841462046984783
:1008D000227C002309F80230C4F8C062EA6AD38798
:1008E00003F08AFC039BC01A50453CD903F08AFCF4
:1008F000236CB4F84420C31A9342054614D9224B02
:10090000207C1B78C340DB070ED4E37A63B9FDF784
:1009100099FC0646207CFEF751FB00F110039E4235
:100920002CD2207CFCF7F0FF57B0BDE8F08FD4F854
:10093000C022B21AB2F57A6FB1D9227C1348059160
:1009400050F82220D4F8B8029847059928B1237CA2
:10095000C4F8C462012209F80320D4F8C432F31A9F
:10096000B3F57A6F9BD801378BE76423B5FBF3F2BD
:1009700003FB1255ADB2002DF5D1B1E72046FFF7CC
:100980004DFF2564D0E700BF7D3D0020BC3C00202A
:10099000B43C00200826002090F80E330BB9FFF776
:1009A00055BF704710B50368CC79DB68984784421F
:1009B00005D1034B1C6803F025FCC4F8AC0110BD45
:1009C000A43D00208A7A4B7A43EA0223CA7A43EA9A
:1009D0000243332B0DD8252B1AD9263B0D2B17D8C4
:1009E000DFE803F00A0C1616161012141616161667
:1009F000160E492B02D07047FEF7F0BFFFF720BA62
:100A0000FEF780BFFEF75CBFFEF796BFFEF7B6BFEE
:100A10007047000008B50A4B0A699A4205D00620C3
:100A20000849F1F7A1FE042008BD074B1B68D86AEE
:100A300003689B6A9847012894BF00200420F3E7CD
:100A40003C700400A0E503080826002010B591EDD5
:100A5000000AF7EE000A0446F4F756FC38B1D4F861
:100A6000743243F00803C4F87432002010BD04202F
:100A7000FCE7000091ED007AD1ED017ABCEEC77A77
:100A800082B0FCEEE77A8DED017A17EE902A9DF8A0
:100A9000041002B0FFF79ABCD1ED007AFCEEE77AC1
:100AA00008B517EE902A47F6C3639A420AD1064B5F
:100AB0001B68D86A03689B6D984700280CBF032009
:100AC000002008BD0220FCE708260020C9280BD81A
:100AD000B2280FD9B33880B20123834006481840AA
:100AE000003818BF012070474AF2FB73C31A5842FE
:100AF00058417047002070470120410070B50D46F5
:100B000014460021242220461E4611F063FDAB7FCF
:100B1000A377EB7FE37784F82060AB8BA3832B680C
:100B200023606B686360AB68A360EB68E360A88BCD
:100B3000FFF7CCFFD5ED047AF4EE677AF1EE10FA08
:100B40001BD618B19FED107A67EE877AFDEEE77A33
:100B5000C4ED047AD5ED057AF4EE677AF1EE10FA79
:100B60000ED618B19FED087A67EE877AFDEEE77A28
:100B7000C4ED057AAB69A36170BDDFED047AE7E7E8
:100B8000DFED027AF4E700BF8096184B000000000A
:100B9000F0B517468A8B8BB00446032510460E46E7
:100BA0008DF80350FFF792FF80B9236801AAD3F8AC
:100BB000B8509DF8033031462046A84723683A468E
:100BC0005B6D01A9204698470BB0F0BD23680DF17D
:100BD0000301D3F8BC30204698470028E5D12846C9
:100BE000F2E7000070B5CE788CB0212E28BF212608
:100BF0000C4605462122002103A811F0EBFC3246E9
:100C000004F10C0103A811F09BFC0D4BBDF828204A
:100C10001E68F36A03A9A3F8402028462246FFF77E
:100C2000B7FF237A00930246E379BDF82810287CA9
:100C3000FEF726FDF36A0022A3F840200CB070BD39
:100C40000826002073B5F7EE000A91ED000A06466B
:100C50000D461446F4F758FB10B9032002B070BDDE
:100C600095ED010AF7EE000AF4F74EFB0028F4D0E8
:100C7000337C0093237AE279022140F20E20FFF7C1
:100C8000C3F9044638B104F0ADFC04F0A7FC20B968
:100C900020600420E2E70120E0E70520DEE7000015
:100CA000D1ED007AFCEEE77A10B517EE904A14F019
:100CB000FF040AD0012C12D10A4B1B68586A036842
:100CC0001B6D98470024204610BD064B1B68586AD0
:100CD0000368DB6C9847002808BF0424F3E702246C
:100CE000F1E700BF0826002070B5CE788CB0232E27
:100CF00028BF23260C4605462322002103A811F015
:100D000069FC324604F10C0103A811F019FC0E4BEA
:100D1000BDF828201E68F36AA3F840202B682246FD
:100D200003A95B6D28469847237A00930246E3792E
:100D3000BDF82810287CFEF7A3FCF36A0022A3F874
:100D400040200CB070BD00BF082600201FB50F4B1F
:100D5000047C1B68186903689B689847DFED0C7A70
:100D600020EE270A1522BCEEC00AA52110EE103A8B
:100D7000ADF80C3000238DF80E300323CDE900329E
:100D8000204603AAFDF7DCFA04B010BD08260020B7
:100D900000007A4430B51C4C0546206803688FB0CB
:100DA000DB69984768B305AB04AA03A92068FCF780
:100DB0008FFDFCF793F90468FCF790F9039B069309
:100DC000049B82880793059B08934FF6FF710023CD
:100DD000CDE90931ADF82C30ADF83230FF23ADF854
:100DE00034208DF836307C221F23CDE90032ADF857
:100DF0002E40287C240C06AA0121ADF83040FDF7D6
:100E00009FFA0FB030BD00BFA43D00207FB503683E
:100E1000067C5B6C04469847236805469B6C20461D
:100E2000984702238222CDE900328DF80D0003AAF3
:100E3000F52130468DF80C50FDF782FA04B070BDF4
:100E400038B50A460546502900F24181DFE811F025
:100E50005D000601BE0074001B014301FB003F0161
:100E60003F01C800CE00CE00CE00D000DB00E6007F
:100E7000880094003F013F017E003F014301430190
:100E8000430151003F013F013F016A003F013F0123
:100E900043013F013F013F013F013F013F013F014E
:100EA0003F013F013F013F013F013F013F013F0142
:100EB0003F013F013F01110130013F013F0143016B
:100EC000AC00B5003F013F013F013F013F013F0141
:100ED0003F013F01250132013F013F013F013F0139
:100EE0003D013F013F013F01A1003F013F013F01A3
:100EF000F0001921FCF71AFD044610B90024204621
:100F000038BD2846FDF77EFEF9E70921FCF70EFD06
:100F100004460028F2D003F075F968602846FFF710
:100F20000BFBECE70321FCF701FD04460028E5D0AC
:100F30002846FFF70BFFE2E70821FCF7F7FC044621
:100F40000028DBD02846FEF753FCD8E70C21FCF73D
:100F5000EDFC04460028D1D02846FFF7D5F8CEE7AF
:100F60003421FCF7E3FC04460028C7D0F7F7ECFD7A
:100F7000297CF7F72DFDC2E72321FCF7D7FC0446B7
:100F80000028BBD0F7F7E0FD297C0022F7F7E4FA50
:100F9000B5E72521FCF7CAFC04460028AED02B6833
:100FA000DB6A28469847AAE73321FCF7BFFC0446D2
:100FB0000028A3D02B681B6BF3E73321FCF7B6FCAA
:100FC000044600289AD02B685B6BEAE70621FCF701
:100FD000ADFC0446002891D02846FEF72BFC8EE796
:100FE0001D212846BDE83840FCF7A0BC1821F8E7D1
:100FF0001021FCF79BFC044600283FF47FAF2846F5
:10100000FFF71AF97BE71021FCF790FC0446002853
:101010003FF474AF2846FFF715F970E71021FCF78D
:1010200085FC044600283FF469AF2B681B6AB8E7CB
:101030000C21FCF77BFC044600283FF45FAF2846F8
:10104000FFF706F95BE72521FCF770FC0446002852
:101050003FF454AF2846FFF7EFFA50E71F21FCF7A3
:1010600065FC044600283FF449AF2846FFF792FE8E
:1010700045E72121FCF75AFC044600283FF43EAF27
:101080002B68DB698DE71A21FCF750FC0446002829
:101090003FF434AF2B689B6983E70221FCF746FCE1
:1010A000044600283FF42AAF2846FFF7AFFE26E7A4
:1010B000202196E74E21FCF739FC044600283FF436
:1010C0001DAF2846FFF7B8F919E72A2189E7034938
:1010D0000720F1F749FB012411E700BFB0E5030841
:1010E000436933F9110040B14FF47A7393FBF0F385
:1010F0004EF66020834298BF98B27047F8B521B988
:101100004FF47A7313800120F8BD482902D141F2CF
:101110008833F7E70D4F00254FF00C0CECB20CFBB9
:101120000476736883B1367A1E449E420AD013F85F
:1011300001EB7145F9D10C235C43395DFFF7D0FF1A
:101140001080E0E70135E9E71846DDE7406703086E
:1011500073B50446D0F89001BDF818101D46036819
:101160009B6D1646984750EA010301D103F052F8EF
:10117000CDE9000132462B4604F53470FBF7CCFA7A
:101180004FF47A720023EFF7B1FD02B070BD00009A
:1011900070B5CE7894B03C2E28BF3C2604460D4650
:1011A0003C22002105A811F015FA05F10C01324688
:1011B00005A811F0C5F9059A069B207C03920293BD
:1011C000FDF7FCFE3C3080B2DDE9023200902046A3
:1011D000FFF7BEFF23680246D3F8803005A92046FA
:1011E000984714B070BD000070B58A7A4B7A43EA14
:1011F0000223CA7A43EA02436F2B05460C4600F0ED
:10120000B78069D84D2B5FD8412B07D80B2B00F046
:10121000B38021D8002B00F09E8070BD423B0B2B89
:10122000FBD801A252F823F0BD1302081B120208DA
:101230001B1202081B1202081B1202081B120208D2
:101240001B120208811302081B12020895130208E0
:101250008D1302085F130208172B07D003F1807269
:101260000AD8143A22F07F42012AD6D821462846CD
:10127000BDE87040FDF74ABD263A22F07F420D2AB4
:10128000CBD8263B0D2BC8D801A252F823F000BFC3
:1012900081130208811302088113020881130208D6
:1012A0001B1202088113020881130208811302082D
:1012B0001B120208811302081B1202081B120208EB
:1012C0001B120208811302086D2B67D06E2BA4D16C
:1012D000BDE8704005F086BBBA2B65D015D8952BBC
:1012E0007AD007D87B2B19D07E2B96D1BDE87040E1
:1012F00006F014B8A62B51D0B72B8ED1D0F874328B
:1013000043F00803C0F8743287E7B3F5817F50D00B
:1013100014D8E92B0AD8E72B7FF67FAFF7F714FC38
:10132000297C2246BDE87040F7F7BABAB3F5807F52
:101330007FF473AFBDE87040FDF7BABD42F6F82206
:10134000934211D042F6FA2293427FF466AFBDE891
:10135000704005F0D1B9BDE87040FFF723BB0368CA
:10136000BDE870401B6D1847BDE8704005F0F0B84F
:10137000BDE87040FFF714BABDE87040FFF744B80D
:1013800021462846BDE87040FFF71CBBBDE8704011
:10139000FFF728BCBDE87040FFF7A6BC21462846F1
:1013A000BDE87040FEF702BDBDE87040084603F09E
:1013B000F3BEBDE87040084603F02CBFD0F89001A2
:1013C00003689B6B9847C3043FF527AF2146284627
:1013D000BDE87040FDF782B9BDE87040FFF7D8BEA8
:1013E00070B5104BD6791B78B3420546144601D12F
:1013F000012070BD0368DB6898478642F8D0A27A66
:10140000637A43EA0223E27A43EA0243A62BEFD04F
:101410006D2BEDD02B6828461B69984780F00100A2
:10142000C0B2E6E7D023002070B51546537A927A11
:1014300043EA0223EA7A43EA0243A62B04460E4615
:1014400008D06D2B06D0174A017C01238B40117800
:101450000B431370337B03F00303022B0DD1D4F83D
:10146000843193F90630022B01D02B2B05D194F84F
:10147000783123F0020384F878310B482A4621465C
:10148000FDF7CCFE60B12A4631462046FFF7A8FFA3
:1014900030B1236829462046DB6DBDE8704018470F
:1014A00070BD00BF7C3D0020613C002070B588B05D
:1014B000044600F5007141F6982203A8F2F78AFF6E
:1014C00002F0A0FE0546FBF71DF905AB019304AB46
:1014D000009304F5F27204F5FF7304F5F071FBF765
:1014E000BFF894F8DC310646002835D0002B40F0D8
:1014F0008280C4E97A53049BC4F8F4310126059B29
:10150000C4F8F831D4F8E00184F8DC61C4F8F05193
:10151000F3F774F884F8FC01D4F8E401F3F76EF8FB
:10152000624984F8FD010620F1F71EF994F8DD31D7
:101530006BB95F4B84F8DD611B685E4A986A07925D
:101540000368069408AA12E906005B6A984703A894
:10155000F2F75CFF08B070BD002BF8D002460146E0
:1015600084F8DC01D4F8E001F2F7EAFF3246D4F85F
:10157000E4013146F2F7E4FFD4F8F421049B9A42E7
:1015800008D0D4F8E001F3F729F80499D4F8E00181
:10159000F2F7D2FFD4F8F821059B9A4208D0D4F88C
:1015A000E401F3F71BF80599D4F8E401F2F7C4FF5E
:1015B000D4F8E00194F8FC51F3F720F8854206D006
:1015C000D4F8E00194F8FC1103685B6C9847D4F8F8
:1015D000E40194F8FD51F3F711F8854206D0D4F8F0
:1015E000E40194F8FD1103685B6C984732490620CA
:1015F000F1F7BAF8ABE794F8FE31002BA7D0D4F896
:10160000F0014FF47A722D1A53439D429FD9002561
:101610002A462946D4F8E00184F8DC51F2F790FF1D
:101620002A462946D4F8E401F2F78AFFFBF76AF864
:10163000FBF752F8D4F8F421049B9A4208D0D4F86E
:10164000E001F2F7CBFF0499D4F8E001F2F774FF60
:10165000D4F8F821059B9A4208D0D4F8E401F2F7B7
:10166000BDFF0599D4F8E401F2F766FFD4F8E00174
:1016700094F8FC51F2F7C2FF854206D0D4F8E0019D
:1016800094F8FC1103685B6C9847D4F8E40194F873
:10169000FD51F2F7B3FF854206D0D4F8E40194F887
:1016A000FD1103685B6C98470449A0E7D0E5030887
:1016B0000826002081180208E1E50308F3E5030885
:1016C00038B50446002594F89030E9B28B4209D928
:1016D000236820461B6998474FF47A71FFF75CF93D
:1016E0000135F0E72046BDE83840FFF7DFBE0000D7
:1016F000F0B5044695B000F5007141F6E12203A86B
:10170000F2F768FE94F8DC31002B00F0B180D4F8D9
:10171000E831BBB102F076FDD4F8E831C01AB0F57B
:101720007A7FC0F0A5800023D4F8F411D4F8E0014A
:10173000C4F8E831F2F700FFD4F8F811D4F8E40166
:10174000F2F7FAFE4D4ED4F8E00132463146F2F798
:10175000F7FE32463146D4F8E401F2F7F1FED4F850
:10176000E00103685B6F98470546D4F8E001036821
:101770009B6F98470746EDB1D4F8F831AB420DD0D6
:10178000D4F8E401C4F8F851F2F728FF0023D4F8A4
:10179000E40100961A462946F2F7E2FE94F8FD317C
:1017A000BB4207D0D4F8E40184F8FD7103683946E0
:1017B0005B6C9847D4F8E40103685B6F9847054673
:1017C000D4F8E40103689B6F98470746EDB1D4F85D
:1017D000F431AB420DD0D4F8E001C4F8F451F2F783
:1017E000FDFE0023D4F8E00100961A462946F2F7E0
:1017F000B7FE94F8FC31BB4207D0D4F8E00184F87E
:10180000FC71036839465B6C9847D4E978500368EB
:101810009B6A984740280246184B28BF402228461A
:1018200004A9F2F7BBFE05B2002D0ADD02F0EAFCC6
:10183000124BC4F8F0012A46D4F8E40104A9F2F7E7
:101840009DFED4E9780503689B6A984740280246C4
:101850000A4B28BF402204A92846F2F79FFE02B295
:10186000002A05DD054BD4F8E00104A9F2F786FE55
:1018700003A8F2F7CBFD15B0F0BD00BF9FAB563209
:10188000FFF736BF0B2910D8DFE801F00D0F0F0668
:101890000F0D060F0F0F0909012010607047032379
:1018A0001360012070470023FAE700207047000012
:1018B000F7B50746888BFFF709F90D46164604462B
:1018C00048B3D1ED067AF4EE677AF1EE10FA25D638
:1018D0009FED137AF0EEE77AF4EEC77AF1EE10FAA4
:1018E0001CDC91F8201001AA3846FFF7CBFF044614
:1018F00088B12B69B3606B69F360D5ED067A9FED13
:10190000097A019A67EE877A3046FDEEE77A17EE9C
:10191000901A02F09FFC204603B0F0BD0024FAE7C5
:10192000001CA2470000C84210B586B0044602A8B9
:10193000019102F089FC019902AA2046FFF7B8FF45
:1019400030B1236802A9DB6F2046984706B010BD6E
:101950000220FBE7014B1868704700BFA43D002040
:1019600010B5DFED160A91ED000A8AB00C46F3F7C8
:10197000CBFCC0B10021124B1868FBF7FFFE202200
:10198000002102A810F026FE40F62823ADF82030F2
:1019900023680C48019301AA24234C21FDF77CFB0A
:1019A00000200AB010BD94ED000AF7EE000AF3F72C
:1019B000ABFC08B10121DEE70420F2E700000000E3
:1019C000A43D0020613C002038B505460068EFF7D3
:1019D000A5F904466868EFF7A1F90444A868EFF791
:1019E0009DF9A4B2204480B238BD000000230360FA
:1019F00043608360704700002DE9F041224B036093
:101A00004FF6FF750446058118300E46174601F063
:101A1000A5FD42F21073A4F844301222002104F50F
:101A2000D37010F0D7FD192384F8AC31482384F823
:101A3000B85184F8B23104F5DE7504F517782846FC
:101A40001035FFF7D3FFA845F9D1FF2384F85C32A6
:101A500004F51870FFF7CAFF04F51B70FFF7C6FF07
:101A60000023C4E9AE3364224FF4FA7104F53470F4
:101A7000FAF74EFE04F53C7002F0E6FBC4F89071F4
:101A800066612046BDE8F08138E603082DE9F84399
:101A9000FF2304460D4680F85C3200F5DE784FF0F7
:101AA00000094FF6FF7640465FFA89F7FFF78CFF93
:101AB00090B141462046FEF715FAB8F80E30EA1A02
:101AC00092B2904225BF5B1BC018002080B2B0428A
:101AD0003CBF84F85C72064609F10109B9F10A0FAE
:101AE00008F11008DFD194F85C22FF2A04F5187081
:101AF0000DD04FF4DE7303EB0213E218E358C4F881
:101B000060325368436093688360BDE8F883FFF7F1
:101B10006DFFFAE703687BB943687BB983687BB1E3
:101B2000022293FAA3F0002BB0FA80F008BF4FF026
:101B3000FF3000EB421070470022F2E70122F0E78D
:101B40004FF0FF307047000070B590F85C32FF2B0B
:101B500004460E4601D1FF2070BD00EB0312B2F81F
:101B6000CA514D1B02F5DE71FEF7BCF9ADB2A842B9
:101B7000F1D804F51870FFF7CDFF431C04D13146AE
:101B80002046FFF783FFE6E7C0B2E5E7502938B506
:101B900005460C460CD86209012304F01F0403FA21
:101BA00004F455F8223023EA040345F8223038BD06
:101BB000FDF75CFD0028EED1F9E7000037B50446DB
:101BC00000EB011000F5DE700D461146CDE9000274
:101BD000FFF7DCFF0098FFF7F7FE019918B904EB57
:101BE0000513C3F8C80194F85C329D4211D104F585
:101BF00018700090FFF7CAFF0098FFF7E5FE40B9A4
:101C000002F002FB0146204603B0BDE83040FFF77A
:101C10003DBF03B030BD0000502938B505460C4625
:101C20000CD86309012155F8233004F01F0401FA90
:101C300004F41C4214BF0846002038BDFDF716FD11
:101C40000028EED1F9E700002DE9F0410646FEF745
:101C500067F9431C154608D0062404FB0060B0F861
:101C6000A83113800120BDE8F08106F5DE7800245C
:101C70008FB239464046FFF7CFFF28B106EB041478
:101C8000B4F8C8312B80EEE701340A2C08F11008B3
:101C9000EFD1E8E7F7B504460E46FCF7EFFC074640
:101CA000207CFDF78BF90546207CFDF787F905447C
:101CB0001035AF4230D3D6ED007AFCEEE77A17EE5E
:101CC000901AB1F5803F8EB207D3207C00223146B6
:101CD000FDF720FC042003B0F0BD2046FEF7E2F83B
:101CE00051280146F1D000250DF106022046ADF83D
:101CF0000650FFF7A9FF0346207C53B1BDF806301C
:101D00003BB14FF47A725A433146FDF703FC002091
:101D1000E1E74FF0FF32F7E70120DCE7502938B563
:101D200005460C460BD86209012304F01F0403FA90
:101D300004F455F82230234345F8223038BDFDF72E
:101D400095FC0028EFD1F9E719292DE9F74F044652
:101D50008846164605D1B2B1B2F57A7F28BF4FF456
:101D60007A7641462046FEF7DBF8421C05460CD049
:101D7000062000FB0544A4F8A86102F045FAA4F887
:101D8000AA01012075E06426EBE704F5DE72074640
:101D900081464FF0000B4FF6FF7A1FFA88F19389C6
:101DA00073BB7B1C01D14FFA8BF70BF1010BBBF11D
:101DB0000A0F02F11002F2D1681C37D1002EE0D0D8
:101DC000B9F1FF3F52D0BAF1000F55D14FF4DE7395
:101DD000102515FB0935661941463046FFF79EFF71
:101DE00094F85C32FF2BCCD184F85C926359C4F830
:101DF00060327368C4F86432B368C4F86832C0E70C
:101E0000104601910092FFF707FFDDE9002108B1BC
:101E10004FFA8BF593899B1B002BB8BF5B429BB29B
:101E200053453CBF4FFA8BF99A46BEE72EB942465E
:101E300029462046FFF7C2FEA3E7BAF1000F01D101
:101E4000A9459ED0294642462046FFF7B7FE791C99
:101E500020D110204FF4DE7310FB05302044FFF733
:101E6000B3FDB0B1B9F1FF3FB0D101E07A1C11D19F
:101E7000002003B0BDE8F08F7B1CA7D03DB204EB7F
:101E80000515B946A5F8C86102F0BEF9A5F8CA0162
:101E90009CE72F46BAF1000F98D0EFE713B5044640
:101EA0000192FDF7FFFF5128014606D0019A204616
:101EB00002B0BDE81040FFF747BF002002B010BDE0
:101EC00030B585B005461446FDF7ECFF51280146B4
:101ED0002CD0ACB901900DF10E022846FFF70EF997
:101EE000019910B90023ADF80E30BDF80E20284638
:101EF000FFF72AFF00280CBF0420002005B030BDEA
:101F0000631CEFD0002C11DBB4F57A7F01DA0123DA
:101F1000E9E7074B9C4202DD4EF66023E3E74FF40E
:101F20007A7294FBF2F4ADF80E40DEE70220E5E7AA
:101F300000879303D1ED027A9FED0C7AF0EEE77AF9
:101F4000F4EEC77AF1EE10FA0DD591ED017AD1EDEC
:101F5000007ABDEEC77AFCEEE77A17EE102A17EE8C
:101F6000901AFFF7ADBF0220704700BF0000003499
:101F7000F8B504460F4800220C25D3B26B43C718AE
:101F80007E68AEB1C35C8B4202F10102F5D12046FE
:101F9000FFF7A6F8002506463A7AEBB29A4207D92F
:101FA00079683246C95C2046FFF7CEFE0135F3E77B
:101FB000F8BD00BF4067030873B50E4D00240C2622
:101FC000E3B27343EA18013452682AB1E95C019024
:101FD000FFF7CEFF0198F3E7C17A31B94FF47A7277
:101FE00002B0BDE87040FFF759BF41F28832EB21E3
:101FF000F6E700BF406703082DE9F34790F8783211
:10200000044623B9FFF7D8FF012384F87832FEF79E
:1020100039F802F0F7F8DFF80CA1074686B204F5AC
:102020001B7804F5187902F0EDF8C01B042868D875
:10203000DAF80000FBF766FC002862D13146204642
:10204000FDF784FF421C1AD0062505FB00452046FB
:1020500095F8A611FEF7C2FA002852D0B5F8A811DB
:10206000B5F8AA310B449BB2F21A92B28A4288BFE9
:102070003346A5F8AA31FF2384F8B831D3E74046A8
:10208000FFF748FD431C0AD0C1B220460191FEF77C
:10209000A5FA0199A8B34046FFF778FDC3E731469A
:1020A0002046FFF751FDFF2805462AD0014620466D
:1020B000FEF794FA28B34846A9B2FFF767FD4846F1
:1020C000FFF782FC0028AED194F85C1204EB0111FA
:1020D00001F5DE712046FDF705FF94F85C2204EB64
:1020E0000212B2F8CA3103449BB2F11A89B281429A
:1020F00088BF3346A2F8CA3131462046FFF7C6FCF6
:1021000091E794F8722194F80033B4F8021384F83C
:102110000023D31A51FA83F3A4F8023302B0BDE8C6
:10212000F08700BFA43D002038B504460D4609B134
:10213000482911D10020FCF711FF94F85C32094ABC
:10214000217CFF2B4FF0010303FA01F3117814BF38
:102150000B4321EA03031370294604F51B70FFF7B4
:10216000DDFD38BD7E3D002070B504460E460025DD
:1021700094F89030E9B28B4208D9236820461B6955
:1021800098473146FFF7D0FF0135F1E770BD0000F9
:1021900010B5D1ED007AFCEEE77A044617EE901AFE
:1021A000FDF780FE5128014604D02046FFF7BCFF12
:1021B000002010BD0420FCE730B58B8BB3F5027F07
:1021C00085B004460D4643D8B3F5FF7F09D2C92B2D
:1021D00071D031D8B92B63D020D8B02B66D0032072
:1021E00028E0A3F5FF730A2BF9D801A252F823F0D7
:1021F0001B2302081123020825230208DF210208FD
:10220000DF210208DF210208DF210208DF210208A6
:10221000DF210208DF21020807230208C32B4AD06E
:10222000C52BDCD1684602F00FF823686946DB6FE6
:102230002046984705B030BDF52B4DD0F62B5AD02F
:10224000F12BCCD103681B6F05B0BDE830401847B7
:102250004AF2BC55AB4235D010D840F62824A342F0
:1022600019D041F2B444A34248D040F20E24A34214
:10227000B5D105B0BDE83040FEF7E4BC4AF29A6241
:10228000934224D04AF2CC629342A8D105B0BDE873
:102290003040FEF701BC05B0BDE83040FFF760BB41
:1022A00003685B6E05B0BDE83040184705B0BDE877
:1022B0003040FEF7DFBB2946204605B0BDE8304080
:1022C000FFF732BB03689B6E98470020B2E705B06A
:1022D000BDE83040FEF79EBB91ED000AF0EE000A2B
:1022E000F3F712F818B3F3F70FFC124A0421204653
:1022F000FDF79CFBE9E703681B6EA5E705B0BDE8A9
:102300003040FEF7CDBC05B0BDE83040FEF79EBBC7
:1023100005B0BDE83040FFF70DBE05B0BDE8304068
:10232000FFF7B8BC05B0BDE83040FFF731BF022071
:1023300080E700BF08E60308C3888B420BD90389F6
:10234000194483880068B1FBF3F203FB12113A23AE
:1023500003FB0100704700207047000010B5C388E0
:102360005BB1028981880132013BB2FBF1F401FBD0
:1023700014220281C380012010BD1846FCE7000032
:102380002DE9F04F8046007C4C4B4FF0010995B091
:1023900009FA00F91F685FFA89F30293FCF70EFE51
:1023A000363083B20393002507F5D87AB7F8B631F3
:1023B0009D4221DA98F81000FCF7F6F84FF42362FA
:1023C000014605A8F2F706F84046FCF757F9039BCB
:1023D00098420ED3AEB231465046FFF7ADFF0446E9
:1023E00068B9FAF77BFE40F637224FF48011FAF70E
:1023F00061FE05A8F2F70AF815B0BDE8F08F90F875
:102400003830029A1A4255D00178B0F8332090F84B
:10241000353098F810B08DF81810ADF84B20411CED
:1024200032220DF119008DF84D30FDF7B3F8362347
:102430005322CDE90032FD21332306AA5846FBF78B
:102440007FFF94F8383023EA090384F838308BBBD7
:10245000B7F8B6319E4204D2013B9D4205D1A7F8A0
:10246000B65105A8F1F7D2FFA0E71EB95046FFF715
:1024700075FFF6E7B7F8B631013B9E4217DA741CD8
:10248000A4B221465046FFF757FF314683465046D7
:10249000FFF752FF5B460BF1380253F8041B40F87C
:1024A000041B9342F9D11B8803802646E2E7A7F874
:1024B000B631D6E70135EDB2D3E700BFA43D002029
:1024C0002DE9F041044601F09DFE636AC31AB3F59D
:1024D0007A7F28D3606201F097FE0026054641F21C
:1024E0008837B4F80680B8F1000F1CD000212046D0
:1024F000FFF722FF48B9FAF7F1FDBDE8F04140F6D9
:1025000011224FF48011FAF7D5BDC38EEB1A9BB29E
:10251000BB4208D9B8F1010F01D1E680E1E72046BE
:10252000FFF71CFFDDE7BDE8F081000037B504468A
:1025300000F5DE7140F6F31201A8F1F74BFFB4F895
:10254000B63123B901A8F1F761FF03B030BD94F8AB
:10255000185294F89030AB4209D9236829461B6978
:10256000204698470135FFF70BFFEDB2F1E7002554
:1025700094F81832E9B28B4207D9236820461B69C8
:102580009847FFF7FDFE0135F2E704F5D870FFF735
:1025900097FFD7E770B590F8D8210123044680F85B
:1025A000D9310AB980F8D8311B4E032556F8040BEF
:1025B00008B105F0C3FA013DF8D194F8186294F817
:1025C0009030B34209D9236831461B6920469847A9
:1025D0000136FFF711FDF6B2F1E794F81832E9B2CF
:1025E0008B4207D9236820461B699847FFF704FDF3
:1025F0000135F2E72046FFF799FF94F8183294F876
:1026000090200133DBB29A4284F818329CBF002339
:1026100084F8183270BD00BFD83B00202DE9F0418E
:10262000A0B0044617460E462F22002105A8984662
:1026300004910FF0CFFF40F68C1204F5DE7103A871
:10264000F1F7C8FE5E48CDF80080006804F1A805E7
:102650003B4640F20112C06A2946F2F729F82B46A0
:1026600004AA04F1D80C18685968174603C7083340
:1026700063453A46F7D11B883B803A22002111A8D6
:102680000FF0A8FF94F8D931002B00F08E8020467F
:10269000FBF73CF88DF87C009DF87C209DF8983085
:1026A00013408DF87C30002B6BD001F0ADFDADF800
:1026B0007A0028468DF84460EEF764FD322809D987
:1026C000404A138801339BB2002B76D013801388C5
:1026D000ADF87730002728468DF87970EEF752FD77
:1026E0003228064628BF3226062F8046B6B202D1CF
:1026F000322828BF3126322200210DF145000FF08B
:1027000069FF324629460DF145000FF019FFB4F874
:10271000B421B4F8B6319A4203D104F5D870FFF76A
:102720001DFEB4F8B421B4F8B6118A421FD0B4F833
:10273000B8310B44B3FBF2F102FB1132D4F8B031E3
:102740003A210DF1440C01FB02330DF17C0E62467F
:1027500003CA724518605960944603F10803F6D124
:1027600012881A80B4F8B6310133A4F8B631B8F142
:10277000310F354405D9BDF8773013B10137072F34
:10278000A9D103A8F1F742FE0F4B186810B104A9B4
:1027900002F032FD23682046DB69984710B92046D5
:1027A000FFF7C4FE20B0BDE8F08194F8902001232B
:1027B0009340013B8DF87C306EE7012386E700BF34
:1027C00008260020A83D0020F06B0020014B642269
:1027D0001A737047803D002090F8301029B901230A
:1027E00080F83030183000F085BE7047FFF7F4BF36
:1027F000002070470E20704700F5805090F8F000E0
:10280000C0F340007047000000F58850704700009A
:1028100000F5805090F9F8007047000000F58050F6
:10282000C0F8F410012070472DE9F3470C68BDF89B
:10283000288014F0005407460D4696469C4640F00A
:102840008F800E7B082E00F28B8000F58059D9F81E
:1028500000610136C9F80061302686F31188C66B25
:10286000D6F808A01AF0806F17D1B468240113D4E9
:10287000B46814F080546FD1D9F808510135C9F803
:102880000851D9F80C51002D68D1CDF80080F1F72E
:10289000A5FC84F311885CE001242B6804F1180284
:1028A000002B4FEA0212BABFDB0043F004035B05C2
:1028B000B3502B6813F0804F23B218BF06EB0311FF
:1028C00006EB03131EBFD1F8802142F00202C1F8CB
:1028D00080212A7BC3F8842106EB0416AA68C6F877
:1028E0008C216A68C6F88821D3F8802142F0010261
:1028F000C3F8802141F2900107EB44120A4401EB36
:1029000044113944C2E900EC63012A46083105F15B
:102910000C0052F8044B41F8044B8242F9D13B447D
:1029200012880A8003F5805308F0030293F8AC1074
:1029300021F00B010A4383F8AC20002383F31188B4
:10294000CDF800807246634629463846F1F746FCCA
:10295000012002B0BDE8F08702249EE7204698E7F8
:102960004FF0FF30F5E700002DE9F04F90F83830D8
:10297000032B40F098800E2A00F29580002900F089
:102980009480302383F31188C46BD4F8003243F071
:102990000103C4F80032C46BD4F8003223F47C5332
:1029A000C4F80032C46BD4F8003243F46063C4F856
:1029B0000032C36B3E4CC3F81442C46B0023C4F80E
:1029C0000432C46B6FF07845C4F80C5200F58054A3
:1029D00094F8F8509D4218BF0E25DAB9C36B05F183
:1029E000480143F83120C36B03EBC1035A60C26B4B
:1029F000012303FA05F5C2F81C52C26BD2F800326B
:102A000023F00103C2F80032002383F31188012070
:102A1000BDE8F08F4FF0010801F10409EF189A4268
:102A2000D0F83CA008FA07FE36DD51F833B059F86B
:102A300033C0BBF1000F02DBBCF1000F27DB4FEA14
:102A4000CB044FEACC0644F004041BF0804F07F19E
:102A5000480718BF44F002044AF83740C46BBCF181
:102A6000000FB8BF46F0040604EBC7041CF0804F0B
:102A700018BF46F002066660C66BD6F81C424EEAE6
:102A80000404C6F81C4201330E2BC7D1B5E74FEA48
:102A90004B544FEA4C56D8E7DAF81C4224EA0E04AD
:102AA000CAF81C42EFE70020B2E70846B0E700BFD3
:102AB000AAAAAA0A13B500F580540191D4F884009B
:102AC000F1F7E6FE1F280BD90199D4F884002022E3
:102AD000F1F754FFA0F120035842584102B010BD55
:102AE0000020FBE708B5302383F3118800F5805000
:102AF000D0F88400F1F7A0FE002383F3118808BD0D
:102B000000220260828142608260704710B500221C
:102B10000023C0E900230023044603810C30FFF7A3
:102B2000EFFF204610BD00002DE9F04300F580576F
:102B30000D4697F8F03013F0040FC3F3800108BF7F
:102B4000114661F3820387F8F03000EB451303F57B
:102B50008553083389B01B79D907DDE9108904460C
:102B60004FEA45163BD5002A3BD0180739D404EB71
:102B700045156846FFF7CAFF05F58453183303AAC5
:102B800005F58555186859689446ACE80300083384
:102B9000AB426246F6D11868CCF800009B88ACF8CE
:102BA00004300123ADF808302368CDE900899B6C1F
:102BB000694620469847A31903F5855308331A79C7
:102BC00011070ED442F008021A71D7F80C3104F53F
:102BD00089540133C7F80C31C4E9028901E0002AA5
:102BE000E9D109B0BDE8F0832DE9F0479A4688B0F5
:102BF000074688469146302383F3118807F58054B1
:102C00006846FFF783FFD4F88400F1F727FE1F28FA
:102C10002BD9D4F8840020226946F1F731FF20280F
:102C200023D103AD444605AB2E4603CE9E42206021
:102C30006160354604F10804F6D130682060B3883D
:102C4000A380DDE90023C9E90023BDF80830AAF814
:102C50000030002383F3118853464A4641463846E4
:102C600008B0BDE8F047F1F761BA002080F31188A1
:102C700008B0BDE8F08700002DE9F84F2B4B044663
:102C800040F8043B0F4600F069FC1822002104F1D3
:102C90001C000FF09FFC2046254B40F8403BFFF7FF
:102CA0002FFF04F15000FFF731FF04F1700804F525
:102CB00083554646103530462036FFF727FFAE4293
:102CC000F9D104F580554FF480534FF00009C5E960
:102CD0001D39C5F870800123C5F8846004F5885853
:102CE00004F58556C5F87C9085F8803085F88830E5
:102CF000103608F110084FF0000A4FF0000B46E9BB
:102D000008ABA6F11800FFF7FBFE203646F8289C1A
:102D10004645F4D185F8F87017B1064801F046FA37
:102D2000054BE3632046BDE8F88F00BF546C0308F1
:102D3000BCE8030894E803080064004010B5044BA5
:102D4000197804464A1C1A70FFF796FF204610BDFA
:102D5000B03D00202DE9F047002950D0294B2A4FE3
:102D6000B7FBF1F599428CBF0A231123581EB5FB1E
:102D7000F3FC03FB1C53C4B22BB102280346F5D865
:102D80000020BDE8F0870CF1FF36B6F5806FF7D272
:102D9000C4EBC40E0EF103034FEAE309C3F3C70308
:102DA000A4EB030809F1010A4FF47A755FFA88F081
:102DB00009FB05555AFA88F8B5FBF8F5B5F5617FBA
:102DC000C1BF0EF1FF33C3F3C703E01AC0B25C1CEE
:102DD00050FA84F40CFB04F4B7FBF4F4A142CFD115
:102DE000013BDBB20F2BCBD80138C0B20728C7D8C4
:102DF0000021107116809170D3700120C1E7084640
:102E0000BFE700BF3F420F0040787D0170B5054627
:102E10000E464FF47A74EB6B5B6803F00103B34228
:102E200007D04FF47A700CF0BBFB013CF3D1204685
:102E300070BD0120FCE70000F0B5C26B936913F090
:102E4000700F1ED000230F4E936141F2A80500F5CC
:102E5000805400EB43122A4411794F070ED589079D
:102E60000CD5C16B56F823708F60117941F00401C5
:102E70001171D4F814210132C4F814210133032B49
:102E8000E7D1F0BDA8E8030873B51D46C36B16462D
:102E90009A68D207044609D59A6801219960C2F35D
:102EA0004002CDE900650021FFF73EFEE36B9A6822
:102EB000D1050BD59A684FF480719960C2F3402216
:102EC000CDE9006501212046FFF72EFEE36B9A68ED
:102ED000D2030BD59A684FF480319960C2F3404217
:102EE000CDE9006502212046FFF71EFE04F5805360
:102EF000D3F8F40038B1D3F830210132C3F83021CF
:102F000003681B699847204602B0BDE87040FFF790
:102F100093BF0000F8B50446C66B002940F08D80D1
:102F200006F10C073868850700F090803868C00605
:102F300041BF04F58055D5F820010130C5F82001C6
:102F400006EB011506EB0111D5F8B00110F0040FE6
:102F5000D5F8B0011ABFC00840F00040400D206411
:102F6000D5F8B0C11CF0020F1CBF40F080402064B7
:102F7000D5F8B40100F00F0084F84C00D1F8B80186
:102F800084F84400D1F8B801000A84F84500D1F86B
:102F9000B801000C84F84600D1F8B801000E84F89E
:102FA0004700D1F8BC0184F84800D1F8BC01000A00
:102FB00084F84900D1F8BC01000C84F84A00D1F82B
:102FC000BC11090E84F84B103821396004F15C0003
:102FD00004F1400104F14C0551F8046B40F8046B16
:102FE000A942F9D109880180C4E9142321460023AC
:102FF000A4F8583051F8503B20469B6C984704F594
:103000008053E8B1D3F818210132C3F8182193F89E
:10301000F020D3F8F40042F0040283F8F02038B135
:10302000D3F830210132C3F8302103681B69984777
:103030002046BDE8F840FFF7FFBE06F1100771E734
:10304000D3F81C210132C3F81C21E0E7F8BD0000D1
:1030500010B5044601F0DEF802460B4652EA0301C1
:1030600002D0013A63F100030449086820B1214607
:10307000BDE81040FFF74EBF10BD00BFAC3D0020C3
:103080002DE9F041302181F31188DFF85C8000F5F3
:1030900084511031002441F2A80E00F5805C00EB51
:1030A000441575442E79770713D4F60611D5D1E966
:1030B000007697429E410CD2C66B58F82470B760D8
:1030C0002E7946F004062E71DCF810510135CCF84B
:1030D00010510134032C01F12001E0D1002383F3CE
:1030E0001188BDE8F08100BFA8E8030808B53023C7
:1030F00083F31188FFF7A0FE002383F3118808BD36
:103100002DE9F041C36B0546986800F0E050B0F13E
:10311000E05F0F4623D000B3302383F3118805F519
:1031200084541834002641F2A80805EB46134344A2
:103130001B791A0706D50136032E04F12004F4D1B9
:10314000012007E05B07F6D421463846F1F7A2F8E4
:103150000028F0D1002383F31188BDE8F08101201D
:10316000FBE7000008B5302383F3118800F5805099
:10317000D0F88400F1F772FB002383F31188430930
:103180000CBF0120002008BDF8B51D4600231370B8
:103190000F4606461446FFF7E5FF80F00100387041
:1031A00025B129463046FFF7ABFF2070F8BD00007F
:1031B0002DE9B8410C4615461F46804601F02AF815
:1031C0000B462178024609B9287850B14046FFF7EE
:1031D00057FFFFF78BFF3B462A462146FFF7D4FFF8
:1031E0000120BDE8B881000070B5302686F3118853
:1031F000174B1A6C42F000721A641A6A42F000729D
:103200001A621A6A22F000721A62002383F311888C
:1032100000F5805494F8F03013F0010516D1A9B1EF
:1032200086F31188032113200AF02AFE03211420BB
:103230000AF026FE032115200AF022FE94F8F03051
:1032400043F0010384F8F03085F3118870BD00BFAE
:10325000003802402DE9F04700F5805588B095F818
:10326000F830012B04468846164600F28A80864FC5
:1032700057F8232042B947F8230000F033FC95F8B3
:10328000F83000EB8300C463D7F800A0C4F83480A2
:1032900084F83860BAF1000F65D095F8F830012B4A
:1032A00071D001212046FFF79FFF302383F311885F
:1032B000E26B136823F002031360E26B136843F0C0
:1032C00001031360E36B00275F6187F3118801211D
:1032D0002046FFF79BFD002800F09680D5F884007B
:1032E000F1F7AAFA04F58459BA4609F11009202227
:1032F000002168460FF06EF902A8FFF701FCCDF837
:1033000018A06A4609EB07030DF1180E9446BCE8B5
:103310000300F44518605960624603F10803F5D1D3
:10332000DCF80000186020379CF804201A71602F28
:10333000DDD195F8F0306FF38203002785F8F03087
:103340006A4641462046ADF80070ADF802708DF82F
:103350000470FFF7FFFCE36B48BB4FF400421A60B8
:1033600008B0BDE8F08741F23810F0F79FFE8146C3
:1033700010B15146FFF780FCC7F80090B9F1000F7B
:103380008BD10020ECE7386803689B6B98470146B7
:10339000002886D13868FFF727FF3868036832466F
:1033A0005B684146984700287FF47BAFE9E76122DC
:1033B0001A609DF802309DF803201B06120402F4E7
:1033C000702203F040731343BDF80020C2F30902DA
:1033D00013439DF804201205022E02F4E0020CBFF4
:1033E0004FF0004100211343E26B0B43D361E36BC9
:1033F00013225A61E26B136823F00103136039460C
:103400002046FFF703FD08B9E36BA6E795F8F8300F
:1034100093BBE16BD1F8002242F00102C1F8002217
:10342000E16BD1F8002222F47C5222F00E02C1F8A6
:103430000022E16BD1F8002242F46062C1F8002260
:10344000E26BC2F81432E26BC2F80432E26B41F66E
:10345000FF71C2F80C12E26BC2F84032E26BC2F8A4
:103460004432E36B0122C3F81C22E26BD2F8003233
:1034700023F00103C2F8003295F8F03043F0020364
:1034800085F8F0306CE700BFAC3D002008B500F0D7
:10349000C1FE50EA0103024602D0421E61F1000162
:1034A000044B186810B10B46FFF7EEFCBDE808406E
:1034B00008F04ABEAC3D002008B50020FFF7C8FD6B
:1034C000BDE8084008F040BE08B50120FFF7C0FD88
:1034D000BDE8084008F038BE036800211B681847A3
:1034E00008B504300BF0C4FD012008BD04300BF01A
:1034F000B5BD00002DE9F84306460D4621B904305C
:103500000BF08AFD012424E003685B6898470028DB
:10351000F8D100F07FFE104B8846D3F800904FF4AE
:103520007A7107464D43D9F828000368C8219B6883
:103530009847336830465B68984704460028E1D1D5
:1035400000F068FEC01B61EB0801A84271F10003A6
:10355000E9D32046BDE8F8830826002010B5044BC7
:10356000044640F8043B0BF015FD204610BD00BF9B
:1035700010E90308034BC068DB68C31A584258417E
:10358000704700BF209300200CB430B585B008AC64
:103590000A46074954F8043B0D6800940146E86A5E
:1035A0000394F1F785F805B0BDE8304002B07047EC
:1035B0000826002013B5054C0093246813460A46DC
:1035C0000146E06AF1F774F802B010BD0826002049
:1035D0002DE9F341134601920E460A4600210746A3
:1035E0000846FFF7E7FF041E019B05DC4FF0FF34A0
:1035F000204602B0BDE8F08104F1010801214046F7
:1036000001930CF09FFC05460028EFD0019B324649
:103610004146FFF7CFFF3D60EAE700000EB403B577
:1036200003AA52F8041B0192FFF7D2FF02B05DF823
:1036300004EB03B0704700000A460146014808F059
:10364000D1BD00BF388E00200FB407B5054B04A9CB
:103650001B6851F8040B0191984703B05DF804EB27
:1036600004B07047D423002070470000704700006A
:10367000002070470020704713B56C4684E80600B0
:1036800000F1140394E8030083E8050002B010BDC4
:103690000020704713B56C4684E8060000F10C0367
:1036A00094E8030083E8050002B010BD0023C0E9E0
:1036B0000333704782B002AB03E9060002B07047E3
:1036C00070470000002070477047000000207047DE
:1036D00000207047704700000020704700207047AE
:1036E00082B002A901E90C0002B0704770470000E7
:1036F00000207047704700007047000001207047AD
:1037000001207047012070472830704782B002A91D
:10371000002001E90C0002B0704700007047000073
:1037200070470000704700007047000008460CF02A
:10373000D5BA000008460CF09BBB000073B51E46CE
:103740000C461546011D102201A8F0F743FE324633
:10375000294620460CF016FB044601A8F0F756FE59
:10376000204602B070BD000013B50D220C46011DAD
:1037700001A8F0F72FFE20460CF0C8FA044601A875
:10378000F0F744FE204602B010BD00000CF0A4BAD1
:1037900008460CF09BBA000008460CF075BA000011
:1037A00010B5064B044640F8843BF1F707F804F1E6
:1037B0007000F1F703F8204610BD00BF78FA030847
:1037C00010B4BDF8044001945DF8044B00F0FCBB5C
:1037D00010B4BDF8044001945DF8044B00F09EBBAA
:1037E00000F0B6BB00F0E6BB10B504463020F0F7A1
:1037F0005DFC70B10023C0E90333C0E905330371F8
:10380000037A022262F302030372034B0360034B49
:1038100083622060204610BDB4E903080CED030864
:1038200010B5044B03600446406A08B1F0F74AFC47
:10383000204610BD3CE9030810B50446FFF7F0FF31
:103840002046F0F73BFC204610BD000010B51D4B94
:10385000036000210446017100F5005090B0802201
:1038600008300EF0B7FE04F502500830FFF776FE80
:1038700002200CF02BFA144B0A94CDE90B34134BB5
:10388000CDE90D34124B0F9310A9024611E9030044
:1038900005AB83E80300DDE90C0103AB83E803001B
:1038A000DDE90A0101AB83E803000A4B009304F54C
:1038B0000250234604F10801343001F05DF820463F
:1038C00010B010BDF0EA0308D1370208E137020852
:1038D000E5370208C13702081B4A1C491C4B10B5CA
:1038E00002611C4A42611C4A826102641B4A4264B2
:1038F0001B4A82641B4AC161C2641B491B4A0162A4
:1039000002651B491B4A416242651B491B4A036011
:10391000816282651A4B1B491B4A4360C162C265C2
:103920001A4B1B491B4A8360016300231A49026634
:103930001A4AC360044641634266C36300F034FC24
:10394000174B2360204610BDC0660020B43D002008
:1039500090E90308D4440020B03F00203841002003
:10396000C0420020D4420020C03D0020E842002098
:10397000B43E002070440020C8650020844400202C
:10398000C0650020E03E002098440020C46500206F
:10399000D8230020AC4400202C3E0020C04400204E
:1039A00050EA030808B5302383F31188074B1B68DE
:1039B0009A68996B8A4201D0824200D298609863DB
:1039C0000BF086FC002383F3118808BD283E0020FD
:1039D0007FB51C4606F02AF91022002102A80EF03D
:1039E000F9FD324E3248334D01A94FF46143019342
:1039F0000AF09EFC304BF2681A60B4202C600BF089
:103A0000B7FD06F065FD0CF09DFB2C4B1C684FF4D8
:103A1000E131206CF0F790FD206903681B6898473E
:103A2000A06A03681B6898470A20FFF7BBFF0CF0E9
:103A30009BFC40B1224813210CF0A6FC20494C22EB
:103A400088180EF07DFD1F4B286801229A730368C9
:103A50001B6898471C4B1B6813B11B6ADB0701D519
:103A60000CF04EFCE06A03685B68984738B1F9F7E0
:103A700035FB40F21B124FF40061F9F71BFB1148B4
:103A800004F002FEA06A0F4C03681B6B9847F368B2
:103A90000E4ADA61B4200BF06BFD286803685B689E
:103AA0009847204604F0F0FDF7E700BF2093002080
:103AB000388E0020483E0020283E002008260020A6
:103AC000E43E0020C8650020D866002028E90308ED
:103AD000014B1868704700BF283E0020004870471F
:103AE0004C3E0020004870474C3E002070B5454ECB
:103AF000454C464D0021304605F018FA3046444EFC
:103B0000224629460DF0A2F90121304605F00EFAB1
:103B10002246294630460DF099F93E4E3E4800F0C7
:103B2000D5FE3E4800F0D2FE0421304605F0FEF9F5
:103B30002946224630460DF089F93948394D00F0C2
:103B4000C5FE394800F0C2FE384800F0BFFE3848D4
:103B500000F0BCFE374800F0B9FE374804F03EF9EB
:103B6000364B374A1A60374800F0F8FD2846FFF711
:103B70006DFE224634492846344D0DF067F934482D
:103B800006F0EEFF2846334B40F8043B2422002188
:103B90000EF020FD05F13400FFF7E0FC4FF0FF339D
:103BA0002D49EB64224628460DF050F92B4B2C4D45
:103BB00030221A714FF47A72DA804FF4FA621A8165
:103BC000284A1A60284604F0FFFC27492246284666
:103BD0000DF03CF9254D264B002283F89C20284609
:103BE000244A1A60244B40F8043BFFF7B7FC2246F6
:103BF000284622490DF02AF9BDE870402048FFF719
:103C00006BBE00BFB03F0020C4660020A137020891
:103C100038410020E8420020C0420020D442002069
:103C200070440020D44400208444002098440020A4
:103C3000AC440020C0440020C0650020C4650020C2
:103C400014EA0308C06600201D370208C03D0020AA
:103C5000B43D002090F7030821370208B43E00204D
:103C6000C865002030EC0308253702082C3E0020F0
:103C7000E03E0020C8FC03082CEA030829370208AC
:103C80004C3E002070470000037933B108304FF4F8
:103C90000053086013600120704718467047000009
:103CA00000F50250343001F049B8000010B5044668
:103CB000007958B104F5005400F0A4FAD4F8B030FB
:103CC000C01AB0F5FA6F2CBF0020012010BD000013
:103CD00008B5F9F703FA96224FF40031F9F7EAF93B
:103CE000002008BDF8B50646F2B1CC0801390A44F7
:103CF000C2F3CC050127A54216D3B4F5806F0ED2CE
:103D0000630906EB830303F5005304F01F0299686F
:103D100007FA02F20A439A600134A4B2EBE7FFF714
:103D2000D7FF0028ECD1F7E7F8BD000000F50053FD
:103D3000022110B503220446A3F8A8100648FFF795
:103D400083FC04F50250343001F034F810B9034814
:103D500000F02CFA10BD00BF54EA03087AEA030809
:103D600010B50179044679B900F500508022083079
:103D70000EF030FC2046FFF7D9FF022121710348E5
:103D8000BDE81040FFF760BC10BD00BF98EA030813
:103D9000B3F5005FF8B507460E4614461D460DD82C
:103DA000C3F500539A4209D80834FFF7D9FF2A46D1
:103DB00039193046BDE8F8400EF0C2BBF8BD00002E
:103DC000B3F5005F2DE9F34105460E4690461C46CB
:103DD00023D8C3F5005399421FD801F108070744BF
:103DE0002246394640460EF09BFBB0B12846FFF70D
:103DF000B7FF05F50251F122083101A8F0F7EAFA00
:103E00002246414638460EF09BFB2846A2B2314678
:103E1000FFF768FF01A8F0F7F9FA02B0BDE8F081FA
:103E200037B505460C4601A80121F0F7B9FAE100C3
:103E300005F5025089B20822343000F0A5FE044690
:103E400001A8F0F7B9FA204603B030BD2DE9F74FCD
:103E50000379044643B300F5005300F502560833D6
:103E6000083653F8042B42B9B342FAD100F0CAF92C
:103E700004F50054C4F8B00016E00025012204F552
:103E80000051C5F34A134FEA830901EB830305F0A0
:103E90001F079B6802FA07F71F421FFA85FA06D12F
:103EA0000135B5F5806FECD103B0BDE8F08FED00C2
:103EB0004FF488723146083501A8F0F78BFA42F2C8
:103EC000A0026359A35004EB050B04EB0208DBF8D6
:103ED0000430C8F8043001A8F0F798FA2379022BCF
:103EE000E2D151462046FFF79BFF0028DCD04FF47B
:103EF0009C72314601A8F0F76DFA082259464046F7
:103F00000EF00EFB30B94C4404F50054A36823EACC
:103F10000703A36001A8F0F779FAC5E738B51C4696
:103F20000A4B1B6815465A6B00F50053B3F8A800FE
:103F3000136801441B6810469847BDF810204119CA
:103F400020460EF0FDFA012038BD00BF08260020F3
:103F50002DE9F743DFF8589006460F4605244FF445
:103F60007A7101A8F0F71CFAD9F8008006F5005321
:103F7000D8F83400B3F8A81003683944DB689847D0
:103F8000054630B101A8F0F717FA284603B0BDE89E
:103F9000F083D8F82800036801215B689847013C4A
:103FA00001A8F0F709FA14F0FF04D8D1EDE700BF3B
:103FB00008260020034B1B68DB6A93F89C0080F006
:103FC00001007047082600202DE9F04F2DED028BEF
:103FD00008EE103A2C4BD3F80090044604F5005339
:103FE000D9F834000F46B3F8A810036885B01B68F1
:103FF000BDF840B0394490469847052500EB080AC3
:10400000012103A8F0F7CCF9D9F83400036818EEC1
:10401000102A1E6951465B46B047064640B103A8C8
:10402000F0F7CAF9304605B0BDEC028BBDE8F08F61
:10403000D9F82800036801215B689847013D03A86F
:10404000F0F7BAF915F0FF05DAD12046FFF7B2FF15
:104050000028E7D000F0D6F804F5005241F288318C
:10406000D2F8AC30C31A8B42DCD9C2F8AC0004F5EC
:104070000250343000F08CFE5B46009042463946D8
:104080000248FFF7E1FACDE708260020B8EA030866
:1040900070B51D46164B1B6813B11B6ADB0725D58F
:1040A000144B1E68F46A94F84630C3B9124BA4F856
:1040B0004400DB6884F84610E26163B19A6884F8D2
:1040C0004720D96939B194F9483023B9042204F161
:1040D000480000F0A1F8094B5B68C4E90835F06AB4
:1040E0001321BDE8704004300CF048B970BD00BF2A
:1040F000D8660020082600202093002000ED00E074
:1041000000B59BB0EFF30981682268460EF018FAFB
:10411000EFF30581074BC9B29A6BD86A986A986A1F
:10412000986A986A986A9B6A059B7B20FFF7B0FFA4
:10413000FEE700BF00ED00E000B59BB0EFF30981A2
:10414000682268460EF0FCF9EFF30581064BC9B210
:104150009A6B986A986A986A986A986A9B6A059BAB
:10416000BF20FFF795FFFEE700ED00E000B59BB034
:10417000EFF30981682268460EF0E2F9EFF305815A
:10418000064BC9B25A6B986A986A986A986A9B6A91
:10419000059BE320FFF77CFFFEE700BF00ED00E09A
:1041A000FEE70000FEE70000704700000FB407B50F
:1041B00004AC54F8046BF8F791FF4FF4A57220217A
:1041C000F8F778FF214630460194FFF735FA094B9E
:1041D0001D68A86A03689B6842F2107198472146DF
:1041E00030460194FFF728FAA86A03684FF4FA7181
:1041F0005B68F3E708260020014B586A704700BF50
:10420000000C00400BF006BF08B50BF003FF80B2B6
:1042100008BD00000BF0E2BEF8B50D46074611469A
:10422000284616460EF0C2FE864204468CBF421C4B
:104230000246294638460EF083F92046F8BD0000B4
:10424000102200210EF0C6B910B50446FFF7F8FFA2
:10425000204610BD0378416023F00D03022A03704D
:1042600008D0032A0AD0012A03D1DBB243F00103AC
:1042700003707047037843F00803F9E7037823F0ED
:10428000050343F00503F3E70148FFF7D9BF00BF7B
:10429000C866002070B50446406A0D46164620B137
:1042A000EFF710FF0023A383A37705EB4500EFF79B
:1042B00003FF606228B100232577E67784F8203079
:1042C000012070BD81727047F0B4446A0E461146F9
:1042D0007CB1457F224600275FFA87FC65450DD9F2
:1042E00092F801C08C4506D192F800C0B44502D1C5
:1042F0009370F0BC704701370332EDE7027FAA42AA
:1043000004D182680A48F0BCFFF79EB905EB450569
:104310006655457F05EB450525446970427F02EBF4
:1043200042021444A370437F01334377E1E700BFA7
:104330000CEB030813460A460021FFF7C5BF000037
:10434000F0B587B004460E468DF80F208DF8141096
:104350008DF815200BB1FFF7EDFF226800230093C5
:10436000156905A902222046A847A76905463FB15D
:1043700030B10123606900930DF10F023146B84757
:10438000284607B0F0BD00002DE9FF4198460379AB
:104390000B438DF80F300368CDF800801D69174678
:1043A00013460E4601220DF10F010446A8470546AB
:1043B000606908B9A3693BB135B100230093A469D2
:1043C00043463A463146A047284604B0BDE8F0814E
:1043D000F7B5437F04460BB901201CE090F820306C
:1043E000C27F0133DBB29A4280F82030F4D8002338
:1043F000857F476A80F82030036905EB45057E1903
:104400005BB1795DC068984738B97B5BA4F821300F
:10441000B37884F8233003B0F0BD717801230DF137
:1044200006022046FFF7B0FF68B1B2789DF806306B
:104430009A4208D1A37F627F0133B3FBF2F102FB02
:104440001133A377C8E70DF10702717801232046E5
:10445000FFF79AFFB27818B19DF807309A42E9D079
:10446000002371782046FFF76BFF7B5BA4F82130B7
:104470009DF8063084F823300020CCE7F7B50669B4
:10448000154604461A46DDE908374EB921680897F3
:104490000E6920462946B44603B0BDE8F0406047A7
:1044A000C068CDE90023B047DDE900230028EDD145
:1044B00003B0F0BD1FB5047922438DF80F20069A92
:1044C000CDE9003201230DF10F02FFF7D7FF04B051
:1044D00010BD00007FB59DF820608DF80C200446CB
:1044E0000D468DF80D300EB1FFF7EEFE0023CDE93D
:1044F000003303AA022329462046FFF7BFFF04B07A
:1045000070BD00000171704713B500F0070040EA6C
:10451000C100002401948DF804008DF805208DF869
:104520000630019802B010BD82B001908DF80610DF
:10453000019802B0704700002DE9F74F10EE103AD5
:10454000009210EE102A072928BF0721C3F3160492
:104550004FEAD37812024FEAD35307460E4603F0D0
:10456000FE0340F1AC800133DBB2FF2B02D044F4F8
:10457000000402E094BB48F00408DA0859495A489C
:1045800011F90290594951F8225003F00703A4FB96
:104590000554C3F10F021133B2F1200104FA03F301
:1045A00025FA02F558BF44FA01F145EA03054FF038
:1045B000000B58BF0D43144145F6F321CDF804B06C
:1045C0004FF0300A2A1A64EB0103002B1DDB0AF1BD
:1045D000010A4FFA8AFA15461C46F3E748F0080824
:1045E000CBE70123C9E70123019350EA01030AD174
:1045F000634630201946013B0A78013252B23A2A0A
:1046000050D00A703BE09346DAE700230A22ECF729
:104610001DFB019BD3B9BAF1300F06D109F1FF3967
:104620004FFA89F92A462346D5E7009B63B3009ADF
:1046300009F101035BB2013A012BACBFD218013280
:1046400002F0FF039E42009328BF1E460BF10103B8
:10465000BAF1390FDAB257FA83FC18DC964207F840
:1046600002A0C0D80A22A0FB0206400840EAC67099
:10467000281A02FB016164EB61010029B8DA87F8AE
:1046800000800FFA89F02AE00136F6B2DEE7A2EBED
:104690000B0039213844CDF800C00DF09BFFDDF848
:1046A00000C0A5E7BB4208D1312309F101090B7015
:1046B0004FFA89F948F01008E1E758709AE7002BA3
:1046C0007FF455AF002C8CD1384648F00208721C9C
:1046D00000F8018BD2B230210DF07CFF204603B0F0
:1046E000BDE8F08FC8EB030800407A1048EB0308E0
:1046F0009FED010A704700BF0000000000207047D6
:10470000002070470368DB681847000090ED010A3D
:1047100070470000D0ED017AB1EE040A67EE807AAE
:104720009FED020A27EE800A704700BF0000803A22
:104730000120704770470000B1EE040A7047000086
:1047400008B50820EFF7B2FC18B1024B0360024B2A
:10475000436008BDF0EB03087B148E3F014B036000
:10476000704700BF10EC030870470000704700005E
:10477000002070477047000070470000704700003D
:1047800003689B6B184700000368DB6B1847000049
:1047900070470000002070477047000000207047FD
:1047A0009FED010A704700BF0000C842002070471B
:1047B00000207047002070477047000000207047BD
:1047C00000207047002070477047000070470000CD
:1047D0007047000000230B600120704700207047E5
:1047E00000207047704700007047000070470000CD
:1047F00070470000704700007047000000207047BD
:1048000070470000002070477047000070470000AC
:10481000002070470020704700207047704700005C
:10482000002070477047000070470000704700008C
:10483000704700007047000032207047704700004A
:104840000F299CBF00EB4100428170470F299ABF9E
:1048500000EB410040894FF461707047102A0B460D
:1048600028BF102200F10A01520018460DF068BE60
:1048700003790BB1002202711846704703685B6828
:104880001847000003791BB90123037118467047CC
:10489000002070477047000010B50446EFF70EFC8B
:1048A000204610BD70470000704700000020704790
:1048B0000020704701207047104670470020704765
:1048C0000846014906F066BA24ED0308014B03606F
:1048D000704700BF34ED030810B5074C0A449142FD
:1048E00008D011F8013B4340DBB254F8233083EA8F
:1048F0001020F4E710BD00BFD8EF030830B5094D14
:104900000A4491420DD011F8013B5840082340F36E
:104910000004013B2C4013F0FF0384EA5000F6D161
:10492000EFE730BD2083B8ED10B5084C0144884254
:1049300009D010F8013B83EA122334F8133083EADC
:10494000022292B2F3E7104610BD00BFD8ED030873
:10495000D0ED017A90ED007A67EEA77AE7EE077A5C
:10496000F5EE407AF1EE10FA02D4B1EEE70A7047A4
:10497000B0EE670A0CF082BB82B010B5044602A804
:10498000C4E9001240F8043F03C804F1080383E8B7
:104990000300DDE9050104F1100383E80300DDE90C
:1049A000070104F1180383E80300DDE9090104F1BC
:1049B000200383E803002046BDE8104002B07047A2
:1049C00010B50A4492B2914208D004684B1C615C55
:1049D0009BB209B1002010BD1946F4E70120FAE7A7
:1049E0000378FF2B06D0FE2B06D0FC2B14BF04202F
:1049F00003207047012070470220704710B4BDF8B3
:104A000004400194D0E90004A4465DF8044B6047DB
:104A10002DE9F043054685B08946042400F11007CE
:104A20004FF002086B68023BA3423BD9CDF80080EF
:104A300003AB224649463846FFF7E0FF40B19DF8F8
:104A40000C3003F00303012B08D0032B02D063B119
:104A5000002000E0EC6205B0BDE8F0839DF80D3069
:104A60005B0904EBC3040A34DCE7BDF80C309DF8A5
:104A70000D20C3F38A035209DB0001329BB2D6003A
:104A800003EBC202B2F5005FE2DC2A680096134431
:104A90004946A21C3846FFF7B1FF0028D8D002369D
:104AA0003444BFE7EC620120D5E7000010B4BDF844
:104AB00004400194D0E90004A4465DF8044B60472B
:104AC000F0B5026B87B004466AB990F8285003929B
:104AD00085F001050426009605AB29461030FFF746
:104AE0008DFF039A08B900202DE0059B174923F09C
:104AF000FF038B4203D0012384F83430F3E705A889
:104B0000FFF76EFF0128F6D1114B059304F108075A
:104B100094F82810009605AB38460392FFF7C6FFBD
:104B20000028E0D00B4B0593039A009605AB29466D
:104B30003846FFF7BBFF0028D5D04FF40553C4E932
:104B40000B6384F8285007B0F0BD00BF005B6851CC
:104B5000FC5B6851FE5B68517FB50446D0E90603F3
:104B60000D461646984758B156B1064B0393042399
:104B70000093002203AB294604F10800FFF796FFDB
:104B800004B070BDFF5B68512DE9F04790F83430F8
:104B900094B005460F461646002B3FD14FF0010852
:104BA000002E7BD06B68EA6A9A1A2B6B3F2E03F1BA
:104BB000420394BF344640249A42E4B232D39DF873
:104BC0000C3068F301038DF80C30BDF80C30C7F3DE
:104BD000CA01073461F38C03C4F3C404ADF80C308C
:104BE000621EA946C3F3072362F347138DF80D3005
:104BF00059F8083BE40003EBC10122460DF10E0019
:104C00004FF0020A0DF09CFCEA6A95F82810CDF8E6
:104C100000A003AB4846FFF749FF98B9002014B045
:104C2000BDE8F0872846FFF74BFF0028C7D1D5E93C
:104C3000080398470028F1D0284600F069F80028BA
:104C4000BDD1EBE7EA6A95F8281000940DF10E0348
:104C500002324846FFF72AFF0028DFD09DF80C30CB
:104C6000EA6A95F82810CDF800A06FF301038DF8DB
:104C70000C30484603ABFFF719FF0028CED0EB6A93
:104C800002332344EB6207F00703E41AE4B2B442B0
:104C9000C5DC2744341BBFB2A6B281E70120BEE7C2
:104CA00037B505464FF40054402C2246C4F5005158
:104CB000A8BF402289B292B22846CDE90012FFF780
:104CC0007FFEDDE9001218B1403CEDD1012004E087
:104CD0002846FFF759FF0028F6D103B030BD000089
:104CE000002310B580F8343003630446FFF7D8FF83
:104CF00060B194F82810012251402046FFF72CFFA4
:104D000020B12046BDE81040FFF7DABE002010BDFC
:104D100038B590F83550044645B1F8F7DFF99122DF
:104D20004FF40011F8F7C6F9002038BD012380F8D0
:104D30003530FFF7D5FF84F83550F6E77FB500250D
:104D4000042680F8345080F82850C6622A46294646
:104D50000446FFF701FF10B9002004B070BD94F8BD
:104D60002820013A18BF012201212046FFF7F4FE56
:104D70000028F1D0054B039394F82810009603AB5C
:104D80002A4604F10800FFF791FEE6E7FE5B685152
:104D900010B50446D0E90803984740B12046FFF714
:104DA000CDFF20B12046BDE81040FFF779BF0020BD
:104DB00010BD00002DE9F04F074687B005464FF4BF
:104DC000005257F8100BDFF81CB100210DF002FC67
:104DD0000DF1100A0026D146042300930022534609
:104DE00031463846FFF70AFED046044630B9002463
:104DF000204607B0BDE8F08F0126EDE74046FFF7FB
:104E0000EFFD0138D8F80020C0B202280AF1040AE8
:104E100022F0FF0201D85A4504D02846FFF78EFF42
:104E20000446E5E7002EE7D04846FFF7D9FD0746E0
:104E30008DF80C0005A8FFF7D3FD874280468DF85A
:104E40000D0003D1012FE8D1002608E0032FFBD08D
:104E5000032804D0022FF7D0831E5E425E4106ABCA
:104E6000334413F80C9CA9F10203012B05D83146F9
:104E70002846FFF7CDFD0028CFD086F0010106AB14
:104E80000B4413F80C3C023B012B04D82846FFF7D7
:104E9000BFFD0028C1D00023B9F1030F85F83430DD
:104EA0002B6315D0032F06D1012200212846FFF7DE
:104EB00053FE00289BD0B8F1030F06D10122114602
:104EC0002846FFF749FE002891D000232B638FE787
:104ED00086F0010685F828602846FFF7E1FE0028E5
:104EE000E0D19AE7005B685190ED3C0ADFED057A6E
:104EF000B0EEC07AB4EEE77AF1EE10FA48BF90ED6A
:104F00003D0A70470000003438B5D0F8A43004469C
:104F10000D465BB1FFF776F9D4F8A430C01A42F21F
:104F20000F73984202D894ED280A38BD242101FB62
:104F3000054494ED0A0ADFED057AB4EEE70AF1EED6
:104F400010FA58BFB0EE670AEFE700BF00000C424E
:104F50002DE9F0470446FFF755F9D4F8F86042F21E
:104F60001073861B9E4288BFC4F8F8004FF00008FB
:104F70004FF0240942F2107A237C5FFA88F5AB42A5
:104F80001DD9022D11D809FB054797F8393063B1B7
:104F900097ED0D0AD7ED097AD4ED250A30EE270AF0
:104FA000204605F093FF87ED0C0A564504D909FB0E
:104FB00005403030F2F76AFA08F10108DCE7617C5D
:104FC0002046FFF7A1FF84ED3D0ABDE8F087000011
:104FD000014B1868704700BFDC6600207047000076
:104FE0000346C06A012807D0032805D0186B0128A2
:104FF00002D0032818BF022070470000002070472D
:10500000012908D80C2303FB010090F91C0000388B
:1050100018BF0120704700207047000070B504469B
:10502000FFF7EEFF50B104EB8104D4F8B40028B1CF
:105030000368BDE870401B6911461847002070BD29
:1050400010B50246FFF7DCFF60B13C2303FB0123F0
:1050500093F84D0030B102EB8102D2F8B400003871
:1050600018BF012010BD000010B500210446FFF755
:10507000C7FF18B12046FFF7E3FF50B101212046DA
:10508000FFF7BEFF30B12046FFF7DAFF002818BF58
:10509000084610BD0846FCE710B502460C46FFF76F
:1050A000AFFF28B13C2101FB042292ED0E0A10BD96
:1050B000BFEE000AFBE7000010B502460C46FFF702
:1050C0009FFF28B13C2101FB042292ED0F0A10BD85
:1050D0009FED010AFBE700BF00000000014B1868CC
:1050E000704700BFE06600200020704708B50B4BFA
:1050F0001B688BB11422002109480DF06BFA0023C4
:1051000008491A4641F8332001339D2BFAD1064B4A
:105110001A60064B01221A7008BD00BF0467002008
:10512000F066002008670020EC660020E86600209A
:1051300010B5074B1B7804460BB9FFF7D7FFA3B296
:105140009C2B95BF034B044B53F83400186810BDDB
:10515000E866002008670020EC66002010B50446D1
:10516000FFF7C2FF01300BD0064B186838B101229F
:1051700002FA04F3C268134214BF0120002010BDDC
:105180000120FCE7E46600200248142200210DF013
:1051900021BA00BFF0660020F8B5094E094F054658
:1051A00000243278E3B29A4208D957F8230018B1A4
:1051B000036829461B6998470134F2E7F8BD00BF30
:1051C000F46B0020F86B0020F8B5094E094F054636
:1051D00000243278E3B29A4208D957F8230018B174
:1051E000036829465B6998470134F2E7F8BD00BFC0
:1051F000F46B0020F86B002010B5322204460F300B
:105200000DF0C0FE002384F84130FEF7FBFF606420
:1052100010BD000030B5C578D5B0E82D28BFE82511
:105220000446E82200211AA80DF0D4F92A4604F118
:105230000C0100251AA80DF083F92946602202A866
:1052400001950DF0C7F91E220DF16A0101A80DF0BC
:1052500099FE01A8EBF796FFC821044622A80DF09D
:10526000A5FEC4F16302C0B2824201AB28BF024670
:1052700022A918190DF064F901A88DF86750FFF7FD
:10528000A3FF55B030BD000070B50C68114D94F906
:1052900000302F2B08BF01340E4606220E4920464F
:1052A0000DF05CFE88B10D49042220460DF056FE3B
:1052B00070B904220220A3183360A2562F2A04BF1B
:1052C0000133336005EBC00070BD06220120F2E718
:1052D0002846F9E7E4F30308D8F30308DFF30308EB
:1052E0000B680548B3F5407F3FBF1A0ADBB20B607D
:1052F00000EBC200704700BFE4F3030830B585B08F
:10530000CDE9022103A90193FFF7BEFF04464068DF
:105310000168DDE901320D680399A847011E09DB28
:10532000FF290ADD606803685B6898470DF0F2F8B2
:10533000222303604FF0FF3005E00448201AC0F339
:10534000C70001EB002005B030BD00BFE4F3030847
:1053500007B5019101A9FFF7C3FF406801990368F0
:105360005B68984703B05DF804FB00001FB5CDE90A
:10537000022103A90193FFF7B3FF40680168DDE94B
:1053800001328C680399A04704B010BD1FB5CDE968
:10539000022103A90193FFF7A3FF40680168DDE93B
:1053A0000132CC680399A04704B010BD1FB5CDE908
:1053B000022103A90193FFF793FF40680168DDE92B
:1053C00001324C690399A04704B010BD07B5CDE97F
:1053D000002101A9FFF758FF40680368DDE90021BB
:1053E0009B69984703B05DF804FB000007B5019185
:1053F00001A9FFF749FF406801990368DB699847F5
:1054000003B05DF804FB000007B5019101A9FFF7A7
:105410003BFF4068019903681B6A984703B05DF839
:1054200004FB000007B5CDE9002101A9FFF72CFF1F
:1054300040680368DDE900211B6B984703B05DF805
:1054400004FB000073B5019191F900500446084631
:105450002DB1EBF797FE012821D12F2D1FD100236D
:10546000237084F80131012384F8003101A920461A
:10547000FFF70AFF05460820EEF718FE044658B16C
:105480006868019903685B6A98470646606048B996
:105490002046EEF713FE3446204602B070BDFF23CF
:1054A0002370E3E702482D1AED102570F4E700BFE2
:1054B000E4F303082DE9F843054600293FD00B78B3
:1054C000204E496806EBC303586803689B6A9847F7
:1054D000044680B9DFF870806F1C2B78022B2ED821
:1054E00056F83390B9F1000F08D100242B7801331E
:1054F0002B70002CF1D02046BDE8F88399F90020EC
:10550000402AF2D106EBC3034146586803685B6A40
:10551000984701460028E8D02B7806EBC3033C46A9
:1055200058680368DB6A9847FF2249463846FEF709
:1055300073FE95F80131013385F80131D6E7002477
:10554000D9E700BFE4F303083A6D030838B50C4609
:1055500071B10A78084B496803EBC20358680368C5
:10556000DB6A984705462046EEF7A8FD284638BD79
:105570004FF0FF35FAE700BFE4F30308F0B500246D
:10558000146091B01746234622460646FFF7B6FE42
:10559000421C054620D040236A4629463046FFF784
:1055A000E5FE431C044606D129463046FFF7D0FEEF
:1055B000002011B0F0BD3F28D4BF02464022386819
:1055C0006946FFF789F9002C3860E4DC294630464B
:1055D000FFF7BEFE0120ECE72046EAE70020704717
:1055E0000020704700487047106C0020034B044AAD
:1055F0001A60044B044A1A60704700BF486D0020CF
:1056000020F40308146D002050F5030800207047B3
:105610004FF0FF30704700004FF0FF307047000040
:1056200000207047002070474FF0FF3070470000A7
:105630004FF0FF307047000000200021704700004D
:1056400000200021704700000020704701207047B3
:105650007047000000207047002070470329F7B50D
:1056600006460D4617461C4604D8182303FB0103C3
:105670001A793AB90CF04EFF092303604FF0FF305E
:1056800003B0F0BDD3F818C0BCF1000FF2D0D96858
:1056900046F21B72ADF80020C1B1182202FB056270
:1056A0009069D36882682344934227D8182303FB68
:1056B00005652246AB691868EB68394618440CF05A
:1056C0003FFFEB682344EB602046D9E7052CE4D983
:1056D0003868009080B2B7F804E0DCF80830ADF824
:1056E00004E09042D9D1BDF804209A42D5D9D21A0B
:1056F000604605F083FB0028CFD1BFE79A1A00214E
:1057000005F07CFB0028D1D1B8E70000032938B5AB
:1057100004D8182404FB0104257935B90CF0FAFEED
:10572000092303604FF0FF3038BD012B08D0022B56
:1057300009D003B9E260182303FB0100C068F3E756
:10574000E3681A44F6E70CF0E5FE1623E9E70000EB
:105750002DE9F04F2DED028B8FB054681F460023CA
:105760008A4615468DF83430ACB914870DF11B010B
:1057700007AA2846F1F7E6FFBAF80420A3B29A4236
:10578000804612D9013400B307AA0DF11B01284647
:10579000F2F702F8F0E7138F013313870DF11B01C5
:1057A00007AA2846F1F7F8FF8046BAF80630B8F1A4
:1057B000000F0AD0ABB12A8F9A4212D3002630468E
:1057C0000FB0BDEC028BBDE8F08FBAF80660002E7A
:1057D000F4D12C8FF2F70CF88442EFD0F1F784FE6D
:1057E000EDE70123009309AA102340462946F0F76C
:1057F000D9FD05F1080308EE103AE81D09AB0022B7
:10580000D1B29B46059113F9014B10F9011FA1423A
:1058100002D101320029F3D15846EBF7B3FC10F066
:10582000FF03049307D1059B013BDBB205930123E2
:105830000BF1FF3B04939AF80130039363B19DF899
:105840001B104046F1F74CF8DDED070AEFF75CFD61
:1058500080F00100C3B203939DF81B00F0F7FAFB40
:10586000049B03F10209039B002B14BF064600268C
:1058700050FA89F2164401280446F6B215D96D682B
:10588000BAF8022006353544B5FBF2F102FB11559A
:105890005DB1854209D2451BEDB238462A4600214A
:1058A0000CF098FE2E442F44F6B2039B9DF81B503B
:1058B00045EA0312049B3A705A1E059B43EA021202
:1058C0007A705946049AB81C0CF03AFE22464146BA
:1058D00007EB09000CF034FE039BB3B1013D042D2E
:1058E00013D8DFE805F01803181F1F00DDED077A55
:1058F000FDEEE77A17EE903AADF8203004EB0900A0
:10590000224608A938440CF01BFE18EE100A09A91B
:105910000DF0FAFA53E7DDED077AFDEEE77ACDED0B
:10592000087AEBE704EB0900224607A9EAE7000042
:105930002DE9F04F064689B00F461C46154642B980
:105940003C22294618460CF045FE012009B0BDE86E
:10595000F08F5B68934204D93C22002120460CF072
:1059600039FE94F81990B9F1000F1AD0D4F804A0B8
:10597000A5EB0A08C84528BFC8465FFA88FBD94589
:1059800008D008F11A01A9EB0802214404F11A0019
:105990000CF006FEA9EB0B0908EB0A0384F819903A
:1059A000636004F11A086368AB421BD0A5EB030ADD
:1059B00022466B4639463046FFF7CAFE90B1824513
:1059C000D14628BF8146824508D2A0EB0A03DAB24D
:1059D00062760DEB090140460CF0B2FD63684B4462
:1059E0006360E0E76068431B58425841AEE700003F
:1059F0002DE9F04F2DED028B03298BB080468946AF
:105A000092461D4604D818234B43C61832795AB91A
:105A10000CF080FD092303604FF0FF3420460BB0EB
:105A2000BDEC028BBDE8F08F0433C31808EE103ACA
:105A3000B3691BB10CF06EFD1623ECE7F3880BB9CC
:105A400005B1F580F3880BB1AB42F3D1182202FB0C
:105A5000098213693BB1D2689342C0F0AB809B1AB4
:105A60009D4228BF1D46182303FB0983DB68052BD5
:105A700000F2A28046F21B73ADF80830F1F7B8FED1
:105A80003389ADF80C009842D4D9C01A738980B21A
:105A9000ADF80A001BB1984288BFADF80A30182350
:105AA00003FB0983D9687379C1F10604AC4228BFAE
:105AB0002C461BB146F21C73ADF80830E4B202ABC1
:105AC0002246194450460CF03BFD182303FB098382
:105AD0002D1BDA682244DA60A0D0A244182303FB0D
:105AE000098301275E69DA687068063A0023022F8D
:105AF00006D0316C914203D381424FF002075DD34F
:105B0000C3EB031306EB83067368934208D018EEC9
:105B1000101A33464046FFF70BFF00283FF47EAFD4
:105B2000002D3FF47BAF777E2FB3AF4228BF2F46C7
:105B3000FBB2009306F11A03194650463A46019308
:105B40000CF0FEFC96F819B0009B9B45A5EB0705F1
:105B5000BA4408D0019B07F11A01ABEB07023144AC
:105B600018460CF01DFD009BABEB030B736886F829
:105B700019B03B44736006F11A0308EE903A7DB108
:105B800018EE101A02AB32464046FFF7E1FDE8B9C5
:105B9000182303FB0983DA6819693A4489B91A6141
:105BA000182101FB09883C44D8F80C303B44C8F864
:105BB0000C3033E7002556E700248FE70846012321
:105BC00095E78A4294BF1A611961E9E7A8428346C2
:105BD00028BFAB46A84208D9401BC2B202AB18EEA0
:105BE000900A727659190CF0ABFC5A46504602A93D
:105BF0000CF0A6FC726802EB0B03A5EB0B05DA4474
:105C00005F447360BBE7000010B50C4609220849E9
:105C100020460DF0A3F938B994F9090030B1A0F18C
:105C20003F035842584110BD0020FCE70120FAE72D
:105C300043F603082DE9F84F074689469246FFF7D9
:105C4000E3FF40B90CF066FC022303604FF0FF361F
:105C50003046BDE8F88F0AF0030A4FF00008182319
:105C60003A1D03FB08F54646515D002900F083808C
:105C7000032E08F10108F4D10CF04CFC1723E4E7E3
:105C8000182303FB087300240122DC60C5E901240A
:105C90001C619C61BAF1000F12D01020EEF706FAD9
:105CA00018B1C0E9004484608481182303FB0873A1
:105CB000986128B93B6841465B683846984765E07B
:105CC0003F2148460DF012F9DFF8CCA0DFF8CCB048
:105CD0000446002CBCD094F90030002BB8D004F15D
:105CE00001092C49062248460DF038F9014680B9D1
:105CF00007340A2220460EF081F84FF6FE739842D0
:105D00002CD82881262120460DF0F0F881464C46FB
:105D1000DFE75146062248460DF020F9014650B90A
:105D200007340A2220460EF069F84FF6FE739842B7
:105D300014D86881E6E759460D2248460DF00EF961
:105D400001460028E3D10E340A2220460EF056F810
:105D5000012803D800F001006871D3E7182000FB88
:105D60000877786908B1EEF7ADF900232B710CF0D4
:105D7000D1FB162369E73D44BAF1000F80D17820AA
:105D8000EEF79AF9686100287FF47AAF0CF0C2FB55
:105D90000C235AE7FCF3030803F403080AF403088E
:105DA00010B51446FFF730FF30B90CF0B3FB0223F7
:105DB00003604FF0FF3010BD5822002120460CF048
:105DC00009FCF1F715FD0C23584320610020F2E790
:105DD0002DE9F04F0025157093464A699368052B0D
:105DE00091B040F2C18014682068A2880490ADF898
:105DF000142080B246F21B72904240F0B580BDF88C
:105E000014209A4240F0B0800D22294607A806349B
:105E100006950CF0DFFBBDF81220ABB29A4240F2BF
:105E2000A780277807F00F063F0940F09D8094F87F
:105E3000018008F00F0A4FEA181808F101030AEB75
:105E40000309B9F1100F019300F38E80524606A9A1
:105E50000BA80CF075FB019B1A460BABA11C03EBC6
:105E60000A000CF06DFB10AB99440DF12C0E09F8F3
:105E7000147CBEE80F000DF1180CACE80F00DEF842
:105E800000308CF800300DF10E020DF10D010BA861
:105E90008DF80D70F0F74AFB08F103084444804682
:105EA00020B9012E2AD101340135B4E7BDF80E1016
:105EB000F0F7E6FC0028F4D0BDF80E309DF80D1088
:105EC00013F004031FD11F468E4224D1032E22D18A
:105ED00054F8043BC8F80030002211464046F1F760
:105EE0000BFB002FE0D001238BF80030214B1B6807
:105EF000986A036864215B689847D5E7022E0CBF57
:105F000002340434D0E7012902BF98F90070B7FACF
:105F100087F77F09D8E7012E0ED1237817B11F1E0E
:105F200018BF01275BB200EE103A4046B8EEC00A37
:105F3000F0F7CAFD0134CFE7022E09D134F9023B54
:105F400000EE103AB8EEC00A4046F0F7BDFDC3E7D8
:105F5000032E02D154F8043BF2E7042EBCD154F8CE
:105F6000043B00EE103AEFE7002011B0BDE8F08FDF
:105F70000120FAE70826002073B505460E460524E1
:105F8000013C14F0FF040CD00DF107023146284605
:105F9000FFF71EFF18B19DF80730002BF0D102B0BB
:105FA00070BD0120FBE700000329F8B504460D464B
:105FB00004D818216943461833793BB90CF0AAFA82
:105FC000092303604FF0FF373846F8BDB369DBB9EA
:105FD000002700233371182606FB0543586908B1D2
:105FE000EEF770F806FB054600237361B6692EB123
:105FF000304604F025FF3046EEF760F8182101FB2B
:1060000005440023A361DFE704310144FFF7B4FF37
:106010000028DDD10CF07EFA162303604FF0FF3725
:10602000D7E700004FF0FF3070470000032910B59C
:1060300004D80C2404FB0101087930B90CF06AFA89
:10604000092303604FF0FF3010BD012B0AD0022B53
:1060500011D02BB9CB689B689342D4BF8B608A6008
:106060008868F1E78B681A44CB689B689A4294BFB2
:106070008A608B60F4E70CF04DFA1623E1E700002C
:1060800091F9003010B533B10CF044FA02230360EB
:106090000024204610BD4FF48270EEF707F8044646
:1060A0000028F6D10CF036FA0C230360F1E700006B
:1060B000032970B50646104604D80C2202FB01667F
:1060C000327932B90CF026FA092303604FF0FF3021
:1060D00070BDD6E9021295686C1A9C4228BF1C4616
:1060E0001368224619440CF02BFAB3682344B360BA
:1060F0002046EDE738B50B680B2B0C464FF000053A
:106100000CD881F803510D1D0549FF2251F82310C9
:106110002846FEF781F8236801332360284638BDFE
:1061200018F50308032970B504460D4604D80C235E
:1061300003FB01031A7932B90CF0ECF9092303606F
:106140004FF0FF3070BDDE6800221A712EB130466C
:1061500004F076FE3046EDF7B1FF0C2101FB05445B
:106160000020E060EEE7000008B5084631B90CF009
:10617000D1F9162303604FF0FF3008BDEDF79EFF05
:106180000020FAE770B5084E0D46002456F8041BAF
:106190002846EAF7EDFF08B960B270BD01340C2C57
:1061A000F4D14FF0FF30F8E718F503082DE9F74F69
:1061B00012F0030405460F4604D00CF0ABF91E2381
:1061C0000360F3E00C23021D03FB04F9A04612F860
:1061D00009A0BAF1000F00F0D180B8F1030F04F16B
:1061E0000104F1D10CF096F91723E9E73946284666
:1061F000FFF7C8FF00280CDA304604F021FE3046D5
:10620000EDF75CFF0023CAF80C300CF083F9022391
:10621000D6E768493846EAF7ABFF30B9664B1B68EA
:10622000D86A03683146DB6D984764493846EAF717
:106230009FFF48B9604B1B68D86A0C23026803FBB8
:106240000453126ED96890475D493846EAF790FFCB
:1062500048B9594B1B68D86A0C23026803FB0453E6
:10626000526ED968904757493846EAF781FF48B9D6
:10627000514B1B68D86A0C23026803FB0453126F4E
:10628000D968904750493846EAF772FF48B94A4BF7
:106290001B68D86A0C23026803FB0453526FD96849
:1062A00090474A493846EAF763FF50B9424B1B68AA
:1062B000D86B30B10C23026803FB0453526AD968CF
:1062C000904743493846EAF753FF48B93A4B1B68B1
:1062D000D86A0C23026803FB0453926ED968904776
:1062E0003C493846EAF744FF98B9334B1B68CDE97F
:1062F00000005869036801AA9B696946984740B144
:106300000C20019B009900FB04501A46C06804F061
:10631000A1FD31493846EAF72BFF50B90C2000FBAC
:1063200004504FF40023C0681A464FF0006104F097
:1063300091FD0C2606FB0456F3689A68AAB91B7BEC
:10634000002B14BF0C2702270CF0E4F80760F66856
:106350002EB1304604F074FD3046EDF7AFFE0C2050
:1063600000FB04540023E36020E04D440023AB60B5
:1063700001232B71404603B0BDE8F08F1020EDF7EC
:1063800095FE064628B1C6E900AAC6F808A0A6F8F8
:106390000CA04FF00C0B0BFB045ACAF80C60002E3B
:1063A0007FF424AF0CF0B6F8C0F800B04FF0FF381F
:1063B000E0E700BF78F403080826002084F403080F
:1063C0008CF4030897F40308A1F40308ACF4030861
:1063D000BBF40308CBF40308D7F4030870B50646F2
:1063E00015460C4619B112B191F9003033B90CF0D1
:1063F00091F8162303604FF0FF3070BD5822002142
:1064000028460CF0E7F82046EAF7BCFE012894F98C
:10641000003003D12F2B04D10020EEE72F2B08BF33
:10642000013421463046FFF7ADFE002803DA0CF0B8
:1064300071F80223DEE706492046EAF799FE18B90B
:106440004FF400532B61D8E7024B2B61E4E700BF08
:10645000CBF40308A08601004FF0FF307047000026
:106460004FF0FF30704700004FF0FF3070470000E2
:106470004FF0FF30704700004FF0FF3070470000D2
:10648000486810B50C4618B109F060FD0023636040
:1064900010BD000010B50446806818B1036821469D
:1064A0005B6D9847204610BD2DE9F043036899B015
:1064B0009B6902AA054688469847074620B10024F2
:1064C000204619B0BDE8F0830C20EDF7EFFD04463F
:1064D0000028F4D085600698013009F0EFFC0646EC
:1064E00030B92046FFF7D6FF2046EDF7E7FDE6E797
:1064F0002B684146D3F800903A463B462846C847A9
:10650000431C014603D1304609F020FDE9E72B6822
:106510000190D3F80880069B32462846C047069B68
:10652000019998422B6828465B6801D09847EAE7B2
:106530009847069BC4E90036C2E7000010B5044640
:10654000006810B103685B689847204610BD0000E2
:106550002DE9F041CE78D4B0342E28BF34260C4635
:1065600034220021054605A80CF034F8324604F127
:106570000C0105A8002412AE0BF0E2FF7C2221469C
:1065800013A8049434600CF025F89DF81A709DF857
:106590004580002F6DD1564B1B68596804220B684B
:1065A000CDE90172534A00921C689DF81B209DF8AA
:1065B0001C3032A8A0470498329B0493329710B144
:1065C00003685B68984732A8F6F7B6F90498002884
:1065D00000F085809DF84630802B00F282800368B1
:1065E0005B6A984703680A211B68984700287AD09D
:1065F000B8F1FF0F9DF847109DF8463004984FD131
:10660000CDE9006300231A46FDF738FF4FF000087C
:106610000446049803685B6A98470368DB689847F8
:10662000002C62D005999DF84620329100219DF8FA
:1066300047308DF8CC108DF8CE20314680220DF1F8
:10664000CF002C7C8DF8CD808DF84F310BF078FF8A
:1066500088230F22CDE9003242F6F921872332AA9E
:106660002046F7F76DFE04A8F6F75CF954B0BDE8D4
:10667000F081012F1CD11E4B1B6899680B6832A852
:106680001B680DF11D0298470498329B04933294C5
:1066900010B103685B68984732A8FFF74FFF95E792
:1066A00000939DF845203346FDF704FF0446B0E70C
:1066B00001239DF845109DF84720059832908DF8EC
:1066C000CD108DF84F21002180220DF1CF002C7CC0
:1066D0008DF8CC308DF8CE100BF07CFFB8E702239C
:1066E000E7E70523E5E70323E3E70423E1E700BF4A
:1066F00008260020801A060070B5CE78B4B0B42EFB
:1067000028BFB4260C46B4220021054607A80BF08A
:1067100061FF324604F10C0107A80BF011FF9DF850
:10672000224000260496002C54D1464B1B68596821
:1067300004220B68CDE90142434A00921E689DF88D
:1067400023209DF8243005A8B047DDE90403CDE9F6
:10675000043410B103685B68984705A8F6F7ECF8B5
:106760000498002869D003685B6A984703680A2187
:106770001B689847002862D09DF84D30FF2B4FF0E2
:1067800000043ED1CDE900449DF84E309DF8CF1075
:1067900004980DF14F02FDF771FE002849D1042441
:1067A000049803685B6A98470368DB689847079B0F
:1067B000059340220523CDE90032287C8DF818404E
:1067C00005AA42F6FB21F7F7BBFD04A8F6F7AAF8E5
:1067D00034B070BD012C2ED11A4B1B6899680B6820
:1067E00005A81B680DF125029847DDE90403CDE9F2
:1067F000043610B103685B68984705A8FFF79EFE52
:10680000AEE726469DF84E300498E2B2934210D986
:106810009DF84D10009634AB13440A4413F8813CA4
:106820009DF8CF10D2B2FDF755FE01340028E9D112
:10683000B5E70024B4E70124B9E70224B7E703244D
:10684000B5E700BF08260020801A060070B506468E
:10685000ADF5027D08790C46F7F7A6FE67220146E2
:1068600002A8EDF7B7FD307CF7F7ECFC0546307C6D
:10687000F8F7A4FB00F1FE039D424FF0000509D29A
:10688000307CF7F741F802A8EDF7C0FD28460DF57A
:10689000027D70BD2946F72204A80BF09BFEE38819
:1068A0008DF80C301B0A8DF80D30237B8DF80E30DF
:1068B000237A8DF80F30E37A8DF810302146637A11
:1068C0008DF81130A37A8DF8123051F80F3B8DF806
:1068D00014301A0A8DF815201A0C8DF816201B0E8C
:1068E000EF2206A88DF817300BF02AFE627BA37BFF
:1068F00026798DF8092103A9FB220DF20B108DF8E2
:1069000008518DF80A310BF01BFEFE235422CDE90D
:1069100000326E2142AA3046F7F712FD0125B2E798
:10692000F0B52B4D2E6887B0074616B1012007B091
:10693000F0BD0820EDF7BAFB044670B101230660F4
:1069400003711420EDF7B2FB064618B14FF4C06195
:10695000EDF722FF0023266023712C604CB92C68D0
:106960003CBB002404201B492C60EBF7FDFE2046B5
:10697000DDE72368002BF2D05B68FF2BEFD91B0A01
:10698000012BECD0144B04971B68986A03681C6DAC
:10699000124B059300220923CDE901324FF4206305
:1069A000009306AA12E906000D4BA0470028BDD1AE
:1069B000D5E723793BB926682EB13046EDF7FEFEC8
:1069C0003046EDF77BFB2046EDF778FBC9E700BFCB
:1069D000AC6D002008F603080826002005730208A5
:1069E00020F6030870B5ADF5007D05460C46FFF7AF
:1069F00097FF00284BD0E678FE2E28BFFE26FE2209
:106A0000002168460BF0E6FD04F10C0132466846B1
:106A10000BF096FD2B7C8DF80431BDF80330ADF8FA
:106A200006319DF805308DF80C319DF806308DF853
:106A300008319DF807308DF80B319DF808308DF83E
:106A400009319DF80930003B18BF01238DF80A3148
:106A5000DDF80B304093E3798DF80D31EF22237A86
:106A60008DF80E310DF10F010DF20F100BF068FDD6
:106A7000084B1B681C682046EDF70AFFFF2806D963
:106A80004FF480720DEB02012046EDF777FF0DF514
:106A9000007D70BDAC6D002013B50446212001912E
:106AA000F9F76EF930B10199204602B0BDE8104007
:106AB000FFF7CCBE02B010BD38B5812303720229A6
:106AC0004FF0010304460D46C173C37208D10BF0A9
:106AD00021FD0368022B04D0112B04D10823E3739A
:106AE00038BD0A23FBE70BF015FD03682374E5723C
:106AF000F6E700002DE9F04104460D46FDF782FB64
:106B0000134E144F306129462046FFF7C5FF30B9B8
:106B10003B68986A036802215B689847F3E76B7AE1
:106B2000012B04BF002333612979337D23FA01F25D
:106B3000D2070AD501228A4023EA0203337523686B
:106B400020469B6EBDE8F0411847BDE8F08100BFCC
:106B5000AC6D0020082600202DE9F04F9DB01C46AA
:106B600093F8FF3004AF06468846924663B1A3F11E
:106B70000A0253425341B8F1020F07D84FF0FF30D9
:106B80006437BD46BDE8F08F0123F4E70022327080
:106B900073B994F8FF20012AF0D12048CDE90043D1
:106BA00000681F4BC06A42463146EDF7A1FDE7E79A
:106BB0005046EAF7E7FAFF21054620460CF0F6F9C1
:106BC000054405F1090323F00703E946ADEB030D86
:106BD000124BCDE900A4D3F800B0124BDBF82C0027
:106BE00004A9AA1C7960EDF783FDFEF7FBFC796828
:106BF00007F10802FEF7EAFB60B90290BB69CDE934
:106C000000434246084BDBF82C003146EDF770FD9F
:106C1000CD46B5E74FF0FF30FAE700BF0826002069
:106C200033F6030824F603082AF603082DE9F8438F
:106C30000746064657F80F3B0B600C463846EF21D7
:106C40000CF0B4F9F37A834200D13BB9812323726B
:106C50000323E3730123E372BDE8F883002586F87C
:106C6000FD503846EAF78EFA012805D9013830443C
:106C7000C37B2F2B08BFC573FEF7B4FC3946FEF764
:106C8000E1FB8046B8B104F10F09356825B3FEF782
:106C9000A9FC4146FEF70EFC034690B981232372FE
:106CA0000623E3730123E372FEF79CFC4146BDE833
:106CB000F843FEF74BBC20460221BDE8F843FFF73E
:106CC000FBBE3A46EF214846FFF746FFEF28DCD8E7
:106CD0003368013B3360D8E704F10F06FEF782FC0E
:106CE0004146FEF7E7FB034678B13A46C5F1EF01AE
:106CF0007019FFF731FF0028F0DB2B18EE2B04DCB6
:106D0000013550FA85F0C5B2E8E7002DC6D0EE2D6A
:106D100007D804F10F00C5F1EF02002128440BF061
:106D200059FC80232372E572BEE700002DE9F04F85
:106D30002DED028BADF5177D06464FF480720021D4
:106D400056A80BF047FCB14CB14FFF238DF86431CE
:106D5000256835B93B68986A036802215B689847E3
:106D6000F6E72868EDF77AFDFF28F3D928684FF495
:106D7000807216A9EDF784FEB0F5807FEAD1199BE9
:106D8000BDF85E5023F07F42599B23F07F439A4227
:106D900005F1010508D1BDF85E319D4204D156A927
:106DA0003046FFF7A7FED3E74FF48072002156A8C4
:106DB0000BF010FC9DF860308DF861319DF85C306F
:106DC0008DF85C319DF866308DF866319DF8633042
:106DD000BDF86420ADF85E51EF2BADF8642109D900
:106DE00081238DF8603103238DF8673101238DF8FD
:106DF0006331D4E7FDF706FA9DF86410B4F90C206E
:106E00009142054608D09DF86030013B012B03D824
:106E100080238DF86031C2E76368013315D0914259
:106E200013D0236940F6B732EB1A934204D881237A
:106E30008DF860310423D7E7FEF7D4FB6168FEF7D5
:106E400087FA4FF0FF336360A3819DF860200F2A1B
:106E500024D80F2A27D801A353F822F0116E020874
:106E6000B16E0208B16E0208CF6E0208D96E020838
:106E70009F6F02081D70020871700208E970020815
:106E8000B5700208E97002081D700208A76E0208BA
:106E9000A7720208177102087971020882F0800354
:106EA000012B7FF655AF5B490720EBF75DFC80E0D7
:106EB0006368013307D0FEF795FB6168FEF748FA77
:106EC0004FF0FF3363604FF6FF73A381A0E756A92D
:106ED00016A8FFF7ABFE62E7636801330ED02069A6
:106EE00040F6B8332D1A9D4263D9FEF77BFB6168EB
:106EF000FEF72EFA4FF0FF336360A381EF210DF10F
:106F000067000CF053F89DF8633083427FF468AF5C
:106F1000002B3FF465AF00238DF85531FEF762FB7F
:106F20006A460DF16701FEF751FA804620B1022151
:106F300056A8FFF7C1FD32E7049DFEF753FB434619
:106F400042460DF16701FEF7D9F960600130EED0DD
:106F50009DF86430A38180238DF8603104238DF87F
:106F600063312B0A8DF867518DF868312A49C4F8CE
:106F700008802B0C10222D0E0DF167008DF8693161
:106F80008DF86A510BF0EAFF00287FF408AF9DF8F6
:106F90005C2101239340227D13432375FFE6636840
:106FA000013304D181238DF860310A231CE7A568E1
:106FB00035B181238DF8603101238DF8673116E7F3
:106FC000FEF710FB169A61682B46FEF7EFF90130C9
:106FD000ADD0FEF707FB9DF863306168EF2B28BF4B
:106FE000EF230DF26712FEF7C1F9421C9FD020B9C2
:106FF00081238DF860310623F6E680238DF8603119
:10700000169B56938DF86301C9E600BFAC6D002056
:10701000082600204DF603083CF603086368013398
:10702000C7D1EF210DF167000BF0C0FF9DF8633071
:1070300083427FF4D5AE002B3FF4D2AE00258DF80D
:107040005551FEF7CFFA9DF86030062B40F20162F1
:107050002B4618BF01220DF16701FEF74FF9606062
:1070600001303FF464AF0123A3609DF864302CE746
:107070006368013396D0A368012B9AD1FEF7B2FA68
:10708000169A61680023FEF791F901303FF44FAF83
:10709000FEF7A8FA9DF8633061680DF16702FEF70C
:1070A00075F901303FF443AF80238DF86031169BB2
:1070B000569374E6EF210DF167000BF077FF9DF812
:1070C000633083427FF48CAE002B3FF489AE002303
:1070D0008DF85531FEF786FA0DF16701FEF794F948
:1070E00001307FF495AE22E7EF210DF167000BF040
:1070F0005DFF9DF8633083427FF472AE002B3FF456
:107100006FAE00238DF85531FEF76CFA0DF1670173
:10711000FEF76CF9E4E7EF210DF167000BF046FF95
:107120009DF8633083427FF45BAE002B3FF458AE92
:1071300000258DF855510095FEF754FA6A460DF179
:107140006701FEF71BFA00283FF4F1AEEB22294657
:107150000DF26B100BF03EFA04238DF86331009BA7
:107160008DF867311A0A8DF868211A0C1B0E8DF8FC
:1071700069218DF86A314BE69DF863806368B8F148
:10718000000F08BF4FF0EF0801333FF40BAFA568C5
:10719000002D7FF40EAFFEF725FA169A61682B4694
:1071A000FEF704F901303FF4C2AE9DF85C30042BC9
:1071B00020D900254346EF2B28BFEF234FF0000ACC
:1071C00008EE103AD146FEF70DFA18EE103A616853
:1071D0000DF26712FEF7CAF8B0F1FF3F834627D1E0
:1071E000022156A8FFF768FC9DF86031812B7FF4DF
:1071F000AFADD4E5424A52F82350002DD9D02B68C8
:1072000028461B6C98470128D3D02B682846DB6D95
:10721000984705469DF85C00F7F7D0FE08F10F038C
:1072200003449BB240F6B8304343B3FBF5F5C1E7E6
:10723000EF280BD00DF26713C0F1EF0200211818F0
:107240000BF0C8F9BBF1000F3FF4D2AE80228DF8ED
:107250006021169A8DF863B15244569240F2F312AF
:10726000A9EB02035A425A41304656A98DF86221D1
:10727000FFF740FCBDF85E31D845C8BF569803F112
:107280000103ADF85E313B68C4BF58445690986A1C
:107290000368A9B25B6809F101099847B9F5FA7F5B
:1072A000C24490D1A0E70DF16708ED2140460BF0F4
:1072B0007DFE18F900A00546BAF1000F7FF490ADED
:1072C00016AB00F110099944C0F1EE0148460BF0ED
:1072D0006DFE9DF863206B1C034493427FF480ADE8
:1072E000002B3FF47DAD8DF855A1FEF77BF94A46A2
:1072F0004146FEF797F800283FF48AAD17E600BF35
:10730000BC3C002008B5FFF711FD0000024B4FF018
:10731000FF325A60704700BFAC6D00202DE9F04786
:10732000CD7896B04F2D28BF4F250C464F22002117
:10733000064602A80BF04EF92A4604F10C0102A8F9
:107340000BF0FEF89DF80F5015F0010811D19DF8D3
:107350000E30032B05F00407C5F3800506D8013B6A
:10736000022B09D8DFE803F0151B5800643B092BFA
:107370005AD916B0BDE8F087FAF7ECFA03681B6932
:10738000012198470028F4D0D0F8904180F80E539E
:107390000EE0FAF7DFFA036802211B69F1E7814B7F
:1073A0001B68DC6CF1F7D0FB2A460021F1F7B8F836
:1073B000002CDED027B123680021DB6B20469847E4
:1073C000029911B12046EDF7B7F89DF8105055B16C
:1073D0009DF80F301A0746D423682A46DB680DF162
:1073E0001101204698479DF80F70BB07C1D5DFF803
:1073F000B4814FF00109BDF80C30002B5BD18DF842
:107400000F90236820465B69984705B2002D65DA26
:107410003D07AED5002565E0624B1B681C6DF1F79A
:1074200093FB2A460121C1E7F5F76CF99DF80E1090
:107430006439C9B2F4F738FF0446FAF78BFA90F8CA
:1074400090305FFA88F94B45B2D9FAF783FA0368AE
:1074500049461B69984718B1D0F890319C4295D0A5
:1074600008F10108E9E7DFF83C910DF11107236805
:1074700020469B6A984738B9D9F80030986A036863
:1074800005215B689847F2E7236820469B6A984786
:107490009DF81080236880B2804528BF8046394619
:1074A000DB6842462046A5EB0805984715F0FF0526
:1074B0004744DCD197E7236820465B699847452815
:1074C0009DD8D8F80030986A036801215B68984716
:1074D000BDF80C30013BADF80C308CE7462D1BDCC1
:1074E000002D95D09DF80F30180717D5307CF6F792
:1074F000A9FE8246307CF7F761FD00F14F039A4503
:107500001BD2307CF6F700FAD8F80030986A03688E
:1075100001215B689847E9E74625E3E7307CF6F709
:1075200091FE8246307CF7F749FD00F14F039A4502
:1075300003D2307CF6F7E8F91BE7002146220DF173
:1075400011008DF810100BF045F87DB1236820462E
:107550009B6998479DF810305A1C8DF8102016AA88
:107560001344013D03F8470C2DB2EEE74F23DC2214
:10757000CDE900327E21307C02AAF6F7E1FEF90661
:107580007FF5F7AE9DF81030002B3FF4F2AE3B07CD
:107590007FF531AFD8F80030986A036801215B6845
:1075A000984728E708260020F8B5044615460E46F9
:1075B0001F46FCF727FE01232371BDF918306061D7
:1075C000E781A381EB7923742B7A6374A660FCF7BF
:1075D00019FE2368A0615B68A568204698470146AC
:1075E0002846FAF7A1FD0023E383F8BD2DE9FF410A
:1075F0000546087C0C461F461646F6F723FE8046D5
:10760000207CF7F7DBFC031D9845247C05D220463F
:1076100004B0BDE8F041F6F777B92B6896F807801B
:107620001B68367A2846984704239922CDE9003210
:107630008DF80F00032303AA2F2120468DF80C801C
:107640008DF80D608DF80E70F6F77AFE04B0BDE887
:10765000F081000070B503681B6804460D461646AD
:10766000984708B9012070BD2846F8F763FD002847
:10767000F8D006490420EBF777F82046032332467A
:107680002946FFF7B3FF0020EDE700BF64F60308CB
:1076900070B505790446ADB1D679037C9E4203D11D
:1076A000167A437C9E4206D00E232046FFF79EFFAB
:1076B0000025284670BD0368DB69984700232371C5
:1076C000A360F6E70125F4E770B504460D461646BB
:1076D000FFF7DEFF68B1236820469B68984780F07B
:1076E0000103DBB2324629462046BDE87040FFF771
:1076F0007DBF0123F6E700002DE9FF411A4604464D
:107700000E461D46FFF7A6FF002839D0237943B166
:107710000E232A463146204604B0BDE8F041FFF76B
:1077200065BF307CF6F78EFD0746307CF7F746FCE8
:10773000431D9F42367C05D2304604B0BDE8F0417F
:10774000F6F7E2B8236895F807801B6A2F7A20467F
:107750009847236805461B68204698470523DD2285
:10776000CDE900328DF80C00042302AA2C2130460A
:10777000ADF808508DF80A808DF80B70F6F7E0FD33
:1077800004B0BDE8F08100002DE9F04317468DB04C
:107790001A4606460D461C46FFF75CFF68B3317972
:1077A00041B10E232246294630460DB0BDE8F043D4
:1077B000FFF71CBF0DF10808282240460AF00AFF17
:1077C000E3798DF82830237A8DF829303B88ADF89D
:1077D00024303B798DF82D303368CDF80080D3F814
:1077E000109022463B4629463046C847034638B1EA
:1077F000224629463046FFF7F9FE0DB0BDE8F0837A
:107800004920F6F765FB04460028F6D08179284622
:10781000F6F78CF80028F0D0227963790192A279EA
:1078200000922168287C4246F6F78AFDE5E70000D1
:107830002DE9F34104460E4617461D46FFF70AFFA1
:10784000002837D0237943B10E233A4631462046EB
:1078500002B0BDE8F041FFF7C9BE2368B5F900806A
:107860001B6A20469847804505D914490420EAF749
:107870007BFF0123E9E72368B5F902801B6A2046F4
:1078800098478045F1D8B5F90220B5F900309A4201
:10789000EBDB236820469B69984703460028D4D138
:1078A000B5F9023000933A46B5F90030314620462A
:1078B000FFF77AFE02B0BDE8F08100BF84F603084E
:1078C00037B5036801921B6B04460D469847019A31
:1078D000034629462046FFF789FE23682046DB69D8
:1078E000984700232371A36003B030BDF0B585B085
:1078F00016461A4604460D460293FFF7ABFE0028D3
:1079000048D0029A29462046FFF7C2FE002841D0FF
:10791000236837885B6A204698478742029A10D9C5
:10792000294620460423FFF761FE236820465B6A50
:10793000984719490246042005B0BDE8F040EAF72F
:1079400013BF236802925B69318820469847029AE8
:10795000034630B12946204605B0BDE8F040FFF7A8
:1079600045BE2168CDE90220CF6820463146B847A0
:107970003188DDE9022331B92946204605B0BDE84A
:10798000F040FFF79DBF013909B20091204629461A
:10799000FFF70AFE05B0F0BDA0F6030810B5846835
:1079A00013464CB9F5F79AFBBDE810404FF4A972A5
:1079B0004FF48031F5F77EBB0A462146BDE8104002
:1079C000FFF714BEF0B5037985B00446002B3CD018
:1079D000C28983899A4238D8836853B9F5F77EFB08
:1079E0004FF4B8724FF4803105B0BDE8F040F5F7C0
:1079F00061BB187CF6F726FCA3680546187CF7F7F0
:107A0000DDFA431D9D42A36805D2187C05B0BDE890
:107A1000F040F5F779BF1D7C2368268A1B68E7894B
:107A2000204698470523E622CDE900328DF80C0068
:107A3000042302AA28212846ADF80870ADF80A6090
:107A4000F6F77EFCFCF7DEFBA06105B0F0BD0000A0
:107A500070B5836804460D4616464BB9F5F73EFBF4
:107A6000BDE8704040F20D124FF48031F5F722BBB3
:107A7000928BC3899A4204D00D22BDE87040FFF773
:107A80008DBFCA79037C9A4203D00E222946204634
:107A9000F3E70A7A437C9A42F7D103681B6A984756
:107AA000B38B834216D223689B6A3146204698479F
:107AB000A8B9FCF7A7FBE389A289606101339BB2F7
:107AC0009A42E38119D2A1682A462046BDE8704057
:107AD000FFF7F6BE02D12368DB6AE6E70120024623
:107AE00029462046FFF75AFF00232371A36023682D
:107AF0002046DB69BDE870401847A368187CF6F79C
:107B0000A1FBA3680546187CF7F758FA431D9D4270
:107B10000ED2A368187CF5F7F7FE2368A5685B68AA
:107B20002046984701462846BDE87040FAF7FCBA5F
:107B30002046BDE87040FFF745BF0000F0B503796F
:107B400085B00446002B60D0836853B9F5F7C6FAB8
:107B50004FF4C2724FF4803105B0BDE8F040F5F744
:107B6000A9BAFCF74FFB6369A28BC31A934237D9BA
:107B700000232371236820465B6B9847A3681D7C14
:107B80002846F6F75FFB06462846F7F717FA031D67
:107B90009E4221D32368277C1B68667C2046984739
:107BA0000F2399228DF80E300423CDE900328DF891
:107BB0000F00032303AA2F2128468DF80C708DF89F
:107BC0000D60F6F7BDFB0023A3602368DB69204648
:107BD00005B0BDE8F04018472846F5F795FEF2E7F6
:107BE000A369A568C21AB5F8A43103F57A739A425D
:107BF0000BD92368A0615B68204698470146284658
:107C000005B0BDE8F040FAF78FBA05B0F0BD00004E
:107C100080F82D107047000080F82C10704700008D
:107C200001207047806A04307047000080F83410EB
:107C300070470000002070470120704708B50368B6
:107C40005B68984700F0010008BD000008B50368B4
:107C50005B68984720F0010008BD000070470000F5
:107C600070470000704700001FB502AC84E80C00AC
:107C7000009094E80C00806A03F0E8F904B010BDAD
:107C8000806A03F03BBA000010B50446006B08F0B0
:107C90005DF9606A034B236008B1ECF713FA2046E4
:107CA00010BD00BF3CE9030810B50446FFF7ECFF28
:107CB0002046ECF703FA204610BD000070B50446DC
:107CC00088B0503007F066F9104B0494CDE90534C4
:107CD00014200F4B0793ECF7E9F9054690B108AA79
:107CE00012E9030094F848300A4E06EB031601AB84
:107CF00083E80300059B00937279049BB1792846C1
:107D000002F0F4FBE56108B070BD00BF5D7C0208C5
:107D1000617C020804F70308194B03EB00102DE9FE
:107D2000F04102798068032102F020FF044628B365
:107D300008F00AFA24F00F06012204F00F0402FAF8
:107D400004F407462146304604F094FE0D4BD3F868
:107D500000801425736963407361D8F828000368B4
:107D60000A219B68013D984715F0FF05F2D13A467C
:107D700021463046BDE8F04104F07CBEBDE8F0810C
:107D800004F7030808260020124B37B503EB001058
:107D900002210279104802F0E9FE0446B8B108F069
:107DA000D3F90121054624F00F0004F00F04A1408F
:107DB0000022CDE9000104F05DFE009801990369FD
:107DC0002A4623FA04F404F0010404F053FE20468A
:107DD00003B030BD04F703080404024038B50A4C70
:107DE0000A4B036005460023204684F84830FFF71D
:107DF00065FF074AE264012384F83C30226484F87A
:107E00004430284638BD00BFC46D00201CF703086D
:107E1000A086010070B51E460023C0E90333C0E907
:107E2000053303711E4B03601E4B80F82D200D4659
:107E3000642105FB01338362022380F82C309DF816
:107E4000103080F83530059B8363EB00044643F027
:107E5000010303724272134613492A463030FBF77E
:107E6000DDFBA36ADA6CB24217D91E64A36A0F491C
:107E7000DE640F4B9E429EBFA36A012283F844201A
:107E80000C4B1B689869A36ADA6C03681E684FF490
:107E90007A73B2FBF3F32A46B047204670BD00BFA9
:107EA00034F70308C46D0020BCF60308C8F60308C5
:107EB000A0860100082600207FB51646044626B19C
:107EC00000230360204604B070BD3C200393ECF710
:107ED000EDF8054648B10A9B01939DF824300093C4
:107EE000039A089B3146FFF795FF2560EAE70000FB
:107EF0002DE9F04F89B0624D0693836ADDF8488022
:107F000093F8483007911B0104461646E8581FFABB
:107F100088F906F037F8A06ACDF8009006ABB2B247
:107F200007A903F001F9074650B9A36A93F848304E
:107F30001B01E85806F02AF8384609B0BDE8F08F72
:107F4000DFF844B14FF0000AA16A4E4ACB6CB2FB95
:107F5000F3F306EB0802A06B53434FF47A72B3FBC2
:107F6000F2F35B000133834238BF0346C8690593CF
:107F700002F01AFCA16A91F8480000013C3128582F
:107F800005F0B4FF302181F31188DBF80010C86AD6
:107F9000416B01314163002181F31188059B94F805
:107FA0002D104FF47A72A3FB0232A26A92F84800B5
:107FB0000001002E33D10093069A2858434605F05D
:107FC000CBFFA26A059092F848201201A85805F04C
:107FD0009BFFA26A0121D06902F0DAFAA26A059B2E
:107FE00092F848201201A858826812F0800F20D021
:107FF000F5F774F840F293124FF40021F5F75AF8B0
:10800000DDE90621A06A4B4603F0B4F8A36A93F8B1
:1080100048301B010027E85805F0B8FF8CE7CDE990
:108020000183069B0093079A2858334605F07AFF90
:10803000C7E7DBF80020C06BD16A8A6B02448A6311
:1080400033B9DDE90621A06A4B4603F093F86CE7EB
:1080500001330AD1A36A93F84800FFF795FE20B9CF
:10806000A36A93F84800FFF757FE94F82C200AF112
:10807000010A5FFA8AF39A42BFF466AFC0E700BF15
:1080800004F7030800127A0008260020F0B5044621
:10809000806A85B00430CDE902210A9F1E46FBF7B5
:1080A00069FADDE90221054660B91B4BA2681B682D
:1080B0001A49986903681E6894F82D30B04728461D
:1080C00005B0F0BD94F83500A36AA0B1032083F891
:1080D0003C0094F83450DDB179B9002EEFD0002F78
:1080E000EDD000220A9733461146204605B0BDE880
:1080F000F040FFF7FDBE0120E9E7002AEDD00023A4
:1081000000932046FFF7F4FE0028E6D10546D6E7A7
:108110000A973346E9E700BF08260020DCF603088B
:1081200008B5B021044802F07BFFBDE80840034ACF
:108130000349002008F08ABEC46D0020C4660020F8
:10814000657C020870470000B0F94C0070470000E1
:10815000B0F94E0070470000806D7047012380F831
:108160005430704780F860107047000090F8543029
:1081700013B190F8300070471846704701207047DF
:1081800037B590F8543004460D46ABB190F8303016
:10819000122BA8BF122399420EDA00F13401692292
:1081A00001A804EB4504ECF715F901A8A488ECF745
:1081B0002DF9204603B030BD0024FAE737B590F81A
:1081C00054500446A5B100F13401522201A8ECF745
:1081D00001F9D4E90A51226D0023994208BF954262
:1081E000C4E90A2301A814BF01250025ECF70EF904
:1081F000284603B030BD000073B590F854400546E2
:108200000E468CB1122A28BF122200F13401144606
:1082100001A87922ECF7DEF86200291D30460AF049
:108220008FF901A8ECF7F2F8204602B070BD00000B
:10823000407B70470161704710B5074B074ADB6808
:108240000446DA61A37B33B923684FF47A719B68E3
:1082500020469847F6E710BD20930020BCF703089E
:1082600038B50D4B0D4ADB680446DA612368A27B02
:108270009B6862B10A4D236820469B684FF47A716F
:1082800098472B68586903681B699847F3E742F2DF
:10829000107120469847E9E7209300208FEA0308F1
:1082A0000826002013B504460121E03007F01CF831
:1082B00004F1EC00012107F017F8154B0094B522EA
:1082C0004FF4FE61134807F0DDF8134BC4F8C80003
:1082D0000094B5224FF47C71104807F0D3F8104B8E
:1082E000C4F8CC0000943A224FF41F610D4807F007
:1082F000C9F80D4BC4F8D40000943B224FF4BE6182
:108300000A4807F0BFF8C4F8D80002B010BD00BF9B
:10831000D1870208F88100203982020818780020ED
:1083200065880208286E002061820208087C00200F
:1083300070B5437D04460D464BB903681B6C9847E6
:1083400028B1B620FBF72EFB40F20113A38223686D
:10835000294620469B68BDE87040184708B5FBF7E2
:10836000B7FB034BDB681B1A5842584108BD00BFDE
:10837000209300202DE9F04704460D46FBF74AFF05
:10838000DFF8689006460F46FBF744FF801B4FF06E
:10839000000361EB07014FF47A72E8F7A7FCA842EB
:1083A00071F1000320D223684FF47A719B68204654
:1083B0009847A388AB42E7D8236820461B6C9847B0
:1083C0000028E1D0D9F80080D8F82C30FC2293F9AD
:1083D0004CA083F84C2023682046DB6C9847D8F8E3
:1083E0002C3083F84CA0CFE7BDE8F08708260020AA
:1083F00008B5302282F311888368002B01DC06F077
:1084000099FF06F065FF002383F3118808BD000083
:10841000F7B5044600F1E0066D46304685E80600F3
:1084200006F07EFF94F87C30DDE90007224604EB7D
:10843000C30C62450DD0D16B814208D1116CB94299
:1084400005D1304603B0BDE8F040FFF7D1BF083298
:10845000EFE7072B0AD895E8030004EBC3023C3290
:10846000013382E8030084F87C30EAE7034B0449D7
:108470001B68986903681B689847E2E70826002094
:10848000C4F7030808B50E4B1B68586A0368DB6C19
:108490000C4698470B4B0C48002C08BF184607F0B9
:1084A00043FE72B6BFF34F8F0849094BCA6802F406
:1084B000E0621343CB60BFF34F8F00BFFDE700BF07
:1084C00008260020020007B0010007B000ED00E020
:1084D0000400FA0510B5836904461BB9BDE81040D5
:1084E00007F0DABCFBF78EFEA369C01AE369984275
:1084F000F4D8012010BD000008B5437B13B1034838
:10850000FBF754FE0123437308BD00BFDCF70308EB
:1085100006F04CBF084606F053BF000029B10A29F7
:1085200038BF0A21084607F03BB8704710B503680A
:108530001B6C0446984740B1637D33B100236375DB
:10854000B420BDE81040FBF72DBA10BDF7B50446C6
:1085500000F1EC066D46304685E8060006F0E0FEC8
:1085600094F8C030DDE90007224604EBC30C6245F5
:108570000FD0D2F88010814209D1D2F88410B942CC
:1085800005D1304603B0BDE8F040FFF731BF0832F7
:10859000EDE7072B0BD895E8030003F1100204EB7D
:1085A000C202013382E8030084F8C030E9E7044BDB
:1085B00004491B68986903681B689847E1E700BF96
:1085C000082600201CF8030810B50A4B044640F8A2
:1085D000243BFAF7C3FF4022002104F13C0009F0DC
:1085E000F9FF4022002104F1800009F0F3FF20464A
:1085F00010BD00BF48F8030810B50B4C104600230F
:1086000014F813208A4209D104EB4303FF225B785C
:1086100002211844ECF7EAFEC0B210BD01330E2B64
:10862000EED13A20F9E700BF9CF80308F0B585B019
:10863000074602AD082085E806001E4607F03EFC0E
:108640000446D8B195E803009DF9302084E8030082
:108650009DF82C103846FFF7CFFF0A9D094B009478
:1086600005F2F7150246314625F0070007F080FCB9
:10867000054628B9204607F069FC284605B0F0BD3C
:108680000120FBE7B988020810B5044607F04CFE4C
:10869000FBF7B8FDC4F8C40010BD000037B503688F
:1086A0001B6C04460D46984788B12046FFF7ECFF47
:1086B00040F2FD2204F1240101A8EBF78BFE6DB915
:1086C000236A33B90023A36101A8EBF79FFE03B02F
:1086D00030BD013B2362002BF6D1F3E7FBF792FD9F
:1086E000A36943B1E269C11A8A4204D913441B1A2F
:1086F0009D4238BF1D46236AC4E906050133236243
:10870000236820469B699847DEE7000013B503689D
:1087100001911B6C0446984730B10199204602B084
:10872000BDE81040FFF7BABF02B010BD10B5114848
:1087300007F04EFD3F2807D8F4F7D0FC4FF6FF7244
:108740004FF40001F4F7B6FC06F0C8FC044678B11B
:10875000006A07F03DFD3F2806D8F4F7BFFC228FE2
:108760004FF40001F4F7A6FC204606F0C7FCEDE745
:1087700010BD00BF00010020D0E900031847000031
:10878000F8B590F87D30044603F0FF05F3B90123F6
:1087900000F1E00680F87D30304606F0C1FD30463D
:1087A00094F87C70FFF724FE04F13C06AF4207DD2D
:1087B000736813B13046FFF7DFFF01350836F5E780
:1087C000236903B19847002384F87D30F8BD000089
:1087D00010B5104B104ADB680446DA612368A27BAF
:1087E0009B6822B94FF47A7120469847F6E72368D0
:1087F0004FF47A719B68204698472046FFF7C0FFE8
:10880000236820465B6998470028F0D02046FFF790
:108810003BFFECE72093002034F80308F8B590F80C
:10882000C130044603F0FF05DBB9012300F1EC067B
:1088300080F8C130304606F073FD304694F8C070C1
:10884000FFF7D6FD04F18006AF4207DD736813B170
:108850003046FFF791FF01350836F5E7002384F82D
:10886000C130F8BD70B5124B124ADB680446DA61BC
:108870002368A27B9B6822B94FF47A7120469847FF
:10888000F6E7002623684FF47A719B6820469847E4
:108890002046FFF7C3FFFBF7B5FC831BB3F57A7FD8
:1088A0000546EFD92046FFF741FF2E46EAE700BF15
:1088B000209300203CF8030810B50446FFF75CFF46
:1088C0002046BDE8104007F041BB000090F80901C8
:1088D0007047000043695B7923B9806B0A23B0FBC2
:1088E000F3F070474FF4483070470000806B7047DA
:1088F000037E03B1437E184670470000D0F818018C
:1089000070470000D0F81C017047000090F8ED207F
:10891000034602F0FF0012B193F8EC00C0B27047BA
:10892000F8B590F80831876B1F330C4600EBC30194
:1089300050F833504E6877B143695B795BB903688F
:108940005B6998472044054BB3FBF7F35843281A5B
:10895000054666F1000628463146F8BD8096980027
:10896000B0F82C017047000008B58430EBF776FFB3
:10897000003818BF012008BD13B540F28522044617
:1089800000F1D4016846EBF725FD40F2862204F1A0
:10899000BC0101A8EBF71EFD002384F8EC3084F83D
:1089A000ED3063695A7918689AB105F0B7FD002176
:1089B00004F17000EBF70CFF002104F18400EBF7E9
:1089C00007FF01A8EBF722FD6846EBF71FFD02B099
:1089D00010BD05F0BBFCEAE708B580F84811C06A95
:1089E000082106F085FA012008BD00004369587986
:1089F00018B193F8280007F077B8704743695879A1
:108A000018B193F8280007F077B8704790F8ED2078
:108A1000034602F0FF001AB103F18400EBF738BF00
:108A2000704700002DE9F843174604460D46FBF752
:108A3000E9FBDFF85C90064600EB07082368204658
:108A40005B699847A84218D24FF4806006F024FA78
:108A5000D9F80C30A4F858506365FBF7D3FB821BA0
:108A6000BA420AD2A8EB00034FF47A71A3FB0113B8
:108A70004FF4806006F05CFAE0E7236820465B690B
:108A8000984785428CBF00200120BDE8F88300BFD5
:108A90002093002038B50446302383F311880B0758
:108AA00007D5F4F71BFB40F237324FF00061F4F7C3
:108AB00001FBD4F8B8301A68136823F01F03136061
:108AC000D4F8B82011680D6815F00105FBD1516884
:108AD000527A3D2393400B60FBF78EFB0221C4F8D2
:108AE0000C01E06A06F0EEF985F3118838BD00004C
:108AF00070B543695A790446002A46D11D68436A15
:108B0000002B08BF0021036880F80911DB6A984731
:108B100000283AD094F80931032B36D8DFE803F067
:108B20000239366A606A88B1012600F00F013246C8
:108B300006FA01F120F00F0003F09CFF636A23F0B6
:108B40000F0203F00F039E40B6B25683012384F850
:108B50000A31302383F31188D5F854325A6912F45C
:108B6000407F0FD0DA6822F40052DA60D5F8542240
:108B7000536923F440735361D5F85422D36843F406
:108B80000053D360002383F3118870BD0023C4E930
:108B90004333606A012600F00F01324606FA01F104
:108BA00020F00F0003F066FF636A23F00F0203F06A
:108BB0000F0306FA03F39BB2538384F80A61302350
:108BC00083F31188D5F854325A6902F44072B2F531
:108BD000007FD7D0DA6822F40052DA60D5F8542248
:108BE000536943F400735361D5F85422536923F455
:108BF0008073C0E723682046DB6BBDE8704000212E
:108C00001847000010B50446006A40B100F00F0399
:108C100001210022994020F00F0003F02BFFE069B2
:108C200050B100F00F030121BDE81040002299402F
:108C300020F00F0003F01EBF10BD000038B54369DF
:108C40005A7904460D46002A39D10173186805F097
:108C50007DFB012D34D0022D37D02DB9B4F8403032
:108C600023F4B053A4F84030636904F13C01186860
:108C700005F05EFB94F8603133B16369186804F560
:108C8000A671043006F0EEF8002D14BF0123002376
:108C900084F8603109D0636918684FF400622023BA
:108CA00004F5A671043006F0C9F8237E3BB1636970
:108CB0001B68D3F85422D36823F02003D36038BD57
:108CC000B4F8403043F4B053CCE7B4F8403023F468
:108CD000007343F4A053C5E72DE9F043044689B07F
:108CE0000E46D0F81811104615469946EBF788FC49
:108CF000D4F81C110746281DEBF782FC63695979EB
:108D00001A79804600292FD01849304602F042F8DF
:108D1000637E002B237E14BF2A222022002B94F88E
:108D200009310793D4F86C310693D4F86831059370
:108D3000D4F86431049314BF2A21202142F2107424
:108D4000009104FB08F30A49B3FBF9F304FB07F5B0
:108D5000039330463B46B5FBF9F5CDE9018502F0BA
:108D600019F809B0BDE8F0830249CEE7B8F8030866
:108D7000C8F80308C0F80308037E82B0C3B1436992
:108D80001B68D3F8542213689BB2ADF80430BDF8C9
:108D90000430DB060CD553689BB2ADF80630BDF845
:108DA0000630D0F8B4301A68136823F0010313605A
:108DB00002B0704790F8EC308BB10A4B026DDB6863
:108DC0009A420CD143695A7932B11B68D3F88C347A
:108DD0001B681B78042B02D17030EBF73FBD0020DD
:108DE000704700BF2093002038B543695A79044684
:108DF0000D46E2B9186805F0A9FA012DD4F824311E
:108E000016D0022D19D0D4F82431A4F84230636969
:108E100004F13C01186805F08BFA237E3BB16369CD
:108E20001B68D3F85422D36823F02003D36038BDE5
:108E300023F40053C4F82431E5E743F40053F9E781
:108E400043695A7912B1186805F0F6BBC06A04216B
:108E500006F04EB8F7B590F8ED3004460E461746CA
:108E600003F0FF05BBB100F19C0140F20D3201A8F7
:108E7000EBF7B0FA3A46314604F18400EBF77EFD99
:108E800094F8483105461BB1E06A042106F030F839
:108E900001A8EBF7BBFA284603B0F0BD70B590F817
:108EA000093105460C46D3B9806AB8B1012600F0F5
:108EB0000F0106FA01F120F00F00324603F0DAFD4F
:108EC000AD6A05F00F0184EA060001F11003984035
:108ED0008C4025F00F050443AC61304670BD002086
:108EE000FCE7000070B590F8093105460C46D3B98F
:108EF000406AB8B1012600F00F0106FA01F120F036
:108F00000F00324603F0B6FD6D6A05F00F0184EAEA
:108F1000060001F1100398408C4025F00F05044332
:108F2000AC61304670BD0020FCE70000164B10B568
:108F30000360164B80F836102C2201FB023343618C
:108F40004FF461430446836300217030EBF724FC47
:108F5000002104F18400EBF71FFC04F19C00FAF7F8
:108F6000FDFA04F1BC00FAF7F9FA04F1D400FAF7BB
:108F7000F5FA002394F8362084F80931044B43F8BD
:108F80002240204610BD00BF78FA030894F9030878
:108F9000E889002013B5094C23686BB90093084990
:108FA000084B3C224FF49E6006F0E2FF20602368ED
:108FB00013B90548FBF7FAF802B010BD148A002077
:108FC00010F90308A599020818F9030830B5C36A17
:108FD00085B004462BBB144B62691B685579D86A6F
:108FE00013790093114A124B04F13001002D08BF90
:108FF000134606220391EBF77BFB94F84831039963
:109000000094002B18BFB5220A4B08BF3C224FF436
:109010004C7006F0ADFFE062E36A13B90648FBF757
:10902000C5F805B030BD00BF0826002043F903088D
:109030003CF903085D9802084BF9030838B5D0F8ED
:10904000B8500446B5B9302383F3118840690A4A01
:10905000407B23460C2103F07DFCC4F8B80085F367
:109060001188D4F8B8301A6863691B68D3F8543291
:109070000433936038BD00BF958A0208FFF7DEBF56
:1090800038B543699D6890F85C3083F0010380F83F
:109090005C3090F85C3018330446402150F82300CF
:1090A00007F08EF894F85C30D4F8B42018331268C6
:1090B00054F82330D360D4F8B4301B6840225A608F
:1090C000D4F8B4306D061A6845F4826545F006059B
:1090D0001560D4F8B4301A68136843F001031360C4
:1090E00038BD000010B53023044683F31188D0F852
:1090F000B80003F085FC0023C4F8B83083F311886E
:1091000010BD0000FFF7EEBF2DE9F74FD0F8F030AB
:1091100004460D4673B3DFF828B25DB394F8091125
:109120002046EBF765FA50B1A36A43B123F00F0272
:1091300003F00F03126922FA03F3DB071AD404F1D8
:109140009C0840F25A32414601A8EBF743F904F17A
:109150008407402D2A46A16E28BF40223846EBF7EF
:1091600073FC1FFA80F98246B9F1000F05D101A8FE
:10917000EBF74CF903B0BDE8F08F3846EBF76EFB28
:10918000854228BF054601A8EBF740F9D4F8F00066
:1091900001F00AFB022005F07FFED4F8F000C27C4B
:1091A000002A00F0BC80A26BB2F5E13F0FD8B4F802
:1091B0006C600336B6B2B6F57A7FA4F86C6006D957
:1091C0000021617603B0BDE8F04F01F0E1B9FA206B
:1091D000584B42431FFA8AF1B2FBF3F2013291423B
:1091E00001D91FFA82F9302282F31188D4F8B8200D
:1091F00011680A6822F01F020A60D4F8B8201168CA
:109200000E6816F00106FBD1507A51683D2282406B
:109210000A60A06E494606F0D5FFD4F8B820A16ECA
:109220001268454BD160D4F8B8201268C2F8049097
:10923000D4F8B82011686269106940F2564242EAD7
:1092400040620A60D4F8B82011680A6842F001024E
:109250000A6009F10201A26B5943B1FBF2F1374AEE
:1092600001F5FA71594588BF114686F3118802202D
:1092700005F05EFE064670BB302282F31188D4F8FA
:10928000B82011680A6822F01F020A60D4F8B820DA
:109290001068016811F00101FBD192F809C0506813
:1092A0003D2202FA0CF20260D4F8B820126853682A
:1092B00099453DD9A9EB03031FFA83F9B9F1000FD2
:1092C00003D0FAF799FFC4F80C01022005F0DAFD8B
:1092D000002282F31188D4F8F000C6F3400101F0B7
:1092E00057F9B9F1000F3FF445AF40F2B6324146AD
:1092F00001A8EBF76FF849463846EBF7E3FAD4F8E4
:1093000014214A44C4F81421D4F818214A44C4F85A
:10931000182101A8A5EB0905EBF778F8FDE6B4F8EC
:109320006C20002A3FF45FAF013AA4F86C205AE7A2
:109330008946CAE740420F0080969800A086010047
:109340009F86010013B5D0F844310446CBB900F52F
:10935000987005F0ABFD1823C4F8443163691868B0
:10936000019004F0F3FFB4F84430019823F00803AF
:1093700004F13C01A4F8443002B0BDE8104004F010
:10938000D7BF02B010BD00002DE9F047044686B0FB
:109390000D4640F2CF3200F19C0101A8EBF71AF81C
:1093A00094F82E3123B1012D02D92046FFF7CAFFD0
:1093B00004F184092A4602A94846EBF71BFB4FF04B
:1093C0000008824602AD4646C2451CDD6369186846
:1093D0000368D5E90012DF690023B847071E12DBD6
:1093E00005D0FAF709FF3E44C4F80C01B6B20835BF
:1093F00039464846EBF766FA55F8043C9F4202D1DD
:1094000008F10108E0E7D4F814313344C4F814310A
:10941000D4F818313344C4F8183101A8EAF7F6FF3C
:1094200006B0BDE8F087000070B504468430EBF765
:1094300015FA0146B8B1637E2046ABB1FFF764FE72
:1094400094F80931022B0ED1D4F810511DB9FAF756
:10945000D3FEC4E94405637E4BB1D4F80C31A3B10B
:10946000012384F8093170BDFFF78EFFE8E76369D7
:109470001B689A6BD4F81431C2F58071994204D2FA
:10948000A3F580731344082BEAD8FAF7B5FED4F895
:109490001031C01A0B4B9842E5D90B4B62691B681F
:1094A0000A4998690A4BD21A0A4B92105A43036828
:1094B000D2B21B68984723682046DB6BBDE870403A
:1094C0000021184720A10700082600206CF9030896
:1094D00094F90308A38B2EBA10B5436A0446E3B18E
:1094E00090F80911EBF784F8B8B104F17000EBF7CC
:1094F000CFF994F80A21D4F8983080B272B198422A
:109500000BD2626A002384F80A3122F00F01012392
:1095100002F00F0293409BB20B8310BD10339842B0
:10952000FBD9626A012322F00F0102F00F0284F8D6
:109530000A3193409BB24B83EFE7000038B50D4BE7
:10954000026DDB689A4204460FD190F8EC3003F0CC
:10955000FF0543B17030EBF76FF994F80A3133B976
:109560002046FFF7B9FF284638BD0025FBE71D461A
:10957000F9E700BF2093002038B50D4B0546DB68A6
:10958000006D984210D195F8EC306BB105F1700088
:10959000EBF776FA044628B195F80A3113B9284654
:1095A000FFF79AFF204601E04FF0FF3038BD00BFC3
:1095B0002093002038B590F808510446FAF72AFEA7
:1095C00085F0010504EBC505C5E93E0194F80831B5
:1095D00083F0010384F8083138BD000070B5037EC4
:1095E0000446002B49D0D0F8B4301B685D6890F871
:1095F0005C601A6822F01F021A60D0F8B430C5F11E
:1096000040051968ADB2F6B20A68D207FCD4597A9F
:109610005A683D238B4013602046FFF731FD7DB132
:1096200018362A4654F8261004F17000EBF7A6F914
:10963000D4F81C312B44C4F81C312046FFF7BAFF84
:10964000636D93B104F17000EBF708F9B4F858308A
:1096500098420AD3302383F311884FF48061606D00
:1096600005F030FC002383F3118894F80A3123B10C
:109670002046BDE87040FFF72FBF70BD2DE9FF47C2
:1096800000F1700804464046EBF702F969460246CD
:109690004046EBF731F96D468146002704F5A67A7E
:1096A000B9452ADD636918680368D5E900121E6AA6
:1096B0000023B047061E20DB94F860313BB15046D2
:1096C00005F0F4FB10F0200F18BF4FF0FF36D4F870
:1096D00044315BB931464046EBF736F9D4F81C31DA
:1096E0003344C4F81C312046FFF764FF6B68B34273
:1096F00005F1080501D80137D2E704B0BDE8F087CD
:109700001FB590F8ED300446002B62D0D0F84431FC
:1097100023B300F1BC014FF4A46203A8EAF75AFE98
:1097200004F5987005F0C2FBD4F8443123EA000038
:10973000C4F8440178B963691868019004F006FE22
:10974000B4F84430019843F00803A4F8443004F11D
:109750003C0104F0EDFD03A8EAF758FE63695A796D
:109760005AB11B68D3F88C341B681B78042B30D19A
:10977000194B1B68DB6901221A7194F82E31DBB199
:1097800040F23E5204F1D40103A8EAF723FE20463A
:10979000FFF774FF636D63B104F17000EBF75EF8DF
:1097A000B4F85830984204D3606D4FF4806105F0EE
:1097B0009FFB03A8EAF72AFE40F2465204F1BC01DF
:1097C00003A8EAF707FE2046FFF72EFE03A8EAF7F4
:1097D0001DFE04B010BD00BF08260020F8B51E4DC8
:1097E0000446E36A3BB92B68986A03684FF47A71C0
:1097F0009B689847F5E700264FF47A7141F20C0018
:1098000005F096FB0546FAF7F7FC831BB3F57A7F64
:109810002ABF06460027012729070AD594F84831B0
:10982000C3B1236D986B0130B52828BFB52005F072
:109830009FFE94F8ED30002BDED06A0706D42FB9D6
:10984000D4F84431002BD7D0EB04D5D52046FFF710
:1098500057FFD1E73C20EAE70826002008B5FFF7CC
:10986000BDFF000037B590F8EC300446002B79D0EE
:1098700090F82E31002B75D100F1D40140F25D42F9
:1098800001A8EAF7A7FD63695B79C3B904F5B8706D
:1098900005F00CFB430642BFD4F864310133C4F831
:1098A0006431C50542BFD4F868310133C4F868316A
:1098B000000642BFD4F86C310133C4F86C31237E0A
:1098C000002B42D0D4F8B430002B3ED0302383F3A9
:1098D0001188D4F8B4301B681A68D10732D45D6897
:1098E000C5F1400515F0FF0517D094F85C3018332A
:1098F0002A4654F8231004F17000EBF73FF8D4F82F
:109900001C312B44C4F81C312046FFF753FE94F859
:109910000A3113B12046FFF7DFFDD4F8B4301A68DE
:10992000136823F01F031360D4F8B43019680A6871
:10993000D207FCD4597A5A683D238B4013602046E5
:10994000FFF79EFB002383F3118863695A7982B184
:109950001B68D3F88C341B681B78042B04D001A837
:10996000EAF754FD03B030BD0D4B1B68DB690122E3
:109970001A71237E13B92046FFF780FE636D002B1A
:10998000EDD004F17000EAF769FFB4F8583098425E
:10999000E5D3606D4FF4806105F0AAFADFE700BF00
:1099A00008260020104B70B5104C1D68A86A22686C
:1099B00003689B681AB94FF47A719847F6E7A86A6A
:1099C0000B4E03684FF47A719B6898470B2456F846
:1099D000040B20B190F8EC300BB1FFF743FF013CD2
:1099E00014F0FF04F3D1EAE708260020148A0020CF
:1099F000E889002038B50446C8060D4604D5206A1B
:109A000010B1022106F0CCFB690604D5E06910B163
:109A1000022106F0C5FBAA0604D5206A10B1012177
:109A200006F0BEFB2B0606D5E06920B1BDE8384044
:109A3000012106F0B5BB38BD2DE9F04743695D79DA
:109A400004460E462DB1B1FA81F56D092846BDE8F0
:109A5000F087A0F82C11D3F800809869D8F8542228
:109A6000D2F810A05769D268294602F400591A7931
:109A700001F07CF8636920621A795869012101F0CC
:109A800075F86369E0611A79D869042101F06EF80C
:109A9000636960621A79186A042101F067F8236823
:109AA000A062DB6B94F8091120469847636916F0B1
:109AB000010F93F9241000F0868000290CDB5A4A2C
:109AC0001268D0690268C9B2156993F82520A847C1
:109AD000206A002873D101256269B00792F9261027
:109AE00040F185800029C0F296804F4B92F82720E4
:109AF0001B68D8690368C9B21B699847E06910B14F
:109B0000022106F04DFB16F0080F18BF0025710763
:109B1000D4F8283140F1818043F00803C4F828319B
:109B200094F82E3147F0080763B9636918684FF459
:109B30008052182304F59871043005F07FF9012351
:109B400084F82E31237E93B1D4F8B4307BB11A68F7
:109B5000136823F01F031360D4F8B43019680A683F
:109B6000D207FCD4597A5A683D238B4013600023F6
:109B7000238331462046FFF73DFFD8F854321A6957
:109B8000524503D15A69BA423FF460AFB9F1000FB0
:109B900003D0DA6822F40052DA60D8F85432C3F8FD
:109BA00010A0D8F854325F61B9F1000F3FF44EAF06
:109BB000D8F85422D36843F40053D36046E7022117
:109BC00006F0EEFA87E7002985DB174A1268D069AC
:109BD00093F825200368B2FA82F21B695209C9B2D0
:109BE0009847206A00283FF476AF0121E8E7002972
:109BF00089DB0D4B92F827201B68D8690368B2FAFD
:109C000082F21B695209C9B29847E06900283FF403
:109C10007AAF012175E7002575E723F0080327F0E7
:109C20000807C4F82831A4E70826002010B5124B15
:109C30001A7802BB114C124801221A7004F028FC59
:109C400021460F4804F050FC2468E26ED2F8043834
:109C500043F00203C2F8043840F2DC5005F0A0FCE7
:109C60000849204604F078FDE26ED2F8043823F06B
:109C70000203C2F8043810BD188A0020AC000408A2
:109C8000DC950020B40004082DE9F04104468AB0B8
:109C900090461F460E4671B957EA02030BD190F861
:109CA000ED3043B190F8EC302BB1864BDB680365A7
:109CB0000AB0BDE8F081FFF76DF963691A68002A00
:109CC000F6D05B794FF4C870B6FBF0F0B0F5007FCA
:109CD00038BF4FF40070002B0CBF4FF400734FF4EB
:109CE000806385B29F4238BF1F464FF49572454549
:109CF00004F1D40104A838BF4546EAF76BFB636F53
:109D00009D4207D0002384F8EC30294604F170000E
:109D1000EAF782FD636F1B09C4F898306EB1A36B3C
:109D2000B34261D0684B1B689B69A663A3425BD0BA
:109D300004F17000EAF780FD012694F82E31EBB9AA
:109D4000B4F82C31DD0519D4226E52B963699B79C0
:109D50003BB15D4B1B68D86A036840219B6C9847F8
:109D60002066626E52B963699B793BB1564B1B68A2
:109D7000D86A036840219B6C98476066A36E7BB9E4
:109D800063691B7B63B1B4F82C2112F4007207D114
:109D90004D4B1B68D86A036840219B6C9847A066AE
:109DA00094F82E3113B300232383B4F82C31D80553
:109DB00044BF002222769905B4F86C2044BF0023EA
:109DC0006376B2F57A7FA36B1DD9B3F5E13F1DD859
:109DD0000023637663691A7BC2B1587B00F0A6FB4F
:109DE000A0B10023637611E00026A6E7226E1AB127
:109DF000636E003B18BF01232376A36E003B18BFA0
:109E000001236376D1E7B3F5E13FE3D94FF4B772AD
:109E100004F1BC0105A8EAF7DDFAD4F888309F42C6
:109E200007D0002384F8ED30394604F18400EAF7C6
:109E3000F3FC1EB104F18400EAF7FEFC63695A7971
:109E4000002A45D094F8EE2042B91A681F4B9A4276
:109E500001D1FFF7EBFE012384F8EE30D4F888300F
:109E600013B1012384F8ED30636F13B1012384F83B
:109E7000EC30144BDB6823652046FFF7A7F8236816
:109E800094F80911DB6B2046984794F836300BB9EB
:109E900094F8ED3094F884316BB9636918684FF425
:109EA00000524FF4E07304F5B871043004F0C6FFBB
:109EB000012384F8843105A8EAF7A8FA04A8EAF790
:109EC000A5FAF5E62093002008260020DC95002066
:109ED000A36B002BC2D094F8EE6094F8EE30F6B28B
:109EE00003F0FF05DBB9237EB3B1302383F3118880
:109EF0006069444AC07923460C2102F02BFDC4F866
:109F0000B40085F31188D4F8B4301A6863691B680B
:109F1000D3F8543204339360012384F8EE30637E27
:109F20000BB3D4F8F030F3B9374B0694CDE90734CE
:109F30001420364B0993EAF7B9F8054678B10AAA16
:109F400012E9030063695F7B01AB83E80300079BB1
:109F50000093FF22069B3946284600F0C7FAC4F852
:109F6000F05005B96576A36BE363217ED4F8243104
:109F7000B4F82021A4F84230B4F82831A4F84020E5
:109F8000A4F8443039B142F0100243F04003A4F881
:109F90004020A4F84430637E2BB1B4F8443043F041
:109FA0008003A4F844301A4BC4E91234636904F105
:109FB0003C01186804F0BCF9237E002B3FF44EAF3F
:109FC00063691B68D3F85422D36823F02003D3605D
:109FD000002E7FF443AFD4F8B4301A68136823F02E
:109FE0001F031360D4F8B43019680A68D207FCD490
:109FF000597A5A683D238B4013602046FFF740F89A
:10A000002CE700BFDD9502087D900208059102084B
:10A01000798D0208004870471CFB03080020704738
:10A02000014B002019707047198A0020704700000A
:10A03000002070477047000005F08CBF084609B14A
:10A0400005F084BF7047000008B5134612780C2A4B
:10A05000A8BF0C2208461A70024908F071FA0120C4
:10A0600008BD00BF107AFF1F1046194605F0FCBF5F
:10A0700006F00CB82DE9F34742F6F8216846EAF7F6
:10A080008FF94F4801A9F3F765F8044660B94C4AC7
:10A090004C490620E8F768FB03246846EAF78CF988
:10A0A000204602B0BDE8F087019B1F3323F01F0359
:10A0B0000193454B1D68686B036800211B68984736
:10A0C000019A07460146204608F02AFA40B93F495E
:10A0D0000620E8F749FB2046F3F77EF80124DCE789
:10A0E0003B490620E8F740FB0026B046019B43456C
:10A0F00022D9686B03685FFA86F95B68494698471E
:10A10000824620B92046F3F767F80224C5E7A86A1B
:10A1100003684FF47A711B699847686B0368494676
:10A12000DB689847013628B92A494A460620E8F7ED
:10A130001BFBE7E7D044D9E7214A2749DFF8A49081
:10A140003B460620E8F710FB686B036801215B695A
:10A1500098474FF00108A86A03684FF47A711B69A9
:10A160009847686B036822461E69019B3946B047D1
:10A170000646B8B942460A2349460620E8F7F4FAEB
:10A18000A86A036864215B6808F101089847B8F180
:10A190000B0FE0D1686B036831465B6998470F4944
:10A1A0000A22C3E70E490620E8F7DEFA686B036867
:10A1B00000215B6998472046F3F70EF800246CE70E
:10A1C000C87D030834FB03080826002047FB03086A
:10A1D0005EFB030867FB030878FB0308B4FB030876
:10A1E000AAFB03088BFB03082DE9F04F214B9DB020
:10A1F0001A7C0F925A7C10929A7C1192DA7C1292FD
:10A200005A7D1F7D13929A7D1492DA7D159293F8F0
:10A2100018B093F819A093F81A9093F81B8016AB16
:10A220000C46054614491722184608F0ABFE139A4F
:10A230000792149A0692159A05920F9A0492109A10
:10A240000392119A0292129A0C4B0897CDE90002E0
:10A250000026CDE90989322221462846CDE90BABFB
:10A260008DF86F60EAF744FA012084F831601DB080
:10A27000BDE8F08F007AFF1FD4FB0308E0FB030862
:10A2800006F072B82DE9F0471B4A1C4CDFF87480C9
:10A29000DFF874A0DFF8749086B010460F4605F022
:10A2A00097FF154A1649A41A03460094384600F051
:10A2B00071FD04F013FF0446D4B1256AE269A36B73
:10A2C00005924545284614BF661BAAEB0806049371
:10A2D00005F07EFFDDE90432CDE901064946384646
:10A2E000009500F057FD204604F008FF0446E3E720
:10A2F00006B0BDE8F08700BF000100200007002085
:10A3000018FC030800070020002300204BFC030872
:10A31000084600F04FB900002DE9F04188B00D4625
:10A3200004A805A905F030FE1549DFF85880064657
:10A33000284600F02FFD00242746E0B286421CD9B3
:10A34000CDE9067710B1049B03EB441007AA06A9D8
:10A3500004F04AFD05990C2262438818D0E90130C7
:10A36000029007980190069800908A589B0A4146EF
:10A37000284600F00FFD0134DFE708B0BDE8F081AA
:10A3800070FC03087BFC03082DE9F34B04460E46E2
:10A39000F9F738FFD4F8CC301549C4F8CC00A0EB5D
:10A3A0000308304600F0F6FC124B134F1B68019374
:10A3B000A4340025019A05F1100352F82390B9F155
:10A3C000000F0DD02A463946304600F0E3FCD9F89C
:10A3D00000302246D3F868B0314643464846D84755
:10A3E0000135052D04F10804E4D102B0BDE8F08B7D
:10A3F000ACFC030808260020B4FC030810B50F4B82
:10A400001C68E36A012283F84F20E06A13210430BC
:10A4100005F0B4FF0A4BDA6ED2F8043843F00203B9
:10A42000C2F804384CF2503005F0BAF8A06A03685C
:10A43000BDE810409B6B0021184700BF0826002094
:10A44000A88D002008460AB905F054BD012A01D1A3
:10A4500005F066BD022AF7D0012005F073BD0000AB
:10A4600070B50C4615462AB9084605F06FFD2E4614
:10A47000304670BD104619B9BDE8704005F01EBDEC
:10A4800005F01CFD06460028F2D054F8042CAA4220
:10A4900028BF2A46214608F053F8204605F056FD0D
:10A4A000E6E7000070B50C4615460026AE4204D221
:10A4B000EAF7A4FFA0530236F8E7EB0704D5EAF762
:10A4C0009DFF2C4404F8010C012070BDEAF7DAB8B6
:10A4D00038B5054D00242846013404F05BFD102CEE
:10A4E00005F12005F7D138BD208A002082B010B5D3
:10A4F000914203934FF00003C0E90033C0E90233F7
:10A5000004460174427484BF02744174DDE903019E
:10A5100084E80300DDE9050104F1080383E8030092
:10A520002046BDE8104002B0704700000020704790
:10A530000F2838B50AD8074B03EB40152846AC68FE
:10A5400004F06AFD14B1AB689C4201D1002038BD13
:10A550000120FCE7208A00200F2938B50446154663
:10A5600010D8094800EB411004F082FD55B1074BAB
:10A570001B683BB1227C02EB420203EB82039A6828
:10A5800001329A6038BD00BF208A00201C8A00205A
:10A5900013B5002304460A4683740191417CFFF7FA
:10A5A000DBFF019A217C204602B0BDE81040FFF796
:10A5B000D3BF00002DE9F04F314E2DED028B3368F3
:10A5C0008BB007461BB9CC20E9F776FD30602D49EA
:10A5D0009FED2D8ADFF8B480384600F0DBFB0025C4
:10A5E0004FF00C09336809FB05F4EAB2195903EB83
:10A5F000040C31B9DCF8041019B9DCF80810002992
:10A6000036D0191991ED007A53F804E0DCF8040013
:10A61000DCF8081007910EEB0001013107EE901AEB
:10A62000B8EE477AF8EE677A27EE087ADCF804A0ED
:10A6300053F804B0C7EE277A02F00703D2080132BC
:10A640000993089217EE900AE5F760FF079B0093C5
:10A65000CDE90401DDE90823CDE901AB41463846E7
:10A6600000F098FB336800221A51336823445A6083
:10A670000135102DB6D10BB0BDEC028BBDE8F08FCB
:10A680001C8A002050FD03080000C84257FD030843
:10A69000D0E900031847000038B50446007C0F28B5
:10A6A0000FD83F4D05EB4013D96951B1A14208D0F5
:10A6B00018461430FFF7ECFF237C05EB431500230D
:10A6C000EB61607C0F280FD8354D05EB4013D9693D
:10A6D00051B1A14208D018461430FFF7D9FF637C6E
:10A6E00005EB43150023EB61227C0F2A04D82C4B89
:10A6F00003EB4213DB693BB1627C0F2A26D8284B5F
:10A7000003EB4213DB690BBB21462046FFF7C0FF7A
:10A71000237C0F2B0BD8224AD4E9020102EB43130E
:10A72000143383E80300237C02EB4312D461637C7F
:10A730000F2B0BD81A4AD4E9020102EB431314334E
:10A7400083E80300637C02EB4312D461154802687E
:10A75000D2B1237C0F2B09D8E57C03EB430399008E
:10A7600002EB83039DB1535801335350637C0F2B8D
:10A770000AD80268E07C03EB4303990002EB8303F1
:10A7800048B15358013353500123A37438BD5A685C
:10A7900001325A60EAE75A6801325A60F4E700BFB2
:10A7A000208A00201C8A002038B50446007CFFF770
:10A7B000BFFE0546607CFFF7BBFE002D08BF0546C7
:10A7C000E5742046BDE83840FFF766BF044B112210
:10A7D0000021013AC3E9051103F12003F9D17047C3
:10A7E000208A00207047000000797047406820F000
:10A7F0000F0300F00F001B6923FA00F000F00100C6
:10A800007047000010B5426801F0010102F00F002E
:10A8100081F0010300F11004A340814022F00F02F7
:10A820001943916110BD0000426822F00F0101231D
:10A83000486902F00F02934043404B6170470000AB
:10A8400000B100477047000010B5044CA07820B15B
:10A850000138C0B2FAF782FC607010BD408C002055
:10A8600040680A4600F00F030121994020F00F00D4
:10A8700002F000B970B50446F9F7BEFC034694B186
:10A88000E56885B1E28A8AB1012A0DD1302383F3CC
:10A890001188606800F00F0120F00F0002F088F9C5
:10A8A000002383F3118870BD013AE2826268A068D8
:10A8B00022F00F0102F00F02096921FA02F2AC4600
:10A8C000217802F00102BDE87040604773B5224C68
:10A8D000E38A012B054604D042F21073E38202B0F2
:10A8E00070BD1E4B1E68237E83B922781C4903204D
:10A8F000E7F73AFFF36A93F89C3073B1F2F7EEFB97
:10A9000040F275224FF00071F2F7D4FBF36A93F82E
:10A910009C3013B101232376E1E7237EFF2B15D171
:10A92000A36813B9E368002BD9D022780D4905201C
:10A93000E7F71AFF2B68627E0092DE6A0A4B2178E5
:10A940000CCB2846B0470028C6D1E3E70133DBB281
:10A95000642B2376C3D9E3E7408C0020082600202F
:10A960008CFD0308A0FD0308488C0020074B1A78D3
:10A97000824208D129B19A781AB15A78002A08BFC0
:10A980000023184670470023FBE700BF408C0020DF
:10A9900008B508460121FFF7E9FF38B1436823F005
:10A9A0000F0203F00F031069D840084008BD0000F3
:10A9B00008B508460121FFF7D9FF40B1436823F0ED
:10A9C0000F0203F00F03506999404140516108BDE7
:10A9D00008B508460121FFF7C9FF003818BF01205C
:10A9E00008BD000010B5084601211446FFF7BEFF60
:10A9F00020B1406805F0A8FB2060012010BD0000D8
:10AA000038B5084601211546FFF7B0FF044638B1B6
:10AA10003DB9037D7BB1437D202B01D0402B0AD172
:10AA200038BD4175406805F08FFB00F00500052832
:10AA300003D1607501E0002363756068627D00F0FA
:10AA40000F030121994020F00F0002F013F8B5FA2E
:10AA500085F252092275E3E738B50846012115460B
:10AA6000FFF784FF044698B14068237D00F00F0291
:10AA7000914020F00F0043B1012D0CBF2022402255
:10AA80006275BDE8384001F0F5BF89B20DB9418368
:10AA900038BD0183FCE7000007B50846012101929B
:10AAA000FFF764FF58B14068019A00F00F03994026
:10AAB00020F00F0003B05DF804EB01F0DBBF03B042
:10AAC0005DF804FB084610B50121C0B2FFF74EFF48
:10AAD000044638B10820E9F7E9FA18B16368024A78
:10AAE000C0E9002310BD00BFE8FD0308054B18783E
:10AAF000884205D1987820B1013810700120704744
:10AB000000207047408C002008B5302383F3118863
:10AB100008B103691BB9002383F3118808BD002124
:10AB2000103004F057FDF6E707B50A4B084611460A
:10AB30001A7E62B1024608481B7800680093C06A1A
:10AB4000064BE9F7D5FD002003B05DF804FB0120BA
:10AB5000FAE700BF408C002008260020C0FD030853
:10AB6000014B0360704700BF00FE03087047000000
:10AB70002DE9F8431C469DF82030013BDBB2022B47
:10AB80000E4690461CD8134AD55C134B06F00F07AF
:10AB900053F83730BBB1D4B9254626F00F093946F2
:10ABA000484602F005F822464146304603F0F2F9E5
:10ABB00048462A46394601F0C9FF0120BDE8F8831E
:10ABC0002CB92546E1E7002C08BF0025E5E7002069
:10ABD000F4E700BFDCFD0308E08C00202DE9F34121
:10ABE00007460846012190461C46FFF7BFFE054672
:10ABF00040B1302383F31188066936B1002181F317
:10AC00001188084602B0BDE8F081CDF800804168A7
:10AC1000114A03463846FFF7ABFF10B980F311889D
:10AC2000F0E747F230520A212046EAF7D7FB014607
:10AC300005F1100004F0C0FCCDF8008069680446FE
:10AC4000334632463846FFF793FF86F31188B4FA4D
:10AC500084F04009D6E700BF09AB020813B53024E1
:10AC600084F311889DF810400094FFF781FF0023C2
:10AC700083F3118802B010BD07B5002A0093134674
:10AC8000034A08BF0022FFF7E9FF03B05DF804FBA9
:10AC900041A8020873B506460846002101921D46E8
:10ACA000FFF764FE58B10176C182019A416845768A
:10ACB0002B46304602B0BDE87040FFF7DDBF02B062
:10ACC00070BD0000F0B585B0064602AD0846002113
:10ACD00085E80C00FFF74AFE9DF82870044618B975
:10ACE0000023184605B0F0BD039A0176C1820346E1
:10ACF000416809480097002A18BF02463046FFF70E
:10AD0000ADFF03460028EBD095E8030004F10802EC
:10AD100082E803006776E4E775A8020808B5064BE9
:10AD20001C220021184607F055FC4FF4A372028044
:10AD3000024A426008BD00BF408C0020010402406E
:10AD400070B5467B05460EBB4468836804EB8404FB
:10AD5000A40804F50074E21A914288BFCC180C4B89
:10AD600029681B68D86A0368621C1B6D984718B96C
:10AD700001232B73304670BDAB68C5E90004E21AAD
:10AD80000021184407F026FC0126F3E70026F1E72E
:10AD9000082600200EB470B5017B85B0044619BBAF
:10ADA000D0E901239A421BD0134B1E680AADD4E9A7
:10ADB000012120680095521A099B03950144F06A0D
:10ADC000E9F776FC00280FDBD4E90123D21A82428E
:10ADD0000FD8411C2046FFF7B3FF0028E7D103E05E
:10ADE000FFF7AEFF0028DFD105B0BDE8704003B02B
:10ADF00070471844A060F7E70826002070B5037B71
:10AE000004460E4615460BB1002070BDD0E9013254
:10AE10009B1AAB4205D356B9A2682A44A26001200E
:10AE2000F3E72946FFF78CFF0028F4D1ECE7206810
:10AE3000A3682A463146184407F082FBECE700007D
:10AE400010B5437B044613B9006805F07FF820462F
:10AE500010BD0000F8B5044600680F4616461D46B2
:10AE600008B105F073F84FF48073C4E90076A5606B
:10AE7000A381F8BD08B52DED048BB0EE609AF0EE1D
:10AE8000408AFAF731F8B0EE408A89EE280A06F0D7
:10AE9000BFF8DFED0B7A20EE270A06F051F8DFED60
:10AEA000097A38EE278ADFED087A28EE278AF7EE4E
:10AEB000007A37EEC00A28EE000ABDEC048B08BD0C
:10AEC00041D3423E33938843A1D8194338B52DED81
:10AED000088BDFED21AA9FED21AA9FED21BA05463F
:10AEE000B0EE409AF0EE609AB0EE408A1524013C34
:10AEF000A4B25CB3F0EE490A2846B0EE480AFFF768
:10AF0000B9FFF0EE490A70EE698A284638EE2A0A3F
:10AF1000FFF7B0FFB0EEE87A70EE697AB4EECA7A65
:10AF2000F1EE10FA77EEE87A10D468EEAA8A40F2D1
:10AF3000631088EEA70AB0EE4B1A38EE400AF0EE26
:10AF40004A0AEAF71DFAB0EE408AD0E7B0EE480AA6
:10AF5000BDEC088B38BD00BFCDCCCC3D0AD7233C1F
:10AF6000002474492DE9F7432C4E0546071DF9F7D7
:10AF700051F92C6A80468946FCB1D4E904239045F6
:10AF800079EB030317D3D4E90412884579EB020364
:10AF900006D3E3685B1842F10002C4E90432F2E729
:10AFA0004622394601A8E9F715FAD4E90103984782
:10AFB00001A8E9F72BFA2468DEE7F9F72BF92A6AEA
:10AFC000234692B154EA0308D2E904EC03D0A64523
:10AFD0007CEB030807D2704571EB0C0804460B4666
:10AFE0003CBF744663461268EBE7844273EB010290
:10AFF0004CF250320AD3241A63EB0103944273F1EA
:10B00000000303D2642C224638BF64223368986A56
:10B01000036891B29B689847A9E700BF0826002003
:10B0200038B504460D460430F8F798FA04F13400B8
:10B0300084F8245000220A2105F0D4F804F13800E5
:10B0400000220A2105F0CEF8204638BD2DE9FF4147
:10B0500002AF87E80C0090F82C30DDF82880054618
:10B060000E464BBB012380F82C30C0F830800720FF
:10B0700004F024FF0446A0B398F8083003F0070258
:10B08000012A10D0022A14D0184B95F824200095DC
:10B0900021464FF49E6004F06BFFA86260B914482B
:10B0A0002146F9F783F8134ADB080721F8F76CFA11
:10B0B000EAE7114ADB08F8E71820E8F7F7FF04464B
:10B0C00078B1031D97E8030083E80300E660F9F711
:10B0D000A1F8301841F10001C4E904012B6A236092
:10B0E0002C62204604B0BDE8F08100BF65AF0208C5
:10B0F00050FE030844FE03084AFE030838B5094B16
:10B100001446DB68826A9A420D4609D1CC60F9F791
:10B1100081F8201841F10001C5E90401012038BD82
:10B120000020FCE720930020F8B51E461B6805466A
:10B130000C4617461BB9236863B9012408E0BDF823
:10B140001820806B314605F065F80028F3D1002403
:10B150002046F8BD2146686B3A4605F095F804464E
:10B160000028EAD13368002BF1D0A86B05F0C4F8B1
:10B17000EEE7000038B50D46114604461A4611B1F7
:10B18000806B05F073F82DB1606B2946BDE838403F
:10B1900005F0AAB838BD00002DE9F041456A15B99F
:10B1A0004162BDE8F0818B6823F06047C3F38A46B3
:10B1B0004FEAD37EC3F3807816EA230638BF3E46B3
:10B1C000AC462B469A68BEEBD27F22F060440AD090
:10B1D000002A18DAA40CB44217D19D420FD10D6099
:10B1E000DEE71346EEE7A74207D102F08044C2F340
:10B1F000807242450BD054B1EFE708D2EDE7CCF8AE
:10B2000000100B60CDE7B44201D0B442E5D81A6813
:10B210009C46002AE5D11960C3E700002DE9F047FC
:10B22000089D01F007044FEAD508224405F0070500
:10B2300000EBD1004FF47F49944201D1BDE8F08783
:10B2400004F0070705F0070A57453E4638BF564643
:10B25000C6F10806111B8E4228BF0E46E10808EB16
:10B26000D50E415C13F80EC0B94029FA06F721FA51
:10B270000AF1FFB28CEA010147FA0AF739408CEA79
:10B28000010C03F80EC034443544D5E780EA0120B0
:10B29000082341F2210201B24000002980B203F1EB
:10B2A000FF33B8BF504013F0FF03F4D170470000E4
:10B2B00038B50C468D18A54200D138BD14F8011BD5
:10B2C000FFF7E4FFF7E7000042684AB11368436004
:10B2D0004389818901339BB29942438138BF83817D
:10B2E0001046704770B588B0202204460D46684667
:10B2F000002107F06FF920460495FFF7E5FF0246AD
:10B3000058B16B46054608AE1C4603CCB4422860D3
:10B310006960234605F10805F6D1104608B070BDF6
:10B32000082817D909280CD00A280CD00B280CD0D3
:10B330000C280CD00D280CD00E2814BF4020302033
:10B3400070470C2070471020704714207047182059
:10B350007047202070470000082817D90C280CD906
:10B3600010280CD914280CD918280CD920280CD94D
:10B3700030288CBF0F200E207047092070470A200C
:10B3800070470B2070470C2070470D20704700005D
:10B390002DE9F843078C072F04461ED9D0E90298FF
:10B3A00000254FF6FF73C5F12006A5F1200029FA0C
:10B3B00005F108FA06F628FA00F031430143C9B254
:10B3C0001846FFF763FF0835402D0346EBD1E169CE
:10B3D0003A46BDE8F843FFF76BBF4FF6FF70BDE894
:10B3E000F883000010B54B6823B9CA8A63F30902D9
:10B3F000CA8210BD04691A681C600361C38A013BDC
:10B40000C3824A60EFE700002DE9F84F1D46CB8A62
:10B410000F46C3F309010D29814692460B4630D0F1
:10B420000020AAB207F11A049EB20C2E1FFA80F86F
:10B430000FD8904503F1010306D3FB8A0A4462F357
:10B440000903FB8201201AE01AF80060E65401307B
:10B45000EAE79045F1D2A1F10D0B24237C68BBFBF8
:10B46000F3F203FB12BB1FFA8BF6002C46D14846C1
:10B47000FFF72AFF044638B978606FF00200BDE894
:10B48000F88F4FF00008E6E7002606607860ADB25E
:10B490004FF0000B454510D90AEB0803221D13F8A5
:10B4A000011B9155B1B208F1010823291FFA88F850
:10B4B0002CD0454506F10106F1D8FB8AC3F30902F9
:10B4C000154465F30903BCE7013292B21C462368B8
:10B4D000002BF9D1A5F10D030B442421B3FBF1F3AB
:10B4E00001339BB29A42D2D2BBF1000FCFD1484672
:10B4F000FFF7EAFE20B9C4F800B0BEE70122E6E794
:10B50000C0F800B05E4620600446C0E74545D4D987
:10B510004846FFF7D9FE08B92060AEE7C0F800B092
:10B52000002620600446B5E72DE9F04F2DED028B93
:10B530001C4683B05B69019207468846002B00F0E9
:10B54000B280238C2BB1E269002A00F0AC80072B7B
:10B550003AD807F10C00FFF7B7FE054638B96FF08F
:10B560000206304603B0BDEC028BBDE8F08F282206
:10B57000002107F02FF8228CE16905F1180006F090
:10B58000DFFF208C013080B2FFF7E6FEFFF7C8FE38
:10B59000013880B22084013085F820006369228C54
:10B5A0001B782A4403F01F0363F03F0348F0004177
:10B5B0001376A960D4E90A232946C5E9042338464D
:10B5C000FFF7EAFD0126CCE702339BB20722C18ACE
:10B5D0000633B3FBF2F3828A521A9BB292B29342C1
:10B5E000BDD800F10C034FF0000908EE103A4FF0FF
:10B5F000800ACB464E4618EE100AFFF765FE054658
:10B600000028ACD02822002106F0E4FFBBF1000F97
:10B610003CD1019B2B83022205F1180E1FFA82FCFC
:10B620000CF10100BCF1060F218C80B201D88B45D2
:10B630002ED3FFF791FEFFF773FE6269127801388F
:10B6400002F01F028B4508BF4FF0400A42EA491240
:10B6500015FA80F14AEA020A013048F0004281F806
:10B6600018A0AA6085F82000D4E90A01C5E9040100
:10B6700029463846FFF790FD228C01365A4536B2EE
:10B6800089F001094FF0000AB5D16AE70022C3E74B
:10B69000E1690BF1010311F80B100EF802101FFA0B
:10B6A00083FB0132BAE76FF001065AE7F8B5154699
:10B6B0000E463022002104461F4606F08BFFB5F5EA
:10B6C000201F069B636038BF2822079BA76028BF06
:10B6D0004FF6FF72A36238BFB5FBF2F2E66197B294
:10B6E00004F1100000239A4206D800230360A782C9
:10B6F000E3822383E360F8BD0660013330462836D9
:10B70000F1E7000003781BB94BB2002BC8BF0170F2
:10B710007047000000787047F8B50C46C9690746C5
:10B7200011B9238C002B37D1257E1F2D34D83878C2
:10B7300028BB228C072A2CD8268A36F003032BD16B
:10B740004FF6FF70FFF7B4FD20F001003102400416
:10B7500041EA0561400C41EA40254FF6FF7223465D
:10B7600029463846FFF7E0FE002807DD62691378B6
:10B770000133DBB21F2B88BF00231370F8BD218A71
:10B780002D0645EA012505432046FFF701FE024646
:10B79000E5E76FF00300F1E76FF00100EEE700006E
:10B7A0002DE9F041D36905460C4616460BB9138CBA
:10B7B0005BBB377E1F2F28D895F80080B8F1000FAB
:10B7C00026D03046FFF7E4FD3378210241EAC33149
:10B7D00041EA0801338A41EA076141EA034102462E
:10B7E000334641F080012846FFF79EFE00280ADD1F
:10B7F0003378012B07D1726913780133DBB21F2B29
:10B8000088BF00231370BDE8F0816FF00100FAE7F4
:10B810006FF00300F7E70000406A00B1083070479E
:10B82000436A1A68426202691A600361C38A013B73
:10B83000C38270472DE9F041D0F820802A4E14468B
:10B840001D464146002721B9416A0B4661BBBDE850
:10B85000F081D1E90232E31A65EB02029E4277EBF6
:10B8600002031ED2036A8B420DD1FFF7BBFD036AB0
:10B870001B68036203690B60C38A0161016A013BB3
:10B88000C3828846DFE7FFF7ADFD0B68C8F80030DC
:10B8900003690B60C38A0161013BC382D8F80010C1
:10B8A000D1E788460968CEE7D1E90476A742AE41E0
:10B8B0000A680BD2466A8E420BD1036942620B6062
:10B8C000C38A0161416A013BC3820A460B461146A5
:10B8D000BCE71A6002690A60C28A0161013AC28249
:10B8E0001A681946F2E700BF80841E002DE9F04F68
:10B8F0008BB00D46DDF8509014469B4680460028DC
:10B9000000F01B81B9F1000F00F01781531E3F2B8F
:10B9100000F21381012A03D1BBF1000F40F00D8129
:10B920000023CDE90833B8F81430B5EBC30F4FEA64
:10B93000C30703D300200BB0BDE8F08F2B199F4243
:10B94000D8F80C303ABF7F1BFFB227461BB9D8F896
:10B950001030002B7CD0672D4ED8C5F16806B74259
:10B960004FF000032CBFF6B23E4600932946D8F8AC
:10B97000080008AB3246FFF751FCA7EB060A354436
:10B980005FFA8AFAB8F8143003F100530D3BDB007C
:10B990000493D8F80C3003936821039B13B1BAF1D8
:10B9A000000F2CD1D8F8100040B1BAF1000F05D02B
:10B9B000009608AB5246691AFFF730FC38B2002FE8
:10B9C000B8D066070AD00AAB03EBD401624211F883
:10B9D000083C02F00702134101F8083C082C3ED94C
:10B9E000102C40F2B780202C40F2B980BBF1000F40
:10B9F00000F09E80082336E0BA460026C2E7049B8A
:10BA0000B3F5907F28BF4FF4907306930B44AB427D
:10BA1000059314D95A1B03980096924534BF524699
:10BA2000D2B2691A08AB04300792FFF7F7FB079A06
:10BA30001644AAEB020A1544F6B25FFA8AFA049B8E
:10BA4000069A05999B1A0493039B1B680393A4E72A
:10BA50000093D8F8080008AB3A462946ACE7BBF19A
:10BA6000000F13D00123B4EBC30F6CD0082C12D8F5
:10BA70009DF82030621E23FA02F2D50706D54FF05A
:10BA8000FF3202FA04F423438DF820309DF8203071
:10BA900089F800304FE7102C12D8BDF82030621E14
:10BAA00023FA02F2D10706D54FF0FF3202FA04F46E
:10BAB0002343ADF82030BDF82030A9F800303AE734
:10BAC000202C0FD80899631E21FA03F3DA0705D555
:10BAD0004FF0FF3202FA04F40C430894089BC9F8B3
:10BAE000003028E7402C2BD0DDE90865611EC4F149
:10BAF0002102A4F1210326FA01F105FA02F225FA46
:10BB000003F311431943CB0712D50122A4F12003FB
:10BB1000C4F1200102FA03F322FA01F1A2405242D9
:10BB200043EA010363EB430332432B43CDE908238C
:10BB3000DDE90823C9E90023FDE66FF00100FAE61C
:10BB40006FF00800F7E6082CA0D9102CB3D9202CF0
:10BB5000EED8C3E7BBF1000FADD0022383E7BBF102
:10BB6000000FBBD004237EE730B5012A144638BF4E
:10BB70000124402C85B028BF40240025012ACDE9AE
:10BB8000025518D81B788DF8083063070AD004AB2B
:10BB900003EBD405624215F8083C02F0070293401B
:10BBA00005F8083C009103462246002102A8FFF751
:10BBB00035FB05B030BD082AE4D9102A03D81B880C
:10BBC000ADF80830E1E7202A8DBFD3E900231B68D8
:10BBD0000293CDE90223D8E710B5CB681BB98B607F
:10BBE0000B618B8210BD04691A681C600361C38AF3
:10BBF000013BC382CA60F0E703460A8B48691860BC
:10BC00009A8018467047000082B08DED010A0198B5
:10BC100020F00043B3F1FF4F08D31BD047F6FF736A
:10BC2000000C00F40040184302B070470B4BDFEDEE
:10BC30000C7A034007EE103A67EE277A17EE903A37
:10BC400003F58053B3F1786F28BF4FF07863C3F3E7
:10BC50004F33E5E74FF4F843E2E700BF00F0FF7F22
:10BC60000000800703064CBFC0F3C03002207047BD
:10BC700008B50246FFF7F6FF022806D15306C2F3C5
:10BC80000F2001D100F0030008BDC2F30740FBE71D
:10BC90002DE9F04F93B0CDE903230A68044610461E
:10BCA000FFF7E0FF022814BFC2F306260026002A91
:10BCB0000D46824680F2FD8112F0C04940F0F981C4
:10BCC000097E002900F0F581022803D02378B342D1
:10BCD00040F0F281C2F304630693104602F07F0342
:10BCE0000593FFF7C5FF059B29444FEA834848EABF
:10BCF0000A4848EA4668CE7B00230022CDE90823A3
:10BD0000F309834648EA0008029367D0059B009335
:10BD100002466768534608A92046B847002800F045
:10BD2000CE81276A4FB9414604F10C00FFF7DAFAD9
:10BD3000074690B96FF0020054E03B6998450DD07A
:10BD40003F68002FF9D1414604F10C00FFF7CAFA11
:10BD500007460028EED0236A3B60276297F817C099
:10BD600006F01F08CCF3840CACEB08001FFA80FE31
:10BD70000028B8BF0EF12000A8EB0C031FFA83FEC9
:10BD8000D7E90221B8BF00B2002B0793BEBF0EF166
:10BD900020031BB2079352EA010338D0039BDFF85C
:10BDA00028E39A1A049B4FF0000C63EB01019645BF
:10BDB0007CEB01032BD36B7E97F81AE0734519D106
:10BDC000029B002B79D0012821DC7868F8B9DFF8D4
:10BDD000F4C2944570EB010316D337E0276A27B904
:10BDE0006FF00C0013B0BDE8F08F3B699845B5D0FB
:10BDF0003F68F4E7B34890427CEB010301D3002095
:10BE0000F0E7029B002BFAD0079B0F2B17DCFA7D83
:10BE1000B30002F0030203F07C031343FB753946C1
:10BE20002046FFF7DFFA6B7EBB76029B3BB9FB7DBA
:10BE3000C3F38402013262F38603FB75D0E76A7EA6
:10BE4000BB7E9A42DBD1029B002B36D0B309022B7A
:10BE500033D0039BBB60049BFB60142200210DA820
:10BE600006F0B8FB039B0A93049B0B9305F11003A8
:10BE70000C932B7EADF83EB0013BDBB2ADF83C300D
:10BE8000069B8DF84230059B8DF8433094F82C309A
:10BE90008DF840A083F001038DF844308DF8418087
:10BEA000A3680AA920469847FB7DC3F384030133A6
:10BEB00003F01F039B02FB82A1E7FB7DC6F3401248
:10BEC000B2EBD31F40F00281C3F38403434540F03B
:10BED0000081029A2B7EB609002A53D016F0010683
:10BEE00063D1032B40F2F880039BBB60049BFB6093
:10BEF000FB8A66F30903FB822B7E05F11206033BE6
:10BF0000DBB23246394604F10C00FFF77DFA002817
:10BF10000CDA39462046FFF765FAFB7DC3F384034C
:10BF2000013303F01F039B02FB8203E7DDE9088472
:10BF30002B8A3B834FF6FF73C9F12000A9F1200241
:10BF400028FA09F104FA00F0014324FA02F211433D
:10BF50001846C9B2FFF79AF909F10809B9F1400F7B
:10BF60000346E9D1B8822A7E033AD2B23146FFF7BE
:10BF70009FF9FB7DB882DA43C2F3C01262F3C713A4
:10BF8000FB753CE78EB905F11006013BDBB232468A
:10BF9000394604F10C00FFF737FA0028B9DB2A7E96
:10BFA000B88A013AD2B23146E1E7F98AC1F3090110
:10BFB000013B0C29DAB25DD805F11000002307F12E
:10BFC0001B069A4208D910F801CB06F801C00131CE
:10BFD00001330D29DBB2F4D103990A9104990B9135
:10BFE000934207F11B010C9138BF103379680D9112
:10BFF00034BF55FA83F300230E93FB8AADF83EB0AD
:10C00000C3F309031A44069B8DF84230059B8DF853
:10C01000433094F82C30ADF83C2083F001038DF8C8
:10C02000443000238DF840A08DF841807B602A7E4B
:10C03000B88A013A05F11001FFF73AF93B8BB88253
:10C04000834203D1A3680AA92046984720460AA93B
:10C05000FFF7C2FDFB7DBA8AC3F38403013303F00B
:10C060001F039B02FB823B8B9A420CBF00206FF0A8
:10C070001000B7E67B68002BAED00D2001E0243025
:10C0800033461E68002EFAD1091A081D05F1100664
:10C09000184401EB090CBCF1230F5FFA89F39BD81C
:10C0A0009A4299D916F8013B00F8013B09F10109C0
:10C0B000EFE76FF0090095E66FF00A0092E66FF087
:10C0C0000B008FE640420F0080841E006FF00D00D1
:10C0D00088E66FF00E0085E66FF00F0082E600BF85
:10C0E000EFF3098305494A6B22F001024A63683382
:10C0F00083F30988002383F31188704700EF00E081
:10C10000302080F3118862B60C4B0D4AD96821F4B7
:10C11000E0610904090C0A43DA60D3F8FC200949FC
:10C1200042F08072C3F8FC200A6842F001020A6003
:10C130002022DA7783F82200704700BF00ED00E08C
:10C140000003FA05001000E010B5302383F31188D6
:10C150000E4B5B6813F4006314D0F1EE103AEFF36A
:10C160000984683C4FF08073E361094BDB6B236605
:10C1700084F3098803F082F810B1064BA36110BD67
:10C18000054BFBE783F31188F9E700BF00ED00E002
:10C1900000EF00E0671101086A110108F0B500F135
:10C1A0000B04002B14BF1D460D462346B1FBF2F7CE
:10C1B00002FB171101F13006392EC8BF01F1370615
:10C1C00003F8016D2E4696423946B5FBF2F5EDD2E5
:10C1D000421EE11A13F8015B02F8015FA342F9D194
:10C1E0000844F0BD2DE9F04F2DED048B06468BB0D1
:10C1F000904600270C4614F8013B002B3FD0252B1E
:10C2000006D032681946D268304690470137C3E1FC
:10C210004B782D2B06BF8C1C01230023029323781F
:10C220002B2B04BF01344FF0010B94F800A018BF72
:10C230004FF0000BBAF1300F0CBF01344FF0200A61
:10C2400023782A2B21D158F8043B0193023414F8A7
:10C25000013C2E2B48D123788BB12A2B26D0611C90
:10C260004FF000090A20A3F13002D2B2092A0C468D
:10C2700020D811F8013B00FB0929002BF3D13846E7
:10C280000BB0BDEC048BBDE8F08F002301930A21B5
:10C2900014F8013B002BF2D0A3F13002D2B2092AEC
:10C2A000D7D8019B01FB03230193F1E758F8049BC6
:10C2B0006378023403F0DF024C2A18D12378002B74
:10C2C000DDD0782B04F1010420D8622B00F27081BC
:10C2D000582B1BD84E2B00F29F81442B00F09680E8
:10C2E000492B00F0938011E04FF00009E2E7A3F141
:10C2F0004102782BD2B209D8622B0BD8582B05D823
:10C300004E2B3BD8442B7CD0492B7AD08DF8103063
:10C31000454656E0A3F163001528F7D801A555F866
:10C3200020F000BFB5C3020803C402080DC3020811
:10C33000A1C402080DC302080DC3020803C4020809
:10C340000DC302080DC302080DC302080DC3020885
:10C350000DC3020863C5020855C602080DC30208D2
:10C360000DC30208CDC302080DC3020851C602085E
:10C370000DC302080DC3020855C60208A3F14F02FF
:10C38000092AC3D801A050F822F000BF63C50208F3
:10C3900055C602080DC302080DC302080DC30208EA
:10C3A0000DC3020851C602080DC302080DC30208DE
:10C3B00055C6020845464FF0200A55F8043B8DF853
:10C3C00010300DF110080DF1110030E04546A24B80
:10C3D00055F8048BB8F1000F08BF984647F6FF7375
:10C3E000B9F1000F08BF9946C1444346184613F8F7
:10C3F000012B1AB1A9EB0302002AF7DA4FF0200A49
:10C4000015E04546192A55F8041B02D8454655F84B
:10C41000041B00293BDA2D238DF8103049420DF121
:10C42000110000230A22FFF7B9FE0DF11008019B4D
:10C430000299A0EB0809A3EB090222EAE2730029A2
:10C4400040F0AC80002AC3F1000B1EDD98F800100C
:10C450002D2901D02B290DD1BAF1300F0AD1326824
:10C460000193D26830469047019B013709F1FF39AB
:10C4700008F1010832680193D2685146304690476E
:10C480001BF1010B019BF5D11F444B4678E0BBF13A
:10C49000000F03D02B238DF81030C0E704A8C0E7AD
:10C4A00008F1070525F00705F5E80201E4F77EFB32
:10C4B00008EE100AB5EEC08AF1EE10FA47D52D232A
:10C4C0008DF81030B1EE488A0DF1110818EE100AFF
:10C4D000E4F71CF809F1FF33092B28BF4FF00909D5
:10C4E00009F1FF395D4BFDEEC87A53F8293003930B
:10C4F00041EC190B0A2217EE901A00234046FFF771
:10C500004DFE83462E2317EE900A0BF8013BE3F70E
:10C51000EBFF02460B4651EC190BE3F797FE804602
:10C5200003988946E3F7D0FF02460B46404649464A
:10C53000E4F744F84FF00A08039BB3FBF8F30393C6
:10C54000E4F7ECFA039B0146424658466BE7BBF121
:10C55000000F03D02B238DF81030B5E70DF1100834
:10C56000B4E708224546002355F8041B04A85AE7FF
:10C57000326818F8011BD268019330469047019B3E
:10C58000013BF5D5B9F1000FA8BF4F44D846B8F12B
:10C59000000F05D15F44A84621462BE69B4674E771
:10C5A00033685146DB683046984708F1FF38EEE7BC
:10C5B000A3F16302152A3FF6A9AE01A151F822F0BA
:10C5C000B5C302080DC402080DC30208A1C40208C5
:10C5D0000DC302080DC302080DC402080DC30208F2
:10C5E0000DC302080DC302080DC302080DC30208E3
:10C5F00063C5020855C602080DC302080DC3020830
:10C60000CDC302080DC3020851C602080DC30208BB
:10C610000DC3020855C60208A3F14F02092A3FF6CE
:10C6200075AE01A151F822F063C5020855C6020893
:10C630000DC302080DC302080DC302080DC3020892
:10C6400051C602080DC302080DC3020855C60208F0
:10C650000A2287E7102285E770FE030878FE0308A8
:10C6600008B5074B074A196801F03D019960536806
:10C670000BB190689847BDE80840FFF765BD00BF63
:10C68000006002405C8C002008B5084B19688909DD
:10C6900001F03D018A019A60054AD3680BB1106927
:10C6A0009847BDE80840FFF74FBD00BF006002405B
:10C6B0005C8C002008B5084B1968090C01F03D019D
:10C6C0000A049A60054A53690BB190699847BDE81E
:10C6D0000840FFF739BD00BF006002405C8C0020BD
:10C6E00008B5084B1968890D01F03D018A059A606B
:10C6F000054AD3690BB1106A9847BDE80840FFF7B7
:10C7000023BD00BF006002405C8C002008B5074BD1
:10C71000074A596801F03D01D960536A0BB1906A2C
:10C720009847BDE80840FFF70FBD00BF006002401A
:10C730005C8C002008B5084B5968890901F03D015F
:10C740008A01DA60054AD36A0BB1106B9847BDE8DD
:10C750000840FFF7F9BC00BF006002405C8C00207D
:10C7600008B5084B5968090C01F03D010A04DA606C
:10C77000054A536B0BB1906B9847BDE80840FFF733
:10C78000E3BC00BF006002405C8C002008B5084B91
:10C790005968890D01F03D018A05DA60054AD36BBD
:10C7A0000BB1106C9847BDE80840FFF7CDBC00BF47
:10C7B000006002405C8C002008B5074B074A1968EE
:10C7C00001F03D019960536C0BB1906C9847BDE846
:10C7D0000840FFF7B9BC00BF006402405C8C002039
:10C7E00008B5084B1968890901F03D018A019A6072
:10C7F000054AD36C0BB1106D9847BDE80840FFF7B0
:10C80000A3BC00BF006402405C8C002008B5084B4C
:10C810001968090C01F03D010A049A60054A536D3C
:10C820000BB1906D9847BDE80840FFF78DBC00BF85
:10C83000006402405C8C002008B5084B1968890D23
:10C8400001F03D018A059A60054AD36D0BB1106E67
:10C850009847BDE80840FFF777BC00BF006402407E
:10C860005C8C002008B5074B074A596801F03D0170
:10C87000D960536E0BB1906E9847BDE80840FFF742
:10C8800063BC00BF006402405C8C002008B5084B0C
:10C890005968890901F03D018A01DA60054AD36EC1
:10C8A0000BB1106F9847BDE80840FFF74DBC00BFC3
:10C8B000006402405C8C002008B5084B5968090CE4
:10C8C00001F03D010A04DA60054A536F0BB1906F25
:10C8D0009847BDE80840FFF737BC00BF006402403E
:10C8E0005C8C002008B5084B5968890D01F03D01AA
:10C8F0008A05DA60054AD36F13B1D2F880009847F1
:10C90000BDE80840FFF720BC006402405C8C0020BA
:10C910000D4930B500230D4C0B600C251A4605FB64
:10C9200003F00059026001EBC3000133102B426099
:10C93000F5D1074A4FF0FF339360D360C2F8083453
:10C94000C2F80C3430BD00BF5C8C00209CFE030894
:10C95000006002400F28F8B549D8DFF8A0C00125D3
:10C96000DCF8007085402F4241D1224C0CEBC00E08
:10C97000CEE901230C262F43EBB206FB0046CCF890
:10C9800000704BB11C4B1F6B47F400171F631F6DEA
:10C9900047F400171F651B6D15F47F4F09D0164B28
:10C9A0001D6B45F480051D631D6D45F480051D65F7
:10C9B0001B6D0C234343E3581D6825F01F051D60C4
:10C9C0001D6815F00105FBD10C2707FB00403D2435
:10C9D00090F809C0476804FA0CF43C6021241D60FB
:10C9E0005C6112B1C07A01F04BFA3046F8BD002606
:10C9F000FBE700BF9CFE0308003802405C8C00206F
:10CA000010B50446C07A01F051FA1149A27A012307
:10CA100003FA02F20B6823EA0203DAB20B604AB9A6
:10CA20000C4A116B21F400111163116D21F40011F6
:10CA30001165126D13F47F4F09D1064B1A6B22F466
:10CA400080021A631A6D22F480021A651B6D10BDF4
:10CA50005C8C0020003802400023054A194601334F
:10CA6000102BC2E9001102F10802F8D1704700BF93
:10CA7000E08C00202DE9F74FC2F3C31302F0030A44
:10CA8000C2F38009C2F3C108C2F3411E01935746A5
:10CA900000224FF00F0BCB0737D5019C02F00703A4
:10CAA0009B0004FA03FC01254468954024EA050430
:10CAB00044EA0904446085680324560004FA06F633
:10CAC00025EA060545EA08058560C56825EA0605E4
:10CAD00045EA0E050BFA03F3BAF1020F6FEA0604FA
:10CAE000C5606FEA03031BD1072A95BF056A456A33
:10CAF0002B402B4095BF43EA0C0343EA0C0303622F
:10CB0000436203681C403C43046049081AD04FEA62
:10CB100049094FEA88084FEA8E0EBF000132BAE792
:10CB200005682C403C43072A046095BF046A446AA8
:10CB30002340234095BF43EA0C0343EA0C030362FE
:10CB40004362E2E703B0BDE8F08F0000012370B557
:10CB50008B4001F0030421F0030101F1804101F554
:10CB60009C31A4008D68C0F383200F26A04006FAF4
:10CB700004F425EA0405284388600C498C68D843EE
:10CB800012F0010F14BF1C4304408C6012F0020F1E
:10CB9000CA6814BF1A430240CA60044A11680B43B2
:10CBA000136053680340536070BD00BF003C0140F8
:10CBB000124B70B59C68D86801228A4044EA00058F
:10CBC00015421AD08D080E4E023524EA020456F89A
:10CBD00025501D6825EA02051D605D6820EA0200F7
:10CBE00025EA02055D609C60D8605A61054B002211
:10CBF00043F8312003EBC1014A6070BD003C0140A5
:10CC000000380140E08C0020836B4FF400421A6032
:10CC100000221A605A605A61436B1A68116821F049
:10CC20001F0111601168C907FCD4597A5A683D2365
:10CC30008B401360036B1A68116821F01F011160AB
:10CC40001168C907FCD4597A5A683D238B40136098
:10CC50007047000010B5D0E90D341A68116821F052
:10CC60001F0111601168C907FCD4597A5A683D2325
:10CC70008B401360636843F40073636010BD000071
:10CC8000026B116838B50C68836B24F01F040C60CC
:10CC90000C6814F00104FBD1557A51683D22AA407A
:10CCA0000A605A6822F480525A601A6822F480623C
:10CCB0001A601A6842F400721A60302383F31188F4
:10CCC0002146203002F086FC84F3118838BD000034
:10CCD000054B1A6A42F400021A621A6A22F4000230
:10CCE0001A621B6A704700BF003802406448C26B7A
:10CCF00070B5846B511CA3696569C163016C8A427C
:10CD00003AD9836843F080038360436B63B11A6848
:10CD1000116821F01F0111601168CD07FCD4597A08
:10CD20005A683D238B401360036B63B11A68116826
:10CD300021F01F0111601168C907FCD4597A5A68A3
:10CD40003D238B401360236843F400432360236832
:10CD500023F001032360FFF7BBFF302383F3118827
:10CD600048486FF0010102F035FC002383F311887D
:10CD7000BDE87040FFF7E8B990F8442042B9236855
:10CD800043F400432360236823F001032360EFE7AB
:10CD90003D4A45EA034303F0FF13934225D014D8DC
:10CDA000073A934205D00132934222D0B3F1011FDA
:10CDB00014D1828C130A16D003F0060302F001028C
:10CDC000134343F0F003236108E0304A934226D036
:10CDD000023293422ED02E4A93424AD015F00A0FC7
:10CDE00018BFA369C4E72261F8E7838CC3F3470344
:10CDF000E9E7636823F400736360036B1B681A68D8
:10CE000042F001021A60626842F4805262605B681C
:10CE1000012BE3D8236823F480632360DEE7636893
:10CE200023F400736360436B1A68136843F00103D3
:10CE30001360D3E72369036B1B685E683EB1838C84
:10CE400043F001038384236843F4A0639EE763688F
:10CE500023F400736360236843F40073236030237A
:10CE600083F311883146203002F0B4FB86F3118839
:10CE7000B4E7FFF7C9FE636823F400736360ADE7AE
:10CE8000608D0020808D00200800030082000700D4
:10CE90001100030038B5454B9A6B516901F45F40AE
:10CEA000C0435061586B60B10468256825F01F05C8
:10CEB00025602568ED07FCD4457A44683D20A840EC
:10CEC0002060186B60B10468256825F01F05256097
:10CED0002568ED07FCD4457A44683D20A8402060D1
:10CEE000D86B441CDC631C6CA04219D9996841F0D2
:10CEF00080019960136843F400431360136823F0C2
:10CF000001031360FFF7E4FE302383F31188284800
:10CF10006FF0010102F05EFB002383F311880AE049
:10CF200093F8440058B9136843F40043136013683E
:10CF300023F001031360BDE83840FFF705B911F491
:10CF4000807418BF012488B29C60850542BF9C682C
:10CF500044F002049C6044050BD555689C6825F498
:10CF600000755560156844F0040445F400751560BB
:10CF70009C60050542BF9A6842F008029A6044042A
:10CF800042BF9A6842F020029A60C00442BF9A6889
:10CF900042F010029A6009049A6803D542F04002F8
:10CFA0009A60B1E7002AC6D0AEE700BF608D0020CE
:10CFB000808D002010B5054C204600F08FFF002327
:10CFC000034A2362C4E90C33A26310BD608D0020C4
:10CFD000005C004070B5856B0446007801283CD1A8
:10CFE00040F2164340F25642C4E90A32504B9C428A
:10CFF00033D1504E504A336A43F400033362336AEC
:10D0000023F400033362336A05212346FFF7A2FCB1
:10D010004A4A2063234605210420FFF79BFC336C1A
:10D02000606343F400033364336E43F400033366F8
:10D0300005214820336E00F023FF0521492000F030
:10D040001FFFA36A43F0007343F44033A362E36A13
:10D0500043F0C06343F44033E362236BA16B1A686F
:10D06000606805F110039360626B126893604FF47F
:10D0700000432B604FF4106200232B606A604E68FF
:10D080004268047A26F03F063604360C4E604E683D
:10D0900046F019064E602A4EB24221DC5200294B5E
:10D0A000B3FBF2F31A22C3F30B030A62012CCB6128
:10D0B0000CBF0F23072343F010034B6202780B6869
:10D0C000022A9BB22AD0032A2ED0012A02D123F0B1
:10D0D0000A039BB20B602B6843F001032B6070BD09
:10D0E000194EB242E2DC022C0AD102EB4206154A8A
:10D0F000B2FBF6F292B21A4342F400430822D4E79C
:10D10000032C01BF192353430E4AB2FBF3F212BFA3
:10D1100040F6FF7292B24FF48043ECE723F008032D
:10D120009BB243F00203D5E743F00A03D2E700BF06
:10D13000608D00200038024081CC020855CC0208E6
:10D14000A086010040787D01801A060010B50378A2
:10D15000012B044613D0406BFFF752FC206BFFF706
:10D160004FFC0023C4E90C33054B9C4207D14820F7
:10D1700000F09CFEBDE81040492000F097BE10BDB5
:10D18000608D002038B549000446806B41F00101F4
:10D190000625A18481695D43256489074FF0000558
:10D1A000E563A56030D4016811F400712CD181F3DE
:10D1B0001188216BA56A09680D60CA604B60302335
:10D1C00083F31188012384F844304368049943F4BD
:10D1D00000734360036843F4A063036004F120001C
:10D1E00002F0EAF9226B11680B6823F01F030B6051
:10D1F0000B6813F00103FBD1557A51683D22AA4018
:10D200000A6084F8443038BD4FF0FF30FBE700007F
:10D21000F8B5079E0446806B49009D1906277D439B
:10D22000A184816925640025E563A5608D0745D447
:10D23000016811F4007141D181F31188616BE56AD5
:10D2400009680D60CA604B60236BA26A1B681A6094
:10D25000069ADA605E60302383F31188012384F834
:10D2600044304368089943F400734360036843F40F
:10D270008073036004F1200002F09EF9636B1A686A
:10D28000116821F01F0111601168C907FCD4597A97
:10D290005A683D238B401360226B11680B6823F0A2
:10D2A0001F030B600B6813F00103FBD1557A516823
:10D2B0003D22AA400A6084F84430F8BD4FF0FF30A8
:10D2C000FBE7000070B5D0E91B439E6800224FF0D9
:10D2D000FF3504EB42135101D3F800090028BEBF0B
:10D2E000D3F8000940F08040C3F80009D3F8000BE0
:10D2F0000028BEBFD3F8000B40F08040C3F8000BFD
:10D30000013263189642C3F80859C3F8085BE0D2AB
:10D310004FF00113C4F81C3870BD0000890141F0C2
:10D320002001016103699B06FCD4122002F058B869
:10D3300010B5054C204601F001FA4FF0A043E3661A
:10D34000024B236710BD00BFA88D002080FF03089B
:10D3500070B50378012B054650D12A4BC46E984214
:10D360001BD1294B5A6B42F080025A635A6D42F02E
:10D3700080025A655A6D5A6942F080025A615A69B0
:10D3800022F080025A610E2143205B6900F078FD93
:10D390001E4BE3601E4BC4F800380023C4F8003E67
:10D3A000C0232360EE6E4FF40413A3633369002B94
:10D3B000FCDA012333610C2002F012F83369DB0739
:10D3C000FCD4122002F00CF83369002BFCDA0026A2
:10D3D000A6602846FFF776FF6B68C4F81068DB6824
:10D3E000C4F81468C4F81C684BB90A4BA3614FF029
:10D3F000FF336361A36843F00103A36070BD064B74
:10D40000F4E700BFA88D002000380240401400401F
:10D4100003002002003C30C0083C30C0F8B5C46EA8
:10D42000054600212046FFF779FF296F00234FF0C2
:10D4300001128F68C4F834384FF00066C4F81C2815
:10D440004FF0FF3004EB431201339F42C2F80069F2
:10D45000C2F8006BC2F80809C2F8080BF2D20B68D8
:10D46000EA6E6B67636210231361166916F010068B
:10D47000FBD1122001F0B4FFD4F8003823F4FE638E
:10D48000C4F80038A36943F4402343F01003A361B8
:10D490000923C4F81038C4F814380A4BEB604FF075
:10D4A000C043C4F8103B084BC4F8003BC4F81069F3
:10D4B000C4F800396B6F03F1100243F480136A67FC
:10D4C000A362F8BD5CFF030840800010C26E90F8B4
:10D4D0006610D2F8003823F4FE6343EA0113C2F861
:10D4E000003870472DE9F84300EB8103C56EDA6818
:10D4F000166806F00306731E022B05EB41130C465B
:10D5000080460FFA81F94FEA41104FF00001C3F84D
:10D51000101B4FF0010104F1100398BFB60401FA8B
:10D5200003F391698EBF334E06F1805606F500462F
:10D5300000293AD0578A04F15801490137436F5006
:10D54000D5F81C180B43C5F81C382B180021C3F85C
:10D55000101953690127611EA7409BB3138A928B50
:10D560009B08012A88BF5343D8F87420981842EAD0
:10D57000034301F1400205EB8202C8F87400214622
:10D5800053602846FFF7CAFE08EB8900C3681B8A70
:10D5900043EA8453483464011E432E51D5F81C38A5
:10D5A0001F43C5F81C78BDE8F88305EB4917D7F889
:10D5B000001B21F40041C7F8001BD5F81C1821EA14
:10D5C0000303C0E704F13F0305EB83030A4A5A60F3
:10D5D00028462146FFF7A2FE05EB4910D0F8003996
:10D5E00023F40043C0F80039D5F81C3823EA0707B4
:10D5F000D7E700BF0080001000040002026F12682D
:10D600004267FFF75FBE00005831C36E49015B58A7
:10D6100013F4004004D013F4001F0CBF02200120BB
:10D62000704700004831C36E49015B5813F4004055
:10D6300004D013F4001F0CBF02200120704700002B
:10D6400000EB8101CB68196A0B6813604B6853606B
:10D650007047000000EB810330B5DD68AA691368EC
:10D66000D36019B9402B84BF402313606B8A1468C0
:10D67000C26E1C44013CB4FBF3F46343033323F058
:10D68000030302EB411043EAC44343F0C043C0F834
:10D69000103B2B6803F00303012B09B20ED1D2F823
:10D6A000083802EB411013F4807FD0F8003B14BF20
:10D6B00043F0805343F00053C0F8003B02EB4112AB
:10D6C000D2F8003B43F00443C2F8003B30BD0000F9
:10D6D0002DE9F041244DEE6E06EB40130446D3F8DD
:10D6E000087BC3F8087B38070AD5D6F81438190721
:10D6F00006D505EB84032146DB6828465B6898471E
:10D70000FA071FD5D6F81438DB071BD505EB8403C1
:10D71000D968CCB98B69488A5A68B2FBF0F600FB2D
:10D7200016228AB91868DA6890420DD2121AC3E933
:10D730000024302383F311880B482146FFF78AFF2A
:10D7400084F31188BDE8F081012303FA04F26B89A8
:10D7500023EA02036B81CB68002BF3D021460248F9
:10D76000BDE8F041184700BFA88D002000EB810301
:10D7700070B5DD68C36E6C692668E6604A0156BB09
:10D780001A444FF40020C2F810092A6802F003027C
:10D79000012A0AB20ED1D3F8080803EB421410F4A0
:10D7A000807FD4F8000914BF40F0805040F0005052
:10D7B000C4F8000903EB4212D2F8000940F004401B
:10D7C000C2F80009D3F83408012202FA01F101433A
:10D7D000C3F8341870BD19B9402E84BF40202060B2
:10D7E00020682E8A8419013CB4FBF6F440EAC44058
:10D7F00040F000501A44C6E72DE9F8433B4DEE6E69
:10D8000006EB40130446D3F80889C3F8088918F0DA
:10D81000010F4FEA40171AD0D6F81038DB0716D59B
:10D8200005EB8003D9684B691868DA68904230D2FA
:10D83000121A4FF000091A60C3F80490302383F3E2
:10D84000118821462846FFF791FF89F3118818F0C7
:10D85000800F1CD0D6F834380126A640334216D0AB
:10D8600005EB8403ED6ED3F80CC0DCF81420013412
:10D87000E4B2D2F800E005EB04342F44516871455E
:10D8800015D3D5F8343823EA0606C5F83468BDE860
:10D89000F883012303FA04F22B8923EA02032B8184
:10D8A0008B68002BD3D0214628469847CFE7BCF899
:10D8B0001000AEEB0103834228BF0346D7F81809D6
:10D8C00080B2B3EB800FE2D89068A0F1040959F858
:10D8D000048FC4F80080A0EB09089844B8F1040F45
:10D8E000F5D818440B4490605360C7E7A88D00201A
:10D8F0002DE9F74FAC4CE56E6E69AB691E4016F42E
:10D9000080586E6107D0204600F086FF03B0BDE866
:10D91000F04FFEF719BC002E12DAD5F8003EA248EF
:10D920009B071EBFD5F8003E23F00303C5F8003E59
:10D93000D5F8043823F00103C5F8043800F098FF47
:10D94000370505D59848FFF7BDFC974800F07EFFE6
:10D95000B0040CD5D5F8083813F0060FEB6823F4A3
:10D9600070530CBF43F4105343F4A053EB603107E2
:10D970001BD56368DB681BB9AB6923F00803AB6197
:10D980002378052B0CD1D5F8003E87489A071EBF97
:10D99000D5F8003E23F00303C5F8003E00F068FF11
:10D9A0006368DB680BB180489847F30200F1898017
:10D9B000B70227D5D4F86C90DFF8ECB100274FF010
:10D9C000010A09EB4712D2F8003B03F44023B3F5F8
:10D9D000802F11D1D2F8003B002B0DDA62890AFAB0
:10D9E00007F322EA0303638104EB8703DB68DB6848
:10D9F00013B1394658469847236F01379B68FFB2E9
:10DA00009F42DED9F00617D5E76E3A6AC2F30A10D4
:10DA100002F00F0302F4F012B2F5802F00F09980AB
:10DA2000B2F5402F08D104EB83030022DB681B6AA8
:10DA300007F5805790427ED13303D5F818481DD59D
:10DA4000E70302D50020FFF743FEA50302D501201E
:10DA5000FFF73EFE600302D50220FFF739FE2103E7
:10DA600002D50320FFF734FEE20202D50420FFF7BF
:10DA70002FFEA30202D50520FFF72AFE77037FF5CC
:10DA800045AFE60702D50020FFF7B6FEA50702D591
:10DA90000120FFF7B1FE600702D50220FFF7ACFEC0
:10DAA000210702D50320FFF7A7FEE20602D50420D6
:10DAB000FFF7A2FEA3067FF529AF0520FFF79CFE26
:10DAC00024E7E36EDFF8E0A0019300274FF001099F
:10DAD000236F9B685FFA87FB9B453FF669AF019B0D
:10DAE00003EB4B13D3F8001901F44021B1F5802F5B
:10DAF0001FD1D3F8001900291BDAD3F8001941F01F
:10DB00009041C3F80019D3F800190029FBDB5946EE
:10DB1000E06EFFF703FC218909FA0BF321EA030306
:10DB2000238104EB8B03DB689B6813B15946504695
:10DB300098470137CCE7910708BFD7F80080072A3C
:10DB400098BF03F8018B02F1010298BF4FEA182831
:10DB500070E7023304EB830207F580575268D2F86E
:10DB600018C0DCF80820DCE9001CA1EB0C0C00213B
:10DB700088420AD104EB830463689B699A68024473
:10DB80009A605A6802445A6056E711F0030F08BFC2
:10DB9000D7F800808C4588BF02F8018B01F10101A4
:10DBA00088BF4FEA1828E3E7A88D0020C36E03EB77
:10DBB0004111D1F8003B43F40013C1F8003B70471A
:10DBC000C36E03EB4111D1F8003943F40013C1F8DF
:10DBD00000397047C36E03EB4111D1F8003B23F4C9
:10DBE0000013C1F8003B7047C36E03EB4111D1F83D
:10DBF000003923F40013C1F800397047024AD36892
:10DC000043F0C003D360704700100140024AD3685C
:10DC100043F0C003D36070470044004010B50A4C85
:10DC20000A4A2046002100F061FB094B094AC4E979
:10DC30009523094C094A0021204600F057FB08496A
:10DC4000084BC4E9951310BD388E0020FDDB020897
:10DC500080F0FA02001001409C9000200DDC0208C8
:10DC60000044004040787D012A4A037A002918BF09
:10DC70000A46012B30B5C0F860220CD1264B9842E1
:10DC800039D1264B596C41F010015964596E41F05D
:10DC9000100159665B6EB2F904501468D0F858321E
:10DCA000D0F85412002D03EB5403B3FBF4F3BEBFC2
:10DCB00023F0070503F0070343EA450394888B60CC
:10DCC000D38843F040030B61138943F001034B6198
:10DCD00044F4045343F02C03CB6004F4A054002319
:10DCE0000B60B4F5806F0B684B680CBF7F23FF237C
:10DCF00080F85C3230BD0A4B9842CCD1074B196C8E
:10DD000041F400311964196E41F4003119661B6E3B
:10DD1000C1E700BF8CFF0308388E002000380240A6
:10DD20009C900020037A022B20D1D0F8543200229C
:10DD3000DA601A615A610E4B98420AD10D4B5A6C47
:10DD400022F010025A645A6E22F010025A665B6E7C
:10DD50007047094B984209D1064B1A6C22F40032E5
:10DD60001A641A6E22F400321A661B6E704700BFE6
:10DD7000388E0020003802409C9000202DE9F041B0
:10DD8000D0F85462F7683368DA0504469DB20DD5C1
:10DD9000302383F311884FF48061043001F0B4F82C
:10DDA0006FF480733360002383F31188302383F38F
:10DDB000118804F1040815F02F0339D183F3118879
:10DDC000380614D5290612D5302383F31188E018BC
:10DDD00000F010FA00284EDA0821201D01F094F816
:10DDE0004FF67F733B40F360002383F311887A067C
:10DDF00016D56B0614D5302383F31188D4E911238B
:10DE00009A420AD1A36B43B127F040073F04102187
:10DE1000201D3F0C01F078F8F760002383F3118890
:10DE2000D4F86022D36843B3BDE8F04110691847C5
:10DE30002B0714D015F0080F0CBF00214FF4807190
:10DE4000E80748BF41F02001AA0748BF41F0400160
:10DE50006B0748BF41F08001404601F055F8AD0620
:10DE6000736805D594F85C122046194000F086FAD4
:10DE70003568ADB29FE77060B6E7BDE8F08100009D
:10DE800000F1604303F561430901C9B283F800134F
:10DE9000012200F01F039A4043099B0003F16043F5
:10DEA00003F56143C3F880211A60704700F01F0337
:10DEB00001229A4043099B0003F1604303F561434B
:10DEC00000F1604000F56140C3F88020C3F8802174
:10DED000002380F800337047FFF76CB8012303700C
:10DEE000002343600C3001F055B8000010B530231A
:10DEF000044683F311884160FFF76CF80223237016
:10DF0000002080F3118810BD10B53023044683F340
:10DF10001188FFF71BF9002301226360227083F34D
:10DF2000118810BD7FB50446302585F3118803267E
:10DF3000067000250A9E85600296099E0196089E3D
:10DF40000096FFF765F9431C14BF022305232370D5
:10DF500085F3118804B070BD73B50446302585F390
:10DF60001188042606700025069E85600096FFF73E
:10DF700009F9431C14BF02230523237085F311887C
:10DF800002B070BD0C3001F047B800000C3001F059
:10DF90006FB80000044B00F00F0043F8301003EBA3
:10DFA000C0035A60704700BFE08C0020F8B51546EA
:10DFB00082680669AA420B46816938BF8568761A6D
:10DFC000B54204460BD218462A4604F0B9FAA369B2
:10DFD0002B44A361A3685B1BA3602846F8BD0CD942
:10DFE0001846324604F0ACFAAF1BE1683A463044BA
:10DFF00004F0A6FAE3683B44EBE718462A4604F02F
:10E000009FFAE368E5E7000083689342F7B5154699
:10E01000044638BF8568D0E90460361AB5420BD291
:10E020002A4604F08DFA63692B446361A36828468D
:10E030005B1BA36003B0F0BD0DD93246019104F023
:10E040007FFA0199E068AF1B3A46314404F078FA50
:10E05000E3683B44E9E72A4604F072FAE368E4E740
:10E0600010B50A440024C361029B8460C0E900002B
:10E07000C0E90511C1600261036210BDC268C0E958
:10E080000522002282606FF0010101F0C9BA000090
:10E0900008B5D0E90532934201D1826882B982681D
:10E0A000013282605A1C42611970D0E904329A42EE
:10E0B00024BFC3684361002101F0A6FA002008BD17
:10E0C0004FF0FF30FBE7000070B5302304460E46EA
:10E0D00083F31188A568A5B1A368A269013BA36079
:10E0E000531CA36115782269934224BFE368A3619E
:10E0F000E3690BB120469847002383F31188284633
:10E1000007E03146204601F06FFA0028E2DA85F395
:10E11000118870BD2DE9F74F04460E461746984604
:10E12000D0F81C904FF0300A8AF311884FF0000BA2
:10E13000154665B12A4631462046FFF737FF0346AC
:10E1400060B94146204601F04FFA0028F1D0002383
:10E1500083F31188781B03B0BDE8F08FB9F1000F8D
:10E1600003D001902046C847019B8BF31188ED1A1C
:10E170001E448AF31188DCE7C0E90511C160C36160
:10E180001144009B8260C0E9000001610362704796
:10E19000C1680269521AC0E9051182606FF001017D
:10E1A00001F03EBAF8B504460D461646302383F317
:10E1B0001188A768A7B1A368013BA36063695A1CD3
:10E1C00062611D70D4E904329A4224BFE36863613E
:10E1D000E3690BB120469847002080F3118807E0DF
:10E1E0003146204601F000FA0028E2DA87F3118870
:10E1F000F8BD0000D0E905239A4210B501D182682C
:10E200007AB98268013282605A1C82611C78036983
:10E210009A4224BFC3688361002101F0F5F92046CA
:10E2200010BD4FF0FF30FBE72DE9F74F04460E46D7
:10E2300017469846D0F81C904FF0300A8AF31188A0
:10E240004FF0000B154665B12A4631462046FFF7D0
:10E25000DBFE034660B94146204601F0C5F90028BF
:10E26000F1D0002383F31188781B03B0BDE8F08F51
:10E27000B9F1000F03D001902046C847019B8BF3F2
:10E280001188ED1A1E448AF31188DCE70C30FFF781
:10E2900041BF00004FF0FF330C30FFF73BBF0000E1
:10E2A0003030FFF7C1BF00004FF0FF333030FFF7D1
:10E2B000BBBF00000C30FFF707BF00004FF0FF317D
:10E2C0000C30FFF701BF00003030FFF76BBF0000DC
:10E2D0004FF0FF323030FFF765BF0000012914BF57
:10E2E0006FF0130000207047FFF798BC37B5154654
:10E2F00002460B460D4942F8041B426001220446C7
:10E30000027200F1540100904FF480720C30FFF75C
:10E31000A7FE00942B464FF4807204F5AA7104F115
:10E320003000FFF729FF03B030BD00BFA0FF030896
:10E3300010B53023044683F31188FFF795FC0223C0
:10E340002372002080F3118810BD000010B5302327
:10E35000044683F31188FFF7E5FC0123237204F1DF
:10E360003000FFF715FF04F10C00FFF787FE00F007
:10E37000AFFF002383F3118810BD000038B5436957
:10E3800004460D461BB90421084400F0BDFD294692
:10E3900004F10C00FFF77CFE002806DA201D4FF484
:10E3A0000061BDE8384000F0AFBD38BD13B5446B27
:10E3B000D4F88C341A681178042915D1217A0229ED
:10E3C00012D11979128901238B4013420CD101A972
:10E3D00004F1440002F0F8F8D4F88C44019B217950
:10E3E0000246206800F006FA02B010BD0C3002F0C0
:10E3F0007BB800004FF0FF330C3002F075B800001E
:10E40000443002F04DB900004FF0FF33443002F0C9
:10E4100047B900000C3002F049B800004FF0FF315E
:10E420000C3002F043B80000443002F019B900008B
:10E430004FF0FF32443002F013B900000020704763
:10E4400010B5D0F88C341A6811780429044617D115
:10E45000017A022914D15979528901238B40134240
:10E460000ED10C3001F0DCFF024648B1D4F88C44E8
:10E470004FF4807361792068BDE8104000F0A8B9BE
:10E4800010BD0000406BFFF7DBBF000070470000CD
:10E490007FB50346114A43F8042B01254360022649
:10E4A0000F4B057204460290019300F17C0229464D
:10E4B00000964FF480730C3001F08EFF094B0294EC
:10E4C000CDE9006304F521724FF48073294604F10D
:10E4D000440002F055F804B070BD00BFC8FF030847
:10E4E00085E40208ADE302080B68302282F311884C
:10E4F0000A7903EB820210624A790D3243F8220056
:10E500008A7912B103EB820318620223C0F88C14DB
:10E510000372002080F311887047000038B5D0F8EE
:10E520008C3404461B68302282F31188D0F88C04A6
:10E530000279073203EB82020021516042790D32E9
:10E5400043F8221082791AB1073203EB8203596033
:10E550000123002523720221201DC4F88C5400F0F1
:10E56000D3FC04F10C0001F04FFF04F1440002F071
:10E570001FF800F0ADFE85F3118838BD38B5037D76
:10E58000044613B190F84C30ABB9201D012502218F
:10E5900000F0BAFC04F10C0025756FF0010101F0E8
:10E5A0003FF884F84C5004F144006FF00101BDE8DD
:10E5B000384001F035B838BD10B5012104460430AB
:10E5C00000F0A2FC0023237584F84C3010BD00003D
:10E5D00038B5044600250C3001F016FF04F1440064
:10E5E000257501F0E5FF201D84F84C50012100F055
:10E5F0008BFC2046BDE83840FFF722BF90F85C3026
:10E6000003F06003202B07D190F85D20212A4FF002
:10E61000000303D81F2A06D800207047222AFBD106
:10E62000C0E9143303E0034A0265072242658365AB
:10E6300001207047E023002037B5D0F88C341A68E9
:10E640001178042904461AD1017A022917D11979BF
:10E65000128901238B40134211D100F14405284651
:10E6600002F066F858B101A9284601F0ADFFD4F8D0
:10E670008C44019B21790246206800F0BBF803B06E
:10E6800030BD0000F0B500EB810385B01E6A044682
:10E690000D46FEB1302383F3118804EB8507301D4E
:10E6A000082100F031FCFB685B691B6806F144003F
:10E6B0001BB1019001F096FF019803A901F084FFBE
:10E6C000024648B1039B2946204600F093F80023F8
:10E6D00083F3118805B0F0BDFB685A691268002AFF
:10E6E000F5D01B8A013B1340F1D104F15C02EAE74B
:10E6F0000D3138B550F82140DCB1302383F3118857
:10E70000D4F88C241368527903EB8203DB689B698D
:10E710005D6845B10421601800F0F6FB294604F15C
:10E720000C0001F087FE2046FFF78AFE002383F3EA
:10E73000118838BD70470000FEF7FABD10B50123FF
:10E740000446282200F8243B002103F043FF002365
:10E75000C4E9013310BD000038B50446302383F30B
:10E7600011880025C0E90355C0E90555C0E90755E2
:10E770004160FEF7EDFD0223237085F311882846E2
:10E7800038BD000070B500EB810305465069DA60C2
:10E790000E46144618B11022002103F01BFFA06999
:10E7A00018B11022002103F015FF31462846BDE8BC
:10E7B0007040FEF797BE0000826802F0011282608E
:10E7C0000022C0E90422C0E906220262FEF716BF59
:10E7D000F0B400EB81044789E4680125A4698D4009
:10E7E0003D43458123600023A2606360F0BCFEF7D7
:10E7F00031BF0000F0B400EB81040789E468012513
:10E8000064698D403D43058123600023A2606360FD
:10E81000F0BCFEF7ABBF000070B502230025044634
:10E820000370C0E90255C0E90455C0E906554566C4
:10E83000056280F84C50FEF7F1FD63681B6823B158
:10E8400029462046BDE87040184770BD0378052B67
:10E8500010B504460AD080F8683005230370436879
:10E860001B680BB1042198470023A36010BD000072
:10E870000178052906D190F86820436802701B686A
:10E8800003B118477047000070B590F84C3004464B
:10E8900013B1002380F84C3004F15C022046FEF7EF
:10E8A000CFFE63689B68B3B994F85C3013F06005E1
:10E8B00035D000212046FFF783F900212046FFF7DD
:10E8C00075F963681B6813B1062120469847062333
:10E8D00084F84C3070BD204698470028E4D0B4F846
:10E8E0006230626D9A4288BF636594F95C30656DF1
:10E8F000002B4FF0300380F20381002D00F0F280F6
:10E90000092284F84C2083F311880021D4E91423D0
:10E910002046FFF76FFF002383F31188DAE794F8AE
:10E920005D2003F07F0343EA022340F20232934268
:10E9300000F0C58021D8B3F5807F48D00DD8012BD9
:10E940003FD0022B00F09380002BB2D104F164027F
:10E95000226502226265A365C1E7B3F5817F00F0FD
:10E960009B80B3F5407FA4D194F85E30012BA0D1F9
:10E97000B4F8643043F0020332E0B3F5006F4DD0D9
:10E9800017D8B3F5A06F31D0A3F5C063012B90D891
:10E99000636894F85E205E6894F85F10B4F86030A5
:10E9A0002046B047002884D0436823650368636528
:10E9B0001AE0B3F5106F36D040F6024293427FF46E
:10E9C00078AF5C4B2365022363650023C3E794F8AB
:10E9D0005E30012B7FF46DAFB4F8643023F0020396
:10E9E000C4E91455A4F86430A56578E7B4F85C3040
:10E9F000B3F5A06F0ED194F85E3084F866302046EF
:10EA0000FEF764FD63681B6813B101212046984737
:10EA1000032323700023C4E914339CE704F1670344
:10EA200023650123C3E72378042B10D1302383F31C
:10EA300011882046FFF7C0FE85F311880321636823
:10EA400084F8675021701B680BB12046984794F8F2
:10EA50005E30002BDED084F86730042323706368B7
:10EA60001B68002BD6D0022120469847D2E794F8A5
:10EA700060301D0603F00F0120460AD5FEF7D2FDD7
:10EA8000012804D002287FF414AF2B4B9AE72B4BBC
:10EA900098E7FEF7B9FDF3E794F85E30002B7FF4BA
:10EAA00008AF94F8603013F00F01B3D01A06204677
:10EAB00002D5FFF799F8ADE7FFF78CF8AAE794F8CD
:10EAC0005E30002B7FF4F5AE94F8603013F00F0148
:10EAD000A0D01B06204602D5FFF772F89AE7FFF791
:10EAE00065F897E7142284F84C2083F311882B46AD
:10EAF0002A4629462046FFF76BFE85F31188E9E692
:10EB00005DB1152284F84C2083F311880021D4E9EB
:10EB100014232046FFF75CFEFDE60B2284F84C2010
:10EB200083F311882B462A4629462046FFF762FECA
:10EB3000E3E700BFF8FF0308F0FF0308F4FF030852
:10EB400038B590F84C300446002B3ED0063BDAB284
:10EB50000F2A34D80F2B32D8DFE803F037313108D1
:10EB6000223231313131313131313737456DB0F801
:10EB700062309D4214D2C3681B8AB5FBF3F203FBDB
:10EB800012556DB9302383F311882B462A46294646
:10EB9000FFF730FE85F311880A2384F84C300EE02D
:10EBA000142384F84C30302383F3118800231A4651
:10EBB00019462046FFF70CFE002383F3118838BD69
:10EBC000836D03B198470023E7E700212046FEF755
:10EBD000F7FF00212046FEF7E9FF63681B6813B1C9
:10EBE0000621204698470623D7E7000010B590F885
:10EBF0004C30142B044629D017D8062B05D001D849
:10EC00001BB110BD093B022BFBD800212046FEF7AB
:10EC1000D7FF00212046FEF7C9FF63681B6813B1C8
:10EC2000062120469847062319E0152BE9D10B232E
:10EC300080F84C30302383F3118800231A4619469C
:10EC4000FFF7D8FD002383F31188DAE7C3689B69D7
:10EC50005B68002BD5D1836D03B19847002384F8FE
:10EC60004C30CEE70448054B03600023C0E9013374
:10EC70000C3000F08FB900BF00930020E5070308B7
:10EC80002DE9F74F354F002818BF0746082A07F12E
:10EC90000C0038BF08229146CD1D8846019000F037
:10ECA000BBF90198ED083C1D09F10701C9F1000EFF
:10ECB0002246246864B900F0DBF93B68BBB3082244
:10ECC0004946E8009847044688B340E902782EE0B8
:10ECD000D4F804A004EB010C0CEA0E0C0AF10106B6
:10ECE000ACF1080304EBC6069E42E1D9A6EB0C0C7E
:10ECF000B5EBEC0F4FEAEC0BDAD89C421BD204F1D7
:10ED000008029A1AD210AB45626009D9691C03EB5C
:10ED1000C102ED435D445560256843F831502260DF
:10ED20001C46C3F8048044F8087B00F0A1F9204693
:10ED300003B0BDE8F08FAA45216802D111602346D7
:10ED4000EEE7013504EBC50344F8351003F1080183
:10ED5000761AF6105E601360F1E700BF00930020A2
:10ED600073B50446A0F1080554F8043C50F8080CAB
:10ED70000733DB08061D44F8043C0C30019000F01A
:10ED80004BF9019833469E421A6801D0AB4228D213
:10ED90000AB1954225D244F8082C54F8042C1D6081
:10EDA00054F8081C013205EBC206B14206D14E6888
:10EDB000324444F8042C0A6844F8082C5E68711C3C
:10EDC00003EBC1018D4207D154F8042C01323244C7
:10EDD0005A6054F8082C1A6002B0BDE8704000F088
:10EDE00047B91346CFE700002DE9F341124C002844
:10EDF00018BF044604F10C0001900F46164600F0BF
:10EE00000BF9231D019800242546A0461B685BB919
:10EE10000FB1ED003D600EB1E400346000F028F960
:10EE2000404602B0BDE8F0815A68944208F10108FA
:10EE3000154438BF1446E9E70093002030B530246C
:10EE400084F31188064C0568E4680D600160C1E92F
:10EE500001420022C1E9032382F3118830BD00BFC3
:10EE600020930020302383F3118803461A461B6841
:10EE7000984203D08B42F9D11B681360002383F3BF
:10EE800011887047034BDA68136B23EA00011163A2
:10EE9000184070472093002008B5302383F3118871
:10EEA000FFF7F0FF002383F3118808BD302383F3BD
:10EEB00011880023C268C36083F311880069104081
:10EEC00070470000036B194390F8243001630A2B4C
:10EED00003D1836A194205D170470B2B06D1836A8F
:10EEE0008B4303D10023836200F064B970470000B4
:10EEF00008B5302383F31188FFF7E4FF00F0E8F949
:10EF0000002383F3118808BD70B5046806460D46DA
:10EF1000B44200D170BDE3682B43E36015B12369AF
:10EF20001D4203D0D4E90101FFF7CCFF2468EFE7CD
:10EF30000F4A70B5D6680546302282F31188346BCB
:10EF400004400CD119B984F31188204670BDB06219
:10EF50000A2000F04FF90028F5DB346B2C40336BAE
:10EF600023EA04033363002383F31188EDE700BF32
:10EF70002093002010B503461B68984203D09C687C
:10EF80008A689442F8D25A680B604A6011605960EE
:10EF900010BD00000023C0E90000836003617047DA
:10EFA00038B581681B4B0446DD6851B3A94212D1C4
:10EFB00003690133036138BD8B6091F824307BB164
:10EFC000062B14D1D1E90032886A13605A60FFF72A
:10EFD000D1FF8B6A9968AB688A689A42ECD306E0E5
:10EFE000D1E90032084613605A6000F0E3F8204689
:10EFF0002946FFF7BFFFAC620620BDE8384000F0AD
:10F00000DBB803698560013303616B6BC3606863C0
:10F01000D1E700BF2093002008B5302383F3118887
:10F02000FFF7BEFF002383F3118808BD0A4B8268F7
:10F03000DB6832B19A420CD10369013303610120CC
:10F04000704702698360013202615A6BC260586383
:10F05000F5E70020704700BF2093002008B530235B
:10F0600083F31188FFF7E2FF002383F3118808BDC3
:10F07000194BD96883688B4210B520D1302383F3B4
:10F0800011880269013A0261B2B90468C3684B632E
:10F09000A0421ED08A6B9BB98A600123036103687A
:10F0A0001A68026050605A6B8360C26058631846E9
:10F0B00000F080F800F00CF9002383F3118810BDF4
:10F0C0001C68A34203D0A468A24238BF2246DB6872
:10F0D000E1E78260F0E700BF20930020302383F354
:10F0E0001188054B986A837D01338375002383F370
:10F0F00011881038704700BF2093002010B53023CE
:10F1000083F31188084A036993421FBF9A7D013235
:10F11000A3F110049A7508BF0024002383F311881B
:10F1200000F0DEF9204610BD48930020002380F84F
:10F130002430826883691B6899689142FBD25A68BF
:10F14000036042601060586070470000002380F840
:10F150002430826883691B6899689142FBD85A6899
:10F1600003604260106058607047000008B50846B0
:10F17000302383F3118891F824200023052A06D830
:10F18000DFE802F00B050503120E826A13604FF0F0
:10F19000FF338362FFF7CAFF002383F3118808BDA2
:10F1A000826A936801339360D0E9003213605A6039
:10F1B000EDE70000FFF7BABF38B50D4BDD681C68FE
:10F1C00085F8240022681A605360012284F8242004
:10F1D000DC60EFF309832A6A643B9A4202D928462D
:10F1E00000F0F2FF29462046BDE83840E1F7A6BF0F
:10F1F0002093002030B50C4BDD684B1C87B00446D3
:10F200000FD02B46094A684600F0D0FA2046FFF797
:10F21000D3FF009B13B1684600F0D2FAA86A07B08A
:10F2200030BDFFF7C9FFF9E7209300206DF1020818
:10F2300070B5114E8162F36881689A689142044604
:10F2400003D8BDE87040FFF771BF1846FFF77EFF97
:10F250000123054684F82430F460EFF30983026A41
:10F26000643B9A4201D900F0AFFF29462046BDE831
:10F270007040E1F763BF00BF20930020044B1A6881
:10F28000DB6890689B68984294BF0020012070471B
:10F290002093002038B50D4B1C68D86822681A608E
:10F2A0005360012284F82420DC60FFF74FFF0546FD
:10F2B000EFF30983026A643B9A4201D900F084FFAC
:10F2C00029462046BDE83840E1F738BF20930020AA
:10F2D000044B1A68DB6892689B689A4201D9FFF771
:10F2E000D9BF704720930020C0E9000081607047BB
:10F2F0008368013B002B10B583600CDA074BDC6898
:10F300004368A062206063601C6044600520FFF7D2
:10F3100053FFA06A10BD0020FCE700BF209300202F
:10F3200008B5302383F31188FFF7E2FF002383F34E
:10F33000118808BD83680133002B836008DC0368F3
:10F340001A680260506000229A621846FFF732BFC6
:10F350007047000030B5114C87B001232370684618
:10F360000023C4E9013300F069F90425684600F080
:10F3700071F9684600F074F9013DF7D1009BA36074
:10F3800001F012FAFFF76EFC0549064801F066FA33
:10F390000223237085F3118807B030BDD09500207B
:10F3A0002C0004082093002000F040BAEFF31180F5
:10F3B00020B9EFF30583302282F3118870470000F3
:10F3C00010B530B9EFF30584C4F3080414B180F329
:10F3D000118810BDFFF77CFF84F31188F9E7000066
:10F3E000034A516853685B1A9842FBD8704700BFC4
:10F3F000001000E08B608B630023C1E90C33022313
:10F400008B84012381F82630CA6100F128020A6149
:10F41000C26A886101F110034A611360C36201F19D
:10F420002C03CB620846704703460A1A01338B420D
:10F4300088BF0122552103F0CDB80000D0E9013189
:10F4400041F8203CA1F1A40341F8343C036941F8A0
:10F45000643C436941F8603C044B41F8443C026819
:10F46000C36803484039FFF7C5BF00BF5511010805
:10F470002093002008B5FFF7E1FFBDE80840FFF743
:10F4800099BE0000F8B50C4641181F4605461646C1
:10F49000FFF7CAFF302383F31188A4F14001294408
:10F4A000A1F16403CB60069B41F8203C094B0A4A5A
:10F4B0000D6241F8247C41F8043C08483346FFF7CC
:10F4C00099FF00210446FFF7B3FE002383F3118860
:10F4D0002046F8BD55110108400004082093002083
:10F4E000302383F3118890F82630013B80F82630D2
:10F4F000436A03F0FF130F2B0FD1D0E904321360DE
:10F500005A60002383F3118890F8253003F0030339
:10F51000012B05D1006AFFF723BC002383F3118878
:10F520007047000038B50E4BDC68A06204F12C0572
:10F53000E06AA8420FD194F826303BB994F8253000
:10F540009B0702BFD4E9043213605A60BDE838401B
:10F550000F20FFF731BE0368E362FFF72BFEE7E7FA
:10F5600020930020302383F31188FFF7DBBF0000D6
:10F570000A4B10B5DB68302282F311889C6B9A68C5
:10F58000A24201D0824200D298609863FFF7A0FEA9
:10F59000002383F31188204610BD00BF2093002074
:10F5A00008B50146302383F311880820FFF722FEB7
:10F5B000002383F3118808BD054BDB6821B103608C
:10F5C00098620320FFF716BE4FF0FF30704700BF70
:10F5D0002093002003682BB1002202609962184634
:10F5E000FFF7E8BD70470000064BDB6839B14268A1
:10F5F00018605A60136043600420FFF7FBBD4FF0B2
:10F60000FF307047209300200368984206D01A68A4
:10F610000260506099621846FFF7CCBD7047000049
:10F6200038B504460D462068844200D138BD0368D1
:10F6300023605C608562FFF7BDFDF4E700234FF0B7
:10F64000FF32C0E90023C0E9023300220023C0E9F1
:10F6500004237047014B5B6883607047001000E033
:10F660000D4A0E4B9168C2685B680132C2608268C5
:10F670005B1A9B1AD0E90421D21841F10001C0E9BC
:10F680000421426883609342026888BF43609342CA
:10F6900038BF0360704700BFD0950020001000E025
:10F6A00010B503689C68A2420CD85C688A600B6045
:10F6B0004C602160596099688A1A9A604FF0FF3354
:10F6C000836010BD1B68121BECE700000A2938BFDD
:10F6D0000A2170B504460D460A26601901F05EF84D
:10F6E00001F046F8041BA54203D8751C2E460446BB
:10F6F000F3E70A2E04D9BDE87040012001F0F6B806
:10F7000070BD0000F8B5144B0D46D96103F110012E
:10F7100041600A2A1969826038BF0A220160486084
:10F720001861A818144601F029F80A2701F020F8FA
:10F73000431BA342064606D37C1C281901F02EF871
:10F7400027463546F2E70A2F04D9BDE8F8400120E4
:10F7500001F0CCB8F8BD00BF20930020F8B50646F4
:10F760000D4601F005F80F4A134653F8107F9F42EB
:10F7700006D12A4601463046BDE8F840FFF7C2BF31
:10F78000D169BB68441A2C1928BF2C46A34202D960
:10F790002946FFF79BFF224631460348BDE8F84063
:10F7A000FFF77EBF209300203093002010B4C0E903
:10F7B000032300235DF8044B4361FFF7CFBF000034
:10F7C00010B5194C236998420DD0D0E900328168F8
:10F7D00013605A609A680A449A60002303604FF0ED
:10F7E000FF33A36110BD2346026843F8102F536016
:10F7F0000022026022699A4203D1BDE8104000F065
:10F80000C7BF936881680B44936000F0B1FF226921
:10F81000E1699268441AA242E4D91144BDE810405B
:10F82000091AFFF753BF00BF209300202DE9F047CE
:10F83000DFF8BC8008F110072C4ED8F8105000F00B
:10F8400097FFD8F81C40AA68031B9A423ED814447C
:10F85000D5E900324FF00009C8F81C4013605A6027
:10F86000C5F80090D8F81030B34201D100F090FFF5
:10F8700089F31188D5E9033128469847302383F36B
:10F8800011886B69002BD8D000F072FF6A69A0EB79
:10F8900004094A4582460DD2022001F027F80022D1
:10F8A000D8F81030B34208D151462846BDE8F04799
:10F8B000FFF728BF121A2244F2E712EB090938BFFA
:10F8C0004A4629463846FFF7EBFEB5E7D8F8103030
:10F8D000B34208D01444211AC8F81C00A960BDE83E
:10F8E000F047FFF7F3BEBDE8F08700BF309300207C
:10F8F0002093002038B500F03BFF054AD2E90845C7
:10F90000031B181945F10001C2E9080138BD00BF09
:10F91000209300204FF0FF30704700000020704718
:10F920004FF0FF3070470000002070474FF0FF306D
:10F93000704700000120704700207047FEE700007C
:10F94000704700004FF0FF307047000002290CD0D4
:10F95000032904D00129074818BF00207047032A53
:10F9600005D8054800EBC2007047044870470020E6
:10F97000704700BF10010408F0230020C4000408F1
:10F9800070B59AB00546084601A9144600F0D2F8B1
:10F9900001A8E1F7F7FB431C5B00C5E90034002236
:10F9A000237003236370C6B201AB02341046D1B298
:10F9B0008E4204F1020401D81AB070BD13F8011B85
:10F9C00004F8021C04F8010C0132F0E708B53023FA
:10F9D00083F311880348FEF72FFE002383F3118879
:10F9E00008BD00BFDC95002090F85C3003F01F02DA
:10F9F000012A07D190F85D200B2A03D10023C0E92A
:10FA0000143315E003F06003202B08D1B0F8603008
:10FA10002BB990F85D20212A03D81F2A04D8FEF7BD
:10FA2000EDBD222AEBD0FAE7034A026507224265C0
:10FA300083650120704700BFE723002007B5052933
:10FA400017D8DFE801F0191603191920302383F3C2
:10FA50001188104A01900121FEF794FE01980E4A88
:10FA60000221FEF78FFE0D48FEF7B2FD002383F35F
:10FA7000118803B05DF804FB302383F31188074835
:10FA8000FEF77CFDF2E7302383F311880348FEF78D
:10FA900093FDEBE76400040888000408DC9500206F
:10FAA00038B50C4D0C4C0D492A4604F10800FFF7FF
:10FAB00067FF05F1CA0204F110000949FFF760FF72
:10FAC00005F5CA7204F118000649BDE83840FFF791
:10FAD00057BF00BF9C9A0020F02300204800040874
:10FAE000520004085A00040810B9024B1868704705
:10FAF00000207047E723002010B9024B5879704767
:10FB000000207047E723002070B5044608460D46E4
:10FB1000E1F738FBC6B22046013403780BB918462A
:10FB200070BD3246294603F019FA0028F3D10120AE
:10FB3000F6E700002DE9F84F05460C46E1F722FBF9
:10FB40002B49C6B22846FFF7DFFF08B10436F6B2EC
:10FB500028492846FFF7D8FF08B11036F6B2632EC1
:10FB60000DD8DFF88C90DFF88CA0DFF89480DFF8F8
:10FB700094B0214F2E7846B92670BDE8F88F2946FB
:10FB80002046BDE8F84F03F0BFB9252E2CD107223F
:10FB90004946284603F0E2F950B93B6823607B6888
:10FBA00063603B892381BB7AA37207350B34E1E79D
:10FBB00008225146284603F0D1F9A8B90F4BA21CE0
:10FBC00019780909023211F8081002F8041C13F818
:10FBD000011B01F00F015B4511F8081002F8031C2E
:10FBE000EED118340835C5E704F8016B0135C1E7DB
:10FBF000520004085A000408D4FB0308107AFF1FBF
:10FC0000300104081C7AFF1FBFF34F8F024AD368EC
:10FC1000DB03FCD4704700BF003C024008B5094B31
:10FC20001B7873B9FFF7F0FF074B1A69002ABFBFB3
:10FC3000064A5A6002F188325A601A6822F48062D9
:10FC40001A6008BDFA9C0020003C02402301674571
:10FC500008B50B4B1B7893B9FFF7D6FF094B1A6910
:10FC600042F000421A611A6842F480521A601A681F
:10FC700022F480521A601A6842F480621A6008BD49
:10FC8000FA9C0020003C02400728F0B516D80C4C26
:10FC90000C4923787BB90C4D0E4608234FF00062C7
:10FCA00055F8047B46F8042B013B13F0FF033A445C
:10FCB000F6D10123237051F82000F0BD0020FCE7AD
:10FCC0001C9D0020FC9C002044010408014B53F8BB
:10FCD000200070474401040808207047072810B529
:10FCE000044601D9002010BDFFF7CEFF064B53F8A4
:10FCF00024301844C21A0BB90120F4E7126801320B
:10FD0000F0D1043BF6E700BF44010408072870B5B2
:10FD100004462FD800F07EF9174E3060FFF746FBFF
:10FD2000FFF772FFFFF77AFF144AF323D360E30073
:10FD3000DBB243F4007343F002031361136943F42D
:10FD40008033136105462046FFF75EFFFFF79CFFF7
:10FD50000B4B53F8241000F033FA2846FFF778FFD6
:10FD6000FFF72EFB00F056F930602046BDE87040EA
:10FD7000FFF7B4BF002070BD209D0020003C024072
:10FD80004401040812F001032DE9F04105460E4636
:10FD900014464BD18118334A914261D8324B1B68CB
:10FDA00013F001035CD0314FFFF700FBFFF736FF84
:10FDB000F323FB60FFF728FF314640F20128032CB4
:10FDC00018D824F00104294E0C446D1A40F2011891
:10FDD000A142336905EB01072AD123F00103336106
:10FDE000FFF736FFFFF7ECFA0120BDE8F081043C95
:10FDF0000435E4E7AB07E4D13B6923F440733B618E
:10FE00003B6943EA08033B6151F8046B2E60BFF382
:10FE10004F8FFFF7F9FE2B689E42E8D03B6923F035
:10FE200001033B61FFF714FFFFF7CAFA0020DCE78C
:10FE300023F440733361336943EA080333610B8869
:10FE40003B80BFF34F8FFFF7DFFE3F8831F8023B67
:10FE5000BFB2BB42BCD0336923F001033361E1E799
:10FE60001846C2E70000080800380240003C024083
:10FE7000084908B50B7828B11BB9FFF7CFFE01235D
:10FE80000B7008BD002BFCD0BDE808400870FFF7E0
:10FE9000DFBE00BFFA9C002008B500F0BBF8054BA0
:10FEA0001B68C01A40F6B73398428CBF002001206F
:10FEB00008BD00BF209D00207047000010B504461B
:10FEC00010B90023184610BD014608220020FEF795
:10FED000D7FE034630B908222146FEF7D1FE03467D
:10FEE0000028EED018462246002102F073FB03469C
:10FEF000E8E7000038B578B1073020F007050822A0
:10FF000029460020FEF7BCFE044618B12A4600210F
:10FF100002F060FB204638BD0446FBE7FFF7EABF6E
:10FF200038B5044660B1014608220020FEF7A8FE5D
:10FF3000054618B12246002102F04CFB284638BD88
:10FF40000546FBE74843FFF7B9BF000008B1FEF7DD
:10FF500007BF704707B5002201A910460192FEF7BE
:10FF600043FF00F049FC019B184403B05DF804FB1B
:10FF700013B5049CCDE9003413460A46014600201F
:10FF800000F042FC02B010BD024B0360024B0B605C
:10FF900001207047249D00206401040802FB01F049
:10FFA000FFF78CBF0846FFF789BF00000846FFF740
:10FFB000CDBF000010F0010309D1064A904206D9D6
:10FFC0000844054988428CBF00200120704700206A
:10FFD000704700BFFF0000200000042038B5EFF399
:10FFE00011859DB9EFF30584C4F30804302334B1BF
:10FFF00083F31188FFF77EFC85F3118838BD83F306
:020000040803EF
:100000001188FFF777FC84F3118838BDBDE83840CC
:10001000FFF770BC38B5FFF7E1FF114C114AC0087B
:1000200040EA4170A0FB025EC908A0FB040C1CEB77
:10003000050CA1FB04404FF000035B41A1FB021241
:100040001CEB040C43EB000011EB0E0142F100022B
:10005000411842F10000090941EA007038BD00BFB3
:10006000CFF753E3A59BC42038B504460D46FFF7F0
:10007000B5FF844275EB010305D3241A024B65EBEF
:100080000105C3E9004538BD489D002008B5FFF7CC
:10009000A5FF034AD2E90032C01842EB010108BDB6
:1000A000489D002010B50244064BD2B2904200D1C8
:1000B00010BD441C00B253F8200041F8040BE0B21C
:1000C000F4E700BF502800400F4B30B51C6F2404EC
:1000D00007D41C6F44F400741C671C6F44F4004484
:1000E0001C670A4C236843F4807323600244084B66
:1000F000D2B2904200D130BD441C00B251F8045B32
:1001000043F82050E0B2F4E70038024000700040AD
:100110005028004007B5012201A90020FFF7C2FFC7
:10012000019803B05DF804FB13B50446FFF7F2FF36
:10013000A04205D0012201A900200194FFF7C4FFCD
:1001400002B010BD7047000070B520F00F0400F041
:100150000F01236862684E00CA40F340920003F02A
:10016000030302F004021A43A368F340DB0003F028
:1001700018031A43E368F3405B0103F06003134381
:1001800002070D4653BF206A606A08398D004ABFD6
:100190008900E840C840C00100F4F060184370BD19
:1001A00010B520F00F0400F00F00E36840000322B8
:1001B000824023EA020381400B43E36010BD00004C
:1001C0007047000070470000C069ECF78BBF00006B
:1001D00003461968B1F1553F1A4603F10403F8D0FC
:1001E000101A704770B505460C46012010211646BE
:1001F000FFF7A8FE286046733CB1204636B1FFF7F2
:100200008DFE2B68186000B19C6070BDFFF772FE18
:10021000F7E70000F8B50F461646044610B9012569
:100220002846F8BD427B38683146FFF7C3FE0546D5
:100230000028F4D13B686360A368B34210D213B1C5
:100240002068FFF783FE637B30462BB1FFF766FE25
:10025000206020B9A060E3E7FFF74CFEF8E7A66056
:1002600023683B6001252573DAE7000010B50446DA
:1002700040B10068884205D1606808B102F060F9B9
:100280000023237310BD0000F8B50F461646044640
:1002900010B901252846F8BD427B38683146FFF782
:1002A00089FE05460028F4D1A368B34210D213B1E9
:1002B0002068FFF74BFE637B30462BB1FFF72EFE25
:1002C000206020B9A060E5E7FFF714FEF8E7A6601C
:1002D000396819B12068324602F032F923683B6070
:1002E00001252573D6E7000020B103688B4204BFC7
:1002F000002303737047000008B1002303737047A5
:10030000074B45F255521A6003225A6040F2FF72C1
:100310009A604CF6CC421A60024B01221A70704768
:1003200000300040549D0020034B1B781BB1034B51
:100330004AF6AA221A607047549D002000300040FF
:10034000034B1A681AB9034AD2F874281A60704726
:10035000509D002000300240024B4FF08072C3F8E5
:10036000742870470030024008B5FFF7E9FF024BE0
:100370001868C0F3407008BD509D0020CAB2014605
:100380000120FFF7A1BE0000CAB201460120FFF71D
:1003900089BE000070470000FEE700000A4B0B48D2
:1003A0000B4A90420BD30B4BDA1C121AC11E22F0DF
:1003B00003028B4238BF0022002102F00BB953F830
:1003C000041B40F8041BECE7680E0408689D00203D
:1003D000689D0020689D002030B5039C01720433A5
:1003E00004FB0325C0E90653049B03630021059B1E
:1003F000C160C0E90000C0E90422C0E90842C0E9C8
:100400000A11436330BD0000416A0022C0E90411B3
:10041000C0E90A22C2606FF00101FFF701B90000D4
:10042000D0E90432934201D1C2680AB9181D70475D
:100430000020704703691960C2680132C260C26956
:10044000134482690361934224BF436A036100211C
:10045000FFF7DAB838B504460D46E3683BB1626988
:10046000131D1268A3621344E362002007E0237A9D
:1004700033B929462046FFF7B7F80028EDDA38BD32
:100480006FF00100FBE70000C368C269013BC36075
:100490004369134482694361934224BF436A4361C1
:1004A00000238362036B03B11847704770B5302394
:1004B000044683F31188866A3EB9FFF7CBFF0546F1
:1004C00018B186F31188284670BDA36AE26A13F852
:1004D000015BA362934202D32046FFF7D5FF0023BE
:1004E00083F31188EFE700002DE9F84F04460E462C
:1004F000174698464FF0300989F311880025AA461F
:10050000D4F828B0BBF1000F09D141462046FFF7CF
:10051000A1FF20B18BF311882846BDE8F88FD4E9FC
:100520000A12A7EB050B521A934528BF9346BBF15D
:10053000400F1BD9334601F1400251F8040B43F838
:10054000040B9142F9D1A36A40334036A36240358F
:10055000D4E90A239A4202D32046FFF795FF8AF393
:100560001188BD42D8D289F31188C9E730465A466E
:1005700001F0E6FFA36A5B445E44A3625D44E7E7E3
:1005800010B5029C0172043303FB0421C0E9061379
:100590000023C0E90A33039B0363049BC460C0E9E2
:1005A0000000C0E90422C0E90842436310BD000016
:1005B000026AC260426AC0E904220022C0E90A223B
:1005C0006FF00101FFF72CB8D0E904239A4201D162
:1005D000C26822B9184650F8043B0B6070470023EC
:1005E0001846FAE7C368C2690133C360436913441C
:1005F00082694361934224BF436A43610021FFF74C
:1006000003B8000038B504460D46E3683BB12369E2
:100610001A1DA262E2691344E362002007E0237A14
:1006200033B929462046FEF7DFFF0028EDDA38BD52
:100630006FF00100FBE7000003691960C268013A2E
:10064000C260C269134482690361934224BF436A52
:10065000036100238362036B03B1184770470000F6
:1006600070B530230D460446114683F31188866A1F
:100670002EB9FFF7C7FF10B186F3118870BDA36ACA
:100680001D70A36AE26A01339342A36204D3E16955
:1006900020460439FFF7D0FF002080F31188EDE7F2
:1006A0002DE9F84F04460D46904699464FF0300A22
:1006B0008AF311880026B346A76A4FB949462046F7
:1006C000FFF7A0FF20B187F311883046BDE8F88F0F
:1006D000D4E90A073A1AA8EB0607974228BF17463B
:1006E000402F1BD905F1400355F8042B40F8042B8B
:1006F0009D42F9D1A36A4033A3624036D4E90A236C
:100700009A4204D3E16920460439FFF795FF8BF341
:1007100011884645D9D28AF31188CDE729463A4651
:1007200001F00EFFA36A3B443D44A3623E44E5E76B
:10073000D0E904239A4217D1C3689BB1836A8BB175
:10074000043B9B1A0ED01360C368013BC360C369AE
:100750001A44836902619A4224BF436A03610023F9
:1007600083620123184670470023FBE700F036B987
:10077000014B586A704700BF000C0040034B002239
:1007800058631A610222DA60704700BF000C004013
:10079000014B0022DA607047000C0040014B5863A7
:1007A000704700BF000C0040024B034A1A60034A26
:1007B0005A607047589D0020689D0020000004206A
:1007C000074B10B55C684942201A08401968821A24
:1007D0008A4203D3A24201D85A6010BD0020FCE730
:1007E000589D002008B5302383F31188FFF7E8FFF8
:1007F000002383F3118808BD024BD3E90030C01AEF
:10080000704700BF589D0020F0B5174687B00822FA
:100810000D461E46FEF734FA0446D0B10C9B0493F5
:1008200041190D9B0593CDE90070CDE90216FEF745
:10083000FBFD302383F311886846FEF7FFFD01239B
:1008400080F8253000210446FEF7F2FC002383F3F4
:100850001188204607B0F0BDFEE7000070B51F4BC1
:1008600081630025044686B0586005630E46FBF799
:1008700047FC04F12803C4E90A3304F11003C4E976
:1008800004334FF0FF33C4E90635C4E90044A560E2
:100890006563FFF76DFF2B460246C4E9082304F1A8
:1008A0003C010F4AA56780232046FEF7A3FD73682D
:1008B000E0600362012380F824303169094AF0685E
:1008C0000092CDE90213084B0190CDE90435FEF703
:1008D000ABFD6846FEF7CEFD06B070BDD09500209A
:1008E000FCFF03087001040859080308024A536B0F
:1008F00018435063704700BF209300204B6843604B
:100900008B688360CB68C3600B6943614B6903628A
:100910008B6943620B6803607047000008B5234B86
:1009200023481A6942F0FF021A611A6922F0FF0295
:100930001A611A691A6B42F0FF021A631A6D42F0CB
:10094000FF021A651B4A1B6D1146FFF7D7FF02F124
:100950001C0100F58060FFF7D1FF02F1380100F5BE
:100960008060FFF7CBFF02F1540100F58060FFF7D4
:10097000C5FF02F1700100F58060FFF7BFFF02F1D3
:100980008C0100F58060FFF7B9FF02F1A80100F5C6
:100990008060FFF7B3FF02F1C40100F58060FFF74C
:1009A000ADFFBDE8084000F099B800BF0038024034
:1009B000000002407801040808B500F033FAFEF7A1
:1009C000C9FCFFF7BDFCFFF7C7FCFFF775FABDE8F0
:1009D0000840FFF765B80000704700000E4B1A6C26
:1009E00042F008021A641A6E42F008021A660B4AB4
:1009F0001B6E936843F008039360094B31229A629F
:100A00004FF0FF32DA6200229A615A63DA605A606C
:100A100001225A611A60704700380240002004E049
:100A2000000C0040094A08B51169D3680B40D9B2DF
:100A3000C9439B07116107D5302383F31188FEF763
:100A4000B3FC002383F3118808BD00BF000C0040F5
:100A500008B5204B1A6962F0FF021A611A69D2B216
:100A60001A614FF0FF301A695A69586100215A69BA
:100A700059615A691A6A62F080521A621A6A02F05F
:100A800080521A621A6A5A6A58625A6A59625A6AD3
:100A90001A6C42F080521A641A6E42F080521A6642
:100AA0001A6E0D4A106840F480701060186F00F4E0
:100AB0004070B0F5007F1EBF4FF480301867196793
:100AC000536823F400735360FBF722FFBDE808402E
:100AD00000F07CB900380240007000403B4B3C4ABB
:100AE0001A643C4A4FF4404111601A6842F0010216
:100AF0001A601A689007FCD59A6822F003029A607F
:100B0000324B9A6812F00C02FBD1196801F0F9011E
:100B100019609A601A6842F480321A601A68910368
:100B2000FCD55A6F42F001025A67284B5A6F920760
:100B3000FCD5294A5A601A6842F080721A60254A28
:100B400053685804FCD5214B1A689101FCD5234AFF
:100B5000C3F884201A6842F080621A601A68120191
:100B6000FCD51F4A9A600322C3F88C204FF0006224
:100B7000C3F894201B4B1A681B4B9A421B4B21D184
:100B80001B4A11681B4A91421CD140F203121A60A1
:100B9000164A136803F00F03032BFAD10B4B9A6824
:100BA00042F002029A609A6802F00C02082AFAD116
:100BB0005A6C42F480425A645A6E42F480425A6639
:100BC0005B6E704740F20372E1E700BF00380240FD
:100BD000000400100070004008194002103000248A
:100BE00000948838002004E011640020003C02409A
:100BF00000ED00E041C20F41074A08B5536903F018
:100C00000103536123B1054A13680BB1506898473B
:100C1000BDE80840FBF798BA003C0140E08C00209A
:100C2000074A08B5536903F00203536123B1054A2B
:100C300093680BB1D0689847BDE80840FBF784BAC9
:100C4000003C0140E08C0020074A08B5536903F0DE
:100C50000403536123B1054A13690BB150699847E6
:100C6000BDE80840FBF770BA003C0140E08C002072
:100C7000074A08B5536903F00803536123B1054AD5
:100C800093690BB1D0699847BDE80840FBF75CBA9F
:100C9000003C0140E08C0020074A08B5536903F08E
:100CA0001003536123B1054A136A0BB1506A984788
:100CB000BDE80840FBF748BA003C0140E08C00204A
:100CC000164B10B55C6904F478725A61A30604D51A
:100CD000134A936A0BB1D06A9847600604D5104A4C
:100CE000136B0BB1506B9847210604D50C4A936BDC
:100CF0000BB1D06B9847E20504D5094A136C0BB1D0
:100D0000506C9847A30504D5054A936C0BB1D06C81
:100D10009847BDE81040FBF717BA00BF003C014000
:100D2000E08C0020194B10B55C6904F47C425A61D8
:100D3000620504D5164A136D0BB1506D9847230513
:100D400004D5134A936D0BB1D06D9847E00404D5D8
:100D50000F4A136E0BB1506E9847A10404D50C4A8C
:100D6000936E0BB1D06E9847620404D5084A136F96
:100D70000BB1506F9847230404D5054A936F0BB10C
:100D8000D06F9847BDE81040FBF7DEB9003C01404A
:100D9000E08C002008B50348FCF7F0FFBDE80840F0
:100DA000FBF7D2B9388E002008B50348FCF7E6FF00
:100DB000BDE80840FBF7C8B99C90002008B5FFF7D4
:100DC00031FEBDE80840FBF7BFB90000062108B5B9
:100DD0000846FDF755F806210720FDF751F80621D2
:100DE0000820FDF74DF806210920FDF749F80621F6
:100DF0000A20FDF745F806211720FDF741F80621E6
:100E00002820FDF73DF807213220FDF739F80C21A5
:100E10002520FDF735F8BDE808400C212620FDF718
:100E20002FB8000008B5FFF713FEFBF715FEFDF71E
:100E300053F8FDF759FAFDF77FFCFDF727FBFFF7A5
:100E4000CBFDBDE80840FFF791BC00000B46014612
:100E5000184601F051BB000010EE103A184A23F07A
:100E6000004393421BDDB3F1FF4F02DB30EE400A3B
:100E7000704700B583B0684600F056FC00F00300F0
:100E80000128DDED010A9DED000A0CD0022812D0E8
:100E900070B1012001F03AF903B05DF804FBDFED19
:100EA000090A00F077BD01F031F9B1EE400AF3E72D
:100EB00000F070FDF0E700F06DFDB1EE400AEBE7E9
:100EC000D80F493F0000000010EE103A194A23F0F5
:100ED000004393421CDDB3F1FF4F02DB30EE400ACA
:100EE000704700B583B0684600F01EFC00F00300B8
:100EF0000128DDED010A9DED000A0ED0022813D075
:100F000070B100F047FDB1EE400A03B05DF804FB9C
:100F1000DFED090A002001F0F9B800F03BFDF4E72D
:100F2000012001F0F3F8F0E7012001F0EFF8B1EE55
:100F3000400AEAE7D80F493F0000000000F0C6B8B9
:100F400008B52DED028BB0EE408A00F067F9164B24
:100F500093F900300133F0EE408A12D0B0EE480A27
:100F600001F0FEF968B1DFED117AB4EEE78AF1EE37
:100F700010FA12DCDFED0E7AB4EEE78AF1EE10FA29
:100F800004D4B0EE680ABDEC028B08BD01F0C2FAD1
:100F90002223DFED088A0360F3E701F0BBFA222386
:100FA000DFED058A0360ECE7102400208071B14278
:100FB000B5F1CFC2000000000000807F08B52DED24
:100FC000028BF0EE408AB0EE608A00F01DFA0E4B04
:100FD00093F9003001330BD0F4EE488AF1EE10FAA9
:100FE00006D6DFED0A8AB4EE688AF1EE10FA02D076
:100FF000BDEC028B08BD01F08DFA88EEA80ABDECAD
:10100000028B2123036008BD102400200000000093
:1010100008B52DED028BB0EE408A00F085FA144B36
:1010200093F90030013314D0B4EE488AF1EE10FA8F
:101030000FD6B5EEC08AF1EE10FA0ADCB5EE408AA2
:10104000F1EE10FA08D101F065FA22239FED090AAA
:101050000360BDEC028B08BD01F05CFABDEC028BB5
:10106000034621221A600448BDE8084001F0CCB9CB
:1010700010240020000080FF5802040808B52DED60
:10108000028BB0EE408A00F081FC0E4B93F90030E9
:1010900001330BD0B4EE488AF1EE10FA06D6DFED3C
:1010A0000A8AB4EEE88AF1EE10FA02D4BDEC028BA3
:1010B00008BD01F02FFA88EEA80ABDEC028B2123AF
:1010C000036008BD102400200000000010B582B0AD
:1010D000CDED010A019B23F00042B2F1FF4FF0EE8B
:1010E000407A30DC10EE100A20F00041B1F1FF4FE1
:1010F00029DCB3F17E5F42D09C1704F0020444EA7D
:10110000D07431B37AB3B2F1FF4F40D0B1F1FF4F99
:1011100029D08A1AB2F1F45F4FEAE25134DA002B97
:1011200042DA3C3140DA9FED340A012C4ED0022CD9
:1011300043D064B19FED317ADFED317A30EE070AAA
:1011400030EE670A03E09DED017A37EE270A02B020
:1011500010BD022C10D09FED2B0A032C18BFB0EE4F
:10116000670A02B010BD9FED280ADFED287A00283B
:10117000B8BFB0EE670AEAE79FED210AE7E702B0E1
:10118000BDE8104001F00AB89FED1F0ACDE7B1F1AC
:10119000FF4F04F1FF3420D0022C26D81C4B03EB68
:1011A000840494ED000AD2E79DED017A87EE870A68
:1011B00001F0CEF800F0F2FFB7E79FED107ADFED17
:1011C000107A30EE070A37EEC00AC0E710EE103A88
:1011D00003F1004300EE103AB9E7022C08D80D4B9A
:1011E00003EB840494ED000AB1E79FED030AAEE738
:1011F0009FED090AABE700BF000000002EBDBB3326
:10120000DB0F4940DB0F49C0DB0FC93FDB0FC9BF14
:10121000680204085C020408DB0F493F10EE103A34
:1012200023F00042B2F1FF4F55D84FEAD37100F0DE
:1012300096806348834251DC002BC0F28980614B69
:101240009A4250D9604B9A4200F29C805F4B604AB0
:1012500003EB810393ED004A02EB8102C1F101032C
:1012600030EE444A92ED007A5B1A34EE470ADFED25
:10127000597ADFED594A9FED595A9FED596ADFEDD2
:10128000595A60EE006AE6EEA74AA4EEA65AA5EE09
:10129000266AE6EE265AB0EE406AA5EEE66A002B14
:1012A00047D0F0EE006A60EE065A36EEC66AF7EEF8
:1012B000007A85EE860A13F17D0F37EE400A30EE94
:1012C000440A37EEC00A51DB10EE102A02EBC3537A
:1012D00000EE103A704730EE000A70479FED420A68
:1012E00020EE000A7047B2F1465F0AD2DFED3E7A87
:1012F00070EE277AB7EE007AF4EEC77AF1EE10FAC4
:101300005ADC60EE007A9FED337ADFED335A9FEDC1
:10131000336ADFED336AE7EE875A9FED327AA7EE44
:10132000A56AE7EE866AB0EE406AA7EEA67AA7EE57
:10133000C76AF0EE007A60EE066A36EE676AB7EECC
:10134000007AC6EE867A37EEC00A37EE400A70475A
:10135000264B9A427FF673AF9FED250A7047DFED6B
:10136000247A002918BFB0EE670A704710EE102AE1
:10137000643302EBC353DFED1F7A00EE103A20EE28
:10138000270A70471C4B9FED1D7A9FED1D6ADFED0C
:101390001D6A03EB8103D3ED007AE0EE077AB0EE2D
:1013A000404AFDEEE77AB8EEE77A17EE903AA7EEFC
:1013B000464A27EE267A58E730EE070A704700BF04
:1013C0001772B1421872B13E9115853F7C02040834
:1013D000840204084CBB31330EEADDB555B38A38BC
:1013E000610B36BBABAA2A3ECAF24971B5F1CF42B6
:1013F000000000000000800D740204083BAAB83F02
:101400008071313FD1F7173730B583B0CDED010A88
:10141000019D35F0004041D010EE10EA2EF000435F
:10142000B3F1FF4F3ADAB0F1FF4F37DC83423BDBD9
:101430000EF000443AD01EF0FF4F56D11902002999
:101440006FF07D0204DD4900002902F1FF32FADC71
:1014500015F0FF4F57D101026FF07D0C03D4490006
:101460000CF1FF3CFBD512F17E0F47DBCEF31603E8
:1014700043F400031CF17E0F3ADBC5F3160040F481
:101480000000B2EB0C0204D117E00FD04B00013A80
:1014900013D0191A0029F8DA5B00F8E7DDED017ABC
:1014A00060EE277A87EEA70A03B030BD1D4B03EB31
:1014B000547393ED000A03B030BD181A58BF0346A9
:1014C0001BB9F3E75B000CF1FF3CB3F5000FF9DB50
:1014D0001CF17E0F1CDBA3F500030CF17F0C2343F2
:1014E00043EACC5300EE103ADEE7DA157F3AAFE775
:1014F0006FF07D01A1EB0C018840C2E76FF07D0128
:10150000891A8B40B6E74FEAE05CACF17F0CAAE7A2
:101510006FF07D02A2EB0C0C43FA0CF3234300EEB8
:10152000103AC1E78C02040810EE103A33F0004282
:101530002ED0002B33DBB3F1FF4F40DAB3F5000FB1
:1015400034DB4FF0000C6848C3F31601084400F484
:10155000000282F07E520A43DB1500EE102A7F3B28
:10156000624A634401F10F0CF7EE007A0CEA0202C2
:1015700030EE670A03EBD05322BBB5EE400AF1EE22
:1015800010FA60D1002B40F092809FED590A70470D
:101590009FED587ADFED567A87EE270A704770EE96
:1015A000407A9FED537A87EE870A7047DFED527AD3
:1015B00060EE277A6FF0180C17EE903AC3E730EE22
:1015C000000A7047F0EE007A70EE277A07EE103AC4
:1015D00080EE274A4948C1F55712084402F52272A5
:1015E0000243002A9FED463ADFED464ADFED465AB8
:1015F000DFED463A9FED465ADFED467ADFED466A6B
:1016000024EE046AF8EEC72A26EE067AE7EE034ACD
:10161000A7EE235AE4EE875AE5EE076AE5EE877AED
:1016200067EE867AE6EE877A2ADDB6EE007A20EE5D
:10163000077A27EE007A4BBB77EE877AA7EEC47A5B
:1016400030EE470A7047B6EE007ADFED346AF0EE0E
:10165000477AE0EE667A20EE007A27EE277A002BB2
:10166000EED007EE903A9FED2E6ADFED2E6AF8EE8F
:10167000E77AA7EEC67A37EE400A97EEA60A7047D9
:1016800013BB70EE677AA7EEC40A7047DFED246AD9
:101690009FED246A77EE877A62EEA66AE7EE846AA7
:1016A00037EE667A37EE400A92EE860A704707EE0A
:1016B000903A9FED1B0A9FED1B7AF8EEE77A27EE32
:1016C000800AA7EE870A70479FED157ADFED156A4D
:1016D00070EE677A27EE627AA7EE847A37EE400AD8
:1016E00092EEA60A704700BF20FB4A00F0FF7F0081
:1016F00000000000000000CC0000004C305CCFFF78
:101700009788173E25333A3E2549923E4FD01C3EDE
:10171000298E633EABAA2A3FCDCCCC3EABAAAA3ED3
:10172000D1F717378071313F70B510EE103A894A02
:1017300023F00044944286B0054670DD864A944208
:1017400010EE106A22DC002BDFED847A844A24F04C
:101750000F04B0EE407A40F3E480944270EE677A72
:1017600009BFDFED806A9FED807A9FED807A77EE8A
:10177000E67A012077EEC76A77EEE67AC5ED006A71
:1017800077EEC77AC5ED017A06B070BD784A94420B
:1017900054DDB4F1FF4F49DAE215863AA4EBC253A7
:1017A00007EE903ABDEEE77ADFED726AB8EEC77ADF
:1017B00077EEC77A8DED037A67EEA67ABDEEE77A0B
:1017C000B8EEC77A77EEC77A8DED047A67EEA67A1F
:1017D000F5EE407AF1EE10FACDED057A40F090800A
:1017E000B5EE407AF1EE10FA14BF022301236249EC
:1017F00001910221009103A8294600F04DF9002E25
:10180000C2DA95ED007AD5ED017AB1EE477AF1EEC4
:10181000677A85ED007AC5ED017A4042B4E700228F
:1018200085ED000A4260002006B070BD70EE407A7F
:101830000020C5ED017AC5ED007AA5E700F088FD2E
:101840009FED4E7A9FED456AF6EE007AE0EE077A5C
:101850009FED457AFDEEE77A17EE900AF8EEE76A1B
:101860001F28A6EEC60A66EE877AB1EE666A1EDC0F
:10187000434A411E24F0FF0352F82120934216D020
:1018800030EE677A85ED007A30EE470A002E30EEB2
:10189000670A85ED010ABFF677AFB1EE477AB1EE80
:1018A000400A85ED007A85ED010A40426CE730EE92
:1018B000677AE21517EE103AC3F3C753C3EBD4545B
:1018C000082CDFDDDFED277A9FED287AF0EE405A15
:1018D000E6EE275A30EE650AA6EE270AF0EE407AC9
:1018E000D6EE877A35EEE77A17EE103AC3F3C75390
:1018F000D21A192A06DCB0EE650A85ED007AC3E734
:10190000032374E79FED1F7A9FED1F5AB0EE650A1F
:10191000A6EE070A75EEC07AE6EE077AD6EE857A6D
:10192000AEE7944270EE277A09BFDFED0E6A9FEDB5
:101930000E7A9FED0E7A77EEA67A4FF0FF3077EEB3
:10194000876A77EEE67AC5ED006A77EE877AC5EDAD
:10195000017A19E7D80F493FE3CB1640800FC93F02
:10196000D00FC93F004435374344353708A3852E8F
:10197000800F4943000080431403040884F9223F88
:101980009402040800A3852E32318D24B1EEC00AE2
:10199000704700BF10EE103A23F00043B3F1485FE8
:1019A0002CDAFDEEC07A17EE903A002B60D020EED4
:1019B000007ADFED317A9FED315ADFED315A9FED3C
:1019C000316ADFED316AA7EE275ADFED307AE7EEB4
:1019D000055AA7EE256AE7EE067AE7EE276A67EE74
:1019E000266A60EEC00AF6EE007AE7EE260AB7EE47
:1019F000000AD7EE270A30EE600A704720EE007A20
:101A0000DFED1D7A9FED1D5ADFED1D5A9FED1D6A1A
:101A1000DFED1D6A1E4AA7EE275A9342DFED1B7ABF
:101A2000E5EE075AA5EE876AE6EE077AE7EE876AE3
:101A300066EE876AD5DD174A934214DC03F17F43D3
:101A400007EE903AB7EE006A36EE676A60EEC00ABB
:101A5000F6EE005AD7EE257AE7EE260A77EEE00A90
:101A600036EE600A7047B6EE076AF5EE027AEDE7E9
:101A7000B7EE000A704700BF4ED747ADF6740F317E
:101A80007CF293B4010DD037ABAA2A3D610BB6BAF4
:101A90009999993E0000483F2DE9F04F2DED048BB8
:101AA000DBB01C4603930691A34B6899089253F848
:101AB0002150111D824604F1FF38C0F2A282D31ECC
:101AC00044BF13460433DB1002930133DB0007935A
:101AD000DDE907239B1A0593029B15EB0801A3EB95
:101AE000080316D401319FED957A699819441EAA0E
:101AF000002BA4BF50F8234007EE904A03F10103E6
:101B0000ACBFF8EEE77AF0EE477A8B42E2EC017A6E
:101B1000EED1002DC0F2E582039B1EA901EB8304E8
:101B200046AE4FEA830C4046EF180AEB8301B8F14A
:101B3000000FDFED827A09DB22465346F3EC016A9F
:101B400032ED017A8B42E6EE877AF7D10130B84266
:101B5000E6EC017A04F10404E9D109AB0AAF03EB26
:101B6000850907EB8503083B9FED769ADFED748AC4
:101B7000059804930AEB0C0446AE00955AAB03EBB0
:101B80008503002D13ED140A4FEA850B16DD06EBD5
:101B900085033A4660EE097AB0EE407AFDEEE77AC8
:101BA00073ED016AF8EEE77AB342A7EEE87A37EE12
:101BB000A60ABDEEC77AA2EC017AEBD1019000F043
:101BC00029FCB0EE408AB4EE000A28EE000A00F0CC
:101BD000D5FBF2EE007AA0EE678A01980028FDEEB0
:101BE000C89AF8EEE97A38EE678A79DD05F1FF3EAA
:101BF000C0F1080357F82E1041FA03FC0CFA03F366
:101C0000CB1AC0F1070219EE901A43FA02F26144AE
:101C1000002A47F82E3009EE901A69DCB5EE408AAA
:101C2000F1EE10FA40F0C180009B05F1FF3B5B45EF
:101C300010DC05F18043013B07EB83030021944650
:101C400053F804294B4541EA0201F9D162460029C3
:101C500040F0F380009B013B57F82330002B40F00D
:101C6000E880049B4FF0010C53F804290CF1010C9F
:101C7000002AF9D06B1CAC449E46039A5119029A73
:101C800002EB030B0BF1804B699A0BF1FF3B06EB68
:101C900083051EAB02EB8B0B03EB8101DBED017ABD
:101CA0009FED267AF8EEE77AB8F1000F0BF1040BFE
:101CB000C1ED007A0A4601F1040109DB534601E057
:101CC00072ED017AF3EC016AA342A6EEA77AF7D18E
:101CD0000EF1010EE645A5EC017ADFDD65464DE724
:101CE00040F09D806B1E57F823201212002A95DDCC
:101CF00019EE903A002D03F1010309EE903A40F3FA
:101D000096813968002940F08080012D26D03B461D
:101D10004FF0010C53F8041F00297AD00CF1010395
:101D2000C1F580719D4247F82C1016DD57F823103D
:101D3000BB4407EB83030AE05806040800000000D8
:101D4000000080430000803B0000C93F1968C1F1DA
:101D5000FF0143F8041B5B45F8D1012100280CDD8D
:101D6000012800F04581022807D105F1FF3C57F812
:101D70002C3003F03F0347F82C30022A7FF44EAF9B
:101D8000B7EE000A30EE488A00293FF447AF0992C7
:101D9000019000F03FFB38EE408A099A0198B5EEB9
:101DA000408AF1EE10FA3FF43FAF0292DDE90732CC
:101DB000B0EE480A981A0195009D00F02BFB1FED2C
:101DC000207AB4EEC70AF1EE10FADDE90132C0F272
:101DD00056815FED247A059960EE277A0831FDEE91
:101DE000E77A0591F8EEE77A03F1010BA7EEC70A4F
:101DF000FDEEE77ABDEEC00A10EE101A47F8231088
:101E000017EE903A47F82B302EE001234FF0000CEC
:101E100086E70CF1010CAC457FF47CAF9EE7F6EE53
:101E2000007AB4EEE78AF1EE10FA80F2EF80002239
:101E3000F4E66B1C9E469C461FE70599A1F108003D
:101E400057F82B1005902B46009D69B903F180438C
:101E5000023B07EB8303014653F804090BF1FF3BF8
:101E600008390028F8D0059105980092B7EE000ACD
:101E700000F0D0FABBF1000F009AC0F225814FEAC2
:101E80008B0E46AB03EB0E060EF1040C1FED537ADE
:101E900007EB0C03311D73ED017AF8EEE77ABB42D4
:101EA00067EE807A20EE070A61ED017AF3D1002D0A
:101EB0001FED5B6A4FF0000420DB9248DFED927A61
:101EC000B0EE467A3146002303E09C4208DBB0ECDA
:101ED000017AF1EC016A01339D42E6EE877AF4DA89
:101EE0005AAB03EB8403A34543ED287AA6F104061D
:101EF00004F1010305D0002D1C46DEDADFED827A05
:101F0000EEE7689902291CDC002900F392800FD1CA
:101F100032ABDFED7D7A9C443CED017A634577EE90
:101F2000877AF9D10AB1F1EE677A069BC3ED007AA0
:101F300019EE903A03F007005BB0BDEC048BBDE8EE
:101F4000F08F689B032BF3D1BBF1000F00F0D18021
:101F50005AAB734432A913ED287A01EB8B0373ED6E
:101F6000017AF0EE476A37EE277A994277EEC77A20
:101F700083ED007A77EEA67AC3ED017AEFD1BBF15B
:101F8000010F40F3B6800BF1804B5AAB0BF1FF3BD6
:101F90009E444FEA8B0B0BF104031EED287A0B4491
:101FA00033A873ED017AF0EE476A37EE277A98424C
:101FB00077EEC77A83ED007A77EEA67AC3ED017AE1
:101FC000EFD10BF1080BDFED507A01EB0B03083179
:101FD00033ED017A994277EE877AF9D1002A56D10A
:101FE0000699329A339B0A604B60C1ED027A9FE7F3
:101FF00005F1FF3C57F82C3003F07F0347F82C30F5
:10200000BBE6082307930023029361E519EE903A9B
:10201000002D03F1010309EE903AC8BF02223FF7F9
:1020200070AEF7EE007A37EEC88A0222F6E500219C
:1020300094E632A9DFED347A01EB830333ED017AC4
:10204000994277EE877AF9D19DED327A8ABB069B69
:10205000BBF1000FC3ED007A77EE677A0BDD33A991
:102060000123B1EC017A01339B4577EE877AF8DAE8
:102070000AB1F1EE677A069BC3ED017A58E7BDEE2F
:10208000C00A9B4610EE101A47F82310ECE6DDED6F
:10209000326A9DED337A069BF1EE666AB1EE477ABD
:1020A000F1EE677AC3ED006A83ED017AC3ED027A3F
:1020B0003EE7069BF1EE676ABBF1000F77EE677AA9
:1020C000C3ED006ACBDCD4E7689B022B0DDC002B50
:1020D00014DC7FF42DAFDFED0C7A002A3FF425AF3E
:1020E00021E7039B4FEA830C37E5689B032B7FF4C2
:1020F0001FAFDFED057A002AC9D171E7DFED027A63
:10210000A2E700BF300604080000000010EE103AFD
:1021100023F00043B3F1485F04DAFDEEC07A17EE16
:10212000903A5BB360EE007A9FED157ADFED155AB9
:102130009FED156ADFED156AE7EE875A9FED147A79
:10214000A5EEA76A20EE275AE6EE276AA6EEA77A42
:1021500030B9DFED106AE7EE876AA6EE850A7047B0
:1021600027EE457AF6EE006AA0EEA67ADFED0A6A5F
:10217000D7EE270AE5EE260A30EE600A704700BF68
:10218000D3C92E2F342FD7B21BEF3836010D50B9DB
:102190008988083CABAA2ABEABAA2A3E38B510EE05
:1021A000105A25F00044B4F1A14FF0EE407A0BDB59
:1021B000B4F1FF4F5BDCDFED537A9FED530A002D46
:1021C000C8BFB0EE670A38BD504B9C425EDCB4F12C
:1021D000445F4FDB4FF0FF3367EEA76ADFED4C4AF9
:1021E000DFED4C5A9FED4C5A9FED4C4A26EEA67AF5
:1021F000B0EE666AE7EE245A5A1CDFED494ADFED7D
:10220000496AA5EE875AE7EE246ADFED475ADFED0B
:10221000474AE6EE875AA5EE074A9FED455ADFED9D
:10222000456AA5EE875AE4EE074ADFED435AE4EE2D
:10223000876AE5EE075A66EE866A25EE877A3AD017
:102240003E4A02EB830276EE876A92ED000A3C4A30
:1022500096EEA70A02EB8303002D93ED007A70EE51
:10226000677A37EE670AAEDAB1EE400A38BD30EE73
:10227000000A38BD9FED337A30EE077AF7EE006A38
:10228000B4EEE67AF1EE10FAA4DD38BD00F060F8A5
:102290002D4B9C4216DCA3F5D0039C4227DCF0EECC
:1022A000007ABFEE007AA0EE277A002330EE270AEC
:1022B000C7EE007A90E776EE876AE6EEE77AB0EE50
:1022C000670A38BD214B9C420BDCF7EE087AB7EE6B
:1022D000007AA0EE277A022330EE670AC0EE077A72
:1022E0007AE7BFEE007AC7EE007A032374E7F7EED1
:1022F000007A30EE677A30EE270A0123C7EE007AC3
:102300006AE700BFDB0FC93FDB0FC9BFFFFFDF3E3E
:10231000D769853C59DA4B3D356B883D6E2EBA3D09
:1023200021A215BD6BF16EBD95879DBD2549123E5D
:10233000388EE3BDABAAAA3ECDCC4CBE74060408D1
:1023400064060408CAF24971FFFF973FFFFF1B4074
:1023500010EE103A23F0004300EE103A704700BF31
:1023600082B08DED010A019820F00040B0F1FF4FDE
:10237000ACBF0020012002B0704700BF10EE102A51
:10238000C2F3C7537F3B162B22F0004128DC002B01
:1023900018DB1A4919410A4221D0DFED197A70EE93
:1023A000277AF5EEC07AF1EE10FA18DD002A04DA89
:1023B0004FF4000040FA03F31A4422EA010300EE4E
:1023C000103A7047DFED0E7A70EE277AF5EEC07A9C
:1023D000F1EE10FA03DD002A08DB9FED0A0A7047D0
:1023E000B1F1FF4FFBD330EE000A7047FFEE007AE9
:1023F000002918BFB0EE670A704700BFFFFF7F00DB
:10240000CAF24971000000009FED010A704700BF49
:102410000000C07F82B08DED010A019B33F00042C5
:102420002AD0B2F1FF4F23D213F0FF4F28D19DEDF8
:10243000017ADFED2A7A2A4B67EE277A9842CDEDB2
:10244000017A37DB019BC3F3C752193A0244FE2AD3
:102450001ADD9FED240A9FED247A019B002BF0EEFC
:10246000407AB8BFB0EE470A20EE270A02B07047A4
:1024700030EE000A02B070479DED010A02B07047CD
:10248000D20D0244FE2AE4DC002A0BDC12F1160F06
:1024900017DA4CF250339842DBDC9FED140A9FEDC3
:1024A000147ADAE723F0FF4343EAC25300EE103A0E
:1024B00002B070479FED0D0ADDED017A27EE800A2C
:1024C000D8E7193223F0FF4343EAC253DFED097A1C
:1024D00007EE103A27EE270ACCE700BF0000004CB9
:1024E000B03CFFFFCAF24971CAF249F16042A20D45
:1024F0006042A28D0000003310B5054C13462CB18C
:102500000A4601460220AFF3008010BD2046FCE7DA
:1025100000000000014B1868704700BF1424002021
:1025200010B501390244904201D1002005E0037842
:1025300011F8014FA34201D0181B10BD0130F2E782
:102540000A44914200F1FF3300D1704710B511F8F1
:10255000014B03F8014F9142F9D110BD2DE9F04133
:10256000A3B1C91A17780144044603F1FF3C8C4219
:10257000204601D9002009E00578BD4204F101049C
:10258000F5D10CEB0405D618A54201D1BDE8F081C8
:1025900015F8018D16F801EDF045F5D0E7E70000DC
:1025A000884210B501EB020402D98442234607D8C1
:1025B000431EA14208D011F8012B03F8012FF8E7C0
:1025C000024401468A4200D110BD13F8014D02F8C1
:1025D000014DF7E702440346934200D1704703F8E8
:1025E000011BF9E72DE9FF4755EC104B002D0E4676
:1025F00019462B46BBBF05F100431D4600232D2382
:102600000B700D9BDDF830A0914623F02008BCBF75
:1026100022461446B8F1460F05D0B8F1450F00D157
:102620000136022100E0032103AB019302AB0093CA
:1026300045EC104B5346324601F076FCB8F1470F9B
:10264000074602D119F0010F22D0B8F1460F07EB6F
:10265000060910D13B78302B0AD1002200232046F6
:102660002946DEF713FA18B9C6F10106CAF8006068
:10267000DAF8003099440022002320462946DEF78C
:1026800005FA08B1CDF80C903022039B4B4507D3D7
:10269000039B0E9ADB1B3846136004B0BDE8F0873D
:1026A000591C03911A70F0E7F7B503460029B8BF2B
:1026B000494203F8022BB4BF2D222B220929427074
:1026C0002ADD0DF10704A4460A27A6460A4691FB17
:1026D000F7F607FB16153035632A04F1FF340EF8C0
:1026E000015C3146F1DC3031AEF1020504F8011C29
:1026F000441C294661450AD30DF10902A2EB0E02E2
:10270000654588BF00221344181A03B0F0BD11F8C4
:10271000012B04F8012FEDE7302330318370C170B5
:10272000031DF1E72DE9F04F2DED028B8DB00C4626
:10273000DDF8608016461F46054602F053FDD0F8CE
:1027400000A05046DEF71EFD00230A932368059380
:10275000D8F8003094F818B0073323F0070303F1DA
:102760000802C8F80020D3E90023C4E91223D4E901
:10277000128929F000430793CDF8188008EE100A5B
:102780009F4BDDE906014FF0FF32DEF7B1F988BB60
:10279000DDE906019A4B4FF0FF32DEF78BF948BBBB
:1027A0000022002340464946DEF77AF910B12D2376
:1027B00084F84330934B9448BBF1470F94BF98463D
:1027C000804603232361059B23F0040222604FF01F
:1027D0000009009733460BAA2146284600F0D8F995
:1027E000013040F090804FF0FF300DB0BDEC028B17
:1027F000BDE8F08F42464B4640464946DEF778F941
:1028000040B14B46002BBCBF2D2384F843307F489A
:102810007F4BD1E763680BF0DF0206925A1C3FD171
:1028200006236360059B616843F480620023039381
:102830000AABCDE901B309AB49EC108B00932260E0
:102840000DF123032846FFF7CDFE069B0999472B80
:10285000804608D1C81C02DB6368994241DDABF1B8
:10286000020B5FFA8BFBBBF1650F20D801395A468A
:1028700004F150000991FFF717FF0A9A1318012A73
:102880008146236102DC2268D20701D5013323612E
:102890009DF82330002B9CD02D2384F8433098E7FB
:1028A000069A472ABED1002BBCD10123B9E7BBF160
:1028B000660F18D1002963680BDD216113B9226806
:1028C000D00702D501330B442361A1654FF0000905
:1028D000DEE713B92268D20701D50233F4E70123FA
:1028E000F2E74FF0670B0A9B994205DB23682161F1
:1028F000D807EAD54B1CE7E70029D4BFC1F1020293
:1029000001221344E0E723685A0507D423694246AD
:1029100031462846B84701302CD164E7BBF1650F3A
:1029200040F2E080D4E9120100220023DEF7AEF885
:10293000002834D0374A012331462846B8470130B1
:102940003FF451AFDDE909239A4202DB2368D8073F
:1029500010D518EE103A524631462846B847013095
:102960003FF441AF4FF0000804F11A090A9B013B04
:10297000434509DC23689B0700F10581E0680B9B58
:102980009842B8BF184630E701234A4631462846E8
:10299000B84701303FF427AF08F10108E6E7099B8B
:1029A000002B39DC1B4A012331462846B847013049
:1029B0003FF419AFDDE90923134302D12368D90796
:1029C000D8D518EE103A524631462846B84701305D
:1029D0003FF409AF4FF0000904F11A0A099B5B426A
:1029E0004B4501DC0A9B92E70123524631462846BB
:1029F000B84701303FF4F7AE09F10109EEE700BF37
:102A0000FFFFEF7F88060408E46C0308E86C030806
:102A10008C0604087C7703080A9AA36D9A42A8BF23
:102A20001A46002A914637DC4FF0000B29EAE97973
:102A300004F11A02A36D0593A3EB09035B4533DC94
:102A4000DDE909239A423BDB2368DA0738D40A9B85
:102A5000059A09999A1AA3EB01099145A8BF9146D5
:102A6000B9F1000F35DC4FF0000829EAE97904F1EB
:102A70001A0ADDE909239B1AA3EB090343457FF7F3
:102A800079AF0123524631462846B84701303FF41A
:102A9000AAAE08F10108ECE7134631464246284643
:102AA000B8470130C0D19EE6012331462846059241
:102AB000B84701303FF497AE059A0BF1010BB9E727
:102AC00018EE103A524631462846B8470130BED17A
:102AD00089E6059A4B46424431462846B8470130BC
:102AE000C1D180E60A9A012A01DCDB0738D501232F
:102AF000424631462846B84701303FF474AE18EEDE
:102B0000103A524631462846B84701303FF46BAE82
:102B1000D4E9120100220023DDF7B8FFD8B90A9BDF
:102B200008F10102013B31462846B84701300ED179
:102B300059E60123524631462846B84701303FF452
:102B400052AE08F101080A9B013B4345F1DC4B46BC
:102B500004F15002DCE64FF0000804F11A0AF2E733
:102B600001234246DFE701234A4631462846B8475B
:102B700001303FF438AE08F10108E3680B995B1AA5
:102B80004345F0DCFAE64FF0000804F11909F4E7D8
:102B90002DE9F047164699468A680B69DDF82080D2
:102BA0009342B8BF1346336091F8432007460C4662
:102BB0000AB1013333602368990642BF3368023398
:102BC0003360256815F0060506D104F1190AE3689B
:102BD00032689B1AAB4226DC94F84320131E22680D
:102BE00018BF012392062BD404F14302494638460C
:102BF000C04701301ED02368E568326803F0060341
:102C0000042B08BFAD1AA36822690CBF25EAE5753D
:102C100000259342C4BF9B1AED1800261A34B54212
:102C20001AD1002008E00123524649463846C047E1
:102C3000013003D14FF0FF30BDE8F0870135C6E722
:102C4000E1185A1C302081F84300224494F84510C2
:102C500082F843100233C7E701232246494638462B
:102C6000C0470130E6D00136D9E700002DE9FF4723
:102C70000F7E0C9D782F914680460C469A4601F1B6
:102C8000430207D8622F0AD8002F00F0D880582FAF
:102C900000F0A38004F1420584F842703AE0A7F105
:102CA0006303152BF6D801A151F823F0052D030875
:102CB000192D0308952C0308952C0308952C03085F
:102CC000952C0308192D0308952C0308952C03084F
:102CD000952C0308952C0308252E0308492D03087D
:102CE000072E0308952C0308952C0308472E03088C
:102CF000952C0308492D0308952C0308952C0308EF
:102D00000F2E03082B681A1D1B682A6004F1420568
:102D100084F842300123A3E020682968060601F107
:102D200004030AD50E682B60002E03DA2D237642A9
:102D300084F843305E480A2319E00E682B6010F0D7
:102D4000400F18BF36B2EFE72B682068191D2960C5
:102D5000010601D51E6802E04606FBD51E885448D0
:102D60006F2F0CBF08230A23002184F843106568E5
:102D7000A560002DA2BF216821F0040121600EB9D9
:102D8000002D4DD01546B6FBF3F103FB1167C75D6F
:102D900005F8017D3746BB420E46F4D9082B0BD10E
:102DA0002368DE0708D5236961689942DEBF3023B6
:102DB00005F8013C05F1FF35521B2261CDF800A05A
:102DC0004B4603AA21464046FFF7E2FE01304CD1B4
:102DD0004FF0FF3004B0BDE8F087354881F845700A
:102DE0002968236851F8046B29601D0614D5DF0794
:102DF00044BF43F0200323601EB9236823F020035F
:102E000023601023B0E7236843F020032360782376
:102E1000284884F84530E3E7590648BFB6B2E6E7EC
:102E20001546BBE72B6826686169181D28603506C2
:102E30001B6801D5196002E07006FBD519800023DC
:102E400023611546BAE72B681A1D2A601D6862685F
:102E500000212846DEF79EF908B1401B60606368D8
:102E60002361002384F84330A8E723692A464946B2
:102E70004046D0470130ABD023689B0713D4E068AD
:102E8000039B9842B8BF1846A4E70123324649463F
:102E90004046D04701309BD00135E36803995B1A67
:102EA000AB42F2DCEBE7002504F11906F5E700BFC1
:102EB000300104089006040830B50B4D044614F8A0
:102EC000013B5A5D02F00302012A11F8012BA85CB4
:102ED00000F0030008BF2033012808BF2032981AF1
:102EE00001D1002AEBD130BDF5060408C9B2034672
:102EF00010F8012B1AB18A42F9D1184670470029FF
:102F000018BF0023F9E70000034611F8012B03F86E
:102F1000012B002AF9D1704770B50F4E04460A44C0
:102F20008A4201D1002013E014F8013B985D00F0C3
:102F30000300012811F8010B355C05F0030508BFFB
:102F40002033012D08BF20301B1A02D10028E7D101
:102F500070BD1846FCE700BFF506040810B57AB14D
:102F600003460139841813F8010B11F8012F904220
:102F700001D1A34201D1801A10BD0028F3D1FAE794
:102F80001046F9E710B50139034632B111F8014F87
:102F900003F8014B013A002CF7D11A440021934267
:102FA00000D110BD03F8011BF9E7000010B502467F
:102FB00001448A42134603D01C780132002CF8D118
:102FC000181A10BD70B504460D4645EC104B164658
:102FD00002F090FC51EC100B7EB1C5F30A53C3F123
:102FE0006B03002B09DD1B0503F17F55002405F55C
:102FF000401522462B46DDF7E1FA70BD2DE9F04F72
:103000002DED028B9DB01F4600231893A24B139207
:103010001B680593044618468846DEF7B3F84FF060
:10302000000A05464FF0000BCDF85C80179B1A781C
:103030002B2A4ED03BD80D2A34D8082A34D8002A5F
:103040003ED000230A93179E3378302B40F0B08097
:10305000737803F0DF03582B68D10A9B019318ABF8
:10306000029700938D4A19AB17A9204601F0B2FDD3
:1030700010F00707054605D0062F2CD10136002396
:1030800017960A93139B002B40F090850A9BEBB197
:1030900052460BF1004343EC102B1DB0BDEC028BEC
:1030A000BDE8F08F202ACCD101331793BEE72D2A3B
:1030B000C7D101220A925A1C17925B78002BC2D109
:1030C000139BCDF85C80002B40F06E8552465B462A
:1030D000E1E70022EEE7189A3AB135211AA802F08A
:1030E00015FD1899204602F0D3F8013F042F06D8A9
:1030F000DFE807F00A0314170A00DDE91AAB280716
:10310000C0D54BF0004BBDE7DDE91AA3199A23F4B3
:10311000801302F2334243EA025BF0E7DFF880B14A
:10312000EDE76FF0004B4FF0FF3AE8E7179B5A1CB2
:1031300017925B78302BF9D0002BA3D001234FF0EE
:1031400000090493179B0893CDF81C904F460A2260
:1031500017980678A6F13003D9B209292AD905991A
:103160002A46FFF7FBFE98B3002032463D46059005
:103170000346652A01D0452A18D11DB9049A024395
:103180009ED00025DDF85C8008F10102179298F8C6
:1031900001202B2A75D02D2A7BD04FF0000CA2F1F4
:1031A0003001092940F28280CDF85C8000269DE044
:1031B0000023C4E7082FD8BF079900F10100DABF48
:1031C00002FB0133079302FB093901371790BFE770
:1031D000179B5A1917925A5D002F37D005903D461C
:1031E000A2F13003092B12D90123C2E7179B5A1C05
:1031F00017925A780130302AF8D0A2F13103082B07
:1032000000F2D984179B0590002008930546303AB8
:1032100000F1010314D00599194405912B4600EBE8
:10322000050E0A21734513D12B18082B05F1010552
:1032300005441CDC07990A2303FB012307930023A1
:10324000179A511C179152781846C9E73846D2E7A9
:10325000082B04DC079E4E4307960133E2E703F197
:10326000010CBCF1100FD8BF01FB09F9F5E7102DD7
:10327000DCBF0A2303FB0929E1E7002305930123AF
:103280007CE74FF0000C08F10202179298F8022038
:1032900085E74FF0010CF6E734090408A40604089A
:1032A0000000F07F179A511C17915278302AF9D0FC
:1032B000A2F1310108293FF679AFA2F1300E179A39
:1032C0000692179A511C17915278A2F13006092ED6
:1032D00037D9069E891B082944F61F6602DC76450D
:1032E000A8BF7646BCF1000F00D07642002D4DD12C
:1032F000049901437FF4C6AE002B7FF4E1AE692A46
:1033000027D024DC492A24D04E2A7FF4D9AE9F4905
:1033100017A801F0B7FE00283FF4D2AE179B1B7828
:10332000282B2DD19A491AAA17A801F0BFFE05280B
:1033300026D11B9BDDF868A043F0FF4B4BF4E00B5C
:10334000A0E60A2101FB0E2EAEF1300EB9E76E2A7F
:10335000DBE7904917A801F095FE00283FF4B0AED6
:10336000179B8D49013B17A8179301F08BFE10B9ED
:10337000179B01331793DFF830B24FF0000A81E654
:10338000864802F009FC5BEC10AB7BE6059B0798D6
:10339000F31A002F08BF2F46102D0693A846A8BF8A
:1033A0004FF01008DDF790F8092D82468B4613DDAB
:1033B0007B4B03EBC80353E91223DDF7FFF882468A
:1033C00048468B46DDF780F802460B465046594684
:1033D000DCF73EFF82468B460F2D38DC069B002B28
:1033E0003FF450AE24DD162B0BDC6D4901EBC3011D
:1033F000D1E9000152465B46DDF7E0F882468B4694
:1034000040E6069AC5F12503934220DB644CC5F1E2
:103410000F0504EBC50152465B46D1E90001DDF71B
:10342000CDF8069B5D1B04EBC504D4E90023E3E75C
:10343000069B16330BDB059B9E1B594B03EBC60605
:10344000D6E9002350465946DDF7E2F9D6E7069B58
:10345000A5EB08089844B8F1000F74DD18F00F03CD
:103460000AD04F4901EBC30152465B46D1E9000146
:10347000DDF7A4F882468B4638F00F084FD0B8F538
:103480009A7F22DD00252E46079505952223DFF839
:1034900018B123604FF0000A079B002B3FF4F2ADF8
:1034A0001899204601F0F4FE0599204601F0F0FE3F
:1034B0003146204601F0ECFE0799204601F0E8FE77
:1034C0002946204601F0E4FEDCE5364B0493002358
:1034D0004FEA2818504659469946B8F1010F21DCA9
:1034E0000BB182468B462F4BABF1547B03EBC909E2
:1034F00052465B46D9E90001DDF760F82A4B0A46DF
:103500000B402A498B428246BCD8A1F580118B42E0
:1035100086BFDFF89CB04FF0FF3A02F1547B0023E6
:10352000049384E018F0010F05D0049BD3E9002335
:10353000DDF744F80123049A083209F101094FEA42
:1035400068080492C9E7EAD0C8F1000818F00F0231
:103550000AD0134B03EBC20350465946D3E900236C
:10356000DDF756F982468B465FEA2818D7D0B8F1C6
:103570001F0F1FDD00252E460795059522234FF0CE
:10358000000A4FF0000B236086E700BFE96C0308D8
:10359000B8060408E56C0308FB0704083A6D030845
:1035A000F0090408C80904080000F07F0000A07CAE
:1035B000FFFFEF7F18F0100318BF6A23DFF8AC930A
:1035C000049350465946002318F0010F04D0D9E95E
:1035D0000023DCF7F3FF01235FEA680809F108091B
:1035E000F2D10BB182468B46049BC3B1CBF30A5296
:1035F000C2F16B03002B594611DD1F2B40F32481D0
:10360000342BDEBFC2F14B024FF0FF3303FA02F25C
:103610004FF0000ACCBF4FF05C7B02EA010B0022A6
:10362000002350465946DDF731FA0028A2D1079B06
:10363000009308992B463A46204601F091FE0790E8
:1036400000283FF41FAF059B9E1B069B002BB4BFB9
:10365000334600230C93069B002523EAE373129361
:103660002E46079B2046596801F0D2FD05900028A0
:103670003FF40CAF079B1A69023203F10C01920070
:103680000C30FEF75DFF4BEC10AB1AAA19A92046CF
:1036900002F0ACF94BEC18AB189000283FF4F6AEF2
:1036A0000121204601F0F6FE064600283FF4EEAE6A
:1036B000199B0499002BABBF0C9A129A129FDDF84C
:1036C0003090ACBF03EB0209D71A1A9AA3EB01089A
:1036D0009044A14B08F1FF389845C2F1360280F2C0
:1036E000C780A3EB08031F2BA2EB03024FF00101DD
:1036F00000F3B18001FA03F30D930023089309EB63
:103700000208049BC14517441F444B46A8BF4346CB
:10371000BB42A8BF3B46002BC2BFA8EB0308FF1A61
:10372000A9EB03090C9B002B17DD31461A462046F6
:1037300001F070FF064600283FF4A8AE0146189A33
:10374000204601F0BDFE0B9000283FF49FAE189973
:10375000204601F09DFD0B9B1893B8F1000F00F37C
:103760008C80069B002B08DD129A0599204601F0FB
:1037700051FF059000283FF489AE002F08DD059920
:103780003A46204601F0A0FF059000283FF47EAEA7
:10379000B9F1000F08DD31464A46204601F094FF9A
:1037A000064600283FF472AE059A1899204602F0AA
:1037B00017F8054600283FF469AEC3680B93002351
:1037C000C360314601F0F0FF002860DA0B9B53EA3A
:1037D0000A0340F08280CBF31303002B7DD12BF042
:1037E00000431B0D1B05B3F1D66F76D96B6913B976
:1037F0002B69012B71DD29460122204601F064FF6F
:103800003146054601F0D0FF002866DD0499534A91
:103810005B46002900F0818002EA0B01B1F1D66F0E
:103820007BDCB1F15C7F7FF7A9AE4D4B504659462A
:103830000022DCF7C3FE0B46034308BF2223824667
:103840008B4608BF23602BE64FF0FF3202FA03F3EA
:1038500003EA0A0AE3E6C8F17F4808F57F0808F59D
:103860007B4808F1E20801FA08F308930D9146E756
:103870000023089301230D9341E7189942462046FF
:1038800001F022FF189000287FF46BAFFEE55F4641
:103890006ED10B9ACBF3130342B3324A934228D131
:1038A000049B5146EBB12D4B3B40B3F1D46F4FF02D
:1038B000FF3219D81B0DC3F16B0302FA03F39942CF
:1038C00017D1294B9F4202D101313FF4DFAD234B89
:1038D0003B4003F5801B4FF0000A049B002BA4D152
:1038E000DEE54FF0FF33EAE71346E8E753EA0A0361
:1038F0008CD0089BDBB13B42EFD00B9B049A504627
:103900005946C3B1FFF75EFB02460B4651EC180B5C
:10391000DCF79EFC82468B46DFE71340A3F580135D
:103920006FEA135B6FEA0B5B4FF0FF3AD5E70D9B35
:1039300013EA0A0FE0E7FFF745FB02460B4651EC9E
:10394000180BDCF783FC0022002382468B46DDF750
:103950009DF80028C1D011E602FCFFFF0000F07FB7
:1039600000005039FFFF0F00FFFFEF7FCC06040877
:103970003146284602F096F859EC108B10EE100AEA
:1039800000224FF080434946DDF794F800287AD0B2
:103990000B9B002B4AD0954B0022CDE90823DFF882
:1039A0004C924FF00008924B3B400D930D9A914B77
:1039B0009A4240F0B080DDE90801A7F1547B4BEC5E
:1039C00010ABCDE9080101F095FFDDE9080153ECEA
:1039D000102BDCF7F3FD52465B46DCF739FC0B4657
:1039E0008349854A19409142824660D918EE903A3F
:1039F00002F15472934204D118EE103A01333FF4AD
:103A000045ADDFF800B24FF0FF3A1899204601F0BB
:103A10003FFC0599204601F03BFC3146204601F071
:103A200037FC2946204601F033FC1AE6BAF1000FB4
:103A30001BD1CBF31303F3B96C4B0022404649462C
:103A4000DDF72EF8D0B9404649466C4B0022DCF732
:103A5000B5FD8046894609F10043CDF850801593A5
:103A6000DDE91423CDE908239DE7BAF1010F02D166
:103A7000002F3FF483AD624B00228EE7DFF87C918C
:103A80004FF00008E7E75D4B404649460022DCF76F
:103A900095FD0B9B8046894633B901F100430E909A
:103AA0000F93DDE90E23DDE7CDE90E89F9E703F198
:103AB000547B049B002BA8D12BF000430D9A1B0DC7
:103AC0001B059A42A1D140464946DDF7B3FBDCF71E
:103AD00047FD02460B4640464946DCF7B7FB0B9ACA
:103AE000CBF3130343EA0A0313438046894655D0B8
:103AF00036A3D3E90023DCF7D3FF00287FF4D0AC52
:103B000034A3D3E9002340464946DCF7E7FF002809
:103B10003FF47BAFC4E4049B33B30D9BB3F1D46F8C
:103B200022D82EA3D3E9002340464946DCF7C2FF42
:103B3000A0B149464046DDF719F8012838BF0120F9
:103B4000DCF7C2FC0B9B8046894623BB01F1004396
:103B500010901193DDE91023CDE90823099B0D9AFC
:103B600003F1D6639B1A0993DDE90801B0EE480A18
:103B7000F0EE680ACDE9080101F0BCFEDDE90801BC
:103B800053EC102BDCF71AFD53EC182BDCF760FB21
:103B900082468B468DE7CDE91089DBE711A3D3E997
:103BA0000023DCF77DFFB2E700230A93139A179BEB
:103BB0001360FFF76BBA652A3FF45FAB452A3FF409
:103BC0005CAB0123FFF794BBAFF300809535A09465
:103BD000FFFFDF3F35E5AF350000E03F0000C0FFED
:103BE000FFFFDF419535A094FFFFCF3F0000F03F7E
:103BF0000000F07F0000E07FFFFF9F7C0000E03FBF
:103C00000000F0BFFFFFEF7F2DE9F041DFF8AC804F
:103C1000264B0A462DED028B0146D8F80000FFF72F
:103C2000EDF955EC104B10EE102A10EE100A2B4651
:103C30002946DCF75DFF90B1002D1D4809DAFEF73B
:103C4000E3FBB1EE408AB0EE480ABDEC028BBDE862
:103C5000F081BDEC028BBDE8F041FEF7D5BB2046FC
:103C60002946DCF7A3FF08EE100ADFED127AB0EE6A
:103C7000C87AB4EE677AF1EE10FAE4DD25F0004779
:103C80000D4B4FF0FF3220463946DCF731FF40B98B
:103C9000094B4FF0FF3220463946DCF70BFF002876
:103CA000D1D0D8F8003022221A60CCE77C24002042
:103CB0003A6D0308FFFF7F7FFFFFEF7F1424002092
:103CC000F0B508B9106888B10446204614F8015BC5
:103CD0000F4617F8016B1EB965B91560284605E057
:103CE000B542F6D1002BF0D114600370F0BD1C4634
:103CF0000CE015B914F8013B0E4616F8015BAB4217
:103D0000F7D1002BF3D0002304F8013C1460EDE759
:103D10000123FFF7D5BF00002DE9F043364F86465B
:103D20000D46284615F8014BE65D16F00806F8D159
:103D30002D2C2FD12C780126851C002B57D0102B31
:103D400009D1302C07D1287800F0DF00582849D15C
:103D50006C78102302354FF0FF380027B8FBF3F8DA
:103D600003FB08F96FEA09093846A4F1300CBCF1ED
:103D7000090F14D86446A34222DD002F1DDB8045C5
:103D80001BD301D1A14518DB00FB0340012715F827
:103D9000014BEAE72B2C04BF2C78851CCDE7A4F15E
:103DA000410CBCF1190F01D8373CE4E7A4F1610CD8
:103DB000BCF1190F04D8573CDDE74FF0FF37E6E7B9
:103DC000002F07DA2223CEF800304FF0FF3032B94F
:103DD000BDE8F08306B14042002AF9D007B1691E60
:103DE0001160F5E73024002BB5D10823B3E7302C60
:103DF000A9D00A23AFE700BFF506040813460A4618
:103E0000014602480068FFF787BF00BF1424002066
:103E10002DE9F74F03690C69A3420746C0F2818080
:103E2000013C01F1140800F1140505EB8403019332
:103E300058F8243055F8242001339A424FEA840B75
:103E400008EB8409B2FBF3F631D34FF0000E404685
:103E5000AC46F24650F8042B93B206FB03E34FEA5C
:103E6000134E9BB2AAEB0303120CDCF800A006FB76
:103E700002E213FA8AF34FEA124E1FFA82FADCF8D2
:103E80000020CAEB124202EB23429BB243EA0243F8
:103E900081454CF8043B4FEA224ADBD255F80B30FF
:103EA0002BB9019B043B9D421A462ED33C613846F8
:103EB00001F07AFC002824DB013628464FF0000C84
:103EC00058F8042BD0F800E093B2ACEB0303120CCB
:103ED00013FA8EF3C2EB1E4202EB23429BB243EA7B
:103EE0000243C14540F8043B4FEA224CE8D255F862
:103EF000242005EB840322B9043B9D421A460AD3D1
:103F00003C61304603B0BDE8F08F1268043B002AE4
:103F1000CCD1013CC7E71268043B002AF0D1013C38
:103F2000EBE70020EEE700002DE9F04F2DED048BCC
:103F300057EC106B93B0456ADDF88080069110EE67
:103F400010AA044609920C93BB4675B91020FBF7E2
:103F5000B5FF0246606220B9A74BEA21A74801F0ED
:103F600031FEC0E901550560C560636A196851B149
:103F70005A684A60012393408B60204601F088F91B
:103F8000636A00221A603B1EAABF002323F0004B85
:103F9000C8F800309A4BBCBF0122C8F8002033EAB1
:103FA0000B031BD10C9A42F20F731360CBF3130374
:103FB000334300F09285219B63B9924B22E0924BF0
:103FC00001930833219A1360019813B0BDEC048B60
:103FD000BDE8F08F8B4B01930333F3E700220023FE
:103FE00050465946DCF752FD4BEC19AB804658B1B0
:103FF0000C9A01231360219B002B00F06B858348F2
:104000001860431E0193DFE74BEC10AB10AA11A917
:10401000204601F0EBFCCBF30A5508EE100A002D08
:1040200000F0848019EE903AC3F3130343F07F57F6
:10403000564647F44017A5F2FF35CDF83880744B4B
:10404000002230463946DCF701F965A3D3E90023A5
:10405000DCF7B4FA64A3D3E90023DCF7F9F80646E9
:1040600028460F46DCF740FA61A3D3E90023DCF7CA
:10407000A5FA02460B4630463946DCF7E9F8064613
:104080000F46DCF74BFD00220090002330463946F6
:10409000DCF706FD50B10098DCF726FA32463B46C5
:1040A000DCF7F4FC10B9009B013B0093009B162B3E
:1040B0005AD8009A574B03EBC203D3E9002351ECC3
:1040C000190BDCF7EDFC002850D0009B013B00935E
:1040D00000230B93109B5D1B6B1E059345BFC5F121
:1040E00001030493002300234CBF05930493009B1A
:1040F000002B3DDB059B009A0A9213440593002395
:104100000793069B092B00F28980052BC4BF043B53
:104110000693069BA3F10203CCBF00250125032BC8
:1041200000F28780DFE803F02D3A3859DDE91053BB
:104130001D4405F23243202BC1BFC3F1400305F2F9
:1041400012400BFA03F326FA00F0DABFC3F12003A2
:1041500006FA03F01843DCF7B7F901230646A1F18C
:10416000F877013D0E936AE70123B2E70B90B1E7C0
:10417000049B009A9B1A04935342079300230A93CB
:10418000BFE700230893099B002B55DC0123CDE9F1
:1041900002331A4609920CE00123F3E70023099A3F
:1041A0000893009B134402930133012B0393B8BF80
:1041B0000123606A00224260042202F114069E423A
:1041C00041683DD9204601F023F8019000283BD1F9
:1041D000114B02464FF4D571C0E60123DFE700BF63
:1041E00061436F63A787D23FB3C8608B288AC63FFD
:1041F000FB799F501344D33F050804081C080408AA
:104200000000F07F01080408F80704087D77030820
:104210000000F83FF009040899080408012500236C
:10422000069308954FF0FF33CDE9023300221223A5
:10423000B0E701230893F5E7099BCDE90233B8E71E
:10424000013141605200B8E7636A019A1A60039B2A
:104250000E2B00F29D80002D00F09A80009B002B19
:1042600032DDB74A03F00F0302EBC303D3E9008941
:10427000009BD8054FEA231716D5B24B51EC190B0A
:10428000D3E90823DCF7C4FA07F00F0782468B4610
:104290000325AC4E57B942464B4650465946DCF7CB
:1042A000B7FA82468B4628E00225F2E7F90708D5DF
:1042B00040464946D6E90023DCF780F901358046BF
:1042C00089467F100836E5E700F09B80009B9D4FF4
:1042D0005E429B4B06F00F0203EBC203D3E90023BF
:1042E00051EC190BDCF76AF9361182468B46002334
:1042F0000225002E7AD1002BD3D10B9B002B00F08E
:104300008280914B002250465946DCF7C9FB0028B9
:1043100079D0039B002B76D0029B002B36DD009BCF
:10432000504659465F1E0022884BDCF747F9029E33
:1043300082468B4601352846DCF7D6F852465B4666
:10434000DCF73CF9824B0022DBF782FFD046D946EE
:104350008246A1F1507B002E58D17E4B0022404670
:104360004946DBF773FF52465B4680468946DCF7D9
:10437000B5FB002840F0958252460BF100434046C1
:104380004946DCF78DFB002840F089825BEC19ABD5
:10439000119B002BC0F24881009A0E2A00F3448141
:1043A000674B03EBC203D3E90089099B002B80F222
:1043B000D580039B002B00F3D18040F06F82654BCA
:1043C000002240464946DCF7F9F852465B46DCF7E6
:1043D0007BFB039E3746002840F04582019D312338
:1043E00005F8013B009B0133009340E2F20705D53D
:1043F000D7E90023DCF7E2F801350123761008370E
:1044000077E7022579E7009F039E94E701994C4BDB
:1044100031440D91089903EBC60353E902230029A7
:1044200043D04D490020DCF7F3F952465B46DBF7F9
:104430000DFF019D82468B4649464046DCF76EFBE8
:104440000646DCF751F802460B4640464946DBF784
:10445000FDFE303605F8016B52465B4680468946C4
:10446000DCF71EFB002863D142464B46364900204C
:10447000DBF7ECFE52465B46DCF712FB002840F00F
:10448000B5800D9B9D4281D0304B0022504659464D
:10449000DCF794F82D4B82468B4640464946002275
:1044A000DCF78CF880468946C6E750465946DCF76B
:1044B00085F80D9B019D0F9382468B4649464046E9
:1044C000DCF72CFB0646DCF70FF8303602460B46CD
:1044D00040464946DBF7BAFE05F8016B0D9B9D424D
:1044E000804689464FF0000224D11B4B5046594666
:1044F000DBF7AEFE02460B4640464946DCF7EEFAD5
:10450000002873D152465B4613490020DBF79EFE1C
:1045100002460B4640464946DCF7C2FA00283FF403
:1045200035AF0F9D6B1E0F9315F8013C302BF8D063
:10453000009749E0054BDCF741F880468946BDE726
:10454000F0090408C80904080000F03F00002440F6
:1045500000001C40000014400000E03F019D564652
:104560005F4642464B4630463946DCF751F9DCF7A8
:10457000D5FA8246DBF7B8FF42464B46DCF71EF819
:1045800002460B46304639460AF13006DBF75EFE3E
:1045900005F8016B019E039FAE1BB74202460B4616
:1045A00035D1DBF755FE42464B4606460F46DCF753
:1045B00095FAD0B942464B4630463946DCF766FAA2
:1045C00010B11AF0010F10D1204618EE101A00F0A9
:1045D0005FFE002300982B700C9B01301860219B1C
:1045E000002B3FF4F1AC1D60EEE4009F2B461D460E
:1045F00013F8012D392A06D1019A9A42F7D101996F
:10460000302201370A701A7801321A7090E7A64BEF
:104610000022DBF7D3FF0022002306460F46DCF71B
:1046200035FA00289DD0CFE7089A002A00F0D780FD
:10463000069A012A00F3BA800E9A002A00F0B2808E
:1046400003F23343079E049D049A1A440492059A88
:1046500001211A442046059200F01CFF0746002D58
:104660000CDD059B002B09DDAB42049AA8BF2B464D
:10467000D21A0492059AED1AD31A0593079B1BB31D
:10468000089B002B00F0AF80002E13DD3946324628
:10469000204600F0BFFF18EE102A014607462046CC
:1046A00000F00EFF18EE101A8046204600F0F0FDD4
:1046B00008EE108A079B9A1B06D018EE101A2046A7
:1046C00000F0A8FF08EE100A0121204600F0E2FEEB
:1046D0000A9B002B064640F388801A460146204676
:1046E00000F098FF069B012B064640F381804FF0B7
:1046F0000008336906EB8303186900F07BFEC0F104
:104700002000059B184410F01F0000F09280C0F1BB
:104710002003042B40F38A80C0F11C00049B034457
:104720000493059B034405440593049B002B07DD7C
:1047300018EE101A1A46204600F0C6FF08EE100ABE
:10474000059B002B05DD31461A46204600F0BCFFD4
:1047500006460B9B002B6ED018EE100A314601F076
:1047600023F8002867DA009B013B18EE101A00932B
:104770000A220023204600F0ADFD089B08EE100A37
:10478000002B00F0B181002339460A22204600F0B8
:10479000A1FD029B002B074600F38E80069B022B97
:1047A00051DC89E0109BC3F136034BE7039B5E1E8F
:1047B000079BB342BFBF079B0796F21A0A9BB6BF7F
:1047C0009B189E1B0A93039BB8BF0026002BB7BF04
:1047D000DDE90323DDE903359D1A002334E7079E55
:1047E000049D089F3BE7079A67E7069B012B18DCAF
:1047F000BAF1000F15D1CBF3130393B92BF000439B
:104800001B0D1B0583B1049B01330493059B0133EE
:1048100005934FF001080A9B002B7FF46AAF01203B
:104820006FE74FF00008F6E79846F4E73FF47DAFF6
:1048300018461C3072E7039B002B37DC069B022BCB
:1048400034DD039B0293029B6BB93146052220465F
:1048500000F040FD0146064618EE100A00F0A4FFE5
:1048600000283FF7BBAD099B019DDB4300934FF050
:1048700000083146204600F00BFD002F3FF4A4AEA7
:10488000B8F1000F05D0B84503D04146204600F0EE
:10489000FFFC3946204600F0FBFC95E60026374633
:1048A000E1E70097374699E500002440089B002B7C
:1048B00000F0CA80039B0293002D05DD39462A468D
:1048C000204600F001FF0746B8F1000F5BD0796881
:1048D000204600F09DFC054628B9874B024640F271
:1048E000EA21FFF73BBB3A690232920007F10C0163
:1048F0000C30FDF725FE01222946204600F0E4FE9B
:10490000019B03F10109DDE90123134405930AF03A
:104910000103B84604930746314618EE100AFFF724
:1049200077FA4146029000F1300A18EE100A00F0C2
:104930003BFF3A4603903146204600F051FFC268E3
:1049400009F1FF3B054602BB014618EE100A00F0D4
:104950002BFF024629462046079200F099FCDDE92C
:10496000063243EA0201049B0B434D460FD1BAF1D4
:10497000390F2AD0039B002B02DD029B03F1310A81
:104980008BF800A075E73846BAE70122E2E7039BFF
:10499000002B04DB06990B4304990B4322D1002A18
:1049A000EEDD18EE101A0122204600F08DFE314691
:1049B00008EE100A00F0F8FE002803DCE0D11AF03F
:1049C000010FDDD0BAF1390FD7D139238BF8003080
:1049D0002B461D46013B15F8012C392A71D00132B6
:1049E0001A7046E7002A07DDBAF1390FEDD00AF157
:1049F00001038BF800303CE7059B09F801AC9945B1
:104A000047D018EE101A00230A22204600F062FC5C
:104A1000B84508EE100A4FF000034FF00A02414675
:104A2000204606D100F056FC8046074609F10109F0
:104A300072E700F04FFC3946804600230A222046E8
:104A400000F048FC0746F1E7039B0293019D18EE36
:104A5000100A3146FFF7DCF900F1300A019B05F836
:104A600001ABEA1A029B934209DD18EE101A0023EB
:104A70000A22204600F02EFC08EE100AE7E7029B0F
:104A8000002BC8BF1D46019BD8BF01251D444FF018
:104A9000000818EE101A0122204600F015FE3146DB
:104AA00008EE100A00F080FE002891DC02D11AF016
:104AB000010F8DD12B461D4613F8012D302AFAD057
:104AC000D7E6019A9A4284D1009B013300933123A7
:104AD0001370CEE6094BFFF795BA219B002B7FF4AC
:104AE0006EAA074BFFF78EBA029B002BAEDC069B2B
:104AF000022B3FF7A8AEA9E7990804087C770308C2
:104B0000F80704080369B3EB611F2DE9F0434FEA8E
:104B1000611200F1140445DD11F01F0104EB83065E
:104B200004EB82050CD100F110072946B14234D3C1
:104B30009B1A9B00EA1E964238BF0023234415E0CF
:104B400054F82270C1F12008CF4005F1040EA146AF
:104B50007645F44615D89A1A9200043A0135AE42C9
:104B600038BF0022A318A75007B104331A1BA34271
:104B70004FEAA20208BF0023026108BF4361BDE8FB
:104B8000F083DCF800C00CFA08FC4CEA070749F88F
:104B9000047B5EF8047BCF40DAE751F804CB47F89A
:104BA00004CFC3E72346E1E7A0F13003092B02D885
:104BB0002038C0B27047A0F16103052B01D84738F7
:104BC000F7E7A0F14103052B01D82738F1E70020D2
:104BD000704700002DE9F04F2DED028B89B008EEF3
:104BE000100A0493B44B1B68019318468B469046F9
:104BF000DCF7C8FA019BDBF800200344824613F877
:104C0000013C0593931CC2F1FF2202F57F02FE32A4
:104C1000D1181F4613F8010B00913028F8D0FFF788
:104C2000C3FF044600283AD1019952463846FEF7A0
:104C300095F90546002868D117F80A0007EB0A061F
:104C4000FFF7B2FF002862D03346187830281F469D
:104C500003F10103F9D0FFF7A7FF0123B0FA80F4B5
:104C60006409354600933A46164601323078FFF71C
:104C70009BFF0028F8D1019952463046FEF76EF9A5
:104C800080B94DB906EB0A052A461646013230783E
:104C9000FFF78AFF0028F8D1AD1BAD0004E0002427
:104CA0002546E0E7002DF7D1337803F0DF03502BE2
:104CB0003BD173782B2B2CD02D2B2ED0711C4FF089
:104CC00000090878FFF770FF431EDBB2182B2CD8C1
:104CD000A0F1100211F8010FFFF766FF431EDBB2CF
:104CE000182B1DD9B9F1000F00D052421544CBF852
:104CF0000010E4B1009B002B14BF002706273846A4
:104D000009B0BDEC028BBDE8F08F3E46254601247C
:104D1000CAE74FF00009B11CD3E74FF00109FAE7E9
:104D20000A2303FB0202103AD4E73146DFE7F31B04
:104D3000013B2146072B0BDC18EE100A00F068FA45
:104D4000044640B95D4B0246DE215D4800F03AFF63
:104D500001315B10EEE700F114094FF0000BCAF1CE
:104D60000103CDF80890CDF800B00693B74240D3C8
:104D70000298009B40F8043BA0EB0900801046011C
:104D80002061184600F036FB301AD8F80060B042B7
:104D900063DD871B3946204600F0DCFE8246A8B161
:104DA0007B1E591103F01F0259F821104FF0010A20
:104DB0000AFA02F20A4209D0534505DDB91E20461F
:104DC00000F0C8FE002845D14FF0020A39462046BF
:104DD000FFF798FE3D44D8F80830AB424CDA18EEA5
:104DE000100A214600F054FA149A00231360A327F6
:104DF00085E7731E059A039316F8013C934219D078
:104E0000BBF1200F07D1029B009A43F8042B0293B9
:104E1000002300939B4616F8010CFFF7C5FE009B8C
:104E200000F00F0000FA0BF0034300930BF1040BAA
:104E3000039B0DE0039B069A1344BB42E0D3184644
:104E4000019907935246FEF789F8079B0028D7D1AE
:104E50001E468BE74FF0030AB8E70ADA371A2146F5
:104E600018EE100A3A4600F02FFCED1B044600F144
:104E700014094FF0000AAEE7D8F80400A84272DD2A
:104E8000451BAE4236DCD8F80C30022B2AD0032B5F
:104E90002CD0012B1CD1AE421AD1012E12D1049A72
:104EA000D8F80430136001232361C9F80030149B43
:104EB00062271C6023E700BF34090408990804082E
:104EC000AC080408711E204600F044FE0028E6D11C
:104ED00018EE100A214600F0DBF9149A0023136043
:104EE00050270CE7159B002BF2D1D8E7159B002B20
:104EF000D5D1EDE76F1EBAF1000F31D127B1394698
:104F0000204600F027FE82467B11012159F823300C
:104F100007F01F0701FA07F71F422946204618BF6E
:104F20004AF0020A761BFFF7EDFDD8F8045002277D
:104F3000BAF1000F48D0D8F80C30022B15D0032B53
:104F400017D0012B09D11AF0020F06D0D9F80000B2
:104F50004AEA000A1AF0010F0ED147F0100733E0B9
:104F60004FF0010AD0E70127E2E7159BC3F10103E7
:104F70001593159B002BF0D0D4F810B004F1140356
:104F80004FEA8B0A03EB8B014FF0000C184653F8E5
:104F9000042BB2F1FF3F1CD001320260022F04F15A
:104FA00014033FD1D8F80020013AB2420AD171115E
:104FB000012253F8213006F01F0602FA06F61E42BF
:104FC00018BF174647F02007149B1C60049B1D6008
:104FD00095E6994243F804CCD8D8A3689B4519DBE1
:104FE000616818EE100A013100F012F9814618B913
:104FF0001A4B02468421A8E62269023204F10C0110
:1050000092000C30FDF79CFA214618EE100A00F0D1
:105010003FF94C4623695A1C04EB830322610122A9
:105020005A61BBE722695A450BDD01212046FFF793
:1050300069FDD8F808300135AB42FFF6D0AE012744
:10504000C0E716F01F06FAD05344C6F1200653F805
:10505000040C00F0CFF9B042E7DBF0E79908040850
:10506000C2F10802920070B5C2F1200643680468DC
:1050700003FA06F52C43D340046040F8043F88420D
:10508000F4D370BD30B50368013311F8014B14B986
:105090000360012030BD13F8012BA2F14105192D49
:1050A00098BF2032A242F0D00020F3E72DE9F04F64
:1050B0000B685E1102EB860613F01F0387B018BF62
:1050C00004360025371F904602680193824646F851
:1050D000045CB9463C460295AB465178531C039399
:1050E00041B3084605920491FFF75EFD00284FD1B9
:1050F0000499059A202918D8029B9B4513DD4C453D
:1051000006D2072D04DC2A4649462046FFF7A8FFB1
:10511000444550D90023A4F1040944F8043CCDF8D7
:1051200008B04C461D46039AD7E7292956D10232CA
:10513000CAF80020BBF1000F50D04C4506D2072D15
:1051400004DC2A4649462046FFF78AFF444534D905
:10515000A8F10402234653F8041B42F8041F9F429F
:10516000F9D23B1B23F0030304330134033EB44262
:1051700088BF04234344002243F8042B9F42FBD200
:105180003B681BB9474527D101233B60052026E03A
:105190000135082D0BF1010B06DD4445C3D9002371
:1051A00044F8043C0125043C226800F00F0040EA6A
:1051B00002122260B7E70825B5E7019B002BDFD07C
:1051C0004FF0FF32C3F1200322FA03F356F8042C08
:1051D0001A4046F8042CD3E7043FD1E7042007B077
:1051E000BDE8F08F004870476C25002082B001B9FF
:1051F00001A942B14BB113780B601278101E18BF91
:10520000012002B070471046FBE76FF00100F8E79D
:1052100070B5466A04460D4676B91020FAF74EFE80
:105220000246606220B9184B1848662100F0CAFC9B
:10523000C0E901660660C660666AF36883B1636AA6
:10524000DB6853F82500B8B9012101FA05F6721D93
:1052500092002046FAF7A2FE60B1C0E901560EE0C6
:10526000212204212046FAF799FE636AF060DB6888
:10527000002BE4D1002070BD026843F825200023F4
:10528000C0E90333F7E700BF05080408480904082C
:1052900070B5466A05460C4676B91020FAF70EFE40
:1052A0000246686220B9094B09488A2100F08AFC4D
:1052B000C0E901660660C6603CB16B6A6268DB6883
:1052C00053F82210216043F8224070BD05080408FD
:1052D000480904082DE9F0410D6907460C461E46B1
:1052E00001F1140C0020DCF8003099B202FB0161DE
:1052F0001E0C0B0C02FB063389B2013001EB03419B
:1053000085424CF8041B4FEA1346ECDC0EB3A3684D
:10531000AB4219DC616838460131FFF779FF8046FE
:1053200028B902460C4B0D48B52100F04BFC226910
:10533000023204F10C0192000C30FDF701F9214614
:105340003846FFF7A5FF444604EB850301355E614F
:1053500025612046BDE8F081990804084809040841
:105360002DE9F8430C4615461F4609220833064628
:1053700093FBF2F3002101229A4209DB3046FFF74A
:1053800047FF40B90246194B1948CE2100F01AFCDC
:1053900052000131F0E7089B4361092D4FF00103F2
:1053A000036116DD04F10909C8462C4418F8013BD5
:1053B0000146303B0A223046FFF78CFFA045F5D16D
:1053C000A5F108044C442D1B6319BB4204DBBDE866
:1053D000F8830A340925F6E714F8013B0146303B0F
:1053E0000A223046FFF776FFEEE700BF990804086F
:1053F00048090408030C1B04D3B90004102310F05F
:105400007F4F04BF0002083310F0704F04BF00014B
:10541000043310F0404F04BF80000233002805DB46
:1054200010F0804F03F1010308BF20231846704796
:105430000023E4E7036813F0070201460BD0DA0704
:1054400023D4980749BF5B089B0801200B605CBF11
:105450000B600220704798B2A8B91B0C1020DAB27A
:105460000AB908301B0A1A0704BF1B0904309A073F
:1054700004BF9B080230DA0703D45B0800F1010087
:1054800005D00B6070471046E9E7002070472020E8
:105490007047000010B50C460121FFF7B9FE024627
:1054A00028B9054B05484FF4A07100F08BFB012390
:1054B0004461036110BD00BF99080408480904084D
:1054C0002DE9F04F91460A69D9F810309A42B8BFD9
:1054D0000B460C46BCBF4C4699462769D9F810A02C
:1054E000A368616807EB0A06B34285B0B8BF013113
:1054F000FFF78EFE30B90246444B454840F25D113D
:1055000000F060FB00F1140505EB86082B46002235
:10551000434521D304F1140303EB870709F1140376
:1055200003EB8A0202923A1B153A22F0030204327C
:1055300004F115018F4238BF04220192029A0393AD
:105540009A420CD8002E03DD58F8043D002B5AD0A7
:10555000066105B0BDE8F08F43F8042BD8E7B3F837
:1055600000A0BAF1000F24D004F1140EA9464FF0A8
:10557000000C5EF8042BD9F800101FFA82FB89B2E8
:105580000AFB0B114FEA124BD9F8002061444FEA95
:10559000124C0AFB0BC202EB114289B241EA0241F2
:1055A000774549F8041B4FEA124CE2D8019A45F8B6
:1055B00002C0039AB2F802900433B9F1000F20D070
:1055C000296804F1140CAE464FF0000ABCF800B094
:1055D000BEF8022009FB0B22924489B241EA0A413B
:1055E0004EF8041B5CF8042BBEF80010120C09FBEB
:1055F000021101EB1A4167454FEA114AE6D8019AB8
:10560000A95004359AE7013E9CE700BF99080408B9
:10561000480904082DE9F843154612F0030206462E
:105620000F4607D0254C013A002354F82220FFF7FB
:1056300051FE0746AD103DD0746A7CB91020FAF7D0
:105640003DFC0246706228B91D4B1E484FF4D771CD
:1056500000F0B8FAC0E901440460C460D6F82480C0
:10566000D8F808404CB940F271213046FFF712FFDC
:105670000023C8F80800044603604FF00009EB0758
:105680000AD5394622463046FFF71AFF394680468A
:105690003046FFF7FDFD47466D100BD0206838B946
:1056A000224621463046FFF70BFF2060C0F80090ED
:1056B0000446E4E73846BDE8F88300BFB80A0408AA
:1056C00005080408480904082DE9F0470C46496814
:1056D000236903EB6218A368074691464FEA621AF2
:1056E00008F10106B3420BDB3846FFF791FD054692
:1056F00048B902462A4B2B4840F2D91100F062FA11
:1057000001315B00EEE7002300F1140100F110020B
:105710001846534537DB20692AEAEA7A04F1140374
:1057200019F01F0901EB8A0103EB80002FD0C9F1AA
:10573000200E8A464FF0000C1A6802FA09F242EA7B
:105740000C024AF8042B53F8042B984222FA0EFC60
:10575000F2D8031B153B23F00303043304F11502B5
:10576000904238BF042341F803C0BCF1000F01D0C0
:1057700008F10206013E38462E612146FFF788FDFA
:105780002846BDE8F08742F8040F0133C1E7043929
:1057900053F8042B41F8042F9842F9D8EAE700BFE8
:1057A000990804084809040830B502690C69121BFD
:1057B0000ED100F11403143103EB840001EB8401DA
:1057C00050F8045D51F8044DA54203D005D30122E1
:1057D000104630BD8342F3D3FAE74FF0FF32F7E7CC
:1057E0002DE9F84F0C460646114620469046FFF735
:1057F000DBFF051E10D129463046FFF709FD30B901
:105800003A4B024640F23221394800F0DBF90123DD
:10581000C0E90435BDE8F88FA4BF4346A046304632
:10582000D8F80410A6BF1C4600250125FFF7F0FCA0
:1058300020B92E4B02464FF41071E5E7D8F81070EE
:105840002669C56004F1140908F1140500F1140E6D
:1058500005EB870C09EB860608F11002F2460021E1
:1058600059F8043B52F804BF1FFA83F811FA8BF180
:105870001B0CA1EB0808C3EB1B4303EB28431FFAE7
:1058800088F819144E4548EA03434AF8043BE7D820
:10589000331B153B23F0030304331534A64238BFF2
:1058A00004231D4473449E462E4666450ED30CF1D8
:1058B0000302521B22F00302033DAC4538BF002215
:1058C0001A4452F8043D7BB10761A3E756F8048BF4
:1058D00011FA88F2141404EB184492B242EA04421A
:1058E0004EF8042B2114E0E7013FEAE79908040889
:1058F0004809040882B08DED000B019B1249194044
:10590000A1F15071002905DD00220B4643EC102B5C
:1059100002B070474942B1F1A07F4FEA21504FF0E9
:1059200000024FF0000304DA4FF4002141FA00F3C3
:10593000ECE7A0F114011E29DABF4FF0004020FA75
:1059400001F101210A46E1E70000F07FF8B50569A1
:1059500000F1140707EB85052E1F55F8044C20466F
:10596000FFF748FDC0F120030A28DFF87CC00B6078
:1059700014DCC0F10B0E24FA0EF1B74241EA0C031D
:1059800034BF55F8081C0021153004FA00F021FA44
:105990000EF140EA010243EC102BF8BDB7423ABFCA
:1059A00055F8081CA5F1080600210B3817D0C0F1E6
:1059B000200C04FA00F5BE4221FA0CF445EA040575
:1059C0008CBF56F8044C002445F07F5301FA00F0D8
:1059D00024FA0CF443F4401340EA0402DBE744EAFF
:1059E0000C030A46D7E700BF0000F03F2DE9F7435C
:1059F0008946012157EC106B9046FFF709FC0446DD
:105A000030B90246254B264840F20A3100F0DAF858
:105A1000C7F30A55C7F3130335BB002E019328D0F3
:105A200068460096FFF706FD009900B3019AC0F1A1
:105A3000200302FA03F30B43C24063610192019B0E
:105A4000A361002B14BF022201222261D5B1A5F26D
:105A500033450544C9F80050C0F13500C8F80000CE
:105A6000204603B0BDE8F08343F48013D5E76161BD
:105A7000E5E701A8FFF7DEFC019B636101222261DB
:105A80002030E3E704EB8203A0F23240C9F80000C3
:105A90001869FFF7AFFCC0EB4210DFE79908040874
:105AA000480904082DE9F74F884669468146FFF703
:105AB0004DFF01A9404655EC104BFFF747FFD9F8C1
:105AC0001030D8F81020A3EB020CDDE900329B1A4D
:105AD00003EB4C1351EC100B002BD6BF0A462A46A1
:105AE000C3EB03338B462F46D4BF02EB035B02EBC1
:105AF0000357204610EE102A5B463946DAF788FE37
:105B000041EC100B03B0BDE8F08F0000013970B517
:105B100049111469013102F1140300EB810103EB17
:105B20008404051FA3420CD3A31A113B23F00303E3
:105B30001132A24288BF002318440023884205D3B3
:105B400070BD53F8046B45F8046FEBE740F8043B75
:105B5000F4E7000000F1140200694B11984210B5FF
:105B600011DB0ADD11F01F0107D052F8234024FA9F
:105B700001F000FA01F18C420BD102EB8303934256
:105B800003D8002010BD0346F7E753F8041D002991
:105B9000F5D00120F6E700009FED010B704700BF34
:105BA000000000000000F87F49B1FF2A85BF8A236A
:105BB00003600A704FF0FF3098BF0120704708461D
:105BC000704700001FB514461A46094B1B6805466E
:105BD000D8684CB1074B0091CDE9013406492B46FA
:105BE00000F00EF800F038FA044B1C46F3E700BF53
:105BF00014240020C40A0408D10A04083A6D0308DA
:105C00000EB403B5014603AB054853F8042B0068F6
:105C1000019300F031F802B05DF804EB03B0704777
:105C2000142400209368013B002B10B4936008DA21
:105C30009469A34201DB0A2903D15DF8044B00F00B
:105C40004BB91368581C1060197008465DF8044B76
:105C500070470000F8B506460F461446D518AC420A
:105C600001D1002007E014F8011B3A463046FFF747
:105C7000D9FF431CF3D1F8BD2DE9F04F0D469DB07F
:105C800014469846064618B183690BB900F006FB26
:105C9000894B9D421BD175686B6ED90705D4AB89C2
:105CA0009A0502D4A86D00F099FBAB891B0701D5BA
:105CB0002B69EBB92946304600F060F9C0B16B6E34
:105CC000DC070ED54FF0FF301DB0BDE8F08F7B4BE9
:105CD0009D4201D1B568DFE7794B9D4208BFF56869
:105CE000DAE7AB899805EDD4A86D00F079FBE9E718
:105CF0000023099320238DF82930CDF80C80302320
:105D0000DFF8C0818DF82A304FF0010923469A460A
:105D100013F8012B0AB1252AF9D1BAEB040B0BD0E9
:105D20005B46224629463046FFF794FF013000F0DB
:105D3000AA80099A5A4409929AF80030002B00F080
:105D4000A28000234FF0FF32CDE905230AF1010ABA
:105D5000049307938DF853301A935446052214F890
:105D6000011B5848DBF716FA049AD8B9D10644BF8C
:105D700020238DF85330130744BF2B238DF8533065
:105D80009AF800302A2B15D0079A544600204FF07D
:105D90000A0C214611F8013B303B092B4ED9B0B11A
:105DA000079214E0A0EB080309FA03F313430493EA
:105DB000A246D2E7039B191D1B680391002BBBBFB2
:105DC0005B4242F0020207930793B8BF0492237824
:105DD0002E2B0CD163782A2B35D1039B1A1D1B68FF
:105DE0000392002BB8BF4FF0FF3302340593DFF866
:105DF000E4A0217803225046DBF7CCF940B14023E0
:105E0000A0EB0A0003FA00F0049B0343013404935F
:105E100014F8011B2C488DF828100622DBF7BAF97C
:105E200000283FD0294B1BBB039B073323F00703FC
:105E300008330393099B3B44099367E70CFB023249
:105E40000C460120A5E700230134059319464FF0C5
:105E50000A0C204610F8012B303A092A03D9002BEE
:105E6000C5D00591C3E70CFB012104460123F0E7EF
:105E700003AB00932A46164B04A93046FCF752FCAC
:105E80000746781CD6D16B6ED90705D4AB899A0525
:105E900002D4A86D00F0A4FAAB895B063FF512AFFF
:105EA000099811E703AB00932A46094B04A9304631
:105EB000FCF7DCFEE4E700BF340B0408540B0408D5
:105EC000140B0408000B04080A0B04082527030818
:105ED000555C0308060B0408F8B50E461446054643
:105EE00018B183690BB900F0D9F9214B9C422BD131
:105EF0006C68A369A360A3891A072FD523696BB3C4
:105F000023692068C01A6369F6B28342374604DC0D
:105F10002146284600F02EF930BBA368013BA36060
:105F200023685A1C22601E7063690130834204D0CA
:105F3000A389DB0706D50A2E04D12146284600F0A6
:105F400019F988B93846F8BD0A4B9C4201D1AC68B2
:105F5000CFE7094B9C4208BFEC68CAE721462846B8
:105F600000F00CF80028CBD04FF0FF37EAE700BF75
:105F7000340B0408540B0408140B0408324B70B59E
:105F80001D6806460C4625B1AB6913B9284600F0DA
:105F900085F92E4B9C420FD16C68A389B4F90C2073
:105FA00019072CD4DD0611D40923336042F04003D5
:105FB000A3814FF0FF303EE0254B9C4201D1AC68FD
:105FC000EBE7244B9C4208BFEC68E6E7580712D584
:105FD000616B41B104F14403994202D03046F9F7B4
:105FE000E5FF00236363A38923F02403A381002337
:105FF000636023692360A38943F00803A3812369B5
:106000004BB9A38903F42073B3F5007F03D0214675
:10601000304600F00DFAA089B4F90C2010F001030D
:106020000AD00023A36063695B42A361236943B97B
:1060300010F08000BAD170BD810758BF6369A360BA
:10604000F4E70020F7E700BF14240020340B040815
:10605000540B0408140B040808B5062000F050FA8D
:106060000120F9F76BFC00008A892DE9F041054613
:1060700010070C4658D44B68002B05DC0B6C002B2A
:1060800002DC0020BDE8F081E66A002EF9D0002392
:1060900012F480522F682B6032D0606DA3895A07AA
:1060A00005D56368C01A636B0BB1236CC01A00235B
:1060B0000246E66A216A2846B047431CA38906D1F6
:1060C00029681D292CD82A4ACA40D60728D500227B
:1060D0006260D9042269226004D5421C01D12B6878
:1060E00003B96065616B2F600029CAD004F14403D5
:1060F000994202D02846F9F759FF00206063C1E7B2
:10610000216A01232846B047411CC7D12B68002BC8
:10611000C4D01D2B01D0162B01D12F60B1E7A3896C
:1061200043F04003A381ADE70F69002FA9D0930787
:106130000E6808BF4B690F6018BF0023A6EB070865
:106140008B60B8F1000F9CDD216AA66A43463A468F
:106150002846B047002806DCA38943F04003A3810A
:106160004FF0FF308EE70744A8EB0008E9E700BFD7
:106170000100402038B50B6905460C4613B90025CF
:10618000284638BD18B183690BB900F087F8144B65
:106190009C421BD16C68B4F90C30002BEFD0626EBE
:1061A000D00704D4990502D4A06D00F017F9284651
:1061B0002146FFF759FF636EDA070546E0D4A3894D
:1061C0009B05DDD4A06D00F00BF9D9E7054B9C428F
:1061D00001D1AC68DFE7044B9C4208BFEC68DAE70A
:1061E000340B0408540B0408140B0408002310B5E6
:1061F0000446C0E90033C0E904338360818143660B
:10620000C2818361194608225C30FCF7E3F9054B33
:106210006362054BA362054BE362054B2462236373
:1062200010BD00BF396503085D6503089565030867
:10623000B9650308014900F0AFB800BF75610308F4
:1062400070B568224D1E55430E4605F17401F9F7ED
:10625000A9FE044640B10021C0E900160C30A06040
:1062600005F16802FCF7B6F9204670BD014800F060
:10627000B5B800BF609D0020014800F0B1B800BF74
:10628000609D0020014800F0A9B800BF619D00207A
:10629000014800F0A5B800BF619D002010B504467C
:1062A000FFF7F0FFA3691BB1BDE81040FFF7F0BF97
:1062B000C4E912332365134B134A1B68A262A3423D
:1062C00004BF0123A361204600F020F8606020464F
:1062D00000F01CF8A060204600F018F80022E060F2
:1062E00004216068FFF782FFA06801220921FFF7FF
:1062F0007DFFE06802221221FFF778FF0123A361EE
:10630000D2E700BF8406040835620308F8B50746E3
:10631000FFF7ACFF1E4B1E68B36913B93046FFF799
:10632000BDFF4836D6E90134013B03D533680BB3D2
:106330003668F7E7B4F90C50D5B9164BE36004F1B1
:106340005800656600F048F8FFF796FFC4E901556C
:10635000C4E904552560A5610822294604F15C00C2
:10636000FCF738F9C4E90D55C4E912552046F8BDCB
:106370006834D9E704213846FFF762FF04463060ED
:106380000028D5D1FFF778FF0C233B60EEE700BF74
:10639000840604080100FFFF2DE9F84306468846FD
:1063A00000F148040027D4E90195B9F1010905D5A8
:1063B0002468002CF7D13846BDE8F883AB89012B5F
:1063C00007D9B5F90E30013303D029463046C0470E
:1063D00007436835E9E70000704700007047000098
:1063E0007047000070B50E46B1F90E10002996B046
:1063F00014461D4608DAB6F90C3000222A601A0647
:1064000010D44FF480630EE06A4600F0FBF80028D9
:10641000F1DB019A02F47042A2F500535A425A414C
:106420002A60EEE740230020236016B070BD000014
:106430008B8973B59D0706460C4607D504F14703C3
:10644000236023610123636102B070BD01AB6A4622
:10645000FFF7C8FF009905463046F9F7A3FD48B994
:10646000B4F90C309A05EFD423F0030343F0020390
:10647000A381E3E70D4BB362A389206043F080035F
:10648000A381009B6361019B20615BB1B4F90E1095
:10649000304600F0C9F828B1A38923F0030343F084
:1064A0000103A381A0890543A581CDE735620308D7
:1064B0001F2938B504460D4604D9162303604FF052
:1064C000FF3038BD426C12B152F821304BB9204632
:1064D00000F030F82A4601462046BDE8384000F07A
:1064E00017B8012B0AD0591C03D1162303600120D1
:1064F000E7E7002442F82540284698470020E0E7D7
:10650000024B01461868FFF7D3BF00BF14240020D8
:1065100038B5074D00230446084611462B60F9F7AD
:1065200011FA431C02D12B6803B1236038BD00BFB0
:10653000649D0020F9F700BA10B50C46B1F90E10B1
:1065400000F094F80028ABBF636DA3891B1823F4F7
:106550008053ACBF6365A38110BD00002DE9F041FD
:106560001F468B89DB0505460C46164605D5B1F955
:106570000E100223002200F067F8A389B4F90E1070
:1065800023F48053A38132463B462846BDE8F041C0
:1065900000F016B810B50C46B1F90E1000F054F822
:1065A000431CA38915BF606523F4805343F48053D3
:1065B000A38118BFA38110BDB1F90E1000F012B86D
:1065C00038B5074D04460846114600222A601A468F
:1065D000F9F7A6F9431C02D12B6803B1236038BD3B
:1065E000649D002038B5064D0023044608462B6004
:1065F000F9F79AF9431C02D12B6803B1236038BD27
:10660000649D002038B5074D002304460846114616
:106610002B60F9F78BF9431C02D12B6803B123607F
:1066200038BD00BF649D002038B5064D00230446E8
:1066300008462B60F9F77EF9431C02D12B6803B1A1
:10664000236038BD649D002038B5074D04460846D8
:10665000114600222A601A46F9F760F9431C02D15C
:106660002B6803B1236038BD649D002038B5074D09
:1066700004460846114600222A601A46F9F74AF9EC
:10668000431C02D12B6803B1236038BD649D0020F8
:1066900041505F506172616D206D75737420626549
:1066A0002073696E676C65746F6E0041505F506552
:1066B000726970685F4657206D757374206265203B
:1066C00073696E676C65746F6E00000041505F50B7
:1066D00065726970682047435320496E6974696127
:1066E0006C6973656421005265626F6F7420616626
:1066F000746572207761746368646F672072657374
:1067000065740A004953522025752F25750025739D
:1067100020535441434B3D25752F25750A00000039
:106720004945525220307825782025750000000018
:106730001900000009000000010203101100000010
:10674000000000003467030801000000040000009E
:1067500034670308000000000100000038670308E8
:106760000500000008000000306703080100000079
:106770000000000000000000000000003A6D030867
:1067800000000000000000000000FF00000000000A
:10679000000000005D17010859170108FD160108E7
:1067A0001D260208311701084517010801170108C5
:1067B00005170108091701080D17010861170108DD
:1067C000B117010811170108151701080000000092
:1067D000000000006D170108D917010829140208EC
:1067E00061170108B5160108C5F30108291701084A
:1067F0002D1701082D020208C1F30108C1F3010899
:10680000B9160108BD160108C11601082DF40108CA
:106810002117010825170108C5160108C916010826
:10682000CD160108F5F30108B9210208D1160108B7
:10683000E911020871170108F1F301085DFA010876
:106840001917010841F60108D5F501082D000208C5
:10685000F1F30108D5160108410E0208C1F3010841
:106860001DF4010829F40108E5F3010899F5010870
:10687000D9160108DD160108E1160108E516010820
:10688000E9160108ED160108F1160108FD0A0208D3
:10689000F9F301081D170108F5160108F91601089A
:1068A000464F524D41545F56455253494F4E004357
:1068B000414E5F4E4F44450043414E5F4241554477
:1068C0005241544500464C4153485F424F4F544C4F
:1068D0004F41444552004445425547004252445FAF
:1068E00053455249414C5F4E554D00475053004768
:1068F00050535F504F525400434F4D504153535FDC
:106900000053595349445F544849534D415600532D
:10691000455249414C000000A068030810260020A1
:10692000000000000000000002000000AF68030843
:1069300012260020000000000000030002000000FA
:10694000B8680308142600200024744900000400DD
:1069500003000000C568030818260020000000009E
:1069600000000A0001000000D66803081A26002073
:10697000000000000000120001000000DC680308B5
:106980001C2600200000000000001300030000008F
:10699000EB680308802600206870030800000100EF
:1069A00006000000EF680308192600200000804060
:1069B0000000170001000000F8680308C02700204D
:1069C0000C7D0308000002000600000001690308B6
:1069D00020260020000040400000220002000000AD
:1069E0000F6903082C2600200C7C030800002300FC
:1069F00006000000E07B03082426002000000000C1
:106A000000004F00030000003A6D03080000000082
:106A1000000000000000000000000000416C6C6FEE
:106A2000636174696F6E2072657175657374206639
:106A3000726F6D20616E6F7468657220616C6C6F2F
:106A400063617465650A004D69736D61746368699B
:106A50006E6720616C6C6F636174696F6E20726524
:106A600073706F6E73650A004D61746368696E6759
:106A700020616C6C6F636174696F6E2072657370F6
:106A80006F6E73653A2025640A0049462564204EDE
:106A90006F646520494420616C6C6F636174656448
:106AA0003A2025640A000000257328257529004135
:106AB000502D52544B205832304400004750535F01
:106AC0005459504500475053315F545950450000C8
:106AD000526573746172744E6F64650A0000000041
:106AE00057616974696E6720666F722064796E61A0
:106AF0006D6963206E6F646520494420616C6C6F22
:106B0000636174696F6E2025782E2E2E2028706F99
:106B10006F6C202575290A005741524E494E473A5D
:106B200020454E4C41524745204D454D4F5259202E
:106B3000504F4F4C0A00656E746572696E67206C29
:106B40006F636B75700A00656E746572696E67209D
:106B50006661756C740A00466C61736820626F6FC1
:106B6000746C6F61646572204F4B0A00426F6F74E2
:106B70006C6F6164657220756E6368616E676564D1
:106B80000A00466C61736820626F6F746C6F616499
:106B90006572204641494C45440A00000303030343
:106BA000020201006E6F7661582041502D52544B05
:106BB00020583230442076312E302E312028343483
:106BC00066633362313529003434666333623135AC
:106BD0000041505F5065726970682056312E382E22
:106BE000302D646576006E6F7661582041502D52CD
:106BF000544B20583230442076312E302E31004311
:106C0000686962694F530038386238343630300072
:106C1000FB7265767766706100020400090A9113C1
:106C20000108000000000000A46B0308C86B030803
:106C3000153BFC44D16B0308E66B03080000000021
:106C400000000000FF6B0308076C03080000000051
:106C500000000000C9400108A1410208D940010814
:106C6000DD400108DD4101082D410108E140010836
:106C7000E5400108E9400108ED400108F140010844
:106C8000F5400108F9400108FD400108A141020852
:106C90008941010801410108A1410208A1410208FE
:106CA00000000000000000005143010855430108A6
:106CB0000000000000000000594701087547010866
:106CC000394601085146010879470108754601080F
:106CD000114701087946010881460108314701083A
:106CE0007D460108696E66006E616E004261642037
:106CF000706172616D65746572207461626C6500AB
:106D0000556E6B6E6F776E20636F6E76657273690A
:106D10006F6E20272573270A0042616420636F6E1F
:106D200076657273696F6E2074797065202725739C
:106D3000270A00002C203D090D0A0040524541441D
:106D40004F4E4C590000000041505F506172616D20
:106D50003A204661696C656420746F20616C6C6FC9
:106D600063617465206F7665727269646573000093
:106D7000454550524F4D2066756C6C0A000000006E
:106D8000010204040C0000005041524D44454600ED
:106D90005537F4A0385D485B00010000000000009A
:106DA00000000000000000000000000000000000E3
:106DB00000000000000000000000000000000000D3
:106DC00000000000000000000000000000000000C3
:106DD00000000000000000000000000000000000B3
:106DE00000000000000000000000000000000000A3
:106DF0000000000000000000000000000000000093
:106E00000000000000000000000000000000000082
:106E10000000000000000000000000000000000072
:106E20000000000000000000000000000000000062
:106E30000000000000000000000000000000000052
:106E40000000000000000000000000000000000042
:106E50000000000000000000000000000000000032
:106E60000000000000000000000000000000000022
:106E70000000000000000000000000000000000012
:106E80000000000000000000000000000000000002
:106E900000000000000000000000000053746F724A
:106EA0006167654D616E616765723A2065726173F5
:106EB00065206661696C65640A00000000000000DE
:106EC000000503000005CA090200CA0E9600010071
:106ED000600FA000000000100005020000152C014A
:106EE00001002C16000103002C1754080400801F19
:106EF00040000500C01F380041505F475053206DCF
:106F00007573742062652073696E676C65746F6E4B
:106F1000000000004750532025643A2064657465E2
:106F20006374656420257300475053325F54595091
:106F30004500475053315F474E53535F4D4F4445D3
:106F400000475053325F474E53535F4D4F44450007
:106F5000475053315F524154455F4D5300475053A2
:106F6000325F524154455F4D5300475053315F509B
:106F70004F5300475053325F504F530047505331E7
:106F80005F44454C41595F4D5300475053325F4475
:106F9000454C41595F4D5300475053315F434F4D6E
:106FA0005F504F525400475053325F434F4D5F5034
:106FB0004F5254005F4E415646494C544552005F73
:106FC000534241535F4D4F4445005F4D494E5F452D
:106FD0004C4556005F494E4A4543545F544F005F4D
:106FE0005241575F44415441005F534156455F430E
:106FF0004647005F4155544F5F434F4E4649470057
:107000005F4452565F4F5054494F4E5300315F001A
:107010008025000000C20100C0120000004B0000EB
:107020000096000000E10000008403000008070053
:10703000B5620A0400000E34B562060103000106C1
:1070400001124F24505542582C34312C312C303001
:1070500032332C303030312C3233303430302C302D
:107060002A31450D0A000000B46F03081400000027
:107070000000004100000201BF6F03082000000073
:107080000000004000000501CA6F03082100000055
:107090000000C8C200000601D46F030818000000F9
:1070A0000000FE4200000701DF6F0308220000001D
:1070B0000000000000000901E96F03082300000040
:1070C0000000004000000B01F36F030824000000E3
:1070D0000000803F00000D01007003082600000042
:1070E00000000000000016020D7003080000000000
:1070F000D0720308010020063A6D0308000000006A
:10710000000000000000FF00B56206010300010658
:1071100001124F24505542582C34312C312C303030
:1071200032332C303030312C3131353230302C305C
:107130002A31430D0A00000047534F46000000006B
:1071400047534F4620696E7374616E6365202564F2
:1071500020686173206E6F20706F72740047534F08
:107160004620696E7374616E6365202564206861D2
:107170007320696E76616C696420434F4D20706F97
:1071800072742073657474696E67206F662025645D
:10719000000000000000000000000000998B0108C2
:1071A0009D8B0108C18E01088D8B0108558B01084C
:1071B0004DBC0108598B010879BC01085D8B0108A1
:1071C000618B0108658B0108718B0108758B0108C3
:1071D000918B0108798B01087D8B0108818B010857
:1071E000858B0108898B01084E4F56410000000035
:1071F0000D0A0D0A756E6C6F67616C6C0D0A006C80
:107200006F672062657374706F7362206F6E74694C
:107210006D6520302E322030206E6F686F6C640DEB
:107220000A0000006C6F67206265737476656C629B
:10723000206F6E74696D6520302E322030206E6FA5
:10724000686F6C640D0A006C6F6720707372646FF6
:107250007062206F6E74696D6520302E3220302090
:107260006E6F686F6C640D0A00000000F071030817
:10727000FF7103082472030847720308000000002E
:10728000000000005D8F0108618F0108299301084B
:10729000518F0108558B01084DBC0108598B01081D
:1072A00079BC01085D8B0108618B0108658B0108C1
:1072B000718B0108758B0108558F0108798B0108C6
:1072C0007D8B0108818B0108858B0108898B010862
:1072D000CA6A030800000000000000000400010169
:1072E000376F0308010000000000000000000201E9
:1072F000556F03080200000000004843000003022D
:107300006F6F030804000000000000000000040587
:10731000816F03081000000000000000000005025B
:107320009D6F0308120000000000803F000006016E
:107330003A6D030800000000000000000000FF009C
:10734000534246004750532025753A205342462069
:107350006973206E6F742066756C6C7920636F6E34
:1073600066696775726564202825752F25752F2538
:10737000752F2575290000000A5353535353535357
:107380005353530A000000004750532025753A20FC
:10739000534246206572726F72206368616E676542
:1073A0006420283078253038782F307825303878A8
:1073B00029000000656D642C2044534B312C204D76
:1073C0006F756E740A0000004750532025643A2000
:1073D000534246206469736B206973206E6F74207A
:1073E0006D6F756E746564004750532025643A20B4
:1073F000417474656D7074696E6720746F206D6F71
:10740000756E74206469736B004750532025643A8D
:1074100020534246206469736B2069732066756C43
:107420006C004750532025643A205342462069732C
:10743000206E6F742063757272656E746C79206C47
:107440006F6767696E67000053424620756E6D6F07
:10745000756E74696E67206469736B00656D642C6A
:107460002044534B312C20556E6D6F756E740A009D
:107470006E6F6E65005254537C435453002B41741D
:1074800074436F7645756C65722B417578416E74E7
:10749000506F736974696F6E73002B47414C494C90
:1074A000454F002B424549444F55002B515A5353E9
:1074B000002B474C4F4E415353004D756C7469413E
:1074C0006E74656E6E61007363732C434F4D25645B
:1074D0002C6261756425642C62697473382C4E6F5C
:1074E0002C626974312C25730A0073736F2C5374EA
:1074F0007265616D25642C434F4D25642C505654A4
:1075000047656F64657469632B444F502B52656304
:1075100065697665725374617475732B56656C4337
:107520006F7647656F64657469632B426173655656
:107530006563746F7247656F6425732C6D73656343
:107540003130300A007373742C2025732573257332
:107550002573257325730A007373742C202D5342F1
:107560004153007367612C2025730A00736E742CDD
:107570002B47454F4C312B47454F4C3500737374A7
:107580002C2B5342415300737362632C6175746FEB
:107590002C4F7065726174696F6E616C2C4D6978E7
:1075A000656453797374656D732C6175746F0073C2
:1075B00072642C4D6F6465726174652C5541560080
:1075C00073656D2C5056542C350073706D2C526FB2
:1075D0007665722C616C6C0073736F2C53747265DA
:1075E000616D322C44736B312C706F737470726FD9
:1075F000636573732B6576656E742B636F6D6D6554
:107600006E742B5265636569766572537461747527
:10761000732C6D73656331303000434F4D0055530B
:107620004200495031004E545200495053004950D5
:10763000520000006C7503087D7503088775030808
:107640001A7603081E7603082276030826760308B6
:107650002A7603082E760308AF750308C075030861
:10766000CA750308D8750308000000000000000078
:107670001594010825940108D59C0108C5930108BB
:10768000ED9301084DBC0108D193010879BC0108B4
:107690005D8B010879940108D593010805940108D0
:1076A00039940108C9930108399C01087D8B0108B0
:1076B000818B0108E1930108898B0108752D626CAB
:1076C0006F7800004750532025753A20752D626C65
:1076D0006F7820257320636F6E66696775726174B9
:1076E000696F6E2030782530327800004750532083
:1076F00025643A20752D626C6F7820736176696E0F
:107700006720636F6E666967000000004750532072
:1077100025753A205832302072656A656374656455
:10772000206B657920307825303878004750532019
:1077300025753A20756E61626C6520746F20636FE9
:107740006E6669677572652062616E6420307825A7
:10775000303278004D4F443D00752D626C6F7820BB
:107760002573257325642048573A202573205357E5
:107770003A202573003030313930303030004558F0
:107780005420434F52452031005A45442D4639502C
:10779000004E454F2D4639500045585420434F5216
:1077A000452034003030304130303030004C314CE6
:1077B0003500752D626C6F7820737570706F727400
:1077C00073204C352042616E640046575645523D49
:1077D000484447004D4F443D5A45442D58323044AB
:1077E000004750532025753A205A45442D583230D1
:1077F000442048444720646574656374656400559B
:107800006E65787065637465642073746174652057
:1078100025640057726F6E672055626C6F78204840
:10782000617264776172652056657273696F6E2547
:10783000750A00004750532025753A2058323020F1
:10784000636F6E66696775726174696F6E206661D9
:10785000696C656420307825303278006E61766915
:10786000676174696F6E207261746500706F736C0C
:107870006C68207261746500737461747573207232
:1078800061746500736F6C7574696F6E20726174DA
:10789000650076656C6E6564207261746500646F66
:1078A000702072617465006877206D6F6E69746F07
:1078B00072207261746500687732206D6F6E697432
:1078C0006F722072617465007261772072617465F5
:1078D0000076657273696F6E006E617669676174B8
:1078E000696F6E2073657474696E677300474E53D9
:1078F000532073657474696E67730053424153205B
:1079000073657474696E67730050565420726174A5
:10791000650074696D652070756C7365207365749E
:1079200074696E67730054494D4547505320726126
:1079300074650054696D65206D6F646520736574AE
:1079400074696E67730052544B204D420054494D88
:1079500020544D32004639004D3130004C35204521
:107960006E61626C652044697361626C65005832B7
:107970003000000001010204080000005C780308E8
:107980006C780308787803088478030892780308F1
:107990009E780308A7780308B7780308C878030817
:1079A000D1780308D9780308ED780308FB78030839
:1079B0000979030812790308267903083379030843
:1079C000467903084D790308557903085879030867
:1079D0005C7903086E790308220031100100000071
:1079E0000D003110000000000F00311001000000F8
:1079F00025003110000000002400311001000000BB
:107A000012003110010000001400311001000000CC
:107A1000210011200800000001002130C8000000F2
:107A2000020021300100000005005210010000009A
:107A3000010073100100000001007410010000003B
:107A400002007410000000000700912001000000F7
:107A5000390091200100000048009120050000003D
:107A6000E003912001000000E4001140000000004C
:107A700001005240008403000100321000000000A9
:107A8000010032100100000004003110010000006C
:107A90000000000000000000E99F010835A0010877
:107AA00031BA0108B99F0108BD9F01084DBC01080A
:107AB000598B010879BC01085D8B010841A00108C0
:107AC000ED9F010831A00108758B0108E19F0108B5
:107AD000798B010829A001082DA00108D59F010874
:107AE000898B0108000000001F0600000000000054
:107AF0004750532025643A2070726F62696E672088
:107B0000666F722025732061742025642062617580
:107B100064004750532025643A207370656369669A
:107B20006965642061732025730000000000000077
:107B3000000000000000000000000000A141020859
:107B400049BC0108558B01084DBC0108598B01083F
:107B500079BC01085D8B0108618B0108658B010808
:107B6000718B0108758B0108A1410208798B01080E
:107B70007D8B0108818B0108858B0108898B0108A9
:107B8000556E61626C6520746F207365747570202A
:107B90006F7074696F6E7320666F722053657269BF
:107BA000616C25750A000000305F42415544003089
:107BB0005F50524F544F434F4C00315F50524F541F
:107BC0004F434F4C00315F4241554400345F5052A7
:107BD0004F544F434F4C00345F4241554400315F96
:107BE0004F5054494F4E5300345F4F5054494F4EFD
:107BF00053005F5041535331005F504153533200A3
:107C00005F5041535354494D4F000000A87B030877
:107C1000000000000000E64200000003AF7B030804
:107C2000060000000000004000000B01BA7B0308C2
:107C30000E000000000080BF00000101C57B0308AA
:107C4000080000000000614700000203CC7B03082D
:107C500026000000000080BF00000701D77B03085A
:107C6000200000000000664300000803DE7B0308DC
:107C70000C0000000000000000000E02E87B03087A
:107C8000240000000000000000001102F27B030845
:107C9000500000000000000000001401F97B030800
:107CA00051000000000080BF00001501007C0308A7
:107CB0005200000000007041000016013A6D0308F8
:107CC00000000000000000000000FF004E6F204395
:107CD0006F6D70617373206261636B656E64732096
:107CE000617661696C61626C650A00004445565FAB
:107CF000494400444953424C4D534B00464C545266
:107D00005F524E4700454E41424C4500EC7C030813
:107D1000380000000000000000000F03F37C03089F
:107D2000F40000000000000000002103FC7C0308B8
:107D3000F80000000000000000002201057D03089B
:107D4000050000000000803F000027013A6D030895
:107D500000000000000000000000FF000000000024
:107D6000000000000000000000000000A141020827
:107D7000524D333130303A20466F756E6420617455
:107D80002061646472657373203078257820617394
:107D900020636F6D706173732025750A0000000009
:107DA000000000000000000089D00108A1D00108F7
:107DB00045CD0108737461636B206F766572666CE4
:107DC0006F772025730A0000626F6F746C6F6164B7
:107DD00065722E62696E0000BDBD0B785355D630BA
:107DE000BCF73927C9492F34B405DAB4402E2DB475
:107DF0004DC1D00256EA489AA4A7A5418B2033086A
:107E0000CE78DA829E1484083AD62B29E05840674F
:107E1000C0A283AD388CE888A2D016EB50B1130411
:107E200074BCCE245C660AEA58C74B6CEBE584B69A
:107E3000E4F496F3AD7D92323A33EFFF7DFFF33FEA
:107E4000FFD7E7D9D9F7BDD75E6BEDB5D7DA975332
:107E5000A441861046EC97F988DD07EEAD98DF095E
:107E6000AE1FFFD8EDFEC97FA6FD4F4E558BD859EA
:107E7000E096837B10DCF3B5FFFB3A37429F0F821D
:107E80007B2CD6F787FFA5CEBB6BFFF7EDFC1ECA98
:107E9000B4C7CACD59FB7F0EF3FF5797BBF2FF5E05
:107EA0005FFFA76EF924C4A21FFC51DD4844522491
:107EB000B8F1B5ABCBBDFD6CC37CF8D5C2EFFC45CA
:107EC0002C6FBB84D007E06EB83CF7CEBF5C429805
:107ED000E57DFD95BFF1F56FF80DC9397149849CB9
:107EE000861B7F9C532922F4D977BAB81B2E5F1BBF
:107EF000ABA33678FB531B489E4A7C59528BD386E2
:107F00002BC5E5D6E98B322A76DBAFF595484CFCDC
:107F10007070EAA2B41FC4F49097E16AB25FE7BB45
:107F200011E27670521019D27E544625EE80B6F6D4
:107F30000CA72E9E74FDCB76FAE24D1293D15036EB
:107F40001444A25D9AB838F947692A71E331047C78
:107F50008DCCE01062D96F5137C2108634D103F84E
:107F600080F46331E75C850CDD80A72F7EE066F549
:107F70008895B3BED5ED78534AF09F12F6719DDF18
:107F8000E876747E2DFE0699B7F64F6CC8E1F69739
:107F90002103233A472241463C358C3E8D04119201
:107FA000DAB178E71023BE296B3895A893541CCA20
:107FB000B9266076FDCE3EDF8F0BC9AFD135539425
:107FC000A926FBDC80D48644AD3C9BB35FD2DD8523
:107FD000C438996D455933382CBAC70CADB40189F2
:107FE0005B25129FD73A096AD37E46FC4C2671D294
:107FF000E7D3F24457863B4333F9DC8456243E2CC6
:108000006171F730127F261B38245E9490F880341B
:10801000149CCDA1ACB34186C333FC4135573970B4
:10802000DF5D1F0451564F10F930D2B4003A5A6642
:108030002CD0B62086B2B100F3E7D2FE90815E610B
:108040005F51C2766ADA4B2E25D394111F7C4562AC
:10805000AC58EC97E8969F4BCC4851BB5519F99416
:10806000725A886F65C4C691C915A9E5C80C6DDF41
:10807000C9885B46A278495E6C16525ACD022E36EC
:10808000F33510AA81500D9F78BDA5AEB0A346B8B8
:10809000BF833260F1B9A102730D6FA9A32D9A407D
:1080A0008D6051D29A86A09D4D357C5127A14736CF
:1080B00083D8AE2C64F0439875A579E89C84AE4FC4
:1080C000BF4622ABA25852FA5EA5CEFA0ECA854C24
:1080D0002B794F192947CAEB602CEF8E5A5BB35CA2
:1080E000B449EFC95272759D6697B922934B17F048
:1080F0001CC9CF1436DA8702D58201382D7461BAD3
:10810000AB59A043A8861EF41636D97BCE30222563
:108110003362AA8CA0F51724CA20874FC8535CFA93
:1081200075C8A45F9DBE5E7F5BFAFA9BD7AD5C7D90
:10813000F3FA95B7AD5CBFD26D17BDD4CAAA956EE0
:1081400093E2AF726F7CAD52EC365B8DA724F6FAEA
:10815000733DA8A01EF0B18FDB0AF34B57763C3875
:108160000E2382E9610027CB511E4445948DF05ABD
:1081700063CBCB2EB4CB60928D7107F70958BC71DD
:10818000E8C58A94BA031D07CBB191E6277AA2D835
:108190008FE2FEFCF07315CF5EC1FDE9E128EE51E0
:1081A000734AEBEF5CA849CF3F53819E4E01FC4ED2
:1081B000F321738AA7A902E6675C9A6F197F96FB81
:1081C0002917E0308CAE4BCA6ADDE3CA10900589EE
:1081D00093B60014C05FF42EBA1959F04524DE1B83
:1081E00021A16F3F22258F4B74B3B178B2E5F32EF6
:1081F000FCEC52C92C6E5723B6155CA906B1DFAB57
:10820000FEE5FE0AF1DF6911DBC12236037C073887
:10821000B7369A777FCCFF16FCDC58BD3971887D64
:1082200042FDAF38A94330FEC708CAB18983F5A81B
:108230009932BE1E4249AC2F93531D049E2C7C459F
:108240004AB522F190FC4C10C6ED416283AC99D640
:10825000F711A9B30FEA7CE5C70B5557A14B17EBF4
:108260003FFD5A23D27189BA94F92AB3AA9131AA4F
:108270000E2271973CA5FBA672C638145C01BF970D
:1082800095DFFE60A598C9DA60D61C95D910C3AAFF
:108290007645CBDE271F0BE5275D0A60031AD684DF
:1082A000CB7AE3E36F1DDE390238D462F18C34A35C
:1082B000355E8CA7E32DAC0F65C96121F2B32007B1
:1082C0006D7D1844B39FF747737E1F20302D8B6858
:1082D00060F637FBA115B15E26294D113463FAF023
:1082E000AF24D26383CC70BB5A9191849B643C1FB2
:1082F000E58402AF730C07E34CA1000A32D6EB20F1
:108300006FAE3C3388A1EE03916C2E0BB8F5905DF7
:10831000732107D257CAD86A136FAF67E6F507CD46
:108320002E943DD56370BDCEFD9CBF8E7B19205928
:1083300038C01F89C2B27960D511D2F72D91028061
:10834000E3FB484B08B1F2E51B8FA489B466F3C088
:10835000F547922A1E17D83E15DD685F78993B7263
:108360006CD0BB7961D87E24D9851B8F959A3F89C3
:10837000E2F95C0438A309E5C997E71DC1CD741380
:108380002D610BBEFA5B9025847FCF654565E80FB4
:10839000E72C43E62DB804920FEE1D80E0FD3182FC
:1083A0008F85032947A6CF9AD8F556C840D94BE305
:1083B0000E658B34CAF1D9B9AD8BF0E3694E24B6A2
:1083C000C8B8C95B2E1B9118902B7B0FD20F2EC201
:1083D0008DEFF43F429131FB65B5D2C21D0085AAF5
:1083E0006FABEAEA2019D9EFC648DAD78791385936
:1083F00026A1CF0FA399C7380FE0EAB83DEDC2F42C
:10840000AB2676C535E3C209FE99224D27BF94E21B
:108410005C2619AE5535DA38C6A47A118BB5C3CCB3
:10842000D55E2E182C82F65B22AA5D97821F4AA980
:10843000DE281FFC32A20E22F36A2373906944E205
:108440001AE0B1CD03AF1E267DAE51FA3C7C98D91F
:108450008BC45350EBAB1F94BB5129B75F2977A353
:1084600052AE4929E78BF42AF0962969BB00DEBF9A
:10847000443E5352AE53521E39AC7A311568F46EF5
:1084800084316A3866170310CC8B5CC3750409E528
:1084900092239A69F2E5BB0F1F07AA6D3C5C045456
:1084A000D3F46915AAAD557ACA54DA58731846A997
:1084B000A97476942E1C78F170398C8983D654BBBC
:1084C000C8689222DA10A30D2973470E334AF9EBDC
:1084D000018AFB015EA79FE028DECF9AE25E24B20C
:1084E000200330B9C01F9545484C90E5F0C0686640
:1084F000392D9E95535A94351038ECAAC3E31C9637
:1085000077988C5E755005A33FA35079F380418125
:108510002A30EA5528967E580E9F1D2DB9D460A5A5
:10852000C5565905D8F0C81C406791AFE5FEF8A5BF
:108530009A5BFA15995DAAAF5EE71EFAEA6AEE81C8
:10854000AF08CF10DEDAFF2B8CB41529C2A24B6E18
:10855000F4545B46021AC18529BCDA9526382F2DC2
:10856000A9DAD28612F00885D2786F9BA72C0DCAA3
:10857000A79AC91A808C3A13A3D09376D1EF1BF82F
:108580002A3E4DD80FEB00F2E9EE93A78BEDAF0C2E
:10859000563EB8EEE5CA81D31B355C2207AB267088
:1085A0005B5384122F4B592EC0CEC696914B621A44
:1085B000DFF8B50651E66DF09B38D8E3316F91C313
:1085C0006764C7E5B465998BCCDBD407D5B02EA61C
:1085D0009BB7490573122F7D6E521F4A0C5913A683
:1085E00071F45F6E2BD5F137F2851C1562A9CB8132
:1085F000C2BA144FE2E1391C3691B5394D4666BA1C
:10860000F1D04354A32A944EE3466F1B367FD8C360
:10861000F0A8B1E721E6C0D91E642EE22831309AD5
:1086200008F0899DCFD49E36D6EFE0BEEB86399513
:108630007F87A28F94E42F36DF77B1C50B50AF3A16
:108640003EF3C51CD0165225826F7B609FB48F7F8E
:1086500067F6755D18D6FA3F5493DEE6442A07BCE8
:108660009B4E4BD29CCA01047E4261E5800D7CC3C7
:10867000DC022E31F40C66425A8444696C86739F86
:10868000F4B4F59E8DE68DF11D7D0F9937D69B9044
:1086900051FDF24CA0BB2E824D466EE6412CCE948D
:1086A0007E0839C0DD984320B711C8550AE43680EA
:1086B000FCAED195843BEA91EF483FF2CE28D9B881
:1086C000F1D3ECBFFF31671EE85BEDD937540EECF8
:1086D000B85B3582D6845A9E94BAAC0F4B1F5B515F
:1086E0005617B4FFB0F4B56D01F476614CAD40F4AB
:1086F000E1D879E90BEB6392884EB6A98F401A4E08
:108700000C85D0873D0BE622F1F763D7002E171CAE
:1087100024E3F6B601041ED68C677ED8435DAD0E09
:10872000750146AD66D438E7BEF8728D0213255A3E
:1087300046F7DBD59F50A2567A4BEA4645DC9D2D85
:1087400062A7811B09D65D2EFC5DE37B1F3E466060
:1087500093E62203C1EDD4EBA7DD30ADF2572D39FE
:108760003092E2519A5B7114657DD8433B4112DB34
:10877000A8FB1F93520D4F093681DA43BF449FCCAB
:10878000103E956EF23A44E4A01AB1F8B1BC25BD92
:10879000248468B4877AB10868E219DE6F577D4295
:1087A000DAC9186D9090ED7C70AF84AC1A8BAA0B6F
:1087B0001742DCAA56B084CB29317E540A92FE6D52
:1087C000F624C42F40869F83F3B42772A9DC34A813
:1087D0009D33B2A4839AAD0BE0FC09816465446FBC
:1087E00081C3064D774EBECE0FADE56BFDAAFC24CE
:1087F0003FD4E9B4E68F04E29532DF04A3FED7311B
:10880000FF8B98DF1D8CD2C536F5F78619F579F107
:10881000E33818E7B3717A8953AC15D7A89EF96984
:1088200051BB8A9BB01819F13C242E1A7D4ECA5FA9
:10883000FEAA94AF82393B5AD71A0DCD1FC55C7979
:1088400047345C340AFE3C5C08E5E6F5068B60AE16
:1088500011DCEADAE35C71157A1EF4AB658D92C720
:10886000B0A0E3E3F5F9AD06C0D15D12F96D1DEAE4
:10887000FC5A67A3CBB1B8EE1819FF17C0E7C72A97
:10888000147A54FEA6051D5171098087E786518E22
:108890002B607E88B264043EDF812D69012C1A6052
:1088A0002D90C3A1311AF8FD1DCFA7D2E92D47475E
:1088B000C44BEAC1C9BFA44674859387B7F6BF030A
:1088C00098FEFCA1C28E03A005EA3DD75EDDC9116A
:1088D000C9A5096561323BF241EA0D0434A1542473
:1088E00087BF1AFBAD34C306616CE234A1994825F9
:1088F0009E85DC7F0692F2D9AE3DAE4C4F17B47424
:108900006070F226D2E2C5E06FA52C1DCAFD9B9FC8
:10891000D0B772F84CF0F31D39168B5FD7852D66F2
:10892000BFCAF25E80D8448F2C6A70BD275003DD29
:10893000D5298EF7152B09F9C68256CBF1C0D61B67
:108940003E7BA8E0BEDDF6D702FC43733864DA2D27
:108950007DBCE4613B129FF7E202260F0FEEB87375
:1089600030703068E47260742F8D1D888570E499D2
:10897000609BF4CD92FB795588D656F63E056E3B4A
:108980001598FA2E7BB0EF4D7A1FD707326C058C05
:10899000EAEA5126F41DCEE3E638492C6EF47E2136
:1089A000A583E81F25234F4A67606E5D3FC270D6DE
:1089B0000EEB46247A470816E68DB474FF4D3A074D
:1089C0007421F9AF49F9D95BECB80BFA93496A9E67
:1089D000738F9D3D339E83ADD1BCFE8847B87578BB
:1089E000FBA59BA1BE6694ED788BBBB77BA3404AE9
:1089F000E53937F2A49EAA8FD2BE2D9DDB059AE5FC
:108A0000487DA9F62CE419201DE10294F12B0843BE
:108A10001E92672575A1ACB90049B102890816CC30
:108A200037916B5D69F56C871CCE187E8BCB0E1E63
:108A300087562FA0B811BA7A4438237DA1DB227D56
:108A40006DC583DEAA9352B7F524C4614D1993C353
:108A5000C6089432E0024AA4A95F41E83558E1769D
:108A6000DC1737420DAA42BD788E332A0B259EAC07
:108A70004AA387E739B109240EE8B532C8996EC315
:108A8000DFBE45F77DFAADA1D6AB4FCF29F2A51BCE
:108A90006C978F15ECB2E7F874DCB1EF6EBF4FF353
:108AA000DDAE38E9BBE07DB77FF7072835A536F89E
:108AB000DD8CFB4621FE36D4825EAD770AC7798015
:108AC0006FA020FD71E9EB253F6F0528AD3BED5F01
:108AD000730B07728E2023C0AB0358756F719B0414
:108AE0007545731CAC5DF5AF7F1582F98EC01665B8
:108AF000D0B08ACC1122DF3FFCE0839FDC76DB6DB7
:108B00000B07200F83BDE32943BE6F20DDDA0EEB98
:108B1000E24DF92E93D0647FB8C51CA87930FE6869
:108B20006E455E798AC7FC20BD91C8F71331F97E86
:108B300002E43BCA2612FE044878D3A213D2174B94
:108B4000DE3569415FD6007EBB4DB980859C119CA6
:108B500065E0542DD64E46FC406238B603655D0E86
:108B6000A655A45F9FB20E64D9A694D52FDD31051A
:108B7000ECA2FE80653D2E7EC8F27D576A85E63DFB
:108B80007C682BAC81691C0DAB64CFD8DA3BB6DABC
:108B90000126FAB340DE1D3BECD877688DCA95B745
:108BA0005EEFA17D71AEDE3BF47C26079AB0AFE9A3
:108BB00015E75B047E32BEC9286AE3A0DB906D49ED
:108BC000C9FE9615E0EB609DBEBA5D7F3D122F8D0C
:108BD00051E6B577A6B972EAD385B4726CC2E28762
:108BE0006049E2C6C9AEC98B50E3E4F229B0227BEA
:108BF0009752E24669922BBD6E626B3248CD3D6062
:108C0000F11AC61832FF4760F66F6A19E9BF448D42
:108C1000A4D0CCE0648F6E78AB98E04AE319F146BB
:108C2000896D4D325BEA69182FC131E993C898C745
:108C300012112B6645E5FEEE098825700E44D7001B
:108C4000B0F7A99D49978A722FF4A0ED5B1737B64C
:108C5000C41FFEDDB70FED94C3DF8FD6577E2AE524
:108C60003C8BCC718DAF4873ADF18D9B78C042FCCD
:108C70002AEEB16FD14E9C9D189A4A6940F63F2664
:108C8000652E794C9ADA82C5B4917D52A615596C3D
:108C900030B30D2029EC12D15D4B039E4A2C9E1C53
:108CA0002D16F6DA179EC562E7E81618C5AF7F34B1
:108CB0008AB8D8288AF8DB2A7F2BA196F743BAB85E
:108CC000E36007A5FA0A390B77EBF08EE109071F7D
:108CD0009372AC7278C7C8EB2175528EAF5254C7ED
:108CE0004D3844F7C5E3A5B0B2E7C23C4F1C8E3BFC
:108CF0004437A699A9C6B810A696BBCEC05A899685
:108D0000318F1BB8C5B195D1265DE7C1E283A3952C
:108D10001595D7A708A7F44707EFDB3CFBAC8EC738
:108D2000E2DDA31417CF1198DF5664F497B2EEA8D2
:108D3000E5BEB21B9025D5479B29F3A63BB158351C
:108D40003AE108B1D7B109A016AFE1ACBC95D8247F
:108D500023A4C79FB8886663BBB43C05564F0F6A0F
:108D6000B4732EA5358D64B9AFB1158B8E513443D4
:108D7000C39139FA04CC6E2BE8FC34CC7104EBC3FC
:108D8000D786C78FE2F9CCEC4B81770CB4B86FD89B
:108D9000721F02EDF2274740E7FC86DA49A4F74547
:108DA000B08AB68A987E0FFC9B399D6902E80D9DBA
:108DB0004389A16934FB52DC8B44873F263FF93558
:108DC0008D92806769B40F28F598E4B4C6354F6872
:108DD0009CF0E2273DAC99C071D5B031781666BEE3
:108DE000BDD5220C5B8A7CC3E6D7F5AAC2B63E4746
:108DF000D289B320734750CE1B813F11DB26F63753
:108E0000BE5E127E21FC437885CC6111DC8A05515F
:108E10001E27FC750B84436FBFF0A65F6093A2FB17
:108E20002A2A58D726489D5FB336BA8259840C2A1D
:108E300071EB71E4236DEC7121C3CDC07B9E769DF7
:108E40002BA30E177ED4862D095C7257A26BAA90B5
:108E50002B10CC4EA87D76842EC09C09E47F4BD984
:108E6000363B13D028EB1886B5BE7260D843038D0D
:108E7000818701CE4CE06B03B8066853D30EB4E58E
:108E8000B03131A4418F491AE091BFC886D67D9296
:108E90000645F7702A45D93A1444288E63DB19A396
:108EA0001CF6C95E11A3136D363BDB697D55E38A61
:108EB000E3D2EBD4AE6592D166163E71AB5C987B83
:108EC0001968677D83077944DA37C474724F3B2D84
:108ED0008E8D6A6FD05E6FF5A2AC1CA1B061AB9DA8
:108EE000BD408BDF8E5A04C6890B5F1DF42EB4F093
:108EF00097CE7A400FD801F5CAC1D1E29E4E1442F6
:108F00003C1AF45A9100120EC28F2312A3C5A99DD8
:108F100008A95C7A41E5CA6868D66FB55317744EE4
:108F20005A7CFB0DD06CCA485DD206E5CA10D2202F
:108F3000F5D41BC857FE83F8D9585C07F65D5CA0D2
:108F40006590D9AC3A036D2FD93FA8B3F925549455
:108F5000C6415FE691E0BFD274719082D48B764BAC
:108F600059D6C25664666BEB21C49AE470BB0FF00D
:108F70000B635DEC52E43081D207D66CB7A73D1D80
:108F80002893EEC2456FF5C733AC735602639AD689
:108F9000F0077B7CE016218EC3D76EB1A7704967BE
:108FA0005287F0861B5A2909AFBD1CC40BE8104B31
:108FB0007F13A8B7C773D4997C13B199E32A545986
:108FC000931B0E032DF7DAB7F99EAC83B4B5F85AAC
:108FD0002AC450FD81157A822BD25703E84077814D
:108FE000A372281F76615353154001FC44E214918B
:108FF00086054A8A2F9A867D54C532379913CB62EB
:10900000E53CED0CD9EFFBE5E2D692FC6C2EC757A0
:1090100092AD1E5189B43828ADCE18087A3AC13EB7
:109020003237DA69FF07B79CBE09170E05C12E4219
:10903000BA765CA41BC20B8B5B770F21DBD3763A2D
:10904000A06FC573F08281A09EA418F6EA759D3AC0
:109050006E34487314E7D7270FE10C943B1CF0944F
:10906000514E9A6BB4537E1849C670D05336AB47F5
:10907000724CBF3E957B42CA3268B8066EE9F14F2A
:1090800025CFAEA78F42DC6AE920F664397755B563
:109090001CFE5C861474026CA46761AD35717F6B35
:1090A0002BE11E47AA3E2F686347489EF5B98C699D
:1090B000CECB6DECEC29CE5DCE2FDA1E96B2F88FBA
:1090C0000272381BECD2BF07D86E4B2DDDB785DEA0
:1090D0006AFFAB1F7405487B3F800C9D5F4B5BB103
:1090E0006124B858E10D7D1D38651D257C4BE6488F
:1090F00051FBE4C593AF2712E04F23B98A44FA6AC3
:109100006496D0BBFE8CC41439448A3E097ED436A2
:10911000FE859CB8886877FF18ED5D9FB088E49B5A
:10912000AFE45739E2791638633F60B0F3EB221BA6
:1091300025865F2FEA646F4086D1F588653600ED9D
:1091400062F3C4D39EE04AB87E5A5D826BB934C3E1
:10915000D06467B8447F9C0B19534D6920F3AB650D
:1091600086C71CE4A0CEAF3DD0CAB9D709FDC7E77A
:1091700018698FB433ABA7BF2C91035BD6B80BE44F
:1091800080EDD2BDC972B854367306B0D188F5B738
:1091900056364FA54C0625BC46AE994A9B4C4AF81C
:1091A00056F90084B395F0CD32039CA833E528B17D
:1091B000A510D3D1ACA94889B9203611623625E66D
:1091C000845832C4CA95D84F20964A1B4C4B94D829
:1091D0007C88A5D1369347895D053103946C516233
:1091E00039103342EC98123342CCA43931A3989B06
:1091F000C3B1A61C8E9D8FC529F26B83FB376B42D2
:1092000058D31FD8231558896C9A036B9586262549
:10921000B0A891D10C2654180792CA5AD9FBB6F6B9
:1092200019BB76F0B97B0C67A1EC9C25961CDF126C
:1092300033A9718CEC0606AE51EA69947A7D11ED82
:10924000A5CA2950F752612AA9FB8C5DD3F7364E87
:109250003CAB99F30E4B112BEB91B83E35F4710DED
:10926000474A9F8BE0F91F060FA447FBFC10625F83
:10927000802C4C81F9C20286316FE64E48B4CE6034
:10928000C2BBB0F8A708DE1BC52D168F41388A5B1C
:109290002CB641388A5B2CBE0CE171DC62F1F98896
:1092A000C640B5E83AC3ED2081B8095C7EEBD61D17
:1092B000C916EA0236D0607522733AA731A1274950
:1092C000CF378D6DCA448DD884CC1A05638BC7CE39
:1092D000751C851495C9CCB14A8A632C31EB689D05
:1092E000CED2DD7535D756773CA3D1AE3B6BD97C5A
:1092F000708766EE17ECD18E6DF63D2029B0E14CFB
:10930000F0D08E8F105BFC117BD4C3667D151C8161
:10931000368C1CC833657CC631762EBEFAD3A0418C
:109320009F0652ED8DE00FE17AEF4770A127A3353C
:109330005880EB5C076B428D1339B38231795497B7
:10934000B5A9EE1DCBD75DD8BCB1EED64C5CFCDF29
:1093500021B97005924D00C997C1FEF41F42F2F188
:10936000283BB798FB470C925380F3707B94AB2754
:10937000432FF520773F1A8391C7781A47F60C617F
:10938000434D1DCA3BE6DBACD0FD998E28C5A3B882
:10939000098D25CD4433A8B9FFA2B74AA137190DCD
:1093A0003B337485BE9F8CE1F9DF287D4DE054D0BE
:1093B000572A67E5FE027D3D3F66E172A02F2B94A0
:1093C000797FCC72DF3BC05FEF28FD3CDA11E348C8
:1093D00025AF73CC9A751507BD18EE07FCABCE769A
:1093E0004F3DA1F49193D51FD484B4B4112026E548
:1093F0005E54F0DC7B05BF7301BF4707B76CBE82CC
:10940000E127B159171BDBCF463F5628AD054AEB84
:1094100094941B46D3B336351C1DF46E0E02AD3743
:1094200036FC4FB48E62584730ECD501868BA7FED0
:1094300010C396D11FD2FA54D0DAAEBD3ECEB9DBFE
:109440009EE89F28E1E21536D66CEB470C2ECEB78E
:10945000A58832BDAD7709BA1CF83E68ED346C3D85
:10946000F66D186C0CB9F053E9A613E0BA515F3DE4
:10947000D6730DF64CFF128971E13DF8089335451E
:10948000C2ABB6F4AAAAD9EC8FD22673AA903C6FCD
:1094900069099AFD866F6B6F02BDA5770235499405
:1094A00055A100BE36559499AF03DDC12E47C0A12A
:1094B0008CDCD738BFF7C5BECF447BB8BDA84227E8
:1094C000DC28ACE5E853B5DCFC45F3CB5933235A33
:1094D00065E0819CC2405C76E10F72E72CBA4AC914
:1094E000352AB98BFCB4FBE860F755A55D2DD26D2C
:1094F000BA92CB3FA176DB1706722B282715BA0547
:10950000EFB45F73F6966233E856CFE8E5F036B90C
:1095100080D3704C6835460639FCA07C40F89D3DF0
:1095200037F039E8DAAC0F656775475B9AD955B201
:1095300033DA8E213045694707EDA49DD5154F8458
:1095400076F6413BBC9CC7A9A19D34A59D9BA19DDE
:1095500067EC94D20EF627661F0CA2EC1C8E8C4F83
:1095600097FD6C30217B7F303EFB19D0C30EC29A31
:10957000FDB1AC46E47CA715C2BB20CCC27AA66B79
:10958000A71F60B8940E2430E2EF22068EACB7C855
:10959000ECEB5FF59B533CF9256EAB12F294915FB7
:1095A0002444C39E761597001ADC2020975583DD4E
:1095B0000EABC6F7F27EBBFA8295BB4390C33D72F9
:1095C000B63307B40692FEB96CD013BD8ED4B10980
:1095D0007B5BA106F4DC0535136235CFC8DBEC56A6
:1095E0006E8FEF0E0165CBE1F7657C6DBED34074E5
:1095F0000E54D49E00F3430EFF19DAD69D8DD63C4F
:109600002E334E417875440CA191894E020F36BC21
:10961000ACC058D4092B5D90EC97A57264F7540E3A
:10962000BF052DE7F818EE5CEB316E8594B0D606D9
:1096300069CDB2D599C3DBB88700CE27E4423D6837
:10964000145DEB786C20FB5E6BF9E7328A8543BCD6
:10965000C1F9354F19068306AE3F380EC3EF6230AD
:1096600024000CF7FE1718BEF9110C724903E70627
:1096700028E4F01FE5759CBA8DE97B5B8DB25FB580
:109680006BFDD582819C6A6039DC305223B073A7B0
:109690003AFB83B95C11947C4FCEE11865FF4D52C3
:1096A000F09B0469CE1F60F83A80C0CA35F8D60135
:1096B000E44580D522DED06AE5F2213647363825EA
:1096C000C0D7A6F654E00E32F2D9B191E35D1FB7D0
:1096D000E21749EDF3326E2EEC2810DEEAA10ADF24
:1096E000EA4159D890D0FDB4BDC887F7E4F078AF0F
:1096F000C06FB30F5E2884B167E9BF81B1532D1EDF
:1097000065371221329624188B1CF6C348108CE45E
:10971000840ACD781946724E62BC37496CC6B17462
:109720003BE41A47381889353602423B82B56E98B9
:109730002958D9274A970D1C6007616303F4CA7240
:109740008CB8A4936D65C49A4E4F99EE554AB849AA
:10975000D08364074BC0955646746BE2882E4CFC50
:1097600009243EE85DB24BEA4227FA6D484927F1E9
:10977000A1EE2BE113D2C73AA22187DB13844EC995
:10978000E04915D14D9B0289F7B3B33C5DD6EC8718
:10979000FB273694D61E167E8913CEBD2C64611627
:1097A0007E5345EF4D7C601BE418943983B3260843
:1097B00030B312D0EC63BECBA8B23721F3551F27CC
:1097C00032EA5FAA4AA5047E829034BC6D74B2E886
:1097D000AD4CF3A9FA12A681CB9CE6FB87E4ADE27F
:1097E000444AFD17F027DCFF81B4AD4AD5C74CFAD7
:1097F000B5F096F468D50DF0DB50F5B1E4BDB15489
:10980000C4AA0FC02FB954A7427DCECCDBB0AACFDB
:1098100099FAB293717E00166F220712329490B0BB
:109820005C62FA9CE0D6940E056635647BB7A5337E
:1098300083DE9B3422ADDA23EDE16788F1EA798E8D
:109840006DD29E25288BC08C7E8BC4E2316CF87D56
:1098500090CA7A3648ACA7A78329ED80899BF0EEA1
:10986000EEF572B82C323D27EE027EAA7B3DE8B6BB
:10987000E1D722E3A7E8440F40A08BB2B1337305D0
:1098800077509E8E444F6A5922034C14BFA5DECEFA
:109890006FE18136ED08B48113002732331C5D4F30
:1098A000E6FDF7725456884063523F8103CA58530D
:1098B0004426E954BF17B3BE895C55FF16DA0B691D
:1098C00030CE147A70DB325DE1F6968C7BBB34953A
:1098D000BDCEC9579DDF72345D33FB9CA0F0D478B8
:1098E00009FA25B04A3469C2CD422A479F660B8FD8
:1098F000DB4D5C38902618F8E68603DE4F7A269812
:109900003F243BCCE65724D66A11DC5CC6BA1C6EF9
:109910006FD93CA76A70DB72DD3CCBBD7ACD2D3EA2
:1099200087C8D2963B7137CABB14D0024541169402
:1099300035710D2D44DFDFCD45C7AB010C919E1B6A
:109940006582A5A6B1E9397917088E08873F1F31CE
:10995000E49803F42B4E4E75683647FFE5193B3902
:10996000A19907F296652E07AC00CB510516647ECF
:10997000175C2740F29284AC51BC2DE32AB81298B0
:10998000C72CE1FF32245AC042F4127C2ABA1E9935
:109990004752659A89E19238C68AC0BE3D3264E07A
:1099A000CC2E9B94530CB402BDB408E4CA22F057E9
:1099B000B0CCE096E51C9736CFCA19E6CBE185F22C
:1099C00061FB5000386139D857CBC859D45B3D533F
:1099D000AE794B5AE1C5E6EF6E63061F59C10C6EB6
:1099E000FBE95BD2EA5D0F4B82F561C9634D9BCF0A
:1099F00086D25872AE4EF681B81EF6D01F4269D09C
:109A00007AAA6C98CF49394F73A5038187A56ECF89
:109A10009456A61C89A74618574DB581031BE537F8
:109A2000648FFB0D706835B2E9DA19577A1DC3559A
:109A300064EAC1EED8AF507C97A2F7C3E87297F8FA
:109A4000735D79957F1C090D3E657FD417679E680D
:109A50005E31AD7DA47F941EC95C76BACDD24AE555
:109A6000D0DC6017B17CC4471242F2FCD706BD1BA4
:109A7000C2674EF79D9E302144D395BD9F6B4FF535
:109A8000FF997EAE8F66B5211C07B6CDDDB70E37C8
:109A900088DA11D5F295C30D52FB8834D83E58B5FB
:109AA000F94DDF84905C484A76EB4FB4DD92B9649F
:109AB00078DB40C20833F0C7918181DFDBFF1AC039
:109AC000C51FB52559DEEFC24527DA34397FEE428E
:109AD00046DD9D93BDBB3D673DD8F06690E57CB00B
:109AE000F62DB427215BDD8398AC3F1394DB266B06
:109AF0006B57093458A547ED1A3FB1AA28B17D0824
:109B00005FDB1F30709E4E0CD29BAC55F6DA467769
:109B10008AE8499AE247E684EB1BAB4A2EED625095
:109B20009F23D9E49C78EF0D1AEDF9ED1ACDF99247
:109B3000DAE59299FF353FF1DE1291C113EFC4854A
:109B4000B4E59B00B195FC80C34DED533947ED64FE
:109B5000AE4938A36138EDF926011B9FE24FF6DBD1
:109B600028E0E3358403F8484D6D931050C5431E3B
:109B7000D0F64E25D74472B1D100DCB844C93F437A
:109B8000C7F2E728F976924F29F9B60870C5B2B343
:109B9000D2C748D74A0B19EEBD656039B6109B4D48
:109BA0000E3FE393C076E06A51EE3D0175284153C4
:109BB00024783577FBD57D785291705E6AC13A98EA
:109BC000ABC4D7FB4EB03611D96C89FBAB21FE6616
:109BD000A6482565FA6CA2D746E2AF62A831118982
:109BE00049689B341705A463789B94AFF8286E9B53
:109BF000342B1A4AD826CD8E86266C93AE82D01B83
:109C000050CAAAF8A4D49C68084A1590D0442D9450
:109C10002AD41519AFE199901331A11CCC84E6AA7E
:109C20006E9498B536702F02AF6B1BB0F734CC77BB
:109C3000A2433E27D9AC374A45C50698EF7BCB18DF
:109C4000E5ACA6CB40C66C17196A2B84FF3576E0CD
:109C50006018B9D1A70EE934BF0A4ACADE01396BD0
:109C60005D394C760D97F6D298F2E30535214433F1
:109C70008B58C1D06AE4C8098F1CAEF591F3D74761
:109C80005DE42CD06A2437633E95CABBD1E0D61B75
:109C9000D3E6A02CA07C02C8EC496B9CB3EFBD4777
:109CA00033E1DC6575C2F9400FFAE56FEDCF9468DA
:109CB000CE70B5BF90B23C7FE467DF4B568AD97750
:109CC000E2B9743E0E19F09781A854103B092F8C0D
:109CD000CB5AD075AE4859A2A7386A196EAF80C466
:109CE000EE252DA1EE5B277026BFD41A93CAD9307A
:109CF000AB7F067DB34C5F698AC39901F24D7D1E2F
:109D0000CFA367694206CD40809CB4ADD25C3E775C
:109D10000D477637770EA31C31D6A3727EF75FE42A
:109D20007B76EC1694439B007A38D8F19DE44ED8AC
:109D3000548EDCC24902AD211538EA4B65CFADC85F
:109D400093DD9AAB681CAFC8060FC1E3AC9E6325D8
:109D500009DC246E3AE785DEDA86E239631DC569DF
:109D60003B72EA96B4129DAA4696C38FC9C55C1E83
:109D70006784D839996853C7EAC93CB2CEF815B997
:109D800097E5D2AFB38B68A37EB5BE56F1ABF5B500
:109D900026C547E330DEB4475941B06A72E0C55684
:109DA000528736A618B038639836A6826F027F12A3
:109DB000F8D386493907CCDE6DE4A416CA297B5353
:109DC000D17B4A444758DED0F284D46DC516066470
:109DD000FE640E5DDAE2DD52F933C96C88EB28933C
:109DE000CCE8EF12DA7F5ACAF46E930C3CB9C1B3D7
:109DF000DA1F2DEDF147E7DC1FE428D6AA6B5304E8
:109E0000B2B392C29310E92F85AFA945336FAD7AF3
:109E10000472A365FF36867290F884F76BC0EEEA91
:109E2000616670EBCDAF73DA509A96EC80085C24D3
:109E3000FCA708751074F4D10FA5B4FDB59CB64FFE
:109E4000432786D226ECE1DEF89A4603A569FCCDCD
:109E50007C354776E206031F4B08A5F186AB9F963B
:109E60001883FE4EFEAA4F024FC0E836C01A8A661B
:109E70003E0CA15A58590CDC2B12F2BC22519EC741
:109E800024062472F1584D6DF9F1CA0164D7F3D15B
:109E900035A6E4D2D720E52B47EA395DEB8D00DF0C
:109EA000DBA37F96D0AE0E18E5A30164F8265824F4
:109EB000C04C59BBB70C83EDF248A008F4C6AB64A4
:109EC0009256C0AD124A602D25A7500F1CE90956C5
:109ED00099F4FC3E89B2EE936843863A99A1063C18
:109EE000265AB46D4A71744AC870B25F4BA538F6F1
:109EF00001A4C92A6A3635D04D25F8609D2941C68E
:109F00001447756DBCE36C554D6D8A6965551483B6
:109F1000046FD770045B0BC7D88E9ADA3F0409BE72
:109F20001B8F57D5062464B28B987A13FC68CC3407
:109F3000F0C0529338E10729F601BE9AC4AA6B4FCC
:109F40004AA905E49781DF92CBF29D27A58464128C
:109F5000B729A9CE829A5A6C3A256542C933122A8A
:109F600020FD9E04FF098557289AE0705D303AC7AE
:109F7000D97624DE282DE9C534C5517EFBB4AA105C
:109F8000C2A0730ABAD67880326B8CEC8963F1C4B4
:109F9000B15859B0B23E8EA5BD768C6D27F79DCED7
:109FA000C5E2878FA1F6E696EFFBB5F58289D07BF7
:109FB000FFD8F7FDAAADD8D5BC3642F6E8BF45DDDF
:109FC0006CBB1CFE56067DEA47E51E8D955B75A5AC
:109FD0001CB99F99F42ADB4EEDC5E2A448244889B8
:109FE0008FBE4E89EB5FC7D7BCDB46E53EE3437DC2
:109FF0006F22A283E1C2E83EE6342EA361954605B6
:10A000001C9E760E241CF0DCE2D2147F8DB0B6D5F7
:10A0100022E4701F018D0B1B5E10DE6C73880CCD6B
:10A020000B76EE58193BF7DBE0010159BE0B0C052E
:10A03000B1B21FB9A97D1DB7ED6B35026E30DD20C1
:10A040009C6F5BDFF16BE1171DA8EF24A2A6EE0168
:10A050000EC5F3B6C0EF545849892D800BE83C1C5F
:10A0600062710F70D2E5E0F879D4F696DF7D9BBD82
:10A07000B3535AE265B89D6427032041335991894F
:10A080007BB174BE7FAD10DF7148A86925F32C3E0B
:10A0900060160C0A640EEECDB695DCF91EAC6E2986
:10A0A00063E7F506D15523017252057A9D6715477E
:10A0B000BF141F621388163885A3FFCC16D6942EC2
:10A0C00050B4C022D0028F7BE5F05D32A368806679
:10A0D00001D6419CB1CE0DBC051C3DF3028C4A7BE0
:10A0E000E52C66FC7CC4DA4E0B5AE193A4F6BEC0A4
:10A0F00066B3C83B8D226FAFEC0D78E2FDC872CC21
:10A10000F75C02CA3DE67B3C618F9DF2CF5564A2AD
:10A11000B5738F5D1578B3DFEB013D76D356FBE564
:10A12000C01E7BBEB2C71152ECCAD2DA491D25D57A
:10A1300044C2BA80B7F9B253FD3BB8CADEB30F418F
:10A14000E9BAC9BD667591EF3AEE65CEC2AD14FEAF
:10A15000D47766B3097A8CF3A3BCB48BCF25BC6AE1
:10A160009F12D8674F0A24F2FF08A670DF055FB080
:10A170006B0294E8759EECF76EB497C6FB6F6AFDB0
:10A180003EC89EF936F8818474F1FC87C157C19EA0
:10A190007FD5FE65975E789A43795F06D2F9538A38
:10A1A0002D2696B1FBB0A8612A7BCFB326A74AD44F
:10A1B000803D114095039B17EDB1E30091028CA8FF
:10A1C000D1407ADCCF4AAFE38A7C3FE5DE06FB7103
:10A1D00062C6AFC11A9CC07DC6B27DE72794DC92EF
:10A1E000224D38D161CB1D56878DC37121B9EDD178
:10A1F0005E8CCB86E3C2D7D820944043EE5CE73C2C
:10A20000E7F9A0B7171B5873C9252385DB6C08E550
:10A210007ADB68D0C78EF996287B350301627B1103
:10A22000FBF8B1B4E7ED2850D4992AE10C39FC854C
:10A230001C0658ED42452B484EDEB1BD7E3B2E6CD0
:10A240006E7BCAEEA82FF26DADD77164FFA0A1C5D9
:10A2500000BA70222770C81809E78E1A38E609B2CA
:10A26000FE50DC8AD6B5C049ECE14C8EFEE0557B51
:10A270000EEFE6CD1CD8C0AACB011DE8D69E4E3607
:10A2800067CA056D4E823F0E5C3CB8047089E026BB
:10A29000E4A4FA6C062B588009E074E052C1A58151
:10A2A0003310EB11917A50F6820E5C2AB8347006A6
:10A2B00070D69C477D490662616AC1C5818B8FB5A6
:10A2C00091A8D423F34DF3A8E62A869B76C1DF43F9
:10A2D000ED45D99597E54D6F850CEAE74306943B2C
:10A2E0000CB00DAB2FE70C23718E033BDE6D4B538F
:10A2F000D643769E6D16CDF5053E732F207A8943A1
:10A300000EAFF5413D0F9979442F01FEE9786F4773
:10A310000DC8D2F7B6E83A19B75EC8E4E9AA533BCC
:10A3200070F1A92D15FCF7C1A8BD30957B7F4712B0
:10A3300077AA5F8B55B9F5DCE3A0C558FDC8F0528C
:10A340009B26A4679E6963664F1FF64A495DBB4A18
:10A35000E910A6D5674776C439ABFBB5F4C8166CCF
:10A36000D077EB25C47F7513B6F606779586CEFCBD
:10A370003EA48ACF343F201C1FE9BF448F241F9F77
:10A380003EBCF332CA2F0D9403B47960A31775D481
:10A39000F11B440A112B00A439FB5510CD50F37565
:10A3A000FC2B6DC486282DD55D88EB6369D3D4144E
:10A3B000A0F0EEE5AD6D6C08B319B9D34157B7F80D
:10A3C0004B4BD521AC0E758DEC0048A949CE35001C
:10A3D000C31B415CF0785B266706993314583B3DFC
:10A3E000DE99693C3A12EA279CD0643F7B869C1A2E
:10A3F000FB95DEFB22868ED3126AF105B129183C4B
:10A4000001A15F70069EE1DE0C96969EBF404A5CFD
:10A410008CB01D06FE8892876690BCD7A2734191CE
:10A420004199DCD696556EFC38B1F1C88DE117BC68
:10A43000E6472DADFF74A33C24FEDEABB1CCEBD2DE
:10A44000287B367F8CA86094304615D9211B971441
:10A45000A926C27F3DC3A6473F7393FDA548B873A5
:10A46000D8F028B67ADBE4F0571139FC4E0417799E
:10A47000DB0CDBB035E7AE1AB7E9D18CBA3C272D3F
:10A480004EA76BC4857439AC7A291B8B38379F4B28
:10A49000F6BFC670762048C1F834A63777A80B8F70
:10A4A0008E5CEADFB263A9BEB9EDF1B646FBC92EF8
:10A4B000144AA089F5C67EA75B50297AE36EE0AE08
:10A4C000E7D2BED3C581FE19D90A2B72AB3F0ACBA6
:10A4D0008161347B4100371F02294799401A4E9809
:10A4E0003EBC65342184D11B217592F1516F1BEE66
:10A4F000FAB5DD72560E3F09F0D545AADDC975B82B
:10A500008812A753BFB6B3B012DBE2ECBD8B923317
:10A5100086BDA18A5E2A0E5B014A7BBDC4EEDF299F
:10A52000E9D0FBB06ADFACEC35ED1D333F8AE71DA7
:10A53000B5CF6ADB2E622DB1158F05360691E9ED98
:10A54000E067EEED3F9F20513A3CFFB5365C70224C
:10A55000B80174B235CAFB8149603F59014606F41F
:10A56000C048B87258DD5CC3B70FA2E99AE617F885
:10A57000B9BE5A2DF0F7C603D5BF6DFBAA8A09E90B
:10A5800060BD6AB2ABBB9099E65FD8F2F916F3D61C
:10A59000CF79A953CDE34262D586A03DBA2EA3C39D
:10A5A000D5862CEFF8B047D9C3A9F39449204BDEE8
:10A5B000756BB8891DE64791E5EA40F643D367CD50
:10A5C000ED2AAACB396E7A549397DF3563C77C9115
:10A5D000A62D013293E4F0C9310368AB73281B53F5
:10A5E000D2ABAAB22594F4DAC8DCDC68E6A2FB6937
:10A5F000DF45508EE6936A778A728A3DDDD2A0DC11
:10A6000038973A8D3B66A94B7B71B6CA41F492A448
:10A6100008C57D09A3A451888C157DA7D87F3B5A16
:10A6200018A23D1A7360C59E0AA3ED1AEA948AAC7B
:10A63000AF483A6B52B3AA711F58258F4969D68922
:10A64000CD9A4637D72995430E881EEEC31E6A8DD4
:10A650001C7E5A8E033945D68BB36E724B6C321703
:10A66000DF91F2E8AAE3573F34FDAA9CAE2724E429
:10A6700025A74533FC44C3F68F15D619A992DE539E
:10A68000734A7A595CB8A3A4575355D24B97505C80
:10A690002157227A31D939DB01E388FBA4B00E5B64
:10A6A00034818DFF361AB21611A887951110B92B77
:10A6B000B6EF6C2192754A0CFA6900FDBD43FBA40C
:10A6C000C5D695D396D997953C26212B819F8C652D
:10A6D000A2329672652CA930965A18CB4DCA58C82A
:10A6E00029248CE69764BF349EEC97235B2D6A6522
:10A6F000AC9E3247AD5EB057536EFD15794574126E
:10A70000B1C42F19BCE937A402B64A383453DB412F
:10A71000200BF450E667F56BFA68FA49FB3DF03B15
:10A72000ED0C5DBBD39E1890C30F8DD1B519025DA2
:10A730004DBBE37968A50AD792961AB87F06E5B0B3
:10A74000672C5E20F7D9AEE4414E17AC8BE7820D43
:10A750009C560880CEE4DD364D99FF3B5B12B94F25
:10A76000A425BB52B966629980369E5E4FF45D2483
:10A770004EAA5F366DA1055D9A588FF3E8009136B9
:10A780003631BE1E993FEC610B8F49A9D6F6BE53F8
:10A790004995BDA734F459648857EE0D5BD27F67A5
:10A7A000EF9212AC0B7C9B33E4B6995C4647176082
:10A7B0000859EEF3CF9C7543D75BA11CF51F95DBC1
:10A7C00045F9BECB6DD771A83197EB9258C41E2ABC
:10A7D000000A158EBED0A78E9BE724376048EB7425
:10A7E000082D53157F849846D222DD9863A49B538D
:10A7F000143D283F00AD229B1256F9D193ECA1A540
:10A800009C5B2F8793478BDAD055C7FCB769E2FC76
:10A810007187E8BE73B8DA3E5162AFA5440D955218
:10A820008221C4E65F7B41976FBBD4EE35C0EF1F3A
:10A83000BDC795713EED65CD73BB5FE7D08C93418D
:10A84000A6B9DB92E3EB36AB1BE39D87ECAAC6D43B
:10A850000B2B33E8BDE8C9C74BE7FA967267DADC21
:10A860007AF61063D53C2E873F1AD1344D76BED48C
:10A8700047C54D725E6E235033CDEA26D553CD7A4F
:10A88000A6916E06BA34FE21881AA3E35B00B3E9F1
:10A890007090F496E2C7E657016FEBFC6C7E72D7BE
:10A8A0003EE092EA69E661EAD279B04C2B45B98084
:10A8B0001A6606CC8EC7209DE46D070ADE18D441C7
:10A8C000C9CE2B25033F2A49F88CE4BD0825AF0DDE
:10A8D0001AF293BAD8A76AA61987E9FE8B1AD595FA
:10A8E00072090E760FDBFC2E94C90BDAF22DFE4FA7
:10A8F0007AD83555D34E878CD47321233D6318877E
:10A9000054D07236D49AE84877BCAF493E8F4DCFC9
:10A91000850CF469B0C22948354189676D4BED0E4D
:10A92000D0F86BFA1C7481C3E2002E30933B37647D
:10A93000174FFE8ACC9F51F865D1D0576CFE7EC070
:10A94000F2D10B86FCEFBA4E29A37EC54F99B72AE8
:10A95000A1E37EC6FC50D0DA8EF35241B3C259B6A1
:10A96000FC875B727CB62C948DF360AE2C4FEBCAE7
:10A97000A87B0CA4760DD09021345455DB27C568F4
:10A98000D868534108EDA63913CC4B6217A68F90B7
:10A99000DB6E6CDE1717747974574603D16A3F0B70
:10A9A0001AF21EF3915B501902D5086D9ABB82BA58
:10A9B000F6F7858C8E9D7C7CD5CEFFD014DEE3C56A
:10A9C00020AD5EEC3BD17FC24A81B602160470E333
:10A9D0006599CA510796A94FF627197080DC616204
:10A9E0003B4FF66B6C23C1E85B9E0F7B68739CC08A
:10A9F000703A657F9E02BDE964BF7A069A81F212C1
:10AA0000B92D9CF752B83E593CB1C826F6D76BEF2A
:10AA100047B948FCBE9ECAA1FDE6BAA3769BF84D95
:10AA2000FDC97EA646DDA8E3287133AD6A24672CF4
:10AA3000AAE65C6765EFD6F2F2DE38709CF0973AD2
:10AA400064462682E37EED56AEBC17B154E3ED7E3C
:10AA500055336AA4B8DB85651CFBA2012C12325B5E
:10AA6000DFA99F595BD951C231CA0A3D30ACE176AA
:10AA700091151ADDD45DECDE5B9AE85F28A0AB8609
:10AA800002E3F95F0C93FBE4DFF9CDB5C5FCCCEA3A
:10AA9000DF4A534EA8C5E9EC07FDDB125EEE6311F9
:10AAA000E84220278FF926805676B02F819E3EBC43
:10AAB00035F2F71ECA78CC876095D134FE89E4D090
:10AAC000196D9AC6A5C009457EBAF95329EBF3263C
:10AAD0003DD30CB33AA1A60FE3274B1FE8C3B4E55F
:10AAE000ECDAFB7F2BE9BB3795A607A86664A9F3D0
:10AAF000E31CE3C77582D4F1A9249EDC53EA8132BA
:10AB000093CF5EDD3DB37626C09A80A2AF0E08BC1F
:10AB1000ED00EF40B0AD7C979DB48341B28841D247
:10AB2000C2B05FD39C6499F2F1F0834711B9094A2E
:10AB30008B0FD0298E91BBA376F1D0F0DAFB8FFF7B
:10AB4000926A2EEE1879F054FF360A1754F7FF8AEE
:10AB50001EB9DB1FACBDFFF8434DF68F1428E6F994
:10AB60008F6A294B01407D9C679A4778A22B241E4F
:10AB70001C0B3F1AA19BE31A99E6F846CBD48446F6
:10AB8000CBFDAF48D7B5905DD157A46BADEAE6C712
:10AB900024BB5505BF0EEB1E291FA4BC6D3FB98D0C
:10ABA00043EE9D3D2695780F08712F12EB49E997EA
:10ABB000C68544AF69A646B63C1B1C79F0ED7E5BAA
:10ABC000725BDFD9E93671C84B721DA53671D44B63
:10ABD0003559EE7F4D8BF296FA278B585D15A02DD7
:10ABE000B64B03DE71984676DCA6689F96FB0F4F46
:10ABF000A5018602EE9A18E59E1A46390917A3E3C5
:10AC0000AD1FFEF7FE5441988BDB0E35146F259A6D
:10AC1000F5BB40BF1743062A67581B6240ABC68E80
:10AC20002C98DF131D69DCBBA093BD36A40DB1DAEF
:10AC30008E902D89E67A02C7B6E4DD4F2F38D336E1
:10AC400007DA3D3E34F2E0B12D171D27FB4F2457A4
:10AC5000F7FF3965E4EEEB82BFEA983D15FF0892F5
:10AC60009B0092D73FCABBFFD80EACD4FB6770687D
:10AC7000C79BA05FE36226F762DBAAAE9CA9C8ACC3
:10AC80000965A89BECEC059D84DF574BF8049E8377
:10AC90000B55B91FB50D04E8A7E276334FC5EF6E2B
:10ACA000B443199CB0BBC8C714DE2B24EE9EEB5BEB
:10ACB0003EBCB51F9927348EEC2014003D98D63B3E
:10ACC000FF1DFF4013C338FE9199508350E17E3E33
:10ACD0000A4DEE54397CF350F1CE635BB6DAE9C02D
:10ACE000386D0C5CDC8B72786C6CE4C1D777FC1827
:10ACF0006BC53B9BEC09609B6E1075E88DAFEE0752
:10AD00003DFB885F65C0DD99D6426E9A80660F076D
:10AD1000B47A76EAECA9694EDCA74D782394917455
:10AD2000EBF0F6FE7D5D4DF6E60B93255C8CC0697D
:10AD30004358FB3D680E5AD40CF22F0EED85DF7898
:10AD4000F404FC26A2C7BF423E72F79FACB51BC4F9
:10AD5000096807A426A147BEFA1E26B56A51C55A3E
:10AD60009388A98A1AA1706BBFB621BA8B075ADCE7
:10AD7000F7A8DBAA9C7A54BF96E04AACB820180723
:10AD8000BAABB48C3621CE71913F2B8D1AB48BECBB
:10AD9000A277E32908C50964F7278E37982EDEB31A
:10ADA000553221E5DE1879074B0FAB900E75EB623B
:10ADB000FB97135CAB8494015493EA0F81E60CBDBE
:10ADC0006F13AE05FD79D3E7555AD7476BCDB76DF5
:10ADD00023FD8BCE315DABDA75A04AD7A9728D0405
:10ADE00049BDA1D8DE0A81692188403B3814E21DA3
:10ADF000F46095438BDF6DDB2AA1146C4280CD2675
:10AE00009B43DB8CE858DE29C96BD4F39E324A7031
:10AE100008131D98A75BD39473C8542B257EF93A69
:10AE200042E44602097F0AE122F0571D8FA691F005
:10AE3000F2E3D17287A2E5E690F0F3B172AA68B9A5
:10AE4000021296210DE7A6FA368829CAF92616AF0E
:10AE5000F35D4DF4EB0A8A47263B7FA2873261B04F
:10AE60008FA9BBE239B40B856EC19503DE8DA43585
:10AE7000E0DF3D168EC498C1C3779253234AFC602D
:10AE800098DC23CE598F5882338623A3C762B14CF6
:10AE900099CD7745CFA074CA59FA2937D10B333AE7
:10AEA0001823EB94C3BF9173614EA442FD22981303
:10AEB000EA8B86A99503A88ADC1B8339EA2BEAFC76
:10AEC000F7F1A7B43BD79E93F6CCD50B13EB98DCE8
:10AED0004901E303546E7220FDDEE4EDD8BCD39645
:10AEE000624F08E01799D06268EF6F129473E266C0
:10AEF000E3BD14671090F8B72172E648A0BFF9D8F7
:10AF0000BFF0B70CC28BC1B77444D34838BB238A97
:10AF1000BF99C7FE853F63AC5C389A5640C2A163B7
:10AF2000D173615DBBFF0A440C37258001A6D4C0F4
:10AF3000CDF72E8DC13421906AC5E2EB32C595B7AD
:10AF40001298C8ADF4AA7B0D02D9F747625D07C11C
:10AF50008B6D2DE8433EA49C236F6E4F76D13C321F
:10AF60003B08050A71363523C9A5BA0BE8B00B3783
:10AF7000A2D0362A97434F923648AB6B65AD8BDA39
:10AF8000F3610FAA6106CDCA7D77824F32FE028936
:10AF900001FD7F09D0A3CA86D8ED0B111B2F584D98
:10AFA0005B800E71F7D27D5B285D75C5BD89050E8E
:10AFB000E0F91DF726B792DB8269D594F984B427AE
:10AFC000958ED12BBAAF426F66B894D65DA0911F13
:10AFD000EA304C05688C72782EB9F986B2EF019D83
:10AFE0000523B17E749B74D312D22B8913DA21F11D
:10AFF0009E378A3A75ED18AC34C62A8733656436B5
:10B00000DF03A5AC511E6038944DA0CF9249ADEC42
:10B010007BB0D82F1BA6925630B4AE92C9290AE154
:10B0200080A5BE5DD22D565AE46903581DBBA49F6E
:10B030001B8C7944FBA5BBA6E7815507B837E58D86
:10B04000044EF4A416D2DD7405B54663B2AFD9BA86
:10B05000869CBF6729F7E77F4817BD4297293FE0E5
:10B06000958901145AAC22F718EF9256B462E5B5EF
:10B07000D871F9C75C735C225C4DEC19D4574F3F13
:10B08000DC32AD96706F24763EC2F43DACB14E65B5
:10B0900001E643911161953B4350C378325AC9FD93
:10B0A000B8E764BC977E118B8F2B74A79B892D8387
:10B0B000C446292AA55460CD8C082BDDC902CA1BC1
:10B0C000F467801E95620B0598D02D546F30714E39
:10B0D00051FB12C968FB38D60B409495222C25549D
:10B0E000A33F129ADD3F174A5B19239F06364A2475
:10B0F0003A7BB0F84484AC6AAFC7CE758A3A09EDA2
:10B10000B0D8750C68007331C784A4AC62641C0BA2
:10B11000FF7118994FF7E0C2713A8C9FF39CE8A138
:10B12000979FE85181D32C2FE1B1F8BE04F3D6F3F9
:10B13000B0F28E9FDC97F028E357714BDC17F909CA
:10B140005C2A97D64A6E6C8D857F33BCDF3D1EDE50
:10B150003E3C87CBE1C8C91F16EF8639B445A044F1
:10B160009CBC0564C9891E069CDA44556371A043E2
:10B170007C15DA62CAB67F21E0ECE7DC8FD97EE28B
:10B1800028AD3703BF3FCBD7F0E21B584C02B914B0
:10B190002DA351CAAC56CAA87E5466FBEB0426CA3E
:10B1A0008CB2198EF6C03C01C81970EAE5A5B7A9A2
:10B1B000AABDD2E22558FCAB54236408E656827936
:10B1C000021548904EBA4E6521E771717EAF245842
:10B1D0005566DAE38032F180CFBD65C87C80BC81E2
:10B1E00044B84E95AB066E130C0E81F2801D12937F
:10B1F0003D9EF65D60BF92D980CC5E12026A91FBE3
:10B20000FFAF0CD508CDC2D18E3DC0AB2922AF9A7D
:10B21000E74746925E351AF5978D1238525AD54651
:10B22000B296AACDDBA02EB9D742CE3ABEF0BF2A45
:10B23000555BABEF68B237F86AD6EC19BAC5BAE617
:10B240000E64A914ADB4F7125D8F6621F192576BAD
:10B25000821A06854EC6733DA96642E90D7294D2E4
:10B2600017837B6056D0A0053B7A29B3ED1255D0E9
:10B270006847E25B5E6317B93157EE4FECC29685C3
:10B280007ECA029CE7459636E0B0D594690D65AA62
:10B290005E7360CD9BC1A383F59B91D8EC3D3A686A
:10B2A000DBFC5C608FF40B2BB6EC0FBC2AAD56CEEA
:10B2B0002B0ABA8F0EA20DD7FBA7405BFB37CCF150
:10B2C0001F183C51832DBBBA6A042869F805FCDEBF
:10B2D000AA7B55E2AD06AE0546B2CDEF10CC6B6849
:10B2E000A1668D1EEAE936CCF7DB2E53F646FBE667
:10B2F00081BA23B7B8CC6B2873CD1A643E158CF68F
:10B30000B279E08E23A41F72BA75BA2775F973104B
:10B310007E7E4D5DF055C021E96D8202CD36E93665
:10B320002BC1A05D8A62102B18A481330917A716C0
:10B330003E1D6442B7D3E63518DA35D731165D20A5
:10B34000CACF044327220F2BE77735C236E9F6250B
:10B35000460FA132A94DDA45967FF821D5CA404B58
:10B36000A46564F99B9F52DA3E03F0F1D6A96A5AAC
:10B370004CC2A0F59CC7628B8473183F95B37920AB
:10B38000F588C5D514B4B8F606B1F85BA93F186DB9
:10B3900069F3007B84D449811A47FD7AB581A3A063
:10B3A000D63D23AF40A9DA9197AE941A3C3C5E6A31
:10B3B000BF3F23566AC9481394728CFC36987A852D
:10B3C000C6162E8FCB5574D4B5CA087ABEFA79EB5F
:10B3D000A4FFC201B744C6BE8AFF2FB5AA239F931C
:10B3E000BD0990FB75E01E005714E35B64B9CEAF56
:10B3F0002EBED8969437B72BC952D0F5E9D7B4787A
:10B40000F59C39ACA9604EECEFEAAB4BEF68017EDE
:10B41000DC674F3D734AC8D8D11EDDA75D7E474724
:10B4200014AFD15EE4B055812C4EE1E409DDA98A68
:10B430001F9324663D97AEC0917045166DBD836E17
:10B4400025B32B188CCE87F3C351FFCFC33F9E1774
:10B450007F0F923D69026BAA85E17281EFD4169548
:10B460001F7765B4EA3AB5C59465A42B5AAF3D562B
:10B47000FF857FAB9FDE3DC9D2138857E6E60FA15B
:10B4800091C35D63E3B3E514C8CF5540EFF3817119
:10B49000A808EC7F0922337DF716810609FE94B0D7
:10B4A000DB3E7266A540F3765EC7AFE0C9DB881F5E
:10B4B000E575FD308F6D67633234FE411AA0652C4F
:10B4C000897E4B47F46C7DA71B99F43CD12AB65674
:10B4D000917726C87C2918E8410529FC4ABE1FC679
:10B4E0002A874FFB54AE0B027B779A40097A7E196C
:10B4F0008F4DD4DD5DFC487869E75E1779DB96E017
:10B50000FA4470653ED2C270497E0BA7AD1060054B
:10B51000F9C59041B9CF48BE6541E2FCD041B706BC
:10B52000D628397C411E0A927AE9E588655C7AE181
:10B53000236117C8A5BDB1FBB19E3292C7BA74EDA5
:10B54000994297608AF567BAFB635E0EFF5AC68A16
:10B550008CD4D946C2A94ADF45ED9AC59A456C39C3
:10B5600006096BF6AC8115E19791F11581BC5D453B
:10B5700037204303F096D266FBC6D71857DA1A2451
:10B58000968F22511CA5946F8B4414584839D08B48
:10B590003BE88A1B8565C22AFD5EC09FA263836E5D
:10B5A000BD93A7CC6CD5CE2D2CE729DB2A1C00CD72
:10B5B000C621A5E6536E87E4CCB7C3AF2D5F5BE130
:10B5C00090B2F24F0A0E292D9F32D152423E82DFB5
:10B5D000F87C06D275F907C046236DCDA2C7E100FD
:10B5E0001D4A26A7A272F846D0A528D747C2DEAAD0
:10B5F00024831C5EEC53F019BBFDD00F796C3B8E9D
:10B60000D18D85FC0A79FC3E841AEA5CD36A17D294
:10B61000804629BC836720B7D847EEB545F147037C
:10B620003ED57EBD40F14BF8A7AAC8294BA62FAA4C
:10B630002711BDC0206C534EA068C1CCDFC23F0CA7
:10B64000544F940782BA765A785A78D69ED0758B22
:10B65000B0838FE717F346FE66FE296187BE29CACD
:10B660001DB0EA6408C919E42E765C6E912FCEE80D
:10B67000515A8B9BC1A763F1D5312CEE1F63329ECB
:10B68000B7D35D7767CEE618AE3F18379BB9A0AC4D
:10B69000B3062CF6767A943B14A9AE44EE42151DFF
:10B6A000D2E1123E2E2FDDBD8587964C982FE7D331
:10B6B000AA0EA6A5C27CA91F8B9B89C5FBC61C1917
:10B6C00007EC6A4E7DF681CC1C687FDBD84C6E1E81
:10B6D0007729187715695352DA3CD129018DC97839
:10B6E000A5767293138BB78E2555A470CB24DDE617
:10B6F000DFD9D5813C0EB017BBE972D217701F1786
:10B700009CFAFCF41C5F3E77C04E5DC855EEB79ABC
:10B71000B8391C5D1E2DF390D2D641F206E955D002
:10B7200034CCC84C6E583A003F7FF591399FBED853
:10B73000ECDE6B4FF4FBC9376104323F9A84386703
:10B74000134FF6ED0986884565E6C0169074572DAF
:10B75000E3C9BD4093BB09EC53C2B1589CDAD92868
:10B76000D40BF1CE46E0D2F83193FB33F7E300CFB0
:10B77000B3F62F2E4C7492125ABD1C5EE68B8E8748
:10B780009C5D7E2ABDE165433A4DFE0D5D920EF44F
:10B7900084D0689794697B49A0339AECD775A53A11
:10B7A000CF0314E48CE41D4825B0BC25A15D6417CB
:10B7B000F6A81D07B0F8D5E876E094F33DF41C72C6
:10B7C000F32FCA436BDDC8D2E5C7E207A3B5EEFD90
:10B7D0007D8CB6A2740B9778867C8127630C99A226
:10B7E00075D9C08D8A762496C9E11C5FB2DEE4BCAF
:10B7F000144CEED36A8B7C15B19382BE487B3056D5
:10B80000D69FEA34EAA17FF4221FADD1FF27E5FEDF
:10B810009E8FE0303A3F41E71B55559CE9614BE96B
:10B820008CB4F4D210C2277B585C14A31BD18DC9F1
:10B83000793EE1CD28F7C27CC84DF0D3B98C1FE723
:10B840006ACAD37CA4049DA7EA529593D3764F1974
:10B85000531EBDED8A7CFC06C4CE25DF8AD840DEAF
:10B86000DF35B5A83896C32FA682AC3929E183A36A
:10B87000E1C7C61C99ABD05B3D682E32993DB4B987
:10B88000C6F3761B3E44CDD57181B65FDB9910C5FA
:10B89000E02E3DD81EE4948E91A84C46C209B840D3
:10B8A000BC7217882E97C37386AFDCF3F491B73C54
:10B8B000513D7F3A85F3A27A7E7C1E1D20770D5282
:10B8C0000B277547F57F36D002EBA7A5236A051035
:10B8D0000B80E992C3DF7798F2FAFCC3C11F6BFFBC
:10B8E000C8673193B77EAADC29B0CA61317D329D29
:10B8F0009E1E9BFFBA0AD0CE41637F7218EF054BA4
:10B900001742BB871301A25787A21045DF01C66EFD
:10B910006942FA43439782FF82FB89A1BEE0AB20D4
:10B92000F7BAC011B88BDA13AE4F589CB8288FDC29
:10B93000CE04897EBBAC0ABD47919327ED22724F9E
:10B940005E35F8DE46269486D48BA216CDCF800FC6
:10B95000FD4B9181E0770FB4F10CB817D7133C93EE
:10B96000373689DC68F81FA36FB7C1EA3697AE8B0C
:10B97000EF48E33C9D05C01DA361DF28CAE90F60C5
:10B98000C3E5D8992C39D1190DBF336A59F4761B08
:10B99000399DF954665B99F997DB7216915817C473
:10B9A0007410AB999DD8F5A9F4E82E70FB3F95F67D
:10B9B00078C1B5182B67D7711D33C819F06FA29ADB
:10B9C000B1540973C8973D3B3FA0312D021E1D0D98
:10B9D000378C2EE928061976BF50C3176F37D71F4B
:10B9E000BFEFC046CDBCF8B99F0559D38D4A897BBE
:10B9F000460F7624B99ECD4CAFD36AA9828912AB8B
:10BA0000A3242693501CF477BCAA349A42677E176D
:10BA1000489BCBCE7B2BC890977CF3DE0C7A3744C7
:10BA2000C7BBE00EC4926F8D34403C137CF205001E
:10BA3000AAE2ACF0113D7A4E591FAE25EF43B5AEE8
:10BA40008CBA4D1D725894352EBD1BE5F97CEA8ADF
:10BA5000953C156A2858C9EB05D380B75ACFB39DDA
:10BA6000B39703BF437933BEBD946D8F873A8D5032
:10BA7000E76F6019EBDD7611D9F5557AC13EE05DCF
:10BA8000AA8FD6517CFBBFD5D5E488ED93BB1216A7
:10BA9000272C32D7DDDF9170FD048E35830CA85E34
:10BAA0002E31F773126301FB4C94E905CECB010CE8
:10BAB000ABE08D122C6ACA1DFB2550DF0AEE691817
:10BAC00007762D93C88A44C22C70A12687581AF88D
:10BAD0000248BD4EB2FE9377A359D634E7497D7C28
:10BAE00007360C049305981501A61868EA2375A279
:10BAF000E58DC0D575B21CF6CA4915FDE6B3FC2923
:10BB0000F4519B63006D221A794A558ADB31E02D8E
:10BB10004C01C9791B94790EF0B28C7C6D419C3339
:10BB20002487EB6543EC2EE1491FE9938C8BB42B02
:10BB3000B5278B984EE5EC8187D366573C61FF595A
:10BB4000D76C17E84D90B6D49F7FBD1C76C9FDE633
:10BB50003ED0027E22DB2EE19974FEA4AE2C11337E
:10BB6000B7A5652FB6E921654AABDDEC467D589552
:10BB70001520379ACCD0F762191BA44EE65AC61A84
:10BB80000C6ED5040316B779C0B6C9526571173B60
:10BB90002C55E416A55AF9A6831C4E9169E1197B30
:10BBA0008F1F4A405D4B157913800CDD4152DE5CDE
:10BBB0006586F2E6AAF8068B375A7A3432AB618E84
:10BBC0004415BFD276C87ECA6F7647FBFB2298C663
:10BBD000FD59796FCCB2CA3B79C21B8B80D27539C3
:10BBE000AD191D446E6273BC07248965D44F567F1E
:10BBF000D6238747FE847C84B67811558EC4E78EA1
:10BC0000219946E4DB762C371156B39F76B2E43B9C
:10BC1000728A0DFC7DFFC487F7757CDFAFDA76BAD8
:10BC20009F65ACE6B9AD512DE186B1A8AE138D95F7
:10BC30008D6D5362D1596CEB2C025DE33379E2E2F6
:10BC4000891527585B6F8967FF08F58B77D9FD2326
:10BC50004C42669F2AE1F7238C8DEC53AC2AF9FD08
:10BC600008959CD9C72438FA109AD83701DB438845
:10BC70002A49835FA4D596F4220F91D77F0D2FFB1D
:10BC8000FCF9E6D3065D3BE554BBCEB4ED021D42A4
:10BC9000D7E9CC446D849FC877FDBADB0660FC4BC6
:10BCA00072902DC9656DCFDC90C568CE656E700E43
:10BCB000A0BB326F577C67E6ED718BCD02F0C626D4
:10BCC000334F39D9582B56A515A0C72A876458A2D7
:10BCD000B442F0E74136D296A61D9BF08BE46ED9B4
:10BCE00049B257A1C83DF2D64F0E5F92F7DB41F340
:10BCF0005672F11ED05365B277A6D8C031A77195A0
:10BD00005E5A0E338936ADE46D97E48D4DFCE2CB7F
:10BD10001FD8F53CE5C226E555A915D95600FE69A0
:10BD2000988D19ADB4ABE2F24B26B29F49D2481EB2
:10BD30000DFAA91EB4C233D25D3924FD26259DB269
:10BD400051AE4A6567F6AE1CD2069101E41D0FE5BF
:10BD50004A134EF4DB80C6A41C49FB349686626904
:10BD6000EFB5618EDC8ADB005C321EFE596C3F8DC4
:10BD7000AC8371AEF8F2F88A5DF6F8B3F1AE8B9948
:10BD8000C9FA37A799449ADA692FF22113328E86BD
:10BD90002DAF2F93980C1BB86F8207EF442CF9DE60
:10BDA000E1B8F3B4FB7B321CCF08C8042BE93CA6F6
:10BDB000CF9E72233E2B212DCAF9938FF8E49EF279
:10BDC00029F0211C1F4B8B8FA5C5E3829AB427ED68
:10BDD000A724F66670ABBACF548A38E5B4945944B8
:10BDE00074B6EDB84434605C45BB9BD5A3E79201C3
:10BDF000E275AFEBDA558B0D5C246C962BC5FD8E8E
:10BE0000CF6FA35CE6DBC9BDE05B608CDDCA7A4C1A
:10BE1000D7618B8A5B12C8739D5EBFD79E11C875B0
:10BE2000AD5CAB7C67AF66E51D8ABF66E51DFFFEB6
:10BE3000E5BD09468761953B123E393ACDF5393F5C
:10BE4000CD755A424560414BE8BA136633FFDDFABF
:10BE5000CA0126E5404D216831A317B1B9B02A01C6
:10BE60006099315CE8FE481385CB301CCD4333FE2E
:10BE7000C093F5E597F25AE1B4A4030BE3B4940A36
:10BE80002E537075C4B90E54115DADA6EA8072537D
:10BE9000F500EF016D9AF02D819DF09D2D15E88E36
:10BEA0000C14BAD67A820527B59F5E4FDE1D127B31
:10BEB000E65E39770302898B937F03EDCD2D82D91E
:10BEC000731BB49B437417A6CF914CBE0D7952429D
:10BED0006E706B4F4AAC165CFCA533F142EFFAB5BD
:10BEE000B7D754EBCC295593DD93459D7A2440E098
:10BEF0007D67E81C8CD03C10A921233D0032D3661D
:10BF000076883AFA40951646AD2B02A88BE25C7D06
:10BF1000A05B9E7040BC9825182986901BFC6BD6B0
:10BF20006E002D9A82B994527BFB816AA9F30DC0F1
:10BF3000BBCD8B7427D7EF926ED39D89B5ECE8C546
:10BF400029004D51F42E24D91D7B6BFD4561B2A013
:10BF50001669F5A6699445D5579292C079B9A4E1BE
:10BF6000FAA1CADE121D8C089F92741930464C5EED
:10BF700018EFF5BDC6E061BA7FB7FBD7BEC21BD4D0
:10BF800021EF4FD5838843B90BFC3FDBC18456E0DA
:10BF900045F86AC78625E7A5CCB478C75BC031965B
:10BFA000346484FAE9CBDC7866D5B4176CCD47539A
:10BFB000763CBEB399C5790DBE658E2EE92EC3DEE3
:10BFC000347B2FEDC0211BA5EADB42BD23DD858C30
:10BFD000DC32855EEF45D8BEED8858F48EDE6DCB41
:10BFE000CAE7AEC6D31CB36F84B68BA693B6EBC8B4
:10BFF0007D3055DFA2297F975086710095FC197C12
:10C00000D2B3B197A64F0499D0425AD5B7958E8333
:10C01000B53747B95BFD6C044AEBFC802BF300722B
:10C020009C009FB465EED568FE4EE434E00A31888A
:10C03000A236240BF6DBE5F0AD7F4268C59C53EBDE
:10C0400017E1552B5206908DF1C3EFF4041FA5584C
:10C05000A50895FF3FE491D796EF0BE9B5F1601580
:10C06000B884657C2C8DB6B67F22BCE44E11CEF22E
:10C07000E91D36CB369FCD9CC2AFDD912A9C5C9FDB
:10C08000E9C4D7BE3AD23F50E3A00BCD224D537D39
:10C09000253A47EF698703687D02686D116848C5D6
:10C0A000166DDB84C019892D22F92903DECD309A63
:10C0B000E2549F43F42E738868198CA918729281F8
:10C0C000DAC50E917100A58BADCA1D74B124EBFACF
:10C0D000EFD6ABFB6C290C775662EF87797D7F91A9
:10C0E00026EEFCDF80A7D235EAF3AABE6DB491FB41
:10C0F00048C8E156097BCB8635D3959C8F34194AC5
:10C10000CE05E1838E9DEEF21D2B85B611F1321A1C
:10C11000996CDAD191265C1476D913CF24EB4FF5C4
:10C12000A0ACD86E4239C1F30E79DBF85D7A333DAD
:10C13000CC5C5ABBDDDC4BD16BEBDF1790A5DF6F1E
:10C14000E428B0AFC492B4B2D81C03BC78002FA7C7
:10C15000D6AF73CF10BEE22BF04F8FEB9D9503C887
:10C160007052D269F30472EA8BF3E260DC00374B61
:10C17000F7D95375306E9829DA54F2D662894D4456
:10C180004B80FFB59043C60D728DB19D54E4DA5CCF
:10C19000169BA8611CC28E53D2DC344F27E07C363C
:10C1A000E0DC60E00DC2EC1DDBD209C62F0FD87AAF
:10C1B0004FDB481B7AE7DB4132278A7F88A7ED8077
:10C1C000A7ED69224EAAECB54DD1FBFF06B3F023D3
:10C1D000CD64C0891770E272477160051C10CB4BAB
:10C1E000CF9F92985D514C44BFEFB45B2656579A4F
:10C1F000E84DCA84BA738BF08C3FD80AED93FD04E6
:10C20000A7DFAE3F2B259CF8584A35E0B95FB40153
:10C21000E4DDAA3E66EE55CE1B853B4B279D3D0FC8
:10C22000A5CDBD6AF55BD25C41F9028282498B8261
:10C23000494BFD4EC0E4593FE9636FD95F836F48B6
:10C240003A74B80FD35BED393E9AFBBB94A6F5B6B2
:10C250001DEDF326FDB36B97B03FC4686F9698DF72
:10C260000086BCFBFBB4EC5EE7B1109334D895E6D6
:10C270008C77EEE297F17F0E121ACCEA0957BEBC1A
:10C28000F8CBF5EBDD87DCD36C9307BC2BD6576975
:10C29000FC44A21F1CA5C9197D65247CBE03CD4E9C
:10C2A000BE781EA4EFB3E5CD9A693E12229C0A76B1
:10C2B000E675E7956F296008334591F0EBA357AB1E
:10C2C00054E7F782DDD139FADBF24878FF680B9347
:10C2D00070FE3C706D8AA84EEA13CC039E65093E41
:10C2E000C7806E996360FFB23E7E0E70590D48E5BF
:10C2F0008C8E43A03BB1F4A12A739DCA9210203DBD
:10C300003C52DEF46F7D45C23B4649E9F8566FF971
:10C31000DEB27E0A85B67BFF48CD3C7F4E5A0716BB
:10C32000C337AD6826C8AA386D5F99320B6890A1F3
:10C330004707BD574D0C9018B2245EACDE1E37ACDB
:10C34000E937818CA8A967FA1EA13F82B6525AAF7D
:10C35000E156002ECD1BF0D5CD82DCF63BFB3F2E07
:10C3600088EA29E783EB17D49EEC8FD35162124DF4
:10C370000D88C96DD012129FF2B60DDAAE62030CB1
:10C3800048176402B86B3583DE9FEDB23F1428A4D2
:10C39000CF4B69E553CF0769EA3CD1501C91E721A7
:10C3A0004456F5EB223C84C8B713AF8918214443A7
:10C3B000686EE49F14759EECD55C153900211584D8
:10C3C000F222F7D09B074B8F7CA589B6F05AE4790F
:10C3D0004DB485D608AF89B6F072C4A889B6F042CC
:10C3E000E49FEA680BCF460EA8370FE61E216D3C8E
:10C3F0001DC90A7EBEFE53A97B3F6E54B0A1356FA6
:10C4000068166E1D7E64A4B974E16537F9D6679F1E
:10C410002B05D6FB743C6033B6C298A607480CE5E2
:10C42000665C247E89B8AB04B480F468DAC8473708
:10C4300073E4B51F3D6ADCAE1D8EEF27D2D50C9894
:10C44000DB494E75007337734BC82DF2AB3F08EED6
:10C45000D6B03E90C55E4DDE5E1F2DE19D54085363
:10C460007B7D95BD69399E205508D8A2089E960A05
:10C4700067A434E07BD6F0710FCAFC7D5F420232C4
:10C4800036D8E30836991AA1D9DD2450CE267E2568
:10C49000FCAEE47F1A9C28D249D1561F2D6DF05175
:10C4A000D02ACC67DCA0B4FAB9C2BBA7D6D37D250D
:10C4B000130344E20DA09437C1F7945D49BB26965F
:10C4C00076CD0FD28ACDFFA59CF94AB97F3FBB2517
:10C4D000F61D4861FA2C91E23A6CFB51DC49DEFA18
:10C4E000C52D8EAB302877B18F4B5A97B6E274CFFB
:10C4F0006FCDDAC5DA0AA22344C2AD1268FD2E4818
:10C500004BD1757E03F096FE1CB15E7198226DAD25
:10C5100058810CCB214EDA21EFECF22AE807506E5D
:10C520009A2F8EC3166BFB094930250466B8F6DADC
:10C53000AF81DF9BD795883A7CF3EA9BD72BFE6DC2
:10C54000ABD6B70D314B5205BFC417F8A55B92D1DE
:10C550002CBAEF26FAE8C840FF9F7C6651A3A2459B
:10C560000DEDE82DA5F734ECE4CF3638441B1D5F04
:10C5700095B29DE838AE2AE70003EB453EFD3ECF7D
:10C580000CECBF0999E3F95707BD1BE2059790E052
:10C59000DB6C96CD5E697581B5330E7AFE20A07195
:10C5A000A5AF2B194073D257A7AF57FCDB32D6BFCC
:10C5B00009EBE537A05F7C13D391C838A2F7186F59
:10C5C000A90E0B85C24515C3ED6B4B3C1F95859598
:10C5D00003DE2A729EBA54DE009A7E211FDDB188E6
:10C5E0009D45861876927815BD20A0ECBAAB279DA4
:10C5F000CF55A79C1FCF2B4248BC6A04E5DC709145
:10C60000351AA692B7DA9597376F2AB6F5C7DAB812
:10C610004F3DF9FC5A756AACFCB99E1473137092C5
:10C62000799DA375A668D32C6474506B61821C9E9F
:10C6300024876335CE014E817E47C90AA473A7952E
:10C640005934A9FE49229B94E04346F28EF06B4D8B
:10C65000B98FE8B72F29BE0DAF557C2F262FB52EE9
:10C66000455E516F1254E7F748AB930D5CBA6D2CE1
:10C67000DC2FCF135E697B26E8E15F0B92F5CEDA03
:10C680004E3F8D373285CC089D7DA247BD8C69A673
:10C690006B9051D5FC267FA207A1E879226B3FD190
:10C6A0001337D15143D6E5925AE5947122A4984E9E
:10C6B000F2E41C3A129E07E9FE1EA6A0D18E0327C3
:10C6C00085B88EB4A9D11D2EDA9DCE9F04DBFB2444
:10C6D0007FD29DE2DCE2A6AB1AED593E472D5D45C7
:10C6E000386F4267742FF773A1B8B5DA9D323559A8
:10C6F00038509DE2FCBC1A1934DDE6FB0A3BC89EAB
:10C700004924DC378A72BEBD58D4496EED91F7E9F1
:10C71000A784936E5C7C8A77282D3A622D3AAA0012
:10C7200057D5F4DAE80CF05CB917F1ABDAEB3AC89C
:10C730003706545C9AF2CA2C87F3741EA8FD676D05
:10C740008A84571DA86EB453670DCA5BF928A6C723
:10C75000EFE133DC046E0AB797AB14ADDAEDCAA98A
:10C76000ED4BDC3929A785DC0AD4064A945397DFC0
:10C77000CB86D69D4A8B647FE75C4F5CF20B7DAA2B
:10C78000F8A5FAC6D21C5F23773C644BCAB850C8E0
:10C79000111D917C43DE016EB77D2870A0D65668CE
:10C7A0009B7FA0DA360F6A00E5A3FD3F21EF20DA78
:10C7B00087BDEB0CE9EDDDA0955BC98D843D2307BA
:10C7C0006A57397FE13C50FD7367300836AB42272A
:10C7D0007A8431029D52C89E5D5C210DD4629A4FCD
:10C7E000FF88568E1A72B64AD59EE4EDB5248DD0D8
:10C7F0002BCE14A514FF06D009FA25743275A47146
:10C800004B24A6385E397949E386830A6E0BFF0B09
:10C810006E815A57BF31BEF74EE86576EBA73E5B97
:10C82000FD4FF77FD22BE5DFE815E38105FF850794
:10C830007E4031E5EDA0997C8965628C6EB33BC882
:10C840007720740AD508CDA67A08DD7061A3FD4073
:10C850003573F633B78163AE21EFC9A33728BE0D18
:10C8600046E996C8EDE29E22748B231845338E72FA
:10C870002FD456762C5228B61F28465EF359C72966
:10C88000A659A03FD8A7D6FC167490299CEDAA8C77
:10C890000BAA908D5E2E3116B04E2DFB62D4025A3B
:10C8A000CD8FD2EA5FBD3E2113CA73A517CE905E2D
:10C8B0003E0CE6720B805E7B870FD4163B7F02F442
:10C8C000BACEF965308AE72981534273EBD6DA9DF7
:10C8D000AD4C71B37E823F853F2510EE3DE5D63BE2
:10C8E000B7BAA9AAA61FE0029BC7BF0F46EEDE6F2C
:10C8F00011D4EE97ECF15CBDBBC8F7B0F04B7DBB3B
:10C900009DE1E2CFA47179D053CDF001B7C5790094
:10C91000ECBF551907C052903A132EA4710590F33D
:10C92000D3E123199F090B38AB7324BC641828E5A5
:10C93000EC0B46EB2C82D897408FAD42A33D0CED1B
:10C94000331C6917A0E4E743DBF1674899AB876BB9
:10C95000A05D6257824E0D2D93AF24245E28E0F037
:10C96000EE9170EE307EAA5B3892B1809B036D9B96
:10C9700094B67B82A4562684BF00FE8C73A2AC536F
:10C980005554F3B61837AA26BEC9535574B5AE939D
:10C9900005BB5EA548872DC2968E2D2011B6F02BC3
:10C9A00033ED55E91E2235080E4E09512E6346C857
:10C9B0004B55628B8E04A33C41E622E188E785E774
:10C9C0005B0F08CFC2DC3FC02FCB3C5035A9CEE473
:10C9D000269CF4B970A0EA7377F4C479FCFF21684F
:10C9E000BAE728BCF8E130CAF9E7C5E8AB51A22F95
:10C9F0008ECF6BBF94B96B9C47C87B9749DC9AD6A6
:10CA00003C6E8EC2252532CDF11D254AFD57A07EF4
:10CA1000C81F6DB52E43D12A7F43EE9BD37EBCCB7E
:10CA2000C0BD53869B091F7CAB9FE6242D7D1C8CCB
:10CA30008EF954D544276ADEA26001C3F8C93B07CA
:10CA4000C2999363E7602F082FC048C8386ADC2B6F
:10CA500033ABABA67ACEC5B0F0B950F3AFB1287CFA
:10CA60003D3E12411909E15E4991B52AE02D5D3B39
:10CA7000C1E77D57F0B9A52AB38E7647B1B955C144
:10CA8000E6CF87C92BFE2836FF4FC7FF7DE45FE363
:10CA90009FF5FF72FC48D477548A5EC78A5A4F19B3
:10CAA000F19169458DBE8A325DE4C7E317F9E83933
:10CAB0000994A9899D9BB467B8700DB95DF2AB96D6
:10CAC00015FCC3D513B8B1F0F91162B79FEE610A36
:10CAD000C93EC7E91EF5BCD33DC8F93CFF65B51C8E
:10CAE000FEAB6CE128EE740F6B664273716245F623
:10CAF0001AAF99C0FAD8103677F37115F4DDE8F162
:10CB00008D027EBC4D20F7A9352E81FBB087991789
:10CB1000093F3FA46EF1C4CE539107B12A70DFAE36
:10CB2000412CE846B5690E7F35D90B27E7392EC170
:10CB3000C1EF14B6F2EF0BA7F87890812E375DBDE8
:10CB4000D3EDA88E176805765DFB9E9614233E18DC
:10CB5000097B23FBA44A83DD85F29C7EF2DED9BBF0
:10CB600054BFDA5691B12E45D91D4CE1511629F723
:10CB70009854698B845747A2FF9181DC68CBACBA8B
:10CB8000A5EAE9AA03576E20E2B96CFE29C96B2019
:10CB90003711FB03D5AFCD76AD5C671FF0DA57AE2A
:10CBA0009E55B16A1D79554BD3D117C979151657C2
:10CBB000E395FF74A217B6F4B30DC8B425F6DF4DA4
:10CBC00088151C09EADDE645E672BB2853FA2ABD42
:10CBD000DB14F3F56B95941AFD1D8ABF26E30E62F4
:10CBE000F366CE41835E5E0E3F7C25E4BD12BAFF44
:10CBF0004AE8975742775E09ADBB12BA5D4E6D8920
:10CC0000DEAF7BF2D8F89E272AC236E52E2692A701
:10CC10002790FF6F82C8FE2212738723E147A44842
:10CC2000B85D79511B094F3A1EDD374C52DE8B63DC
:10CC30004ABF5ABF5EF16F4BA8C858DFA8EC6E35EB
:10CC4000F2845BE6989AAA09EE2E56235353D5CA6E
:10CC50009A8BFC4A1E9B5656911DCDE87B70F2BD07
:10CC600042286967DB27BACF0AF1B60B6DEF3A9A13
:10CC70003513AB34314D2B12F648E32761D35C7A80
:10CC800077750C3367DAF46437CDAA77AF74AF8069
:10CC900059B3D27D73D54AB7BEB69AD0B35A5F4B5B
:10CCA000C5FC95B52BAA57D6DE0C6E9CD60456F063
:10CCB0006FD3AF8FAFD009B601AF47C7A76D4003A1
:10CCC000364FCB20DA3CCD07BA9935EDF6F4DB9739
:10CCD00081F588362DE391F860470C56C051B1EBD1
:10CCE000DA0AFDEA6B2B2A076C2513C939091937B3
:10CCF000F8BB34A3E79B04B267DAC417B89A84641C
:10CD000031811A09A40B581CC2E97C53F444A58054
:10CD100094DC4D8F9E5FB981D45B797B8E6BE58609
:10CD2000C7A1666EC54AA52DEF463D9F5DB14C5823
:10CD3000C18C9E37BAA02C1E3D6FAE38256D3328AE
:10CD4000B9D5A47E32A44DAF68E269D329E9510375
:10CD500039833925ED31644069F2BF6F325CC640DA
:10CD600046C54481FC979CCC80ED129DACE72757CB
:10CD7000A40834D895B46538100FB0D9450AA0047A
:10CD8000EB076064F38603E37CBB72BDE283BEEF16
:10CD900029839A1B3F0BC6C6CD201D193B9B6EA352
:10CDA00074569485F6341411BA4D5C1D3D1B223C1B
:10CDB000537232A94453C1B62F73D3CA9724CDAD51
:10CDC0002AE835BE75097037E19AB1706F07BA1657
:10CDD000DB4EAF04BD23568E8A956B8472FE2BE525
:10CDE000FEF61FE598F1F640C62E718F973BF91FAE
:10CDF000E5D8F1F6A09CFF4AB9C3FF514E37DE5E7D
:10CE00002DB4573B5EAEE94AB9C92E5DFB2D6E6667
:10CE1000A06EE3CAAA036AE67C4A452394F4434918
:10CE20001E62BA8A94B5506FEDDE3223C4122A1AFC
:10CE300021E687D83F55CC796D45CA3AC85BB7B76C
:10CE4000EC00C4001288F9D7911E74D0839BF05176
:10CE5000AC8FF4581F0FD85756554359A0D11D50C9
:10CE6000F38EBD656695D223C4FC10EB6698F3493A
:10CE70001529EB216FFDDEB2DF334A8F10F343AC8F
:10CE80001A626C45CA06C8DB00F518A54788F93751
:10CE90008CF768BD3226B69D9CCE560F45C79AD5F5
:10CEA000F1CDF2F1B415B1347D07B1ADC8D9C1D51A
:10CEB0009168CAC40E84D4467283672C3C6F486D57
:10CEC000D418C6C273C067C19F05BE16FC5CF0E3F0
:10CED000C0CF067F0AF846F073C09F3AA43166823D
:10CEE0009F3E9460CC067F92D24B82710684933A27
:10CEF000C8FD12393C2582C444692CBC6C682C7C6A
:10CF0000CD08F4374CBEC71DBD9FD2FE06F9C699A9
:10CF1000AA229DC3853ACBC91E3491FC3F0489BC2B
:10CF200065F691F1C473984BE390A83D46EEB1C409
:10CF300091981009EF7FFD26E5FF37A816A770F935
:10CF4000AD249532902FD6EB3A0D1CF9620C291BBB
:10CF50002DF99BD7912F5A165F433977818E830C19
:10CF6000AA6EBA6EA2842B0FD8B13F2D43D789ADDC
:10CF70009794F7E4075ADFD54FA9C34E86A343F22F
:10CF8000B58FDA0DCA99A5B65B55D769674298196E
:10CF90000C24F431AABFA53D1F7DDB5D3F49C28F44
:10CFA0004D96F0B762E9A03F4874690E5AB590EF0C
:10CFB000B7A2BC2118C1868DB7CFAEDAB8FA6E8F92
:10CFC0007BDD86BB66972C99B5F426D7AD2B0AACD2
:10CFD0004E806FD94DD71716700B172E8C85E65AD9
:10CFE000EBC64305574273E703A9404B3114C2C255
:10CFF0005682B06E25A27537238D6E8EF29EBEFCD2
:10D000000EC4A630082D053F1DFC5BC037827F1B78
:10D01000F8B667BF08AD1676AB51C9812F2FAD7139
:10D020003FAE81F2F6AAD50647C90D8B6EABAA5961
:10D030006370AF5FBDA66E36F29286FEF5A3FC7DEF
:10D0400069446C6E1E621FCE456CB609B173C0FD9B
:10D05000240BB18390AE82F010F818FC31F06F36DB
:10D0600023560BE19B67413C1FE080F02C73F47F5B
:10D07000883D7F1D627783FB105C07B8B7C0B5821F
:10D08000DB076E3BB80BD745CB7DB910B10170897A
:10D0900036681B7C15F821F03F01F72EB8745BB49D
:10D0A0001C8EC157634568DB7AC48AB17B552580E5
:10D0B000E32504C728DB5E59B2D4993DCBBE186581
:10D0C0002F2B5DBAA8647136E185583D6C47EC1D85
:10D0D000E06CB004EE5F8A0C2D4BC9214CF48F8EAE
:10D0E000F9ADF6685F3A7027962AFF0FEC4ABF64E5
:10D0F0006F08630AB55F0F63598CD82AF04BC139AA
:10D10000202F7303E08172200AA313055A2002A680
:10D1100020A8CA423AACCAC208335914A5CA52233D
:10D12000AC516DA159246B198CA838A8A8516190F5
:10D13000ACE0D5130F258313A0AD64AC839E904D56
:10D140009B5CF2336894A2010886D632B11122EBBF
:10D150009C82C2B9F3E65F5D744D89DDE12CE5A2E6
:10D160001FA0FE37A7404EFDC021A47222B69343F4
:10D17000ACBB2C8A87733026E248C92FC0275C607D
:10D1800083888A147E12FDC7DF1D55EEF5C8BD7A6F
:10D19000DD1A08EF472887A4BD047F4B10CA92C947
:10D1A000B735EE89E17A7F1C1ACFF342664456A266
:10D1B000F734FCA02D92477C59FECF7EFE6FE7C569
:10D1C000FD1B1F8CFFFD246D3CA489A2D89E8422E8
:10D1D00079189D01129366C8DD97289ED8710F9625
:10D1E00051841ED8F0E3FFA3F7C3BF15D1FF33F777
:10D1F000FFEB9FFC3FFCFD2FC87D0308205400007F
:10D20000C07100009E4C11D4D87D030803000400B7
:10D21000050006000700080009000A000B000D00C9
:10D220000F001100130017001B001F0023002B002C
:10D2300033003B0043005300630073008300A300EE
:10D24000C300E30002010000000000000000000035
:10D2500001010101020202020303030304040404A6
:10D260000505050500000000101112000807090659
:10D270000A050B040C030D020E010F000100020051
:10D28000030004000500070009000D00110019004B
:10D2900021003100410061008100C10001018101D4
:10D2A00001020103010401060108010C011001182B
:10D2B0000120013001400160000000000101020274
:10D2C00003030404050506060707080809090A0AF6
:10D2D0000B0B0C0C0D0D0000426F6F74696E672014
:10D2E00025752F25750A000048696768204C617410
:10D2F000656E637920257300982F8A4291443771B7
:10D30000CFFBC0B5A5DBB5E95BC25639F111F159C8
:10D31000A4823F92D55E1CAB98AA07D8015B83120A
:10D32000BE853124C37D0C55745DBE72FEB1DE80B6
:10D33000A706DC9B74F19BC1C1699BE48647BEEFE5
:10D34000C69DC10FCCA10C246F2CE92DAA84744A70
:10D35000DCA9B05CDA88F97652513E986DC631A8E6
:10D36000C82703B0C77F59BFF30BE0C64791A7D5C5
:10D370005163CA0667292914850AB72738211B2E4D
:10D38000FC6D2C4D130D385354730A65BB0A6A7635
:10D390002EC9C281852C7292A1E8BFA24B661AA841
:10D3A000708B4BC2A3516CC719E892D1240699D651
:10D3B00085350EF470A06A1016C1A419086C371ECA
:10D3C0004C774827B5BCB034B30C1C394AAAD84EA8
:10D3D0004FCA9C5BF36F2E68EE828F746F63A578E3
:10D3E0001478C8840802C78CFAFFBE90EB6C50A476
:10D3F000F7A3F9BEF27871C60000000032090900F7
:10D4000000000000010000007C1F1F000000000061
:10D4100002000000890C0C00000000000400000065
:10D42000ED0E0E030C0D000005000000D91C1C01C0
:10D430000000000006000000680303000000000078
:10D440000700000077202000000000000B00000013
:10D45000590606010400000014000000D61414034D
:10D4600002030000150000009F02020300010000FB
:10D4700016000000DC191900000000001700000071
:10D48000A81717030405000018000000181E340038
:10D490000000000019000000176565000000000092
:10D4A0001A000000AA161800000000001B0000006F
:10D4B000901A1D00000000001C0000004310100026
:10D4C000000000001D000000730E100000000000AE
:10D4D0001E000000271C1C00000000001F000000B0
:10D4E000F62030000000000020000000B91C1C00E5
:10D4F0000000000021000000681C1C00000000006B
:10D5000022000000ED1616000000000023000000BD
:10D51000F41616000000000024000000DE152500AF
:10D520000000000025000000D406070304050000E9
:10D53000260000000906070304050000270000007C
:10D54000FE2526032021000028000000E604050334
:10D5500002030000290000001C0404030203000071
:10D560002A0000001C020600000000002B00000042
:10D5700084020303000100002C000000DD04050309
:10D58000020300002D000000E80203030001000078
:10D590002E0000000B020200000000002F0000001F
:10D5A000990304030001000030000000290D15015B
:10D5B0000C00000031000000270C140000000000E7
:10D5C000320000004E252503121300003300000036
:10D5D000C404050302030000350000000305050034
:10D5E00000000000360000000F1B1B03181900008C
:10D5F0003700000003191900000000003D00000082
:10D60000A7484800000000003E000000B71A1A00BA
:10D61000000000003F00000077B5B50000000000EA
:10D6200040000000BFE1E1000000000041000000F8
:10D63000762A2A000000000042000000940606033B
:10D640000203000043000000150404000000000075
:10D6500045000000F30B1E010A0000004600000018
:10D660007C12260310110000490000002625260325
:10D67000202100004A0000001414140000000000E3
:10D680004B0000009E2323031E1F00004C000000DF
:10D69000982121031E1F00004D0000008F030A0384
:10D6A00008090000510000006A1616000000000082
:10D6B00052000000312727032425000053000000FA
:10D6C0001625250000000000540000008F353503AA
:10D6D00032330000550000008C333300000000009E
:10D6E00056000000053535033233000057000000B6
:10D6F000963333000000000059000000E71C1C00B6
:10D70000000000005A000000B73838000000000098
:10D710005B0000003F2A2A00000000005C000000BF
:10D7200036212100000000005D0000002F51510053
:10D730000000000064000000AF1A2200000000009A
:10D740006500000066207500000000006600000013
:10D750009E2075000000000067000000D014390012
:10D760000000000068000000382074000000000085
:10D77000690000005D3E3F00000000006A000000FC
:10D780008A2C2C00000000006B0000006C4041005F
:10D79000000000006C00000020545C00000000004D
:10D7A0006D000000B9090900000000006E000000D3
:10D7B00054FEFE03010200006F0000002210100062
:10D7C0000000000070000000AE0C0C000000000023
:10D7D000710000007C24270000000000720000009F
:10D7E000ED2C2C00000000007300000004404000FD
:10D7F00000000000740000004C161800000000003B
:10D800007500000080060603040500007600000095
:10D81000380E0E000000000077000000740C0C03AE
:10D820000A0B000078000000866161000000000023
:10D8300079000000ED020203000100007A00000000
:10D84000CB020203000100007B000000FA717103AB
:10D85000000100007C000000572339000000000098
:10D860007D000000CB060600000000007E000000E6
:10D87000DC4F4F00000000007F0000001923230050
:10D880000000000080000000E223230000000000F0
:10D89000810000002E161800000000008200000029
:10D8A0001D0D0D000000000083000000DFFFFF00E1
:10D8B0000000000084000000550E2700000000005A
:10D8C0008500000006121200000000008600000023
:10D8D000E52B2B000000000087000000CB080800AB
:10D8E0000000000088000000011616000000000083
:10D8F00089000000C30E1000000000008A00000034
:10D900006D247800000000008B000000A82B2B0382
:10D91000292A00008C000000B52929000000000021
:10D920008D0000002F202000000000008E0000006D
:10D9300048F3F300000000008F000000830E100089
:10D9400000000000900000007F5D5D00000000000E
:10D950009200000067646400000000009300000073
:10D960009A2436000000000094000000B23C4E00F3
:10D970000000000095000000C81E3C0000000000F0
:10D9800096000000862A2A00000000009700000090
:10D99000DB0808030607000098000000D004080018
:10D9A0000000000099000000BC0C0C00000000000A
:10D9B0009A000000540F0F03060700009B000000B0
:10D9C000160D0D03040500009C000000130606035D
:10D9D000000100009D000000150F0F030C0D00005A
:10D9E0009E000000860E0F030C0D0000A00000003A
:10D9F0004E0C0C0308090000A100000044030303BF
:10DA000000010000A2000000BD08090000000000A5
:10DA1000A30000007F1C1C0000000000A400000008
:10DA20009A2C2C0000000000A50000001503030044
:10DA300000000000A6000000150909000000000019
:10DA4000A70000009016160000000000A8000000CB
:10DA5000010C0C0000000000A9000000EA121200F6
:10DA600000000000AA00000049222200000000007F
:10DA7000AB000000B542420000000000AC00000016
:10DA80001662620000000000AD00000053080800AC
:10DA900000000000AE000000A730300000000000D1
:10DAA000AF0000008A1313030E0F0000B000000047
:10DAB000EA03030300010000B1000000F0141400A9
:10DAC00000000000B20000002F1818000000000045
:10DAD000B3000000BD1D1D011A000000B4000000CD
:10DAE000342D2F012A000000B5000000AE04040010
:10DAF00000000000B6000000E5282800000000003B
:10DB0000B70000005502020300010000B800000049
:10DB10009FCECE0304050000B9000000BA0707033A
:10DB200004050000BA000000481D1D0300010000AC
:10DB3000BF0000005C1B1B0000000000C0000000D4
:10DB4000242C360000000000C100000047161A0017
:10DB500000000000C2000000621921000000000067
:10DB6000C30000007825250000000000C800000068
:10DB7000862A2A0328290000C9000000CD0E0E03C2
:10DB80000C0D0000D6000000450808030607000041
:10DB9000D70000006503030000000000D80000006B
:10DBA0003203030300010000D9000000CA0606008A
:10DBB00000000000DA000000110707030001000068
:10DBC000DB000000A202020000000000DC000000F8
:10DBD0002220200000000000DD000000472A2A006B
:10DBE00000000000DE0000000F0303000000000042
:10DBF000DF000000772F2F032A2B0000E000000039
:10DC0000662D2D032A2B0000E1000000D0414900C1
:10DC100000000000E2000000CF0808000000000043
:10DC2000E6000000A32A2A0000000000E700000030
:10DC30006928280000000000E8000000973F41002C
:10DC400000000000E900000023B6B600000000005C
:10DC5000EA0000009628280000000000EB00000009
:10DC6000B32A2A0000000000F10000005A20200022
:10DC700000000000F200000068343C0000000000DA
:10DC8000F300000055353D0134000000F4000000B1
:10DC90005F06060000000000F5000000820202009E
:10DCA00000000000F6000000B8262600000000007A
:10DCB000F70000005113130000000000F8000000FE
:10DCC00008FEFE0303040000F9000000CC24240039
:10DCD00000000000FA000000311E1E0000000000DD
:10DCE000FB000000AA12120000000000FC0000006F
:10DCF0002C12120000000000FD000000533336001B
:10DD000000000000FE0000002E09090000000000D5
:10DD100000010000472A2A03080900000101000051
:10DD2000830909000000000002010000BB20E80395
:10DD300000010000030100005CEBEC0000000000AB
:10DD40000401000092050D00000000000501000024
:10DD5000B31B3C0000000000060100000C1216007E
:10DD6000000000000701000085FFFF000000000028
:10DD700008010000311C1C00000000000901000027
:10DD80001A101400000000000A010000C1FFFF0388
:10DD9000020300000B01000023FFFF030203000049
:10DDA0000C0100000E040403020300000D0100003A
:10DDB0006DD5D600000000000E0100003B131300DB
:10DDC000000000000F0100001634340000000000C5
:10DDD000130100007E1F1F0000000000140100005E
:10DDE0001231310000000000150100003E1E1E002F
:10DDF0000000000018010000462121000000000082
:10DE000019010000300D0D00000000001A01000093
:10DE10007B232303202100001B0100004A90910076
:10DE2000000000001C010000632020031E1F0000F2
:10DE30001D01000089283103262700001E01000073
:10DE4000D2353903323300001F01000001171703D8
:10DE5000141500002001000014171703141500000A
:10DE600027010000EA0C0C00000000002B0100005C
:10DE700013606000000000002D010000F33A3A003A
:10DE800000000000360100001C111100000000001D
:10DE9000370100005F7474000000000040010000C2
:10DEA000F3141403020300004101000058020203AE
:10DEB0000001000042010000F39595000000000001
:10DEC000430100004E939303000100004401000051
:10DED00084929200000000004A010000179EA700F3
:10DEE000000000004B0100005BE6E90000000000BC
:10DEF0004C010000ECEFEF00000000004D010000BD
:10DF0000E76D6D00000000004F010000E1181800EF
:10DF10000000000053010000C705050000000000DC
:10DF20005401000063464600000000005E0100004E
:10DF3000E814FC0000000000720100004B576D0067
:10DF40000000000075010000752A2A000000000092
:10DF500077010000FB8C8C000000000078010000BD
:10DF6000C7080800000000008101000093858503B8
:10DF70000203000082010000841010030405000069
:10DF800083010000044848030405000084010000E8
:10DF90000825250320210000A401000014094903DD
:10DFA00006070000B9010000A911110000000000DF
:10DFB000421F0000DA10100000000000431F0000A4
:10DFC000E729290000000000441F0000AC62620045
:10DFD00000000000451F0000FB2626000000000096
:10DFE000461F0000610E0E0000000000471F0000E9
:10DFF0004020200000000000481F0000EA2121000E
:10E0000000000000491F00009010100000000000F8
:10E010004A1F00009B292900000000004B1F000040
:10E0200014666600000000004C1F0000361010004F
:10E03000000000004D1F0000DE2E2E00000000003A
:10E040004E1F0000C80E0E00000000004F1F000011
:10E050001718180000000000501F00009512120051
:10E0600000000000282300007189890000000000E2
:10E070002D2300007522220000000000112700005F
:10E08000D11414000000000012270000BA29290052
:10E090000000000013270000040101000000000040
:10E0A0001427000085090900000000001527000062
:10E0B000670909000000000016270000C1040400E1
:10E0C00000000000172700004711110000000000A9
:10E0D00018270000F00E0E0000000000A727000027
:10E0E000C355550000000000F82A000086333403B1
:10E0F00004050000F92A00000F87880000000000D6
:10E10000FA2A0000EAB3B40304050000FB2A000069
:10E110004005050000000000FC2A00000BE8E803B1
:10E1200008090000FD2A00005DE6E600000000008E
:10E13000022B00002E31310000000000032B0000F4
:10E140006A2C2C00000000000C2B0000CD101000E9
:10E1500000000000162B0000902C2C000000000096
:10E16000172B0000852C2C0000000000182B00004D
:10E17000552C2C0000000000192B0000C32525039E
:10E18000101100001A2B00004F05050000000000D0
:10E190001B2B000080080803040500001C2B000056
:10E1A000B1222200000000001D2B0000821C1C0078
:10E1B000000000001E2B00002F262600000000009B
:10E1C0001F2B00008E09090000000000202B00001A
:10E1D000842C2C0000000000212B0000D02C2C00EF
:10E1E00000000000222B0000C92C2C0000000000C1
:10E1F000232B0000C12C2C0000000000242B000069
:10E20000BD2C2C000000000064320000722C2C0396
:10E210000001000065320000FE3B3B031E1F0000B2
:10E22000663200008C3535030405000067320000BB
:10E23000F92E2E0300010000683200004D3636032F
:10E240001C1D000069320000312B2B03000100006F
:10E25000733200005EF9F90300010000763200001D
:10E260008B333300000000007732000007121203E6
:10E2700010110000783200001405050000000000B5
:10E280006842000067B3B30000000000FE420000D7
:10E290001A21210000000000FF4200004810100079
:10E2A00000000000014300001311110000000000F5
:10E2B0000243000059111100000000000343000058
:10E2C0001B0A0A0000000000044300000E5B5B0014
:10E2D0000000000005430000BB5454000000000093
:10E2E000064300006A1818000000000010A4000097
:10E2F000E30101000000000011A40000EF2E2E0039
:10E300000000000051C30000F620200000000000C3
:10E3100052C30000B5F6F6000000000053C3000031
:10E320003E1313000000000054C30000F00A0A036B
:10E330000809000055C30000980606030405000004
:10E3400020CB00000D6464000000000021CB000021
:10E35000EF0101000000000061EA0000BA2A2A0370
:10E360002829000062EA0000452020031E1F00004B
:10E370006AEA0000D0212100000000006BEA0000E2
:10E38000B7070700000000006CEA000063242403C4
:10E39000202100006DEA0000811818031415000008
:10E3A0006EEA000086080803040500006FEA00001A
:10E3B0004E1616030001000074EA0000CA040400AF
:10E3C0000000000079EA0000140A0A0308090000AE
:10E3D00092EA0000DC0E0E000000000093EA00004C
:10E3E000F51818000000000094EA0000652C2C00CD
:10E3F0000000000095EA00002D0606000000000065
:10E40000506172616D2077726974652064656E6910
:10E4100065642028257329004552524F523A2057EF
:10E420006F6E2774207365747570207369676E69E9
:10E430006E67207768656E2061726D656400455275
:10E44000524F523A204661696C656420746F2073A4
:10E45000617665207369676E696E67206B65790008
:10E4600044697361726D20746F20616C6C6F7720EA
:10E4700063616C6962726174696F6E0025733A2022
:10E4800025732025733A202573000000656E74659E
:10E4900072696E67206C6F636B757000646572657E
:10E4A000666572656E63696E6720612062616420D3
:10E4B0007468696E670063616C6C696E67204150B7
:10E4C0005F48414C3A3A70616E6963282E2E2E29BE
:10E4D0000070616E6963696E6700776970696E6765
:10E4E00020706172616D657465722073746F726102
:10E4F000676520686561646572004372656174696F
:10E500006E67206C6F6E67206C6F6F700043726572
:10E510006174696E6720696E7465726E616C2065E6
:10E5200072726F72004372656174696E67206D75F7
:10E5300074657820646561646C6F636B0064656109
:10E54000646C6F636B2070617373656400456E74F7
:10E550006572696E6720444655206D6F64650000E2
:10E560005570646174696E67206261726F6D657465
:10E5700065722063616C6962726174696F6E0042DA
:10E5800061726F6D657465722063616C696272613E
:10E5900074696F6E20636F6D706C65746500000048
:10E5A0004D61676963206E6F7420736574000000AD
:10E5B00053656E64696E6720756E6B6E6F776E2043
:10E5C0006D6573736167652028257529000000005B
:10E5D000506173737468727520656E61626C6564F6
:10E5E0000050617373746872752064697361626C42
:10E5F00065640050617373746872752074696D6529
:10E6000064206F7574000000416C6C207061726151
:10E610006D65746572732072657365742C20726504
:10E62000626F6F7420626F61726400000203050004
:10E6300000000000000000000000000000000000DA
:10E6400029140208A1410208B5160108C5F3010802
:10E65000A1410208A14102082D020208C1F30108EC
:10E66000C1F30108B9160108BD160108C116010859
:10E670002DF40108A1410208A1410208C5160108B4
:10E68000C9160108CD160108F5F30108B9210208E1
:10E69000D1160108E9110208F5FA0108F1F30108A1
:10E6A0005DFA0108A141020841F60108D5F501080B
:10E6B0002D000208F1F30108D5160108410E0208E9
:10E6C000C1F301081DF4010829F40108E5F301086C
:10E6D00099F50108D9160108DD160108E1160108AF
:10E6E000E5160108E9160108ED160108F116010802
:10E6F000FD0A0208F9F30108BDF30108F516010847
:10E70000F91601080000000000000000A141020805
:10E71000A1410208FD1601081D260208A1410208B8
:10E72000A14102080117010805170108091701088E
:10E730000D170108A1410208A141020811170108A3
:10E740001517010816A4000003000000C90000000E
:10E7500003000000C300000003000000B30000003D
:10E76000000000000000000000000000F2000000B7
:10E7700040000000310000003F00000001000000E8
:10E78000010000007D000000020000009800000071
:10E79000030000003E000000040000002A0000000A
:10E7A00005000000240000000600000041000000F9
:10E7B0000700000023000000080000001B0000000C
:10E7C000090000001A0000000A00000074000000A8
:10E7D0000B000000810000000C0000001D00000084
:10E7E0000D000000890000000E0000008F000000F6
:10E7F0000F00000018000000100000007F00000063
:10E8000011000000020000001400000022000000BF
:10E81000150000001600000019000000A50000000F
:10E820001D000000A80000001E0000008400000081
:10E8300020000000C100000031000000C200000004
:10E8400033000000F1000000340000002E00000042
:10E8500037000000530000004C000000570000008B
:10E860003800000055000000390000000C2B0000AB
:10E870003C000000F5000000420000009400000091
:10E8800043000000EB0000004800000027010000EA
:10E89000500000004261642043414E496661636557
:10E8A00020696E6465782E00800000000080000002
:10E8B000000080000000000000000000C9400108C6
:10E8C00055320208B13102081D2802082928020821
:10E8D000E92B020869290208F5270208E940010826
:10E8E000ED40010809280208F1270208F940010853
:10E8F000E52A0208F92702088941010801410108B7
:10E9000011280208B52A02080000000000000000DB
:10E91000F5340208ED340208D9340208E134020863
:10E92000B95A01085D79010841505F5065726970FC
:10E93000680000000000000000000000000000006F
:10E940000000000069360208A1410208A141020846
:10E950006D360208713602087536020879360208EB
:10E96000A1410208A1410208A14102089136020812
:10E9700095360208AD360208B5360208C1360208DF
:10E98000C5360208C9360208000000000000000079
:10E99000A14102080000000000000000ED3602085E
:10E9A000F1360208F5360208F936020800000000C8
:10E9B00000000000213802083938020869360208D0
:10E9C000FD360208013702086D360208713602086A
:10E9D0007536020879360208093702080D37020831
:10E9E000D13602089136020895360208AD36020883
:10E9F000B5360208C1360208C5360208C936020813
:10EA000005370208CD360208D5360208000000009E
:10EA100000000000E9370208D9360208DD36020896
:10EA2000E1360208000000000000000099370208EB
:10EA3000913702088D370208693702083D3702080E
:10EA4000353702082D3702080000000000000000E2
:10EA5000D139020853746F726167653A2055736942
:10EA60006E6720666C61736820706167657320252E
:10EA70007520616E642025750A00556E61626C65B3
:10EA800020746F20696E697420666C6173682073EE
:10EA9000746F726167650000496E697469616C69C1
:10EAA0007365642053746F72616765207479706553
:10EAB0003D25640A0000000053746F726167653A77
:10EAC000206661696C65642061742025753A25753E
:10EAD00020666F72202575202D2072652D696E6964
:10EAE000742025750A0000000000000000000000EE
:10EAF000853C0208A13C0208913D0208C13D020884
:10EB00004D3E0208AD3C0208893C02084E6F74205D
:10EB1000656E6F75676820636865636B65642072F6
:10EB2000656769737465727320666F7220726567BA
:10EB300020307825303278206F6E206465766963E6
:10EB40006520307825780A002C76D888674F08230E
:10EB5000C1DFAE59B1B796E5E453C63A51997696FE
:10EB6000E6C28426898C9B62407C6FFCBC9C9F40E3
:10EB7000BAA56FA590055A2A5C936B6C676DC11B93
:10EB8000E0E40D47F520E6B5D0ED902E0094357702
:10EB90000080841E0000204E000000C83333333351
:10EBA000986E128341EF8D21893BE655CFFEE6DB5F
:10EBB000D1844B38F77C1D90A4BBE4243284725E70
:10EBC0008100C9F1ECA1E53DDCDFE1E3E6E8EBED36
:10EBD000EFF2F4F7F9FCFE000305080A0C0F11141C
:10EBE00016181B1D20222427000000000000000032
:10EBF0000D4702080D470208314702081547020871
:10EC00001547020805470208000000000000000048
:10EC1000354702084147020839470208F146020811
:10EC2000FD46020801470208000000000000000045
:10EC30003148020835480208394802083D480208B0
:10EC40003D48020841480208694702086D4702082A
:10EC50007147020875470208794702087D47020894
:10EC6000294802082D4802084D4802085D4802085C
:10EC70008147020889470208914702089547020820
:10EC8000994702089D470208A1470208AD470208BC
:10EC9000B1470208B5470208B9470208BD47020854
:10ECA000C1470208C5470208C9470208CD47020804
:10ECB000D1470208D5470208DD470208E1470208AC
:10ECC000E5470208E9470208ED470208F147020854
:10ECD000F5470208F9470208FD4702080148020803
:10ECE00005480208094802080D48020811480208B0
:10ECF00015480208194802081D4802082148020860
:10ED00002548020800000000000000007D480208BD
:10ED100085480208D934020871480208954802085B
:10ED200099480208454D5054590A0000000000005F
:10ED300000000000594701087547010875440108A3
:10ED4000E5440108C144010801450108A144010846
:10ED50008D44010811450108D5450108B548020850
:10ED6000AD480208AD4802081D44010829440108C5
:10ED70002D44010831440108354401083944010893
:10ED80003D4401084144010845440108E1440108AB
:10ED9000494401085144010855440108C14802088A
:10EDA000594401085D4401086144010865440108B3
:10EDB00069440108A5480208B9480208BD4802088C
:10EDC000A9480208A9480208B1480208AD4802084B
:10EDD0006D44010871440108000021104220633095
:10EDE0008440A550C660E770088129914AA16BB1A3
:10EDF0008CC1ADD1CEE1EFF131121002733252224B
:10EE0000B5529442F772D662399318837BB35AA3F2
:10EE1000BDD39CC3FFF3DEE362244334200401141A
:10EE2000E664C774A44485546AA54BB52885099542
:10EE3000EEE5CFF5ACC58DD55336722611163006EA
:10EE4000D776F6669556B4465BB77AA71997388792
:10EE5000DFF7FEE79DD7BCC7C448E5588668A778AA
:10EE60004008611802282338CCC9EDD98EE9AFF9E2
:10EE7000488969990AA92BB9F55AD44AB77A966A8A
:10EE8000711A500A333A122AFDDBDCCBBFFB9EEB32
:10EE9000799B588B3BBB1AABA66C877CE44CC55C5A
:10EEA000222C033C600C411CAEED8FFDECCDCDDD82
:10EEB0002AAD0BBD688D499D977EB66ED55EF44E2A
:10EEC000133E322E511E700E9FFFBEEFDDDFFCCFD2
:10EED0001BBF3AAF599F788F8891A981CAB1EBA126
:10EEE0000CD12DC14EF16FE18010A100C230E320A2
:10EEF0000450254046706760B9839893FBA3DAB34A
:10EF00003DC31CD37FE35EF3B1029012F322D232F1
:10EF10003542145277625672EAB5CBA5A895898519
:10EF20006EF54FE52CD50DC5E234C324A014810441
:10EF30006674476424540544DBA7FAB79987B897E9
:10EF40005FE77EF71DC73CD7D326F2369106B01691
:10EF500057667676154634564CD96DC90EF92FE9A9
:10EF6000C899E9898AB9ABA94458654806782768E1
:10EF7000C018E1088238A3287DCB5CDB3FEB1EFB89
:10EF8000F98BD89BBBAB9ABB754A545A376A167A31
:10EF9000F10AD01AB32A923A2EFD0FED6CDD4DCD59
:10EFA000AABD8BADE89DC98D267C076C645C454C81
:10EFB000A23C832CE01CC10C1FEF3EFF5DCF7CDF29
:10EFC0009BAFBABFD98FF89F176E367E554E745ED1
:10EFD000932EB23ED10EF01E00000000963007774F
:10EFE0002C610EEEBA51099919C46D078FF46A703D
:10EFF00035A563E9A395649E3288DB0EA4B8DC795D
:10F000001EE9D5E088D9D2972B4CB609BD7CB17EDC
:10F01000072DB8E7911DBF906410B71DF220B06AAC
:10F020004871B9F3DE41BE847DD4DA1AEBE4DD6DBC
:10F0300051B5D4F4C785D38356986C13C0A86B64BC
:10F040007AF962FDECC9658A4F5C0114D96C0663DC
:10F05000633D0FFAF50D088DC8206E3B5E10694CBC
:10F06000E44160D5727167A2D1E4033C47D4044BFC
:10F07000FD850DD26BB50AA5FAA8B5356C98B242DC
:10F08000D6C9BBDB40F9BCACE36CD832755CDF455C
:10F09000CF0DD6DC593DD1ABAC30D9263A00DE518C
:10F0A0008051D7C81661D0BFB5F4B42123C4B3567C
:10F0B0009995BACF0FA5BDB89EB802280888055FFC
:10F0C000B2D90CC624E90BB1877C6F2F114C68585C
:10F0D000AB1D61C13D2D66B69041DC760671DB014A
:10F0E000BC20D2982A10D5EF8985B1711FB5B6061C
:10F0F000A5E4BF9F33D4B8E8A2C9077834F9000F5C
:10F100008EA8099618980EE1BB0D6A7F2D3D6D08FB
:10F11000976C6491015C63E6F4516B6B62616C1CEB
:10F12000D83065854E0062F2ED95066C7BA5011B1B
:10F13000C1F4088257C40FF5C6D9B06550E9B712BB
:10F14000EAB8BE8B7C88B9FCDF1DDD62492DDA157B
:10F15000F37CD38C654CD4FB5861B24DCE51B53A9B
:10F160007400BCA3E230BBD441A5DF4AD795D83D9B
:10F170006DC4D1A4FBF4D6D36AE96943FCD96E34DB
:10F18000468867ADD0B860DA732D0444E51D0333BB
:10F190005F4C0AAAC97C0DDD3C710550AA410227CB
:10F1A00010100BBE86200CC925B56857B3856F209B
:10F1B00009D466B99FE461CE0EF9DE5E98C9D929FB
:10F1C0002298D0B0B4A8D7C7173DB359810DB42E3B
:10F1D0003B5CBDB7AD6CBAC02083B8EDB6B3BF9A87
:10F1E0000CE2B6039AD2B1743947D5EAAF77D29D13
:10F1F0001526DB048316DC73120B63E3843B6494F3
:10F200003E6A6D0DA85A6A7A0BCF0EE49DFF0993F2
:10F2100027AE000AB19E077D44930FF0D2A3088762
:10F2200068F2011EFEC206695D5762F7CB67658012
:10F2300071366C19E7066B6E761BD4FEE02BD38912
:10F240005A7ADA10CC4ADD676FDFB9F9F9EFBE8E72
:10F2500043BEB717D58EB060E8A3D6D67E93D1A1B2
:10F26000C4C2D83852F2DF4FF167BBD16757BCA692
:10F27000DD06B53F4B36B248DA2B0DD84C1B0AAF32
:10F28000F64A0336607A0441C3EF60DF55DF67A8B2
:10F29000EF8E6E3179BE69468CB361CB1A8366BC42
:10F2A000A0D26F2536E2685295770CCC03470BBB92
:10F2B000B91602222F260555BE3BBAC5280BBDB292
:10F2C000925AB42B046AB35CA7FFD7C231CFD0B532
:10F2D0008B9ED92C1DAEDE5BB0C2649B26F263EC24
:10F2E0009CA36A750A936D02A906099C3F360EEB32
:10F2F0008567077213570005824ABF95147AB8E2F2
:10F30000AE2BB17B381BB60C9B8ED2920DBED5E5D1
:10F31000B7EFDC7C21DFDB0BD4D2D38642E2D4F121
:10F32000F8B3DD686E83DA1FCD16BE815B26B9F6B1
:10F33000E177B06F7747B718E65A0888706A0FFF11
:10F34000CA3B06665C0B0111FF9E658F69AE62F8D1
:10F35000D3FF6B6145CF6C1678E20AA0EED20DD7D1
:10F360005483044EC2B30339612667A7F71660D0F1
:10F370004D476949DB776E3E4A6AD1AEDC5AD6D931
:10F38000660BDF40F03BD83753AEBCA9C59EBBDE51
:10F390007FCFB247E9FFB5301CF2BDBD8AC2BACA01
:10F3A0003093B353A6A3B4240536D0BA9306D7CD71
:10F3B0002957DE54BF67D9232E7A66B3B84A61C491
:10F3C000021B685D942B6F2A37BE0BB4A18E0CC351
:10F3D0001BDF055A8DEF022D40504152414D004038
:10F3E0005359530000000000DC230020D8F3030829
:10F3F000486D0020DFF30308146D00207374617200
:10F40000743D00636F756E743D0077697468646560
:10F410006661756C74733D00000000000000000020
:10F42000355C0208A95F0208F15902085D5602081E
:10F430000D5602080D570208A15D02081156020878
:10F4400019560208215602082556020829560208B4
:10F450003156020839560208415602084956020838
:10F460004D560208515602085556020859560208D0
:10F47000A964020881640208746872656164732E6D
:10F4800074787400646D612E747874006D656D6FAE
:10F4900072792E7478740075617274732E74787436
:10F4A0000074696D6572732E7478740063616E30D8
:10F4B0005F73746174732E7478740070657273690D
:10F4C0007374656E742E7061726D0073746F726107
:10F4D00067652E62696E00666C6173682E62696E84
:10F4E000000000007461736B732E747874006361A4
:10F4F0006E5F6C6F672E7478740063616E315F733A
:10F50000746174732E7478740063726173685F64DD
:10F51000756D702E62696E0078F40308E4F40308D8
:10F5200084F403088CF4030897F40308A1F4030897
:10F53000EEF40308ACF40308FAF4030809F5030831
:10F54000CBF40308D7F4030800000000000000001B
:10F55000AD61020825610208B16002082560020859
:10F560000D5602082D600208DD63020811560208DC
:10F570001956020881600208F560020869610208F4
:10F580003156020839560208415602084956020807
:10F590004D5602085156020855560208595602089F
:10F5A000A964020881640208000000000000000055
:10F5B000596402086164020869640208256002084F
:10F5C0000D56020871640208796402081156020897
:10F5D0001956020821560208255602082956020823
:10F5E00031560208395602084156020849560208A7
:10F5F0004D5602085156020855560208595602083F
:10F60000A9640208816402086661696C65642074FB
:10F610006F20696E697469616C697A65204D415625
:10F620004654500025732F25730046257309257510
:10F6300025630044257325630000000040504152BB
:10F64000414D2F706172616D2E70636B00556E734A
:10F650007570706F72746564204654503A2025644A
:10F66000000000004E656564206D61766C696E6B0C
:10F670003220666F72206974656D207472616E73DA
:10F6800066657200466C6967687420706C616E20F4
:10F690007570646174652072656A65637465640081
:10F6A0004F6E6C79202575206974656D73206172C9
:10F6B0006520737570706F72746564004932433AE7
:10F6C00025753A2530327800493243257520636C20
:10F6D0006F636B2025756B487A0A00004932433A04
:10F6E000206E6F74206F776E6572206F66203078A1
:10F6F000257820666F72206164647220307825302E
:10F7000032780A00608D00200301040008000240E6
:10F71000040402400000000000000000B97E02085E
:10F72000397C02084D7C02083D7C02080000000084
:10F7300000000000897C0208A97C0208117C0208F4
:10F74000217C02088D8002086D360208713602089D
:10F750007536020879360208257C0208697C0208A1
:10F76000817C02089136020895360208AD360208FF
:10F77000B5360208C1360208C5360208197C0208EF
:10F78000357C02082D7C020800000000000000000B
:10F790005D81020845810208BD8102086D81020871
:10F7A00081810208F9810208498102085181020819
:10F7B000598102087D8102086581020872636F75B4
:10F7C000740000004F7574206F662074696D657257
:10F7D0002070726F6365737365730A0050414E4900
:10F7E000433A207363686564756C65723A3A736571
:10F7F000745F73797374656D5F696E697469616C48
:10F80000697A65642063616C6C65646D6F726520F4
:10F810007468616E206F6E63650000004F75742020
:10F820006F6620494F2070726F6365737365730A4A
:10F830000000000074696D6572000000696F0000CF
:10F840000000000000000000A58202087583020885
:10F850001D850208318302080D870208D58402083D
:10F860002D850208754301086943010811840208C7
:10F870004D85020835820208F984020831820208A7
:10F8800085840208714301085D830208118502081E
:10F89000158502087D4301082D86020800B601B4D3
:10F8A00002B503B004B205B506B5073C08B1093A84
:10F8B0000A3C0B3B0C020D3C4F54472575202000A1
:10F8C0005541525425752000545825633D253875FF
:10F8D00020525825633D25387520545842443D2513
:10F8E000367520525842443D2536752046453D2503
:10F8F0006C75204F453D256C75204E453D256C753A
:10F9000020466C6F774374726C3D25750A000000C9
:10F91000554152545F525800436F756C64206E6FAE
:10F9200074206372656174652055415254205258A9
:10F93000207468726561640A000000004F54472516
:10F940003175005541525425317500436F756C6413
:10F95000206E6F7420637265617465205541525446
:10F96000205458207468726561640A006469736188
:10F97000626C696E6720666C6F7720636F6E74725D
:10F980006F6C206F6E2073657269616C2025750A3B
:10F9900000000000DC9500200101000000000000D4
:10F9A0000000000000000000000000000000000057
:10F9B00000000000000000000000000000FF000048
:10F9C000388E002001000000000000000000000050
:10F9D000000000000604024007040240000000008E
:10F9E00000000000FF00FF0000FF0000000000001A
:10F9F0000000000000000000000000000000000007
:10FA000000000000000000000000000000000000F6
:10FA100000000000000000000000000000000000E6
:10FA200000000000000000000000000000000000D6
:10FA300000000000000000000000000000000000C6
:10FA4000000000009C90002002000105040000005E
:10FA50000106000004000000020002400300024012
:10FA60000000000000000000FF00FF0000FF000099
:10FA70000000000000000000594701087547010818
:10FA800075440108E5440108C14401080145010825
:10FA9000A14401088D44010811450108D54501081C
:10FAA0000D8A02080D89020869890208399A02083C
:10FAB00061890208F18A0208CD8802083D8C02089B
:10FAC000E98D0208D9890208258A020845440108FF
:10FAD00021890208D5880208ED880208F188020809
:10FAE000D98C0208E58E02089D8E0208ED89020875
:10FAF000FD890208058C0208899C0208558E0208BF
:10FB00007995020879890208418E0208B58D0208AC
:10FB10003D950208FD8802080589020840524F4DB4
:10FB200046532F64656661756C74732E7061726DD7
:10FB3000000000006661696C656420746F2066696E
:10FB40006E642025730A00426F6F746C6F61646588
:10FB5000722075702D746F2D646174650A00457292
:10FB60006173696E670A00457261736520257520AF
:10FB70006661696C65640A00466C617368696E67EA
:10FB80002025732040253038780A00466C61736860
:10FB9000206661696C6564212028617474656D70EC
:10FBA000743D25752F2575290A00466C6173682000
:10FBB0004F4B0A00466C617368206661696C65642E
:10FBC00020616674657220257520617474656D709E
:10FBD00074730A0041502D52544B5F583230440028
:10FBE000257320253032582530325825303258259B
:10FBF000303258202530325825303258253032588E
:10FC000025303258202530325825303258253032B0
:10FC1000582530325800000054687265616473568C
:10FC2000320A49535220202020202020202020204A
:10FC30005052493D3235352073703D257020535464
:10FC400041434B3D25752F25750A00252D31332E57
:10FC5000313373205052493D2533752073703D2553
:10FC60007020535441434B3D25752F25750A0000E4
:10FC70004D656D496E666F56310A005354415254BA
:10FC80003D307825303878204C454E3D2533756B16
:10FC900020465245453D253675204C52473D253678
:10FCA0007520545950453D2531750A00554152542F
:10FCB00056310A0053455249414C25752000000039
:10FCC0000000000000000000CDA4020881A202088C
:10FCD000094601080D4601081146010815A0020851
:10FCE000154601081DA0020869A0020871A00208BB
:10FCF00075A00208E9A1020849A0020819460108F6
:10FD000021A002082DA0020821460108254601086D
:10FD100045A402083DA0020861A4020839A0020817
:10FD20002946010885A2020811A3020819A30208A6
:10FD30002D4601083146010889A30208354601080D
:10FD4000A5A4020831A0020835A00208FDA30208FC
:10FD5000444D4156310A00444D413D2531753A2507
:10FD600031752054583D25387520554C434B3D2561
:10FD7000387520434C434B3D25387520434F4E5436
:10FD80003D25342E316625250A00000049535220B6
:10FD9000666C6F6F64206F6E2070696E2025750031
:10FDA0005265747279696E672070696E20256420CF
:10FDB00061667465722049535220666C6F6F6400EF
:10FDC00050696E2025752064697361626C656420DA
:10FDD0002849535220666C6F6F64290002010300AA
:10FDE000000000000000000061A80208EDA7020862
:10FDF00005A8020829A80208000000000000000071
:10FE000049A8020801AA0208E5A7020891A9020868
:10FE100059AA0208B1A90208D1A90208EDAA02084C
:10FE2000E5A9020899AA0208C5AA0208C5AC0208F9
:10FE300095AC0208DDAB0208E9A70208CDA80208CC
:10FE400029AB0208493243257500535049257500F6
:10FE50004661696C656420746F20637265617465C6
:10FE600020627573207468726561642025730000D8
:10FE7000286E756C6C2900000A0000006400000008
:10FE8000E803000010270000A086010040420F0098
:10FE90008096980000E1F50500CA9A3B1060024088
:10FEA000086002400000000B286002400860024029
:10FEB0000006010C40600240086002400010020D84
:10FEC00058600240086002400016030E7060024055
:10FED0000C6002400000040F886002400C60024089
:10FEE00000060510A06002400C60024000100611E0
:10FEF000B86002400C6002400016072F10640240F8
:10FF00000864024000000838286402400864024087
:10FF100000060939406402400864024000100A3AB1
:10FF2000586402400864024000160B3B70640240B3
:10FF30000C64024000000C3C886402400C640240E7
:10FF400000060D44A06402400C64024000100E45FF
:10FF5000B86402400C64024000160F460000000026
:10FF600089E8020841EB0208EDEB0208400040007E
:10FF7000208E0020208E002001000000308E002006
:10FF80008000000040010000050000000096000015
:10FF90000000000000000000000000000000000061
:10FFA00000000000A9E2020895E20208D1E202087E
:10FFB000BDE20208C9E20208B5E20208A1E20208B5
:10FFC0008DE20208DDE202080000000009E40208F8
:10FFD000F5E3020831E402081DE4020829E40208FE
:10FFE00015E4020801E40208EDE302083DE402081A
:10FFF0000000000001000000000000006D61696E5B
:020000040804EE
:10000000002C043804043C080C10141C2024252661
:100010000000000000006404010004000000000073
:10002000000C001028303400633000002800040861
:100030000007002000230020A0930020D09500207E
:100040006E6F6E616D6500004172647550696C6F12
:10005000740025424F4152442500255345524941E1
:100060004C250000020000000000000085E60208A8
:10007000F1E60208400040006C9A00207C9A0020C3
:10008000020000000000000003000000000000006B
:1000900035E7020800000000100000008C9A0020E4
:1000A000000000000100000000000000A88D0020FA
:1000B000010102003DFA02084DF90208E9F90208BF
:1000C000CDF9020843000000CC00040809024300F7
:1000D000020100C0320904000001020201000524EF
:1000E0000010010524010001042402020524060079
:1000F00001070582030800FF09040100020A00004D
:1001000000070501024000000705810240000000D1
:100110001200000018010408120110010200004042
:1001200009124157000201020301000004030904FF
:10013000303132333435363738394142434445461D
:1001400000000000004000000040000000400000EF
:10015000004000000000010000000200000002005A
:10016000000002000001002000FF03000100000069
:1001700069646C6500000000A005022820010000F1
:10018000AAAAAAAA50400024FFFF0000007700009E
:100190000400000005A60A0010000000A6AAAAAAF2
:1001A00000500000FCFF00000000097788000000FC
:1001B0000000000000000000AAAAAAAA0000000097
:1001C000FFFF000000000000000000000000000031
:1001D00000000000AAAAAAAA00000000FFFF000079
:1001E000000000000000000000000000000000000F
:1001F000AAAAAAAA00000000FFFF00000000000059
:10020000000000000000000000000000AAAAAAAA46
:1002100000000000FFFF00000000000000000000E0
:100220000000000000000000AAAAAAAA0000000026
:10023000FFFF0000000000000000000000000000C0
:10024000000000000A0000000000000003000000A1
:10025000000000000000000000000000DB0F49BFAC
:10026000E4CB1640E4CB16C000000080DB0F494011
:10027000DB0F49C00000003F000000BF8071313F2C
:10028000807131BFD1F71737D1F717B700000000E1
:1002900000000080000FC93F000F494000CB96408E
:1002A000000FC9400053FB4000CB164100ED2F4129
:1002B000000F49410031624100537B41003A8A41BD
:1002C00000CB9641005CA34100EDAF41007EBC41F4
:1002D000000FC94100A0D5410031E24100C2EE410A
:1002E0000053FB4100F20342003A0A4200831042ED
:1002F00000CB164200141D42005C234200A5294297
:1003000000ED2F4200363642007E3C4200C742429A
:10031000000F4942A2000000F90000008300000025
:100320006E0000004E0000004400000015000000B8
:1003300029000000FC00000027000000570000001A
:10034000D1000000F500000034000000DD000000D6
:10035000C0000000DB00000062000000950000000B
:10036000990000003C0000004300000090000000E5
:1003700041000000FE00000051000000630000008A
:10038000AB000000DE000000BB000000C500000064
:1003900061000000B7000000240000006E000000B3
:1003A0003A000000420000004D000000D2000000B2
:1003B000E000000006000000490000002E000000E0
:1003C000EA00000009000000D100000092000000D7
:1003D0001C000000FE0000001D000000EB000000FB
:1003E0001C000000B100000029000000A700000070
:1003F0003E000000E8000000820000003500000020
:10040000F50000002E000000BB00000044000000CA
:1004100084000000E90000009C0000007000000063
:1004200026000000B40000005F0000007E00000015
:10043000410000003900000091000000D6000000DB
:100440003900000083000000530000003900000064
:10045000F40000009C000000840000005F00000029
:100460008B000000BD000000F90000002800000023
:100470003B0000001F000000F80000009700000093
:10048000FF000000DE0000000500000098000000F2
:100490000F000000EF0000002F000000110000001E
:1004A0008B0000005A0000000A0000006D000000F0
:1004B0001F0000006D000000360000007E000000FC
:1004C000CF00000027000000CB0000000900000062
:1004D000B70000004F000000460000003F00000091
:1004E000660000009E0000005F000000EA000000BF
:1004F0002D0000007500000027000000BA00000079
:10050000C7000000EB000000E5000000F100000063
:100510007B0000003D0000000700000039000000E3
:10052000F70000008A000000520000009200000066
:10053000EA0000006B000000FB0000005F0000000C
:10054000B10000001F0000008D0000005D000000F1
:10055000080000005600000003000000300000000A
:1005600046000000FC0000007B0000006B00000063
:10057000AB000000F0000000CF000000BC00000055
:10058000200000009A000000F40000003600000087
:100590001D000000A9000000E30000009100000021
:1005A000610000005E000000E60000001B0000008B
:1005B00008000000650000009900000085000000B0
:1005C0005F00000014000000A000000068000000B0
:1005D000400000008D000000FF000000D800000077
:1005E000800000004D0000007300000027000000A4
:1005F00031000000060000000600000015000000A9
:1006000056000000CA00000073000000A8000000AF
:10061000C900000060000000E20000007B00000054
:10062000C00000008C0000006B0000000000C93F0B
:100630000000F0390000DA370000A2330000842EF9
:100640000000502B0000C2270000D0220000C41F71
:100650000000C61B00004417040000000700000053
:10066000090000003863ED3EDA0F493F5E987B3F9A
:10067000DA0FC93F6937AC3168212233B40F143324
:100680006821A23318240020494E46004E414E00F6
:1006900030313233343536373839616263646566F8
:1006A0000000000035000000CEFBFFFFCB03000080
:1006B000010000000000000034000000CEFBFFFF3E
:1006C000CB0300000100000000000000BC89D897A7
:1006D000B2D29C3C33A7A8D523F649393DA7F444B0
:1006E000FD0FA5329D978CCF08BA5B25436FAC6494
:1006F00028066811002020202020202020202828E3
:1007000028282820202020202020202020202020D1
:100710002020202020881010101010101010101011
:100720001010101010040404040404040404041041
:1007300010101010101041414141414101010101CF
:100740000101010101010101010101010101010199
:1007500010101010101042424242424202020202A5
:100760000202020202020202020202020202020269
:100770001010101020000000000000000000000019
:100780000000000000000000000000000000000069
:100790000000000000000000000000000000000059
:1007A0000000000000000000000000000000000049
:1007B0000000000000000000000000000000000039
:1007C0000000000000000000000000000000000029
:1007D0000000000000000000000000000000000019
:1007E0000000000000000000000000000000000009
:1007F0000000000000000000496E66696E697479AF
:10080000004E614E005245454E54206D616C6C6F38
:100810006320737563636565646564002F6D6E7432
:100820002F776F726B73706163652F776F726B7365
:10083000706163652F4743432D31302D70697065BA
:100840006C696E652F6A656E6B696E732D474343E5
:100850002D31302D706970656C696E652D34385F8F
:1008600032303230313132345F3136303631383037
:100870003634312F7372632F6E65776C69622F6E19
:1008800065776C69622F6C6962632F7374646C693D
:10089000622F64746F612E630042616C6C6F632021
:1008A0007375636365656465640000002F6D6E7425
:1008B0002F776F726B73706163652F776F726B73D5
:1008C000706163652F4743432D31302D706970652A
:1008D0006C696E652F6A656E6B696E732D47434355
:1008E0002D31302D706970656C696E652D34385FFF
:1008F00032303230313132345F31363036313830A7
:100900003634312F7372632F6E65776C69622F6E88
:1009100065776C69622F6C6962632F7374646C69AC
:10092000622F6764746F612D6765746865782E63E4
:1009300000000000A6E803083A6D030878240020B0
:100940004300504F534958002F6D6E742F776F72CC
:100950006B73706163652F776F726B737061636522
:100960002F4743432D31302D706970656C696E657A
:100970002F6A656E6B696E732D4743432D31302DA1
:10098000706970656C696E652D34385F3230323055
:10099000313132345F313630363138303634312F00
:1009A0007372632F6E65776C69622F6E65776C6901
:1009B000622F6C6962632F7374646C69622F6D704F
:1009C0007265632E630000000080E03779C3414305
:1009D000176E05B5B5B89346F5F93FE9034F384DA5
:1009E000321D30F94877825A3CBF737FDD4F157551
:1009F000000000000000F03F000000000000244064
:100A000000000000000059400000000000408F403E
:100A1000000000000088C34000000000006AF840A9
:100A20000000000080842E4100000000D0126341CD
:100A30000000000084D797410000000065CDCD4143
:100A4000000000205FA00242000000E87648374224
:100A5000000000A2941A6D42000040E59C30A242C2
:100A60000000901EC4BCD64200003426F56B0C4337
:100A70000080E03779C3414300A0D88557347643DE
:100A800000C84E676DC1AB43003D9160E458E1433F
:100A9000408CB5781DAF154450EFE2D6E41A4B44B4
:100AA00092D54D06CFF08044F64AE1C7022DB544F9
:100AB000B49DD9794378EA4405000000190000008C
:100AC0007D0000002C2066756E6374696F6E3A209D
:100AD00000617373657274696F6E20222573222022
:100AE0006661696C65643A2066696C6520222573CD
:100AF000222C206C696E65202564257325730A00FD
:100B0000232D302B2000686C4C00656667454647F6
:100B100000000000000000000000000000000000D5
:100B200000000000000000000000000000000000C5
:100B300000000000000000000000000000000000B5
:100B400000000000000000000000000000000000A5
:100B50000000000000000000000000000000000095
:100B60000000000000000000000000000000000085
:100B700000000000D001FD7F010000000000000027
:100B800001000000FE2A0100D20400000100000064
:100B9000000000000000000001000000C56A03081A
:100BA000000000000100000001000000286F0308A1
:100BB000000000000A00000001000000326F03087E
:100BC000000000000C00000001000000416F03085D
:100BD000000000000E00000002000000506F03083B
:100BE000000000000F000000020000005D6F03081D
:100BF0000000000010000000050000006A6F0308FC
:100C0000000000001100000005000000736F0308E1
:100C10000000000012000000020000007C6F0308CA
:100C20000000000013000000020000008A6F0308AB
:100C3000000000001700000001000000986F03088A
:100C4000000000001800000001000000A66F03086B
:100C500007010000393602089CE90308B0F50308D3
:100C60000096000000000800960000000008000048
:100C7000040000002C010408000000000000000037
:100C80000000000000000000000000000000000064
:100C9000FF0000001824002000000000340B0408AE
:100CA000540B0408140B04080000000000000000AE
:100CB0000000000000000000000000000000000034
:100CC0000000000000000000000000000000000024
:100CD0000000000000000000000000000000000014
:100CE0000000000000000000000000000000000004
:100CF0000000000000000000FF00000043000000B2
:100D000000000000000000000000000000000000E3
:100D10000000000000000000000000004300000090
:100D200000000000000000000000000000000000C3
:100D30000000000000000000000000004300000070
:100D400000000000000000000000000000000000A3
:100D50000000000000000000000000004300000050
:100D60000000000000000000000000000000000083
:100D70000000000000000000000000004300000030
:100D80000000000000000000000000000000000063
:100D90000000000000000000000000004300000010
:100DA0000000000000000000000000000000000043
:100DB00000000000000000000000000043000000F0
:100DC0000000000000000000000000000000000023
:100DD000000000000000000000000000A95B030804
:100DE000ED51030800000000F4060408A6E803081B
:100DF0003A6D03083A6D03083A6D03083A6D03082B
:100E00003A6D03083A6D03083A6D03083A6D03081A
:100E10003A6D0308FFFFFFFFFFFFFFFFFFFFFFFF2C
:100E2000FFFF00000100415343494900000000005A
:100E300000000000000000000000000000000000B2
:100E40000000000000004153434949000000000039
:100E50000000000000000000000000000000000092
:080E600000000000000000008A
:00000001FF
