:020000040008F2
:0400000000482F1B6A
:10000400761BFFF00005ABBDA8BDA0BDC2BDC3BD3E
:10000C00E20000BDE20300BDE20301BDE20302BD5C
:10001400E20303BDE6300600FE24FF6929425616BA
:10001C008F048010C4C42901FF2080000FA66155F5
:1000240002010FA6611002020FA660528F04800025
:10002C001E42A8A976482C1E761F03552B00764835
:1000340024D36F468F4480005CADA0A9B6015DADAA
:10003C00DCA288A45CADC342DD92DCA35DA5C24406
:100044005CA476482750520061288F04812C926367
:10004C00CDC4000F520160215308661F5CADC55230
:10005400974E56BF0145D000BE07DC8DC3505DA44A
:10005C0055A069075CADDCA25CA4CC9400FF6F02D8
:100064009A00D8019685000EFFF55DAD8F00D5424C
:10006C00DD905DA576482C0402018F0480001E42B1
:10007400A8A976482C1E6F048F04800492C48F04B0
:10007C00805828A901001AC40001F4A90CE1FEA4BF
:10008400E2AF03BEE2AF02BEE2AF01BEE2AF00BE2A
:10008C00E28000BEC5BEC4BE83BE8ABE87BE00036E
:100094003B30FFF176177602B2BDAABDA2BDFE02C7
:10009C0082A9874E834C3B1076228F05FB0006C449
:1000A40018A9FFF050051EC4761A020019018EA982
:1000AC00A0A9613BD200DD812901ABA90FA2610798
:1000B400AAAB0201565D00AC0FAB60039B006F0658
:1000BC008AA3AAA9560100A493C4CCA800FF88ADBA
:1000C400964292A8FFC7DE8280A69641D4013AA93F
:1000CC00B7C78EA9BE0792A040A93AA9FF405648CF
:1000D4000CA06C083AA9FF401CA983201CA8EDB809
:1000DC008EA9000EFFF2DF01000CFFEB0200DD81A8
:1000E400DA0119010FA560CA76228F05FB0006C448
:1000EC0018A9FFF8500A1EC4761A2910FE82FF695F
:1000F4003AA982BEFF5586BE8BBE0006B2BDFE087D
:1000FC005DAD8BA402048F090010DD885DA57648E8
:100104001E5FBE00520056B101A63B1076228F0539
:10010C00FB0006C418A9FFF050051EC4761A76C968
:100114000000F6172481762206C418A9FFF8500AB5
:10011C001EC4761A2910FF6992A6FE88F0018BBEC8
:100124000006FE043B108AA9BE00FF699A089B00E2
:10012C00C2422B43764807435200600F76482D8A13
:100134005200610B2910FF6976482F33BE00FF5827
:10013C0056B101A692A66F0329109A00FE84FF699E
:1001440000065C431EA73B1076227685FB0006C69C
:10014C0018A9FFF050051EC6761A92A46104DC8132
:10015400F7A4248576228F05FB0006C418A9FFF8AE
:10015C00500A1EC4761A2910FF6900063B108AA9A2
:10016400FF699A0676481CD55200600F76482D8A9E
:10016C005200610B2910FF6976482F33BE00FF58EF
:1001740056B101A692A66F0329109A00FF690006E2
:10017C00FE088AA992A55DADFFC0DD880EA95DA51C
:1001840076481E5F9B00520056B101A8FE8892A8D3
:0A018C000006190156C3FFFF00062C
:10019400FE40967D29018F0700A856030A7D56016B
:10019C0000A4A8762B7F762202001E7C02180F7C0E
:1001A40069145CADDCB45DA4067CFF30560100A587
:1001AC00067CFF3007768AA906C41EC50201077CAF
:1001B4001E7C02180F7C66EE927D52076006761F45
:1001BC0003009217967E6F05761F03009216967EAB
:1001C4009C01560301A980A9BE000E18C342C24473
:1001CC00764828561E785C7E761F0300DC0180A4DE
:1001D400BE00560304180EA9C342C24476482856EA
:1001DC001E7ACC5E0FFF0EA90F786705287F01F8F9
:1001E400FFEF027E5CAD02161E42DCB402105CA47A
:1001EC0076482EA20F4E6105287F01F6FFEF0270B4
:1001F400761F03008A1018D4FFFD8A109A0090011C
:1001FC00CDD4FFFECAA896D49254FFC3CA5490FF24
:1002040096549251FFC3CA5190FF96519253FFC323
:10020C00CA5390FF96538F000144A8A907108AA9DE
:10021400CCC4FFF8500588A98F000144A8A9071091
:10021C008AA97EC4C47AC2420E5876482DE9761F4C
:1002240003008F0001201EA6A8A907108AA97EC476
:10022C00067A1E42065676482DE9761F03008F008B
:1002340001221EA6A8A907108AA9C2C4C47A926181
:10023C0090FF0EA9C24276482DE9761F030088A9CB
:100244008F0001108F400110A8A907108AA9A0A946
:10024C00071083A993C48AA592A63CA897C4C47A24
:10025400CC5FFF00FFC70EA9C24276482DE9761F86
:10025C0003008F0001141EA7A8A907108AA993C434
:1002640039A78F00011488A8A8A907108AA97EC4F9
:10026C00C47ACC5DFF00FFC70EA9C24276482DE9C7
:10027400761F03008F0001161EA6A8A907108AA9DD
:10027C007EC4C47ACC60FF00FFC70EA9C242764888
:100284002DE9761F03008F00011A1EA7A8A90710E5
:10028C008AA993C439A78F00011A88A8A8A90710B6
:100294008AA97EC4CC63FF00FFC78F00010880A930
:10029C00A8A907108AA992C438A78F00010888A9B9
:1002A400A8A907108AA97EC48F4001088F000108FD
:1002AC00CC6300FF88A9A8A907108AA9A0A90710E8
:1002B40083A993C48AA592A63CA897C48F00010C75
:1002BC00CC64FF00FFC780A9A8A907108AA992C423
:1002C40038A78F00010C88A9A8A907108AA97EC4A1
:1002CC008F00010C8F40010CCC6400FF88A9A8A9F9
:1002D40007108AA9A0A9071083A993C48AA592A686
:1002DC003CA897C48F00010ECC620FFF88A9A8A977
:1002E40007108AA992A6CCA90FFF88A9CDC4F00053
:1002EC0099A68F00010EA8A907108AA97EC48F00B9
:1002F400010ECC62F000FFCB88A9A8A907108AA937
:1002FC00CCC40FFF80A98F00010E56030CA6CAA711
:1003040088A9A8A907108AA97EC48F00010ACC5E17
:10030C00F000FFCB88A9A8A907108AA9CCC40FFFBD
:1003140080A98F00010A56030CA6CAA788A9A8A918
:10031C0007108AA97EC48F000110CC61FF00FFC7B3
:1003240080A9A8A907108AA992C438A78F00011030
:10032C0088A9A8A907108AA97EC48F0001128F4042
:100334000112CC5F00FF88A9A8A907108AA9A0A967
:10033C00071083A993C48AA592A63CA897C48F00E2
:100344000134A8A907108AA9CC5A0FFF88A9CDC4E3
:10034C00F00099A68F000134A8A907108AA97EC4D1
:100354008F000135A8A907108AA9CC5B01FF88A9E1
:10035C00CDC4FE0099A68F000135A8A907108AA963
:100364007EC48F000136A8A907108AA9CC570FFFB5
:10036C0088A9CDC4F00099A68F000136A8A9071062
:100374008AA97EC48F000137A8A907108AA9CC5482
:10037C0001FF88A9CDC4FE0099A68F000137A8A95A
:1003840007108AA97EC48F000139A8A907108AA979
:10038C0018C4FE005C5C8F40013CDC8188A4A0A9F1
:10039400071083A9CCA6007F88A98F00013CCDC596
:10039C00FF8099A6A8A907108AA97EC48F00013EE8
:1003A400A8A907108AA98F404500A0C402320710EB
:1003AC008AA928C4AA55CC50FF00FFC788A90240CF
:1003B40007108AA9CCA6000F88A9CDC4FFF099A67E
:1003BC00024007108AA97EC4024307108AA9CC54B4
:1003C40001FF88A9CDC4FE0099A6024307108AA99B
:1003CC007EC4024207108AA9CC5101FF88A9CDC472
:1003D400FE0099A6024207108AA97EC402450710AE
:1003DC008AA9CC5301FF88A9CDC4FE0099A6024579
:1003E40007108AA97EC4BE00024607108AA9C2C4A7
:1003EC00028007108AA98F410104A0C40282071061
:1003F4008AA98F400103A0C4028407108AA918C4E3
:1003FC00FFF8028607108AA918C4FF80CC52FF00B0
:10040400FFC788A9024807108AA9CCA6001FFF8746
:10040C0088A9CDC4E0FF99A6024807108AA97EC42A
:10041400CC5200FF88A9024807108AA992A6901F0F
:10041C0088A9CDC4FFE099A6024807108AA97EC41A
:10042400CC4FFF00FFC788A9024A07108AA9CCC491
:10042C000FFF80A956030CA6CAA788A9024A071079
:100434008AA97EC4CC4F00FF88A9024C07108AA960
:10043C0092A6901F88A9CDC4FFE099A6024C071084
:100444008AA97EC4CC5D00FF80A9025407108AA942
:10044C00025407101EA693C48AA692A73CA897C470
:10045400028207108AA9A0C4028007108AA98F41CA
:10045C000104A0C4023207108AA92BC48F000144E6
:10046400761F0300A8A907108AA9CCC4FFF850027C
:10046C0088A98F000144A8A907108AA97EC4761A0E
:10047400927FFEC00006B2BDAABDA2BD5AADDA90FD
:10047C00FE3AC4C2C27A88DA7E6EC4E28BA4C27819
:10048400C4F2976D966CA0742B6A067AC2766103E7
:10048C008A7A2BC40676610806786106926E61043E
:10049400926D520267049A00FFEF02A65CADDCA9DC
:10049C005CA476482F655DAD8A76DDAA92C490FF88
:1004A400966992CC90FF5CAD56BF10515DA59668DD
:1004AC00DCA99A0D5CA47648253B5CAD5DAD82A9B8
:1004B400DCA9DDAA9A035CA45DA57648253B2871D6
:1004BC00FFFF966F88A3520161165202611252031C
:1004C400610E5204600A926D520269078A7692D4D0
:1004CC0090FF9C0380A96F08B6026F06B6036F04F9
:1004D400B6066F02B60A926D54A76703806D2B6F40
:1004DC0006760DA782A9926D9EA796705214660A95
:1004E4000EA7806D0FA7600892A6520B67177E7146
:1004EC006F15287000142BAC92AC76482E0483A4A4
:1004F40092708AA3764829FE5200600792AC9C0150
:1004FC00520B2DA968F26F022171B2A9FFE100F431
:100504009271FFE400D8926F5201FFE000D45CAD19
:10050C0092713B01C5A1DC905CA48F48304256032C
:1005140002A9560100A5F60D248492C5FFE000C38C
:10051C008A769A027648282B83A99A067648282B45
:10052400FF5860082901FF20FFFF0FA5680388A575
:10052C006F037680FFFF937153056211530561359C
:1005340053026208530261675300616A5301613CCC
:10053C006F6B5303615B530461546F6653066149DF
:10054400530861115309613D530A605E0674615C8E
:10054C0092A652026859523C66570EA6BDA90F12CC
:100554009A9A6F1F0674615092A65201604D8A7474
:10055C009A9576482DDA520060479A94E801FC008F
:100564008A747648294E6F400674613E92A6520101
:10056C00663B0EA6BDA90F127700770077009A990B
:10057400E68B00006FEE93A69DFF537F672D8AA143
:10057C0092A676482E739A018AA176482E676F242C
:100584009A0093A68AA156B001A976482F926F1CAF
:10058C009A0093A68AA156B001A976482F716F14D0
:100594008AA192A676482E4F6F0F8AA192A676481A
:10059C002E5B6F0A8AA192A676482E436F058AA11C
:1005A40092A676482D53067A613580500EC1BE015D
:1005AC000FA7602E804F0EC90FA7602A804E0ED168
:1005B4000FA76026804A0EF10FA76022804D0ED946
:1005BC000FA7601E804C0EE10FA7601A804B0EE94E
:1005C4000FA76016D00892915448601292F95449CA
:1005CC00600FD00992915447600BD00AE2AF0146FC
:1005D400E2AF0091E6940001AD1456B100A68A7A08
:1005DC007EC406746118926F520260158A769A0274
:1005E4007648282B76482F7792715207600CE5A045
:1005EC00AD146409E8121DA0AD1462058A749A98C2
:1005F4007648294E92712B6B6403B2A960205CADDE
:1005FC00926E9B00DCAB5DA48A7876482EB85CAD1D
:10060400926EDCAB5DA48A7876482FAF5CAD926EB7
:10060C00DCAB5DA48A7876482FAF5CAD926EDCAB28
:100614005DA48A7876482FAFFFEF01259271520BC3
:10061C0063643B018F083042560302A9560100A4C3
:1006240092C4615B5201FFE100DB927152076120C9
:10062C005CAD926E9B02DCAB5DA48A7876482EB8EA
:10063400D00AE2AF009176482F6B5CAD886EDCABDC
:10063C005DA47E418A7876482B905CADE590926EF5
:10064400DCAB5DA48A7876482E7FFFEF00D55CADE5
:10064C00926E9B02DCAB5DA48A7876482EB8067459
:1006540061068A749A9876482E376F02E590764838
:10065C002F6B5CAD886EDCAB5DA47E418A787648EE
:100664002B905CADE590926EDCAB5DA48A78764805
:10066C002E7F5CAD926EE8021DA0DCAB5DA48A7897
:1006740076482E7F5CAD926EE590DCAB5DA48A7803
:10067C0076482E7FFFEF00AED30092715205A27622
:10068400621152056136520262085202613F520001
:10068C0061475201613D6F0E520361355204613076
:100694006F09520661235208611B52096110520A04
:10069C006104B6008BA76F368A749A9A76482DDA65
:1006A400D302D13C80A9020E1E766F2C92F9D1019F
:1006AC00B2769B00520056B001A880A86F238A74C2
:1006B4009A9576482DDAD1016FF5D00892916FF0B2
:1006BC008A749A9976482DDA80A9D1016F1380E15A
:1006C400D1036F1080D9D1076F0D80F16FF7926C51
:1006CC00610380A96F0280C9D301D17F6F0380D1F0
:1006D400D1135CAD926E9B01DCAB5DA48A78764845
:1006DC002EB85CAD926E9641DCAB06A75DA48A7811
:1006E40076482E115CAD926E9641DCAB06765DA425
:1006EC008A7876482E1E5CAD926E9641DCABB2A930
:1006F4005DA48A7876482E1E5CAD926E9641DCAB82
:1006FC00A2A95DA48A7876482E1E6F2B5CAD926EF3
:100704009B03DCAB5DA48A7876482EB85CADD00937
:10070C009B009291DCAB520056B001A85DA4926E96
:100714008A7876482EB85CAD926EDCAB5DA48A789C
:10071C0076482FAF5CAD926EDCAB5DA48A787648E0
:100724002FAF5CAD926EDCAB5DA48A7876482FAFB8
:10072C00927176482E04D100C5A46F0A5CAD91FF7E
:10073400926EDCAB5DA48A7876482EB8D901939F7B
:10073C0060F6926BFEBA82BE86BE8BBE0006FE28A9
:10074400975E965DA044A8422B5F761F030002903B
:10074C0007101E4602A007101E48921296609214C3
:10075400966102001E4A1E4C1E4E1E501E52560327
:10075C00015D9662925E966306441E54066C1E56AC
:100764002B642B652B6602001E582B671E5A1E5CD9
:10076C0076228F078400A8A90F4269070228071078
:100774008AA918C4FFF86F288F078800A8A90F4218
:10077C00690D022807108AA9CCC4FFF8500188A97A
:10078400022807108AA97EC46F178F090000A8A940
:10078C000F426907022807108AA918C4FFF86F0CDA
:10079400022807108AA9CCC4FFF8500188A90228AE
:10079C0007108AA97EC40642FF301E4202280710A9
:1007A4008AA992C490075207600592139660921525
:1007AC0096615C600642DC8189A41E4A926D5202FD
:1007B400610A9262610688600E62074A0FA66903A5
:1007BC00285F01FD926D5201610E5200610C926333
:1007C4006108064A88612901FF420D630FA6690387
:1007CC00285F01FE926D5203600E92629007610BDE
:1007D4000E631EA69262FFC280A906A60FA761033C
:1007DC00285F01FF8F0E0000A8A90F4266088F0E3C
:1007E4001000A8A90F426903285F01FB8F0F0000C6
:1007EC00A8A90F4266068F0F0018A8A90F42661F12
:1007F4008F0F0400A8A90F4266068F0F0418A8A93A
:1007FC000F4266158F0F0800A8A90F4266068F0FCF
:100804000818A8A90F42660B8F0F0C00A8A90F4265
:10080C00660E8F0F0C18A8A90F426909926D52023F
:100814006004285F02006F0356BF016D8F07020159
:10081C0092C490070EA91E5C02050F5C600D8F122E
:100824000000A8A90F4266088F140000A8A90F426F
:10082C006903285F01FB925FFFE000DC9A107648B9
:100834001FF19A0276482AE07622926D60128F00A8
:10083C000203761F0300A8A907108AA9CCC40020C4
:10084400FFC452016006028F07108AA91AC401006E
:10084C000288C442761F030007108AA9C2C402881A
:1008540007108AA906420FC46103285F0201925F50
:10085C00FFE000A0926D5202611C064A2901FF4084
:100864001E5A925D9CFF0EA9075A1E4C065A1E5230
:10086C00064C0F52680E8354065207468AA9888597
:10087400A0547EC4020107521E52064C0F5267F464
:10087C00028F761F030007108AA9CCC40100FFC7A2
:1008840052016174926D52016171064A2901FF425D
:10088C001E4E926D600A92629CFF0EA9074A1E4C86
:10089400FF4209011E506F040E63074E1E508F1055
:10089C000000A8A90F42660E8F13FFFEA8A90F42F5
:1008A40068090642FF0F0020FF43FF1F02101E5875
:1008AC006F158F0F0000A8A90F42660E8F0F0FFE59
:1008B400A8A90F4268090642FF0F001EFF43FF1C50
:1008BC0010711E586F03285F01FB925F60372B6726
:1008C400064E1E5206500F5269318A5892C49664DD
:1008CC000652600FC55692C796659264FFC788A9F9
:1008D4008A4856030865CAA696CC56BF01676F18A6
:1008DC0002010F5260158A569284FFC7A85696667D
:1008E4009267520160088A4856030865CA6696CC26
:1008EC002B676F068A4856030864CA6696CC0201C9
:1008F40007521E5206500F5266D19A0276481FF1D3
:1008FC007622028F761F030007108AA9CCC4010050
:10090400FFC752016006028F07108AA918C4FEFFB0
:10090C00761A925FFEA80006B2BDAABDA2BD5AAD72
:10091400DA8BFE72D00BD12282A9A092069CD01150
:10091C00A8925CADD00DDCE61E92D0155CA492C200
:100924009692D0162B92D00F06CA1E9276482F6547
:10092C00D00B5CAD8392D011C592DCE6A2A95CA47D
:10093400DF2A27C73F417648256D5CADDCE65CA421
:10093C0076482F8D520061185CAD88A9DCE6DE810B
:1009440080A4B51000A68D4000168D0000165CAD85
:10094C00939A58928D4000169D01DCCD5CA4928741
:10095400D802979A9694D0115DAD8A92D11ED01682
:10095C00DDCD58925DA5929C90FFD80296955DAD29
:10096400D0165892D11FDDCD929CD8035DA590FF7F
:10096C0088A0D1209695D0165DAD5892069CD116D4
:100974005CADB600DDE77E9ADCCD88A45CADD8041E
:10097C0056B001A75DA5DCCB7F965CA456BF0441A5
:1009840076482D66BE07B50F00A68D0000165CAD37
:10098C0092928D4000168D0000165892DCCD5CA41E
:100994009C01969AD8022B94D00272A0D1165DAD18
:10099C00789AD1118A9ADDCD5DA5D11C939C91FFDB
:1009A40097955DADD01DDDCD93945DA5D00372A068
:1009AC0091FFBE0FDC019795B51000A68D000016C7
:1009B4005DAD92928D4000168D0000169C01DDCD38
:1009BC0058925DA5C784969AD80297955CADD002E3
:1009C4009B0172A0DCCD5CA4D11695A9979A2B94B7
:1009CC00D00D0692611ABE006F10D116D0169D0183
:1009D4005CAD809A599288A8DCCDD016DF015CA466
:1009DC0090FFD9027F92969C58A6D10D8A9A929438
:1009E400610493A6532068EA28A98A8128A8EE46C0
:1009EC001E4228A96A9E28A821C4764828AA5CAD74
:1009F400D01693A9DCCB92925CA476482BE8D13133
:1009FC00D01693A95C92CCA800FFD030FFD796926A
:100A0400DC08979AD01692A49B075D9276482EC371
:100A0C00D014DD027D92D015549265049A00FFEF4C
:100A14000083D0118A92C5A4D039D13B9B01DF2831
:100A1C0092C796415D94929CD400764829DCD00D07
:100A240029011E92D0168092FF20FFFED0132B9234
:100A2C000FA76167D0152B92D0149292D0159E927D
:100A3400D0132D925207D00F56B707A3562A08A3F6
:100A3C00C4929A0CD00B36A92BAC07A61E92D013DD
:100A44009392600328AC000192A3D01594922BAA30
:100A4C00D014939255A9660328AA0001D01393924F
:100A5400D00DC492D00B8A929101D10B92A356BFB0
:100A5C00019CC2C4611488A3D00BC592D400DE8162
:100A6400DF03B50B00A658A45DAD8D400015929A26
:100A6C0072A0DDCD5DA5DC0127953F87D0118A9260
:100A7400D13A92AC5D9C5CA893AA76482DCBD00B5E
:100A7C00C59288A9D01506A70DA38AA99292D01564
:100A840094A37EDC9692D0135C92D013DC017C920A
:100A8C008AA79B0195A3D01497D4939255A9669DE0
:100A9400D0139292FEF282BE86BE8BBE0006B2BD19
:100A9C00AABDA2BD5AADDA88FE4CD010969228A9F8
:100AA400B000F4A9DFFE7648246828A9B001F4A9AF
:100AAC00DFFE7648203876482CDB28A9B0025CADF6
:100AB400E593E592E591E5903100B600BE002B6424
:100ABC00F4A9DFFEDC94E203035EE203025CE203D2
:100AC400015AE2030058A962C360C2565CA4764886
:100ACC002C825DAD5CADDDC2DC945DA55CA476488A
:100AD4002079520060075CADDCB25CA476482C69D6
:100ADC006F095CAD5DADDCC2DDB25CA45DA5764892
:100AE4001FA7936D9A007680B0035300F4A6DFFE2F
:100AEC0056B001A976482F978D40C0428AA1DC01EF
:100AF400764821B628A8B004D02292728F08306CB0
:100AFC00F4A8DFFE5201A8916007927156B012A0C3
:100B0400562A00916003D0122B9176481B7328A9B2
:100B0C00B005F4A9DFFE76482B39291029208DC0B9
:100B1400C06A28A9B006FF6983A1F4A9DFFE8AA3ED
:100B1C00764813189A038AA376482FBC28A9B007E5
:100B2400F4A9DFFE8AA376482FB95200602FD010B3
:100B2C00929261048F000BB86F038F002710D00CCA
:100B3400A89276482D408BA96F0A5DAD8F00D6CA66
:100B3C00A842DDA48AA35DA576481F598AA37648EE
:100B44002FB95200600A76482D40D00CFF5A565DEA
:100B4C0000A106920FAB66EA8AA376482FB9520031
:100B54006005D01092925201616C76482D408F004E
:100B5C00D6CAD00CA892D00F2B92D00A1E925DADA3
:100B6400D00C06928AA3DDA41E425DA576481F59C7
:100B6C008AA376482FA7520061348AA376482CB00A
:100B7400D00E52009692D0112B9260068AA376482A
:100B7C002F2BD00E96928AA376482F9B5CADD00873
:100B84008F40D94ADCC3A0920EA48AA31E427648A1
:100B8C00249ED00F5200289200016113D00C5CAD52
:100B94000692D111D0081E42DCA45DA40692D00EA8
:100B9C008AA31E449292939A7648159A5200601436
:100BA400D010929261BDD00F9292520161B97648F1
:100BAC002D40D00AFF5A0692564100ABFF200BB8DD
:100BB4000FAB67AE6F0E76229A28F4A97029F62738
:100BBC0077009A00F4A97029F6277700761A6F004F
:100BC400FECC82BE86BE8BBE0006B2BDAABDA2BD4F
:100BCC00FE2286A4D02882A59292FFE0011A92D32D
:100BD400FFE1011706C376482FC159A95200FFE16E
:100BDC0001105DD3A2A9DD810DA58AA992DC5CADC3
:100BE400DC8688A476482C505DD39346DD8188A5A5
:100BEC00601B8D00047F9392FFE100FB8D0004805D
:100BF40080920EA10FA7FFE000F48D000481809283
:100BFC000E430FA7FFE000ED8D0004829392554445
:100C0400611AFFEF00E69344FFE000E38D00047FE8
:100C0C0056BF01928D000480924379928D0004842A
:100C14008D4004812B928D000483969A2B928D0033
:100C1C0004822B9292A6611BD500DE818D00048488
:100C240092925218671427A99A0194AB9692A2A99A
:100C2C000DA58AA992DC90FF80A9AAA90DAB8AA96F
:100C3400DD018D0004857F94000EFFEAAAA9FF1050
:100C3C0004838AA98D0004829B0092920AC45200FC
:100C440056B101A892459792FFE100A38D00048359
:100C4C008D4004849292939A8D00047F520156B980
:100C540000A156B602A12B929A0194A154A8FFE6D2
:100C5C00009092A15202602628A9812628A80B2A6E
:100C64001E4228A91D4028A820A1764828AA8D0044
:100C6C00048688A9560308928D000485CA928D00CB
:100C740004845C925BA9AAA9DC8280A4FF10048787
:100C7C008AA993A692A776482BE888A90EA30FA65B
:100C840060675CADDC9F5CA476482F655CA18D0039
:100C8C000484D10088926F0DAAA95DAD0DA4FF104C
:100C940004851EA7DD9F5DA5DC0192C7969DD90141
:100C9C0092A654A466F2560303A15CAD5DAD9647D3
:100CA4002B60DC9FDDA09A075CA45DA57648253BFC
:100CAC005CAD5DAD82A9DC9FDDA09A015CA45DA565
:100CB4007648253B92A19CFF96627B6192A15201EA
:100CBC00611D5BA1D100DB8292A1521067175CAD64
:100CC4005DAD9A08DC9FDDA05CA45DA57648253B5C
:100CCC001EA6AAA90DA18AA988A693CC91FF0EA84D
:100CD4000FA66016D901000BFFE99261600C8D002C
:100CDC00047E92625492690C8D00047A8D40047EDD
:100CE4002B926F05D029D12856BF0192969AFEA265
:100CEC0082BE86BE8BBE0006B2BDAABDA2BD5AADE9
:100CF400DA88FE52D00EA8928D00046E9394D0131D
:100CFC009692D00CA09260188D400472C59C8D0009
:100D0400046C5DAD56BF40418D4004700694DDC255
:100D0C005DA58A9C3E67D0125200969264039B00AC
:100D14006F069B056F029B02D0122B925CADCCA890
:100D1C0000FFD017DCC459A4FFD79792D01296C10C
:100D24009A029492D00E8A92C5A45BA98D00046B9A
:100D2C009B30DF2892C7964192948D0004695D94A4
:100D3400D400764829DCD00A1E9292A35207FFE918
:100D3C00009528A9CA9328A88DCD1E4228A9F6781B
:100D440028A89F33764828AA93A98AA192A3764813
:100D4C002BE8D01493A9CCA800FF9692FFD7D0150E
:100D54009A0A97929B04D012959280A8D0129B076E
:100D5C00949276482EC3D0127F92D0135492627024
:100D6400D0132B92D0112B92D0129292D0139E9228
:100D6C00D0112D925207D00C56B707A3562A08A3C0
:100D7400C4929A0CD00836A92BAC07A61E92D011A7
:100D7C009392600328AC000192A3D01394922BAAF7
:100D8400D012939255A9660328AA0001D011939218
:100D8C00D00AC492D0088A929101D10B92A356BF7B
:100D9400019CC2C4611488A3D008C592D400DE812A
:100D9C00DF03B50B00A658A45DAD8D400013929AED
:100DA40072A0DDC65DA5DC0127953F87D00E8A922F
:100DAC008D40046A92AC5D9C5CA893AA76482DCBCE
:100DB400D008C59288A9D01306A70DA38AA9929238
:100DBC00D01394A37EDC9692D0115C92D011DC01FE
:100DC4007C928AA79B0195A3D01297D4939255A99C
:100DCC00669CD01192926F35D013929262039A0066
:100DD4006F30D00C88A38A92D10BD00A0692DE81A0
:100DDC00C5A456BF019C1EC49A00DF03B50900A62A
:100DE4005CADD00272A0DCC65CA49C01939497878E
:100DEC007700D00E8A928D40046A9A019B015D9C1B
:100DF400D40076482DCBD00C8A9288A9C5A4A8A982
:100DFC000DA38AA97EDC8AA79B0195A39A0197D49F
:100E0400FED282BE86BE8BBE00060006B2BDAABD5F
:100E0C00A2BDFE0686A4D02882A59292FFE1010520
:100E14008D00018F9292FFE1010092D3FFE100FD6A
:100E1C0006C376482F595200FFE000F706C3764808
:100E24002FC188A98D0001900E920FA6FFE000ED5E
:100E2C0006C376482FA388A9D0280E920FA6FFE000
:100E340000E45DD3A2A9DD810DA58AA992DC5CAD95
:100E3C00DC8688A476482C5088438D0001910E9254
:100E44000FA6FFE000D292D393469CFF5300600D9F
:100E4C008D00025D9392FFE100C88D00025E9392CB
:100E540055446113FFEF00C19344FFE000BE8D00D1
:100E5C00025D8D40025F56BF01928D0002602B9A9D
:100E64002B928D00025E2B925200611C88A9D50042
:100E6C00DE818D00026027921BAB010467139A018F
:100E740094AB9692A2A90DA58AA992DC90FF80A9B1
:100E7C00AAA90DAB8AA9DD018D0002617F94000E39
:100E8400FFEAAAA9FF10025F8AA98D00025E9B00F7
:100E8C0092920AC4520056B101A892459792FFE182
:100E940000848D00025D2B928D00018F2B928D00BA
:100E9C00025F92928D0002609392520156B900A1AA
:100EA40056B602A19A0294A154A8666E92A1520267
:100EAC00602628A9CA9328A88DCD1E4228A9F678B9
:100EB40028A89F33764828AA8D00026288A9560381
:100EBC0008928D000261CA928D0002605C925BA95F
:100EC400AAA9DC8280A4FF1002638AA993A692A730
:100ECC0076482BE888A90EA30FA660468D00026019
:100ED4009292BE019EA15BA9AAA90DA11EA792A1EF
:100EDC0072A6AAA90DA68AA98D00026156030894D0
:100EE4008AA7DB82CA948D00047496921BA3010026
:100EEC00660492A360046F198DC0010058A3AAA9CF
:100EF400FF1101B3D88188A0D5001EA78D0002611F
:100EFC00B50A00A65CA592A172A4AAA9DC020DA455
:100F04008AA9DD01929496878D0004669A007B92EB
:100F0C008D4004671BA301008D00036556B801A931
:100F140056BF0192969AFE8682BE86BE8BBE00069E
:100F1C00B2BDAABDA2BD5AADDA8808AD01AA80AD9A
:100F24008D400192BE03D00E2BAC08A7FE625BA9D4
:100F2C00A39CA89280A7D00CA092B50900A6A9A951
:100F3400562290FF968792AC9C082DA977007700E3
:100F3C00D00E8D40025C83922B87D405BE00279D7A
:100F44006F0CD00E06920DA683A98D000194DC01CE
:100F4C00DE01929590FF968792AB54A666F359A456
:100F540092A1520766125200610D5CAD88AD08A4DF
:100F5C00FF2F08A6FE625DA45CA180A6DC81F7A42D
:100F64002485D01379926F3328A9CA9328A88DCDEC
:100F6C001E4228A9F67828A89F33764828AA5CAD9B
:100F740008A4FE6293A992A15CA476482BE8D0E170
:100F7C00CDA900FF9792FFC7D0E2969292A1611380
:100F84005CAD08A4FE629A0088A1DE8180A4B50944
:100F8C0000A65CAD08A4FF2FD00272A05CA49C014B
:100F9400938797949A02D01394A196929A06D013A9
:100F9C009B07949276482EC354A365049A00FFEFE6
:100FA4000081D00E8A92C5A48D0001909B30DF2869
:100FAC0092C796419A145D94D401764829DCD011ED
:100FB4002B92D00A1E92D01392926169D0122B9276
:100FBC00D0139292D0129E92D0112D925207D00C37
:100FC40056B707A3562A08A3C4929A0CD00836A988
:100FCC002BAC07A61E92D0119392600328AC0001A3
:100FD40092A3D01294922BAAD013939255A966038C
:100FDC0028AA0001D0119392D00AC492D0088A9208
:100FE4009101D10B92A356BF019CC2C4611588A381
:100FEC00D008C592D400DE81DF03B50C00A65DAD40
:100FF40058A408A5FF2F8D400012929A72A05DA5F7
:100FFC00DC0127953F87D00E8A928D40019192ACEF
:101004005D9C5CA893AA76482DCBD008C59288A98C
:10100C00D01206A70DA38AA99292D01294A37EDCCB
:101014009692D0115C92D011DC017C928AA79B013C
:10101C0095A3D01397D4939255A9669BD011929215
:1010240008ADFE5682BE86BE8BBE0006B2BDAABD0A
:10102C00A2BDFE0A8855A0487E44C45486A9A8A92E
:1010340082A4C24A613A064A613892446536D0288D
:10103C00929360318D000476929360088D40047613
:101044008D00047856BF019BAA93AAA98D40047809
:10104C00D01A039B0F9368218D00047A9293610848
:10105400AAA98D40047CD018039B0F936816834A79
:10105C0076481C678D40047A8D00047CAA938D0021
:1010640004759A0156BF019B93939D01911F979319
:10106C00FFEF00BB064860049A00FFEF00B6D030DB
:101074009293600ED114AAA9D032039B1E93D11669
:10107C00D03056BF0193AAA9D034039B1E93D0380D
:1010840092932B45610D064A1E4292449643AAA9A7
:10108C007648091052006504D03896452B93D03C15
:10109400929361112D45064A310C8AA3560100AB87
:10109C009244A9A59EAC764813FE52006504D03C40
:1010A40072452B938D000189929361162D45064A52
:1010AC00310C8AA3560100AB9244A9A59EAC76489C
:1010B40027A8520065098D4001898D00018D724574
:1010BC002B9B56BF01938D000468929361122D45B2
:1010C400064A310C8AA3560100AB9244A9A59EACF2
:1010CC0076480CF0520065058D00046872452B9330
:1010D4008D00018E929361162D45064A310C8AA328
:1010DC00560100AB9244A9A59EAC76480F1C520059
:1010E40065098D40018E8D00018F72452B9B56BF83
:1010EC000193D132AAA9D014039B0F936817924491
:1010F400544565142D45C44A350C8AA307A61E42DF
:1010FC008348AAA976481F09D0360A459293D03264
:101104009C01AA93901FD0369693D134AAA9D016E5
:10110C00039B0F93681892449E45520364142D451B
:10111400C44A350C8AA307A61E4283487648112C7C
:10111C00D037084500039293D0349C01AA93901FBA
:10112400D03796939245FE8A82BE86BE8BBE000659
:10112C00B2BDAABDA2BD5AADDA8AFE4282A45CADA4
:1011340006C28BA5DCB71E7E5CA476482F655CAD29
:10113C00D00ED520DCB706915CA4764828805CAD37
:10114400D008DCB7E2AF00915CA476482F005CAD18
:10114C00D00ADCB7E2AF00915CA476482F005CAD0E
:10115400E8021C40D00CE80C9998DCB7E2AF01918E
:10115C005CA4E710004076482F003B018F01FFFF95
:10116400FF2FFFFC1E42A844E2AF00F1E688000016
:10116C007700A27CBFA90F1276482F125CADD51266
:10117400DCB75CA476482DBC5CADD5070200DCB7B7
:10117C005CA4764828805CAD837CDCB70EC55CA48F
:10118400D505764828805CADDCB75CA476482F8D05
:10118C0059A928A8A9AF28A928AE1E4228A9B2544B
:1011940028A8A2FB764828AA5CAD93A9DCB792A143
:10119C005CA476482BE8CDA900FFFFC7975E965D4F
:1011A40092A161125CAD88A19A00DCB7DE8180A4B3
:1011AC00B50900A65CADD00272A0DC9E5CA49C01CB
:1011B4009387979477009A02D0288A7C94A15BA99C
:1011BC0028A8040A9A105C9476482DF7D00C2901C3
:1011C40088A11E927B78FF20FFFE0FA661552B7A23
:1011CC002B7992789E792D7AC47ED00A520756B725
:1011D40007A3562A08A39A0C36A92BAC07A61E927D
:1011DC00937A600328AC000192A3937894792BAA9C
:1011E40055A9660328AA0001D00C937AC492D00AA8
:1011EC008A929101D10B92A356BF019CC2C4611289
:1011F40088A3D00AC592D400DE81DF03B50900A616
:1011FC0058A45DAD927972A0DD9E5DA5DC012795AA
:101204003F878A7CD03792AC5D945CA893AA7648D9
:10120C002DCBD00AC59288A906A70DA38AA99279DD
:1012140094A37EDC96798AA79B0195A30A7A97D436
:10121C00937855A966AFFEC282BE86BE8BBE000611
:10122400B2BDAABDA2BDFE1086A4D02882A52B4DB6
:10122C009292FFE100E606C376482F595200FFE187
:1012340000E006C376482FC15200964FFFE100D963
:10123C0006C376482FA388A9D0280E920FA6FFE0EC
:1012440000D092D3FFE100CD5DA9A2A9DD810DA557
:10124C008AA992DC5CADDC8C88A476482C5093D3B4
:10125400924C9DFF97505200601AD0829292FFE107
:10125C0000B8D0838892924F0EA90FA6FFE000B180
:10126400D08488929249964E0EA90FA6FFE000A959
:10126C00D0859292544A611BFFEF00A3924AFFE093
:1012740000A0D08256BF0192924FD083D18496921F
:10127C00D08792492B92D086964E969A2B92D085F7
:101284002B9206C376482F88D03F96929250611BCA
:10128C008850D500DE81D08792925230671427A9FE
:101294009A01D08794AB9692A2A90DA58AA992DC53
:10129C0090FF80A9AAA90DAB8AA9DD01D0887F9403
:1012A400000EFFEBAAA909868AA9D0859B00929219
:1012AC000AC4D085520056B101A8924B9792616046
:1012B400D0822B92D0869292D0879392520156B9C3
:1012BC0000A356B602A39A0294A354A8665192A313
:1012C4005202602228A922F928A8A7B61E4228A9FA
:1012CC00A4D528A839D1764828AAD189D08888A94C
:1012D4005603089ACA92D0875C9259A9AAA9DC82BB
:1012DC0080A4098A8AA993A692A776482BE888A9A4
:1012E4000EA10FA6602D5CADAAA90DA3D024DC8DA0
:1012EC00098888A41E42AAA909401E4456BF40453D
:1012F400C2488A92D0879392D0289FA39292D026F4
:1012FC00839276480477D180D080969A929261102E
:10130400D03D924FD13E934E9692D03C924D979AB7
:10130C0056BF0192520056B081A056B00192FE9089
:1013140082BE86BE8BBE0006B2BDC5A583A4F627D9
:10131C00248592C4521369022BC4D011929456B1F5
:1013240011A056B10A94D012929476482F7DD1120E
:10132C00D014969C06946005D0148F4003E8A094CA
:10133400D01606946004D01602641E94D018069445
:10133C006005D0188F4003E8A094C5A4D028DF1214
:1013440092C7969402008D00046C1E948D00047262
:10134C001E948D0004701E948D0001921E948D00CD
:1013540004781E948D00047C1E94D02C1E94D032EC
:10135C001E94D0341E948D00018B2B948D00018C27
:101364002B948D00018D2B948D0004682B948D009B
:10136C0004692B948D00046A2B948D00046B2B94D0
:101374008D00046E2B948D00018E2B948D00018FB3
:10137C002B948D0001902B948D0001912B948D005A
:10138400025C2B948D00025D2B948D00025E2B94E5
:10138C008D00025F2B948D0002602B948D00036501
:101394002B948D0004662B948D0004672B948D0090
:10139C0004742B948D0004752B948D0004762B947F
:1013A4008D00047A2B948D00047E2B948D00047F91
:1013AC002B948D0004802B948D0004812B948D0044
:1013B40004822B948D0004832B948D0004842B943D
:1013BC00D0292B94D02A2B94D02E2B94D02F2B9435
:1013C400D0302B94D0362B94D0372B94D0382B9408
:1013CC00D0392B94D03A2B94D03B2B94D03C2B94EB
:1013D400D03D2B94D03E2B94D03F2B94D0802B9493
:1013DC00D0812B94D0822B94D0832B94D0842B94BB
:1013E400D0852B94D0862B94D0872B94D0B82B9473
:1013EC00D0B92B94D0BA2B94D0BB2B94D0BC2B94CB
:1013F400D0BD2B948D00018A2B948D0001892B94F0
:1013FC008BBE0006B2BDAABDA2BD5AADDA88FE50A6
:10140400D180889CD00E5BA9A89292A6D00C5207DA
:10140C00A0926614D00092A654A06604D0137E92CB
:101414006F42D10E069A5CAD0DA009401EA7DCC434
:10141C005CA492C79694D8016FEF28A922F928A84A
:10142400A7B61E4228A9A4D528A839D1764828AA47
:10142C00D00E8A92D18093A9929CDC4076482BE80E
:10143400D014CDA900FF9792FFC7D0159692D00E75
:10143C008392D400D180889D6F0FD00E5DAD069243
:10144400D0020DA4DDC41EA792A4DC0172A05DA588
:10144C00DF4092C7969592A654A466F09A02D013E8
:1014540094A696929A06D0139B07949276482EC32C
:10145C0054A365039A006F7ED00E8A92C5A4D03D2A
:10146400D13F9B0BDF2892C796415D94929CD40098
:10146C00764829DCD0112B92D00A1E92D01392927E
:101474006167D0122B92D0139292D0129E92D01107
:10147C002D925207D00C56B707A3562A08A3C49234
:101484009A0CD00836A92BAC07A61E92D0119392C1
:10148C00600328AC000192A3D01294922BAAD01323
:10149400939255A9660328AA0001D0119392D00A09
:10149C00C492D0088A929101D10B92A356BF019CA1
:1014A400C2C4611488A3D008C592D400DE81DF03CE
:1014AC00B50B00A658A45DAD8D400012929A72A0A7
:1014B400DDC45DA5DC0127953F87D00E8A92D13E1D
:1014BC0092AC5D9C5CA893AA76482DCBD008C592C3
:1014C40088A9D01206A70DA38AA99292D01294A338
:1014CC007EDC9692D0115C92D011DC017C928AA7C2
:1014D4009B0195A3D01397D4939255A9669DD011DF
:1014DC009292FED082BE86BE8BBE0006FF581EA71F
:1014E400C444610F8F010000A8A90FA761088F03EE
:1014EC000000A8A90FA756B001A76004B6006F02B0
:1014F400B60206A628AB00642BAA9B00907FA9AC79
:1014FC00566500A928AC001406A656229B0090073E
:1015040009018AA90200F61F561700A406A618A905
:10150C00600091001EA6A9A4FF2020000FA6610D6B
:10151400FF2040000FA66107FF2060000FA66006B1
:10151C00DC4B6F04DC326F02DC19762202018F4542
:10152400D34C98C599CD7685E7088D05E70A8F4594
:10152C00E7141AC500011AC500028F45E700CCC5A7
:10153400FFF0500596C5CCC5FF1F505096C5CCC5CD
:10153C000FFF1AA9500096C58F45E728CCC5FFF0C0
:10154400CAA776C5E70C96C58F45E724CCC50FF02E
:10154C001AA9A00096C58F45E70A56BF58C67685DE
:10155400E710CCC5FFF08F45E71296C056BF18C7F9
:10155C007CC6CCC5FFF088A9A8A9910FCBA697C5CE
:101564008F45E700CCC5F8FF1AA90A0096C5CCC57B
:10156C00FF8F50A096C5CCC50FFF1AA9A00096C539
:10157400CCC5FFF8500A96C5761AA8AB8F45E71478
:10157C006F031901FF5A92C590036003A9A960FA81
:101584008F05E7149A0093C491035302600E8F05EC
:10158C00E71893C4600A8F05E71C93C460068F05A7
:10159400E72093C456B101A900060000B2BDAABD5C
:10159C00A2BD5AADDA8CFE3EA87C5CAD96705BA801
:1015A4008BA5DC9206C25CA41E7A06D21E7876480D
:1015AC002C375DADDD928F00C5085DA5A87476481B
:1015B4002B5602007B71B2768B7C1E7C2B6D2B6EBE
:1015BC002B6F2B72D304927252016136927096414A
:1015C40092718AA1837A9642067C764823FB7648F8
:1015CC002D401E7E76482D40FF5A067E564100ABBC
:1015D400FF2003E80FAB691E06788AA183761E42BA
:1015DC0076481F598AA176482F9F520061EC5CAD6A
:1015E400DCAD88A45CADDCAF0EA45CADC242DCAE65
:1015EC0080A41E448F40D84A8AA1C346764823540F
:1015F4009672000BFFCA92726150926E604E406DFB
:1015FC006D4C926D61209C018F40DA12FFC027A9BF
:101604002BAA88AB8DC0D84AC5A58AA3DE81B50BA9
:10160C0000A6D00193AA73A05603089393AACAC448
:101614009D02DC0296872FA88A7492AB764821F348
:10161C005200612B067C0D6D1E7C926F61988A7452
:10162400764820BA520061215CADDCAC5CA4764003
:10162C00E0F65200611A5CAD5DADDCACDD945CA4FF
:101634005DA5764826C252006010C45402148F0976
:10163C000000C2421E44A8A97640E0941EA62901CF
:101644002557AF580FA661039A006F029A01FEBE98
:10164C0082BE86BE8BBE0006B2BDAABDA2BDFE0682
:101654008F05D22E86A940C4FFED00A3900091030C
:10165C0082A97648260176228F05D20E18C4FFFD8A
:10166400761A020B7640E1892901AAA9AA46FF4409
:10166C0018A9030091008F05D214FF5A9246907F5F
:1016740096462B450646CAABCBAA1E46AAA9FF43EB
:10167C00FF5A18AB000018AA00070646CAABCBAA43
:101684001E4606C49B00907FA3C418AB030018AA8F
:10168C000000CAABCBAAA3C418AB000018AA000771
:10169400CAABCBAA1EA606460FA66135AAA990001E
:10169C0018A88000FF58612F76228F05D2222BC408
:1016A400761AAAA918A9607F91708BA976228F0552
:1016AC00D20E020B18C4FFFE7640E1898F45D2148E
:1016B4008F05D21606461EC540C46D0C8F0007D098
:1016BC008F45D216A8A96106CCC50001DC81520168
:1016C40060FA761AB242A2A9764814E2520196430D
:1016CC0060DE6F032843000192A2FFC6903F5AA927
:1016D4007622523F60068F05D22292C4503F6F0893
:1016DC008F05D2229A01CDC4FFC094A2CAA896C489
:1016E400F627770076228F05D20E1AC40002761AE6
:1016EC00FF6902287640E18976228F05D222CCC48C
:1016F400FFC0CAA296C4F6277700761A6F022B435E
:1016FC009243FF69FE8682BE86BE8BBE0006E20365
:1017040004BDE20305BDFE061E46A8448F05D208AB
:10170C0006C49B009003FF586107BE0206C49B00F1
:1017140090030FA66055E2840046E8021641E850A3
:10171C001000764818E6E6CF0005E2840046E28425
:101724000446E8021641E8501000764818E6E7102F
:10172C000129E2840246E68C0009E7100080E68D70
:1017340000097700E72000407700E5A0AD146519A3
:10173C00E2840046E8021641E8501000764818E6AC
:10174400E28401467700E71000407700E88FE0006C
:10174C007700E68C000077007700BFA90F126F15A9
:10175400E2840046E8021641E8501000764818E694
:10175C00E28401467700E71000407700E68C000039
:1017640077007700BFA90F123B0185A91E46924658
:10176C00761F030096188A44CCC40F00FFC7961648
:101774008F00015DA8A907448AA992C4900F961707
:10177C0006441E108F000200A8A907448AA992C42F
:10178400FFC3CCA901C0FFC296128F000200A8A912
:10178C0007448AA9CCC40380FFC3FFC296148F0000
:101794000201A8A907448AA9CCC40C00FFC3FFC254
:10179C0096138F000201A8A907448AA9CCC4018022
:1017A400FFC3FFC296159A00FE86E2AF05BEE2AF04
:1017AC0004BE0006B2BDAABDA2BDFE04C454C24410
:1017B4008855864E82507E421EA67D4187528D00FA
:1017BC00010006A6FF1800014F968BA96DFB924104
:1017C400D500B600610752036103D0006F0676C0EE
:1017CC001200FF2F40008EA992A45201611892447E
:1017D40040A96C09ABA928AC001218A907FF910015
:1017DC00563B83A9A2A928AC00123AAB18A907FF63
:1017E4009100563BCBAA1AA880006F0F924440A9DF
:1017EC003AABABA918A81FFF56480DA5A2A918A87B
:1017F4001FFFCBAA1AA8C000CAAB8EA9A0AB06448F
:1017FC00900018A84000CAABCBAAA34418AB0000B9
:1018040018AA8000CAABCBAAA34483A918AAC00013
:10180C00064418AB00009B009001CBAACAABFF5852
:10181400610506A71AA910001EA79241610352038D
:10181C0060079242900F5CA906A7AFA41EA7924442
:1018240041A906A7508056480CA70644A3A718A9A7
:10182C0004009100CAABCBAAA34418AB080018AAB9
:101834000000CAABCBAA1EA706A6FF1200418AA9C4
:10183C0006A6A0C4FF1300218AA9FE8406A63AC4FA
:10184400FF1200438AA9AAA99B0090FF51F0C3C4C8
:10184C001EC182BE86BE8BBE0006B2BDAABDA2BDA5
:10185400FE0686A4D02882A59292FFE1008806C3E2
:10185C0076482F595200FFE1008206C376482FC10B
:1018640052009645617B06C376482FA388A9D028E9
:10186C000E920FA6607392D361715DA9A2A9DD815E
:101874000DA58AA992DC5CADDC8488A476482C5042
:10187C0088D39344DE816015D0B89392615FD0B960
:10188400809292450EA90FA76059D0BA8092274141
:10188C000EAB0FA76053D0BB9392554261136F4EB2
:101894009342604CD0B8924556BF01922741D1BAC9
:10189C00D0B996923F9AD0BC2B92D0BD2B92D0BB94
:1018A4002B9292A6611AD500DE81D0BD929252CBC2
:1018AC0067142FA99A01D0BD94AA9692A2A90DA54E
:1018B4008AA992DC90FF80A9AAA90DAA8AA9DD01B0
:1018BC00D0BE7F94000EFFEBAAA909BC8AA9D0BBAD
:1018C4009B0092920AC4D0BB520056B101A8924325
:1018CC00979261148D00018C92458D40018A9692FD
:1018D4003F9AD0B82B9206C376482F888D40018B4F
:1018DC008D00018956BF0192969AFE8682BE86BE05
:1018E4008BBE00063ABDB2BDAABDA2BDFE0229014F
:1018EC00BFA90F12FF58615B5CA8917F08A800800C
:1018F4001E4293A4FFD65CA8BFA90F1661675DA81A
:1018FC00917F08A8008059A858A993A5FFD65DA888
:1019040093A471A518A8010097A618A400FF18A510
:10190C0000FFDC7F92A49EA596A7644D08A9FF0159
:10191400623E93A192A0FF3659A858A90642FF350A
:10191C00F60E1FA15BA901A3F60A1FA1562D04A266
:101924002DA336A0FF40F60B1FA1FF339B00FF3011
:10192C00FF540CA295A3FF4008A70001F61FFF77F8
:101934000920FF4008A70001F61FFF77FF5A92A76E
:10193C00652208A9FF016313A9A9FF46917F5BA843
:101944005AA925A695A7FF960CA295A3BDA90F1287
:10194C00FE8282BE86BE8BBE8EBE00069B00FF57FB
:1019540008A8FF7FFF5A93A660F228A8800071AA06
:10195C0092AB6FEDFF2000006FEAFF5A93A418A81A
:101964000100FF965CA8A9A908A8FF7F1CA8800015
:10196C00CBA46FDDB2BDAABDA2BDFE04824E86A57E
:10197400A844A2A9617AD0082B93D10BD0090644BC
:10197C002B932BC32B9BD00A2B93D00C2B93616DE9
:10198400AAA9616B92D252086668D00B92926165E3
:10198C0006C276482FC1520056B008A056B001933B
:1019940006C276482F5F5200603006C276482FB3E5
:10199C0080A988A9FF2004060FA7611892A65201FE
:1019A400611088A6FF2004390FA6604706C2764856
:1019AC002FC1520061428AA283A376481BED6F3D82
:1019B4008A4483A276480BC96F388A44D02892940B
:1019BC00613406C276482FC15200612FA24283A225
:1019C4008A4476481AF76F2906C276482FB6520120
:1019CC006120520B6119522861125230601E06C2FE
:1019D40076482F59520060068A4483A276480E0A3C
:1019DC006F148A4483A2764819F56F0F8A4483A248
:1019E400764818516F0A8A4483A2764812246F05F8
:1019EC008A4483A27648226DFE8482BE86BE8BBE5C
:1019F4000006B2BDAABDA2BDFE0482A4D02886A55D
:1019FC00929361758D0004720693617106C27648EC
:101A04002FC15200616C06C276482FA388A9D02842
:101A0C000E930FA6606492D261625DA9AAA9DD81D2
:101A14000DA58AA992DC5CADDC8488A476482C50A0
:101A1C0092446155924361539242605188D2DE8167
:101A240092A65205684C92DA90FF290127A992E206
:101A2C0090FF28AC00188D00046C560308A9AFABCE
:101A34001EA792EA90FF25A9FF5A06A7CAABCBAA14
:101A3C001EA792F290FF0EA9563BFF5A06A7CAABFF
:101A4400CBAA1E9392FA90FF6104020019011E931F
:101A4C009B0192A65207600CD008929290FF5262B2
:101A54006007D009929290FF526256B100A88D009F
:101A5C00046E979306C276482FC18D4004698D00A1
:101A6400046A9341969B979306C276482F888D40CB
:101A6C00046B8D00046856BF0193969BFE8482BE66
:101A740086BE8BBE0006FE0EA0461E44A842064249
:101A7C00764829975200603006421E4806448AA9CF
:101A8400DC81A844616E8A52834806C40FC5610F85
:101A8C008A4606481EC48A48834606C41ED58A5216
:101A9400834606C41EE528A901F46F5C06489B0032
:101A9C0090FFFF58600376482FBF925361040202F7
:101AA40007521E52020207481E4806448AA9DC81D6
:101AAC00A84460DA6F4606421E4806521E4A56BFCC
:101AB400044B56BF024B06448AA9DC81A844613911
:101ABC0002001E4E0E4B0F4E6920064E074A8AA995
:101AC400064E88C407488AA980C406A60FA7610FDA
:101ACC008A4606481EC48A4883460EC41ED58A4AD6
:101AD40083460EC41EE528A901F46F1C0201074EBB
:101ADC001E4E0E4B0F4E66E206489B0090FFFF58C1
:101AE400600376482FBF925361040202074A1E4ADC
:101AEC00020207481E4806448AA9DC81A84460C942
:101AF4009A00FE8E0006B2BDAABDA2BDFE208BA533
:101AFC0086A4826A92D1616F5DA9B2A9DD810DA520
:101B04008AA992DC5CADDC8688A476482C50924687
:101B0C006162924561609244605E88D1B60EDE815E
:101B1400560303A60EA9F60F1FA754C269545CAD61
:101B1C0083A192A6DC9F5CA476482A415CAD5DADA6
:101B24002DC2350EDC9FDDA096605CA45DA59A0EE7
:101B2C0076482B73D02F1EA69292601106A6620DDA
:101B34008AA2D011D12E9292DC2E0AC4549A56B99C
:101B3C002FA056B901926F03D02E2B928AA20201CC
:101B4400D02CDC2C560100C40692D02F1ED39292C6
:101B4C006004E5902BF36F1B06A66203E5906F0F04
:101B5400BDA90F16770077007700E801C800E68971
:101B5C000009E8082000E70000407700E831FC00AD
:101B64009A00E5A0AD1456B201A996F3E20300E38E
:101B6C0056BF01C3FEA082BE86BE8BBE0006FE0A17
:101B7400762202018F05D33698C499CC761A8F0049
:101B7C00D54276482F838F00D60676482F83761F62
:101B84000355D4002B0002252B01764829BA28A935
:101B8C000A069B4676482692D401022576482A629C
:101B940002011E420225764820FAD4000223764828
:101B9C0029BA28A906059B46764826920223D4002A
:101BA40076482A6202001E420223764820FA023254
:101BAC007640E1898F048000A8A976482CC628A924
:101BB400E10028A805F58F0F42408F4480001E42A3
:101BBC00A844A0A9D40A76482632BE01310028A92F
:101BC400040028A88000B600D401D502C242A9446A
:101BCC0076848000C3461E4856BF084906A6764850
:101BD40017AE0202B600BE008F0008001E42D500F8
:101BDC00C344C246A84876848000D40156BF084945
:101BE40006A6764817AE8F04800018C4FFBEFE8A8E
:101BEC000006B2BDAABDA2BDFE1E86A48BA592D2D4
:101BF4005204686D5DA9AAA9DD810DA58AA992DCAC
:101BFC005CADDC8488A476482C509244616092439E
:101C0400615E9242605C88D25CADB618DE8183A2CC
:101C0C00DC9D560303A60EA95CA4F60F1FA75BA9C7
:101C140092A676482A4192A3614A5AA3D300DA8154
:101C1C005CAD5DAD7B5E9A08DC9DDD9E5CA45DA534
:101C24007648253B52006105DB18000AFFF36F3745
:101C2C005CAD5DAD9A05DC9DDD9E5CA45DA5764842
:101C3400253B5CAD5DAD82A9DC9DDD9E9A065CA46E
:101C3C005DA57648253B5CAD5DAD86A9DC9DDD9E42
:101C44009A055CA45DA57648253BD00A1EA65603DA
:101C4C0003A393A3FFD1CBA99791D00B560302A268
:101C540093A2FFD3CBA99791D00956BF0191560304
:101C5C0003A6D00C93A6FFD1CBA99791FE9E82BE72
:101C640086BE8BBE0006B2BDAABDA2BDFE1A86A466
:101C6C008D00047E5B928BA592A3521066089A108D
:101C74009EA352066805285A00066F039A00965AD6
:101C7C005CADDC995CA476482F655CADD5070200A1
:101C8400DC995CA4764828805CAD9B00D50192A3C6
:101C8C00DC9956B101A85CA40EA8764828805CADFE
:101C9400AAA9DC990DA309015CA483A9925A7648E8
:101C9C002D785CADDC995CA476482F8D5CAD28A8C2
:101CA400FFFF5BA9DC995CA476482BE8D00BCCA998
:101CAC003FFF9B015CA956BF01919A1E76482CF010
:101CB4001EC192A3610A88AD5CA383A1DE9980A6AC
:101CBC00DC81DD03F7A424858D0004759A01D40022
:101CC4009B015D9276482DCB88A9B2A90DA38AA960
:101CCC009A0194A3FE9A7EDC96D182BE86BE8BBE10
:101CD4000006FE049643A8422B4476228F07840014
:101CDC00A8A90F4269090228761F030007108AA9D8
:101CE40018C4FFF86F2E8F078800A8A90F42690F48
:101CEC000228761F030007108AA9CCC4FFF8500104
:101CF40088A9022807108AA97EC46F1B8F090000D7
:101CFC00A8A90F4269090228761F030007108AA9B8
:101D040018C4FFF86F0E0228761F030007108AA973
:101D0C00CCC4FFF8500188A9022807108AA97EC408
:101D1400761A0642FF301E42924352086005284458
:101D1C00020092446F1E9A1076481FF19243764847
:101D24002AE07622761F0300C442028807108AA99B
:101D2C00C2C4761A028807108AA906420FC461033E
:101D34002844020192446004924376481FF192447D
:101D3C00FE840006FE02E2030042834228AC001738
:101D4400A0A9A0AB0EA818A980001EA7A0A956227E
:101D4C009B0090FF83A918AA007F02FF0FA5600CCF
:101D5400A9A9610428A802006F029B0092A7CAA83F
:101D5C001AA97C006F47021FDDF00FA5620392A742
:101D64006FF8A0A9651A56030AA588A92901A9A98B
:101D6C0018AB1FFF18AA0000FF4C93A7CAA6CBA95B
:101D74005CA8FF2010000FAB68050FAB600440A403
:101D7C006C02DC0192A46F260200190A0FA5650300
:101D840092A76F209B0E9FA588A85DA61AAA008023
:101D8C0016A6DD8156228AA92DA50201563B83A9F0
:101D94002DA60201563B1901CEABCFAA1EA6A0A9BF
:101D9C000FA668050FA6600440A46C02DC0192A497
:101DA400CAA7FE820006B2BDFE1E02001E46764889
:101DAC002EAD76482DAC76482B1C76482AA228A955
:101DB400A001F4A9DFFA76482EF728A9A002761F1D
:101DBC00037F5CADBE00F4A9DFFA8B38DC9EBDA1BD
:101DC400DFFC5CA4C2387640E0F6BE01520061102C
:101DCC0028A9552128A844460FA1610A5CAD5DAD38
:101DD400DC9EDD865CA45DA5764826F288A928A948
:101DDC00A003F4A9DFFA92A6601BC44602148F0973
:101DE4000000C2421E44A8A97640E0941EA6290120
:101DEC002549AF4A0FA6600C28A9A004F4A9DFFA74
:101DF4002553AF548BA976482F47C5A13E6728A920
:101DFC00A005F4A9DFFA9A0076480A9BFE9E8BBEDA
:101E04000006B2BDFE0292C45201660428AB000172
:101E0C006F032BC42BAB92CC527F69032BCC2BAB27
:101E140088D480A62901FF20FFFF0FA7610792A69F
:101E1C005213690428D4FFFF2BAB92DC52076903E1
:101E24002BDC2BAB92E45203690456BF03E42BABC7
:101E2C0092EC520169032BEC2BAB92F45201690337
:101E34002BF42BABD10C5D9CD0092F9492A5CAAA8C
:101E3C006115D00AE2AF009476482D9B52006105E3
:101E440092A5CAAA610B6F14D009D10CE5902B940A
:101E4C002BAB2B9CD00AE2030094D00A06941E42C2
:101E540006426106D00AE5902BABE2030094FE82B1
:101E5C0092AB8BBE0006FE10A04A1E48A8462B4F24
:101E6400020019011E4C761F0300022007108AA9E4
:101E6C0006C41E4E76228F000180A8A907108AA9ED
:101E7400CCC40002FFC096508F000180A8A90710AF
:101E7C008AA91AC40002022007108AA928ABFFFF06
:101E840028AA0505A9C476482D2D5CADDC8C0EA4CA
:101E8C001E422B438A46834A064876481A775200EC
:101E940061068A4A02001EF4284F01F476220220C9
:101E9C00C44E761F030007108AA9C2C48F000180AC
:101EA400A8A907108AA992509001FF8088A9CDC4DF
:101EAC00FFFD99A68F000180A8A907108AA97EC4FE
:101EB400761A924FFE900006B2BDAABDA2BDFE06E0
:101EBC001EACD0088BC486A9A8445BA50EF1C591B5
:101EC4008AC1564400A91E4607D13E6752006124C8
:101ECC008A44AAA9560100A48D00100792A356BFFC
:101ED4000194612E9A0794A38A44FFC2D3009CFF05
:101EDC005AA9DC07A842C54206460DA31EA683A735
:101EE4000EF90FA6610BD00A06A6C5918AC107D1C7
:101EEC003E675200600F9A006F14C44406A6FF10A0
:101EF40010178AA9F60724848AA68D00101F56BFDE
:101EFC0001940642DB0809081E42000AFFDE9A0123
:101F0400FE8682BE86BE8BBE0006B2BDAABDA2BD41
:101F0C00FE1E8BA486A45CAD82A9A05E0668DC9A3A
:101F14005CA41E5C76482F655CADC5A1DC9AA2A9C1
:101F1C005CA4DF2A27C73F41835E7648256D5CAD04
:101F2400DC9A5CA476482F8DD10B5BA98A5CD028FF
:101F2C0028A801559A1056BF019C5C9276482DF753
:101F34001EA68A5C92A3C2C4610A88AD5CA3835CBA
:101F3C00DE9A80A6DC81DD03F7A42485D0369A01D5
:101F4400D4009B015D9276482DCB8A5C88A9C5A4F8
:101F4C00A8A90DA38AA97EDC8AA79A0194A3FE9E58
:101F540096D482BE86BE8BBE0006B2BDAABDA2BD0B
:101F5C00FE1E866876482D4082A58BA4761F030052
:101F64001EA7920752016006BE5006A703080FA6DB
:101F6C00681B9206F00156BF0107C308D50056B195
:101F740000A456B0FFA496069B009A04764822E279
:101F7C006F0B5CAD5DADDC92DD9E0EA45DA58AA100
:101F84001E427648196E5CADDC9E5CA476482F4DEB
:101F8C00520060F076482D408AA183A3AA4256BF26
:101F940020437648102A5200650A8BA29CFF5AA956
:101F9C008AA176482508D90C000AFFFCFE9E82BE59
:101FA40086BE8BBE0006B2BD8BA428A94E50A0AC41
:101FAC0054C161069A02ABA476482C696F3D92C964
:101FB4005202612452036111520161039A036FF4C6
:101FBC009A06764827D488F10EA90FA6601F8AA12D
:101FC400ABA5764828D46F0D9A08764827D4D00854
:101FCC0088910EA90FA660128AA1ABA57648223083
:101FD400ABA476481E059A016F179A08764827D451
:101FDC00D00888910EA90FA661039A046FCD8AA12F
:101FE400ABA576482230ABA476481E059B00520070
:101FEC0056B101A892A88BBE0006FE02964176223D
:101FF4008F000144761F0300A8A907108AA9CCC446
:101FFC00FFF8500588A98F000144A8A907108AA9E9
:102004007EC48F000106A8A907108AA99241903FB7
:10200C0088A9CDC4FFC099A68F000106A8A9071006
:102014008AA97EC48F00015AA8A907108AA9CCC432
:10201C00FFE0501588A98F00015AA8A907108AA9BA
:102024007EC48F000144A8A907108AA9CCC4FFF874
:10202C00500288A98F000144A8A907108AA97EC470
:10203400761A9A00FE82000676083B3092BE762617
:10203C000000762F0000BE009A009B00F4A90CE271
:10204400F4A60CE4B600F4A80CE6F4A90CE8F4A891
:10204C000CEAF4A60CECF4A90CEEF4A80CF0F4A930
:102054000CF2F4A60CF4F4A80CF6F4A90CF8F4A809
:10205C000CE3F4A60CE5F4A90CE7F4A80CE9F4A93C
:102064000CEBF4A60CEDF4A80CEFF4A90CF1F4A716
:10206C000CF3F4A60CF5F4A80CF7F4A90CF9F5A9EB
:102074000CE05001F4A90CE00006B2BDAABDA2BD5B
:10207C00FE2E88AD02008BA42B69A06CDE861E6E32
:10208400A3D1C5E1D3015AA6A946C3445CAD5DAD55
:10208C000200DCA8DD8888A41E485DA58AA1C24296
:1020940006C27648231B5200611292696104066EDF
:10209C000F48670D5DAD5CADDDA8DC9880A55CA438
:1020A40006481E6E28690001F60F2484DA02000B2C
:1020AC00FFDF926961075DAD8A6CDD9880A5F60F44
:1020B4002484FEAE82BE86BE8BBE0006B2BD8BA457
:1020BC008D001020AABD929186C1603580F192A747
:1020C400611A9A0794A7CCA9FFF85DA954A7690CD3
:1020CC00B2A90DA709071EA692A59EA79CFF5CA905
:1020D400F7A42886FFFF06E18AA176481EB85200BD
:1020DC0061162BF18D00101F92916115D00A0EFA2A
:1020E400C59207D28AC21EA6B2A9FF10101783A9EF
:1020EC0006A63E67520061039A016F068D00102010
:1020F40056BF01919A0086BE8BBE00061EA718A982
:1020FC00FFE0FF30C444FF1A001F8AA992A7901F6B
:102104002DA90201563BFF5A762292A642A96D08D8
:10210C0083A4A9A9FF55DD12C0C5C1CD6F0783A457
:1021140092AB93AADD1298C599CD92A640A96D08F9
:10211C0083A492AB93AADD0C98C599CD6F0783A4C9
:10212400A9A9FF55DD0CC0C5C1CD92A641A96D0773
:10212C00A9A9DC10FF55C0C4C1CC6F06DC1092AB62
:1021340098C492AA98CC761A0006B2BD76228F056E
:10213C00D23218C4FFFEF627770018C4FFFDF6272D
:102144007700761AFF697648217876228F05D208BF
:10214C00CDC4FFFC510197C4F6FA7700F632770044
:10215400761AD1006F1176221AC40002761AFF692A
:10215C007648217876228F05D208CDC4FFFC510138
:1021640097C4761AD9018F05D22E40C46C06520149
:10216C00610993A1530468E8520161047625520079
:1021740061FE8BBEFF690006FF2007D07640E1892F
:10217C00D0002BACBE03D50076C5D230FF2001FFBA
:102184000FC767098F05D230A3C41AAA0001A9C4D6
:10218C000FC768FB8F05D23028A803FF55C4611216
:102194008F2625A0DD01A8A90FA568088F05D230D8
:10219C0028A803FF55C460F56F0593A05303600D89
:1021A4002BAC93A0530360098F05D23028A803FFFA
:1021AC0055C4600328AC0001D801D500000EFFD047
:1021B40092AC0006B2BDAABDA2BDFE045DAD5AAD8F
:1021BC0028AA0001290128AC001828AB0002D10381
:1021C400D300DD84DA845DA576C83088BE035AA2C4
:1021CC00F6032485B51E00A68F4703C0A0A90D8277
:1021D40083A9C5C558A392A790FF969458AA06A7A9
:1021DC00FF4790FF969458ABDB0406A791FF9794AA
:1021E40006A7562293AA969C9D04D9042FA893ABC4
:1021EC009D0427A8FE8482BE86BE8BBE0006B2BDAF
:1021F400AABDA2BDFE028BA48D0010205BA9939101
:1021FC0086C160220EA307D10FE2661C92A3612751
:10220400A042DB81C542B2A90DF18AA992C796FC0E
:10220C0002010AF1560100D15DF288F10EA50FA66C
:10221400601106E18AA176481EB8520060078D005D
:10221C00102056BF01919A006F0B02012BF1560151
:1022240000E1064209011E42000BFFDE9A01FE8214
:10222C0082BE86BE8BBE0006FE02C5A592D496C7A2
:1022340092DC96CF92E496D793EC92A8FFC39007D2
:10223C00600441A856BD01A996DFCCEC0380FFC613
:1022440060039A036F029CFF96E7CCEC0004FFC185
:10224C0096EFD008CCEC04002901FFC996F792EC6C
:10225400FFCAF001900196FF92ECFFC2F0019001D9
:10225C009697D00992EC90019697D00CCCEC10008C
:10226400FFCB9697D00A25FCAFF41E42FE821E9740
:10226C000006B2BDAABDFE0486A4D0288BA592920E
:10227400613106C176482F595200612C06C1764857
:10227C002FC15200612706C176482FA388A9D02808
:102284000E920FA6601F92D1611D5DA9B2A9DD81D6
:10228C000DA58AA992DC5CADDC8488A476482C5020
:1022940006C176482FC1C5A2D03993419692DF3A40
:10229C0097C706C176482F88D13BD03856BF0192DC
:1022A400969AFE8486BE8BBE0006B2BD1EA6064666
:1022AC009B0090FF1EACFF5A06A6FF1800011EA74C
:1022B4001AAA00108D000100A9C706A6FF18000184
:1022BC004F968BA96DFB8D00010C0E969B00900F19
:1022C400FF5A06A6FF1400111EA6A9A9610AB600AA
:1022CC00DF01928458A73CC6A9A9DE010FA066F9CC
:1022D40092A561048F0300006F02D400A8A9ABABE0
:1022DC00CBAACAAB51841EC18BBE0006B2BDAABD2F
:1022E400A2BDFE0652042FA52DA45AA856B604A9D1
:1022EC0076083B3093BE91015BA85200611A58A945
:1022F400D100D88121415CAD92A15DA29B015742DE
:1022FC00DC855CA476482973924576482BCA9244B7
:1023040076482BCA924376482BCAD9010008FFECC1
:10230C0092A3520161047608293092BEFF20190075
:102314007640E189FE8682BE86BE8BBE0006B2BDD3
:10231C00AABDA2BDFE228BA9B618C46C86A50EF46C
:10232400A8602B5DF60F1FA7C262520061245BA94F
:10232C00DB815CAD5DADB600DC84DD9C88A4C34470
:10233400B2A95DA5C2428A607648238C520160131B
:10233C00925D610406C20F44670B5CAD0644836278
:102344001EC2DC9C5CA476482FAB285D0001D91822
:10234C00000BFFE1925DFEA282BE86BE8BBE000634
:10235400B2BDA8A9C44AA348874661058D00036598
:10235C00929460039A006F2BA0A96110D0008D405D
:1023640004666F09A8A90DA0FF1101B31EA792C7A7
:10236C009695D80192A0549C68F6ABA96106ABA7D0
:102374008D000466929496C7A9A96106A9A78D0049
:10237C000467929496C706A66106C5A68D000474E0
:10238400929496C78D0003659A012B948BBE000628
:10238C00B2BDAABDA2BDFE0682A9D00E8BA4A046EA
:10239400C4500910D508C5918AC1C2443E67D00E05
:10239C009642D5108AC1C591A2A93E679342864642
:1023A40053016115D008C59156BF1841A2A983A253
:1023AC008AC13E679A008AA276482AC15201600B04
:1023B4008AA2834476482EED9A016F065200610387
:1023BC009A006F029A02FE8682BE86BE8BBE000613
:1023C40083A906449B0090FF1EACFF5AA0A9FF15E9
:1023CC0000091EA61AAA00338D000120A9C6A0A9D7
:1023D400FF1500094F951EA66DFB8D00012C9295EB
:1023DC004FA96C1C900F80A9A0A92BAA27A7FF14AA
:1023E400001383A992A7610AB600DF01C6C558A7E6
:1023EC009684A9A9DD010FA066F9ABAB9A011AAAD4
:1023F4000004A9C64FC66DFF00069A000006B2BDD0
:1023FC001EA68D4001908D000192AABD9347924874
:1024040052C8979CC294660552005AA960036F0C87
:10240C00D2C858A2A8A9FF1200651EA6D881C685FD
:1024140096860008FFFE8D00018E56BF01948D4004
:10241C00025C8D00018F2B948D00025D7A9C2B94B5
:102424008D00019192948D0003659C012B94901F63
:10242C008D000191969486BE8BBE0006FF5A7608ED
:102434003B3092BE900193AA80A95320670E530D9E
:10243C0068259A00531056B901A99DFF2DA8FF6677
:1024440020A8CAA823A96F1AA9A92901FF4790FFA8
:10244C009CFF88A928A8067195A6560301A85CA92B
:1024540092AB9B0190FF9CFF2DA99A01FF662DA6CC
:10245C0098C4FF6720A9CBA923A892A752016104B5
:102464007608293092BE0006762202088F05D32210
:10246C0098C499CC761AF5A90C049B00CCA97FFFD3
:102474008F01869F5010F4A90C049A00F4A80C074D
:10247C00F4A90C06BDA40C02FF200C008F00080070
:1024840076482F41F5A90C04761F0301BE001AA952
:10248C008000F4A90C04F5A90C04C200CCA97FFFB0
:102494005020F4A90C04F5A90C0418A9FFEFF4A921
:10249C000C040006AABDA8A9A8AC86466113A0A985
:1024A4006111AAA9610FD0BC9294520166032BABAF
:1024AC006F0328AB0002D0BD9B01929495AB55A94C
:1024B40069039A006F1B9EAB93A99DFF2FA852013D
:1024BC00611288AAC5A5D400DE81B50B00A658A46C
:1024C40092AB72A0ABA9D8010DA083A9D0BEDC0148
:1024CC00929596878AA29A0157C486BE0006FE167C
:1024D400761F03559200602F5DAD8F00D606DD9602
:1024DC005DA576482D19520061260202761F035520
:1024E4001E428F000800C4560200D50056BF0100EA
:1024EC00C2441E4676848000A8489254D401964972
:1024F40006A6764817AE8F0481004FC46DFF5CAD0D
:1024FC0002028F4480001E42DC93A0A95CA45D54B0
:10250400764822A9FE960006B2BDA8A983A4AABD56
:10250C00610DD00B9295610A92D55208660728A9E5
:10251400FFFF28A81FFF0FC567039A006F1E761FD1
:10251C0003559201520161068F00D60676482C04B1
:102524006F1476083B3092BE90018F00D60659A9ED
:10252C0076482C045AA9764824D393A1530161040C
:102534007608293092BE92A286BE8BBE0006B2BD3A
:10253C00AABDA2BDFE025AA95BA2D1002B4193A356
:1025440053086817FFD292A2FF92FFC275A39CFFA3
:10254C005AA99A0876482A822D41563BFF5AB2A9BD
:10255400CAABCBAA8BA992AC9C089641000AFFF3A4
:10255C0092A3610A76482A822D41563BFF5AB2A9B2
:10256400CAABCBAA8BA9FE82B2A982BE86BE8BBEA1
:10256C000006B2BDAABDA2BDFE02FF5A8BA406D5C1
:102574008F0003E856B100A256B002A25B4BD520EF
:10257C001E420200F61F561700A4A9A98AA176488C
:102584002880D5020EA28AA176482880D5030EA3FE
:10258C008AA176482880D50302008AA17648288043
:102594009242D5108AA10EA976482880FE8282BE76
:10259C0086BE8BBE0006FE0496412B42761F0300BE
:1025A400022807108AA992C490079643762202282B
:1025AC0007108AA99241900788A9CDC4FFF899A673
:1025B400022807108AA97EC4022807108AA9884124
:1025BC0092C4900780A906A60FA7610428A901FA66
:1025C4006F029A0096425200600592417648019447
:1025CC009642761AFE8400067622021A761F0300C3
:1025D40007108AA98F40FFFFA0C48F000144A8A957
:1025DC0007108AA9CCC4FFF8500588A98F000144C4
:1025E400A8A907108AA9B6007EC48F000152A8A921
:1025EC0007108AA9C3C48F000144A8A907108AA99F
:1025F400CCC4FFF8500288A98F000144A8A9071091
:1025FC008AA97EC4761A9A0000067622FF581EA677
:1026040061218F010000A8A90FA661198F020000A3
:10260C00A8A90FA661098F030000A8A90FA6601C3A
:1026140076482A206F198F05D208CCC4FFFE5002D9
:10261C0096C4F6FA7700F63277006F0E76482139B9
:102624006F0B8F05D20818C4FFF7F6FA7700F6325D
:10262C00770018C4FFFC761AFF690006FE0488A424
:10263400874A8EA9DC83566500A6A9A788A4020050
:10263C00A348F61F561700A792A65CABFFC0520822
:10264400660492A6FFC06F029A0874A680A9520479
:10264C00DE01DF8169039A036F0292A77E41DC8170
:102654007F429643CCA4003F88A992A4FFC55DA9FC
:10265C005CA63AA976482662FE8400061EA6B2BD88
:1026640093A4913F804727462F452DC658A892AC86
:10266C008AA6504196C6CCA70003FF8580A918AC5A
:10267400FFBFDC0C3AA9AFA78EA9CCAA000FFF8735
:10267C002FA93AA9AFAA8EA9CCAB0007FF8B27A92B
:102684003AA9AFAB8EA9020F89A5FF3FFF5A3AA919
:10268C00CAABCBAA1EC421C68BBE0006AABD1EA611
:1026940076222901FF479B0090FF86A9D01A2DA21C
:10269C000203563BFF55FF5A06A60EA8FF1A001F51
:1026A4008AA983A992AB93AAC0C4DD1AC1CCA9A9F3
:1026AC00CEC5CFCD1EA706A6FF419B009003563B7F
:1026B400FF5A06A7CAABCBAA1E9406A69B0090039A
:1026BC00563B98C499CC761A86BE0006B2BD290149
:1026C40028AB434128AA455325CCAFC40FAB6103C3
:1026CC009A016F2392DC520161039A026F1ED111A1
:1026D400D01028AB4D5428AA434F259CAF940FAB80
:1026DC0061039A036F12D113D012259CAF941EA6DE
:1026E40002180FA667068F010000A8A90FA66703AA
:1026EC009A046F039A00C2C58BBE0006B2BD2901C5
:1026F40028AB434128AA455325CCAFC40FAB610393
:1026FC009A016F2392DC520161039A026F1ED11171
:10270400D01028AB4D5428AA434F259CAF940FAB4F
:10270C0061039A036F12D113D012259CAF941EA6AD
:1027140002180FA667068F010000A8A90FA6670379
:10271C009A046F039A00C2C58BBE00062F842BABA4
:102724006F18A0A901A019011EA7DE815887020015
:10272C00DE81190178850FA660FA6F039284968575
:1027340092AAFFC02FA992AB9C0127A9521063E76C
:10273C0040AA6DF59284CDA9000F9D02FFC388A815
:1027440058A95311600406A60D841EA680A0FF207C
:10274C000FFF0FA760D70006B2BDAABDA2BDFE0247
:102754008BA4C44C82A586A98A4EC242764823C45F
:10275C00520088A96118AAA9FF13002586A906C2F0
:102764004EA86D0B2BC128AC001206C2562218A924
:10276C0007FF91001EC36F0756BF01C1A3C218AA71
:102774001FFFA9C3FE8282BE92A686BE8BBE000640
:10277C00FE089647A8428F00FFFFA844A8462B48A6
:102784005448691D8A429248F00158A90E9407449E
:10278C001E44A34418AA00000EA8560100ABA9448D
:10279400064407461E46A3460EA818AA0000560182
:10279C0000ABA9460A489247544866E50646FF3FF7
:1027A400CA44CB43FE880006B2BDAABDFE02520055
:1027AC008BA586A462039A006F20D00B56BF0191B3
:1027B400C5A28D00018BD4009B28DF2892C79641C7
:1027BC0092928D00018C5D92764829DC8D00018A05
:1027C4002BD91EC1D4009A019B015D9276482DCB72
:1027CC0056BF02D196E19A01FE8286BE8BBE0006F0
:1027D400FE02520028ABFFFFC5A461245DA9DD8180
:1027DC0088AD93C7FFD79742DE8293C758A6D40122
:1027E40091FF9741560308C0BE07F2ABB50B00A694
:1027EC004FAB92ABFF80562A0CAB560301AB1CA926
:1027F4001021562A0DABD801000CFFEEDF01000DAD
:1027FC00FFE1FE8292AB0006B2BD8F08309CAABDF1
:10280400A8A9A2BD8DC830960FA3611C8F0830A85B
:10280C008D4830A0A8A90FA1611503A13B01FF4180
:10281400190186A98A813B019284560301A907A361
:10281C0083A9C5C583813E67DA81020019010FA225
:1028240060F276480E0982BE86BE8BBE000658A9A9
:10282C00B2BDD101929490FF88A992A072A1290106
:10283400929C90FFD102560308A9AFA61EA792A0AE
:10283C0072A1929C90FFD10325A9FF5A06A7CAAB9F
:10284400CBAA1EA792A072A12BAA28AC0018929C16
:10284C0090FF27A9A9A98BBE563BFF5A06A7CAAB76
:10285400CBAA0006FE061E4202001E4456BF0145D6
:10285C0092455220661A28AC001F06425622FF5A97
:102864000644FF30CAABCBAA1E440642FF301E42C8
:10286C00064A0F44660656410044020107421E42C6
:102874000A459245522069EA06446104064C07421F
:10287C001E420642FE860006B2BDAABD5AA58BA911
:102884002FA293AA53086814FFD292A22901FF929F
:10288C00FFC275AA9CFF5AA9B2A9D5089B0090FF5C
:1028940076482926B2A9FF478BA9000AFFF792AA16
:10289C00610B9A012DAAFF6688A95DAAB2A9DE81F7
:1028A40089A67648292686BE8BBE0006FE081EA68B
:1028AC005CAD290192A628AC0018C54C90FFDC88C1
:1028B400964806A65CA4FF4790FF964706A691FF9C
:1028BC00974606A65622964592A790FF964406A7E1
:1028C400FF4790FF964306A791FF974206A756221B
:1028CC00964128A8FFFF9A0876482BE8FE88000658
:1028D400B2BDFE0288D4D0089A0093A656BF0195D3
:1028DC00D109290128D5FFFF2BDD56BF03E52BEDD0
:1028E4002BF556BF01FD9DFFD00C537F56B801A9AF
:1028EC0096C5520056B100A67ECD92DC90012B9578
:1028F400D00A969D25ECAFE41E421E95FE828BBE47
:1028FC00000677006F00B2BD761F030059A9920045
:10290400610D28ABFFFF28AAFFFF28A9FFFF28A815
:10290C00FFFF0FAB6103767FFFFF761F0300C50A45
:102914003E67761F0300060461041EA792A13E676A
:10291C00761F0300060261031EA73E67764828FD5A
:102924008BBE000680A5AABD86A9DF8192A764217B
:10292C0088A7D018279492AB2DA7FFC258A9CCAB7F
:10293400000727A9AAA95622900193A992A0521888
:10293C00671092AB60022B9428AC000783A474AC94
:1029440092A8DF81FF669894DD180AC5000EFFE3A4
:10294C0086BE0006FE0252A02DA968039A006F1ED7
:102954009A0C36A9560100A4D008E2AF01F4E6941B
:10295C000008E6C40008E2AF0194E6940008E6C261
:102964000008E2AF01D4E6940008AD146106D00B70
:10296C00E20300D456BF01949A01FE820006B2BD68
:102974005200BE00804627456007761F0300920E72
:10297C00520156B001A692A65300610752016103A1
:102984007DC46F043FC46F022BC453006105520021
:10298C0060045DAB6F02D50053007DCC56B100A73F
:102994007FD48BBE0006FE021E42FF2F02100F42A0
:10299C006605FF2E04210F426615FF2F020E0F4213
:1029A400660728A9010028A801070F42660BFF2C1F
:1029AC0010710F42660928A9110028A801070F42CF
:1029B40069039A016F029A00FE82000683A97622B7
:1029BC002901560302A5A0AB901F16A9FF42FF5A8E
:1029C40092AB2BAA900327A9A0A918A9FFE007ABF3
:1029CC000914FF30FF1A001F83A9020F563BFF5555
:1029D400C0C5C1CD0EA4563B98C599CD761A000644
:1029DC0088A992A4804327A861048F0080006F020D
:1029E400D400CDA6001F92AB290138A8560308A92C
:1029EC001EA6CCA5007F5DA906A6AFA5FF371EA627
:1029F400CCA7007F80A9A8AB06A6AFA7CAABCBAA79
:1029FC0050800006B2BD520058A9AABD611688A02D
:102A0400C5A5D1002BAADE8192C7610990FF939CD2
:102A0C005AA991FF27A8A9A90FA261039A006F0ADE
:102A1400DF01D901000EFFF293959A00530056B1DD
:102A1C0001A986BE8BBE000676228F05D23218C461
:102A2400FFFEF62777001AC40002F6277700761A0D
:102A2C00FF697648217876228F05D208CDC4FFFC49
:102A3400510197C4761A8F05D22E6F02762540C4B1
:102A3C006C03520061FCFF690006B2BDAABD8BA4F9
:102A440086A5A2BD5BA976482F6592A3611088A3D1
:102A4C00D000DE8192A05218670AAAA90DA08AA90B
:102A540092DC90FF9691D801000EFFF6D018560331
:102A5C0003A3969182BE86BE8BBE00061EA718A944
:102A6400FFE0FF30FF1A001F1EA692A7901F2DA99A
:102A6C000201563BFF5A762292A4520161088AA6B3
:102A7400A9A9FF55DC0AC0C4C1CC6F078AA692ABD2
:102A7C00DC0A98C492AA98CC761A0006520031004F
:102A8400611C88A980C5DE8192A7FFC258A952188B
:102A8C0056B700A0670ACDA7000728AC00079294A0
:102A940075ACFF62900158A9DF01A9A97FC5FF3079
:102A9C00AFA0FF5A000EFFEAA9A90006FE02020C25
:102AA400D400764829BA8F061800A8A97648269239
:102AAC008F001000BDA47F04020CD40176482A626A
:102AB40002001E42020C764820FA9A049B00D400BD
:102ABC00D500764822E2FE820006B2BD52008BA4FD
:102AC40061039A006F18D01028A9504A54916010DD
:102ACC00D01192915201600CD01492915210600866
:102AD40076482AFED01588910EA90FA661039A02A2
:102ADC006F029A018BBE0006FE02964176225202CC
:102AE400610552066103520860120218761F030042
:102AEC0007108AA91AC40001764825D07622761FD1
:102AF4000300021807108AA918C4FFFE761A9A0068
:102AFC00FE820006FE165DADC5A4DD955DA5F60F44
:102B04002485C5A49A00BE04DF10B50900A65CADF7
:102B0C00D01072A0DC955CA49C01938797947700FD
:102B14005CAD9A15DC955CA4764827D4FE96000635
:102B1C00762202018F05D32698C499CC020298C460
:102B240099CC020498C499CCF5A9409B5004F4A90B
:102B2C00409BF5A9419B5004F4A9419BF5A9429BFC
:102B34005004F4A9429B761A000676228F00E00026
:102B3C00BDA40DC8761A8F04800006C4500E1EC4A6
:102B440028A909059B647648243276230100761F60
:102B4C0003558F0480501AC4000156BF010176480A
:102B54002D050006B2BDA8A93100AABDFF101007BB
:102B5C00D2001EA62BF4A0C4A8A9A9E4AAD4FF10E5
:102B640010171EA78D40101F8D001020F60F2B8606
:102B6C00F6072B872B9C2B9486BE8BBE0006B2BD22
:102B740059A97648253B1EA692A1522067135CA151
:102B7C0006A6DC812DA45622F00140A96D0B0201A2
:102B84002DA1563B1901FF55FF5A06A6CAABCBAA85
:102B8C001EA68BBE06A600068043FF5A93AB92A7E7
:102B940091FF76482EB82901A9A9FF4793A991FF6F
:102B9C0092A776482EB8CDAA00FF92A776482EB8F9
:102BA40028AC0018A9A9562293A992A776482EB852
:102BAC0000065200A8ABC5A4610788A9DE815C852C
:102BB4007C87000EFFFE88A90FA6610F5300610DEC
:102BBC009DFF5CA876BFFFFE92859687000EFFFEF8
:102BC40092859687000CFFF8A9A4000693A9BE0776
:102BCC0047A86D0A8F0010009A01BDA47F027648B9
:102BD4002ECE9A0C6F098F0010009A06BDA47F02B6
:102BDC0076482ECE9A06BDA47F0476482ECEFF9062
:102BE400000EFFE800060000520083A480A86117CD
:102BEC005CA9DC81560308C5BE07F2A7B50B00A68D
:102BF4004FA792A7FF80562A0CA7560301A71CA92A
:102BFC001021562A0DA7DD01000CFFEE92A700064E
:102C04009A012DC494AC900F88A9C5A527A90ECC10
:102C0C000FA660060201BE00560100D46F0A9A0C92
:102C140036A907A4090483A9BE01F60B24853FC481
:102C1C0092A60006C4448AA92901FF2080000FA6B1
:102C240061118D000100A8A9FF1800014F9483A928
:102C2C006DFB06A69B0090FF51081EC54FC56DFF9E
:102C3400000692E40006B2BD76C100000200AABDFF
:102C3C007680E15ED108D00A8F40E1218D890000B9
:102C440028F4100056BF10FCC3E41EC4AAD4C29CCE
:102C4C00A09486BE8BBE0006FE0480A95CADFFC6B8
:102C540090019644DC8492A7FFC59001964392A705
:102C5C00FFC490019642CCA7001F964180A406A603
:102C64006103F6032486FE840006B2BDD008E59015
:102C6C00D10A56BF01942BC42BCC28D4FFFF2BDCEC
:102C740056BF03E42BEC2BF456BF01FCD0092B9474
:102C7C00E203009CD00C2B948BBE0006D0088F4036
:102C8400E1410200A094D00A28F410008F40E178BA
:102C8C001E941EC4D00EA094D00C8F48E000A0D48B
:102C94001E948F48F000A0E4000628AD00F6FF69FA
:102C9C00561F5616561AE61002002940761F0000E1
:102CA4002902761B76482FC3520061037648280018
:102CAC0076482E8B764828FFA8A9610DD0BC92944B
:102CB4005201D0BD56B900A656B602A69A0194A6F2
:102CBC00549469039A000006A8A90DA68AA9D0BE4F
:102CC40092940006B2BD8BA9D0401AC1140156BF1C
:102CCC001A91D0409291903F522560FC1AC180001D
:102CD40002017640E1891AC100408BBE00067622CB
:102CDC0028A90D068F482E2BBEDC5CA99C02A0C433
:102CE400000EFFFD8F482EE38F082ED9BDA50D24BD
:102CEC00BDA40D26761A000688A8901F290156034C
:102CF4000EA9FF5A92A4CCA93FFF80A9A9A9AFA706
:102CFC00FF31FF5A92A6900388A9A9A9AFA6FF3766
:102D04000006761F03559201B2BD5201600D76088C
:102D0C003B3059BE764824D392A190015201610404
:102D14007608293092BE8BBE00062DCC88AC0EC43A
:102D1C000FA660039A0000069A0C36A907A40904B2
:102D24001EA79B019A0195ACF60B2485910F97CCB5
:102D2C000006FE028F08200006C41E428F082300F6
:102D340006C41E428F09200006C41E428F092300C8
:102D3C0006C41E42FE820006F5A90C044FA96C0CB9
:102D4400F5A60C041AA680000201761F03015601A1
:102D4C000000F4A60C04761F03010600000688A9F7
:102D540080A92901B2BDFF20FFFFD1010FA76105A2
:102D5C0092A6521356B600A17ED476481E0592A1B7
:102D64008BBE0006FF5A9243610F88A9B600DE812C
:102D6C00B50900A658C59A0194A096C516A7DF0808
:102D7400562290FF96940006B2BD52008BA5AABDC0
:102D7C00610B5AA9DA81928190FFD5080EA9764889
:102D84002880000AFFFA86BE8BBE0006B2BD28A9C1
:102D8C00FFFF9BFF8BA976482E97520161039A0196
:102D94006F05D981B2A960F89A008BBE0006FE02C5
:102D9C0028AC0017E2030042B6FFBE0006425622E2
:102DA4009B0090FF0FA756B001A6FE8292A60006D4
:102DAC007622F5A970295068F4A97029F6277700C6
:102DB400761A28A88001FF699A947648165000066E
:102DBC002DA5FF5A92AC5220680302006F0302014A
:102DC400563B1901CEABCFAA76482880000680A9CD
:102DCC0092A588A8901F93A753006102508093A6E8
:102DD4006102504093A461025020000688A9A8A96A
:102DDC00610B92A676482E37E68E000077007700BE
:102DE400BFA90F1200069A000006FE041E4287487F
:102DEC00290156440042FF451E4476482FBF7622E7
:102DF4000644FE84000688A8901F290125A9AFA6D1
:102DFC00FF371EA792A4907F88A906A7AFA600064E
:102E0400520B670A29018F083040560302A9560164
:102E0C0000A48AC40006D4000006B2BDFE025947D5
:102E1400794176482B900200794176482B90FE82C6
:102E1C008BBE0006FE028045FF5A9B0192A77648A6
:102E24002EB8A9A97F4176482E11FE820006761B92
:102E2C00FFF0E20000BDE630060029425616F5A977
:102E34000CE076256F0052A02DA967089A0C36A9DC
:102E3C00560100A4E2AF00D40006E5900006B2BD36
:102E440059A996F476481E059A0093A1530156B9E0
:102E4C0001A98BBE0006B2BD59A996E476481E05B1
:102E54009A0093A1530356B901A98BBE0006B2BDD3
:102E5C0059A996DC76481E059A0093A1530756B9DA
:102E640001A98BBE0006B2BD59A996C476481E05B9
:102E6C009A0093A1530156B901A98BBE0006B2BDBD
:102E740059A996CC76481E059A0093A1537F56B95A
:102E7C0001A98BBE0006FE0280A99B0276482EB8E3
:102E840076482F6B7F4176482B90FE8200068F0098
:102E8C000000A8A960049A00D4006F0392C4DC026D
:102E940076481DA70006022A761F030007108AA998
:102E9C0048C46C039A016F029A020006FE041E4499
:102EA400A842064407428AA992487648277CFE84B1
:102EAC00000628A9018D28A800008F4800048F0077
:102EB400E00076482BAD000658C588A854A06907E1
:102EBC009B01CCA600FF95A097C59694000697A6FB
:102EC4009B00F60F1FA6000697A69B00F60F1FA6F1
:102ECC0092A80006FE022B415441690577000A4185
:102ED400544166FDFE82FF690006761BFFF0E200A6
:102EDC0000BDE63006002942561676256F00761B9B
:102EE400FFF0E20000BDE6300600294256167625C2
:102EEC006F00B2BD2901D113D012259CAF941EC521
:102EF4009A018BBE00068F05F8000264764817031A
:102EFC009A017648259F00068EA476481D3ED51073
:102F04000EA98AA0764828800006761F0300A80C24
:102F0C000006761F0300A80A000600061EA606444B
:102F1400C5460FA6620406A6565000A70006561F13
:102F1C007622B9C028290068761A00482C99C4A5D5
:102F240083A406CD8AA6DD0376482BAD0006A8A9A6
:102F2C0061058D00018C929400069A000006022A1D
:102F3400761F030007108AA906C40006FF58C4A41C
:102F3C00610419017D8660FE000683A9CCE5F3FFD0
:102F4400CAA496E500063B10FF6976482038761A35
:102F4C00000683A48F00D54276482D19000606CCC6
:102F54008AA5D50076482F3A00069B004FA956BD96
:102F5C0001A892A800069B0047A956BD01A892A8FB
:102F6400000683A4D018F6172B852B940006FE02C6
:102F6C00E20300420642FE820006D00896947648A0
:102F74001E059A010006FE021E42E2AF0042FE82D6
:102F7C00000693A99DFF537F56B700A900062BC4EA
:102F840002002BCC1ED4000628AC00185622901F39
:102F8C000006D01892949C07FFC2000696FC764867
:102F94001E059A010006761F0300960E00068D009A
:102F9C00018D2B9400068D00036592940006290187
:102FA400FF47907F00068D00018D92940006C5A412
:102FAC00F60F248500069B0076482EB800062901F2
:102FB400FF470006CCA800FF0006D0289294000624
:102FBC00D02A969400069A000006907F00069A018B
:022FC400000605
:102FC800006500730063005F0069006E00640065BF
:102FD00000780000006E006F00640065005F00690B
:102FD800006400000064006900720000006C006575
:102FE0000064005F0063006F006C006F00720000FF
:102FE800006C00650064005F0062007200690067A1
:102FF000006800740000000000730065006E00733C
:102FF800006F0072005F006D006F006400650000E4
:1030000000700072006F0070005F0061006C00696A
:103008000067006E0000000000700072006F007022
:10301000005F0061006C00690067006E005F006483
:103018000065006700000000006100750074006F23
:10302000005F0064006500740065006300740000C8
:1030280000730074006100720074005F0073006F29
:103030000075006E00640000006D006F0074006F8A
:103038000072005F0070006F006C00650073000094
:103040002FC80008000000002FD200080000000078
:103048002FDA0008000000002FDE00080000000052
:103050002FE80008000000002FF400080000000026
:103058003000000800000000300C000800020000EA
:10306000301C0008000000003028000800000000AC
:1030680030340008000000000063006F006D002E7F
:103070000061006C00750078002E006E006F007615
:1030780000610078002E006500730063003600329E
:1030800000380038002E0062006F006F00740000EE
:1030880000000002000400060001005B00010000CF
:1030900000062F11000800100001FFF02F53000858
:10309800272200082F230008000000001A820000E1
:1030A000308C0008C0000000309C0008C0100000F8
:020000040009F1
:1000000043414553000100010002000000010000CF
:10000800AFB50892B37600090000000000000000B8
:100010004D54434FCD800000AB2B70DC000000003E
:100018000049B981FFFFFFFF4AAC000948BF00094A
:100020004AA700094AA200094A9D00094A98000906
:1000280048AA00094A8B00094A860009489B00092A
:10003000488C00094A8100094A7C00094A77000976
:100038004A7200094A6900094A6200094A550009DA
:100040004A4E0009486F00094A4500094A40000924
:10004800486000094A3A00094A340009485800093A
:1000500048440009483500094826000948170009A6
:100058004808000947F9000947EA000947DB000991
:100060004AC200094A2E00094A28000947CF000960
:1000680047C3000947B700094A1E00094A14000996
:1000700047A300094A0E0009478F0009477B000982
:100078004A0800094A02000949FC000949F1000937
:1000800049E6000949DB000949D000094752000947
:100088004732000949C5000949BF000949B70009B5
:1000900049AF0009FFFFFFFF761BFFF00005ABBD76
:10009800AABDA2BDA8BDA0BDC2BDC3BDE20000BD32
:1000A000E20300BDE20301BDE20302BDE20303BDC2
:1000A800E20304BDE20305BDE20306BDE20307BDAA
:1000B000E6300600FE1AFF6929425616761F03082D
:1000B8009235610B761F0312920152046006761F77
:1000C0000308923A963B6F04761F03082B3B02010C
:1000C800BFA60C10761F03075601001A761F0309F6
:1000D000C2540A389238521468072B380201761F2E
:1000D80003145601003C76229B559AAAF4A8702571
:1000E000F4A97025761A761F03080A1B1B1B4E20E5
:1000E800690502042B1BBDA97F0E761F03148A180D
:1000F00083D49A01D00856BF01E5F4A90CE183949A
:1000F80093C580A883F4BDA70F1692C50EA9BDA904
:100100000F1A7700D00A8394D03EE203025288C5CA
:10010800E68B0009E2AF0094D008BDA60F1A8394CD
:10011000D008C494E6AF0000E7000041D00A92CEB8
:100118000EA9BDA90F2E92D50EA9BDA90F2A8394A9
:10012000E68B0012E2030150E304115292CD0EA9B6
:10012800BDA90F2683F4E68B00097680C140E00262
:100130000A5A92CD0EA9BDA90F1AD00883943B018B
:10013800D008E68B001492E5839476C0C402761F3B
:10014000030DD1089EDD85A9BDA90F1AE68B003FDE
:10014800E68B0036E68B002DD040E68900128F4002
:10015000C402E3041094D00AE00A29D7E00C32006C
:10015800E6950012E00E3D97E008269FD00C8BA58F
:10016000E20307F7E2030497D00CE2AF0002D908DC
:10016800E6940010E2A30302E6C40013E2AF02958E
:10017000D06CE2AF0150E2030302761F030BE2AF43
:100178000796D06EE2AF0696D070E2AF0596D072C1
:10018000E2AF0096D074E00081C7E2AF02F5E32051
:10018800A096D00CE2AF0295D076E30081C5E2AF2D
:1001900002C1E3209896D00CE2AF0295C4A5E3001B
:10019800905AD00EE20300E7DE0AE2AF00E5E32A58
:1001A00005D5E02D6CF5E02E73C1E20300E5E31DFB
:1001A8004FC6E025FDD5E0104EC5E20307C6E203C1
:1001B0000102E6950009E2AF0204E694000AE2A318
:1001B8000204E6C4000AE591E2030197E20302049F
:1001C000761F0308922A6126932A9A019DFF27A889
:1001C8009B0394AB764101B52901560301A907A702
:1001D00083A99A029B0394ABE2AF00C5764101B5B7
:1001D8002901560301A907A783A9560301ABE2AF7A
:1001E00001C507A7E710004083A9E6AF0000E203BE
:1001E80000C5761F03148F40C402C52EE2AF00C5B8
:1001F000E2AF01D5E2AF02E592CF52016137520280
:1001F800612E52036125520461195205610D5206A0
:100200006033E6CF0001E6AF0009E84FC009770090
:10020800E6CF000A6F29E6CF0008E6AF0000E84F06
:10021000C0007700E6CF00026F1FE6CF0010E6AF08
:100218000000E84FC0007700E6CF00016F15E6CF79
:100220000002E6AF0012E72000526F0EE6CF000199
:10022800E6AF0009E72000896F07E6CF0008E6AFD0
:100230000000E72000807680C3F0E20300C5E203FF
:1002380001D5E20302E5761F030FE2AF05C692D7A8
:10024000E32A2BD6E3265CE6E328A0325202E84FED
:10024800C019E84FC02DE84FC023E3120234E3146D
:10025000CCC6E0195032E2030134E20302C669075A
:10025800C530C43206341EE5C3C5C2D5761F0308AF
:1002600092335201611D5202610F52036025E2AFC9
:1002680000C5E2AF01D5E71000407700E6AF000017
:10027000E20300E56F19E2AF00C5E2AF01E5E71068
:1002780000407700E6AF0000E20300D56F0DE2AF63
:1002800000D5E2AF01E5E7100040761F0310E6AFAE
:100288000000E2030002761F0310D04EE2AF000226
:100290009394E6950000E81216E0AD1462039A000C
:100298006F029A01E2AF0004E6950000E81216E04A
:1002A000AD1465025002E2AF0006E6950000E812C8
:1002A80016E0AD1465025004530061365200613403
:1002B000761F03090A39923952026831761F030802
:1002B80092246020D00E06947622099B83A91AC541
:1002C0000004761AD01006947622099B83A91AC5D9
:1002C8000004761AD01206947622099B83A91AC5CF
:1002D0000004761A761F0307D04E1A2400102B94C0
:1002D8006F060201761F030A56010030761F0309D4
:1002E00056BF02396F04761F03092B39BFA90C10C2
:1002E800761F03051E569209FFE01347761F031475
:1002F0008A1292E4E2AF01C4E2AF00D45203611269
:1002F80052026030761F03108F00C402E2AF03047D
:10030000E2AF04D4E318DDC4E30A4A02E71000D2E6
:100308006F19761F03108F00C402E2AF0206E2AF36
:100310000304E2AF0602E2AF0702E324D4D4E31FF2
:10031800B5E4E710012B7700E72000F37700E7004A
:1003200000C9E70000808F00C422E20300E4E2037A
:1003280001D4761F03148A1492E4E2AF01C4E2AF49
:1003300000D45203610F52026028D0088F00C4021B
:10033800E2AF0294E7100092E2AF03F4E71000D2B4
:100340006F118F00C402D10AD008E2AF04F4E2AF0B
:10034800029CE3192B94E71000D4E720009AE720D9
:10035000012BD0088F00C422E7000080E70000C90D
:10035800E2030094E20301F4761F03009204761F7F
:1003600003080A1D541D6626761F03148A30D00820
:10036800761F03082B1DE2AF0394E2AF02D4E2AF7D
:1003700000C4E6CF0019761F0305E7200080E6AF32
:100378000009E6960008E6970018E31401E4E2AFE6
:1003800002F4E6960008E6970010E20300D406D4D3
:100388001E26761F0310060ED00A8D80C422761F03
:100390000305D10CC526C4261E92761F0312D00E6B
:1003980092015201C39AC292610352026009D10CC0
:1003A000E2AF0004D00EE203009AE2030092761F4F
:1003A8000309920C61037640FB4E8F00C440761F10
:1003B0000314A842BFA10C1083A28A16767EC9EE50
:1003B800BFA60C10761F030EB2A903A68BA90F0EB9
:1003C00069078F0186A0A8A90FA16902B20E761F46
:1003C80003059202FFE100AE761F03129201520468
:1003D000FFE000A8761F0311E8022358E2AF0208ED
:1003D800E6CF0011E80CF4C0E6950009E6940001A8
:1003E000AD14FFE50097761F030FE2AF001AE69405
:1003E8000000AD14FFE00083761F03099228617EA8
:1003F000E801C289E80DB8B9E7000089761F03114A
:1003F800E3104A02E8020248E7200053E8087ED8E2
:10040000E6940003AD14650FE802064AE8020248CC
:10040800E8087EDAE720009BE8087ED8E694000337
:10041000AD1462F3E8060248E8087ED8E6940003CB
:10041800AD14630FE802064AE8060248E8087EDAE7
:10042000E710009BE8087ED8E6940003AD1464F35F
:10042800E801EEB8E80851E8E6940003AD14650663
:10043000E801EEBBE80851EB6F07E805EEB8E80805
:1004380051E8E6960003E8020248E710005BE80886
:100440007ED8E6940003AD14640FE8020649E80282
:100448000248E8087ED9E720005BE8087ED8E694F1
:100450000003AD1463F3E8060248E8087ED8E6948A
:100458000003AD14630FE802064AE8060248E808FC
:100460007EDAE710009BE8087ED8E6940003AD141E
:1004680064F3761F0311E2030302761F03110602E9
:10047000761F030956BF0128761F030F1E1A6F044B
:10047800761F03092B28761F03148F40C54C8A1654
:10048000767ECF8A761F0311E2AF0008761F03083D
:10048800E20300509237E6950000E2030052603420
:10049000761F0312800192A75204603FE802275999
:10049800E80CF5C1E6940008AD146537761F03052E
:1004A000E2AF0026E6950000E8121CB0AD14652D01
:1004A800761F03081B3D0190681556BF0137761F5C
:1004B0000305E2AF0050C4260200761F030C1E366F
:1004B800C214E20300167649BAA8761F030C1E1868
:1004C0006F170A3D6F15761F0312800192A7520421
:1004C8006009E8022621E80ACCD1E6940008AD14B8
:1004D0006307761F03082B37761F03082B3D761F13
:1004D800030892356106923761049238FFE00438C8
:1004E0009235FFE1040892376004923AFFE1040379
:1004E800BFAB0C10761F0305920288A7D500610ADE
:1004F000024E761F031407188AA992C4520156B1FE
:1004F80001A592A5600B8F00C428E592E2AF01C464
:10050000E2AF03D4E203025A6F0F8F00C4248F407E
:10050800C550E2AF00D4E2AF01C5E2AF03D5E2AF18
:1005100002C4E203005A8F00C54CE801EE60E2AF6E
:1005180006C4E2AF05D4E6CF0034E80E6668E69577
:100520000024E6940004AD146212E801EE60E6CF08
:10052800002CE80E6668E6950024E6940004AD14F5
:100530006206E801BD00E809C7806F19E700016C99
:10053800E801B5F8E70001B5E80A1508E710012D4C
:10054000E700010077007700E2740144770077004C
:10054800E801BC40E80A84E0E7100100E801E7742C
:10055000E80B1904E70000A47700E328795AE801C2
:10055800E774E80B1904E7000064761F030BE3282F
:10056000EB3CE72000D65201E30C333EE72000CC01
:10056800E801C28BE801C289E7000100E80DB8BBC9
:10057000E80DB8B9E700014CE70001DBE7200024F3
:10057800E32CD938E3184D36E7100158E802544DFA
:10058000E700004EE300233AE80AA205E70000DF97
:10058800E71001A4E801C28EE720013CE80DB8BEDF
:10059000E70000EFE6AF0024E801D0DDE00F3A3CD1
:10059800E8085C55E30FB25AE801DD0CE01CDA3ECE
:1005A000E80C0AD4E696002BE6970023E6CF001C61
:1005A800E203033AE6AF0024E6970018E69700193D
:1005B000E6960020E6960021E2030036E2030138C9
:1005B800615D761F030CE800F1E4E2AF0204E71086
:1005C000008BE80F2844E2AF0202E6CF001DE710DF
:1005C8000012E695002DE7100164E5A2AD14631E44
:1005D000E72000A5E710011277007700E2740154CC
:1005D80077007700E801F24AE80816F2E70001150B
:1005E000E801FBDAE7000165E80A858AE72000AD4B
:1005E800E80200B2E80E5F226F1DE71000A5E720C1
:1005F000011277007700E274015477007700E80178
:1005F800F24AE80816F2E7000115E801FBDAE7001D
:100600000165E80A858AE72000ADE801FA4AE808B2
:100608007EDAE7000164E2030002E0189104E5A342
:10061000E6A40012E203020A6F52E800F1E2E6CF1C
:10061800000BE80F2842E695001BE71000D2E5A082
:10062000AD14631EE7200013E71000807700770009
:10062800E27400C277007700E801F248E80816F0A3
:10063000E7000083E801FBD8E70000D3E80A8588DB
:10063800E720001BE80200B0E80E5F206F1DE710FE
:100640000013E720008077007700E27400C2770093
:100648007700E801F248E80816F0E7000083E801BF
:10065000FBD8E70000D3E80A8588E720001BE80103
:10065800FA48E8087ED8E70000D2761F030CE710B6
:100660000080E5A1E6A40000E203000A5200FFE1D9
:100668000081E8022358E2AF0108E80CF4C0E695DF
:100670000009E6940001AD146574E2AF0106E6944A
:100678000009AD146069761F030892366165761F1C
:10068000030CE801C288E2AF0208E80DB8B8E70041
:1006880000807700E7100040E2AF010AE720000B86
:100690007700E6CF0019E6950009E8121001AD14C5
:10069800650D02015601001E761F030856BF023978
:1006A000761F030CE203031CE593E8020249E80805
:1006A8007ED9E694000BAD14650FE802064AE8020D
:1006B0000249E8087EDAE720009BE8087ED9E69444
:1006B800000BAD1462F3E8060249E8087ED9E69417
:1006C000000BAD14630FE802064AE8060249E80889
:1006C8007EDAE710009BE8087ED9E694000BAD14AB
:1006D00064F3E801EEBAE805EEB9E80851EAE80883
:1006D80051E9E6970013E696000BE71000C0761F75
:1006E000030CE203000A761F030856BF01366F04AD
:1006E800761F03082B36761F030CE2AF000AE6CF0D
:1006F0000001E6950009E8121001AD14650D020134
:1006F8005601001E761F030856BF0139761F030CEA
:10070000E203001CE590E203000AE8020248E2AFBF
:10070800010AE8087ED8E6940001AD146515E802F0
:100710000649E2AF020AE8020248E8087ED9E7206B
:100718000051E8087ED8E203010AE2AF010AE69434
:100720000001AD1462EDE8060248E2AF010AE808F4
:100728007ED8E6940001AD146315E8020649E2AFED
:10073000020AE8060248E8087ED9E7100089E808BE
:100738007ED8E203010AE2AF010AE6940001AD1493
:1007400064EDE2AF000AE2AF010AE6940001AD14E5
:100748006104E590E203000A761F03089236610708
:10075000761F030CE2AF000AE2030006761F030CCB
:10075800E2AF0000E2AF010AE720000B7700E6CF26
:100760000019E6950009E8121001AD14650D0201AB
:100768005601001E761F030856BF0339761F030C77
:10077000E203031CE593E8020249E8087ED9E69407
:10077800000BAD14650FE802064AE8020249E808D2
:100780007EDAE720009BE8087ED9E694000BAD14E2
:1007880062F3E8060249E8087ED9E694000BAD1446
:10079000630FE802064AE8060249E8087EDAE71035
:10079800009BE8087ED9E694000BAD1464F3761F3D
:1007A000030CE8513E9CE801C289E2AF0208E71061
:1007A8000112E80DB8B9E700008A7700E710008069
:1007B0007700E6CF0001E6950009E8121001AD14BC
:1007B800650D02015601001E761F030856BF043955
:1007C000761F030CE203001CE590E8020249E808EA
:1007C8007ED9E6940008AD14650FE802064AE802EF
:1007D0000249E8087EDAE7200080E8087ED9E6943E
:1007D8000008AD1462F3E8060249E8087ED9E694F9
:1007E0000008AD14630FE802064AE8060249E8086B
:1007E8007EDAE7100080E8087ED9E6940008AD14A8
:1007F00064F3761F030CE2030000E2AF0132E8016C
:1007F800C288E7000059E80DB8B8E7000041E2AF49
:100800000008E71000407700E2030008E2AF0008AC
:10080800E2AF0108E6940001AD146104E590E2034B
:100810000008E2AF0130E801DD18E2AF0208E7208E
:100818000051E80EB850E7000041E2AF0030E710A1
:1008200000407700E2030030E2AF0052E8121FD030
:10082800AD146511E2AF0208E2AF0050E7000080A6
:10083000E2AF022EE6940002E2A4012EE6C300011C
:10083800E203012E2901FF20EA600F366904020154
:100840005601003692A65204FFE00094FF2003E810
:100848000F36FFE7008FE8022C49E2AF0052E80CB0
:100850000001E6940008AD14FFE50084761F031440
:10085800E2AF0110E8020248761F030CE2AF020A79
:10086000E7200053E8087ED8E6940003AD14650F36
:10086800E8020649E8020248E8087ED9E720005B6A
:10087000E8087ED8E6940003AD1462F3E806024867
:10087800E8087ED8E6940003AD14630FE802064A40
:10088000E8060248E8087EDAE710009BE8087ED810
:10088800E6940003AD1464F3761F030CE8020248F3
:10089000E2AF010CE720005BE8087ED8E694000395
:10089800AD14650FE8020649E8020248E8087ED967
:1008A000E720005BE8087ED8E6940003AD1462F30D
:1008A800E8060248E8087ED8E6940003AD14630F12
:1008B000E802064AE8060248E8087EDAE710009BEC
:1008B800E8087ED8E6940003AD1464F3E801DD1976
:1008C000761F030CE80EB851E70000C9E2AF000C38
:1008C800E7100040E695001BE203000CE2AF000EC3
:1008D000E6940018E2A3020EE6C4001AE203020E38
:1008D800020156010010BFA90C10564100ABA9A98E
:1008E0000F1A695A8F0186A0A8A90FAB6955A91ADA
:1008E8006F53E590761F030BE2030036E2030038EE
:1008F000E596E595E594761F030CE593E592E59181
:1008F800E2030008761F03082B36761F030BE80176
:10090000D808E203063CE203053E761F030CE80923
:10090800A240E2030402E2030304E2030200E2035A
:100910000130761F030BE203003A6F26761F030CAB
:10091800D095E2AF0012E88FE000B50C00A0E80126
:10092000FC01E801F512E8080339E7000008E80FC8
:10092800C1C2E7100080E8024BA1E8092001E69463
:100930000008AD146502E590761F030C0201E20386
:10093800001256010010761F03099222FFE100B34E
:100940009223FFE000B09219FFE100AD92220A2449
:100948005424FFE600A8761F03158F00C402D00CBC
:10095000E2AF0116E2AF0016E2AF0514E2AF0614F3
:10095800E2AF02C4761F0309E3007B94E695001218
:100960002B24E8502018E2AF01D4E68E0012E68E68
:100968000004761F030FE6950009E30BA8E4BFA671
:100970000F1AE6950000E68E0000E68E0009BFAB78
:100978000F22BFA90F12BFA40F16E71001782FA9E5
:100980000608E277000260067649BAA8761F030FD0
:100988001E0692A654A4670288A492A654AA6702D7
:1009900088AA92A652FF56B6FFA692AB52FF6903F1
:1009980028AB00FF2901761F0308E80208C18F0071
:1009A000D914E2AF005056030110E80E4F5956011A
:1009A80000A4E7000008E811FC03AD14E20300C44A
:1009B000650EE801F898E850B211E80E83E8E70008
:1009B80000C077007700E27400086F02E5905603E4
:1009C00001108F00D5F4560100A4E20300C4E80230
:1009C80008C056030110E80E4F58761F030C8F001D
:1009D000D784E2AF0108560100A4761F0308E700A0
:1009D8000040560308A6E20300C45810CAAB9BC8DF
:1009E0008F00DD9A969492109C01764101B5961085
:1009E800921152C867020A110201761F030F5601BD
:1009F0000008761F030FC42C8DC0C540761F030965
:1009F8009213C2C3FFE101E892A75204FFE001E4A9
:100A0000761F03009206761F03080A1C541CFFE69B
:100A080001DF923B2B1C6004E2AF00506F05761F9C
:100A1000030CE2AF0008761F0310E801F112E2AF09
:100A1800052E761F030DE80FCC1AE300A11CE8127F
:100A20002309AD146323E5A4E6C40020E6A4000076
:100A2800E6C30020E2AF011CE312021C761F031488
:100A30008A24E2740010761F030DE2AF0318E80168
:100A3800EE61E80E6669E6960008E3060A1AE70022
:100A40000080E20301C4E20300D4761F0309921F71
:100A4800612C761F0310E2AF000EE811FC00AD1414
:100A50006524761F0315E2AF0114E2AF0214E2AF82
:100A58000316E3028E16E70000F27700E71000891C
:100A600077007700E277000AE801F839E80FEA0139
:100A6800E70000087700E6940002AD146506E890F8
:100A700068207700E6970005761F03099220613A07
:100A7800761F0310E2AF000EE811FC00AD146533D9
:100A8000761F0315E2AF0114E2AF0214E2AF0316C2
:100A8800E3028E16E70000F27700E710008977008E
:100A90007700E277000AE801F899E80E83E9E700B9
:100A98000008761F03099221E2740011600BE80137
:100AA000FB58E80C28F8E6940001AD1456B3012178
:100AA8006F0AE801FB08E80A3D70E6940001AD14FE
:100AB00063022B21761F030DE2AF0016E710010041
:100AB8007700E6940005AD146505E2AF0016E7106F
:100AC0000105E2AF0016E72000207700E69400055C
:100AC800AD146305E2AF0016E7200025E2AF000889
:100AD000E801D419761F030BE2030050E80893796C
:100AD800E2AF0034E6940008AD14655C761F0308A5
:100AE000923B6006761F0311E2AF06086F05761F82
:100AE800030CE2AF0608E6950036E811FC06AD14E3
:100AF0006549761F030AE2AF0726761F03148A169C
:100AF800767ECFAEE6AF003F761F0300E31E101AE6
:100B0000761F0310E2AF010E761F0305E2AF073830
:100B0800761F03089230761F0300E2AF032EE3003E
:100B100048306112761F03089231610E761F030B75
:100B1800E801AC30E2AF0332E809BDE8E70000C302
:100B20007700E6CF0018761F0300E2030042C420DE
:100B2800E2030744761F030BE6CF00300634C246C3
:100B30001E487640FC49E2AF0150E6970008E20308
:100B38000050761F03128001E2AF0750761F03149E
:100B4000E801DFA98A24D00ED10CE6CF0038761F49
:100B4800030DE2AF060CE80E1479761F030AE2AF34
:100B5000032EE2AF022CE6970030E6AF0000E0265D
:100B58009794E203009CE694000AAD146213E8053A
:100B6000DFA8E80E1478E6940002AD146404E2AF46
:100B6800032C6F0EE801DFA8E80E1478E720001BBD
:100B70006F07E801DFAAE80E147AE710009BE2AFE6
:100B78000050E8B02000E203032EE8200000E694CD
:100B80000003AD14E6C200036205E6AF0000E6967E
:100B88000003761F03099221605AE2AF01C4D10E17
:100B9000D00CE32950D4E2AF07E4E3028E9C761F29
:100B9800030DE3004294D008E01E0494D00AE696C0
:100BA0000010E6970030E0104DF4E20300E4E203A9
:100BA8000152E2AF0050E2AF010C761F0309E6974D
:100BB0000008921EE2AF0152E0164B94E6AF00002F
:100BB800E6960011E6970031E20301D36128E801C7
:100BC000E11BE2AF0250E80EB853E72000D27700F5
:100BC800E6940011AD146405E6940025AD14621096
:100BD000E801E11AE80EB852E71000807700E694C9
:100BD8000001AD14620CE6940025AD146308E2032D
:100BE00007E46F05761F030F062E1ED3761F03053D
:100BE8009A009302761F0311530056B001A9E2AF91
:100BF00001089B0052006106761F0308921356B14C
:100BF80001A8E801F110761F03115301E80FCC1882
:100C0000E3022302FFE00203761F03129200FFE1DA
:100C080001FB92A7FFE101215201FFE100FF52021F
:100C1000611D5203FFE0017AE801C288E2AF011EC4
:100C1800E80DB8B8E2740041770077007700E2AFDA
:100C20000006E71000407700E811FC00AD14FFE378
:100C2800013DE2030006FFEF0161E801C288E2AF7F
:100C30000516E802064AE80DB8B8E30A0104E80818
:100C38007EDAE7100009E801C288E7000056E80DEF
:100C4000B8B8E30C0502E802024AE01A0104E80819
:100C48007EDAE6940010AD146507E802064AE80863
:100C50007EDAE7200080E806024AE8087EDAE694B9
:100C58000010AD146307E802064AE8087EDAE710D8
:100C60000080E802024AE020D802E8087EDAE69432
:100C68000013AD14650FE802064AE8020248E808D6
:100C70007EDAE720009BE8087ED8E6940003AD14F6
:100C780062F3E8060248E8087ED8E6940003AD145B
:100C8000630FE802064AE8060248E8087EDAE71041
:100C8800009BE8087ED8E6940003AD1464F3E5A35E
:100C9000761F0312E6A4001BE2AF0022E6940001D7
:100C9800AD14642AE2AF0024E70000087700E69468
:100CA0000004AD14640AE2AF0028E6940003AD141A
:100CA800620402001E0C6F180201070C1EA6020146
:100CB0005601000CE80234E0E80A0000E2AF022628
:100CB800E70000807700E68A000077007700BFA988
:100CC0000F120FA66944E2AF0018E6940001AD14BC
:100CC8006429E2AF001AE6940003AD146323E5A497
:100CD000AD1465200201070A1EA602015601000A92
:100CD800E80234E0E80A0000E2AF011CE700004047
:100CE0007700E68A000077007700BFA90F120FA6F1
:100CE800660BE59056BF0301B603D400E203000685
:100CF0006F0402001E0A8A08E80234E0E2AF012015
:100CF800E80A0000E70000407700E68A0000DC010F
:100D0000A808BFA90F120FA4FFE6008856BF010E66
:100D080056BF0501FFEF008CE80234E0E2AF0114A2
:100D1000E80A0000E70000407700E68A000077005C
:100D18000201BFA60F120708E590E20300020FA622
:100D200067050201560100086F68020056BF020104
:100D28001E08FFEF00AA761F03089200FFE000CD1F
:100D3000761F0312E6CF0020E2AF0118E69500000F
:100D3800E6940008AD14FFE5009B8D40C6FA8AA131
:100D4000764101255200FFE100938AA176410122FC
:100D48005200FFE0008D8AA17641011B761F031235
:100D5000E6950000E2AF0118E8503800E84FC009FE
:100D58007700E6940008AD14657A0200B600BE007C
:100D60002B0E1E0CC308C20A761F03148A30E8013A
:100D6800FC00761F031256BF0401761F030CE20332
:100D70000420761F0312E2030006E20304D476493E
:100D7800BAA8E2AF00D38A24761F030C1E22761F7E
:100D80000305E2030426761F03128001E8320B807C
:100D8800E8260B80E20300E492A75201615C52025C
:100D900061435203612D5205FFE00084761F031466
:100D9800E590D00E8318E591E20301C3E20300D386
:100DA00006957622099B8AA91AC40004761AD010E7
:100DA80006957622099B8AA91AC40004761AD012DD
:100DB00006957622099B8AA91AC40004761A761F22
:100DB8000307D04E1A2400102B95FFEF013BE2AF3A
:100DC0000006761F030FE2AF012EE8CFE002761F88
:100DC8000312E3020312E7000099E20300D3E203EF
:100DD00001C3FFEF0127E2AF01126F17761F031265
:100DD800E592E591E5900200B600BE0056BF01011C
:100DE0002B0EE2030204E2030102E20300061E0CE2
:100DE800C308C20AE2AF0110E2AF0202E2710010CA
:100DF000E2710013E20301C3E592E278001BE20313
:100DF80002D3FFEF00DE761F0312E801FC0056BFA6
:100E000004016F0E56BF04016F14761F0312E592A2
:100E0800E591E5902B01E2030204E20301022B0EB7
:100E1000B600BE000200E2030006C308C20A1E0CB0
:100E1800761F0308920060779213FFE100DB761FCC
:100E2000030D9A07E2AF002676410053761F030EAA
:100E2800E8020249E2AF0222E7100013E8087ED97F
:100E3000E694000BAD146210E8060249E8087ED97A
:100E3800E694000BAD146310E802064AE8087EDA6F
:100E4000E710009B6F09E8020649E8087ED9E72011
:100E4800005B77007700761F030AE020D310E27179
:100E50000018E2710019761F03148A1C8F40C42207
:100E5800761F030AE2790000E278000BE203020E33
:100E6000E5910612E20301C31ED3E20300D4E2AF10
:100E680001D4E20303C4E2AF04E5E2AF03D5E3082B
:100E70006AC4E70000D08F00C54CE720002DE801D0
:100E7800F260E20305D4E80E6668E3064D1E761FAD
:100E80000315E308960EE7200175761F030AE700B5
:100E88000140E3144B1EE71000C0E20301C4E20373
:100E9000001E6F67761F0309E2AF013EE8020248B9
:100E9800761F030AE2AF0200E8087ED8E71000894F
:100EA000761F0309E203013EE2AF013EE694000132
:100EA800AD146214E8060248E2AF013EE8087ED8B5
:100EB000E6940001AD146316E8020648E2AF013E75
:100EB800E8087ED8E71000406F0BE8020648E2AF6A
:100EC000013EE8087ED8E720000877007700E203BB
:100EC800003EC43A063CE2AF003E1ED3E2AF013E0C
:100ED000E2710000E2710009C2C3E278000BE2791E
:100ED8000000761F03148A1C8F40C422E20300D44A
:100EE000E20303C4E2AF02D5E2AF00D4E30423E59A
:100EE800E30601C48F00C54CE70000CBE70000898A
:100EF000E710011AE7200040E20302C4E20300D435
:100EF800BFA20C10761F03089214FFE001B29213F0
:100F0000FFE001AF761F030AE801E118E2AF012418
:100F0800E80EB850E6940001AD146507761F031289
:100F100092015204FFE10110761F0308E590922030
:100F1800761F030AE2030026FFE100F9761F031299
:100F200092015204FFE000F3761F03080A1F921F8C
:100F2800520AFFE80186761F0315E2AF0014E2AF0C
:100F30000114E2AF0216E2AF03160602D014761FC8
:100F38000314E7000008E70000998A28E71000403A
:100F4000761F03061E28E2770000761F0310929496
:100F4800E2AF010E761F0306E203001EE2AF001AAD
:100F5000E70000085201E203001CE2AF051E761F05
:100F580003082B1F761F0306E2AF041C6106E80195
:100F6000FE48E8087ED86F2D83C4E7200162D00CCC
:100F6800D10EE2AF00C5E7000013E2AF01D5E700FC
:100F7000005AE2AF00E5E3140195D008E2AF029D0C
:100F7800E6960008E6970010E01600E5D10AE8803A
:100F80000000E20304F5E593E2030595E696000808
:100F8800E801FE49E6970010E8087ED9E020439D75
:100F9000D012761F0314E2030094832A761F0306FF
:100F980082A5E2AF0028D012E6950000E20300F334
:100FA00092935201602CD008E2AF0193E5A1AD14F9
:100FA8006126E2AF00F3E5A0AD146121E274000808
:100FB00077007700D10AD00AE203009BE2AF0093EA
:100FB800E70000017700E88FC00977007700E27743
:100FC00000097700770077007700E7200040764936
:100FC80071A1761F03148A28832A6F05E801FE4859
:100FD000E8087ED8E20300E3D012761F0306E2AFF2
:100FD80001E5E2AF0094E6960008E203002AE2AFDA
:100FE000002AE2710000E2AF012AE271000AE27910
:100FE8000000E2780012E2AF0128E5A1AD14630920
:100FF000E2AF0128E70000407700E6AF00006F0590
:100FF800E2AF0128E7000040761F0315E203000076
:101000008DC0C540761F0306E2AF0028761F03148B
:10100800E70000108A16E20300D3767ECFAEE2AF87
:1010100001C3E7100040FFEF009A06D3761F0306D6
:101018001E28761F03082B1F761F0306E203002AEB
:10102000FFEF008F761F030892216031761F030ABD
:10102800E2AF0426E2AF0024E6CF0023E6940003F3
:10103000AD146414E2AF0024E6940003AD146525FA
:10103800E801C4E8E80A4A90E720001BE2AF002470
:10104000E6940018E2A303246F0DE801C4EAE80A5D
:101048004A92E710009BE2AF0024E6940018E2A45D
:101050000324E6CF001CE20303266F07761F030A72
:10105800E2AF042AE2030426761F0315E2AF050275
:10106000761F03148A16767ECFAEE6AF0024761F75
:10106800030DE7100100E7000169E3002208E7002B
:101070000093E71001097700E6940019AD14651D8F
:10107800E5A1AD14651AE2770009770077007700DB
:101080007700E27400517700770077007700E7007F
:10108800014DE7000008E700016AE700000177006A
:10109000E710008977007700E27C01537700770042
:1010980077007700E27A0012761F0308E2770009EA
:1010A0002B1FE71000D2E20305D3761F0306E27080
:1010A8000012E2030128E203022AE20300C3BFA6FA
:1010B0000C10AAA9761F030E03A686A90F106907B4
:1010B8008F0186A0A8A90FA26902AA10761F03149F
:1010C00083A38A16767EB581E594D10C761F030042
:1010C800E2AF001A761F0310D00EE2AF010EE6CF92
:1010D0000025761F0314E7000008831E761F030017
:1010D800E2030038E2AF0138E6AF0000761F0312E2
:1010E00092015204E203009DE2030195605E761FC7
:1010E800030AE2AF0334E2AF0032E6940003AD1422
:1010F0006414E2AF0032E6940003AD14651CE8010D
:1010F800BE88E80DB8B8E720001BE2AF0032E694DE
:101100000018E2A303326F0DE801BE8AE80DB8BAF9
:10110800E710009BE2AF0032E6940018E2A4033235
:10111000E2030334E801D418E8089378E694000366
:10111800AD146530761F0308933B6006761F0311F4
:10112000E2AF01086F05761F030CE2AF0108761FDE
:10112800030AE2AF053AE6CF00188F00C540761FE4
:101130000300E7000149E6AF0000E3065CC4E300FA
:101138004A2EE3051530E3034C20E31890D4E7006A
:101140000044E70000D56F06E590761F030AE2032E
:101148000034761F0308932ED1006104520456B16F
:1011500001A192A16104922F5201602792A1520134
:10115800615B922F6159761F0316E2AF01C5E2AFBA
:10116000000AE2AF0206761F0314E70000088A2097
:10116800E7200011761F0316E20301E5E2AF000C49
:10117000E2AF01C4E7000008E2AF0108E720000881
:101178007700E20300E46F38761F0300E2C8010538
:10118000761F0302E2AF002CE274000877007700BC
:101188007700761F030BE2030016761F03148A20EC
:10119000D008761F030AE2AF01F4E2AF0094D00852
:10119800E32059F5E2AF00958F00C586E32050366D
:1011A000761F0315E2AF0114761F030AE3204138CE
:1011A800761F0315E2AF0616E72000717640FE00B1
:1011B000761F0314831E92A1761F03085201792F14
:1011B800FFE100E4761F030A8F00C540E2AF013665
:1011C000761F0315E2AF00C4E2AF0304D00CE323A3
:1011C8000E0C761F0308D10E9229E310FAE5761F5C
:1011D0000314E32290C58A20E20302E5E32DD9D56A
:1011D800761F0315E300C295D00AE7000043E2AF8B
:1011E00001E5E0164FF5E2AF039DE6960011E697A4
:1011E8000019E0120495D108E018069DE20301E514
:1011F000E6960010E6970018E2030014602E761FB2
:1011F8000300E3000138E70000497700E720000812
:10120000761F030AE2AF013EE2770000E5A1AD14CC
:101208006206761F030BE20300006F1B761F030BB9
:10121000E2AF0300761F030AE72000C0E2AF013E01
:10121800E700000A7700E710009B761F030BE20344
:101220000300E6CF00186F05761F0300E2AF003819
:10122800761F030AE2AF0138D00C761F0315E323BB
:101230004AE48D80C540D10EE7200051E2AF060E92
:10123800E20301E4E6CF0001E2AF02D4E6AF000921
:10124000E2030194D00EE2030094E2AF0106761FA0
:101248000308E2AF00D29229D00C761F030AE310FC
:101250007B9CD108E02DCC36E2AF00C4E0004538DD
:10125800761F0315E7000082E2AF01E4E0144E9C1C
:10126000E2AF0294E6960011E6970019E01207F447
:10126800D00AE01A0594E20301E4E6960010E69736
:101270000018E2030016FFE1008EE2AF0214E30063
:101278000114E70000517700E7100040770077007D
:10128000E277000077007700761F0300E2AF0138B5
:10128800E6940008AD146576E274000877007700EC
:101290007700761F0315E3041116E7000040E20310
:101298000214E20300166F66761F030A8F00C586E4
:1012A000E2AF0038E2AF0236761F0308E7200028DD
:1012A800E32511D4923BE32043C4E7200099E203ED
:1012B00000D4E20301C46006761F0311E2AF000808
:1012B8006F05761F030CE2AF0008761F030A06C508
:1012C000E2AF013A761F030B1E42E2AF0214E302C3
:1012C800011606D58D80C540761F03151E44E7001C
:1012D0000010E2AF0304E0004446E2AF0100761FD5
:1012D8000300E2710002E012DD480638761F0315AC
:1012E000E2710001E27900121E4AE2AF000CE32035
:1012E800C606E278000BE2AF01D2E7100076E2AF63
:1012F000010EE72000717640FBD1761F030A8F00B4
:1012F800C554E2030436E2030538E20300C4E203FE
:1013000001D4761F03089203FFE100969201613D2C
:10130800761F030AE2AF0006E2AF01047649974967
:10131000761F030AE2030006E2AF0006E271000155
:10131800E2AF0006E2710000E278000AE279000319
:10132000E2AF0002761F0308E70000109202600F90
:10132800761F0315E2AF0114E71000407700E203CF
:101330000014E2AF000CE2AF01146F0B761F03152F
:10133800E2AF0116E7100009E2AF000EE203011662
:101340008F00C6D07649AC56761F0315E2AF041461
:10134800E2AF0514E2AF000CE2AF010CE2AF071602
:10135000E3096616E300420EE30DEB0EE700009989
:10135800E710012AE71000407700E2770013E277F0
:1013600000010201761F031BE2AF0200E3169002A8
:10136800E7100040E2030200E20300025601000415
:10137000E2AF0606761F0315E2AF0714761F031BC4
:10137800E2AF0408761F0315E2AF0516761F031BBC
:10138000E2AF020A761F0315E2AF030C761F031BC0
:10138800E31FB00C761F0315E31B210E761F031B0A
:10139000E0169606E0120408E203020AE203000CDB
:101398005601000E761F031483A28A16767EBF3983
:1013A000761F0308923B6006761F0311E2AF000828
:1013A8006F05761F030CE2AF0008761F0301E2AF5A
:1013B0000100761F03129201E7000042761F03141A
:1013B8005201E203020E613D5202613B761F0308AF
:1013C000920060329213602B923B6006761F0311ED
:1013C800E2AF01026F05761F030CE2AF010AE802E3
:1013D0000248E7100053E8087ED8E6940003AD14F5
:1013D8006507E8020648E8087ED8E720001BE8060B
:1013E0000248E8087ED8E6940003AD146316E802CC
:1013E800064AE8087EDAE710009B6F0F761F030AAB
:1013F000E2AF03106F0A761F0309E2AF033E6F05E9
:1013F800761F0312E2AF0302E27100187700E27968
:101400000000761F03148A1AE2030310E20300D4DB
:10140800E27100187700E278000377007700761F12
:101410000315E20303C4E2AF00D4E2AF0416E2AF67
:101418000314E30633C4E700011C9A07E329A61660
:10142000E30C0614E700019B761F0310E310D80EAF
:10142800761F0311E2AF0618E70000308F00C540B1
:10143000E8AFE006761F030DE2030604E6CF0030B6
:10143800E6950000E2AF0606E6940006E2A305067C
:10144000E6C40005E2030506E2AF00D4761F0315EB
:10144800E2AF0506E710002DE2AF000EE3214604E7
:10145000E2AF05C4E69500008F00C550E31BB50C54
:10145800761F030BE02BACC4E20303D4E695002D02
:10146000E2AF0618E694002EE2A30218E6C4002AB2
:10146800E2030218E2AF021AE6940002E2A3011AAC
:10147000E6C40001E203011A761F030DE2AF002665
:1014780076410053761F030EE2AF0122761F03095F
:10148000E2C4020B761F030BE88FC013E2AF042601
:10148800761F0311E70000E3E3120208E700009962
:101490007700E710000EE8020249E2AF0002E80818
:101498007ED9E7200185E801F110E7100149E80F3E
:1014A000CC18E7000040764101E6E8020649761FC5
:1014A8000309E8087ED9E7000008920AE720002D22
:1014B000616C024E761F031407188AA992C4520168
:1014B8006064761F030BE8020249E2AF001EE720D2
:1014C000002CE8087ED9E801F110E7100109E80FC7
:1014C800CC18E7000040764101E6E8020649761F9D
:1014D000030BE8087ED9E7000008E801EDC1E80A3F
:1014D8008F61E7200024E8020248E3085A1EE80862
:1014E0007ED8E71000D2E801F111E014051CE80FE6
:1014E800CC19E000421E764101E6E6950024E802A8
:1014F0000649761F030BE8087ED9E7000009E2AF32
:1014F800021EE3228820E6940020E2A30520E6C429
:101500000025E2030520761F03089237761F030BA0
:10150800E203011E61122901761F030CFF20EA6025
:101510000F36660BE2AF012CE6940021E2A3002C0B
:10151800E6C40020E203002C761F0309920AFFE1CB
:10152000008C024E761F031407188AA992C4520138
:10152800FFE00083761F03089237617E761F030C65
:10153000E8020248E2AF020AE801F111E720019552
:10153800E8087ED8E7100140E80FCC19E70000085A
:10154000764101E6E8020649761F030CE8087ED9D9
:10154800E7000009E8020248E3236A26E8087ED893
:10155000E72000ACE801F111E7100100E80FCC1919
:10155800E7000008764101E6E802064AE801EDC125
:10156000761F030CE8087EDAE7000010E80A8F61B6
:10156800E7200024E8020248E0085524E8087ED86D
:10157000E2AF0126E7100052E801F111E203022672
:10157800E2AF0226E7100080E80FCC19E700000868
:10158000764101E6E6950024E80206492901761F26
:10158800030CE8087ED9FF20EA60E7000008E2AF14
:101590000126E72000080F36E2030026E2AF00280C
:10159800E6940020E2A30628E6C40026E203062813
:1015A000660BE2AF012AE6940021E2A3002AE6C41A
:1015A8000020E203002A761F0308922D6115761F9A
:1015B0000310E2AF000EE811FC00AD14650DE80168
:1015B800FC01E274000877007700761F03148A267E
:1015C000E20300C46F08761F03148A26761F0311F6
:1015C80006181EC48F40C550E2AF02C4E2AF00C582
:1015D000E3008BD5E70000D392DCE801FAEAE84F9C
:1015D800C008E80D9EBAE70000D3E6AF0000E710A8
:1015E000001AE72000C4E6940011E6C50013E6C522
:1015E8000008E6C2000BE6C20010E694001CAD1429
:1015F0006206E6CF0025E69700286F03E6CF0023BA
:1015F800E71000C55200E84FC02D612F5201611855
:1016000052026037E72000C8E72000D1E72000E25F
:10160800E88FC000E88FC009E88FC0128F00C412AD
:10161000E20300C4E20301D4E20302E46F22E72004
:101618000009E72000128F00C412E7200020E8AF7D
:10162000C009E8AFC012E8AFC000E20301C4E203A2
:1016280002D4E20300E46F0DE7200148E7200151EE
:10163000E72001626FDC92095201600376497D1A4E
:10163800024E761F031407188AA98D40C412BFA64C
:101640000C10C25892C4600AE592E591E590E2035D
:1016480002C1E20301D1E20300E19207610C761FB7
:1016500003059202FFE000A3761F031492055201D6
:10165800FFE0009D9205FFE100CC761F0305920292
:10166000FFE000C7761F031492062B4E610A920614
:101668008F00C6609CFF7649B17A761F03142B065B
:101670005DAD8F00C660DD8E5DA576499F8B761FC0
:101678000314520096086104930753016022520133
:1016800061509207614E8318D00E06957622099B11
:101688008AA91AC40004761AD01006957622099BF6
:101690008AA91AC40004761AD01206957622099BEC
:101698008AA91AC40004761AD04E2B072B956F31ED
:1016A0008318D0288A9576221ADC0002761AD02870
:1016A8008A9576221ADC0200761AD02E8A9576223E
:1016B0001ADC0002761AD00E0695762209978AA9BE
:1016B8001AC4007E761AD0100695762209978AA950
:1016C0001AC4007E761AD0120695762209978AA946
:1016C8001AC4007E761AD04E56BF010756BF019540
:1016D00092076156761F0310E801FC01E2AF000E8D
:1016D800E8220600E2740008770077007700E80146
:1016E000EA61E84FC000E80E6669E6970008E2C8C4
:1016E800014EE592E7000008E20302E1E20300C1CF
:1016F000E6CF0001E6AF00096F318F00C660764982
:1016F800B9EB761F03142B082B07761F03059202FC
:101700006027761F03148318D00E06957622099B56
:101708008AA91AC40004761AD01006957622099B75
:101710008AA91AC40004761AD01206957622099B6B
:101718008AA91AC40004761AE592E590E591D04E9C
:10172000E20302C1E20300E12B95E20301D1761F3F
:1017280003148A18D04E862E92945201FFE002527A
:10173000761F03089226FFE001118F40C4127680C5
:10173800C3F6E2AF02D5E2AF03D6E2AF04C5E2AF2B
:1017400005C6E314D9E6E31B20E5E31202E2E84F05
:10174800C021E84FC01BE84FC000E6940011AD145B
:10175000623EE6940013AD146212E6940010AD14DC
:10175800650AE694001956BF02D2AD1456B501DAEF
:10176000656B6F1156BF01D22BCA6F66E6940010ED
:10176800AD14620BE6940001AD1456BF02D256B513
:1017700002DA655A2BDA6F58E6940003761F030FDE
:10177800AD1456BF03D256B501DAE2A50038761F7C
:101780000310E2A50114761F030F56B202DAE2A29B
:10178800003A761F0310E2A201166F3EE69400139A
:10179000AD146220E6940010AD14620BE6940003D1
:10179800AD1456BF02D256B502DA56B201DA6F2C32
:1017A000E6940001AD1456BF03D26512761F030FF5
:1017A80056BF02DAE2AF003A761F0310E2AF011625
:1017B0006F1BE6940019AD1456BF03D2620B2BDAEF
:1017B800761F030FE2AF0036761F0310E2AF011267
:1017C0006F0B761F030F56BF01DAE2AF0038761FAA
:1017C8000310E2AF011492D252026937E7100040C9
:1017D0007700E84FC0007700E32401C5E815F80161
:1017D800AD146508E2AF01C5E72000097700E20310
:1017E00001C58F40C414E2AF01C5E815F801AD147E
:1017E8006508E2AF01C5E72000097700E20301C5FB
:1017F0008F40C416E2AF01C5E815F801AD146508C5
:1017F800E2AF01C5E72000097700E20301C5E68CE6
:1018000000007700E21300F28F40C412E2AF01C67D
:10180800E2AF00C5E71000407700E84FC00077005E
:10181000E6940010AD146225E2AF00D5E2AF01D628
:10181800E71000407700E84FC0007700E69400101A
:10182000AD146214E2AF00E5E2AF01E6E71000405C
:101828007700E84FC0007700E6940010AD1462031B
:101830002BCA6F0956BF03CA6F0656BF02CA6F0391
:1018380056BF01CA06E1C5C1C4D18F40C3F61EE533
:10184000C3C5C2D5FFEF01368F40C4127680C3F600
:10184800761F030FE2AF02D5E2AF03D6E2AF05C6BB
:10185000E2AF04C5E2AF00E5E2AF01E6E314F23621
:10185800E2030250E3197CE2E2AF033AE84FC03FEB
:10186000E84FC036E2AF0238E31068C5E2AF01D5F9
:10186800E84FC02DE2030252E2AF02E5E6940027FA
:10187000AD14623CE6940026AD146212E694002595
:10187800AD14650AE6940037AD1456BF02D256B5CA
:1018800001DA65636F1156BF01D22BCA6F5EE69411
:101888000025AD14620BE694002FAD1456BF02D2AA
:1018900056B502DA65522BDA6F50E694002EAD147D
:1018980056BF03D256B501DAE2A50538761F031004
:1018A000E2A50614761F030F56B202DAE2A2053A49
:1018A800761F0310E2A206166F38E6940026AD14E0
:1018B000621EE6940025AD14620BE694002EAD1472
:1018B80056BF02D256B502DA56B201DA6F26E6945E
:1018C000002FAD1456BF03D26510E2AF053A56BFE4
:1018C80002DA761F0310E2AF06166F17E6940037A8
:1018D000AD1456BF03D262092BDAE2AF0536761F8C
:1018D8000310E2AF06126F09E2AF053856BF01DA0E
:1018E000761F0310E2AF061492D252026937E71056
:1018E80001AD7700E84FC02D7700E3296EC5E815F4
:1018F000F806AD146508E2AF06C5E720017677006B
:1018F800E20306C58F40C414E2AF06C5E815F80632
:10190000AD146508E2AF06C5E72001767700E20373
:1019080006C58F40C416E2AF06C5E815F806AD1443
:101910006508E2AF06C5E72001767700E20306C559
:10191800E68C002D7700E21305F28F40C412E2AF87
:1019200006C6E2AF05C5E71001AD7700E84FC02D50
:101928007700E6940025AD146225E2AF05D5E2AF55
:1019300006D6E71001AD7700E84FC02D7700E6949A
:101938000025AD146214E2AF05E5E2AF06E6E71054
:1019400001AD7700E84FC02D7700E6940025AD1477
:1019480062032BCA6F0956BF03CA6F0656BF02CA85
:101950006F0356BF01CA761F030FE20300C1E20303
:101958000036E20301D1E2030138761F030892271B
:10196000E20302E1761F030FE203023A6112E2AFE3
:101968000452E2030442E203034406E21E46E2AFE5
:101970000350764998BE761F031496CA8A18862E9D
:10197800761F03089228610592D2520356B102D20B
:1019800083A4C5A1BE0282A1DD0EDF06B51F00A69D
:10198800026307C58EA9E2AF008392C00EA9BDA964
:101990000F16E6AF0000E831F800E825F800E88F00
:10199800C000E68B00097700E7000008026BE68CC0
:1019A000000007858EA9BFAB0F123F873FC0026FB3
:1019A800D00E079483A9761F030856BF01C580DAB5
:1019B00027CA92253F337F3461022BAB83A4026A8E
:1019B800DD0E07C51EA6D01006C60EA8964D026AF3
:1019C00007941EA6D01206C60EA8964C026A07946B
:1019C8008AA906C4974B92AB612592A76107520179
:1019D00056B101A756B002A76F02B60088ADB2A9F2
:1019D800DE8D88A63B0181A78AA906A681A71EA637
:1019E000D009761F031092C69E949E1E88A9630B91
:1019E8008AC5FF5CD0A488A9CC94FCFF1AA904007E
:1019F0006F08BE028AC5D0A4CC94FDFF1AA90500C9
:1019F800D0A49694A8A909A48AA9026F1AC40010B1
:101A000007C58AA9761F03107E20761F03097EC4AE
:101A0800BFA10C101B0B03E867020A0B920C6023A2
:101A1000761F03089213600792146005920C56B16A
:101A180003A66102BE01761F0307061A89A6601590
:101A2000761F03099210600956BF0110F5A944AC56
:101A28005001F4A944AC6F090201761F030E560158
:101A3000000C6F037640FDBC06561E4206581E443D
:101A3800B24606547640F9EBFE9AE2AF07BEE2AF33
:101A400006BEE2AF05BEE2AF04BEE2AF03BEE2AF48
:101A480002BEE2AF01BEE2AF00BEE28000BEC5BE8C
:101A5000C4BE83BE8ABE82BE86BE87BE00033B3044
:101A5800FFF176177602B2BDA2BDFE02BFA70C1039
:101A6000761F030D82A9874EA34C8E4A03A70F341D
:101A68001E42564808340F3669311E36761F030762
:101A7000C41A290192A6761F03129003FF8288A937
:101A780092019007761F030898A6921C900F5603B0
:101A800005A9AFA68AA99B009214520056B001A8DE
:101A8800560309A888A9761F0309A8A9AFA68AA999
:101A90009B009210520056B001A856030AA888A9CC
:101A9800761F030EA8A9AFA61E140642761F030DD3
:101AA00056010038C442D400761F0309FF2008986D
:101AA8000A0E0FA66647FF2009600FA6663DFF20B5
:101AB0000A280FA66633FF200AF00FA66629FF202A
:101AB8000BB80FA6661FFF200C800FA66615FF2027
:101AC0000D050FA6660B0201761F031256010038A2
:101AC800761F030E560100126F2A0201761F0312B9
:101AD000560100366F240201761F031256010034AE
:101AD8006F1E0201761F0312560100326F180201B1
:101AE000761F0312560100306F120201761F031297
:101AE8005601002E6F0C0201761F03125601002CBE
:101AF0006F060201761F03125601002A7640FDCDC3
:101AF800520161175202610C5203601B0642761FA5
:101B0000030D0F3E69168F00C4BA1E3E6F120642C7
:101B0800761F030D0F3C690D8F00C4CA1E3C6F0978
:101B10000642761F030D0F3A69041E3A8F00C4C2B5
:101B1800A8A9610DA2A903A01EC43AA903AB565DEA
:101B200000AC1ED4ABA9A9E403A71EF4FE8282BEBA
:101B28008BBE0006761BFFF00005ABBDA8BDA0BDAF
:101B3000C2BDC3BDE20000BDE20300BDE20301BDC2
:101B3800E20302BDE20303BDE6300600FE24FF69AE
:101B4000294256168F048010C4C42901FF2080004A
:101B48000FA6615502010FA6611002020FA660528E
:101B50008F0480001E42A8A97649B269761F036BE4
:101B58002B007649A4416F468F4480005CADA0A954
:101B6000B6015DADDCA288A45CADC342DD92DCA30E
:101B68005DA5C2445CA47649A877520061288F0419
:101B7000812C9263CDC4000F520160215308661F6F
:101B78005CADC552974E56BF0145D000BE07DC8DFF
:101B8000C3505DA455A069075CADDCA25CA4CC94F5
:101B880000FF6F029A00D8019685000EFFF55DAD43
:101B90008F00DAC2DD905DA57649B1E702018F04BE
:101B980080001E42A8A97649B2696F048F048004A8
:101BA00092C48F04805828A901001AC40001F4A926
:101BA8000CE1FEA4E2AF03BEE2AF02BEE2AF01BEAB
:101BB000E2AF00BEE28000BEC5BEC4BE83BE8ABE28
:101BB80087BE00033B30FFF176177602B2BDAABD9F
:101BC000FE0602008F00C5042B452B461E447641BD
:101BC800011F520061375CAD5DADDC840EA4DD867B
:101BD0005CADBFA20C105DA51E42DC855CA4764006
:101BD800FE12BFA60C1059A9AAA903A67640FD3A81
:101BE000C444761F03809346C22292469721611B0C
:101BE8009003A34428AC001888A929018F00E000BD
:101BF00018AA00FF06A6563BCAABCBAA1EA65603E0
:101BF8000120560100A492209C01900F9620C2C497
:101C00006F02D1009245761F030996098F00C6FA2C
:101C0800790A7641009C761F030DE2030026761FB1
:101C10000309920C56B102A656B000A602017E0B33
:101C1800761F030D560100289246520161155202A3
:101C2000610B52036018020019010F32691402019E
:101C2800560100326F10020019010F30690C0201D1
:101C3000560100306F08020019010F2E69040201DD
:101C38005601002E92A17649AD34FE8686BE8BBE33
:101C40000006E20304BDE20305BDE20306BDE203B4
:101C480007BDFE08E2AF04F4E2AF0558E2AF065460
:101C5000E2030448E2030544E2AF0456E2AF055A4A
:101C5800E2030442E302FC5CE00289F47700E20359
:101C60000146E30091E4E000D8E4E32E9048E3016C
:101C6800B842E88FE0007700E7000030E700007135
:101C7000E70000827700E3229146E71000C9770071
:101C7800E30203C4E710009BE32E06D4E6CF00215D
:101C8000E6CF0022E011B3C4E6AF0012E2AF004499
:101C8800E01606D47649B613E7000001E700012202
:101C90007700E720005177007700E2770009E31D25
:101C98005C44E7200106E6CF0004E20306C4E6CF71
:101CA000000AE6CF0018E6AF00127649B613E72027
:101CA8000142E6CF0001E20302D4E6CF0020FE881D
:101CB000E2AF07BEE2AF06BEE2AF05BEE2AF04BED2
:101CB8000006E20304BDE20305BDE20306BDE2033C
:101CC00007BDFE06E70000057700E2030544E2AF2A
:101CC8000644E2AF0552E30D7454E7000127E7002C
:101CD00001AE7700E71001F6E70001D7E710012415
:101CD800E70001D7E70000D3E0082746E305575699
:101CE000E71001DBE3026844E7000018E720009AF0
:101CE800E700001BE3088146E710005AE85020315E
:101CF000E7200152E7000003E70000517700E720EA
:101CF8000059E2AF0258E5A1AD146513E277000977
:101D0000770077007700E6AF0000E7100040E710AB
:101D080001B7E700001077007700E27401C06F02A6
:101D1000E590FE86E2AF07BEE2AF06BEE2AF05BECB
:101D1800E2AF04BE0006761BFFF00005ABBDAABD0E
:101D2000A8BDA0BDC2BDC3BDE20000BDE20300BDB1
:101D2800E20301BDE20302BDE20303BDE6300600A3
:101D3000FF692942561620A2F5A10CE69B01BE00C0
:101D3800F5A944AA5001F4A944AAF4A60CE623A8DC
:101D400028A9FFFFF4A90CE177002910FF6976406C
:101D4800FE093B10F4A10CE623A2761F03092B1011
:101D5000E2AF03BEE2AF02BEE2AF01BEE2AF00BE41
:101D5800E28000BEC5BEC4BE83BE8ABE86BE87BE44
:101D600000033B30FFF17617760283A9C444762244
:101D6800D0200695D020910050031E95D0200695CE
:101D7000D0209100500C1E95D0240695D0245001FF
:101D78001E95A0A9FF1700031EA706C718A9FFFDF7
:101D80001EC7A0A9FF1700031EA7290106C718A98F
:101D8800FFFE1EC7560308A4A3C518ABF0FFCBAAD5
:101D9000CAAB1EC5A0A9FF1700038AA9020298C4F6
:101D980099CCA0A9FF17000383A9020198C599CD82
:101DA00006C618A9FFF8500A1EC6761AF60777006D
:101DA800FF690006761F030E0F001EA66702C20019
:101DB0000F026902C20256010004761F03090A0FCE
:101DB8007640FDCD520161135202610A520360154B
:101DC00006A6761F030E0F0A6910C20A000606A6B1
:101DC800761F030E0F086909C208000606A6761FCB
:101DD000030E0F066902C2060006FE043B108AA924
:101DD800BE00FF699A089B00C2422B4376410582E8
:101DE0005200600F7640FDEF5200610B2910FF6931
:101DE80076410AB3BE00FF5856B101A692A66F030A
:101DF00029109A00FE84FF6900065C431EA73B1071
:101DF80076227685FB0006C618A9FFF050051EC698
:101E0000761A92A46104DC81F7A4248576228F05DA
:101E0800FB0006C418A9FFF8500A1EC4761A291048
:101E1000FF6900063B108AA9FF699A067641087A95
:101E18005200600F7640FDEF5200610B2910FF69F8
:101E200076410AB3BE00FF5856B101A692A66F03D1
:101E280029109A00FF690006761F0309920D8F009A
:101E3000C53EF001764100CF8F00C504764100E039
:101E3800520061037640FF260006761F0323922690
:101E400060039A010006761F03129201520161039A
:101E4800520260039A0200069A000006FE088AA958
:101E500092A55DADFFC0DD880EA95DA5764108E3C2
:101E58009B00520056B101A8FE8892A80006B2BDA8
:101E600028A9FFFF9BFF8BA976410A9D52016103C0
:101E68009A016F05D981B2A960F89A008BBE000665
:101E7000E20300C4E20301D4E20302E4E20303F458
:101E780000067640FB4E7640FDBC0006190156C3AD
:101E8000FFFF0006B2BDAABDA2BDFE10A84EA05025
:101E88008B5A064E600B065061038A502BC4B2A9C8
:101E9000610302001EC19A006F73F5A9610BFFCEAA
:101E98009B00964CF5A9610BFFC7901F520256B1E3
:101EA00001A85202974B6127F5A96100D20018A939
:101EA800FF7FF4A96100F5A9610050805BA2F4A945
:101EB0006100F5A9610A18A9DFFFF4A9610AF5A973
:101EB800610A1AA92000F4A9610AF5A9610B18A9F9
:101EC000DFFFF4A9610BF5A9610B1AA92000F4A9A1
:101EC800610B6F05F5A26107F5A3610702108F008A
:101ED00008001E42BDA47F02FF2061007649AFAC1E
:101ED80092A293A3764101101EA6B2A96102C2C1C3
:101EE0005CAD06A6DC8A5CA47641001EC54E924A13
:101EE8009B00BE0096C7924B6108924661069245D8
:101EF0006104924456B001A880A892A75201610BD8
:101EF800934B530156B001A66006934C56B002A608
:101F000056B103A6065061038A507EC492A7FE9084
:101F080082BE86BE8BBE0006FE06761F031328A976
:101F10007840F5A7610028A8017DC41C1E4218A7BF
:101F1800FF7FD401D506FF206100F4A76100C24409
:101F200056BF10457649AF6EF5A9610A9B00BE11F8
:101F28001AA96000F4A9610AF5A9610B1AA9200091
:101F3000F4A9610BC242F4A8610CF5A9610A18A9C1
:101F3800DFFFF4A9610AF5A9610A1AA92000F4A92A
:101F4000610AF5A9610B18A9DFFFF4A9610BF5A9D6
:101F4800610B1AA92000F4A9610BF5A9610018A971
:101F5000FFEFF4A96100F5A9610FCCA9FFDF5010D4
:101F5800F4A9610FF5A961005080F4A96100FF2080
:101F600061007649AFAC8F061600A8A97649A6FF96
:101F68008F000800BDA47F02020BD4017649AEEEB3
:101F700002011E42020B76499ECEFE8600067622A4
:101F780002018F45D0928F05D09298C599CD06C49D
:101F800018A9FFFE1EC4761A8F061207A8A9764963
:101F8800A6FF8F080001A8A97649A6FF8F080201BD
:101F9000A8A97649A6FF7640FE9C00068F0008009F
:101F98000205BDA47F047640FE0EFF200000F4A8D1
:101FA0006108F4A961080006761F03131E1C0006D1
:101FA800B2BDAABDE20304BDE20305BDFE025300B3
:101FB000E6CF000586A4FFE100B71BA93FFFFFE6BF
:101FB80000B3D01A2B927641009CD00E9292FFE18A
:101FC000008BD010E2AF0192E72000447700E811C7
:101FC800F804AD146208E815F804AD146306E88F48
:101FD000E0246F03E8AFE024D008E6CF0021E2AFB1
:101FD8000292E6950009E6940011AD146238D11B0F
:101FE000D0102B9AE2030092E2AF00C2E70000207B
:101FE800764101E18AA2E5A5DC12565700C45640A5
:101FF00000D4AD14A9C41ED4651CD01EE2AF00925B
:101FF800E710014077008AA2E2740022D016E2AF0F
:102000000192E595D01EE3228BF2DC16E70000C9B1
:10200800E2AF04C4E7100108E2030592E20300C44A
:10201000D118D01956BF019A2B926F71D0188AA28D
:102018000201E5A52B92DC1C560100C4AD14650A2B
:102020008AA2DC1EE2AF01C4E71001497700E20397
:1020280001C4D01B93921BA8FFFF67058AA29D01DC
:10203000DC1B0AC4D00B559256B719A056B70192B3
:10203800D00C889292A6614BD0199292614892A6D0
:1020400054A86645D016E591E2030192D010E20350
:1020480000926F1AD10ED01056BF019AE203009287
:10205000E2AF01C2E7000040764101E1D016E59011
:102058008AA2E2030092D01856BF0192D019DC126E
:102060002B92A9C41ED4D01BE5952B92D01EE2035F
:1020680005926F1DE5A5D018AD142B926509DC1EED
:10207000E2AF00C4E71001407700E20300C4D01AC9
:1020780092921BA9FFFF67058AA29C01DC1A0AC479
:10208000D00A549256B719A056B70192FE82E2AF19
:1020880005BEE2AF04BE86BE8BBE0006FF5A29011C
:10209000FF45900F83A480A9A9A9FF49CCA93FFFC0
:102098002DA9560304A9AFA7764100BB2BAA93AB81
:1020A00088A958A9913F27A88AA50EAB0FA0600365
:1020A80028AA0001A8A96116CCA700039B0052002A
:1020B00021C47FCC3FD47EDC57E456B101A892A75F
:1020B800FFC297ECF001900196F492A7FFC190013E
:1020C00096FC92AA0006FE020EA9BDA90F16770083
:1020C800770077007700E68B00097700E70000408B
:1020D000764100F8E802064AE8020249E8087EDA9A
:1020D800E7000010E8087ED9E6940008AD1464080B
:1020E000E8020649E8087ED9E72000407700FE8232
:1020E8000006C5A5B2BD83A4D010E590BE00D11CE2
:1020F0005633F60D248583A4E2030094D016E20340
:1020F8000094DD12D00EC29C2B94D018A9C52B9445
:10210000D0192B94D01A1ED52B94D01B2B94D01EF3
:10210800E20300948BBE000693D46404E801FC004B
:102110006F03E805FC000EA9BDA90F1A7700770030
:102118007700E2C401DCE68B00127700E72000516B
:102120007700E70000417700E2AF03C4E27400C823
:10212800764100F800061EA62901FF4BB2BD8F09B3
:10213000CBDC903F58A906A6FF45903F709459A963
:1021380092A6903F709C58A992948BBE000693C4B7
:1021400060039A00000693CC61059DFF0BCC530001
:102148006006520061049A022BC400069A01000638
:1021500093C46003520160039A000006520256BF06
:1021580001C460039A0200069A01000693C488A984
:1021600061039A0000069A0156BF01C47ECC0006A6
:10216800E20304BDE6CF0004764101E6E32104BEA4
:10217000000688A99A005300610455A656B901A922
:102178000006C544BE000FA756B001A692A60006E9
:1021800088A8290125A9AFA6FF4691FF0006D01017
:10218800E2AF00940006D016E2AF0094000692C4B5
:102190002BC40006D01992940006D0189294000621
:102198003ABDB2BDAABDA2BDFE022901BFA90F1258
:1021A000FF58615B5CA8917F08A800801E4293A441
:1021A800FFD65CA8BFA90F1661675DA8917F08A834
:1021B000008059A858A993A5FFD65DA893A471A53E
:1021B80018A8010097A618A400FF18A500FFDC7F47
:1021C00092A49EA596A7644D08A9FF01623E93A123
:1021C80092A0FF3659A858A90642FF35F60E1FA15E
:1021D0005BA901A3F60A1FA1562D04A22DA336A0C8
:1021D800FF40F60B1FA1FF339B00FF30FF540CA2FA
:1021E00095A3FF4008A70001F61FFF770920FF40D5
:1021E80008A70001F61FFF77FF5A92A7652208A9E2
:1021F000FF016313A9A9FF46917F5BA85AA925A6F1
:1021F80095A7FF960CA295A3BDA90F12FE8282BED9
:1022000086BE8BBE8EBE00069B00FF5708A8FF7FD0
:10220800FF5A93A660F228A8800071AA92AB6FEDDE
:10221000FF2000006FEAFF5A93A418A80100FF9660
:102218005CA8A9A908A8FF7F1CA88000CBA46FDD33
:1022200097A69B00F60F1FA6000697A69B00F60F29
:102228001FA692A80006BFA90F12FF5861215CA83B
:10223000917F08A80080FF362FA893A4FFD691FFB6
:1022380008A8FF81641508A8FFC2620E6107FF5D48
:102240002DA893AA3100565B6F0393AA31004FA4C7
:102248006C0256580006560200A4563E0006563345
:1022500000067641023F764101BB0006FE02BFA6A2
:102258000F1228AC001706A656109B0090FF197F96
:102260001EA702170FA7620702800FA76047E7109B
:1022680000006F4406A764252DA728A9FFFF9B7FC0
:10227000A3A656108AA9CEABCFAAFF58A8AB613649
:10227800E8038A49E80F9651E71000407700E5A087
:10228000AD14652506A663069A009B80561056017C
:1022880000A6A9A9FF55FF5A06A6CEABCFAA6F167E
:10229000E8038A49E80F9651E71000407700E5A06F
:10229800AD14650D06A6630918A87FFFFF586107EE
:1022A0009A0028A8BF806F0202001EA606A6BDA93C
:1022A8000F127700770077007700FE820006E203BE
:1022B00004BDFE02E6CF00047700BFA60F222BABC1
:1022B80028AA7F8006A618A87FFF0FAB6004E71046
:1022C00001206F2306A6900018A88000FF58600D1B
:1022C800764101E6E72001017700E815F801AD1431
:1022D0006214E88FE0006F11E6AF0000764101E67E
:1022D800E71000217700E815F801AD146204E88FD3
:1022E000E0007700E6AF0000FE82E2AF04BE000629
:1022E800FE02E5A0AD146308761F0313E803FE00A1
:1022F00056BF21206F1BE5A0AD146118BE02E69207
:1022F8000001E84FC003B50D00A6E70000CA77004B
:10230000E700008A7700E8CFF0127700E70000517D
:1023080077007700E70000407700FE820006FE4075
:10231000967D29018F0700A856030A7D560100A467
:10231800A8762B7F762202001E7C02180F7C691497
:102320005CADDCB45DA4067CFF30560100A5067CE4
:10232800FF3007768AA906C41EC50201077C1E7CF9
:1023300002180F7C66EE927D52076006761F037EC0
:102338009217967E6F05761F037E9216967E9C01F5
:10234000560301A980A9BE000E18C342C2447641BB
:102348000A111E785C7E761F037EDC0180A4BE0025
:10235000560304180EA9C342C24476410A111E7ADC
:10235800CC5E0FFF0EA90F786705287F01F8FFEF05
:10236000027E5CAD02161E42DCB402105CA4764113
:102368000AA80F4E6105287F01F6FFEF0270761F5D
:10237000037E8A1018D4FFFD8A109A009001CDD4F4
:10237800FFFECAA896D49254FFC3CA5490FF96543D
:102380009251FFC3CA5190FF96519253FFC3CA5353
:1023880090FF96538F000144A8A907108AA9CCC4CE
:10239000FFF8500588A98F000144A8A907108AA951
:102398007EC4C47AC2420E5876410A8F761F037EE5
:1023A0008F0001201EA6A8A907108AA97EC4067A5C
:1023A8001E42065676410A8F761F037E8F00012251
:1023B0001EA6A8A907108AA9C2C4C47A926190FF78
:1023B8000EA9C24276410A8F761F037E88A98F0034
:1023C00001108F400110A8A907108AA9A0A9071021
:1023C80083A993C48AA592A63CA897C4C47ACC5F73
:1023D000FF00FFC70EA9C24276410A8F761F037E17
:1023D8008F0001141EA7A8A907108AA993C439A7BA
:1023E0008F00011488A8A8A907108AA97EC4C47AFE
:1023E800CC5DFF00FFC70EA9C24276410A8F761F57
:1023F000037E8F0001161EA6A8A907108AA97EC415
:1023F800C47ACC60FF00FFC70EA9C24276410A8F9B
:10240000761F037E8F00011A1EA7A8A907108AA9AC
:1024080093C439A78F00011A88A8A8A907108AA918
:102410007EC4CC63FF00FFC78F00010880A9A8A974
:1024180007108AA992C438A78F00010888A9A8A91B
:1024200007108AA97EC48F4001088F000108CC6381
:1024280000FF88A9A8A907108AA9A0A9071083A94D
:1024300093C48AA592A63CA897C48F00010CCC64D3
:10243800FF00FFC780A9A8A907108AA992C438A7D6
:102440008F00010C88A9A8A907108AA97EC48F0053
:10244800010C8F40010CCC6400FF88A9A8A90710D3
:102450008AA9A0A9071083A993C48AA592A63CA81B
:1024580097C48F00010ECC620FFF88A9A8A90710A6
:102460008AA992A6CCA90FFF88A9CDC4F00099A68D
:102468008F00010EA8A907108AA97EC48F00010E4B
:10247000CC62F000FFCB88A9A8A907108AA9CCC418
:102478000FFF80A98F00010E56030CA6CAA788A9D2
:10248000A8A907108AA97EC48F00010ACC5EF000BB
:10248800FFCB88A9A8A907108AA9CCC40FFF80A9E7
:102490008F00010A56030CA6CAA788A9A8A907108D
:102498008AA97EC48F000110CC61FF00FFC780A904
:1024A000A8A907108AA992C438A78F00011088A98B
:1024A800A8A907108AA97EC48F0001128F400112C3
:1024B000CC5F00FF88A9A8A907108AA9A0A90710C6
:1024B80083A993C48AA592A63CA897C48F00013427
:1024C000A8A907108AA9CC5A0FFF88A9CDC4F0008B
:1024C80099A68F000134A8A907108AA97EC48F0095
:1024D0000135A8A907108AA9CC5B01FF88A9CDC442
:1024D800FE0099A68F000135A8A907108AA97EC415
:1024E0008F000136A8A907108AA9CC570FFF88A929
:1024E800CDC4F00099A68F000136A8A907108AA9C3
:1024F0007EC48F000137A8A907108AA9CC5401FF18
:1024F80088A9CDC4FE0099A68F000137A8A90710A6
:102500008AA97EC48F000139A8A907108AA918C416
:10250800FE005C5C8F40013CDC8188A4A0A9071018
:1025100083A9CCA6007F88A98F00013CCDC5FF8090
:1025180099A6A8A907108AA97EC48F00013EA8A978
:1025200007108AA98F404500A0C4023207108AA96B
:1025280028C4AA55CC50FF00FFC788A9024007104D
:102530008AA9CCA6000F88A9CDC4FFF099A60240B5
:1025380007108AA97EC4024307108AA9CC5401FF58
:1025400088A9CDC4FE0099A6024307108AA97EC4BB
:10254800024207108AA9CC5101FF88A9CDC4FE0018
:1025500099A6024207108AA97EC4024507108AA9DB
:10255800CC5301FF88A9CDC4FE0099A602450710F7
:102560008AA97EC4BE00024607108AA9C2C402809E
:1025680007108AA98F410104A0C4028207108AA912
:102570008F400103A0C4028407108AA918C4FFF881
:10257800028607108AA918C4FF80CC52FF00FFC743
:1025800088A9024807108AA9CCA6001FFF8788A93E
:10258800CDC4E0FF99A6024807108AA97EC4CC52A0
:1025900000FF88A9024807108AA992A6901F88A95F
:10259800CDC4FFE099A6024807108AA97EC4CC4F93
:1025A000FF00FFC788A9024A07108AA9CCC40FFF01
:1025A80080A956030CA6CAA788A9024A07108AA9B7
:1025B0007EC4CC4F00FF88A9024C07108AA992A6BE
:1025B800901F88A9CDC4FFE099A6024C07108AA9EC
:1025C0007EC4CC5D00FF80A9025407108AA9025482
:1025C80007101EA693C48AA692A73CA897C40282A5
:1025D00007108AA9A0C4028007108AA98F410104AC
:1025D800A0C4023207108AA92BC48F000144761FB9
:1025E000037EA8A907108AA9CCC4FFF8500288A9C5
:1025E8008F000144A8A907108AA97EC4761A927F91
:1025F000FEC00006FE28975E965DA044A8422B5FB1
:1025F800761F037E029007101E4602A007101E4891
:10260000921296609214966102001E4A1E4C1E4E53
:102608001E501E525603015D9662925E9663064402
:102610001E54066C1E562B642B652B6602001E583A
:102618002B671E5A1E5C76228F078400A8A90F42DA
:102620006907022807108AA918C4FFF86F288F07C6
:102628008800A8A90F42690D022807108AA9CCC4FE
:10263000FFF8500188A9022807108AA97EC46F17E5
:102638008F090000A8A90F426907022807108AA974
:1026400018C4FFF86F0C022807108AA9CCC4FFF841
:10264800500188A9022807108AA97EC40642FF30D3
:102650001E42022807108AA992C4900752076005FB
:1026580092139660921596615C600642DC8189A4AB
:102660001E4A926D5202610A9262610688600E6291
:10266800074A0FA66903285F01FD926D5201610EAA
:102670005200610C92636108064A88612901FF4299
:102678000D630FA66903285F01FE926D5203600E79
:1026800092629007610B0E631EA69262FFC280A940
:1026880006A60FA76103285F01FF8F0E0000A8A907
:102690000F4266088F0E1000A8A90F426903285F39
:1026980001FB8F0F0000A8A90F4266068F0F0018D4
:1026A000A8A90F42661F8F0F0400A8A90F42660653
:1026A8008F0F0418A8A90F4266158F0F0800A8A954
:1026B0000F4266068F0F0818A8A90F42660B8F0FEE
:1026B8000C00A8A90F42660E8F0F0C18A8A90F428C
:1026C0006909926D52026004285F02006F0356BFD1
:1026C800016D8F07020192C490070EA91E5C0205D6
:1026D0000F5C600D8F120000A8A90F4266088F14CE
:1026D8000000A8A90F426903285F01FB925FFFE091
:1026E00000DC9A107641093C9A0276410A5E762215
:1026E800926D60128F000203761F037EA8A907105F
:1026F0008AA9CCC40020FFC452016006028F0710D3
:1026F8008AA91AC401000288C442761F037E071003
:102700008AA9C2C4028807108AA906420FC46103BD
:10270800285F0201925FFFE000A0926D5202611CF7
:10271000064A2901FF401E5A925D9CFF0EA9075AE6
:102718001E4C065A1E52064C0F52680E835406521F
:1027200007468AA98885A0547EC4020107521E521A
:10272800064C0F5267F4028F761F037E07108AA9A2
:10273000CCC40100FFC752016174926D52016171F6
:10273800064A2901FF421E4E926D600A92629CFF72
:102740000EA9074A1E4CFF4209011E506F040E637A
:10274800074E1E508F100000A8A90F42660E8F1367
:10275000FFFEA8A90F4268090642FF0F0020FF43B1
:10275800FF1F02101E586F158F0F0000A8A90F4207
:10276000660E8F0F0FFEA8A90F4268090642FF0FE1
:10276800001EFF43FF1C10711E586F03285F01FBFA
:10277000925F60372B67064E1E5206500F5269312A
:102778008A5892C496640652600FC55692C79665E9
:102780009264FFC788A98A4856030865CAA696CCF2
:1027880056BF01676F1802010F5260158A5692846E
:10279000FFC7A85696669267520160088A4856039A
:102798000865CA6696CC2B676F068A485603086494
:1027A000CA6696CC020107521E5206500F5266D1DD
:1027A8009A027641093C7622028F761F037E071033
:1027B0008AA9CCC40100FFC752016006028F07102E
:1027B8008AA918C4FEFF761A925FFEA80006E203F3
:1027C00004BDE20305BDFE061E46A8448F05D208DF
:1027C80006C49B009003FF586107BE0206C49B0025
:1027D00090030FA66055E2840046E8021641E850D7
:1027D800100076410128E6CF0005E2840046E28435
:1027E0000446E8021641E850100076410128E7103F
:1027E8000129E2840246E68C0009E7100080E68DA4
:1027F00000097700E72000407700E5A0AD146519D7
:1027F800E2840046E8021641E850100076410128BC
:10280000E28401467700E71000407700E88FE0009F
:102808007700E68C000077007700BFA90F126F15DC
:10281000E2840046E8021641E850100076410128A3
:10281800E28401467700E71000407700E68C00006C
:1028200077007700BFA90F123B0185A91E4692468B
:10282800761F037E96188A44CCC40F00FFC79616FD
:102830008F00015DA8A907448AA992C4900F96173A
:1028380006441E108F000200A8A907448AA992C462
:10284000FFC3CCA901C0FFC296128F000200A8A945
:1028480007448AA9CCC40380FFC3FFC296148F0033
:102850000201A8A907448AA9CCC40C00FFC3FFC287
:1028580096138F000201A8A907448AA9CCC4018055
:10286000FFC3FFC296159A00FE86E2AF05BEE2AF37
:1028680004BE0006FE0EA0461E44A842064276415B
:102870000A3B5200603006421E4806448AA9DC81A9
:10287800A844616E8A52834806C40FC5610F8A4610
:1028800006481EC48A48834606C41ED58A5283461B
:1028880006C41EE528A901F46F5C06489B0090FF6A
:10289000FF58600376410ABA92536104020207525C
:102898001E52020207481E4806448AA9DC81A84441
:1028A00060DA6F4606421E4806521E4A56BF044B67
:1028A80056BF024B06448AA9DC81A844613902005C
:1028B0001E4E0E4B0F4E6920064E074A8AA9064E41
:1028B80088C407488AA980C406A60FA7610F8A465C
:1028C00006481EC48A4883460EC41ED58A4A8346DB
:1028C8000EC41EE528A901F46F1C0201074E1E4E16
:1028D0000E4B0F4E66E206489B0090FFFF586003C8
:1028D80076410ABA925361040202074A1E4A02026A
:1028E00007481E4806448AA9DC81A84460C99A00AA
:1028E800FE8E0006FE049643A8422B4476228F07EC
:1028F0008400A8A90F4269090228761F037E0710E9
:1028F8008AA918C4FFF86F2E8F078800A8A90F426D
:10290000690F0228761F037E07108AA9CCC4FFF83E
:10290800500188A9022807108AA97EC46F1B8F0965
:102910000000A8A90F4269090228761F037E07104C
:102918008AA918C4FFF86F0E0228761F037E0710D5
:102920008AA9CCC4FFF8500188A9022807108AA9F7
:102928007EC4761A0642FF301E4292435208600562
:102930002844020092446F1E9A107641093C92434B
:1029380076410A5E7622761F037EC442028807101B
:102940008AA9C2C4761A028807108AA906420FC44F
:102948006103284402019244600492437641093CA1
:102950009244FE840006FE10A04A1E48A8462B4F53
:10295800020019011E4C761F037E022007108AA967
:1029600006C41E4E76228F000180A8A907108AA9EE
:10296800CCC40002FFC096508F000180A8A90710B0
:102970008AA91AC40002022007108AA928ABFFFF07
:1029780028AA0505A9C476410A7C5CADDC8C0EA4A6
:102980001E422B438A46834A0648764107FA520084
:1029880061068A4A02001EF4284F01F476220220CA
:10299000C44E761F037E07108AA9C2C48F0001802F
:10299800A8A907108AA992509001FF8088A9CDC4E0
:1029A000FFFD99A68F000180A8A907108AA97EC4FF
:1029A800761A924FFE900006FE02964176228F001C
:1029B0000144761F037EA8A907108AA9CCC4FFF89A
:1029B800500588A98F000144A8A907108AA97EC4D8
:1029C0008F000106A8A907108AA99241903F88A903
:1029C800CDC4FFC099A68F000106A8A907108AA93F
:1029D0007EC48F00015AA8A907108AA9CCC4FFE0C1
:1029D800501588A98F00015AA8A907108AA97EC492
:1029E0008F000144A8A907108AA9CCC4FFF850029F
:1029E80088A98F000144A8A907108AA97EC4761A6D
:1029F0009A00FE820006FE0496412B42761F037E5B
:1029F800022807108AA992C49007964376220228D3
:102A000007108AA99241900788A9CDC4FFF899A61A
:102A0800022807108AA97EC4022807108AA98841CB
:102A100092C4900780A906A60FA7610428A901FA0D
:102A18006F029A0096425200600592417641029FE9
:102A20009642761AFE8400067622021A761F037EEC
:102A280007108AA98F40FFFFA0C48F000144A8A9FE
:102A300007108AA9CCC4FFF8500588A98F0001446B
:102A3800A8A907108AA9B6007EC48F000152A8A9C8
:102A400007108AA9C3C48F000144A8A907108AA946
:102A4800CCC4FFF8500288A98F000144A8A9071038
:102A50008AA97EC4761A9A000006FE089647A84204
:102A58008F00FFFFA844A8462B485448691D8A42A6
:102A60009248F00158A90E9407441E44A34418AAA2
:102A680000000EA8560100ABA944064407461E46BE
:102A7000A3460EA818AA0000560100ABA9460A48B2
:102A78009247544866E50646FF3FCA44CB43FE8862
:102A80000006FE061E4202001E4456BF0145924546
:102A88005220661A28AC001F06425622FF5A0644F6
:102A9000FF30CAABCBAA1E440642FF301E42064A94
:102A98000F44660656410044020107421E420A4599
:102AA0009245522069EA06446104064C07421E42E0
:102AA8000642FE860006FE021E42FF2F02100F425B
:102AB0006605FF2E04210F426615FF2F020E0F42FE
:102AB800660728A9010028A801070F42660BFF2C0A
:102AC00010710F42660928A9110028A801070F42BA
:102AC80069039A016F029A00FE820006FE0296418F
:102AD0007622520261055206610352086012021802
:102AD800761F037E07108AA91AC40001764109B43B
:102AE0007622761F037E021807108AA918C4FFFEFB
:102AE800761A9A00FE820006FE028F08200006C4AD
:102AF0001E428F08230006C41E428F09200006C410
:102AF8001E428F09230006C41E42FE820006FE0401
:102B00001E428748290156440042FF451E44764133
:102B08000ABA76220644FE840006022A761F037E4D
:102B100007108AA948C46C039A016F029A02000642
:102B1800FE041E44A842064407428AA99248764108
:102B200009E5FE840006022A761F037E07108AA9A3
:102B280006C400069A000006B2BDAABDA2BDE20313
:102B300004BD5AADDA8A08AD00AC0201761F031459
:102B3800073A1EA61E3A02050FA6600528A9C00975
:102B4000F4A9DFFEFF2007D00F3A600528A9C00ACC
:102B4800F4A9DFFE761F0309920D61067640FF07A0
:102B5000761F03092B0D5CADDC965CA476C9CB8097
:102B58008F40C9D6F60524845CADD010A092D01859
:102B6000DC9C2B925CA476C9CB86F60524846F7618
:102B6800761F03148318D00E06957622099B8AA92E
:102B70001AC40004761AD01006957622099B8AA9F9
:102B78001AC40004761AD01206957622099B8AA9EF
:102B80001AC40004761A28A9552128A84446761F9D
:102B8800037FD04E1E382B9576229A28F4A97029F7
:102B9000F62777009A00F4A97029F6277700761AAD
:102B98006F0028A9552128A84446761F037F1E38B0
:102BA00076229A28F4A97029F62777009A00F4A9CA
:102BA8007029F6277700761A6F005CAD5DADD010FE
:102BB000DCF2DDFE0EA41E425DA58A9276498D48A8
:102BB800D04492926113D04A761F0308D148939269
:102BC000920EC49A56BF015656BF01559752CA0974
:102BC800C25461042B562B552B52D04D9292610E54
:102BD000D04E761F03149292D14FD05056BF0109A8
:102BD8008892939A960A970B7E0C5CADDCFE5CA4F7
:102BE0007649B9FE520060CA7649464E764966A5D6
:102BE80076496E8E76497DDC764985D976497B9221
:102BF0007649BAA8D13C8DC0C5CCD0128F00C8AEE2
:102BF8008F49CB9EA8921EA6A042929C8F40C3FCF0
:102C0000900196438AA306A6764980B376494AD4B2
:102C0800764990E89B00922152006116761F030ACC
:102C1000E801E118E2AF0124E80EB850E6940001A3
:102C1800AD14650A761F0312920152046005761FEF
:102C2000030592026009530060078F00C52C7649A6
:102C2800BA94E5906F25761F0315E2AF0014E2AF62
:102C30000114E2AF0216E2AF03162842126F761FAC
:102C38000310E70000088F00C52C28413A83E304FD
:102C4000CB0E761F0306E312041A761F030AE2AFC7
:102C48000224E2770000E308CB287649AE04761F19
:102C5000030AE203002AE801D019E805D01C761F18
:102C5800030BE2AF032AE2AF0028E8089379E720E4
:102C600000C2E808937CE697000AE6960022E5A2F7
:102C6800AD14610BE710009BE2AF0026E000C32A19
:102C7000761F0301E2030000761F0312920128422F
:102C7800126FD1005204761F030BE8021642E802D5
:102C80001FD328413A8356B101A1E2AF0024E2AF3D
:102C8800012292A17649AB6C761F030BE2AF0124B7
:102C9000E6940008AD146105E20300247649ACC750
:102C98008F00CE74D00C9A52A8927649B7BEE8013C
:102CA000FBE9E801E1922842126FE801F7EBE6CF79
:102CA8000004761F030DE809A6D9E80E4AE292A1AE
:102CB00028413A83E7000108E809A6DBE710001184
:102CB800E801E192E80E4AE2E2AF00127649AB6C15
:102CC0002842126F761F030DE84FD021E801F4026D
:102CC800E801F60392A128413A83E6CF0004E88F91
:102CD000A009E2AF00147649AB6C761F030DE2AF9A
:102CD8000112E694000CAD146007E2AF0114E6940B
:102CE0000008AD146107E2030412E2030014764900
:102CE8009C6D761F03089231FFE10099761F03154A
:102CF000E2AF000CE2AF010CE2AF020EE300430EC4
:102CF800E70000997700E71000407700761F03127D
:102D0000E27700029201761F030BE2AF0430E80184
:102D0800F59BE7200112E809999BE7000098520417
:102D1000E7100101E8020F83E2030130603DE81291
:102D18001551AD146337E8121381AD14631EE81220
:102D20001061AD146317E8120B81AD14652DE2AF8D
:102D2800002CE8B05C09E72000C2E801EA64E7008B
:102D30000051E80E666CE70000627700E710009B28
:102D38006F1BE2AF032C6F18E2AF002CE2AF022E3C
:102D4000E8B09C09E7200012E801E91CE700005107
:102D4800E80EB854E7000061E2AF022CE710008BF0
:102D50006F03E2AF032EE2AF0032E801F264E80550
:102D5800F261E720001AE80E666CE80E6669E697ED
:102D60000022E696000AE5A2AD14611EE71000807D
:102D68005DADE801AC31D11CE2030032D01E761F04
:102D7000031408A5FF66E809BDE98A16E700000903
:102D78005DA5E203019AE2030192767EBEC4761F46
:102D8000030BE2AF003276497ACC5CADDC905CA4F8
:102D88007649AB948D40C81A5DAD8AA19250934F95
:102D9000DD9CE2AF004E88A5DC107649A2FE5CAD5A
:102D9800DC9C88A45CADDCA80EA45CADC242E80152
:102DA000D418E8089378DC961E445DA48AA176497D
:102DA8008EDC5DADDDA680A58F00C580761F03147F
:102DB000F6052484926896026110761F0316E801D6
:102DB800E518E2AF0102E80EB850E6940001AD1440
:102DC00065048AA37649BAE8761F03108F00C4020F
:102DC800E2AF01029260C45E761F0314E2AF02D440
:102DD000E2AF00E49603E6950009E6950012E69559
:102DD8000000C238E6960011761F0308E696000147
:102DE000922BE6CF00086127761F030BE2AF0302A8
:102DE800E6CF001AE6950012E8121782AD14621BAE
:102DF000E801F554761F0310E80D555CE70000E389
:102DF800E2AF0204E3269002E3260406E6950012F9
:102E0000E6950000E72000E3E6960010E695001B3B
:102E0800E6960018761F030BE2AF0406E694000C62
:102E1000E2A30306E6C4000BE2030306E2AF0308E5
:102E1800E6940003E2A30208761F0315E6C4000245
:102E2000C50E761F030BE2030208761F0306C37C60
:102E2800A320761F0305A97EC42AE203017AE203E0
:102E300000788F09CBAAC276F5A90B427649952F67
:102E3800761F030D8B28D017761F03092B72E20328
:102E40000074920AB2425B099692761F030F062025
:102E480076410109D017BE0093926104520056B032
:102E500001A6761F030FB2207649BAA8761F030F8A
:102E58001EA70322BDA90F1AE801D418E801EA61E8
:102E6000E8089378E80E6669E68B001259A6E70039
:102E68000080C322E6940008AD146505E801EA6015
:102E7000E80E66688F00C6FAD00E92A393A1A892BE
:102E78007640FF3892A15201610B0200761F030DC4
:102E800019010F2C690902015601002C6F0502007F
:102E8800761F030D1E2CD00E8B928AA17641011756
:102E9000E20300708AA17641011BE203006E8AA161
:102E980076410125966C8AA176410122761F03129C
:102EA000BE009301966BD017761F030D5304D40018
:102EA80056B101A68B38761F0309920E761F030EC2
:102EB00096927E6A8204D016761F03090200800F64
:102EB8003100761F030D19017F92A838761F030988
:102EC0002B0E761F030EA904761F03092B0F761F06
:102EC800030D0F34610ED00CE801E118E2840134DF
:102ED0009A2F8A92E80EB850E70000407649ACA2DB
:102ED800761F030DD00CE801E118E28401369A3020
:102EE0008A92E80EB850E70000407649ACA2D017AD
:102EE8009292611B0EA9BDA90F12BDA10F16770002
:102EF00077007700E68B0000E68B00097700D00CA6
:102EF800E2740009E801E11C8A92E80EB8549A319C
:102F0000E70000607649ACA2D00C761F030DE80103
:102F0800E1188B92E284013A9A32E80EB8508AA10D
:102F1000E70000407649ACA2761F030DE801E118F6
:102F18009A33E284013CE80EB8508AA1E7000040E9
:102F20007649ACA2761F030DE801E1189A34E284D9
:102F2800013EE80EB8508AA1E70000407649ACA2FD
:102F3000761F030E020019010F00610ED00CE8018C
:102F3800E118E28401009A358A92E80EB850E70059
:102F400000407649ACA2761F030ED00CE801E118D0
:102F4800E28401029A368A92E80EB850E7000040FF
:102F50007649ACA2D0169292611B0EA9BDA90F12A0
:102F5800BDA30F16770077007700E68B0000E68B9D
:102F600000097700D00CE2740009E801E11C8A92A4
:102F6800E80EB8549A37E70000607649ACA2761F9D
:102F7000030EE801E118E28401068AA19A38E80EFE
:102F7800B850E70000407649ACA2761F030EE8017E
:102F8000E1189A39E28401088AA1E80EB850E700F6
:102F880000407649ACA2761F030EE801E1189A3A90
:102F9000E284010A8AA1E80EB850E70000407649B1
:102F9800ACA28D40C4C2E801E118D00C9A3CE2848E
:102FA00001C1E80EB8508A92E70000407649ACA211
:102FA8008DC0C4CAE801E118D00C9A3DE28401C37F
:102FB000E80EB8508A92E70000407649ACA2E801DA
:102FB800E118D0148F00C4BA9A3EE80EB850A8920F
:102FC000E28401C4D00CE70000408A927649ACA2AA
:102FC800E801E118D00C9A3FE28401D1E80EB8502C
:102FD0008A92E70000407649ACA2E801E118D00CE3
:102FD8009A40E28401D3E80EB8508A92E700004094
:102FE0007649ACA2D014E801E1188A929A41E80E21
:102FE800B850D00CE28401D48A92E70000407649B8
:102FF000ACA2D00CE801E118E28401E19A428A9285
:102FF800E80EB850E70000407649ACA2E801E118B5
:10300000D00CE28401E39A43E80EB8508A92E700BC
:1030080000407649ACA2D014E801E1188A929A44AB
:10301000E80EB850D00CE28401E48A92E700004048
:103018007649ACA2E801E118D00CE28401F19A45A6
:10302000E80EB8508A92E70000407649ACA2E80169
:10302800E118D00CE80EB8508B92E28401F39A466E
:10303000E70000408AA17649ACA2D0148A92E80148
:10303800E1189A47E28401F4E80EB850E70000402E
:103040008AA17649ACA2761F030D9A3BE284002A3E
:103048008AA17649ACA25CAD5DADDCBEDDD45CA4E2
:103050005DA57649A7BF761F0305BE00D07592090E
:1030580056B101A6761F03179B009220761F031412
:103060007E92520056B001A89202761F030F973C41
:103068006003D5006F038F40C5805CADDCD488A4B5
:103070005CAD08A4FF760EA45CADC2421E44DCE445
:1030780080A4E801D418E8089378D012C3468A924D
:1030800076495317761F03179B01920C5202610376
:103088005203600853006106D0560692D056500885
:103090001E92761F030D0624761F03070F1A603A4F
:10309800761F03091B06EA6067020A0692055201B9
:1030A0006035920652036033920452016130761FFC
:1030A80003148318D00E06957622099B8AA91AC4A0
:1030B0000004761AD01006957622099B8AA91AC4B4
:1030B8000004761AD01206957622099B8AA91AC4AA
:1030C0000004761A761F0309D04E56BF01042B95D3
:1030C8007649B2E69B019A01F4A87484F4A974863F
:1030D0006F06761F030956BF01052B06761F0307EF
:1030D800C41A761F03099204761F030DC224610FD8
:1030E000D0540692D0541AA904001E9276229B5501
:1030E8009AAAF4A87025F4A97025761A761F0314F5
:1030F000D0569203C4925202600606A650201EA625
:1030F800D0561E9292A646A9024056480DAB761F9E
:1031000003122901020056480CAB92A647A902807F
:1031080056480DA0020056480CA092A648A90202F3
:1031100056480DA5020056480CA592A649A90204DE
:1031180056480DA4020056480CA4920190FF761F51
:103120000323560308A91EA79226903F88A9761F5D
:10312800030D06A7AFA6CAABCBAAC41E3AABCAAB5F
:10313000CBAAFF371EA792A6900FFF8388A9A320D2
:10313800761F030706A7AFA61EA792AB900127A983
:1031400006A7CAABA0ABCAABCBAAA8ABCAABCBAAEB
:10314800FF371EA79225900F88A9761F031206A79E
:10315000AFA61EA7920E9001FF8688A9D060761FA9
:10315800030806A7AFA61E92923E61319222612F04
:10316000761F030DE2AF0022E85048007700E68AA0
:103168000000770002FFBFAB0F120FAB670428AB5C
:1031700000FF2BAA761F0309920190FF761F030818
:10317800560308A91EA7923F90FF88A9761F030946
:1031800006A7AFA6FF371EA7920090FF88A9D060C0
:1031880006A7AFA6FF37CAABCBAA1E92761F0308C5
:103190009223FFE102A4761F0315E2AF0014E2AF11
:103198000114E2AF0216E3004316E7000099761F18
:1031A0000308E710004092235201E2770000FFE19C
:1031A800026792235202FFE1025292235203FFE187
:1031B000024792235204FFE1022992235205FFE1C4
:1031B800021492235206FFE101F792235209FFE11C
:1031C00001DE9223520AFFE101C19223520DFFE179
:1031C80001B39223520EFFE1019C9223520FFFE1BB
:1031D000018992235210FFE101789223D10052110C
:1031D80088A1FFE1015392235212FFE101379223A4
:1031E0005213FFE1012F92235214FFE10120922399
:1031E8005215FFE100EE92235216FFE100C8922328
:1031F0005217FFE100A192235218617392235219D2
:1031F80061599223521C61529223521D61319223CC
:103200005220FFE00221920E6019920C60105603CA
:103208000405761F0321381E761F03089309910FC2
:10321000761F0321CBA9883E59A86F0F761F031D87
:1032180056030806882650E16F07761F03245603D5
:103220000800883650A159A9761F03089219FFE1BA
:1032280001FB18A1FFF0900F98A1FFEF01F58F05A2
:10323000D38006C418A9010F91001EA6BFA90002E1
:103238004DA906A6500156480DA6BFA900024CA9E3
:1032400006A6500256480DA6761F030992A68807C7
:10324800CCA97FFF59A9FFEF01D7761F0307061AFC
:103250006FF8761F030BE2AF0206E80237F9E59339
:10325800E2AF0008E850B212E80FF001E2030306FB
:10326000E850B200E697000AE591E20301086F64B6
:10326800761F030BE2AF0002E80237F9E2AF02046F
:10327000E850B200E80FF001E850B212E6940008FE
:10327800AD146506E80237F8E80FF0006F03E8269A
:103280003800E80237F9E594E68C0000E80FF00119
:10328800E2030404E697000ABFA10F12E68C0011BE
:10329000FFEF0190761F030BE802207AE802207905
:10329800E80237F8E2AF041CE809EA6AE809EA69D3
:1032A000E80FF000E3089320E70000C9E69400026D
:1032A800AD146506E80237FAE80FF0026F03E82666
:1032B0003802E593E20303206F45761F030BE2AF6C
:1032B8000218E80237F9E593E2AF001AE85048121D
:1032C000E80FF001E8504800E2030318E697000A0F
:1032C800E591E203011AE68C0013E80237FCE80FE7
:1032D000F004BFA10F1EE6970020FFEF00EF761F5E
:1032D800030DE80230E2E80230E1E80237F8E2AF35
:1032E0000404E80A0002E80A0001E80FF000E3081D
:1032E8009306E70000C9E6940002AD146506E802FB
:1032F00037FAE80FF0026F03E8263802E593E2039D
:1032F8000306E68C0014E80237F8E80FF000BFA1D7
:103300000F22E6970001FFEF0119761F030DE594E8
:10330800E2AF0100E2AF0002E2030402FFEF00F5C2
:10331000761F030C063E6F15761F03800622FF31D1
:103318008AA99221900380A9761F030DA328A8A942
:10332000AFA7FF358AA992AB903F27A9A8A9CAAB3E
:10332800D0601E92FFEF00F8761F03098F00E000BF
:103330005603012C28AC001C560100A4D0600A2DB5
:103338000E2CA3C418AA03FF563BCAABCBAA1E92F5
:10334000922D5264FFE800E0922C9C012B2D900FEF
:10334800962CFFEF00D9FF207FFF761F030D0F3269
:1033500068038B326F038D407FFFBE00FFEF00CC10
:10335800FF207FFF761F030D0F2E68038B2E6F0350
:103360008D407FFF0F306813C430FFEF00BDFF209A
:103368007FFF761F030D0F2A68038B2A6F038D409A
:103370007FFF0F2C6804882CFFEF00AE76807FFF64
:10337800FFEF00AA761F0317D00E590C8A927641E8
:103380000117E85158406F41D00E8A927641011BD7
:10338800E801F111761F0311E801F092E80FCC195A
:10339000E2AF0308E70000C9E8509C00E8509C0930
:10339800E80A492AE70000516F7AD00E8A927641EE
:1033A000011B761F0311E801F111E850B204E2AFEE
:1033A8000208E80FCC19E700008AE68C0021E850F3
:1033B00048106F5A761F0310E2AF010EE811FC01AE
:1033B800AD146504E27400406F02E590761F0308BF
:1033C0005933E8511E807700E68C000077007700C3
:1033C800BFA60F126F58761F0311E801F110E2AF84
:1033D0000208761F0315E80FCC18E7000080E2AF63
:1033D8000114E85048006F39761F0310E2AF010E60
:1033E000E811FC01AD146504E27400406F02E59041
:1033E800761F0300E2AF011AE8511E897700E68CC8
:1033F000000977007700BFA10F166FCC761F031569
:1033F800E2AF0102E2AF000E6F07761F0315E2AFDE
:103400000100E2AF000CE850B2097700E68C000939
:103408007700E850B200BFA10F166FB7E850B200BE
:10341000761F0300E2AF0138E850B209E68C0000E5
:1034180077007700BFA10F12E68C000977007700CC
:10342000BFA60F16761F030892235207610F92233F
:103428005211610C922352126109922352136106C0
:103430002901D06025A1AFA61E925CAD5DAD08A4A8
:10343800FF6A08A5FF760EA45DA51E428F00C57A17
:1034400076499CB4D0209292612AD02A9292602729
:10344800761F0307922552106022D066E2AF0092E1
:10345000E8120D00AD14631B761F03090A029202E5
:1034580052326818920352036715761F03072B240C
:10346000E590761F03122B0E761F03072B25761F80
:10346800030AE203002E761F03090A03761F0309E5
:103470002B02D052809288A79B0192A6CCA9FFFE76
:1034780052006006761F0305920956B100A892A86B
:10348000761F0314F00127A9920860139A005301D4
:103488006111D06AE801EA60E2AF0192E80E66686D
:10349000E6950009E6940001AD1463049A016F02F9
:1034980092AB52006118761F0309932E53016117EE
:1034A00093A76015761F031493066008761F031711
:1034A800931F761F031456B00106761F030956BFF3
:1034B000012E6F059306530461022B06761F031439
:1034B80096057649BAA81EA7024E07188AA9D014FD
:1034C000C392D10092C452016011761F03179B0171
:1034C800920C52026103520360035300600792A6F4
:1034D00052036104520456B001A1761F03179A00EB
:1034D800931D530056B001A97649BA74761F031795
:1034E0005CAD5DAD931B921C08A4FF64D0149741A2
:1034E800761F031408A5FF6580A496425CAD880981
:1034F0002F0A794308A4FF63270B5DA58B925CA478
:1034F800580C7E44B2A957453F467847C34AA84C62
:103500008F00C6407649775688A9FF2007D00FA1C3
:103508006917D01406927649AD7BD01B2B92761F93
:103510000309D01ABE009692D01A0E2F8092D019AD
:103518002B92D01A0FA756B001A69292962F92A678
:1035200061447649BAA8D01B761F03091EA69230C3
:1035280054926804D01B9E926F04D01B92929E30D6
:103530005200D01A56B100A9933155926804D01A9E
:103538009F926F04D01A93929F3154A8D019562B9A
:1035400008A9933255926804D0199F926F04D0193C
:1035480093929F3254A8562B08A952026708B614C2
:1035500006A6761F030F03240FA7680FD01B761F44
:10355800030F9292D11AC224D019761F03098092C0
:10356000939A963097317F32BE03D1029A019B0025
:10356800B51100A65CADDCA880A45CAD58A8DCA8A9
:103570005DA45CAD2B9758A9DCA85CA49C039D03BB
:103578002B952B9CD9037649BA789B00D302D01798
:10358000520056B101A82DA89792D00B3503969200
:10358800D01A88925CADD019D11B7E41DCA80EA45C
:103590008892D00B0D92D0178AA97E429B015D9A2A
:1035980092927649ACECD00B9292D00B9C03969207
:1035A000D0179292D0179C019692000BFFE3761FE2
:1035A800030F0626611BD01406920326641B02141F
:1035B00056010026D014069203266405D014069204
:1035B80009141E267649B7B25200600C5CAD9A0415
:1035C000DCA85CA4764994BE6F05D0140692091459
:1035C8001E26761F03089200761F03142B09602C11
:1035D000761F0308920F6028761F030CE2AF003CB1
:1035D800E811F800AD146206761F030892146127FB
:1035E0006F1BD022E590E8020604063CD124E203DA
:1035E8000092D026E8020603E20304921E9AD02035
:1035F00056BF0192D02A2B92D02156BF0192D028DB
:1035F800E20303926F0CD02056BF0192D121E590CF
:10360000D02A2B92D0222B9AE20300925CAD08A420
:10360800FF6A5CA4764982068D40DE625DAD761F56
:103610000314B242D01056BF1043DDE4063A5DA554
:103618008A927649709F520065099CFF5BA98AA12E
:103620007649A4DED90C000BFFFCD0108A927649B3
:10362800BACA52006105D0108A927649BABED01043
:103630008A927649BACD52006109D0108A927649B1
:10363800BAC1761F031456BF0100761F031406365D
:10364000601C9200611D7649B235520061197649BD
:10364800A544D018520028920001600A761F03147E
:103650008F0003E80A019201A83652036809761F19
:1036580003142B002B016F04020156410036761F1C
:1036600003099211FFE101040A3392335214686D89
:10366800761F03140264A33A5DAD761F03231EA6DA
:10367000D052E2AF0032E8511E800200761F0309EB
:10367800DDA8E68E0001D162F61F561700A69292C9
:10368000E2130165D0568F010AC08892D0542B33C3
:103688005DA59392D02E38A6E2AF0092D0663F682F
:10369000E5A0E6A40000E2AF029297669667E850C4
:103698004800D072E68E0000E5A2E2130064E6A4BA
:1036A0000012E2AF019AE2AF0092E8504812E850EF
:1036A8004809E8504800D06AE68E0013E68E000A02
:1036B000E68C0001E2130262E2130363E21301618C
:1036B800E2AF0092E8023BF9D06CE80FF801E5A010
:1036C000E6A40000E2AF0292E8511E80E8511E928B
:1036C800E6970008E68E0000E68E0011E21300601F
:1036D000E213015F7649AFCA761F03090A341B342F
:1036D80003E8681DD0529A0193925302610653037E
:1036E0006104530456B000A9D07288A0D06693A09C
:1036E80058A6D16AE2AF009258A8E2AF029A2B34EA
:1036F0008F010AC0E2AF01927649A72F761F030916
:1036F8009235600BD0529292520160148F010AC029
:103700009A027649ADC06F0ED0529292600B8D41F5
:103708000AC09A038AA17649ADC08D0006F456BF57
:103710000191761F030FD0540628A392FF55CEAB1C
:10371800CFAAFF5861088F010AC0A9A976498B1E54
:10372000D054A392D0560692761F030FD1009B006F
:103728009080A928FF5856B001A1FF58610B761F59
:1037300003099236520161068F010AC09A04764944
:10373800ADC0D052761F03099292D01896357936CB
:10374000929252016124D0388F00C8AE8894B6009E
:1037480093A6CDA8FFFE610493A65305600D761FCE
:10375000031293016009024E761F031407188AA909
:1037580093C456B101A792A7B600610493A656B1C7
:1037600001A78F010AC093A776498CC1761F032356
:103768008026761F0312BE009301D0207F68920E38
:10377000976756B001A6761F03147E66B600024E08
:10377800889207188AA9D010761F03057E6192C423
:10378000520156B101A78A9292029B00761F031440
:103788007F65520056B001A8920797649663764900
:10379000BA905DAD8D40C5649662DDA88AA15DA535
:103798007649A3355202FFE1F3FE5203FFE1F3CA73
:1037A0005DAD8AA1DDA85DA57649960C761F030C58
:1037A800D00C1E3E8A929A48E284003E7649ACA22A
:1037B00008ADFF54E2AF04BE82BE86BE8BBE0006DB
:1037B800B2BDAABDA2BDE20304BDE20305BDE2039A
:1037C00006BDE20307BDFE148D80C0008AA27649C3
:1037C80059968D0001048AA256BF0192767EE13C8B
:1037D000D13A761F0301E80220E8D040E802040154
:1037D800E2AF020002568F00C980E808A318E2AFE2
:1037E0000392761F030BD03CE016909AE2030192FD
:1037E800E203022676498499761F0314A8187649BD
:1037F000935B8D40C6308AA17649AB448AA1764955
:1037F800A63E5DAD8AA1DD925DA576499E4C52003C
:10380000615528A94D01544960515CADDC885CA428
:103808007649B9435CAD761F030AE6CF0001E203AF
:103810000008DC865CA47649B9435CADE6CF0002C3
:10381800E203000ADC845CA47649B943761F0308F6
:1038200056BF010A761F030AE5A1E203000CAD149E
:10382800650BE811FC01AD146307D12AD02CE20323
:10383000019AE2030192E5A2AD146511E801D419E1
:10383800E8089379E694000AAD146309D12E8F0045
:10384000C000D030E203029CE2030294E5A0AD1474
:10384800650DE801EE61E80E6669E6940008AD14BE
:103850006305761F0300E203002002068F00C56E99
:103858007649BA5C761F03140206A8128F00C57455
:103860007649BA5C761F03148F40C00092FDA814FD
:1038680083125203610A52026105E591E6CF00080E
:103870006F0CE801FC016F05E801F551E80D5559A1
:10387800E801F898E80E69D0D0088D40C000E2034E
:1038800001C5E20300D596E5939153036105E590E8
:10388800E6CF00016F09E801F550E801F899E80D65
:103890005558E80E69D1E20300C4E20301D497E46D
:103898009A00767ECBDE761F031483A1A816767E67
:1038A000B915761F03148A16761F03059205767ED6
:1038A800B8F6761F03148A16761F03059206767EED
:1038B000B8FD761F0305E801EFA82B0783A1761F4B
:1038B8000314E80E14788A167649ABE2761F0314CF
:1038C000E801FE0083A18A167649ABEE761F031449
:1038C800E801FA0083A18A167649ABFD761F03004A
:1038D000921C6011761F03148A16761F0305920A44
:1038D800767EBFC8761F03148A16761F0305920BDF
:1038E000767EB8E102048F00C5587649BA64761F27
:1038E80003140204A81A8F00C55C7649BA6C761FC7
:1038F00003140210A81C8F00C5E67649BA70761F23
:1038F80003140210A81E8F00C6007649BA70761FFE
:1039000003140210A8208F00C6107649BA70761FE3
:1039080003140210A8228F00C6207649BA70E597E2
:10391000E595E596D10C761F0300D03A76C0C0003D
:10391800E2AF002E761F0314E592E2AF0197C41EB2
:10392000D008E7000041761F0300E20301C6E2036E
:103928000796E2C80705D00A761F0302E20305F6E8
:10393000E2AF032C761F0300E2030696E20302E6E1
:10393800E2AF012AE27400FCD00E761F0314832044
:10394000A824E2740008761F0300E2AF0636E2AF57
:103948000738E30DEA3AE3010730E596E203059606
:10395000E00E88D6D008E6CF0028E6AF0000E59557
:10395800E203009EE20301C5E591E2030695D00A61
:10396000E20306F5E2030595D00CE2030195D03E93
:10396800E2AF012CE2AF0697E27401C8D00EE8017D
:10397000C68FE591E80DB8BFE00125E5E2030195AA
:10397800E20304D5E694003EAD14652AE802064940
:10398000E2C80606E2C4041DE8022440E8087ED925
:10398800E27400F6E8501024E80B3A00E3044D20F6
:10399000E700012CE7000192E308073CE70001FD86
:10399800E70000387700E2740152E274000877000B
:1039A00077007700E20302D4E20300C46F1EE2AFA7
:1039A8000232E8022CE0761F0302E80A0000E85021
:1039B0004817E3040334761F0304E7000018E2AF5E
:1039B8000124E274007AE27400407700770077000F
:1039C000E20302C4E20300D4E591D008E590E59655
:1039C800E597E20301E4E20300948DC0C000D10E44
:1039D000761F030DD00A8D80C140E2AF01D4E2030F
:1039D80006F4E2030794D032E2AF0093D00CE2037E
:1039E000009CE2030110D14CE6AF0000E20300941A
:1039E800E2AF00C4D04E06C61E9AC4D6E203000E4B
:1039F000D14806C5C292D0501E92D05206D51E9212
:1039F800D04AE203009AE203019276499C6D0216CE
:103A00008F00C6AA7649B6EC761F0314E801EA6077
:103A0800E801CA89E805FD3BE592A828E80E666842
:103A1000E80DB8B9E80C69BB7649B48E02148F0082
:103A1800C6807649BA68761F0314D020A82A761F74
:103A20000300E2AF0293E2AF002EE2AF013076492D
:103A2800B2B4D11AD018E801F6602B9202048F00C4
:103A3000C560D019E80E66682B92D05A2B9AE20323
:103A380000927649BA80761F03140208A8268F00E0
:103A4000C58E7649BA7CE801F6B8761F031456BFD6
:103A480064C42BCC56BF01D4E80851E8020AA82E5A
:103A5000E20300E48F00C5967649BA84E594E80154
:103A5800C688761F0314E593E80624B2E80224B169
:103A6000D008E80DB8B8020AA830E20304C4E203A3
:103A680003D4E20302E4E20301F4E20300948F00CA
:103A7000C5A07649BA84E595E801CA88761F031483
:103A7800E593E8060802E8020801D008E80DB8B89E
:103A8000020AA832E20305C4E20303D4E20302E41B
:103A8800E20301F4E20300948F00C5AA7649BA84E0
:103A90008BA2E8020D06D96CD202E801CA88761F13
:103A98000314D0ACE5938F40C4E2E8060802E802BC
:103AA0000801E80DB8B8E20305C4A834A054E2AF99
:103AA8000493E20303D4E20302E4E2740134E20380
:103AB00001F4D0088DC0DAB8E2030094E8AFE02545
:103AB8008A54020A7649BA60E6CF0028A8C3764934
:103AC000BAB8E591E6CF00208AC37649BA34E2AFAE
:103AC80000C18A83E2AF01C17649B9F8D902065428
:103AD000090A1E54000AFFE68F00DF228DC0C1B222
:103AD8008D40DF9AD202A8548A54020A7649BA6005
:103AE000E6CF0028A8C17649BAB8E591E6CF002014
:103AE8008AC17649BA34E2AF00C38A81E2AF01C322
:103AF0007649B9F8DB020654090A1E54000AFFE6AB
:103AF800761F030556BF01090200761F030756BF4C
:103B00001126761F030A1E20761F03148A18764991
:103B080082AD761F03148A18D00E0263079483A926
:103B1000761F0310D00D92C58F40C41256BF0A1EE7
:103B18009695D00956BF0A95D00A56BF0A95D00B7C
:103B200056BF0A957649BA3976495E0EE591E59019
:103B28007680C3EC0200E592D00E8318761F030757
:103B3000E20301C6E20300D61E1A761F0305E20364
:103B3800022206957622099B8AA91AC40004761ADD
:103B4000D01006957622099B8AA91AC40004761A19
:103B4800D01206957622099B8AA91AC40004761A0F
:103B5000D04E2B9576228F00E024BDA40D42761A1C
:103B58007649B0417649B5517649A3D728A9C00816
:103B6000F4A9DFFE7622F5A974875040F4A9748782
:103B6800761A28A9C00A8F05D380F4A9DFFE06C4F7
:103B700018A9010F91001EA6BFA900024DA906A613
:103B7800500156480DA6BFA900024CA906A650023E
:103B800056480DA692A642A96C0B761F030956BF94
:103B88000104762202048F05D37E1EC4761A76229B
:103B9000F5A970229B5518A9FFFCF4A970229AAAD6
:103B9800F4A87025F4A97025F5A97029CCA9FFBF50
:103BA0005028F4A97029F6277700761A761F031497
:103BA80028A9C00BFF698A18F4A9DFFE7649B53F3A
:103BB0007608293092BE761F03148A187649BABB5C
:103BB800761F030556BF0100761F030728200F3E16
:103BC00056BFC221FFEF04CF761F0314C43C761FFB
:103BC800030F06A6032A8BA906A60F2A603D761FB7
:103BD00003148A18D016839492E5FFCE6108D0169C
:103BD800839406A61AE580000F3C61069A0060747B
:103BE000DC28FFEF00EF0201761F03075601001EDD
:103BE800BFA10C1076492B2CBFA60C10B2A903A6B6
:103BF0008BA928A996809B980FA1690FB2A9761F5F
:103BF800030E0F166702B2160F186902B2185601A3
:103C0000001A02015601001C761F0314063C761FA1
:103C0800030F1E2A6F49B2A9761F030E0F1E690201
:103C1000B21E02200FA16804B2A9600B6F3202012C
:103C180056010020DEA00220761F030F8BA9C22ABE
:103C20000201761F030F5601002A761F0307560173
:103C2800001EBFA20C1076492B2CBFA60C10AAA907
:103C300003A686A928A996809B980FA2690FAAA916
:103C3800761F030E0F166702AA160F186902AA1834
:103C40005601001A02015601001CD981B2A960D99F
:103C4800761F03148A18D01683944FE56C05D01696
:103C50008A941AE48000761F031483288AC5761F8D
:103C58000306E2AF0014E20300C48AC5E2AF071608
:103C6000020CE2AF0618E20307D407C58AA9761F43
:103C68000305921A5201E20306C46057761F031433
:103C70008A2AD00C761F0306E2AF0126E2AF009439
:103C7800E27400087700770077007700E68E00008E
:103C800077007700BFA60F12D0109294290193A657
:103C880054A87689CC1C562A08A8560301A807A66A
:103C900083A9D00EE2AF0094761F030706C51E125B
:103C9800761F0306E2AF0126E2740008770077007A
:103CA00077007700E68E000077007700BFA70F123D
:103CA800D011929493A754A8562A08A8560301A89D
:103CB00007A683A9761F030706C51E14761F0306F1
:103CB8000604761F03071E16E2AF0012E2AF0114D6
:103CC000E2AF02167649B2B40228761F0314071831
:103CC8008AA90208072A83A9761F030706C51E10BA
:103CD0000201761F03075601001CD0088394D00808
:103CD8009222CDDDF0008394CCA90FFFCAA8D00AA8
:103CE00096DD8394D00A9223CDDDF0008394CCA995
:103CE8000FFFCAA896DD83C4922096F50212882198
:103CF00007C48AA9761F03147EC48A16761F03059B
:103CF8009205767EB8F6761F0300921C6009761F3F
:103D000003148A16761F0305920B767EB8E1761FA0
:103D080003148318D04E92955201601E0293D00E70
:103D100007958AA9D010CCC4007F88A90293079583
:103D18008AA9D012CCC4007F80A9029307958AA9EA
:103D200092A7CDC4007FCAA6CAA8907C6105761F61
:103D280003071A240010761F03079226CE2496252F
:103D30009225612B761F0308923E6024761F0305AF
:103D380092026120761F03079224761F0308963F9C
:103D4000761F030D061EC420900FFF83761F0312FB
:103D480093A69101CBA99201761F030997009601CA
:103D5000761F0305062A761F030D1E22761F030811
:103D58000A3E761F03052B02761F030592025201C5
:103D6000607692096074761F03148A16767ED18C71
:103D6800761F03148A16767ED182761F03148A186A
:103D7000D04E9294602ED028839476221ADD0002D1
:103D7800761AD028839476221ADD0200761AD02E7D
:103D8000839476221ADD0002761AD00E06947622EB
:103D8800099783A91AC5007E761AD0100694762260
:103D9000099783A91AC5007E761AD0120694762256
:103D9800099783A91AC5007E761AD04E56BF01949A
:103DA000761F0305E2AF0222E801C288E2AF012CD0
:103DA8009B00761F0314E80DB8B88A30D008761F38
:103DB00003089220E00202C45200E203009461076B
:103DB800761F03129201520456B101A8761F03051B
:103DC000971897190214761F03140728761F030506
:103DC8008AA988180212761F0314072A7EC48AA9B2
:103DD000761F030588197EC4FFEF00889209FFE073
:103DD8000085761F03148A16767ED1BE761F0314DB
:103DE0008A16767ED1B5761F031492075201611CA4
:103DE8008318D00E06957622099B8AA91AC4000466
:103DF000761AD01006957622099B8AA91AC4000467
:103DF800761AD01206957622099B8AA91AC400045D
:103E0000761AD04E2B958F00C540E593E5928F40F2
:103E0800C544E591E5908B1EE5978E20E596C52281
:103E1000E595C424E594E20303C4E20302D4E2037B
:103E180001C5E20300D5E20307E1E20306E0E2039D
:103E200005E7E20304E68A16767ECFAE761F030628
:103E28000214E2030022761F0314E801F8000728B1
:103E3000E592E591761F03068AA9E203001A0212B1
:103E3800E20307282BC4761F0314072A761F0308FA
:103E40002B1F761F03068AA9E801F665E80E666D4A
:103E4800E203062A2BC4761F03052B18761F0314DA
:103E50008A30761F03052B19761F0306E20302C47E
:103E5800E20301D4E203051A761F03148A16767E5C
:103E6000CAB652016107761F03148A16767EB00A1D
:103E68006F26761F03148318D00E02018A95761FD9
:103E7000030D1E207622A8A9099B8AA91AC4000452
:103E7800761AD01006957622099B8AA91AC40004DE
:103E8000761AD01206957622099B8AA91AC40004D4
:103E8800761A761F0305D04E2B002B95761F031448
:103E90008A16767ECAED52016118761F03148A16BF
:103E9800767ECF6B761F0306E2030024761F031499
:103EA000E5908A16767EB2B352006130761F031415
:103EA8008A16767ED1C46F2A761F03148A16767E08
:103EB000D135761F031488A98318D00E761F030D01
:103EB800C21E06957622099B8AA91AC40004761A9E
:103EC000D01006957622099B8AA91AC40004761A96
:103EC800D01206957622099B8AA91AC40004761A8C
:103ED000761F0305D04E2B002B95761F03148A16F0
:103ED800767ECAD75201FFE00131761F03059204AE
:103EE0005201FFE100FC761F0300D03A8F00C000B2
:103EE800E2AF002E761F0314831EE2AF0194E5971C
:103EF000E595761F0302E596D008E592E3020B2CC8
:103EF800761F0300D10CE20301C5E2030795E2C86F
:103F00000705D00A761F030556BF0103E20305F536
:103F0800761F0300E2AF012AE2030695E27400FC83
:103F1000761F0314C420E20302E5761F0305D00ECA
:103F180056BF0104E2740008761F0300E2AF0636BC
:103F2000E2AF0738E30DEA3AE591E3010730E20337
:103F28000595E20300D5E6CF0028E6AF0000E2AF32
:103F3000052CE00EB09DE27401E8D008E597E2039D
:103F380006C6E596E0012796E801C688D00AE80D8E
:103F4000B8B8E20306F6E20304D6E2030696E59467
:103F4800D00CE2030796D03EE20304E6E2AF079402
:103F5000D00EE2030196E6940007AD14652DE2C48D
:103F5800011DE802064FE2C80606E8022440E2AF67
:103F60000520E850100CE8087EDFE27400F6E80B4C
:103F68003A00E700012CE70000B9E7000100E30C84
:103F7000953CE7000028E700016B7700E274000839
:103F7800E27400D17700761F03148A24E20300C498
:103F8000E20301D46F1FE2AF0232E8022CE0761F99
:103F88000302E80A0000E8504817E3040334761FE8
:103F90000304E7000018E2AF0124E274007AE2743F
:103F980000407700761F03148A24E20302C4E20378
:103FA00000D4D008E590E591E596E597E20300940A
:103FA80076C0C000E20301E4D10CD00A761F0306F4
:103FB000E20306F4E2030794D032E2AF01D4E2AFA9
:103FB8000097D00EE2030094E6AF0000E203009CF5
:103FC000E2AF00C406C5A3D51E0CC5C6761F030DFF
:103FC800E203000E761F0306C4D6A90E761F030D62
:103FD000E2030110761F0306C310C212E2030008B9
:103FD800E203010A76499C6D6F30921C520E602DE7
:103FE00092035201602A761F0306E2AF010CE2AF92
:103FE800000E761F0314C41E761F0306E2AF0310EB
:103FF000761F03148320761F0306E20301C6E2AF97
:103FF8000212761F03148A24E20300D6761F0306F2
:10400000E2AF0108E20303C5E2AF000AE20302D512
:10400800E20301C4E20300D4761F03148B168AA1CD
:10401000767EB000761F0305961C8AA1767ECC5969
:10401800761F03051E1E8AA1767ECDF6761F030540
:10402000E20300368AA1767ECD1C761F0305E203EB
:1040280000388AA1767ECF12761F0305E203003C92
:104030008AA1767ECEDE761F0305E203003E8AA1CA
:10403800767ED0ADE8020649761F0306E8087ED9E9
:10404000E70000088AA1E2030002767ED0AD761F69
:1040480003068AA1E2030004767ECFAE761F03053D
:104050008AA1E2030034767ED44C761F03068AA13F
:10405800E2030000767ED059761F0305E801E0618F
:10406000E2030028E80B7969E2AF0028E7000008C6
:104068008AA1E203002A767ED3E8761F03068AA196
:10407000E2030006767ECD4E761F0315E2AF0416EE
:10407800E2AF0114E2AF0214E3028B16E70000E29C
:104080007700E7100089761F0310060EE27700091B
:10408800761F0305E203003A761F03061E20E203AB
:10409000011E761F030592005201FFE1FB2F761FE0
:1040980003148318D00E06957622099B8AA91AC4A0
:1040A0000004761AD01006957622099B8AA91AC4B4
:1040A8000004761AD01206957622099B8AA91AC4AA
:1040B0000004761AD04EFE942B95E2AF07BEE2AF15
:1040B80006BEE2AF05BEE2AF04BE82BE86BE8BBEC0
:1040C0000006B2BDAABDA2BDE20304BDE20305BD68
:1040C800E20306BD5AADDA90FE3282A48AA5A06C3E
:1040D00006C21E6E7649B8DD5200FFE1056D8A6E9C
:1040D800D00EC5948AC43E678A6C83A4D00E1E7025
:1040E0000695DC0CCAC4CBCCFF58600C8A6CD00897
:1040E80006946008D00C0670D1081E941E9CD00A55
:1040F0001E945DAD8A6ED00CDDA4C5945DA58AC406
:1040F8003E678A6C92F4FFE005419248FFE0053A7A
:10410000D034C59306A7610CD00C06941E420670ED
:104108007649BAD01EA606A70FA6FFE9052883A4FC
:10411000D00E0201DC0E07951EA60201560100C456
:1041180092C5520B6226520BFFE10120520662142F
:104120005206FFE102D85201FFE104AB5202FFE167
:10412800043C93A99DFD5301FFE903DE5205FFE11D
:10413000035FFFEF050793A99DF95301FFE90227EC
:104138005209FFE101EB520AFFE101A6FFEF04FA81
:10414000520F620C520F615A520C6174520DFFE112
:1041480000F5520E616FFFEF04ED5210613152110C
:10415000611F5212FFE004E68A6C92FC600656BFB3
:1041580001FC8A6E7649B52C8A6CD00806941E42FA
:1041600006707649BAD01EA6D0330E930FA6FFE68E
:1041680004DBC5A4DF2092C79641FFEF04D18A6C17
:10417000D00806941E4206707649BAD01EA6D032E8
:104178000E930FA6FFE604C8D512FFEF044ED11E1A
:104180008A6EE2AF009B8B6CD01AC5E4E2AF01915E
:104188008AC43E67D00806911E4206707649BAD0A6
:104190001EA6D0310E930FA6FFE604AE8A6E7649B6
:10419800B52CD5118A6CFFEF04308A6CD144D0401D
:1041A000E2AF029CE2AF00948BA4D042E2AF019454
:1041A800D046E2AF03917649B59AD028E5A0AD1480
:1041B000E20300916503D5106FE68A6C8F7FFFF7ED
:1041B8006F768A6C92CC6003D0226F02D024E2AF73
:1041C00004938A6ED01EE2AF0093E6CF0021C5E4CF
:1041C8008AC43E678A6C92FC6167D008C594067001
:1041D000C3427649BAD01EA6D0300E930FA6FFE98F
:1041D80000E4C34206707649BAD01EA6D0290E93D1
:1041E0000FA6FFE6046106566148E2AF005E76491D
:1041E800B5BEE6CF0005E2AF005C7649B5BEE6CFC6
:1041F0000006E2AF005A7649B5BEE6CF0002E2AF54
:1041F80000587649B5BED022D400D500E6CF0003DA
:10420000E801EEB08B6CE80BBA80E7000104E6CF62
:104208000031E2030442E6CF00280691D0241E4480
:1042100006911E467649A17292C9600D8A6CD14002
:10421800D042D50DE203009CE203049456BF01CCC2
:10422000FFEF03AB8A6CD144D046D50FE203009C6C
:10422800E2030494FFEF03A18F7FFFF6067076493F
:10423000B694FFEF041156BF01FC8A6ED00AC594F4
:104238008AC43E67FFEF04088A6C92CC6003D022E0
:104240006F02D02492ECE2AF049352016179D0085E
:1042480006941E4206707649BAD0D00A8BA9069405
:104250001E4206707649BAD0E801D418D020BDA914
:104258000F1AE2AF0193C470E8089378D00AE68B8E
:104260000012C294E7000051D01AE7000041E2AF0B
:104268000694E7100189D01AE6970021E203019429
:104270008A6ED01EE2AF0093C5E48AC43E678A6CA2
:10427800D01CE2AF014AC4A1E2AF0094E694000169
:10428000AD146509D04AD11CE6CF0008E2030194C1
:10428800E203019CD01AE2AF0294E6940022AD1436
:10429000FFE3024AD02A0E930FA66926D02B0E9375
:104298000FA6FFE703A9D02CE2AF0293E700008046
:1042A0007700E6940001AD146413D02ED11EE2AF66
:1042A8000093E2AF029CE70000107700E69400015B
:1042B000AD14FFE303918F7FFFFDFFEFFF798F7F49
:1042B800FFFEFFEFFF758F7FFFFFFFEFFF718A6E35
:1042C000D01EE6CF0021E2AF0093C5E48AC43E676A
:1042C8008A6CD00A06941E4206707649BAD01EA699
:1042D000D0280E930FA6FFE6036F8A6ED00AC5940E
:1042D8008AC43E678A6C92CC56B10CA556B00EA51E
:1042E000FFEF02EB8A6ED01EE591E2AF0093C5E4CA
:1042E8008AC43E678A6CD01ED11EE2AF024AE2AF92
:1042F0000394D008E710009B0694E203039C1E423F
:1042F80006707649BAD01EA6D0270E930FA6FFE601
:104300000343D00E06946003E5906F10BDA90F1211
:104308007700770077007700E68B0000770077006A
:10431000E2740018770077007700D01EE203009463
:10431800E596D048D11CD50B2BCCE2030094D01ADB
:10432000E2030694FFEF00BED02692936004E801FA
:10432800FC006F0C0EA9BDA90F127700770077006B
:104330007700E68B000077007700BDA60F167700A8
:10433800770077007700E68B00098A6ED01EE2745A
:104340000008E2AF0693C5E48AC4E591E831FC00B9
:10434800E70001803E678A6CD026D10E0E930F9C41
:10435000FFE602F28A6ED00AC5948AC43E67D01E78
:10435800D50A8A6CE590FFEF02D7D00AE2AF009346
:104360007649BADF8A6EE591C5D48AC43E678A6C05
:1043680092ECFFE1010DD00AC5940670C34276496C
:10437000BAD01EA6D01C0E930FA6FFE602CDE59084
:10437800E20300680668C3421E6A06707649BAD02E
:104380008A6ED0081E72C5948AC43E67D1185CAD8F
:10438800E8020648D00C836CDCAAE8087ED80EA4A4
:104390005CAD1E42E2AF0193E302089D5DADDC948B
:104398008B725CA4DDA85DA5B2A976498A008A6CF7
:1043A000C46AD03EB294D03AC294C44CD03C1BA94B
:1043A800FFFEC294FFE100C81BA9FFFD614792D43C
:1043B0006138D032D134C46883A4E2AF0094E2AF54
:1043B8000168C29CDC24DD267649B5AC8A6CD02421
:1043C000E2AF0094E5A0AD1465318A6ED012069478
:1043C80061051EA78AC49A003E67D03692935202AE
:1043D0006115D01AE5908A6CE596E595D11ED50950
:1043D800E2030094D01CE2030694D010E203059493
:1043E000E591E203019CFFEF01E82B41FFEF02544E
:1043E800D032066856BF01D4D1161E94D506D01413
:1043F00006932BDC1E9CFFEF01D82841FFF9FFEF4D
:1043F8000247D00AE2AF00937649BADF8A6EE591A8
:10440000C5D48AC43E678A6C92EC6171D00A069466
:104408001E4206707649BAD01EA6D0110E930FA68A
:10441000FFE602328A6ED008E590E2030066C5949A
:104418008AC43E675CAD5DADDC94DDA65CA45DA599
:104420007649A2571BA9FFFE614E8A6CD10AD01AA9
:1044280092DC0ADCE2AF019BE2AF0093E300426654
:104430009C01E6940002AD14632FD0125493672CB4
:10443800E801EA60E80E6668E6940002AD1456B535
:1044400018A0E2A50093E6C500016509E2AF006689
:10444800E27400097700D018E2AF0093D016E6971F
:104450000001E2AF0094D116E7000008D016E20395
:104458000094D016E2AF019B2BECE6970008E2032C
:104460000094FFEF01E192D46003D1366F02D1389E
:10446800D016C494520056B008A556B107A5C29CF0
:10447000FFEF015B2841FFFAFFEF01C6826ED00A11
:10447800C5938AC33E67836CD116D018E2AF009DFE
:104480008BA5C5F38AC392D5E2AF01913E67D00AEE
:1044880056BF01E906701E91FFEF01B6D00AE2AFF0
:1044900000937649BADF92D3E6CF00046004E801C6
:10449800FC056F0A0EA9BDA90F12770077007700F7
:1044A0007700E68B00058A6C92FC600B56BF01FC1E
:1044A8008A6ED012069461051EA78AC49A013E67D7
:1044B0008A6C92EC602FE6CF0020D0108B6CE6CF98
:1044B8000021E6950000E2740142E2AF00917649DE
:1044C000B24F8A6ED010E591E2030091C5D48AC440
:1044C8003E67D010E801D418E2AF0191E720010956
:1044D000E8089378E6950009E6940001AD14FFE240
:1044D800016B8A6C56BF01ECD00A06701E94FFEF80
:1044E00001638A6EE6CF0020E591C5D48AC43E6799
:1044E8008A6CD00A06941E4206707649BAD01EA677
:1044F000D0100E930FA6FFE6014FD0140693D116ED
:1044F800E80206482BDCD00CD5061E9CE8087ED8BE
:10450000D10EE2AF0193E302069BD018E700003022
:10450800FFEF012A8A6E8B6CD012E590C5D4E2AF1A
:1045100001918AC43E6792F9614C8A6CD008069476
:104518001E4206707649BAD01EA6D0090E930FA681
:10452000FFE6012206606139E2AF00647649B5BE5C
:10452800E6CF0002E2AF00627649B5BE92CC6124C4
:10453000D02AE2AF0491D02EE6CF0003E20302912D
:10453800D02CE2AF0191D030E2030091E6CF002009
:104540007649B07BD022E5A0E2030091AD14650866
:104548008A6CD010D5052BCC2BD4FFEFFE0D28415B
:10455000FFF8FFEF00E9D12AD02CD501E203029C3D
:10455800E2030094FFEFFCC42841FFF6FFEF00E000
:104560008A6CFFEFFCD28A6E8B6CD012E590C5D4BA
:10456800E2AF01918AC43E6792E960158A6CD0086F
:1045700006941E4206707649BAD01EA6D0080E9345
:104578000FA6FFE600C9D10A067056BF01EC1E9CC3
:10458000FFEFFCB58A6CD00A06941E42067076498D
:10458800BAD01EA60EDB0FA666250660E2AF006451
:104590007649B5BEFF586116D014E2AF0194E7200A
:104598000041E2AF02E3E6950009E6940011AD148C
:1045A00064039A006F0392E49C01D01496E4E20342
:1045A8000094D10A06701E9C8A6ED00AC5948AC4EB
:1045B0003E678A6C92F354E4690CD00806941E425C
:1045B80006707649BAD01EA60EFB0FA6FFE6008449
:1045C0008A6ED00AC5948AC43E678A6C92CC56B172
:1045C80003A556B004A506707649B74B6F748A6C7C
:1045D00027FC92AB600E88CC92A660138A6ED01234
:1045D800069461081EA78AC49A013E678A6C27FC64
:1045E00088CC92A66006E2AF00C3E84FC0046F0516
:1045E800E2AF00C3E6CF000492D36004E801FC0107
:1045F0006F0C0EA9BDA90F16770077007700770022
:1045F800E68B00097700770092ABE6950000520140
:10460000E274004261078A6CD01256BF01FCE203DB
:1046080004948B6CD010E6CF0021E2AF009176497C
:10461000B24FD0108A6EE6CF0001E2030091E59020
:10461800C5D48AC43E67D010E801D418E2AF01912E
:10462000E7200109E8089378E6950009E69400017F
:10462800AD146219E80273708A6CD014D502E80BD5
:1046300059402BE4E20300946F972841FFFF6F0776
:104638002841FFFB8A6C6F032841FFFC0670836EDC
:104640007649A75FFEB2E2AF06BEE2AF05BEE2AFBB
:1046480004BE82BE86BE8BBE00060006B2BDAABDF1
:10465000A2BDE20304BDFE08761F0323CC26FFFEA5
:10465800D200600C761F03129B0192015200610385
:1046600052056004530056B001A27649BAEF5200D9
:10466800FFE104658DC0CE742B478AA39247764933
:10467000B6855200FFE104548AA392477649B7BE3B
:104678009247E6CF00045224622C520B634852053D
:1046800062195205FFE102605202620C5202FFE120
:1046880002A45200FFE102E65201FFE102BBFFEF84
:1046900004335203FFE1025F5204FFE10429FFEFFC
:10469800042B5206FFE102395207FFE1041C5208BD
:1046A000FFE104149CF75201FFE9040DFFEF041C25
:1046A8005294620F5294613293A99DB653206922A5
:1046B000527E616E5283615552896141FFEF040C55
:1046B8005297FFE102F05298FFE102E75299FFE1B9
:1046C00002D9529AFFE102CEFFEF03FE560301A981
:1046C8005CA976C9001C06A7DC960DA41EA7C5C761
:1046D0007620560301A988A908A6FF6C76C9005068
:1046D80006A70DA61EA7C5C77620E811F804AD14D5
:1046E000FFE403E292A2FFE103E3761F03089209CD
:1046E800CA19CA0CCA0E56B1011861078AA39A964C
:1046F000E80604007649ACA29A946F24E811F80405
:1046F800AD14FFE403C992A2FFE103CA761F0308C1
:10470000920CCA096004920E56B1010D9A896F127B
:10470800E811F804AD14FFE403B792A2FFE103B87F
:10471000761F0308920CCA096004920E56B1010B71
:104718009A838AA3E5907649ACA2FFEF03A5E81136
:10472000F804AD14FFE403A092A2FFE103A1761FF9
:10472800030892096006E68E00207700E213000471
:104730009A7E6FE892A2FFE10393E801EE60E890B1
:104738002821E80E6668E70000407700E68E000052
:10474000BE028F40C98EBFA70F12B50900A6025145
:1047480007C58AA902537FC407858AA97FC4770051
:10475000FFEF037292A2FFE10373E68E0020770061
:104758007700BFA10F1292A15201610B52026005AE
:1047600028A94B409B4C6F088F2625A0A8A96F0451
:1047680028A996809B987640FF34761F03099A32D1
:104770008F00C53E790C764100EE761F030956BFC7
:10477800010DFFEF03499A00E811F804AD1456B390
:1047800001A952006108761F03089321600493A2D7
:10478800FFE1033E761F03089621FFEF03359A00E9
:10479000E811F804AD1456B301A952006108761F60
:1047980003089330600493A2FFE1032A761F0308FD
:1047A0009630FFEF03219A00E811F804AD1456B3D8
:1047A80001A952006108761F0308932E600493A2A2
:1047B000FFE10316761F0308962EFFEF030D92A26A
:1047B800FFE1030E761F03148F40C0008A16764966
:1047C000ABFDFFEF030192A2FFE10302761F03148A
:1047C8008F40C0008A167649ABEEFFEF02F592A241
:1047D000FFE102F6761F03148F40C0008A16764967
:1047D800ABE2FFEF02E9761F0323E2AF0016E6948F
:1047E0000004AD14650492A2FFE102E2E2030416A4
:1047E800FFEF02DA761F0323E2AF0014E694000419
:1047F000AD14650492A2FFE102D3E2030414FFEFBB
:1047F80002CB761F0323E2AF001CE6940004AD143D
:10480000650492A2FFE102C4E203041CFFEF02BCB4
:10480800761F0323E2AF001AE6940004AD14650492
:1048100092A2FFE102B5E203041AFFEF02AD761F98
:104818000323E2AF0018E6940004AD14650492A2E5
:10482000FFE102A6E2030418FFEF029E761F0323B6
:10482800E2AF0012E6940004AD14650492A2FFE121
:104830000297E2030412FFEF028F761F0323E2AF19
:104838000010E6940004AD14650492A2FFE102881A
:10484000E2030410FFEF02809A00E811F804AD14AF
:1048480056B301A952006108761F03089332600429
:1048500093A2FFE10275761F03089632FFEF026C08
:10485800E811F804AD14FFE402679A24FFEFFEBBE9
:10486000761F0322E2AF003EE6940004AD14650417
:1048680092A2FFE1025DE203043EFFEF0255761FCC
:1048700003089231FFE00250761F03145DADE8019A
:10487800AC30E809BDE88A16DD86E70001005DA5D1
:10488000E2030046E2030044767EBEC4761F030BBB
:10488800E2030432FFEF0238761F030AE2AF002486
:10489000E6940004AD14650492A2FFE10231E20344
:104898000424FFEF0229761F0300E2AF001AE69412
:1048A0000004AD14650492A2FFE10222E203041A9F
:1048A800FFEF021A9A00E811F804AD1456B301A9F3
:1048B00052006109761F030893205301610493A2FB
:1048B800FFE1020E761F03089620FFEF02059A001B
:1048C000E811F804AD1456B301A952006108761F2F
:1048C80003129300600493A2FFE101FA761F03121A
:1048D0009600FFEF01F1761F0312E2AF0010E6949D
:1048D8000004AD14650492A2FFE101EAE2030410AA
:1048E000FFEF01E2761F0312E2AF0012E69400042C
:1048E800AD14650492A2FFE101DBE2030412FFEFBD
:1048F00001D3761F0322E2AF0038E6940004AD1422
:1048F800650492A2FFE101CCE8020920E80C924885
:10490000E6940004AD14650DE80209208AA39A0319
:10490800E80C92487649ACA2E8020924E80C924CDB
:10491000761F0314E8020C28E85038218A30761FED
:104918000322E80AAAA8E0020C38761F0315E6CF9E
:104920000008E203013EE6AF0000E20300E4E20318
:1049280001F4FFEF0199761F0322E2AF002EE6940F
:104930000004AD14650492A2FFE10192E203042E8B
:10493800E801F8C8E88FE021761F0315E80CCCD011
:10494000E008013C761F0323E203001EFFEF017C19
:10494800761F030DE2AF0008E6940004AD14650479
:1049500092A2FFE10175761F0314E6CF00208A249E
:104958008332C434D10CD00E761F030DE6AF0000AD
:10496000E2030408E203009CE2030494E20300E58E
:10496800E20304F5E20300E6E20304F6FFEF015474
:10497000E811F804BE00AD1456B301A6E811F8041E
:104978009B00AD146409761F032292366107761FE7
:104980000309921261035300610492A2FFE1014006
:10498800761F03227E36761F03097E12FFEF01345D
:10499000E68E0020761F0308E2130008FFEF012CCB
:104998009A00E811F804761F0308AD1456B301A96C
:1049A0009607FFEF0121761F030FE203043EFFEF9E
:1049A800011B761F0310E2030400FFEF0115E68EDA
:1049B0000020761F0308E213002BFFEF010DE68EA7
:1049B8000020761F0308E213002AFFEF0105761F87
:1049C000030AE203043EFFEF00FF9A00E811F80437
:1049C800761F0308AD1456B301A99629FFEF00F42A
:1049D0009A00E811F804761F0308AD1456B301A934
:1049D8009628FFEF00E99A00E811F804761F03080B
:1049E000AD1456B301A99627FFEF00DE9A00E81137
:1049E800F804761F0308AD1456B301A99626FFEF05
:1049F00000D39A00E811F804761F0308AD1456B3EB
:1049F80001A99625FFEF00C8761F030BE203040CFC
:104A0000FFEF00C2761F030BE203040AFFEF00BCB6
:104A0800761F030AE2030428FFEF00B6761F030BA4
:104A1000E2030414FFEF00B09A00E5A4761F030838
:104A1800AD1456B001A9962DFFEF00A69A00E5A4A3
:104A2000761F0308AD1456B001A9962CFFEF009C29
:104A2800761F030AE203043CFFEF0096761F030B90
:104A3000E2030428FFEF0090761F0312E203041440
:104A3800FFEF008A761F030BE203042EFFEF0084CA
:104A4000761F030BE203042C6F7E9A00E5A4761F09
:104A48000308AD1456B001A996316F75E68E0020A3
:104A5000761F0307E21300206F6EE5A4AD14630414
:104A5800E805FC006F03E801FC00761F030AE20387
:104A6000003A6F61E68E0020761F0308E2130023F0
:104A68006F5A9A00E5A4761F0308AD1456B001A941
:104A700096226F51761F030BE20304346F4C761FAE
:104A7800030AE20304326F47761F030AE203042C99
:104A80006F42761F030BE20304226F3D761F03067D
:104A8800E203041A6F38E801E470E6AF0024E80F87
:104A9000D1A8E7000100761F0306E20300186F2B80
:104A9800761F030DE203041C6F26761F0312E20340
:104AA00004286F21761F0312E20304206F1C761F77
:104AA8000312E203041A6F17761F030DE2030416BC
:104AB0006F1276499C6D6F0F761F0312E203041884
:104AB8006F0A761F0312E20304166F05761F0305BB
:104AC000E203042C8AA392477649B8C97649BAEF23
:104AC8000A47934755A9FFE8FBA2FE88E2AF04BE58
:104AD00082BE86BE8BBE0006B2BDAABDE20304BD87
:104AD800E20305BDFE027649BAA8761F03098BA931
:104AE0009219FFE001A692266131761F0323CC269E
:104AE800FFFE602C761F03129B01920152006103A6
:104AF0005205602453006122761F031CE2AF0010B0
:104AF800E6950000E811F800AD146318761F03145A
:104B00008D80C000E801EFA88A1683A2E80E147811
:104B08007649ABE2761F0314E801FE0083A28A16F9
:104B10007649ABEE761F03092B26761F0309921503
:104B1800FFE10426761F0308920CCA09CA0E761F05
:104B200003092B15FFE0041C761F03089214FFE015
:104B28000417761F030956BF0112E801E118761F22
:104B3000030856BF013256BF0124761F030AE80E50
:104B3800B850A324761F0306C518761F03089220D1
:104B4000761F0306C41A761F030EE2AF0130761FEC
:104B4800030FA914E6940001C316AD14761F0309D8
:104B50009627761F030FC2186507761F030E0630CF
:104B5800761F030A1E24761F030EE801E118E2AF50
:104B60000132E80EB850E6940001AD146515761FC9
:104B6800030856BF0120E801E471761F030EE2AF87
:104B70000032E80FD1A9E6AF0000E7000008761F79
:104B78000306E2030018761F030EE801E118E2AF0E
:104B80000134E80EB850E6940001AD146505063412
:104B8800761F03061E1A761F0323061A761F030FC5
:104B9000E2AF0002E811F8001E04AD14650506023C
:104B9800761F03231E1A761F030EE801D418E2AF0E
:104BA00001368D80C000E8089378E6940001AD14CA
:104BA800650F761F03148A1683A2761F030EE2AFE1
:104BB00000367649ABE2761F030956BF0126761F01
:104BB800030EE801D418E2AF0138E8089378E694C8
:104BC0000001AD14650F761F03148A1683A2761FA9
:104BC800030EE2AF00387649ABEE761F030956BFF5
:104BD0000126761F030856BF0125E801E118E80207
:104BD80018B1761F0305C42CE80EB850E203012C67
:104BE000761F030B0628761F030E1E2EE2AF013E32
:104BE800C22CE6940001AD146204E801FE006F03D4
:104BF000E2AF003E761F030BBE00E2030028761FE3
:104BF800030F0200C20A761F0300C51A761F0310AE
:104C0000C40E761F03092B23761F030F1E08761F81
:104C0800030EE2AF003A761F030FB210761F0309B6
:104C1000E811F8002B24761F030EAD14C32A761F6B
:104C1800030FC20E651F761F030992256004E80280
:104C200016416F03E8020901E890300BE801E11832
:104C2800E801F89AE801F899E80EB850E70000C0E2
:104C3000E80E83EAE7000010E80E83E9E697000833
:104C38006F19761F2731E801E118E2AF0232E80167
:104C4000F899E801F89DE8903012E80EB850E700B6
:104C48000080E80E83E9E7000008E80E83EDE697A8
:104C50000028761F0300E203001A761F03092B16B3
:104C58002B172B18761F03082B102B1156BF011288
:104C6000761F030EE2AF003A761F03092B1AE811F4
:104C6800F800761F030EAD14B228620E761F2731A6
:104C7000E801E118E2AF0132E8512589E80EB850A9
:104C7800E70000406F03E2AF003A761F030CE2033F
:104C8000003C761F030956BF0119FFEF02B9761FDA
:104C8800030792256135761F03099217602A761F5C
:104C900003079225E80208C1E80208C0761F031145
:104C9800E2AF0208E80E4F59761F0309E80E4F5895
:104CA0009617E7000089761F030CE2030138E2AF94
:104CA8000108E70000407700E203003A06101E34CE
:104CB000761F03089237963C761F030956BF0123DF
:104CB8000A18921B6105921B5418FFE90243761FDC
:104CC00003099218FFE00139761F0315E2AF0014C3
:104CC800E2AF0114E2AF0216E2AF0316761F030942
:104CD000E7000008E70000999225E7100040761FE2
:104CD8000310E2AF010EE27700026134761F030E83
:104CE000E2AF003AE811F800AD14652CB2A9761FC6
:104CE800030F0310BDA90F1E7700E801E518E801BE
:104CF000F89DE80EB850E68B001BE801F89CE70031
:104CF80000C0E80E83EDE8904800E801E11BE832C7
:104D00001640E8903000E80EB853E7000018E80EAF
:104D080083ECE7000028761F0300E6970020E20303
:104D1000001A761F030FE2AF000CE811F800AD1483
:104D1800650DE2AF000EE2AF030CE71000C07700AC
:104D2000E6940001AD14FFE200CFE2AF0012E811FB
:104D2800FC00AD146522E811FC01AD146515E8011D
:104D3000F898E80E83E8E700004077007700E27417
:104D3800001377007700E801FACDE80CCCD5E694AB
:104D4000002BAD146304E80218B06F03E2AF001249
:104D4800761F0305E203002C761F030F060A61098C
:104D5000B2A92BAB28AA8000030A0FABFFE800978B
:104D5800761F03099222FFE000A0921C5201690607
:104D6000921C0A1D541DFFE600982901761F0308B6
:104D6800E80208C0560301108F00D914761F0311FA
:104D7000E2AF0308E80E4F58761F0309560100A45E
:104D7800E70000C02B1DE811FC01AD14E20300C4DC
:104D8000650EE801F898E850B212E80E83E8E700F3
:104D8800004077007700E27400146F02E594761F04
:104D900003088F40C402E85020098F00D5F4560361
:104D98000110E2AF00D5E2AF03C5E2AF02E5E68E4F
:104DA000000DE6950000E695001B560100A4E6956F
:104DA8000012E68E0000E68E001BE20304C4E68EC5
:104DB0000012E80208C4BFA60F26BFA70F125603B1
:104DB80001108F00D784BFA50F1EBFAB0F1AE80ED6
:104DC0004F5C761F030C560100A4E2AF000892A5C9
:104DC800E700002054A7E20300C4670292A754AB8F
:104DD000670292AB52FF761F030856B6FFA993A64F
:104DD8008F00DD9A581053FF56B6FFA6560308A950
:104DE000CAA69BC8969492109C01764101B5961074
:104DE800921152C867110A116F0F761F030956BF37
:104DF00001236F0A761F03099217FFE000EC2817C2
:104DF8000B05FFEF00E8761F030EE2AF003AE8115B
:104E0000F800AD1462162901761F03098F09CC72D0
:104E08005603011A560100A4E2AF00C4E812146068
:104E1000AD1463048F00076C6F0F8F0013246F0CA9
:104E1800E2AF003CE850B2007700E68A0000770075
:104E20007700BFA40F12B2A9761F030E03280FA4A8
:104E2800FFE801162901761F03095603011AE80154
:104E3000FD70761F03158F00DF54E2AF0114E2AF5F
:104E38000416E2AF0214E2AF0316E80CECF0761F9A
:104E40000311E7000051E70000E3560100A486A922
:104E4800E3164D08761F0310E30A100EE2770009F7
:104E5000E20302C4E811FC00AD14650EE801F89A03
:104E5800E850B209E80E83EAE7000012770077000D
:104E6000E27400896F02E591761F03157680DAA45B
:104E68008F40DF40C50E560100A6560100A58F00F1
:104E7000DF7C560100A4E20301C6C3C5E20300C4FF
:104E7800F5A90B428F09CBAA7649952F8F40DF6899
:104E8000AAA9560100A5761F03090A1A921AE2037D
:104E880000C5520A6757761F030EE2AF003AE811D1
:104E9000F800AD14634B2901761F0309E801E118FE
:104E98008F09CC72E801F89C5603011AE801F89AC8
:104EA000E80EB850560100A4E801E11BE80EB85323
:104EA800E80E83ECE2AF01C4E890300D761F030CE6
:104EB000E7000140E851258DE80E83EAE700015B39
:104EB800E7000020E203033CE6970010761F030F8B
:104EC000E2AF0200761F0300E203001AE811FC02C1
:104EC800AD146514761F030F060A6010E2AF0000E8
:104ED000E6940001AD14640A28AC0096761F03091D
:104ED800301C761F030F07A11E0A761F030EB22887
:104EE0006F5E761F030EE590C52C062E761F030C11
:104EE800E203003C761F030FC414761F0305C32C8E
:104EF000761F030B1E28761F03082B24761F030A38
:104EF800C224761F030E8A2A761F0300A81A6F1F82
:104F0000761F030EE590C42C062E761F030CE203D9
:104F0800003C761F0305C22C761F030F8A14761FF8
:104F1000030B1E28761F03082B24761F030E832AFB
:104F1800761F030AA824761F0300A01A761F030F22
:104F2000A316761F03099227761F030FC518C40422
:104F2800761F0306A918761F03089620761F030626
:104F3000C31A761F03092B19761F0323C21A761F83
:104F380003082B3A761F030956BF0116FE82E2AF1B
:104F400005BEE2AF04BE86BE8BBE0006FE020200B6
:104F4800D4007649AD9E8F060001A8A97649A6FF30
:104F5000D40102007649AEEE02001E4276499ECE92
:104F5800D40002017649AD9E8F060201A8A97649C0
:104F6000A6FFD40102017649AEEE02001E42020104
:104F680076499ECED40002027649AD9E8F06040192
:104F7000A8A97649A6FF0202D4017649AEEE020046
:104F78001E42020276499ECED40002037649AD9EB7
:104F80008F060601A8A97649A6FFD4010203764937
:104F8800AEEE02001E42020376499ECED400020411
:104F90007649AD9E8F060801A8A97649A6FFD401DF
:104F980002047649AEEE02001E42020476499ECE15
:104FA0000205D4007649AD9E8F060A01A8A976496C
:104FA800A6FFD40102057649AEEE02001E420205B4
:104FB00076499ECED40002067649AD9E8F060C013E
:104FB800A8A97649A6FFD40102067649AEEE0200FA
:104FC0001E42020676499ECED40002077649AD9E67
:104FC8008F060E01A8A97649A6FF0207D4017649E3
:104FD000AEEE02001E42020776499ECED4000208C1
:104FD8007649AD9E8F061001A8A97649A6FFD4018F
:104FE00002087649AEEE02001E42020876499ECEC5
:104FE800D40002097649AD9E8F061207A8A9764912
:104FF000A6FFD40102097649AEEE02001E42020964
:104FF80076499ECED400020A7649AD9E8F061401EA
:10500000A8A97649A6FFD401020A7649AEEE0200AD
:105008001E42020A76499ECED400020B7649AD9E16
:105010008F061607A8A97649A6FFD401020B764988
:10501800AEEE02011E42020B76499ECE020CD4006F
:105020007649AD9E8F061801A8A97649A6FFD4013E
:10502800020C7649AEEE02001E42020C76499ECE74
:10503000D400020D7649AD9E8F061A00A8A97649C4
:10503800A6FFD400020D7649AEEE02001E42020D14
:1050400076499ECED400020E7649AD9E8F061C0195
:10504800A8A97649A6FFD401020E7649AEEE020061
:105050001E42020E76499ECED400020F7649AD9EC6
:105058008F061E01A8A97649A6FFD401020F76493A
:10506000AEEE02001E42020F76499ECED400021020
:105068007649AD9E8F080001A8A97649A6FF0210CF
:10507000D4017649AEEE02001E42021076499ECE61
:10507800D40002117649AD9E8F080201A8A976498D
:10508000A6FFD40002117649AEEE02011E420211C3
:1050880076499ECED40002127649AD9E8F08040060
:10509000A8A97649A6FFD40002127649AEEE020016
:105098001E42021276499ECED40002167649AD9E73
:1050A0008F080C06A8A97649A6FF9A009B40D40158
:1050A800BDA97F0402167649AEEE02001E42021622
:1050B00076499ECED40002167649AE6AD400021715
:1050B8007649AD9E8F080E04A8A97649A6FF9A00E6
:1050C0009B80D401BDA97F0402177649AEEE020091
:1050C8001E42021776499ECED40002177649AE6A70
:1050D000D40002187649AD9E8F081006A8A976491B
:1050D800A6FFD40102187649AEEE02001E4202185D
:1050E00076499ECED40002197649AD9E8F081200F3
:1050E800A8A97649A6FFFF2F0400D401BDA97F0413
:1050F00002197649AEEE02001E42021976499ECE92
:1050F800D400021A7649AD9E8F081400A8A97649F3
:10510000A6FFD400021A7649AEEE02001E42021A31
:1051080076499ECED400021B7649AD9E8F081606BE
:10511000A8A97649A6FFD401021B7649AEEE02008B
:105118001E42021B76499ECE021CD4007649AD9EE3
:105120008F081800A8A97649A6FFD400021C76496A
:10512800AEEE02001E42021C76499ECED400021D3D
:105130007649AD9E8F081A00A8A97649A6FFD4002B
:10513800021D7649AEEE02011E42021D76499ECE40
:10514000D401021E7649AD9E021ED4007649AD9E62
:105148008F081C00A8A97649A6FFD400021E76493C
:10515000AEEE02011E42021E76499ECED400021F10
:105158007649AD9E8F081E03A8A97649A6FFD400FC
:10516000021F7649AEEE02011E42021F76499ECE14
:10516800D40002207649AD9E9A009B467649A6FF58
:10517000D40002207649AEEE02001E42022076499B
:105178009ECED40002217649AD9EFF2923017649AF
:10518000A6FFD40002217649AEEE02001E420221A3
:1051880076499ECED40002227649AD9EFF2A11812F
:105190007649A6FF0204BDA97F0CD40102227649FC
:10519800AEEE02001E42022276499ECED4000223C1
:1051A0007649AD9E28A906059B467649A6FFD40000
:1051A80002257649AD9E28A90A069B467649A6FFA0
:1051B000D40002277649AD9EFF2923077649A6FF32
:1051B800D40002277649AEEE02011E420227764944
:1051C0009ECED40002287649AD9EFF2C046176491C
:1051C800A6FFD40002287649AEEE02011E4202284C
:1051D00076499ECED40002297649AD9EFF29230947
:1051D8007649A6FFD40002297649AEEE02001E42A7
:1051E000022976499ECE022AD4007649AD9EFF2A36
:1051E80011857649A6FFD400022A7649AEEE020060
:1051F0001E42022A76499ECED400022B7649AD9EED
:1051F800FF29230B7649A6FFD400022B7649AEEE91
:1052000002001E42022B76499ECED400022C764923
:10520800AD9EFF2B08C37649A6FFD400022C764931
:10521000AEEE02001E42022C76499ECED400022D34
:105218007649AD9EFF29230D7649A6FFD400022DBD
:105220007649AEEE02001E42022D76499ECED40093
:10522800022E7649AD9EFF2A11877649A6FF022EE7
:10523000D4007649AEEE02001E42022E76499ECE82
:10523800D400022F7649AD9EFF29230F7649A6FF99
:10524000D400022F7649AEEE02001E42022F7649AC
:105248009ECED40002307649AD9E9A009B4876499E
:10525000A6FFD40002307649AEEE02001E420230B4
:1052580076499ECED40002317649AD9EFF292401BD
:105260007649A6FFD40002317649AEEE02001E4216
:10526800023176499ECED40002327649AD9EFF2A9D
:1052700012017649A6FFD40002327649AEEE020052
:105278001E42023276499ECE0233D4007649AD9E54
:10528000FF2924037649A6FFD40002337649AEEE07
:1052880002001E42023376499ECED400023476498B
:10529000AD9EFF2B09017649A6FFD4000234764962
:10529800AEEE02001E42023476499ECED40002359C
:1052A0007649AD9EFF2924057649A6FFD400023534
:1052A8007649AEEE02001E42023576499ECED40003
:1052B00002367649AD9EFF2A12037649A6FFD40036
:1052B80002367649AEEE02001E42023676499ECE8E
:1052C000D40002377649AD9EFF2924077649A6FF10
:1052C8000237D4007649AEEE02001E420237764914
:1052D0009ECED40002387649AD9EFF2C04817649DB
:1052D800A6FFD40002387649AEEE02001E4202381C
:1052E00076499ECED40002397649AD9EFF29240925
:1052E8007649A6FFD40002397649AEEE02001E4286
:1052F000023976499ECED400023A7649AD9EFF2A05
:1052F80012057649A6FFD400023A7649AEEE0200BE
:105300001E42023A76499ECED400023B7649AD9EBB
:10530800FF29240B7649A6FFD400023B7649AEEE6E
:1053100002001E42023B76499ECEFE820006B2BDCE
:10531800AABDA2BDE20304BDE20305BDE20306BDCA
:10532000E20307BDFE0CE6CF000582A406621E4C18
:1053280006601E4A065E1E48A8A9FFE1035A064801
:10533000FFE10357064AFFE10354064CFFE1035126
:10533800A0A986A3E82000056006D03E889492A61E
:10534000612E6F19E2AF00D5E5A0AD146303E590BF
:105348006F03E831FC00D044E2030094D03E889417
:10535000C5A327E592A6DF463FC7610E06C5D0402C
:105358000F94600FDC42E2AF00C4E7100140770011
:10536000E20300C46F0CD03EBE0156BF019406C5D7
:10536800D042E590D140E20300941E9C9B0092A697
:10537000610C8AA3D042E2AF00E2E2AF0194E6946E
:105378000001AD1456B201A85200974361068AA3F2
:10538000D044E2AF00946F02E590520161039A00AD
:105388006F048AA3D04692949B0052008A48D01397
:1053900056B001A8974492946169D016E2AF02C456
:10539800E2AF0192E694000AAD1463058AA3D03AFD
:1053A000C5946F088AA3D03A0694D03A50021EA73B
:1053A8001E94D11AD026E2AF019AE2AF0292E69497
:1053B000000AAD14650BD038889492A6520260089A
:1053B8008A48D014929461046F13D03888949A0064
:1053C0005201610E8A48E2AF02C4E694000AAD14AD
:1053C800620706A78AA3D03A50041EA71E948A48EB
:1053D000D01ED110E2AF0192E2AF029CE694000A27
:1053D800AD14640706A78AA3D03A50081EA71E94E6
:1053E0008A48D010E2AF0292E2AF01F4E6950009DC
:1053E800E6940011AD14640706A78AA3D03A5001C9
:1053F0001EA71E948A48D0129294610D06A78AA314
:1053F800D03A50101EA71E946F068AA3D03AD1380F
:10540000C594889C2BABE59206A72BAA2B452DAB08
:10540800E6CF0016E6CF0014FFE000B892A6FFE151
:1054100000A35201FFE1008F520261065205FFE135
:1054180000B9FFEF00A7924452016108D00CE2AF37
:105420000192E6940008AD146275D0089292601261
:105428008AA3E2AF02C2E30401D2E6CF002ADC4835
:105430007649AC7C8AA3D03AD148C594E2AF029CAD
:105438006F0DD10AD048E5918AA3E2AF04C228AA29
:105440000001E2AF039AE0063194D030E2AF01925E
:1054480028AB000128450001E5A1AD1465388A485C
:10545000D01392946134D01492946131E2AF00D4AD
:10545800E6950000E6940008AD146429D108D0321E
:10546000E2AF009CE2AF0192E6950000E6940008EE
:10546800AD14631D8AA3D04CD14CE2AF0394E7106E
:10547000015BD034E203039CE2AF0092E6940003A8
:10547800AD146414D150D03656BF019C9292610E7F
:1054800006A7D03A50801EA71E946F088AA3D0505A
:10548800D14CE5902B94E203009C92445201615A5E
:10549000E5922BAB2B452BAAE6CF0016E6CF0014E6
:105498006F028AA3D138D048E5902B9CE203009490
:1054A0006F49924461F78AA3D048E591E2030194E1
:1054A800E2AF01F2E6940008AD1456B238A056B245
:1054B00002946F388AA3D048E5909244E2030094A6
:1054B80061319243520156B038A056B001946F2A18
:1054C0008AA3D0382B946F2692A6520561068AA330
:1054C800D04EE590E20300948AA3D03856BF0594E5
:1054D0008AA3D048E590E2030094D04EE2AF039453
:1054D800E710015BD04EE811F803AD14E203039422
:1054E00064098348924476499F4C5200601DD03A2B
:1054E800C59406A7611FD038929452056105D04E25
:1054F000E590E2030094D138E592D048E5902BABDB
:1054F8002B452BAA56BF059CE6CF0016E6CF001415
:10550000E20300946F26D038D13A0200B6002B9403
:105508001E9C92436131D048E590D138E592E20380
:105510000094939C2B452BAAD00EE6CF0016E6CF25
:1055180000149292520061079244610528AB000181
:105520002DAB6F022BAB530256B138A056B101948C
:105528009243611206A7600BD13C0201D00E1E9C6B
:10553000929261059244610302106F0202025001CF
:105538001EA61EA76F03BE00C5A69245610AD050DD
:105540009294610D06A6D03C50801EA61E946F0951
:10554800D050D14CE5902B94E203009CD03CC394FE
:10555000D022E2AF0092E5A0AD146536D01EE2AFD6
:105558000192E6940001AD14652F9245612D8A48A9
:10556000D010E2AF0394E6940003AD146525D02477
:10556800E320FB92E8CFE01DE7200008E70001797F
:1055700077007700E2740008770077007700770003
:10557800E8CFE0007700E6960018E811FC00AD14CB
:10558000630B06A6D03C8AA3E7000082E700010473
:1055880050401EA61E94D11AD026E2AF019AE2AF6F
:105590000092E6940008AD146532924561308A4865
:10559800D0149294612CE2AF03C4E6940003AD14D6
:1055A0006326D028E3263B92E8CFE01DE7200040A9
:1055A800E700017977007700E27400087700770058
:1055B00077007700E8CFE0007700E6960018E81162
:1055B800FC00AD14630C06A6D03C8AA3E700008269
:1055C000E70001041AA902001EA61E94D12AD02CBD
:1055C800E2AF009AE2AF0192E5A1AD14652C9245D5
:1055D00061528A48E2AF05C4E694000DAD1465231C
:1055D800D02EE2AF0392E694000BAD146203E5917E
:1055E0006F12E720005BE720006977007700E27424
:1055E80000C97700770077007700E8CFE0097700F7
:1055F000E820000106A68AA3D03CE70000081AA90B
:1055F80001001E94924561279A01E5A2AD14650841
:105600008A48D008E2AF0194E5A1AD14640BE5A28D
:10560800AD1463198A48D008E2AF0194E5A1AD143E
:10561000651252006110E6CF0011E6950009E6948C
:105618000001AD146508E5A2E6C20002E6C5000275
:10562000E6A50012D014E2AF0192E5A1AD14620725
:105628008A4806E48AA3D04A1E946F158A48E2AFD6
:1056300005E48AA3D04AE2AF0394E72000EB8AA3F3
:10563800E70000CBDC4AE2AF01C4E71000C97700FD
:10564000E20301C48A4AE8200004924557C4E203F9
:1056480002D4E20306E4E20304F46104E6970020CE
:105650006F03E6CF0020D00AD109E2030094219C19
:10565800D0083F948AA3C54CD0389294D03A96C7C4
:1056600006948A4C1ED48AA3D03C06948A4C1EE42D
:105668008A48D008E2AF0094E8511E808A4CE203D1
:1056700000F48A4806C48A4CD0081E948AA3D04AF3
:1056780006948A4CD10A1E9C8A48D010C594D00E34
:105680008A4C9A00BE00D10CC39CC2946F37064A64
:1056880061048A4A7649B576064C612FA2A961055C
:105690008AA3D03892946F029A008A4C96C4A2A929
:1056980061058AA3D03A06946F0202008A4C1ED490
:1056A000A2A961058AA3D03C06946F0202008A4C2D
:1056A800D008E5905002E596E595D10CE597BE0047
:1056B000E20300941EE4E20306F4D00AE203059C30
:1056B800E2030794D00EC2949A01FE8CE2AF07BEB3
:1056C000E2AF06BEE2AF05BEE2AF04BE82BE86BE5A
:1056C8008BBE0006B2BDAABDA2BD5AADDA90FE3AA5
:1056D000C4C2C27A88DA7E6EC4E28BA4C278C4F2F5
:1056D800976D966CA0742B6A067AC27661038A7AF3
:1056E0002BC40676610806786106926E6104926D9D
:1056E800520267049A00FFEF02A65CADDCA95CA435
:1056F0007649BA165DAD8A76DDAA92C490FF9669A6
:1056F80092CC90FF5CAD56BF10515DA59668DCA9B1
:105700009A0D5CA47649A5775CAD5DAD82A9DCA954
:10570800DDAA9A035CA45DA57649A5772871FFFFF9
:10571000966F88A352016116520261125203610E04
:105718005204600A926D520269078A7692D490FF09
:105720009C0380A96F08B6026F06B6036F04B60625
:105728006F02B60A926D54A76703806D2B6F0676D9
:105730000DA782A9926D9EA796705214660A0EA7B5
:10573800806D0FA7600892A6520B67177E716F15D0
:10574000287000142BAC92AC7649B73E83A49270BB
:105748008AA37649AE265200600792AC9C01520BA0
:105750002DA968F26F022171B2A9FFE100F49271E4
:10575800FFE400D8926F5201FFE000D45CAD927173
:105760003B01C5A1DC905CA48F49CB4E560302A936
:10576800560100A5F60D248492C5FFE000C38A7691
:105770009A027649A97D83A99A067649A97DFF58A0
:1057780060082901FF20FFFF0FA5680388A56F03B4
:105780007680FFFF93715305621153056135530213
:105788006208530261675300616A5301613C6F6BA1
:105790005303615B530461546F66530661495308B8
:1057980061115309613D530A605E0674615C92A60B
:1057A00052026859523C66570EA6BDA90F129A9A2A
:1057A8006F1F0674615092A65201604D8A749A95D3
:1057B0007649B6C1520060479A94E801FC008A74A9
:1057B8007649ACA26F400674613E92A65201663BE0
:1057C0000EA6BDA90F127700770077009A99E68B95
:1057C80000006FEE93A69DFF537F672D8AA192A6D6
:1057D0007649B8129A018AA17649B7FA6F249A00DD
:1057D80093A68AA156B001A97649BA526F1C9A00BD
:1057E00093A68AA156B001A97649BA226F148AA15C
:1057E80092A67649B7E26F0F8AA192A67649B7EEDC
:1057F0006F0A8AA192A67649B7D66F058AA192A6AA
:1057F8007649B506067A613580500EC1BE010FA7FD
:10580000602E804F0EC90FA7602A804E0ED10FA7C1
:105808006026804A0EF10FA76022804D0ED90FA79F
:10581000601E804C0EE10FA7601A804B0EE90FA7A7
:105818006016D00892915448601292F95449600F6A
:10582000D00992915447600BD00AE2AF0146E2AF33
:105828000091E6940001AD1456B100A68A7A7EC4B0
:1058300006746118926F520260158A769A02764950
:10583800A97D7649BA2892715207600CE5A0AD148B
:105840006409E8121DA0AD1462058A749A9876491D
:10584800ACA292712B6B6403B2A960205CAD926E1E
:105850009B00DCAB5DA48A787649B8785CAD926E2B
:10585800DCAB5DA48A787649BAAC5CAD926EDCAB01
:105860005DA48A787649BAAC5CAD926EDCAB5DA47F
:105868008A787649BAACFFEF01259271520B6364CE
:105870003B018F09CB4E560302A9560100A492C4E6
:10587800615B5201FFE100DB9271520761205CAD70
:10588000926E9B02DCAB5DA48A787649B878D00A28
:10588800E2AF00917649BA1C5CAD886EDCAB5DA4D2
:105890007E418A787649B0985CADE590926EDCAB3B
:105898005DA48A787649B81EFFEF00D55CAD926E9C
:1058A0009B02DCAB5DA48A787649B8780674610601
:1058A8008A749A987649B7BE6F02E5907649BA1C11
:1058B0005CAD886EDCAB5DA47E418A787649B09899
:1058B8005CADE590926EDCAB5DA48A787649B81E43
:1058C0005CAD926EE8021DA0DCAB5DA48A787649DF
:1058C800B81E5CAD926EE590DCAB5DA48A78764933
:1058D000B81EFFEF00AED30092715205A27662119E
:1058D80052056136520262085202613F5200614726
:1058E0005201613D6F0E52036135520461306F0900
:1058E800520661235208611B52096110520A610471
:1058F000B6008BA76F368A749A9A7649B6C1D302DE
:1058F800D13C80A9020E1E766F2C92F9D101B276A6
:105900009B00520056B001A880A86F238A749A9514
:105908007649B6C1D1016FF5D00892916FF08A74CB
:105910009A997649B6C180A9D1016F1380E1D1036C
:105918006F1080D9D1076F0D80F16FF7926C61031A
:1059200080A96F0280C9D301D17F6F0380D1D113C9
:105928005CAD926E9B01DCAB5DA48A787649B87851
:105930005CAD926E9641DCAB06A75DA48A78764991
:10593800B78C5CAD926E9641DCAB06765DA48A7836
:105940007649B7995CAD926E9641DCABB2A95DA485
:105948008A787649B7995CAD926E9641DCABA2A98C
:105950005DA48A787649B7996F2B5CAD926E9B03F4
:10595800DCAB5DA48A787649B8785CADD0099B0049
:105960009291DCAB520056B001A85DA4926E8A7889
:105968007649B8785CAD926EDCAB5DA48A787649EE
:10597000BAAC5CAD926EDCAB5DA48A787649BAAC09
:105978005CAD926EDCAB5DA48A787649BAAC927164
:105980007649B73ED100C5A46F0A5CAD91FF926E17
:10598800DCAB5DA48A787649B878D901939F60F634
:10599000926BFEBA82BE86BE8BBE0006D00AE802BB
:105998001640E2030094D010E801EBF0E203009413
:1059A000D012E8021640E2030094D014E8020D0081
:1059A800E2030094D016E8021640E2030094D0B057
:1059B000E8021CB0E2030094D01AE801F80056BFD8
:1059B80001D456BF01DC56BF01E456BF01EC56BF07
:1059C0000AF456BF03FCE2030094D022E590E20300
:1059C8000094D024E2030094D032E8020800E203F5
:1059D0000094D034E590E2030094D038E8020E4001
:1059D800E2030094D00EE801E668E80A1478E203CE
:1059E0000094D018E80233A0E80BA438E203009436
:1059E800D020E801D7D0E80AA1F0E2030094D0263D
:1059F000E801E570E80BEAB0E2030094D028E80182
:1059F800E570E80BEAB0E2030094D02AE801E5700C
:105A0000E80BEAB0E2030094D02CE801E570E80B63
:105A0800EAB0E2030094D02EE801BFD8E80D4410B4
:105A1000E2030094D030E801BFD8E80D4410E2035F
:105A180000948D0001049294E8020E40D00856BF0D
:105A20000394E20300C4D01C56BF01945201E80164
:105A2800FB98D01D56BF0794D01EE8099998289472
:105A300003E8D036E2030094611BE80220E8D03A84
:105A3800E801D41BE80247A2E808A318E20300948F
:105A40008D0001042B94D01DE2C40094E808937BE0
:105A4800E8501001E8092002E70000596F16E80243
:105A500020E8D03AE8022442E808A318E2030094C0
:105A5800E80B3A02D01DE2C40094D020E8501000B0
:105A6000E2AF0194E7000009D03CE80208038F414F
:105A680086A0E0028394D03EE2030094D058A0942C
:105A7000D05C8F435B60A0940200D05E8F404E20CC
:105A7800A094D0608F461A80A094D0628F404E20A8
:105A8000A094D06CE80200028F4186A0E8020401D5
:105A8800E8020E43A094D076E8020D008F430D4043
:105A9000A094D0788F400FA0A094D07A8F461A801F
:105A9800A094D0828F430D40A094D0868F4927C010
:105AA000A094D088A094D0908F404E20A094D09203
:105AA8008F430D40A094D0948F4927C0A094D09CD8
:105AB0008F404E20A094D09E8F409C40A094D0A0B8
:105AB8008F430D40A094D04C1E94D04E1E94D052CB
:105AC0001E94D0541E94D0561E94D05A1E94D06466
:105AC8001E94D0661E94D0681E94D06A1E94D06E20
:105AD0001E94D0701E94D0721E94D0741E94D07CEC
:105AD8001E94D07E1E94D0801E94D08A1E94D08CA2
:105AE0001E94D08E1E94D0961E94D0981E94D09A58
:105AE8001E94D0A21E94D0A41E94D0A61E94D0A812
:105AF0001E94D0AA1E94D042E2030094D00CE2037C
:105AF8000394D0B6E8060403E2030294D0B8E801A0
:105B0000FC02E2030194D0BAE801FC01E203039431
:105B0800D0C2E801F803E2030294D0C4E801FC0221
:105B1000E2030194D0C6E80223D1E2030394D0C883
:105B1800E8021643E2030294D0CCE592E203019432
:105B2000D0E2E591E2030394D0E4E80223D3E20358
:105B28000294D0EAE2030194D0ECE80223D1E20324
:105B30000394D0EEE80223D3E2030294D0F6E80106
:105B3800B93AE2030194D0FEE80E2D62E801FD01B6
:105B4000E20303948D000100E80ECBE1E802284B4C
:105B4800E20302948D000102E80C0003E801BE8A1A
:105B5000E20301948D000124E80DB8BAE80234E1B3
:105B5800E2030394D040E80A0001E80234E3E203D8
:105B60000294D0AEE80A0003E80234E2E2030194B2
:105B6800D0ACE80A0002E801C289E2030394D0B28B
:105B7000E80DB8B9E801CA8BE2030294D0B4E80D8D
:105B7800B8BBE801C3DAE2030194D0BCE80D4412D3
:105B8000E801C689E2030394D0BEE80DB8B9E80184
:105B8800D41BE2030294D0C0E808937BE801E51A2D
:105B9000E2030194D0CAE80EB852E8020FD9E2033A
:105B98000394D0CEE80A9E91E80237ABE203029460
:105BA000D0D0E80B7EDBE801D91AE2030194D0D211
:105BA800E80EB852E801EE61E2030394D0D4E80E9F
:105BB0006669E801AC33E2030294D0D6E809BDEB94
:105BB800E801AC32E2030194D0D8E809BDEAE80173
:105BC0009EB1E2030394D0DAE80DFCA9E801915BF1
:105BC800E2030294D0DCE80E63BBE801AC32E203E6
:105BD0000194D0DEE809BDEAE801C689E203039436
:105BD800D0E0E80DB8B9E801B93BE2030294D0E699
:105BE000E80E2D63E801E11AE2030194D0E8E80E23
:105BE800B852E801B939E2030394D0F0E80E2D6108
:105BF000E801D41BE2030294D0F2E808937BE801A9
:105BF800B93AE2030194D0F4E80E2D62E801B9390C
:105C0000E2030394D0F8E80E2D61E801D41BE2030F
:105C08000294D0FAE808937BE20301948D00010422
:105C100056BF0194D0FCE20303940006B2BDAABDB6
:105C1800A2BDE20304BDFE1482A50660A8521E546C
:105C20000652FFE101E6A2A9FFE101E30654FFE10C
:105C280001E08AA37649B7CA5200FFE101DA8A5433
:105C3000D00AC5948AC43E6786A906F36003AAF316
:105C3800AAE3AAA95DAD8A54D00803E3DD8EC59412
:105C40008BA95DA58AC43E6792CBFFE001BB884863
:105C480092A6610592C35201FFE001B18A52D01EAB
:105C5000C59406A76106AAA903F30FA7FFE601A44E
:105C5800924AFFE1019EE2AF004E92C3E802064974
:105C6000E6CF00025205E8087ED9E6950012E7006B
:105C6800008C62125205FFE100C55201FFE1017A82
:105C70005202FFE1015B5203FFE101495204FFE1DF
:105C7800010BFFEF01815206FFE1017552076165D3
:105C80005208613C5209FFE00177D13AD03CE2AFC3
:105C8800019BE2AF0093D13EE7200008D01CE695C7
:105C90000000E203009BE2AF0194E6940008AD141B
:105C9800FFE40122D140D042E2AF019BE2AF029380
:105CA000E6950009E7000089D01AD118E2740008CF
:105CA800E2AF0294E2AF019C7649B758520060080F
:105CB000D038E20300932841FFF4FFEF014DD038C4
:105CB800E20300932B41FFEF014792D3600A8A5415
:105CC000D010E2AF0093C5E48AC43E6756BF01D34B
:105CC800D00EBE00E2AF0093E6940004AD1456B5C2
:105CD00001A6E6940004AD1465078A52D0140E9410
:105CD8000FA1FFE6012E8A54D0527E93C5F48AC4E0
:105CE0003E67D509FFEF00D3D03492936104924907
:105CE800FFE0010FD00CE8020649C493E801D41A7A
:105CF000AAA98AA3D008E8087ED9C242E808937A04
:105CF8000393BDA90F22E7000009DC12D00AA8AB64
:105D0000E68B00209A00E3008393E5927649906643
:105D08005201A9A460078352D00A0E950FA1FFE69D
:105D100000F8E59088ADA2A9C5A3E2030050DE908B
:105D180088A6094A83A3DF48C242C3441E46C45228
:105D2000D0129A00DD3C9396764988DAC5A3D04D0F
:105D2800DF3293C7979352006053D508FFEF00877F
:105D30008A54D010E2AF0093C5D48AC43E67D034F1
:105D3800929361049249FFE000BCD00CE802064847
:105D4000C493E801D41CAAA98AA3D008C242E808D7
:105D48007ED8E808937CE2AF014E0393BDA90F1AF1
:105D5000DC12D00AA8ABE3020B93E68B00129A0187
:105D5800E305024C764990665201A9A46007835274
:105D6000D0090E950FA1FFE600A4A2A9C5A3C4A364
:105D680083A30946DF40DE44C342C2441E46C452F0
:105D7000D0129A01DD3A9396764988DAC5A3D04CC1
:105D7800DF3293C7979352006003D5066F37964179
:105D8000FFEF0082D00CE2AF0093E6940004AD1464
:105D88006232D00888940EA60FA1691A0EA6BDA982
:105D90000F12BDA10F16770077007700E68B000089
:105D9800E68B000977008A54E2740009D010E2AF5C
:105DA0000493C5D48AC4E70001083E676F618A5432
:105DA800D010E2AF0093C5D48AC43E67D5058AA354
:105DB000DC127649AB1CD008AA938AA3AAA976491B
:105DB800BA9C6F4E2841FFF56F4692D360078A540C
:105DC000C5F48AC43E6756BF01D38A52D0150E94DB
:105DC8000FA1663ED5046FEAD00EE2AF0093E694C9
:105DD0000004AD14651492D3600A8A54D010E2AF67
:105DD8000093C5E48AC43E6756BF01D38A52D014E3
:105DE0000E940FA166252841FFEA6F1DD5036FCEE3
:105DE80092A66106D0160E940FA169106F19D502FC
:105DF0006FC58A54C5F48AC43E67D5076FB9284178
:105DF800FFF36F092841FFFF6F062841FFFB6F0380
:105E00002841FFFEAAA98AA383547649A84AFE9492
:105E0800E2AF04BE82BE86BE8BBE0006B2BDAABD8E
:105E1000A2BDE20304BDE20305BD5AADDA8CFE7AF1
:105E1800761F031402008F00C71A2B021E3A764918
:105E200093D38D40C630E595761F0308E80206033C
:105E2800E2C40408E8020702E8020601E80224B016
:105E3000761F031602002B048AA1761F031CE203BF
:105E38000334761F0316E2030502761F0315E203F7
:105E4000023AE203013CE203003E761F031DE20337
:105E48000404761F03161E007649AB448AA17649DE
:105E5000A63E5DAD8AA1DDFA5DA576499E4C520055
:105E5800613F5CAD8F40C5D8DCFA5CA476499B4CA9
:105E6000D01528A84D0188A95592601E5CADDCF0C4
:105E68005CA47649B9435CAD761F030AE2030008D7
:105E7000DCEE5CA47649B9435CADE203000ADCECDD
:105E78005CA47649B943761F030856BF010A761F0A
:105E8000030AE203000CD00C8F00C5D89294610A7B
:105E8800761F0308D00A56BF01070694761F030E33
:105E90001E2292A6761F031456B001006F0E8D408D
:105E9800C5D88AA17649B2FF9A008AA17649B50683
:105EA0009A018AA17649B80628A9C0018D40C6503A
:105EA800F4A9DFFE8AA17649B0248DC10AC083A176
:105EB0008AA3764980009A018AA37649ADC0761FED
:105EB80003095CAD28A9C00256BF0111F4A9DFFE91
:105EC000DCBA5CA476498BAB5CADDCBA5DA48F0018
:105EC800C8AE7649ABBB8F00C5647649BAB48F00BB
:105ED000C5CC7649B5195CADDCFA5CA476499D83E6
:105ED8005CADDCFA5DA48F00C81A7649B8BF5CAD2A
:105EE000DCE15DA45CADDCE15CA4F60F2B857649BA
:105EE800A082D0352B928F00C5D892C4520160068B
:105EF00092CCD036562A00926003D0362B928D4039
:105EF800C5D888D180A62901FF20FFFF0FA760041D
:105F0000D0242B926F03D0247E92D0248AA1929227
:105F08007649B506D0380200B27E1E92D03A8F0983
:105F1000CC468D40CE741E92D03C1E92D03E1E9236
:105F1800D04056BF0192D04128A9AFB528A8089211
:105F20002B92D04256BF0192D0432B92D046A892DA
:105F2800D0448AA11E927649B84CE801FC009A0038
:105F30008AA17649ACA2E80215A09A018AA1764905
:105F3800ACA2E8020F809A028AA17649ACA2E802D4
:105F400008809A038AA17649ACA2E8021A409A0412
:105F48008AA17649ACA2E8021D789A0B8AA1764903
:105F5000ACA2E801F8989A148AA1E80DB23076490B
:105F5800ACA2E80216409A168AA17649ACA2E5904E
:105F60009A178AA17649ACA2E801F8009A188AA18A
:105F68007649ACA2E801FC009A1C8AA17649ACA249
:105F7000E801EFA89A558AA1E80E14787649ACA2F8
:105F7800E801FE009A568AA17649ACA2E801FA0027
:105F80009A578AA17649ACA228A9C0035DAD8DC0FD
:105F8800C9D6B27CF4A9DFFEDDE28AA35DA5764915
:105F9000758C7649926728A9C004F4A9DFFE76497A
:105F980098097640FE9C28A9C005F4A9DFFE764939
:105FA000B90428A9C006BE008F498C388AA3F4A979
:105FA800DFFEC2427649B8ABE801F265E80E666DDD
:105FB000E80234005DADD00CE2030092D012DDFAAD
:105FB800E20305928F00C6FAD00EE801F400289299
:105FC000FFFFD00F5DA52B92D01056BF0792D016C1
:105FC80056BF3292D01756BF3292D01856BFFA92A7
:105FD000D014E20300927641007928A9C007F4A901
:105FD800DFFE8F00C660FF204E207649B38D761F06
:105FE00003142B058F00C6402B062B072B08764980
:105FE800B3A4761F03142B092B0A2B0B2B0CFEFAD8
:105FF000E2AF05BEE2AF04BE82BE86BE8BBE000627
:105FF800B2BDAABDA2BDE20304BDE20305BDFE0E0B
:10600000C4A4E5908AA52B472B48865CE203004692
:106008007649B8D382A55200C24CFFE101CAC5F255
:106010008AC23E67D00A1E4EA393A9A9600C92C300
:106018005201600992DB6007A34ED10AD008A9F3A8
:10602000A99BA99392D3FFE001AE8A4C064ED00AF9
:1060280003AB0F94FFE601A45CADDC870EA45CAD66
:106030005DADDC8888A4DD861E425DA5C244C5E254
:106038008AC23E679248FFE0019092475201FFE012
:10604000018992C3520562105205616C5201FFE151
:1060480001465202FFE1010393A99DFD5301FFE9B7
:106050000088FFEF018693A99DFA53016906520853
:10605800FFE10151FFEF017DD100520656B101A1C8
:1060600052066004E801FC046F03E805FC0492DBBF
:10606800600F8A4C56BF01DBD00E064EE2AF00D45B
:10607000E3010D938AA3E71001487649B8B5AA4217
:1060780083A38A4C064E76499C265200FFE10159BB
:10608000D021E8020648E2AF0146E2C40293E808E4
:106088007ED8E70000407700E70000107649A511A8
:10609000D00EE6CF0005E2AF00937649A511E6CF1A
:106098000001E6CF00287649BA4D8AA3DC1A764972
:1060A000B4DED02C92CB9C010ACB5493FFE800992C
:1060A80092A152016104D508FFEF0087D507FFEFE1
:1060B00000848AA3DC147649B201D026E20300935F
:1060B8007649AEACD12883A3D026C44CE203009B1A
:1060C0008AA3DD22E2AF0093E2AF01D6DC2176495C
:1060C8009CF95200FFE00109D0212D938AA33503E2
:1060D000D02C9693DC1A7649B991D5066F5D9B005A
:1060D800520356B101A8520397496004E801FC0431
:1060E0006F03E805FC0492DB600CD00E56BF01DBA9
:1060E80056BF01E38AA3064EE2AF00937649B8B5DE
:1060F000AA4283A38A4C064E76499C265200FFE1B1
:1060F80000E092E36041D012E2AF0146E2AF0093C4
:10610000E72000087700E811F800AD146408E8AF54
:10610800E0007700E811F800AD1463FAE815F8002C
:10611000AD146308E88FE0007700E815F800AD14CF
:1061180064FA8AA3E8020649E8087ED9E70000087D
:10612000DC14E70000207649B4DED112D00892CB0F
:10612800C4468A4C9C010ACBC29B5494681292497B
:1061300052016108D5058AA3064E7649B9CFFFEF13
:1061380000A0D5046FF9D11206462BE31E9B8A4CAA
:10614000D00EE2AF00D4E3010D93064E8AA3E71010
:1061480001487649B8B5FFEF008C8A4C064E03F338
:106150008BA992E46004E801FC006F140EA9BDA9AC
:106158000F12BDA10F16770077007700E68B0000BD
:10616000E68B000977007700E2740008770077007B
:106168007700E8020649E831FC00E8087ED9E70034
:106170000009D010E2030193C5D28AC2864CE2AF77
:1061780000C23E670EE20FA1665BE8020649E8022C
:106180000648D10CD00ED503E8087ED9E8087ED8A1
:10618800E203019BE20300936FA756BF01DBC5D270
:106190008AC2864CE591E2AF00C23E67D10EE5951A
:10619800D00CE590E591E2030093E203019BD01057
:1061A000E203059388EA064E03F30FA66831D50291
:1061A8006F8B8AA3DC1A7649AEACD02AE20300933F
:1061B0007649B201E6AF00007649A511D12ED02470
:1061B800E2030093064ED0202B93D00A0393D00815
:1061C0001E9BC5928AC23E6756BF09C32BDB6F1068
:1061C80028A9FFF36F0928A9FFFB6F0628A9FFFF7D
:1061D0006F0328A9FFFC8AA383A27649B1B1FE8E82
:1061D800E2AF05BEE2AF04BE82BE86BE8BBE00063D
:1061E000B2BDAABDA2BDFE02E70000087700E84FDD
:1061E800C0007700E68E000077007700BFA60F1288
:1061F00086A496417E4276228F05D32206C418A833
:1061F800FFFB1EC4761AD00E06927622099B8AA946
:106200001AC40004761AD01006927622099B8AA935
:106208001AC40004761AD01206927622099B8AA92B
:106210001AC40004761A8BA2D302D90E8AC1CCC448
:10621800FFFE8AC1500296C48AC118C4FFFB8AC116
:106220001AC400088AC183C1CCC4FFCF96C58AC1F5
:1062280083C1CCC4E07F96C58AC11AC42000D402B9
:1062300006C17649B8FB026007C18AA90260A3C4FF
:1062380007C18AA918AA0000A9C48AC102632BE46D
:1062400007C18AA902082BC407C18AA9CCC4F3ECF0
:1062480088A9020807C18AA902087EC407C18AA9C9
:1062500092C4504088A9020807C18AA902097EC4D5
:1062580007C18AA992C4501088A9020907C18AA94E
:1062600002097EC407C18AA992C4504088A90209C4
:1062680007C18AA902407EC407C18AA9CCC4FFEF2E
:10627000502088A9024007C18AA902407EC407C1F4
:106278008AA9CCC4FF7F504088A9024007C18AA9D7
:1062800002497EC407C18AA9CCC4FFFB500888A973
:10628800024907C18AA9020C7EC407C18AA992C41F
:10629000500288A9020C07C18AA9020C7EC407C15A
:106298008AA992C4500188A9020C07C18AA9020CD4
:1062A0007EC407C18AA9CCC4FFEF88A9020C07C12C
:1062A8008AA9020C7EC407C18AA9CCC4FFFB88A9AD
:1062B000020C07C18AA9020C7EC407C18AA992C434
:1062B800500888A9020C07C18AA902517EC407C1E7
:1062C0008AA9025356BF14C407C18AA9021456BF33
:1062C80014C407C18AA918C4FFFE06817622098072
:1062D0008AA992C42BC4761A000BFF42D00E02A4E6
:1062D80007928AA9D10E18C4FFF78A9AD0A4CC9441
:1062E000FDFFD0A41AA905009694A8A909A48AA91B
:1062E800D00E02A41AC4001007928AA9D01002A4E2
:1062F0001AC4080007928AA9CCC4F9FF88A9D01053
:1062F80002A41AA6010007928AA9D0107EC48A9225
:10630000A8A909A683A9D0B0D1B01AC50020CC9401
:10630800FFF05001D010969C02A407928AA9D010E1
:1063100002A41AC4080007928AA9CCC48FFF88A9D6
:10631800D01002A41AA6200007928AA9D0107EC421
:106320008A92A8A909A683A9D0B0D1B01AC5002025
:10632800CC94F1FF1AA90100D010969C02A4079200
:106330008AA992411AC48000520F66355200601A31
:10633800D00E8A92A8A909A683A9D0AED1AE1AC553
:106340000010CC94FFF05001D00E969C8A92A8A920
:1063480009A683A9D0B01AC50020CC94FFF050014B
:106350006F30D00E8A92A8A909A683A9D0AED1AE7B
:106358001AC50010CC94FFF0CA41D00E969C8A92C0
:10636000A8A909A683A9D0B01AC50020CC94FFF033
:10636800CA416F17D00E8A92A8A909A683A9D0AEF0
:10637000D1AE1AC500109294500FD00E969C8A92FE
:10637800A8A909A683A9D0B01AC500209294500FE5
:10638000D0B0969402AAD00E07928AA9D00E02AA83
:106388001AC4000107928AA9D00E884202631AC46F
:10639000000407928AA9D01002637EC407928AA9DA
:10639800D01202637EC407928AA9D00E026F7EC40F
:1063A00007928AA956BF02C476228F05D32206C45B
:1063A80051041EC4761AFE8282BE86BE8BBE0006CB
:1063B000B2BDAABDA2BD5AADDA8BFE72D00BD122FE
:1063B80082A9A092069CD011A8925CADD00DDCE613
:1063C0001E92D0155CA492C29692D0162B92D00F3A
:1063C80006CA1E927649BA16D00B5CAD8392D011DC
:1063D000C592DCE6A2A95CA4DF2A27C73F41764923
:1063D800A5A95CADDCE65CA47649BA485200611810
:1063E0005CAD88A9DCE6DE8180A4B51000A68D40F6
:1063E80000168D0000165CAD939A58928D400016E9
:1063F0009D01DCCD5CA49287D802979A9694D01127
:1063F8005DAD8A92D11ED016DDCD58925DA5929CD6
:1064000090FFD80296955DADD0165892D11FDDCD84
:10640800929CD8035DA590FF88A0D1209695D016C0
:106410005DAD5892069CD1165CADB600DDE77E9A64
:10641800DCCD88A45CADD80456B001A75DA5DCCB63
:106420007F965CA456BF04417649B564BE07B50F9C
:1064280000A68D0000165CAD92928D4000168D007E
:1064300000165892DCCD5CA49C01969AD8022B944D
:10643800D00272A0D1165DAD789AD1118A9ADDCDBD
:106440005DA5D11C939C91FF97955DADD01DDDCDD1
:1064480093945DA5D00372A091FFBE0FDC019795D0
:10645000B51000A68D0000165DAD92928D4000161D
:106458008D0000169C01DDCD58925DA5C784969AE3
:10646000D80297955CADD0029B0172A0DCCD5CA4F4
:10646800D11695A9979A2B94D00D0692611ABE0061
:106470006F10D116D0169D015CAD809A599288A8F4
:10647800DCCDD016DF015CA490FFD9027F92969CF8
:1064800058A6D10D8A9A9294610493A6532068EA83
:1064880028A98A8128A8EE461E4228A96A9E28A81B
:1064900021C47649A9D25CADD01693A9DCCB9292E7
:106498005CA47649B126D131D01693A95C92CCA8D8
:1064A00000FFD030FFD79692DC08979AD01692A4BE
:1064A8009B075D92764101B0D014DD027D92D01534
:1064B000549265049A00FFEF0083D0118A92C5A41C
:1064B800D039D13B9B01DF2892C796415D94929CCD
:1064C000D4007649ADE2D00D29011E92D0168092FB
:1064C800FF20FFFED0132B920FA76167D0152B92E8
:1064D000D0149292D0159E92D0132D925207D00FC5
:1064D80056B707A3562A08A3C4929A0CD00B36A91C
:1064E0002BAC07A61E92D0139392600328AC000138
:1064E80092A3D01594922BAAD014939255A966031F
:1064F00028AA0001D0139392D00DC492D00B8A9297
:1064F8009101D10B92A356BF019CC2C4611488A319
:10650000D00BC592D400DE81DF03B50B00A658A4E2
:106508005DAD8D400015929A72A0DDCD5DA5DC01D0
:1065100027953F87D0118A92D13A92AC5D9C5CA8B6
:1065180093AA7649B676D00BC59288A9D01506A756
:106520000DA38AA99292D01594A37EDC9692D013E3
:106528005C92D013DC017C928AA79B0195A3D014BE
:1065300097D4939255A9669DD0139292FEF282BE93
:1065380086BE8BBE0006B2BDAABDE20304BDE2035F
:1065400005BDE20306BDE20307BDFE04D028E80254
:106548000602E2AF0494D026E2AF0394D02AE2AF69
:106550000194E2740051E6CF000686A5D010E2AFA8
:106558000094E700000DE811FC04AD14FFE4013BD2
:10656000E811FC03AD14FFE40136E811FC05AD149D
:10656800FFE40131E2AF01C2E6CF00307649B10A5B
:10657000E801E11AE80EB852E6CF0001E6950009FD
:10657800E6940011AD14FFE4011CE6CF000AE5A083
:10658000AD146504E801FC016F03E805FC01E700B8
:1065880000D877007700E2740100D132D034E203FA
:10659000019AE2030692E6940005E2030044AD147A
:10659800656EE6CF0029E6CF0018E700004EE71049
:1065A000000577007700E2740177E7100125E70026
:1065A800004677007700E27401757700770077007E
:1065B0007700E71001ED7700E710016EE274010744
:1065B800E6940016AD146541E70000017700770006
:1065C000E274010B7700E85020067700E7000195A0
:1065C800E70000D97700E710014977007700E27704
:1065D000000D77007700E6CF001EE6AF0036E7102B
:1065D80001A97700E84FC0097700E6940019AD14C7
:1065E0006508E72000CA77007700E27400156F1392
:1065E800E70001207700E70000107700E84FC000BF
:1065F000764987AEE70000017700E2740107E27494
:1065F8000109E595E5926F4DE31B6C44E720010C1A
:106600007700E7200152E27400E56F40E6CF0029F1
:10660800E700010877007700E2770003770077005A
:1066100077007700E70000DEE7000127E700019B35
:10661800E2030744E3096844E274001E7700E27766
:10662000002877007700E71001B3E595E2740107D1
:10662800E6940013AD146513E2AF0044E7000010D0
:106630007700E84FC000764987AEE7000001E274BA
:106638000107E6CF002AE27401096F0BE71001B3E6
:106640007700E72000D277007700E27400527700ED
:10664800D02CE593E596E2030392D02EE594E2037D
:106650000692E80223CBE80223CEE80FFFFEE70014
:1066580000B2D030E88FC012E80FFFFBE6880012C6
:10666000E2030492E6890012D020E00AD292770079
:10666800E88FC012E80223CCE6880012E80FFFFC8E
:10667000E6890012D01CE2030292D024E00F1292AD
:106678007700E88FC0127700E68800127700E68975
:106680000012D01AE2030292D01EE2030292D0223C
:10668800E2030292D028E2030192D02AE2030092A8
:10669000D01856BF0192D026E20302926F03D018A1
:106698002B92FE84E2AF07BEE2AF06BEE2AF05BEB4
:1066A000E2AF04BE86BE8BBE0006B2BDAABDA2BDCF
:1066A800FE02761F030892195203620F5203FFE19C
:1066B00000B85200FFE100F25201FFE100DC52029B
:1066B800FFE100C2FFEF010F5204615A5206FFE0EA
:1066C000010A9217FFE001239216FFE00120D00C8F
:1066C8008F00C776E2AF0094D014E2AF0194D008EF
:1066D0009294E6960008610A761F031D923E5201CD
:1066D80061039A026F049A016F029A008F00C5C085
:1066E0007649944A5200600D761F03170600761F04
:1066E800030856BF0116761F031C1E1AFFEF00F79A
:1066F000761F030AC5188D40CE74761F0317E2AFCC
:1066F8000000761F030AC41A061C8AA1761F031C11
:106700001E20E203001A9A9EC31CC21E7649ACA248
:10670800E5909A9F8AA17649ACA2761F030856BFE6
:1067100005198D80C5CC8DC9CB9EFFEF00AB920EC5
:10671800FFE000CD761F032492366064761F030ADB
:10672000E2AF010CE5A1AD146205E801D7D1E80A9A
:10672800A1F1761F03248F00C71AE2AF003876491B
:1067300086775200614F761F031C8F00C5C09A04F4
:10673800E2AF001A7649A0FB52006144761F031CA1
:10674000E590A31CC51EC420E593E592761F030ABD
:10674800E591E2030016761F03170600761F03087B
:1067500056BF0619761F031CE203031CE203021E48
:10675800E2030120761F030856BF0116761F030ABD
:10676000A918C31AC21C761F031C1E1A6F1F920B96
:10676800CA0C607C761F031D92266008761F0308FA
:1067700056BF010D56BF04196F11761F0308281A62
:10677800FFFB6F2876498E56761F03089207600B39
:106780002B1A761F030856BF05198D80C5CC8DC9FD
:10678800CB9E6F3556BF010B56BF03198D40CE7493
:106790006F8192096053761F0321923E6006761F37
:10679800030856BF02196FEA7649B724761F030823
:1067A000961A56BF05196F4292186140920CCA0999
:1067A8002B18CA0E603B2B1A7649BAA88D80C5CC27
:1067B0008DC9CB9E8AA283A356BF01417649B35FA0
:1067B800761F030856BF030456BF01198D40CE74D7
:1067C0007649BAA88AA283A356BF01417649B35F2E
:1067C8006F158D40CE74E2C8001A9A968AA1764950
:1067D000ACA27649BAA88F00C5CC8F49CB9E2B417D
:1067D8007649B35F761F03082B19761F03089A952D
:1067E0008AA1E2C400197649ACA2FE8282BE86BEAE
:1067E8008BBE0006B2BDAABDE20304BDE20305BD2F
:1067F000E20306BDE20307BDFE02BFA60F129A0028
:1067F8009B8086A60FA6651D06A618A87FFFFF58D2
:106800006005E807FC00FFEF010606A66309761F96
:106808000313E803FE0056BF2120FFEF00FCE85306
:106810000000770002001919BFA20F128BA96F02A6
:10681800D1009A0028A87F800FA26205E710000027
:10682000FFEF00E9AAABAAA928AC001718AA007FBD
:10682800561007A1197F8BA928A9FB209B4A07AB03
:106830001EA656109B009001560100A106A691804D
:1068380090001CA83F80CAABCBAABDA90F128F003D
:10684000C000A9A2A9A9FF1F0001E8AFE004917F41
:106848000FA4FFE40082E8900021E6CF0020764103
:106850000128E801F957E80D5557E801F48AE700E7
:106858000005AAA98F30A3D0E80F4F72E700016B9B
:10686000BDA10F1603A4E70000D68F35C288E8014A
:10686800F3C2A8ABE80CF132E71001F6565D00A2BE
:10687000E6890009E70000D7CAABE70001ADE801EF
:10687800F666E80E709EE71001F2CBAAE700009AD0
:10688000FF58E71001536528E84FC022B2A9E7007E
:1068880000A26116E710009DE801B8BBE801F98F86
:10689000E7000140E80FBE8BE700005DE80B8C07C6
:10689800E7100140E7000079E72000106F21E710BA
:1068A00000997700E70000407700E72000107700AC
:1068A800E72000206F5FB2A96119E72000E5E80141
:1068B000B8BAE801F98BE80FBE8AE7000140E700AB
:1068B8000052E80B8C03E7200080E7000059E7202E
:1068C00001007700E72000086F45E72000E177002E
:1068C800E70000406FDEE5A4AD146124E801F5504F
:1068D000E80D5558E7000101E7000127E8CFC0099E
:1068D800B2A9E70001CA6113BDA10F1E7700E80144
:1068E000B8B8E801F989E80FBE88E689001BE80B13
:1068E8008C01E70000C0E70000C96FAFE72000A0F7
:1068F0006F19B2A96116BDA10F1A7700E801F988D6
:1068F800E801B8B9E80B8C00E6890012E80FBE89F8
:10690000E7000080E70000897700E71000406F0291
:10690800E590FE82E2AF07BEE2AF06BEE2AF05BE8B
:10691000E2AF04BE86BE8BBE0006B2BDAABDA2BD5C
:10691800FE2286A4D02882A59292FFE0011A92D383
:10692000FFE1011706C37649BAED59A95200FFE10C
:1069280001105DD3A2A9DD810DA58AA992DC5CAD19
:10693000DC8688A47649B2CD5DD39346DD8188A5F7
:10693800601B8D00047F9392FFE100FB8D000480B3
:1069400080920EA10FA7FFE000F48D0004818092D9
:106948000E430FA7FFE000ED8D000482939255449B
:10695000611AFFEF00E69344FFE000E38D00047F3F
:1069580056BF01928D000480924379928D00048481
:106960008D4004812B928D000483969A2B928D008A
:1069680004822B9292A6611BD500DE818D000484DF
:1069700092925218671427A99A0194AB9692A2A9F1
:106978000DA58AA992DC90FF80A9AAA90DAB8AA9C6
:10698000DD018D0004857F94000EFFEAAAA9FF10A7
:1069880004838AA98D0004829B0092920AC4520053
:1069900056B101A892459792FFE100A38D000483B0
:106998008D4004849292939A8D00047F520156B9D7
:1069A00000A156B602A12B929A0194A154A8FFE629
:1069A800009092A15202602628A9812628A80B2AC5
:1069B0001E4228A91D4028A820A17649A9D28D00F1
:1069B800048688A9560308928D000485CA928D0022
:1069C00004845C925BA9AAA9DC8280A4FF100487DE
:1069C8008AA993A692A77649B12688A90EA30FA6ED
:1069D00060675CADDC9F5CA47649BA165CA18D0053
:1069D8000484D10088926F0DAAA95DAD0DA4FF10A3
:1069E00004851EA7DD9F5DA5DC0192C7969DD90198
:1069E80092A654A466F2560303A15CAD5DAD96472A
:1069F0002B60DC9FDDA09A075CA45DA57649A57796
:1069F8005CAD5DAD82A9DC9FDDA09A015CA45DA5BC
:106A00007649A57792A19CFF96627B6192A1520183
:106A0800611D5BA1D100DB8292A1521067175CADBA
:106A10005DAD9A08DC9FDDA05CA45DA57649A577F5
:106A18001EA6AAA90DA18AA988A693CC91FF0EA8A3
:106A20000FA66016D901000BFFE99261600C8D0082
:106A2800047E92625492690C8D00047A8D40047E33
:106A30002B926F05D029D12856BF0192969AFEA2BB
:106A380082BE86BE8BBE0006B2BDAABDA2BD5AAD3F
:106A4000DA88FE52D00EA8928D00046E9394D01373
:106A48009692D00CA09260188D400472C59C8D005F
:106A5000046C5DAD56BF40418D4004700694DDC2AC
:106A58005DA58A9C3E67D0125200969264039B0003
:106A60006F069B056F029B02D0122B925CADCCA8E7
:106A680000FFD017DCC459A4FFD79792D01296C163
:106A70009A029492D00E8A92C5A45BA98D00046BF1
:106A78009B30DF2892C7964192948D0004695D94FB
:106A8000D4007649ADE2D00A1E9292A35207FFE9E4
:106A8800009528A9CA9328A88DCD1E4228A9F67872
:106A900028A89F337649A9D293A98AA192A37649BF
:106A9800B126D01493A9CCA800FF9692FFD7D015A1
:106AA0009A0A97929B04D012959280A8D0129B07C5
:106AA8009492764101B0D0127F92D01354926270C2
:106AB000D0132B92D0112B92D0129292D0139E927F
:106AB800D0112D925207D00C56B707A3562A08A317
:106AC000C4929A0CD00836A92BAC07A61E92D011FE
:106AC8009392600328AC000192A3D01394922BAA4E
:106AD000D012939255A9660328AA0001D01193926F
:106AD800D00AC492D0088A929101D10B92A356BFD2
:106AE000019CC2C4611488A3D008C592D400DE8181
:106AE800DF03B50B00A658A45DAD8D400013929A44
:106AF00072A0DDC65DA5DC0127953F87D00E8A9286
:106AF8008D40046A92AC5D9C5CA893AA7649B676F0
:106B0000D008C59288A9D01306A70DA38AA992928E
:106B0800D01394A37EDC9692D0115C92D011DC0154
:106B10007C928AA79B0195A3D01297D4939255A9F2
:106B1800669CD01192926F35D013929262039A00BC
:106B20006F30D00C88A38A92D10BD00A0692DE81F6
:106B2800C5A456BF019C1EC49A00DF03B50900A680
:106B30005CADD00272A0DCC65CA49C0193949787E4
:106B38007700D00E8A928D40046A9A019B015D9C71
:106B4000D4007649B676D00C8A9288A9C5A4A8A9A3
:106B48000DA38AA97EDC8AA79B0195A39A0197D4F5
:106B5000FED282BE86BE8BBE0006B2BDAABDA2BD5D
:106B5800E20304BDE20305BDE20306BDE20307BD8F
:106B6000FE067649B34882A486A5E6CF0004E20378
:106B68000144E203004676497838E6CF0021E2AFD7
:106B700000D27649B10AD00EE6CF000392936004AA
:106B7800E801FC056F03E805FC05D00CE801EE60B0
:106B8000E2AF06C3E2AF02D3E2AF01E3E2AF04F348
:106B8800E3075F93E80E6668E6940007AD14651E98
:106B9000D00AE2AF0093E274003F77007700E6CFBF
:106B98000018E6950000E6940038AD14630FE2741F
:106BA00001C07700770077007700E7000186E700F3
:106BA8000082E7000041E7000104E6CF0018E70093
:106BB00000F6E6950000E8120D00AD14630FE2AF99
:106BB8000044E70000807700E700001AE2AF07E230
:106BC000E71001D07700E20300E28AA2E2AF0244BC
:106BC800DC0EE2AF00C4E7100012E2AF00F2E2030D
:106BD00002C4E6940003AD14610ED00EE2AF02923F
:106BD800E27400897700E7200018E597D00EE000FE
:106BE0004F926F02E591D10AD008E2AF009AE2AF6E
:106BE80002937649B9168AA2D00AD10ADC10E203C8
:106BF0000092E2AF0244D008E2AF00C4E2AF079ACD
:106BF800E3140192E2AF0246E20300C4E694000AFD
:106C0000AD146113E2AF00467649B10AD110E2AF8C
:106C0800019AE2740061D010E6AF0000E7000028A6
:106C1000E592E0004A926F02E591D10CD008E2AF14
:106C1800009AE2AF02937649B916D10CD00CE20380
:106C2000009AE801FC01E6CF0030E2AF0492764919
:106C2800B5E0E6950000E8CFE001E2AF00E2764982
:106C3000B5E0D008E20300E2E2AF00E2E31C014667
:106C3800E801FC02E01E0192E805FC01E01803F2FD
:106C40007649B5CFD122D02AE801F151E2AF0293C3
:106C4800E80D5559D01EE2AF0493D02CE3045A92B4
:106C5000D010E304D193D024E7000040E70000A166
:106C5800E2AF0293E312019B7649B5CFD012E2036B
:106C60000092FE86E2AF07BEE2AF06BEE2AF05BE0F
:106C6800E2AF04BE82BE86BE8BBE0006B2BDAABD20
:106C7000A2BDFE0686A4D02882A59292FFE101055E
:106C78008D00018F9292FFE1010092D3FFE100FDA8
:106C800006C37649BA0A5200FFE000F706C3764908
:106C8800BAED88A98D0001900E920FA6FFE000EDE5
:106C900006C37649BA8C88A9D0280E920FA6FFE0C9
:106C980000E45DD3A2A9DD810DA58AA992DC5CADD3
:106CA000DC8688A47649B2CD88438D0001910E928E
:106CA8000FA6FFE000D292D393469CFF5300600DDD
:106CB0008D00025D9392FFE100C88D00025E939209
:106CB80055446113FFEF00C19344FFE000BE8D000F
:106CC000025D8D40025F56BF01928D0002602B9ADB
:106CC8002B928D00025E2B925200611C88A9D50080
:106CD000DE818D00026027921BAB010467139A01CD
:106CD80094AB9692A2A90DA58AA992DC90FF80A9EF
:106CE000AAA90DAB8AA9DD018D0002617F94000E77
:106CE800FFEAAAA9FF10025F8AA98D00025E9B0035
:106CF00092920AC4520056B101A892459792FFE1C0
:106CF80000848D00025D2B928D00018F2B928D00F8
:106D0000025F92928D0002609392520156B900A1E7
:106D080056B602A19A0294A154A8666E92A15202A4
:106D1000602628A9CA9328A88DCD1E4228A9F678F6
:106D180028A89F337649A9D28D00026288A9560314
:106D200008928D000261CA928D0002605C925BA99C
:106D2800AAA9DC8280A4FF1002638AA993A692A76D
:106D30007649B12688A90EA30FA660468D00026091
:106D38009292BE019EA15BA9AAA90DA11EA792A12C
:106D400072A6AAA90DA68AA98D000261560308940D
:106D48008AA7DB82CA948D00047496921BA3010063
:106D5000660492A360046F198DC0010058A3AAA90C
:106D5800FF1101B3D88188A0D5001EA78D0002615C
:106D6000B50A00A65CA592A172A4AAA9DC020DA492
:106D68008AA9DD01929496878D0004669A007B9229
:106D70008D4004671BA301008D00036556B801A96F
:106D780056BF0192969AFE8682BE86BE8BBE0006DC
:106D8000B2BDAABDA2BD5AADDA8808AD01AA80ADD8
:106D88008D400192BE03D00E2BAC08A7FE625BA912
:106D9000A39CA89280A7D00CA092B50900A6A9A98F
:106D9800562290FF968792AC9C082DA97700770021
:106DA000D00E8D40025C83922B87D405BE00279DB8
:106DA8006F0CD00E06920DA683A98D000194DC010C
:106DB000DE01929590FF968792AB54A666F359A494
:106DB80092A1520766125200610D5CAD88AD08A41D
:106DC000FF2F08A6FE625DA45CA180A6DC81F7A46B
:106DC8002485D01379926F3328A9CA9328A88DCD2A
:106DD0001E4228A9F67828A89F337649A9D25CAD2F
:106DD80008A4FE6293A992A15CA47649B126D0E1E9
:106DE000CDA900FF9792FFC7D0E2969292A16113BE
:106DE8005CAD08A4FE629A0088A1DE8180A4B50982
:106DF00000A65CAD08A4FF2FD00272A05CA49C0189
:106DF800938797949A02D01394A196929A06D013E7
:106E00009B079492764101B054A365049A00FFEF6A
:106E08000081D00E8A92C5A48D0001909B30DF28A6
:106E100092C796419A145D94D4017649ADE2D0119F
:106E18002B92D00A1E92D01392926169D0122B92B3
:106E2000D0139292D0129E92D0112D925207D00C74
:106E280056B707A3562A08A3C4929A0CD00836A9C5
:106E30002BAC07A61E92D0119392600328AC0001E0
:106E380092A3D01294922BAAD013939255A96603C9
:106E400028AA0001D0119392D00AC492D0088A9245
:106E48009101D10B92A356BF019CC2C4611588A3BE
:106E5000D008C592D400DE81DF03B50C00A65DAD7D
:106E580058A408A5FF2F8D400012929A72A05DA534
:106E6000DC0127953F87D00E8A928D40019192AC2C
:106E68005D9C5CA893AA7649B676D008C59288A995
:106E7000D01206A70DA38AA99292D01294A37EDC09
:106E78009692D0115C92D011DC017C928AA79B017A
:106E800095A3D01397D4939255A9669BD011929253
:106E880008ADFE5682BE86BE8BBE0006B2BDAABD48
:106E9000FE06761F03089209603A9204FFE10101A1
:106E9800761F03149208FFE000FC761F0308930492
:106EA000920E2B0497059706CA0CFFE000F28D4066
:106EA800C7A68AA176498714761F0308920652035B
:106EB00056B836A056B802916804761F031F2B1CE3
:106EB800E801C288D00EE80DB8B8E203009176491F
:106EC000AA268F00C85E83A17649AF2E761F0308DD
:106EC80056BF010356BF0109FFEF00CB761F03230E
:106ED000922652056105761F0307922561058F00F2
:106ED800C85E7649BAE28F09CBC68D40C85EA84223
:106EE00083A18F00C7A6764940C18AA17649B9A17E
:106EE8005200FFE100AE7649B21B8D80CE74D020EF
:106EF0009A828AA22B09E2C800917649ACA2D03AC4
:106EF8009A9B8AA2E2AF00917649ACA2D03C9A9CB8
:106F0000E28400918AA27649ACA2D03E9A9DE284A6
:106F080000918AA27649ACA2761F0321923EFFE047
:106F10000088D022E2AF00918AA29A7FE8511E80B9
:106F18007649ACA2E8024BA0D0249A808AA2E8095C
:106F20002000E2AF0191E70000407649ACA2E80200
:106F28004BA0D0289A818AA2E8092000E2AF0191FB
:106F3000E70000407649ACA2E801D418761F03228E
:106F3800E8089378E2AF0100E6940001AD14651506
:106F4000E2AF0000E811F800AD14630F761F0314E0
:106F48008A16767EB6BC761F0322E2AF0000761F53
:106F500003148A16767EB686761F0322E801B030C7
:106F5800E2AF0102E809BDE8E6940001AD1465233B
:106F6000E801C688E80DB8B8E6940001AD14631BCB
:106F6800C40206025DAD761F03141E448A16DD8630
:106F7000C2465DA5767EBEC4E8024BA0761F032202
:106F7800E8092000E2AF0102E7000040761F030B9A
:106F8000E2030032761F0308D0228F00C85E56BF8E
:106F8800010AD124761F0314069456BF0100D028A5
:106F9000C49CC594761F030A1E08C20AC30CFE8651
:106F980086BE8BBE0006B2BD02648BA47640FE0E90
:106FA000D400D50006E17649A66FD400D50006D1FD
:106FA8007649A66FD400D50006C17649A66F02645B
:106FB0007640FE0E76228F05D76818C4F8FF18C4F5
:106FB800FFF8761A8AC17622CCCCFFF0500296CC24
:106FC000761A8AD17622CCCCFFF0500296CC761A73
:106FC8008AE17622CCCCFFF0500296CC761A8AC1A0
:106FD00076221AC40004761A8AD176221AC40004D2
:106FD800761A8AE176221AC40004761A8AC17622C1
:106FE0001AC40080761A8AD176221AC40080761AD2
:106FE8008AE176221AC40080761A8AC17622D009EC
:106FF000CC94FFF0D00950109694761A8AD176225C
:106FF800D009CC94FFF0D00950109694761A8AE103
:107000007622D009CC94FFF0D00950109694761ACD
:10700800FF2003E87640FE0E020707D18AA9762200
:10701000CCC4FFF0500296C4761A021007D18AA998
:10701800762206C418A9FE0018A8FE1F1AA9802CFB
:1070200051571EC4761A021007C18AA9762206C4D7
:1070280018A9FE0018A8FE181AA9802C51501EC4D1
:10703000761A021007E18AA9762206C418A97E00F2
:1070380018A8FE18502C51511EC4761A021607D1F2
:107040008AA9762206C418A9FE0018A8FE7F1AA9EC
:10704800802C51771EC4761A021807D18AA9762295
:1070500006C418A9FE0018A8FE0F1AA9802C518793
:107058001EC4761A021207C18AA9762206C418A984
:107060007E0018A8FE18502C51531EC4761A021226
:1070680007D18AA9762206C418A97E0018A8FE1896
:10707000502C51531EC4761A021407D18AA97622C5
:1070780006C418A9FE0018A8FE191AA9802C515197
:107080001EC4761A021207E18AA9762206C418A93C
:107088007E0018A8FE18502C51531EC4761A0214FC
:1070900007E18AA9762206C418A9FE0018A8FE19DD
:107098001AA9802C51511EC4761A8BBE0006B2BDA7
:1070A000AABDA2BDFE0A8855A0487E44C45486A944
:1070A800A8A982A4C24A613A064A61389244653660
:1070B000D028929360318D000476929360088D40C1
:1070B80004768D00047856BF019BAA93AAA98D4037
:1070C0000478D01A039B0F9368218D00047A929361
:1070C8006108AAA98D40047CD018039B0F93681609
:1070D000834A7649959E8D40047A8D00047CAA935C
:1070D8008D0004759A0156BF019B93939D01911FE2
:1070E0009793FFEF00BB064860049A00FFEF00B6DD
:1070E800D0309293600ED114AAA9D032039B1E937C
:1070F000D116D03056BF0193AAA9D034039B1E935A
:1070F800D03892932B45610D064A1E42924496431E
:10710000AAA9764963B052006504D03896452B93FE
:10710800D03C929361112D45064A310C8AA3560151
:1071100000AB9244A9A59EAC7649767252006504F4
:10711800D03C72452B938D000189929361162D45C1
:10712000064A310C8AA3560100AB9244A9A59EAC35
:107128007649A8A3520065098D4001898D00018D1B
:1071300072452B9B56BF01938D0004689293611298
:107138002D45064A310C8AA3560100AB9244A9A5F5
:107140009EAC76496A3C520065058D000468724524
:107148002B938D00018E929361162D45064A310CC2
:107150008AA3560100AB9244A9A59EAC76496D80E6
:10715800520065098D40018E8D00018F72452B9B71
:1071600056BF0193D132AAA9D014039B0F9368177D
:107168009244544565142D45C44A350C8AA307A694
:107170001E428348AAA976499A5DD0360A45929361
:10717800D0329C01AA93901FD0369693D134AAA9F5
:10718000D016039B0F93681892449E4552036414D3
:107188002D45C44A350C8AA307A61E428348764972
:1071900073A0D037084500039293D0349C01AA9382
:10719800901FD03796939245FE8A82BE86BE8BBEDC
:1071A0000006E20304BDE6CF00047700BFA70F226C
:1071A800E20305BD06A718A87FFFA3A71EA6E20352
:1071B00006BDE20307BDFF2F7F000FA6FFE500D24B
:1071B800FF2F7E000FA66543FF2F65000FA664050D
:1071C000E801FE48FFEF00CEE805E069E805E97850
:1071C800E805F9A7E7000122E7000126E80E9B5928
:1071D000E8089DD0E80F2D77E700008BE801F15219
:1071D800E71000C5E7000123E7000120E80D53AAE6
:1071E000E7000175E70000F9E7100152E88FE009B8
:1071E800E700008076410128E8019D11E7000020B2
:1071F000E8090B41E7200009E801FE4EE7200061A5
:1071F800E8087ED6E7200070FFEF009D06A76341F0
:10720000E88FE0207700E84FC0057700E6CF002840
:1072080076410278E805E069E805E97AE6CF000406
:10721000E801F153E80E9B59E805F9A0E8089DD272
:10721800E7000149E80D53ABE7100089E80F2D702E
:10722000E7000069E7000140E710005AE88FE0013D
:10722800E70000A876410128E8019D11E700002049
:10723000E8090B41E72000407700E7100101E80270
:10723800024FE7100049E8087ED7E72000786F5A28
:10724000E8CFE0207700E84FC0057700E6CF0028C0
:1072480076410278E805E06AE805E97BE6CF0004C4
:10725000E805F9A1E801F150E80E9B5AE8089DD332
:10725800E80F2D71BFA90F22E80D53A8E7000152CE
:1072600018A9F000E71000D2E7000149E70000AAE2
:10726800BDA90F2AE7100080E88FE009E700002891
:1072700076410128E6CF0007E70001B0E7100131B1
:10727800E720002876410128E70001E17700E710C0
:1072800000407700E71001807700E71000006F12E0
:107288000FA6600AA9A96503E5906F0CE8020248F9
:10729000E8087ED86F07761F0313E803FE0056BF89
:107298002120E2AF07BEE2AF06BEE2AF05BEE2AF15
:1072A00004BE0006B2BDE20304BDE20305BDE20375
:1072A80006BDE20307BDFE02D008E801FC04E2AF18
:1072B0000652E2AF0550E6CF0007E2030494D00A7D
:1072B800E59456BF03C4E2030494D00CE20304D45B
:1072C000E20304E4E2030494D00EE2030494D01039
:1072C800E2030494D012E2030494D014E801FC040D
:1072D0002B94E20304F4E6CF000CE5A3E6C100130F
:1072D8007649B43A5200611BE6CF00207649B43AA9
:1072E00052006115E5A2AD146512E5A3AD14650F5A
:1072E800E5A5AD14650CE811FC05AD146208E5A62A
:1072F000AD146505E811FC06AD1465049A00FFEFB6
:1072F800009EE27400D0E2740139770077007700CD
:10730000E7000004E7000042E20304E4E811FC02A5
:10730800E20302D4AD146231E694002AAD1464217C
:10731000E801FC00E801FC01E7200153E02A40F409
:1073180077007700E274001F770077002BC4E8CF6E
:10732000E028E5A7AD14E274001B6405E694000FA5
:10732800AD146503E597E593D00AE20307946F1F50
:10733000D00AE2740151E59756BF01C4E593E20318
:107338000794E20301F46F10E801FC07D00AE801A2
:10734000FC03E801FC0156BF02C4E20307F4E203B8
:107348000394E6CF000BE8CFE0287700E7000018A9
:107350007700E71001407700E7000008D00CE5A0B7
:10735800E2030094AD146504E27400106F02E59036
:10736000E8CFE0317700E7000059D00EE710018D3B
:10736800E2030094E5A5AD146509E2740160E591B6
:10737000E801FC027649B6026F02E590D108E70009
:107378000029D010E203009CE5A1AD14E2030194BA
:107380006504E27400626F02E592E801FBF8D01236
:107388009B00E80DF3B8E0080294D014E6940001DD
:10739000AD1456B301A89A019794FE82E2AF07BEDE
:10739800E2AF06BEE2AF05BEE2AF04BE8BBE00069A
:1073A000B2BDAABDA2BD5AADDA8AFE4282A45CADCE
:1073A80006C28BA5DCB71E7E5CA47649BA165CAD16
:1073B000D00ED520DCB706915CA47649A9A85CADB7
:1073B800D008DCB7E2AF00915CA47649B91F5CAD98
:1073C000D00ADCB7E2AF00915CA47649B91F5CAD8E
:1073C800E8021C40D00CE80C9998DCB7E2AF0191B8
:1073D0005CA4E71000407649B91F3B018F01FFFF15
:1073D800FF2FFFFC1E42A844E2AF00F1E688000040
:1073E0007700A27CBFA90F127649B9675CADD512B0
:1073E800DCB75CA47649B6675CADD5070200DCB7AC
:1073F0005CA47649A9A85CAD837CDCB70EC55CA40F
:1073F800D5057649A9A85CADDCB75CA47649BA483E
:1074000059A928A8A9AF28A928AE1E4228A9B25474
:1074080028A8A2FB7649A9D25CAD93A9DCB792A1C2
:107410005CA47649B126CDA900FFFFC7975E965DB3
:1074180092A161125CAD88A19A00DCB7DE8180A4DC
:10742000B50900A65CADD00272A0DC9E5CA49C01F4
:107428009387979477009A02D0288A7C94A15BA9C5
:1074300028A8040A9A105C947649B731D00C290127
:1074380088A11E927B78FF20FFFE0FA661552B7A4C
:107440002B7992789E792D7AC47ED00A520756B74E
:1074480007A3562A08A39A0C36A92BAC07A61E92A6
:10745000937A600328AC000192A3937894792BAAC5
:1074580055A9660328AA0001D00C937AC492D00AD1
:107460008A929101D10B92A356BF019CC2C46112B2
:1074680088A3D00AC592D400DE81DF03B50900A63F
:1074700058A45DAD927972A0DD9E5DA5DC012795D3
:107478003F878A7CD03792AC5D945CA893AA764902
:10748000B676D00AC59288A906A70DA38AA99279D3
:1074880094A37EDC96798AA79B0195A30A7A97D460
:10749000937855A966AFFEC282BE86BE8BBE00063B
:10749800B2BDAABDA2BDFE1086A4D02882A52B4DE0
:1074A0009292FFE100E606C37649BA0A5200FFE174
:1074A80000E006C37649BAED5200964FFFE100D9D5
:1074B00006C37649BA8C88A9D0280E920FA6FFE0A1
:1074B80000D092D3FFE100CD5DA9A2A9DD810DA581
:1074C0008AA992DC5CADDC8C88A47649B2CD93D3DA
:1074C800924C9DFF97505200601AD0829292FFE131
:1074D00000B8D0838892924F0EA90FA6FFE000B1AA
:1074D800D08488929249964E0EA90FA6FFE000A983
:1074E000D0859292544A611BFFEF00A3924AFFE0BD
:1074E80000A0D08256BF0192924FD083D184969249
:1074F000D08792492B92D086964E969A2B92D08521
:1074F8002B9206C37649BA43D03F96929250611BAD
:107500008850D500DE81D08792925230671427A927
:107508009A01D08794AB9692A2A90DA58AA992DC7C
:1075100090FF80A9AAA90DAB8AA9DD01D0887F942C
:10751800000EFFEBAAA909868AA9D0859B00929242
:107520000AC4D085520056B101A8924B979261606F
:10752800D0822B92D0869292D0879392520156B9EC
:1075300000A356B602A39A0294A354A8665192A33C
:107538005202602228A922F928A8A7B61E4228A923
:10754000A4D528A839D17649A9D2D189D08888A9CB
:107548005603089ACA92D0875C9259A9AAA9DC82E4
:1075500080A4098A8AA993A692A77649B12688A908
:107558000EA10FA6602D5CADAAA90DA3D024DC8DC9
:10756000098888A41E42AAA909401E4456BF404566
:10756800C2488A92D0879392D0289FA39292D0261D
:107570008392764956CAD180D080969A92926110B1
:10757800D03D924FD13E934E9692D03C924D979AE1
:1075800056BF0192520056B081A056B00192FE90B3
:1075880082BE86BE8BBE0006B2BDC5A583A4F62703
:10759000248592C4521369022BC4D011929456B11F
:1075980011A056B10A94D01292947649BA2ED112FB
:1075A000D014969C06946005D0148F4003E8A094F4
:1075A800D01606946004D01602641E94D01806946F
:1075B0006005D0188F4003E8A094C5A4D028DF123E
:1075B80092C7969402008D00046C1E948D0004728C
:1075C0001E948D0004701E948D0001921E948D00F7
:1075C80004781E948D00047C1E94D02C1E94D03216
:1075D0001E94D0341E948D00018B2B948D00018C51
:1075D8002B948D00018D2B948D0004682B948D00C5
:1075E00004692B948D00046A2B948D00046B2B94FA
:1075E8008D00046E2B948D00018E2B948D00018FDD
:1075F0002B948D0001902B948D0001912B948D0084
:1075F800025C2B948D00025D2B948D00025E2B940F
:107600008D00025F2B948D0002602B948D0003652A
:107608002B948D0004662B948D0004672B948D00B9
:1076100004742B948D0004752B948D0004762B94A8
:107618008D00047A2B948D00047E2B948D00047FBA
:107620002B948D0004802B948D0004812B948D006D
:1076280004822B948D0004832B948D0004842B9466
:10763000D0292B94D02A2B94D02E2B94D02F2B945E
:10763800D0302B94D0362B94D0372B94D0382B9431
:10764000D0392B94D03A2B94D03B2B94D03C2B9414
:10764800D03D2B94D03E2B94D03F2B94D0802B94BC
:10765000D0812B94D0822B94D0832B94D0842B94E4
:10765800D0852B94D0862B94D0872B94D0B82B949C
:10766000D0B92B94D0BA2B94D0BB2B94D0BC2B94F4
:10766800D0BD2B948D00018A2B948D0001892B9419
:107670008BBE0006B2BDAABDA2BD5AADDA88FE50CF
:10767800D180889CD00E5BA9A89292A6D00C520704
:10768000A0926614D00092A654A06604D0137E92F5
:107688006F42D10E069A5CAD0DA009401EA7DCC45E
:107690005CA492C79694D8016FEF28A922F928A874
:10769800A7B61E4228A9A4D528A839D17649A9D2C7
:1076A000D00E8A92D18093A9929CDC407649B12673
:1076A800D014CDA900FF9792FFC7D0159692D00E9F
:1076B0008392D400D180889D6F0FD00E5DAD06926D
:1076B800D0020DA4DDC41EA792A4DC0172A05DA5B2
:1076C000DF4092C7969592A654A466F09A02D01312
:1076C80094A696929A06D0139B079492764101B09D
:1076D00054A365039A006F7ED00E8A92C5A4D03D54
:1076D800D13F9B0BDF2892C796415D94929CD400C2
:1076E0007649ADE2D0112B92D00A1E92D01392921D
:1076E8006167D0122B92D0139292D0129E92D01131
:1076F0002D925207D00C56B707A3562A08A3C4925E
:1076F8009A0CD00836A92BAC07A61E92D0119392EB
:10770000600328AC000192A3D01294922BAAD0134C
:10770800939255A9660328AA0001D0119392D00A32
:10771000C492D0088A929101D10B92A356BF019CCA
:10771800C2C4611488A3D008C592D400DE81DF03F7
:10772000B50B00A658A45DAD8D400012929A72A0D0
:10772800DDC45DA5DC0127953F87D00E8A92D13E46
:1077300092AC5D9C5CA893AA7649B676D008C592B7
:1077380088A9D01206A70DA38AA99292D01294A361
:107740007EDC9692D0115C92D011DC017C928AA7EB
:107748009B0195A3D01397D4939255A9669DD01108
:107750009292FED082BE86BE8BBE0006B2BDAABD8E
:10775800A2BDFE10C464C250C462C24E885D7E4998
:10776000885B7E48885A86A482A9A04C7E478859A7
:10776800805F2D5E585C7E467649AC30964A92A082
:1077700061179249D10AD00C21CA7FD254AC96C26B
:1077780056BF019AA292670292AC54A7670292A7D9
:107780009B01520056B00EA0562A00926F03D00AF9
:10778800939253002BAB610AD00CA2A98F0001F48D
:1077900003920FA4660328AB00015CAD5DADDC85F0
:1077980088A45CADDD8492465DA5DC83C2425CA40E
:1077A0007649A81C5200603892AB612E9247764908
:1077A800B6A393C25CA85DCA2DA992A454A567028A
:1077B0005CA588D292A454A667025CA692A4600538
:1077B800B6005CA727A46F5180A437A80200F61F63
:1077C000561700A780AB0EA437A583A90200F61FA9
:1077C800561700A50EA45CAB37A61EA60200F61F2E
:1077D000561700A66F3A924856B080A460025C4AE1
:1077D800B60027A76F32D00E5C92924393A47649E5
:1077E000B928964393A492447649B928964493A421
:1077E80092457649B928964592485201610F5C4AFC
:1077F000924393A47649B92880A9924493A47649E8
:1077F800B9285DA993A45CA56F0C92439B80764938
:10780000B92880A99B8092447649B9285CA99B80BD
:1078080092457649B92827A9D0099392BE016114F7
:107810005DA70EF20FA560105DA40EFA0FA5600C17
:107818005DABD0080E920FA56007D514A2A903E2AC
:107820000FA556B800A692A66109D108D0097FF22B
:107828007CFAA2E23F9A56BF0192C44C7FC6C44E6E
:107830007CC68A503FC4FE9082BE86BE8BBE0006C8
:10783800B2BDAABDE20304BDFE1286A5D128D0368A
:10784000E2AF049C92926108D038D136E2AF009248
:107848002B9A7649653BD0189292FFE100C5E590E6
:107850005DAD8AA2BE06E2030052DD925DA5DC1A90
:10785800B50A00A6E2AF00C5E2AF0184E710004018
:107860007700E20300D5DD025CADD030E2AF0092DC
:10786800DC905CA4D0060201BE00E2AF01C4E6943D
:107870000008AD1464060901DC020008FFF86F027D
:107878001EA606A6FFE100875CADDC925CA4FF3083
:10788000E801D41AE808937A560100A4D02AD1322C
:107888000204DC820FA6E2AF01C4E7200043E2AFA6
:107890000092E306919A640D0FA6612302010FA6E0
:10789800613C02020FA6613C02030FA661306F0A29
:1078A00002050FA6611302060FA6610D02070FA6BF
:1078A8006103E5906F2FE7000112E6AF0000E710D3
:1078B00000806F26E6AF00006F23E6AF00246F1D47
:1078B800D028E2AF0092E801D41CD12CE593D02C5B
:1078C000E7000008E808937CE203009AE2AF029226
:1078C800E30501C2D12EE012039A6F28E7000112E6
:1078D0007700E72000806F04E70001107700E700E1
:1078D8000008E801D4198AA2E801D41CD02CE808D1
:1078E0009379D12EE700000BDC2CE2AF02C4E71045
:1078E80000D2E808937CE20302C4E2AF0392E70007
:1078F00000E1E2AF04C2E018409A7649B3488AA298
:1078F800DC30E2AF01C4E88FE0097700E20301C49D
:107900006F10D02CE590D12EE594E2030092D03494
:10790800E203049AE2AF00927649B348D0182B926A
:10791000E20300C2FE92E2AF04BE86BE8BBE00064A
:10791800B2BDAABDA2BDE20304BDFE02A8A986A409
:1079200082A5FFE100CEA2A9FFE100CB92F2FFE128
:1079280000C85207FFE100C5C5D38AF33E67E801E6
:10793000D9B1E6CF0004E2AF02C2E8085B09E30474
:1079380053E2E5A3AD146511D01AE2AF019276497E
:10794000B15EE5A0E6A40000E850ED007700E69403
:107948000018AD14FFE2009D92F25204620B52043B
:1079500061675201617B5202614652036133FFEF5E
:107958000093520561125206FFE0008ED01E8AA2E3
:10796000020107921EA6DC1E0201560100C40EDAB7
:107968000FA6FFE600866F7F8AA2E6CF0020E80513
:10797000FC017649853A52006176D01E0ED20F92F4
:10797800667783A2DD1276499E8DD11AD01CE2AFBC
:10798000009AE2030092C5C38AF33E6756BF06F22F
:107988006F0E88DAD01E020107920FA66706020161
:10799000DA1E560100C26F5C56BF04F2D01E020010
:107998001E926F568AA2E6CF0020E801FC017649C4
:1079A000853A52006148D01E0ED20F92664983A2DA
:1079A800DD0A76499E8DD11AD01CE2AF009AE20317
:1079B0000092C5C38AF33E6756BF03F26FE0D01A48
:1079B800E2AF0092E7200080D01CE2030092C5C32A
:1079C0008AF33E67D02F8AA22B927649B3D0D02C6F
:1079C80056BF05F22892FFFF6F17D01AE2AF009258
:1079D000E7100080D01CE2030092C5C38AF33E6723
:1079D800D02F8AA256BF01927649B3D0D02C56BF79
:1079E00002F256BF0192D12AE203049A6F09D0082D
:1079E80056BF0292C5E38AF33E6756BF07F2FE828E
:1079F000E2AF04BE82BE86BE8BBE000676220201C6
:1079F8008F05D32298C499CC020498C499CC020864
:107A000098C499CC021098C499CC022098C499CCFF
:107A080006C418A8FFFE1EC406C451041EC4020101
:107A10008F05D32698C499CC020298C499CC02044D
:107A180098C499CC020898C499CC021098C499CCFF
:107A2000022098C499CC024098C499CC028098C492
:107A280099CC8F05D32806C418A9FFFE1EC406C426
:107A300018A9FFFD1EC406C418A9FFFB1EC406C476
:107A380018A9FFF71EC406C418A9FFEF1EC406C480
:107A400018A9FFDF1EC406C418A9FFBF1EC4020187
:107A48008F05D32A98C499CC020298C499CC8F0583
:107A5000D32E06C418A9FFFE1EC402018F05D33021
:107A580098C499CC020298C499CC02018F05D332FC
:107A600098C499CC020298C499CC8F05D33406C42B
:107A680018A9FFFE1EC402018F05D33698C499CC0D
:107A7000020298C499CC02018F05D33C98C499CCDA
:107A7800020298C499CC020498C499CC02018F05DB
:107A8000D33E98C499CC020298C499CC020498C4FD
:107A880099CC020898C499CC021098C499CC0220C9
:107A900098C499CC024098C499CC02018F05D34078
:107A980098C499CC020298C499CC020498C499CC91
:107AA000020898C499CC021098C499CC022098C4BA
:107AA80099CC024098C499CC8F05D34206C45101A1
:107AB0001EC406C451021EC48F05D34606C418A9AD
:107AB800FFFE1EC406C418A9FFFD1EC48F05D348C7
:107AC00006C418A9FFFE1EC48F05D34A06C418A910
:107AC800FFFE1EC4761A0006B2BDE20304BDE2033F
:107AD00005BDFE04761F03089232FFE100B1761F58
:107AD80003129201D100761F0302E2AF012C520477
:107AE000761F0300E2C8020556B101A15204E274F8
:107AE80000536006761F030BE2AF01246F03E80220
:107AF0001641761F0300062AE801AC321E42E2035B
:107AF8000344E809BDEA92A1E8021643E300822E96
:107B00007649AF0E92A1E6CF000DE6CF00045201F8
:107B08006007761F030AE2AF003CE7000145520018
:107B1000613B761F030BE801C6889A00E2AF010AB9
:107B1800E80DB8B8E6940001AD1456B201A9E2AF79
:107B2000030E52016104E805D01A6F07C40A060C5F
:107B2800E801D01A1E12C210E808937AE710009BE9
:107B30007700E831FC03E8200003E203030EE5A32D
:107B3800AD146517E2AF0112E6CF0020E32A541016
:107B4000E7200021E700009AE7000059E71000ADA8
:107B4800E710000C6F06E590761F030BE203000EAA
:107B500092A1611A761F0308922C6116761F0314F6
:107B58008A16767ECE49E8020E4AE801FD31E80C25
:107B6000CCD2E7000010E80B3331E821F800E697AB
:107B68000008E7000104761F0314831E761F03062E
:107B7000E203040C761F03148A20E20304C5761F77
:107B78000306E2030410E20305D5E203050EE2035F
:107B800004C4E2030512E20305D46F06E590761FF4
:107B8800030BE203000EFE84E2AF05BEE2AF04BEC3
:107B90008BBE0006B2BDAABDE20304BDE20305BD73
:107B9800FE02761F03089214601F92156004921665
:107BA000FFE100AE920CCA09CA0E60128F00C6FA3D
:107BA80076410117E850ED008F00C7DE7649B765CA
:107BB000761F030856BF011456BF01136F052B151E
:107BB8002B16FFEF0095761F032392265205FFE14F
:107BC0000088761F03079225FFE00083761F0308D5
:107BC80092155201600C761F030A8F00C7DEE2AFE0
:107BD00000147649B857761F03082B1592155202E8
:107BD800600C761F030A8F00C7DEE2AF00147649F7
:107BE000B425761F03082B15921760219216611F8A
:107BE8008D40C5682B168AA17649B6B2761F030A5E
:107BF000E2AF0016E5A0AD1465050616761F031C5E
:107BF8001E1A8F00C6FA764101178F00C77683A137
:107C00007649B479761F030856BF0117921761139E
:107C08008F00C7768F49CB8C76497918761F031D6C
:107C1000923C52076004761F03082B17761F030857
:107C1800921461358D40C6FA8AA176410117E6CFE4
:107C200000058AA17641011B8D80C71A8D40C7DEF1
:107C2800E801D419E6CF00048AA283A1E808937971
:107C3000E850ED2876496B55E801C939E8509C2099
:107C38008AA283A1E80E2D61E850380076498F604A
:107C4000761F03200618761F030A1E126F08761F80
:107C480003082B152B162B177649B8E7FE82E2AFEF
:107C500005BEE2AF04BE86BE8BBE0006B2BDFE020C
:107C58008BA4D0288A9176221AC48000761AD0285C
:107C60008A91762218C4FFBC761AD0288A9176228F
:107C680018C4BCFF761AD0288A91762218E4FF5EE1
:107C7000761AD0288A910212D02828F40C00079195
:107C78008AA9D028D50728C40400D40956BF0541CD
:107C800006917649B282D02856BF0541D409D5075E
:107C880006917649B29BD0288A917622DC181AC4CC
:107C90008000761AD0288A917622DC161AC48000D9
:107C9800761AD0288A917622CCC4FFE3502896C45D
:107CA000761AD0288A917622CCC4E3FF1AA92A003A
:107CA80096C4761AD0288A9176221ADC0002761AAF
:107CB000D0288A9176221ADC0200761AD02E8A9178
:107CB80076221AC48000761AD02E8A91762218C4A9
:107CC000FFBC761AD02E8A91762218E4FF5E761ACF
:107CC800D02E8A91D503D02E28F408BBD40456BFF1
:107CD000024106917649B282D02E8A917622DC1832
:107CD8001AC48000761AD02E8A917622CCC4FFE38B
:107CE000506896C4761AD02E8A9176221ADC000249
:107CE8008F05D78206C418A9FE7F50401EC48F0591
:107CF000D78406C418A9FE7F50401EC48F05D782C2
:107CF80006C418A98FFF1EC4761A9A0628A8080178
:107D00007649A8FC7622BFA97A265010BDA97A260A
:107D0800761A9A0828A810007649A8FC7622BFA9F6
:107D10007A281AA90100BDA97A28761AFE828BBE9C
:107D180000060000761F0305B2BD9200AABD5201FD
:107D2000A2BDE20304BDE20305BDE20306BDFFE020
:107D280000AB761F03108F00C412E594E593E5902D
:107D3000E801FC02BE02E2AF010E8D40C1AC8F40F3
:107D3800C40276C0DAB8E20304C4E20303D4E2035F
:107D400000E4E2740056B51A00A68A87D008E2AFB4
:107D48000085E2AF04E4E2AF05F4E2AF03D4E3094F
:107D500061C4E3061A94D008E7000051E71000E27E
:107D5800E595E02280F4E2030581E2030094BE0287
:107D60008D40C1B276C0C4088F40DF9AB51A00A614
:107D68008A85E2AF0087D008E2AF04E4E2AF05F409
:107D7000E30183D4E3096294D008E30619C4E70061
:107D78000051E71000E2E595E02280F4E203058176
:107D8000E20300940201761F030A56010020062236
:107D88000F2066498D40C1AC8DC0DAB8D2028A8313
:107D9000D00806941EC1E2AF00C1E2AF01C176492E
:107D9800B9F8D902000AFFF58D40C1B28DC0DF9A4B
:107DA000D2028A83D00806941EC1E2AF00C1E2AFBE
:107DA80001C17649B9F8D902000AFFF5761F031414
:107DB0008318D00EBE00761F03052B09761F030A19
:107DB8000695C2207622099B8AA91AC40004761A5D
:107DC000D01006957622099B8AA91AC40004761A57
:107DC800D01206957622099B8AA91AC40004761A4D
:107DD000D04E2B95E2AF06BEE2AF05BEE2AF04BEC9
:107DD80082BE86BE8BBE0006B2BDAABDFE02761F5D
:107DE0000308920C6048920BFFE100AE920A520128
:107DE8006105761F0321923E603A8F00C6FA7641FC
:107DF000011BE8020649E8087ED9E7000008770081
:107DF800E85038007700E6950000E8120F80AD14CF
:107E00006506761F03091B2A2710681F761F0308C3
:107E0800920ECA09761F03092B2A761F03082B0B2B
:107E1000FFE000822B108D40C5B42B118AA12B12DC
:107E18007649B1428F00C74683A17649A137761FBC
:107E2000030856BF010C6F6F0A2A6F6D761F030897
:107E28002B0B6F69761F0323922652056105761F77
:107E30000307922561058F00C7467649BAD98F0995
:107E3800CB948D40C746A84283A18F00C5B476492C
:107E40005FF88AA17649B9995200614D7649B3BA73
:107E4800D0208D80CE749A882B0CE2C800918AA22B
:107E50007649ACA2761F031D92266039D024E80231
:107E58001328E2AF01918AA29A84E8097700E70023
:107E600000407649ACA2D0219A858AA2E2C4009152
:107E68007649ACA2D0229A868AA2E2C800917649C5
:107E7000ACA2D02A9A878AA2E2AF00917649ACA23E
:107E7800761F031D062AE2AF002A8F00C5D8761F99
:107E8000030E1E22761F03089A0156BF010776498A
:107E8800B1CC761F031456BF01006F05761F030897
:107E900056BF0112FE8286BE8BBE0006FF581EA78B
:107E9800C444610F8F010000A8A90FA761088F03D0
:107EA0000000A8A90FA756B001A76004B6006F0292
:107EA800B60206A628AB00642BAA9B00907FA9AC5B
:107EB000566500A928AC001406A656229B00900720
:107EB80009018AA90200F61F561700A406A618A9E8
:107EC000600091001EA6A9A4FF2020000FA6610D4E
:107EC800FF2040000FA66107FF2060000FA6600694
:107ED000DC4B6F04DC326F02DC19762202018F4525
:107ED800D34C98C599CD7685E7088D05E70A8F4577
:107EE000E7141AC500011AC500028F45E700CCC58A
:107EE800FFF0500596C5CCC5FF1F505096C5CCC5B0
:107EF0000FFF1AA9500096C58F45E728CCC5FFF0A3
:107EF800CAA776C5E70C96C58F45E724CCC50FF011
:107F00001AA9A00096C58F45E70A56BF58C67685C0
:107F0800E710CCC5FFF08F45E71296C056BF18C7DB
:107F10007CC6CCC5FFF088A9A8A9910FCBA697C5B0
:107F18008F45E700CCC5F8FF1AA90A0096C5CCC55D
:107F2000FF8F50A096C5CCC50FFF1AA9A00096C51B
:107F2800CCC5FFF8500A96C5761AA8AB8F45E7145A
:107F30006F031901FF5A92C590036003A9A960FA63
:107F38008F05E7149A0093C491035302600E8F05CE
:107F4000E71893C4600A8F05E71C93C460068F0589
:107F4800E72093C456B101A90006B2BDAABDA2BDDF
:107F5000FE068F05D22E86A940C4FFED00A3900037
:107F5800910382A97649A60D76228F05D20E18C400
:107F6000FFFD761A020B7640FE0E2901AAA9AA4649
:107F6800FF4418A9030091008F05D214FF5A9246C6
:107F7000907F96462B450646CAABCBAA1E46AAA9B9
:107F7800FF43FF5A18AB000018AA00070646CAAB11
:107F8000CBAA1E4606C49B00907FA3C418AB030077
:107F880018AA0000CAABCBAAA3C418AB000018AA51
:107F90000007CAABCBAA1EA606460FA66135AAA942
:107F9800900018A88000FF58612F76228F05D22202
:107FA0002BC4761AAAA918A9607F91708BA9762292
:107FA8008F05D20E020B18C4FFFE7640FE0E8F45D9
:107FB000D2148F05D21606461EC540C46D0C8F0024
:107FB80007D08F45D216A8A96106CCC50001DC817F
:107FC000520160FA761AB242A2A976497E9652010F
:107FC800964360DE6F032843000192A2FFC6903FEC
:107FD0005AA97622523F60068F05D22292C4503FA2
:107FD8006F088F05D2229A01CDC4FFC094A2CAA807
:107FE00096C4F627770076228F05D20E1AC40002B7
:107FE800761AFF6902287640FE0E76228F05D22285
:107FF000CCC4FFC0CAA296C4F6277700761A6F02D7
:107FF8002B439243FF69FE8682BE86BE8BBE000677
:10800000B2BDAABDA2BDFE0E86A48D0006EA020086
:10800800E5901E928D0006EC8D4006F582A5A0C273
:108010001E922BE2D00A1E92D00C1E92D00E1E92FF
:10801800D0101E92D0120201E20300928D00029845
:108020001ED202002B928D0002991EF22B928D001F
:1080280006EEAAA9FF1006EF2B928AA98D0006F387
:1080300002002B921E4ED0082B92A0A9D014E2036E
:108038000092D016E20300928D0006F4F6032B841A
:108040002B928D0006F62B9A2B926165D008069331
:108048006162D00A0693615FD00C0693615CD00E22
:10805000069361595CAD5DADDC8A88A45CADDD86BC
:10805800DC8EC24280A49A005DA58AA2C3447649F8
:10806000896E5CAD5DADDC8C88A45CADDD88DC8E9A
:10806800C24280A49A015DA58AA2C3447649896E5A
:10807000064A6003064C6108064C0F4A690506482B
:1080780056BF01E26F0306462BE21EF288F383F235
:108080000EA60FA5691392E28AA27649B9B1D00E65
:10808800FF5AC59392A6565700A58AC3EAA5A9A97F
:108090003E67520060030EF31EF2064C0F4A68035F
:108098008A4C6F028A4ADC019A01A8D29EE28AA21F
:1080A0007649B9B1D00EC5935DF38AC33E67D00857
:1080A80096926F058D0006F556BF0192FE8E82BE30
:1080B00086BE8BBE0006B2BDAABDA2BDFE061E4690
:1080B80086A58BA4825092515201610C88F192A638
:1080C000610ED00806468F0007D003910FA4680701
:1080C8006F0488F192A661032BF1BE0092C2610A87
:1080D00092A652016107D00AC5938AC33E67520037
:1080D80060049A005201606A92E9D00A2BE9E2AF83
:1080E0000191E2AF00D29643E6940008AD1461140A
:1080E800D00A92C19B01E20300915202610352033C
:1080F000600C5300610A8AA283A37649A47656BF16
:1080F80002C19A026F0992C193A961455301611D9A
:108100009DFE5301663E93435301610AD008C59317
:108108008AC33E675200614E9243610C92C19B0143
:10811000520261035203600653006104C5F38AC32F
:108118003E6756BF01C16F3ED008C5938AC33E670C
:108120005200611D92E16006064656BF01E11ED174
:108128006F0206D1E2AF00E2E8511E807700E68ACE
:108130000000A346564100ABBFA90F120FAB662249
:108138008AA283A37649A47656BF02C12BE16F1A9F
:108140002BC16F1856BF01C16FFA92C1610C9B0120
:10814800520261035203600653006104C5F38AC3F7
:108150003E672BC1E80623C8D00AE80E0000E20300
:108158000091FE8682BE86BE8BBE0006B2BDFE02C0
:10816000762202048F05D32298C499CC761A8D40CA
:10816800DC4AF5A94600BE009B7C500383A1F4A914
:108170004600F5A9460018A9E07FF4A946008F0043
:10817800466BF5A94600DD015008F4A94600F4A8AD
:108180004663F4A64604F5A9460018A9FFFBF4A926
:108188004600F5A9460818A9F3ECF4A94608F5A98C
:108190004640CCA9FFFE5002F4A94640F5A946404E
:10819800CCA9FFDF5010F4A94640F5A9464750C0C6
:1081A000F4A94647F5A94649CCA9FFFC5001F4A91A
:1081A8004649F5A946A418A9F9FF1AA90100F4A996
:1081B00046A4F5A946A65020F4A946A6F5A946B0BE
:1081B800CCA9FFF05001F4A946B0F5A946A41AA924
:1081C0000800F4A946A4FF2010A07649B6D0D40137
:1081C800D500FF2010A02B417649B8838F00014FBE
:1081D000D500FF2010A0A842D4017649B6DE0200E7
:1081D800D4301E42FF2010A076498A917622F5A954
:1081E00010A01AA90200F4A910A0F5A910A018A9BE
:1081E800FEFFF4A910A0F5A910A15010F4A910A140
:1081F000F5A910A15080F4A910A1761A761F037674
:1081F8002B19F6EE2B81761F036AF5A946AA5004BF
:10820000F4A946AA2B3EFE828BBE0006B2BDFE102C
:10820800C5A45CAD5DADDC8C5CA4DD8C761F030978
:10821000F60B24845CA592127649B708924C615201
:1082180092425201614F924B52016110761F03093D
:108220002B138F00C3ECE590C44A761F0305920917
:10822800E20300C4C2D4607F6F35761F030DE2AF4E
:1082300001080648761F0305E2AF02448F40C3ECF5
:10823800E593E6CF00081E22D10C761F0314D00E5A
:10824000E2AF01468A24E6970002761F030DE2039F
:1082480003C5E20303D5E6970001E203010AE6CF7E
:108250000010E203020CE6AF0000761F030956BFD0
:108258000113761F0305E203009C9209E2030194CF
:10826000604A761F03079225761F030556B1010267
:108268006F42761F03092B13761F0305E5912B0236
:10827000E590761F03072B242B25761F03089231E8
:10827800761F03122B0E761F030FE203012E761FC3
:10828000030AE203002E6119761F030BE8020F8038
:108288002850A882284EA8825DADE2030130E2039F
:108290000032284F37FB284D37FB761F0314DD9043
:108298008A165DA5767EBEC4761F030556BF01000B
:1082A000BE000200761F03092B032B02761F030D6D
:1082A800C21E1E20FE908BBE000683A4B2BDBE0275
:1082B000DD0E06C5762209801EA71AC70200761AAF
:1082B800C5C57622D0D2D1D292971AA901C0D0C012
:1082C000969F9297D0C0500F9697761AC5C5762282
:1082C800D0D3D1D392971AA901C0D0C0969F9297C4
:1082D000D0C050F09697761AC5C57622D0D4D1D4A6
:1082D80092971AA901C0D0C0969F9297D0C01AA9A8
:1082E0000F009697761AC5C57622D0D5D1D592972C
:1082E8001AA901C0D0C0969F9297D0C01AA9F000D1
:1082F0009697761AC5C57622D082CC97FFF8D082A1
:1082F80050029697761AC5C57622D082CC97FF3F52
:10830000D0821AA901009697761A06C576220980AE
:108308001EA71AC74000761A06C5762209801EA73E
:108310001AC78000761AC5C57622D0C39297D0C3FB
:1083180050019697761AC5C57622D0C49297D0C4D4
:1083200050019697761AC5C57622D084CC97FFFE69
:10832800D08450029697761AC5C57622D084CC9709
:10833000FFFBD08450089697761AD028C5947622F1
:108338001ADF0002761AD028C59476221ADF0200C6
:10834000761A06857622099B1EA71AC70004761A9C
:10834800000EFF69D02E8A9476221ADC0002761A73
:108350008BBE0006B2BDAABDFE02A8A9C5A4FFE15E
:10835800009BA0A9FFE10098C4A73100D008020043
:10836000D200DC122BC62BCE2BD6A9F61E96AAE67F
:108368007649AB1CE592E5908AA7E593D038E5916C
:10837000E2030094D03A0200E2030394D03CE2030B
:108378000294D03EE2030194D040E2030394D04239
:10838000E2030294D044E2030194D046E203039452
:10838800D048E2030294D04AE2030194D0362B94F9
:10839000D04C2B94D04D2B94D04E2B94D0522B9468
:10839800D0501E94E2AF00C5E84FF000E2AF01D51F
:1083A000E7000009D042E2030194E2AF00C5E81102
:1083A800FC00AD14643FE801B938E80E2D60E6948E
:1083B0000001AD146437E801EE61E2AF00E5E80EBC
:1083B8006669E6940008AD146507E2AF01F5E69436
:1083C0000008AD146503E8020200D110D00CE203EE
:1083C800009CE2AF01C5E2AF00957649B841D10AF9
:1083D000D00EE203009CE2AF01C5E2AF0095764902
:1083D800B841D10CD010E203009CE2AF01C5E2AF76
:1083E00000957649B841D00E56BF01C4E20300940F
:1083E8006F0AD136D04E56BF0BC456BF01D4289C55
:1083F000FFFD2B94FE8286BE8BBE0006B2BDAABDD9
:1083F800A2BDFE04C454C2448855864E82507E42B3
:108400001EA67D4187528D00010006A6FF180001BF
:108408004F968BA96DFB9241D500B60061075203C8
:108410006103D0006F0676C01200FF2F40008EA9C6
:1084180092A452016118924440A96C09ABA928ACF6
:10842000001218A907FF9100563B83A9A2A928AC06
:1084280000123AAB18A907FF9100563BCBAA1AA82D
:1084300080006F0F924440A93AABABA918A81FFF68
:1084380056480DA5A2A918A81FFFCBAA1AA8C000C4
:10844000CAAB8EA9A0AB0644900018A84000CAABE6
:10844800CBAAA34418AB000018AA8000CAABCBAAD9
:10845000A34483A918AAC000064418AB00009B00DF
:108458009001CBAACAABFF58610506A71AA910005C
:108460001EA792416103520360079242900F5CA9DC
:1084680006A7AFA41EA7924441A906A75080564864
:108470000CA70644A3A718A904009100CAABCBAA75
:10847800A34418AB080018AA0000CAABCBAA1EA7D1
:1084800006A6FF1200418AA906A6A0C4FF13002178
:108488008AA9FE8406A63AC4FF1200438AA9AAA9AB
:108490009B0090FF51F0C3C41EC182BE86BE8BBE3E
:1084980000061EA6B2BD0256AABD86A40FA6690490
:1084A000D200FFEF00957622F5A970295068F4A953
:1084A8007029F6277700761A8F000B20D008A8923B
:1084B000D00A8F000B40A892D00C8F001400A89215
:1084B800D01A8F007200A892D01C8F00721076809C
:1084C0004700D1488F404700A892FF69D01E8F0017
:1084C8006100A892D0208F006110A892D0348F004C
:1084D0001000A892D0368F001020A892D0388F00BC
:1084D8001040A892D03A8F001060A892D03C8F002C
:1084E0001080A892D00E8F004000A892D0108F006C
:1084E8004100A892D0128F004200A892D0228F009B
:1084F0005B00A892D0248F005B20A892D0268F002A
:1084F8005B40A892D0288F005CC0A892D02AA8928E
:10850000D02CA892D02E8F005D00A892D0308F0082
:108508005C10A892D0328F005C00A892D0148F0023
:108510000C00A892D0168F000C08A892D0188F00DB
:108518000C10A892D0448F004700A892D046A89289
:108520008F007400D04AA8C28F007480A8D28F0038
:108528007500A8E28F000B00A8F28AA20204C29A82
:10853000A092DC527649B836D050A8928AA286BE64
:108538008BBE0006B2BDE20304BDE20305BDE20343
:1085400006BDE20307BDFE02E6CF000AD01CE6CF5F
:108548000003E6CF0001E2AF00947649B15E83A450
:10855000E801D41CE808937CD01EDD20E850ED0033
:10855800C494E5A0E6C40001E6A40009E6C300014E
:10856000E2AF0594E68B002ED022E6AF0000E801D2
:10856800E51DE7000010E80EB855E30D3294D0225F
:10857000E6960010E700018AE2AF06C5E31C97C447
:10857800E00F6894E20302C5E6940029AD14650390
:10858000D0247E9402641EA728AC005032D402008E
:10858800F61F561700A70EAB0FA6660C83A4C5A44A
:10859000DD26DF28E2AF00C5E71000400AC7E2038E
:1085980000C502640FA6672CD02AE6CF0018E2AF08
:1085A00001947649B15EE5A0AD1464039B016F03AD
:1085A80028A8FFFFD02C5594610483A4DD2D0AC5AB
:1085B000D02E929483A4D02C9C019794DD2E0AC5D2
:1085B8005264680ED02D929452086906D0089A0029
:1085C00056BF01946F0CD12DD02E2B9C2B94D12A09
:1085C800D01EDE019A01E203039CC294FE82E2AF50
:1085D00007BEE2AF06BEE2AF05BEE2AF04BE8BBE91
:1085D8000006B2BDAABDFE02761F0308920E6037E0
:1085E000920DFFE10092920C2B0DCA09FFE0008D65
:1085E8008D40C6DA8AA1764999BB761F030892089E
:1085F000FFC00EA9BDA90F127700770077007700A2
:1085F800E68B0001761F030AE20301C1E2AF000C1B
:10860000E5A0AD146205E801D7D0E80AA1F0E203C5
:1086080000D18F00C90083A176498352761F0308E1
:108610002B1056BF010E2B112B126F5E761F0323FA
:10861800922652056105761F0307922561058F0092
:10862000C9007649BAA08F09CBB88D40C900A842CD
:1086280083A18F00C6DA76495C168AA17649B862BA
:10863000520061427649B716D0368D80C9009291BA
:108638008D40CE742B0ED03656B001128AA19A8E78
:10864000E2C800927649ACA2D05292926003E590C3
:108648006F03E801FC008AA19A8D7649ACA2D03666
:1086500092926022D038E8024BA0E2AF01928AA148
:108658009A8AE8092000E70000407649ACA2D03E9B
:108660009A8B8AA1E2AF00927649ACA2D0409A8C54
:108668008AA1E2AF00927649ACA2761F0324E2AF5A
:108670000038764997AAFE8286BE8BBE0006B2BD40
:10867800E20304BDE20305BDE20306BDFE02A8A9AC
:108680006122D02AE2AF0294E84FC0157700E811CA
:10868800FC05AD146418E84FF02AE801B93BE7008F
:10869000008AE80E2D63E694001AAD14640CE5A080
:10869800AD146509E801DD19E80EB851E694000843
:1086A000AD1465039A006F68E80214EBD016E80277
:1086A800064CE8509C2EE808A31BE300C194E80898
:1086B0007EDCE5A1E2740082AD14E27401A356B53C
:1086B8001AA0E801E11CE801EE66E6C20008E80E2F
:1086C000B854E80E666EE2A50094D018E2AF0194AB
:1086C800E6960030E6940021AD146505E811FC013A
:1086D000AD146503E801FC01D010E7000008E304D5
:1086D800CC94E821FC04E70000617700E8020D0271
:1086E000E2740008E801E119E80EB8517649B5CF07
:1086E800E6CF0001E8503022E8021710E8098EB002
:1086F000E6CF000CE7000140E801D419E8089379BF
:1086F800E2740080E801FC027649B5CFD1129A01F4
:10870000D014E591E20300C4E592E20301D4E20350
:10870800049CE2030294FE82E2AF06BEE2AF05BE1D
:10871000E2AF04BE8BBE0006D00AE8020400E2030A
:108718000094D00CE8021CB0E2030094D016E802E2
:108720000200E2030094D018E8020200E203009481
:10872800D01EE8020900E2030094E801C288D00ED6
:10873000E80DB8B88F40EA60E203009456BFC8D491
:1087380056BFFADC56BF03F428FC2710D014E80112
:10874000EE60E80E6668E2030094D01AE801FB30A0
:10874800E80B3330E2030094D020E80229D8E80C83
:108750000000E2030094D022E80229D8E80C0000CF
:10875800E2030094D024E8022DD8E80C0000E203DC
:108760000094D02CE801F998E8099998E203009464
:10876800D0362B94E8020D00D00856BF3294E203AD
:1087700000C4D00956BF3C94E801E7A8D010289463
:10877800012CD011E80E147856BF2294D012E203CF
:1087800000E456BF0894D01C289401F4E801FC6072
:10878800D02656BFC894D027289403E8D02856BFCF
:108790009694D029E80E6668289401F4D02A28948B
:108798003A98D02B28940FA0D03028941388D03141
:1087A00056BFC894D03256BF0594D033289401F4F4
:1087A800D034A094D02EE20300940006E20304BD66
:1087B000E20305BDE20306BDE20307BDFE02E6CF0C
:1087B80000017700BFAB0F16A9A918AB000018AAD3
:1087C000800070AB71AAA9A71EA6A9A49A0028A828
:1087C8007F800FA66204E71000486F6E9B800FA69B
:1087D000652006A661699A0028A84B80BDA90F12E2
:1087D8007700770077007700E7000008770002034A
:1087E0001EA6BFAB0F1218AA7FFF0200F61F561776
:1087E80000A628A919F228A8265107ABA3A76F0D40
:1087F00002031E4206A67649A9FC1EA6A8AB28A91C
:1087F80019F228A82A5107A6CAABCBAABDA90F22ED
:108800007700770077007700E6CF002076410128D7
:10880800E805FA15E80932F5E801FE79E801F0AA69
:10881000E80C5811E7000123E80C003AE70000C01B
:10881800E805FF8BE7000006E700000FE7000012FD
:10882000E801FF81E80A382BE7000186E808F981B2
:10882800E71001DBE7100152E70000C0E700019202
:10883000E71000407700E71000807700E7000104B0
:108838007700E6CF0020FE82E2AF07BEE2AF06BEB9
:10884000E2AF05BEE2AF04BE0006B2BDAABDA2BD46
:10884800FE0686A4D02882A59292FFE1008806C37E
:108850007649BA0A5200FFE1008206C37649BAEDB2
:1088580052009645617B06C37649BA8C88A9D02810
:108860000E920FA6607392D361715DA9A2A9DD81FA
:108868000DA58AA992DC5CADDC8488A47649B2CDDA
:1088700088D39344DE816015D0B89392615FD0B9FC
:10887800809292450EA90FA76059D0BA80922741DD
:108880000EAB0FA76053D0BB9392554261136F4E4E
:108888009342604CD0B8924556BF01922741D1BA65
:10889000D0B996923F9AD0BC2B92D0BD2B92D0BB30
:108898002B9292A6611AD500DE81D0BD929252CB5E
:1088A00067142FA99A01D0BD94AA9692A2A90DA5EA
:1088A8008AA992DC90FF80A9AAA90DAA8AA9DD014C
:1088B000D0BE7F94000EFFEBAAA909BC8AA9D0BB49
:1088B8009B0092920AC4D0BB520056B101A89243C1
:1088C000979261148D00018C92458D40018A969299
:1088C8003F9AD0B82B9206C37649BA438D40018BA4
:1088D0008D00018956BF0192969AFE8682BE86BEA1
:1088D8008BBE0006B2BDAABDA2BDE20304BDE20381
:1088E00005BDE20306BDFE04C4562DA9A358865457
:1088E800C24488A8A8A9614DA0A9614BAAA9614959
:1088F000D0200EA60F9466455BE493A36142D01B83
:1088F800599493A1613EE59092ACE6CF00036104E0
:10890000D01E06946136BE0029016F0D560301A6E4
:1089080007A41EA7DE01D010E2AF02F7E314069712
:10891000E710019B93A155A666F20EA1BDA90F1AFF
:108918000EA3BDA90F22770077007700E68B00121F
:10892000E68B0024E2AF01C4E2740080E274010D22
:10892800E2AF06D4E274009BE801D419E274013284
:10893000E7200140E8089379E6940008AD14630449
:1089380028A9FFF66F29E720009977007700E274ED
:1089400000087700770092AC5201E20300C5610392
:10894800E5906F0CD01EE2840094D11CE2AF019C2C
:10895000E27400087700770077008AA2E20300C47F
:10895800064461048A44E20302C4A9A96104A9A4E3
:10896000E20303C49A00FE84E2AF06BEE2AF05BE96
:10896800E2AF04BE82BE86BE8BBE0006B2BDAABD03
:10897000A2BDFE18C46282A48B64C2527649B9B10A
:10897800BE00A0501E54C256C2586F205CADDC88A1
:108980005CA47649BA981EA706580FA76702C35879
:10898800924952036010924B520E680D06A70FC110
:10899000680A8AA3A2A9FF11015183A9DC0A7649BA
:10899800AA78C3C1065607A21E568AC383560EF488
:1089A000DD080FA56853D0085DADC4540656C594C4
:1089A800DD8A07A65DA51E4E56BF08418AC43E67EC
:1089B0005CADDC8A5DA42901BE0780C5FF20FFFFF6
:1089B8000FA76005DD01000EFFFA6F388846804A70
:1089C000FF20BB017E4B0FA760311B4B0440662E7E
:1089C8000E467649B77286A98AC3FF5A06565601DB
:1089D00000AB0EF40FAB68229A08944B88A9D0081C
:1089D800C594A2A97E41FF11014D83A98AC4064E00
:1089E0003E67884BA2A95DA6BE06FF11014D8AA96C
:1089E800DD08C242A0A976499A0D5CADDC841EA6BA
:1089F0005CA47649BA980FA6618A8A5006561EC4AE
:1089F8008A5206581EC4FE9882BE86BE8BBE0006EA
:108A0000E20304BDE20305BDE20306BDE20307BDC8
:108A0800FE021EA7A0A9C44E6104E592E20302C5B6
:108A100006A66104E592E20302C6D008020AA39406
:108A18000FAB690428A9FFFE6F6BBDAB0F1A770077
:108A2000770077007700E68B00127700E8020003FA
:108A2800E274009A770077007700E2AF04C4E308A5
:108A3000A7D4E70001D3E7000125E70000DFE80144
:108A3800E11EE71001EDE80EB856E6940035AD14D6
:108A40006434E2AF06E4E30CB7F4E70001D2E700D8
:108A4800019BE70000A27700E72000D2770006A785
:108A5000E2740152611ABDA90F16BDAB0F1E77005B
:108A5800770077007700E68B001B7700E70000C0FF
:108A6000E68B0009E8511E8077007700E274004130
:108A68007700770077007700E6CF0008E6950000EA
:108A7000E811FC00AD14620428A9FFFD6F1106A6E1
:108A780061048AA6E20301C4A0A96109E274005056
:108A80007700770077007700E20300C59A00FE8246
:108A8800E2AF07BEE2AF06BEE2AF05BEE2AF04BE8C
:108A9000000683A9C5447622FF2010800FA564102C
:108A98000FA56138FF2010200FA5616DFF20104041
:108AA0000FA56156FF2010600FA561406F72FF2077
:108AA80010A00FA56118FF2010C00FA5606A29014A
:108AB000BFAB7998560308A418AB00FFCBAACAAB8A
:108AB800BDA97998F5A910C0CCA9FFE05006F4A982
:108AC00010C06F57BFA9799818A9FF00AFA4BDA91E
:108AC8007998F5A910A0CCA9FFE05005F4A910A049
:108AD0006F48BFAB79960EA428AC001818AA00FF07
:108AD800563BCAABCBAABDA97996F5A91080CCA9FB
:108AE000FFE05004F4A910806F342901BFAB7996E0
:108AE80025A418AAFF00CAABCBAABDA97996F5A9F7
:108AF0001060CCA9FFE05003F4A910606F22290197
:108AF800BFAB7996560308A418AB00FFCBAACAAB44
:108B0000BDA97996F5A91040CCA9FFE05002F4A9BF
:108B080010406F0FBFA9799618A9FF00AFA4BDA99F
:108B10007996F5A91020CCA9FFE05001F4A9102006
:108B180092A718C5B3FF98C5761A0006B2BD1EA65F
:108B200083A48D0006F5AABDA2BD9295FFE0008149
:108B28000201DC108D0006EE560100C492958D00FE
:108B300006F456BF0195606F8D000299A0A95A9561
:108B3800FF1101518AA906A67649BAB0D00AA0A9A0
:108B4000FF1200A98AA906957649BAB08D0002A63F
:108B48007A9592A26003D3056F50BE0A3B0185A9AE
:108B50008AA587A688A2D100566500A9A9A3DE81AF
:108B5800DC0528AC000ADB05B53E00A68D000298AE
:108B600092959EA294A1903F30A907A509181EA72F
:108B68008D0002A227C73F9480CF8D0002A37F9477
:108B70001EA780D78D0002A47F941EA780DF8D00E2
:108B780002A57F941EA780E78D0002A67F941EA7FA
:108B800080EF8D0002A77F941EA780F78D0002A8BA
:108B88007F941EA780FF8D0002A97F941EA78D00E9
:108B900002AADF0827C71EA7D9013F948D0002ABA8
:108B9800DF0927C73F94DC0A8AA5A2A9D50176492F
:108BA00099146F06A0A9FF11037B83A90AC582BE91
:108BA80086BE8BBE000683A4E801E118D00CE80E4F
:108BB000B850F6372B85E2030094D00AE80205008E
:108BB800E2030094D010E80215F0E2030094D0120A
:108BC000E8021550E2030094D016E80212C0E20356
:108BC8000094D018E8021240E2030094D01AE80298
:108BD0000C80E2030094D01CE8020D80E2030094B4
:108BD800D01EE8021640E2030094D020E8021550A7
:108BE000E2030094D014E801E118E80EB850E20363
:108BE8000094D022E8021500E2030094D024E801A2
:108BF000F4C8E80CCCD0E2030094D026E590E20360
:108BF8000094D028E801F260E80E6668E203009469
:108C0000D02AE80215A0E2030094D02CE590E203FC
:108C08000094D02EE8020EC0E2030094D030E802AF
:108C10000200E2030094D032E801F0C8E80CCCD0A6
:108C1800E2030094D00EE80205002B94D008E2038A
:108C200000C42B94E8021240D036E20300D42B9407
:108C2800E801F800D034E20300E4E801E518E80EB2
:108C3000B850E20300F4E801F800E20300940006F3
:108C3800B2BDAABDA2BDFE2C761F030982A992115E
:108C40005975A068520160088F010AC0A86476496E
:108C4800BA885200610428A9FFFF6F6F8A647649C9
:108C5000B90DFF300FA366039A006F67FF5A565D88
:108C580000A3A96AC46A0EA10FA667030EA11E6A23
:108C6000066A615AA2A92901D100FF4083A9066AB8
:108C680007A31901FF401E6686A5066603A209012F
:108C70001E6CC46C8A6402200FA65648086C7649A4
:108C7800B9C85DAD761F0319886CC518DDA18A10C7
:108C80007E415DA507A23E67066A0FA1693503A173
:108C8800290119018AA95DADB2A907A31EA7DDA113
:108C9000FF40FF5A1EA6565D00A20EA507AB83A695
:108C9800A3A6565D00A21EA6066C0FAB691A06684D
:108CA00007A140A783A96C0492C6FFC76F0988ADCE
:108CA800DEA188A6A9A9560100A6CCC600FF88A9FE
:108CB0000200DC81D90119017EC50FA460D56F04C3
:108CB800066A0FA166B2926AFEAC82BE86BE8BBE01
:108CC0000006B2BDAABD59A886A48D0006F5A2BDB6
:108CC8005BA9929260648D0006EE929260217649CB
:108CD0009B968D0006EE9292601B92A16158D0087F
:108CD80092926055FF2004407649B77283C288F5A6
:108CE00007F20FA6694C9A018AA29EE27649B9B1B1
:108CE800D00CC5958AC53E675200613D6F1983C295
:108CF00088F58D0006EA069207F20FA6691BD008D8
:108CF8009292601292A161339A018AA29EE2764909
:108D0000B9B1D00CC5958AC53E6752006124D00820
:108D080056BF01926F39D008BE009A012B92EAE251
:108D1000C2F292A35201601B8D0006EC92E28AA27D
:108D1800C5927649B9B1D00A07F28AC507A71EA637
:108D2000AAA907A7FF11014DC59583A906A63E670D
:108D2800520060078D0006F556BF01929A006F1534
:108D3000AAA9FF1201BB8AA98D0006EA0208560102
:108D380000C406928D0006EC0F926606560100F2FA
:108D40008D0006EE2B929A0182BE86BE8BBE000677
:108D4800B2BDAABDA2BDFE04824E86A5A844A2A9B2
:108D5000617AD0082B93D10BD00906442B932BC3F7
:108D58002B9BD00A2B93D00C2B93616DAAA9616B26
:108D600092D252086668D00B9292616506C276492B
:108D6800BAED520056B008A056B0019306C2764933
:108D7000BA105200603006C27649BAC480A988A9E8
:108D7800FF2004060FA7611892A65201611088A669
:108D8000FF2004390FA6604706C27649BAED5200AB
:108D880061428AA283A3764992E16F3D8A4483A215
:108D9000764969156F388A44D0289294613406C2A6
:108D98007649BAED5200612FA24283A28A447649ED
:108DA00091EB6F2906C27649BAC752016120520B76
:108DA8006119522861125230601E06C27649BA0A09
:108DB000520060068A4483A276496C6E6F148A441E
:108DB80083A276498FE46F0F8A4483A27649884557
:108DC0006F0A8A4483A2764974986F058A4483A205
:108DC8007649A0BFFE8482BE86BE8BBE0006B2BDB9
:108DD000AABDA2BDFE128BA43100BE185CADB600C8
:108DD800A0522B4B2B4C0EF183D1DC8BA948F60FFC
:108DE0001FA6A046964D5DADC4E1C34A0EA4DD8822
:108DE800C2448AA15DA51E4206467649A0455CADEF
:108DF0005DAD5AA9DC8CDD8A0EA45DA51E428AA158
:108DF80006447649A04580A988A2934B6107934C05
:108E00005301600D064A0F48690A934C6004D30071
:108E0800D2016F08864A88A7D3016F038648D3002A
:108E1000DA01934D55A669135CADDC865CA429018B
:108E1800560301A3AA42560100A428AC00188352A5
:108E200030A607C48AA17649A9526F2C5CAD92A3E3
:108E2800DC865DA42901F001560301A9560100A5BD
:108E3000D00CC5918AC1A05006C53E675200611989
:108E3800AA428A50835206C48AA17649A95252008E
:108E400061105CADDC865DA42901560301A35601C7
:108E480000A5D00CC5918AC106C53E679A016F027C
:108E50009A00FE9282BE86BE8BBE0006B2BDE203C1
:108E580004BDE20305BDFE04761F030AE801B03035
:108E6000E2AF050AE2AF0408E809BDE8E6940005B0
:108E6800AD14656CE801C688E80DB8B8E69400054D
:108E7000AD146364E801D418E8089378E69400041C
:108E7800AD14655CE811F804AD146358761F03005F
:108E8000D0ACE2030442E2C801058D40C000E2AF6D
:108E88000091E27400089A00E6CF002AE80216432F
:108E9000E8021641E2030044E6CF00287649AF0E0F
:108E9800761F0314831E8A20761F0306E203000C44
:108EA000E20300C5E2030010E203010EE20301D574
:108EA800761F030AE2AF020C761F0306E20300C432
:108EB000E5A2E2030112AD14E20301D4650CE8015E
:108EB800EE60E80E6668E6940002AD146304D02004
:108EC000E2030291D02A8F40C000761F0314D12EF6
:108EC800E2030495D02C8A16E203059DE20304957B
:108ED000D030E2030595767EB915FE84E2AF05BE7B
:108ED800E2AF04BE8BBE0006B2BDAABDA2BDE203CE
:108EE00004BDFE0482A4E6CF0001E6CF00040652D2
:108EE800DC188650E2AF00D31E447649A4AAC4A475
:108EF000E6CF00218AA3A0ABE2AF00E383A2DC2A85
:108EF8007649A4AAE6CF002083A37649A5DBE6CF6E
:108F00000020A24283A67649A40C9A00BE00E590F8
:108F080093C3530061185301610ED01C9393601DE5
:108F1000D02E93936113D03693936110D03A9393EC
:108F180060086F0CD02E93936109D0369393610645
:108F20009A026F08D01C93936008520161075202A5
:108F2800600AD130D0366F049A01D11ED020E2AF4A
:108F3000009B88935201B6016006A9A493C4610303
:108F380093CC60085202600593C2610393CA600231
:108F4000B6007F418AA3E6CF002193A683447649E9
:108F4800916A92C35202600ED02E9293610BD03672
:108F500092936108D03A929360058A44DC0A1AC45D
:108F58000004FE84E2AF04BE82BE86BE8BBE00065D
:108F6000B2BDE20304BDE20305BDE20306BDE203B8
:108F680007BDFE02D012D110E2AF0495E72000231E
:108F7000E2AF029CE821FC02E2740098C4A5D01480
:108F7800D112E2AF0294E7000086DE14E30C4D9CA8
:108F8000E30A2AC6E7100088E801FC01E20300C6F4
:108F8800E6CF00287649B5E0D014E6950000E8CF92
:108F9000E001E2AF00957649B5E0D114D014E203C8
:108F9800009DE801FC01E2AF0095E7100140764929
:108FA000B5E0D120D01CE801F151E2AF0794D02AFE
:108FA800E80D5559E2AF0294D02EE3047595D0161A
:108FB000E7000175E30F229CE3056994E5A1AD1478
:108FB80056B51AA0E2A5019456B21AA0E6C5000A51
:108FC000E6C2000AE2A20194D018E7000010E2AF66
:108FC8000294E70000107700E71001007700E7102F
:108FD00001407649B5E0D016E2030395D03AE203AA
:108FD8000095FE82E2AF07BEE2AF06BEE2AF05BE75
:108FE000E2AF04BE8BBE0006B2BDAABDA2BDFE04A8
:108FE80082A4D02886A5929361758D000472069399
:108FF000617106C27649BAED5200616C06C27649CB
:108FF800BA8C88A9D0280E930FA6606492D26162B9
:109000005DA9AAA9DD810DA58AA992DC5CADDC84ED
:1090080088A47649B2CD9244615592436153924205
:10901000605188D2DE8192A65205684C92DA90FFA8
:10901800290127A992E290FF28AC00188D00046C62
:10902000560308A9AFAB1EA792EA90FF25A9FF5AE5
:1090280006A7CAABCBAA1EA792F290FF0EA9563B81
:10903000FF5A06A7CAABCBAA1E9392FA90FF61040F
:10903800020019011E939B0192A65207600CD008EA
:10904000929290FF52626007D009929290FF526212
:1090480056B100A88D00046E979306C27649BAED12
:109050008D4004698D00046A9341969B979306C2E4
:109058007649BA438D40046B8D00046856BF01936E
:10906000969BFE8482BE86BE8BBE0006B2BDE20326
:1090680004BDE20305BDFE0288A9A8A9C5A4E2AF14
:10907000044C6104D02393946103BE006F6A92A6EE
:10907800E6CF000D5201E695002D6110E694001D23
:10908000AD1456B423A056B400A656B40194645946
:10908800E6940025AD1462546F0FE6940025AD14E4
:1090900056B223A056B200A656B20194624AE69494
:10909800001DAD14644593E4D022530556BF0194D6
:1090A00068105200611983A70201DC1EDD1CE2AFCB
:1090A80003C5E71000D2560100C4E20302C56F0CE5
:1090B000E2AF03C40AE4E310DAD4E7100052E2039B
:1090B80003C4E20302D48AA7D01A290156030194F3
:1090C00007A483A9D01AE20300F55603019407A46C
:1090C80083A9D0109B05E2030195D01A92949C01C4
:1090D000764101B5D11AD01B9394969C5305670431
:1090D80083A7DD1B0AC50201DC20560100C4BE01BE
:1090E000FE82E2AF05BE92A6E2AF04BE8BBE0006D2
:1090E800761F0308B2BD9212AABD607A920CCA0913
:1090F000CA0E600392146174920C600B920E6005AC
:1090F800761F03215A1E6F08761F03245A006F0437
:10910000761F031D5A068D40C6FA8AA17641011BBF
:10910800E80206492901761F03088F00D914E808E8
:109110007ED956030110E7000008560100A4E203BF
:1091180000C48F00D5F456030110560100A4761F31
:109120000315C40E761F0305C2C492026003E590C6
:109128006F03E801FC00761F030856030110E2C430
:109130000213761F0312E2C40101E8504812E850FE
:10913800B200E71000898F00D784E710004056017D
:1091400000A4E20300C48AA1764101255200600315
:10914800D4006F038F001000761F030D062893A923
:10915000761F030892A418A80F0058108F00DD9AFC
:10915800CAA8CDA200FFCBA997949BC892109C01E6
:10916000764101B59610921152C867020A1186BE67
:109168008BBE0006B2BDAABDFE02D13CD00080A9CC
:109170005AA9889C27A82F493AAC0EA60FA2610ACB
:1091780092A7613A92A66106D0429B0156BF01941C
:109180006F03D042939492A7612F53006129D10EAF
:10918800D040E2AF029CE700008AE2AF0394E71008
:1091900000D17700E6940008AD146211E720009931
:109198007700E6940008AD146407D140D042E2039A
:1091A000009C2B946F0AE720009B6F04E710009B44
:1091A8007700D040E203039402081EAC6F0BD04056
:1091B000E20300946F07D042D140E5902B94E20384
:1091B800009CD03C92A77F94610892AA6106C4A43F
:1091C0000201DE3E560100C6D03E06941ED592A78F
:1091C8006105D040E2AF00946F02E5905200E203DF
:1091D00000E5610393AB6F029B00D008520097F546
:1091D8007F956108520256BF01C56008ABA95001CE
:1091E0006F04ABA92BC550021EACD00AFE82AB9512
:1091E80086BE8BBE0006B2BDAABDA2BDFE208BA561
:1091F00086A4826A92D1616F5DA9B2A9DD810DA5B5
:1091F8008AA992DC5CADDC8688A47649B2CD924619
:109200006162924561609244605E88D1B60EDE81F3
:10920800560303A60EA9F60F1FA754C269545CADF6
:1092100083A192A6DC9F5CA47649AECD5CAD5DAD2A
:109218002DC2350EDC9FDDA096605CA45DA59A0E7C
:109220007649B05ED02F1EA69292601106A6620DFE
:109228008AA2D011D12E9292DC2E0AC4549A56B931
:109230002FA056B901926F03D02E2B928AA2020161
:10923800D02CDC2C560100C40692D02F1ED392925B
:109240006004E5902BF36F1B06A66203E5906F0F99
:10924800BDA90F16770077007700E801C800E68906
:109250000009E8082000E70000407700E831FC0042
:109258009A00E5A0AD1456B201A996F3E20300E323
:1092600056BF01C3FEA082BE86BE8BBE0006FE0AAC
:10926800762202018F05D33698C499CC761A8F00DE
:10927000DAC27649BA3E8F00DB867649BA3E761F5F
:10927800036BD4002B0002252B017649AD9E28A94B
:109280000A069B467649A6FFD40102257649AEEE32
:1092880002011E42022576499ECED4000223764969
:10929000AD9E28A906059B467649A6FF0223D40069
:109298007649AEEE02001E42022376499ECE023285
:1092A0007640FE0E8F048000A8A97649B3E628A96F
:1092A800E10028A805F58F0F42408F4480001E4238
:1092B000A844A0A9D40A7649A69FBE01310028A9D6
:1092B800040028A88000B600D401D502C242A944FF
:1092C00076848000C3461E4856BF084906A67649E4
:1092C80083F60202B600BE008F0008001E42D500D9
:1092D000C344C246A84876848000D40156BF0849DA
:1092D80006A6764983F68F04800018C4FFBEFE8A6E
:1092E0000006B2BDAABDA2BDFE1E86A48BA592D269
:1092E8005204686D5DA9AAA9DD810DA58AA992DC41
:1092F0005CADDC8488A47649B2CD9244616092432F
:1092F800615E9242605C88D25CADB618DE8183A262
:10930000DC9D560303A60EA95CA4F60F1FA75BA95C
:1093080092A67649AECD92A3614A5AA3D300DA81D8
:109310005CAD5DAD7B5E9A08DC9DDD9E5CA45DA5C9
:109318007649A57752006105DB18000AFFF36F371D
:109320005CAD5DAD9A05DC9DDD9E5CA45DA57649D6
:10932800A5775CAD5DAD82A9DC9DDD9E9A065CA447
:109330005DA57649A5775CAD5DAD86A9DC9DDD9E1A
:109338009A055CA45DA57649A577D00A1EA65603B2
:1093400003A393A3FFD1CBA99791D00B560302A2FD
:1093480093A2FFD3CBA99791D00956BF0191560399
:1093500003A6D00C93A6FFD1CBA99791FE9E82BE07
:1093580086BE8BBE0006B2BDAABDFE0286A4D1425F
:10936000D04356BF039A56BF039276083B3092BE55
:109368007622F5A970295068F4A97029F6277700A4
:10937000761A8F49009428A80000FF698F00E02426
:1093780028A92A987649B0B5762229018F05D77889
:10938000FF20FFFEC0C492A8C0CCFF20063F76405D
:10938800FE0E76228F05D7601AC40001761A764938
:109390009E0B7649B3FB9A9428A8800176497F4DAD
:109398007649B4A2764979F676494F468F05FB009F
:1093A0008F45F800A842A0A9D4047640FCF58AA213
:1093A80076496F9B8AA27649B6FA8AA276497C5694
:1093B000E8021640E8020E419A028AA2764961E06C
:1093B800D13EE801E668E801EBF1D040E80A14780C
:1093C0008AA2E203019AE2030092E802164076497B
:1093C8009BDF8AA2764999698AA27649B9C1FE8249
:1093D00086BE8BBE0006A8A96175D00AE801FC0014
:1093D800E593E80227D2E2030094E591D00CE2037A
:1093E0000394D010E2030294E8020503D014E203D0
:1093E8000194E801FC02D016E2030394E8020901A3
:1093F000D018E2030294E801FC03D01AE2030194BE
:1093F800E592D01EE2030394E8020B01D020E801B5
:10940000F863E2030294D02AE80E666BE801F79253
:10940800E2030194D008E801CA89E80FF62AE203CA
:109410000394D012E80DB8B9E8063E1BE2030294AB
:10941800D01CE8024092E80A8003E2030194D022BB
:10942000E80BE002E80229D9E2030394D024E59393
:10942800E80C0001E2030294E20303D4D026E5929B
:10943000E801D35BE2030194D00EE20302E42B9433
:10943800E80F6FD3E801EC41E8023752D028E20385
:1094400003F4E80B2CA9E80B0002E20301C4E203D9
:1094480002940006B2BDFE02D00A93946104D00BC8
:1094500092946F6983A4DD080AC552026113520019
:109458006016E8078A49E80F9651E6940008AD14AB
:109460006409E8038A49E80F9651E6940008AD14B0
:109468006506D00B9A0456BF04946F46E2AF01C458
:109470005201E20301F46127E8120D00AD14621CF1
:10947800E8120200AD146307E2AF00D4E6940001DD
:10948000AD146409D10AD00B9A0156BF019C56BF96
:1094880001946F31E801FCC8E80CCCD07649B318D8
:10949000520061196F10E801FA007649B3185200C2
:1094980061126F09E801F8C8E80CCCD07649B31816
:1094A00052006109D10AD00B56BF019C9A0256BFE7
:1094A80002946F11D009D1089294549C620BD00B8E
:1094B0009A0356BF0394C4F4D10A56BF019CC2C498
:1094B8006F029A00FE828BBE00060000FE0288A999
:1094C000A8A983A4610892A652046005761F036AC6
:1094C800923E61039A006F6276C0DD39D40BBE0705
:1094D000CCC500FFB50900A647A956BD50A856BC8B
:1094D8001EA8FF80978777007700DD01000CFFF159
:1094E000761F036A8F00DC4A56BF013E83A4FF202B
:1094E80010A0F4C4466B8F00466BDD017649B6D0F8
:1094F0008F00014FD500FF2010A0A842D40176496B
:1094F800B6DE7622F5A910A018A9FEFFF4A910A0DF
:10950000F5A910A15010F4A910A1F5A910A150803F
:10950800F4A910A1761AF5A946AA5004F4A946AA06
:109510007622F5A910A01AA90100F4A910A0F5A9B6
:1095180010A15001F4A910A1761A9A00F4A94604E2
:10952000F5A9464918A9FFFCF4A946499A01F5A8EE
:10952800460018A8FFFCF4A84600FE820006B2BD5B
:10953000FE020EA9BDA90F12770077008BA4D008F8
:10953800E68B0000E2AF0191E8120000AD14650867
:10954000E8B0000A7700E6940010AD146405D00C72
:10954800E2AF00916F51D00A9291E2740040600C32
:10955000E8CFE002E2AF01C1E700005177007700F9
:10955800E27400086F0FE2AF02C1E8CFE001E70054
:10956000008077007700E274004077007700770092
:109568007700E5A0AD1456B50CA0E2A50091652CD6
:10957000E2AF01D1E2740040764967EAE801FC03FA
:10957800E801FC02E2AF01E1E274005BE2AF01F155
:10958000E274005177007700E70000C07700E71031
:1095880000097700E801FC02E274005177007700D7
:10959000E8021C43E80C999BE72000C87700E82606
:109598001100E83218B0FE828BBE0006B2BDAABD2B
:1095A000A2BDFE1A86A48D00047E5B928BA592A3B9
:1095A800521066089A109EA352066805285A0006AB
:1095B0006F039A00965A5CADDC995CA47649BA16A2
:1095B8005CADD5070200DC995CA47649A9A85CAD2E
:1095C0009B00D50192A3DC9956B101A85CA40EA81A
:1095C8007649A9A85CADAAA9DC990DA309015CA4F8
:1095D00083A9925A7649B5885CADDC995CA476493A
:1095D800BA485CAD28A8FFFF5BA9DC995CA4764972
:1095E000B126D00BCCA93FFF9B015CA956BF0191CE
:1095E8009A1E7649B4101EC192A3610A88AD5CA385
:1095F00083A1DE9980A6DC81DD03F7A424858D009C
:1095F80004759A01D4009B015D927649B67688A9D4
:10960000B2A90DA38AA99A0194A3FE9A7EDC96D1F1
:1096080082BE86BE8BBE0006AABD80C4768003E8F3
:109610000200A3D458A7F61F561700A692A7A9A424
:10961800521F6902D01F027F0FA42901564808A4CF
:1096200092DD9B00520056B001A8560306A880A9FF
:1096280092C5900788A992CD9007560303A9AFA6C3
:10963000AFA786A992F59B00520056B001A8560329
:1096380007A888A9AAA9AFA686A992D59B00520017
:1096400056B001A8560308A888A9AAA9AFA686A95A
:1096480092E59B00520056B001A8560309A888A9C4
:10965000AAA9AFA686A992ED9B00520056B001A818
:1096580056030AA888A9AAA9AFA686A992FD9B00C5
:10966000520056B001A856030BA888A928AC0011D7
:10966800AAA9AFA686A93AA9FF3BFF5AAAA9CAABDD
:10967000CBAA86A9A8A9563BFF5AAAA9CAABCBAACE
:1096780086BE0006FE02E2030042834228AC0017C1
:10968000A0A9A0AB0EA818A980001EA7A0A95622C9
:109688009B0090FF83A918AA007F02FF0FA5600C1A
:10969000A9A9610428A802006F029B0092A7CAA88A
:109698001AA97C006F47021FDDF00FA5620392A78D
:1096A0006FF8A0A9651A56030AA588A92901A9A9D6
:1096A80018AB1FFF18AA0000FF4C93A7CAA6CBA9A6
:1096B0005CA8FF2010000FAB68050FAB600440A44E
:1096B8006C02DC0192A46F260200190A0FA565034B
:1096C00092A76F209B0E9FA588A85DA61AAA00806E
:1096C80016A6DD8156228AA92DA50201563B83A93B
:1096D0002DA60201563B1901CEABCFAA1EA6A0A90A
:1096D8000FA668050FA6600440A46C02DC0192A4E2
:1096E000CAA7FE820006B2BDFE022901560302ECA3
:1096E80007D41EA692D61BA901F4690328A901F480
:1096F00087C40EA98F4003E8D008566500A9020070
:1096F800F61F561700A50200A9941EF4E2AF00C693
:10970000E5A0AD14653ABDAC0F1677007700770081
:109708007700E68B000977007700E2740040770065
:10971000770077007700E851E0007700E821FC004F
:10971800E8323800E88FC0007700E68A000077005A
:109720007700BFA90F1260020201D00E1E94E2AFB3
:1097280000C6E710000077007700E27400087700B1
:10973000770077007700E68A000077007700BFA9FE
:109738000F12600602016F04BE00D10EC29CD00A4F
:109740001E94D10CD0100200FE822B941E9C8BBE66
:109748000006FE02E710000BE8020649E6CF001803
:10975000E8087ED9E6940008AD14632DE5A0AD14A9
:10975800634EE802064AE8087EDAE2740081770080
:10976000770077007700E68800097700E68900092E
:109768007700E70000517700E72000437700E5A382
:10977000AD146307E802064AE8087EDAE710009BAA
:10977800E8020648E8087ED8E6940003AD1464279A
:10978000E5936F25E8020649E8020648E8087ED915
:10978800E720005BE8087ED8E6940003AD14641770
:10979000E8020649E8087ED9E274005877007700AD
:1097980077007700E68800007700E6890000770008
:1097A000E70000087700E720001B7700FE82E6CF85
:1097A80000180006B2BDAABDFE04E801F401284273
:1097B000C95CE8020402E5938F00C69428413C325C
:1097B800E2030144E801CF81E809D481764972A225
:1097C0008D80CE74761F031A59A98AA29A93E2C497
:1097C80000147649ACA292A16139761F031A8AA2C5
:1097D0009A8FE2AF001A7649ACA2761F031A9A90CC
:1097D8008AA2E2AF001C7649ACA2761F031A9A91BE
:1097E0008AA2E2AF001E7649ACA2761F031A9A92B3
:1097E8008AA2E2AF00227649ACA2761F031A9A0930
:1097F0008AA2E2AF001A7649ACA2761F031A9A0A2F
:1097F8008AA2E2AF001C7649ACA2761F031A9A52DD
:109800008AA2E2AF001E7649ACA2FE8486BE8BBE61
:109808000006762202018F05D32898C49A2199CCA4
:10981000F4A97900F5A9521218A9FF80F4A95212EF
:10981800F5A9521618A9FF01F4A95216761A9AFE4C
:10982000F4A952187622F5A9521518A9FFEFF4A948
:109828005215F5A9521518A9FFFEF4A95215F5A964
:109830005215CCA9FFFB5002F4A95215F5A95214F8
:1098380018A9FFFEF4A95214F5A952145004F4A96A
:109840005214F5A952145002F4A95214F5A9521455
:1098480018A9FFF7F4A95214F5A952141AA901008E
:10985000F4A95214F5A9521518A9FDFFF4A952153F
:10985800F5A952155010F4A95215F5A9521550083A
:10986000F4A95215761A0006B2BDFE0292C4520146
:10986800660428AB00016F032BC42BAB92CC527F4C
:1098700069032BCC2BAB88D480A62901FF20FFFFE6
:109878000FA7610792A65213690428D4FFFF2BABE8
:1098800092DC520769032BDC2BAB92E45203690490
:1098880056BF03E42BAB92EC520169032BEC2BABD4
:1098900092F4520169032BF42BABD10C5D9CD009DF
:109898002F9492A5CAAA6115D00AE2AF009476491E
:1098A000B6355200610592A5CAAA610B6F14D009A2
:1098A800D10CE5902B942BAB2B9CD00AE2030094AF
:1098B000D00A06941E4206426106D00AE5902BAB00
:1098B800E2030094FE8292AB8BBE0006B2BDE203C7
:1098C00004BDE20305BDFE02BE00E2AF044CE7109A
:1098C8000065E2AF0150E84FC02DE2AF044EE694C8
:1098D000000DAD14E71000C056B201A6E84FC0005D
:1098D8009A00E6940008AD1456B201A9E71000A05A
:1098E000560301A9E84FC000CAA6BE00560301A94D
:1098E800E6940008AD1456B201A6CAA65204620A4C
:1098F000520461155200610B5201610B5202610B5F
:1098F8006F0C5205610E5206610E6F0F9A006F0EC3
:109900009A036F0C9A026F0A9A066F089A016F0603
:109908009A056F049A046F029A07FE82E2AF05BEB9
:10991000E2AF04BE8BBE0006B2BDAABDA2BDFE0270
:10991800FF5A7649B77286A482A9A8A9FF11014DFA
:109920001EA78D00029B7D92A8A928C7BB01FF122C
:1099280000A78AA906D27649BAB08D40029E8D005A
:10993000029FA9A6A2A92B923F9ADE080FA6691141
:10993800AAA907ABFF11015183A9A2A903A619017E
:109940008AA90200DC812885FFFF19010FA460FAB3
:1099480002061E428AA706A676499A0D1EA6AAA94D
:10995000FF1500158AA906A67649BAB08D4006EC17
:109958008D0006EAA292BE008D0006EE020156BFF7
:109960000192C29A560100D2FE8282BE86BE8BBE92
:109968000006B2BDFE068BA4D01A28A97840BE070F
:109970008A9128A8017D8F402580D01A18CCFFDF5E
:109978001ACC00201E42A044C24606917649AD5832
:10998000D01A8A9183A4D01ADD0ADC0A18C57FFF99
:109988001AC480008A9183A4D01ADD0BDC0B18C599
:10999000DFFF1AC420008A9183A40218D01ADD0ABE
:10999800DC0A18C5DFFF1AC420001E42069176496A
:1099A000B0D2D01A8A91C4A483A4D01ADE0ADD0AE8
:1099A800DC0B1AC680001AC560001AC420008A9110
:1099B000D01A1ACC00238A9118CCFFDF1ACC0020D1
:1099B800FE868BBE0006A8A96150D00CE80224B030
:1099C000E8021CB3E8022DD9E801FC02E20300948E
:1099C800D010E2030394E80C0001D01CE8019EB318
:1099D000E2030294D00E8F407530E8020702E80DD2
:1099D800FCABE2030194E20302C4D018E591E20370
:1099E0000394D008E8020902E20301D456BF14949C
:1099E800D00928940320E8020203E801DD19D00A0F
:1099F000289403E8E20302F4D01256BF0C94E20369
:1099F80003E4D013E80EB851289407D0D014289463
:109A00000BB8D01556BF6494D01628941388D01E76
:109A0800A094D01AE20301940006AABDA2BDFE02EA
:109A100028ABFFFF28AAFFFFFF5882A4A9A0864A0F
:109A1800613FBE001901290183A987A6AAA90FAC35
:109A20006107ABAB0201565D00A20FAB60039B0068
:109A28006F06C4A3ABA9560100A693C6CCA800FF35
:109A300088AD964292A8FFC7DE8280A69641D401E7
:109A38003AA9B7C78EA9BE0792A040A93AA9FF4084
:109A400056480CA06C083AA9FF401CA983201CA80A
:109A4800EDB88EA9000EFFF2DF01000CFFEBABA60C
:109A50000200DD811901DE010FA587A660C8FE8224
:109A58003AA982BE86BEFF550006B2BDAABDA2BD08
:109A6000FE1E8BA486A45CAD82A9A05E0668DC9A6B
:109A68005CA41E5C7649BA165CADC5A1DC9AA2A9B5
:109A70005CA4DF2A27C73F41835E7649A5A95CAD78
:109A7800DC9A5CA47649BA48D10B5BA98A5CD028E9
:109A800028A801559A1056BF019C5C927649B731BF
:109A88001EA68A5C92A3C2C4610A88AD5CA3835CEB
:109A9000DE9A80A6DC81DD03F7A42485D0369A0106
:109A9800D4009B015D927649B6768A5C88A9C5A4F4
:109AA000A8A90DA38AA97EDC8AA79A0194A3FE9E89
:109AA80096D482BE86BE8BBE0006B2BDFE108BA5C4
:109AB0005DADC5A4DD8E5CA55DADDD8EF60D2484A7
:109AB8005CA576499864BE00934C274E804D92452C
:109AC00097E156B001A628C14E5056BF02C93FD1FA
:109AC800934B7FD9CCA800077EE9FF8398E953011F
:109AD00060031AE900025603074A9B8095A9CCA8A7
:109AD80003FF98E9924961031AE90004924660037A
:109AE0001AE90008924861031AE9040092476003EA
:109AE8001AE90800924261031AE9100006441E5060
:109AF000C4508AA17EF106A697F99A087649A8D0A3
:109AF800D0089691FE908BBE0006B2BD8D40C6FA86
:109B0000AABD8AA186A57641011B761F030A061EFF
:109B08008AA1E20300C21ED2764101229B00761F81
:109B1000030D5200C42856B101A897E27649BAA8AD
:109B18002BAA27A6761F03091EA70E2B0FAB6105DC
:109B20007E2B761F030FC31E06A7761F030F031E8F
:109B28001EA72BABBE0002030FA756B901A692E2EF
:109B30007EEA610602030FA7690328AB0001761FC6
:109B380003079B0192253FE25200600B761F031238
:109B4000920E6007761F03239226520556B000A896
:109B480097F286BE8BBE0006B2BD8BA428A94E50E4
:109B5000A0AC54C161069A02ABA47649B2FF6F3D36
:109B580092C95202612452036111520161039A03AE
:109B60006FF49A067649A8D088F10EA90FA6601F57
:109B68008AA1ABA57649AA4F6F0D9A087649A8D065
:109B7000D00888910EA90FA660128AA1ABA57649DC
:109B7800A008ABA4764998649A016F179A087649A9
:109B8000A8D0D00888910EA90FA661039A046FCDC2
:109B88008AA1ABA57649A008ABA4764998649B0046
:109B9000520056B101A892A88BBE0006B2BD8BA49C
:109B98008D0006F3929160128D0006F49291613E59
:109BA000B2A9DC0AFF11015183A97649AAA18D004F
:109BA80006F4020E2B91D5036F2EB2A9FF1006EF13
:109BB0001EA78D0002A292C79691D00AB2A9FF10EB
:109BB80002A38AA906917649BAB0D5016F1088A583
:109BC000B2A90DA5DE81FF1006EF1EA7B2A90DA652
:109BC8008AA9DD018D0006EF92C796948D0006F3F1
:109BD00092A5549168EDB2A9FF1006F38AA9D502A7
:109BD80002030BC48AA1764999148BBE0006B2BD54
:109BE0008BA4D014AABDE20304BD8A91E6CF000481
:109BE800D0142BFC2BF48F00080006917649B9F2AB
:109BF000E8511EA07700E68A000077007700BFA238
:109BF8000F12D0148A91D016DA81AAD48A91D0167D
:109C00002BFC2BF48F00080006917649B9F2D01690
:109C08008A91D018AAD48A91D0182BFC2BF48F00F3
:109C1000080006917649B9F2D0188A91020019011C
:109C1800D0181ED48A91CCE47FFF502096E418E433
:109C2000FFEFE2AF04BE86BE8BBE0006B2BDA2BD92
:109C2800FE0282A4D008039588F31EA78A4A1E4222
:109C30000EA60FA76605D10EE2AF019D6F2392A677
:109C380061110EA6BDA90F1277007700E2AF0142AD
:109C4000E68B0009E68B000077007700E2740008DD
:109C48006F03E801FC00D10CD00EE2AF019DE2AF3A
:109C50000295E72000527700E70000807700E710C8
:109C58000009D010E2030195C5D4E2AF00C38AC45D
:109C60003E67C5420EF3BE000DFB0FA756B901A615
:109C680092A6FE8282BE8BBE0006B2BDE20304BD90
:109C7000FE02761F030DE2AF040EE5A4AD146538B5
:109C78008D40CE749A098AA17649B7BE761F030D26
:109C8000E70000209A0AE2AF0112E70000088AA16B
:109C8800E20300187649B7BE761F030DE2AF04144D
:109C9000E2AF0110761F0314E70000088A24E700F2
:109C98000020761F030DE203001AE2AF0118E2AFBD
:109CA000001AE20301C40618761F0306E20300D47B
:109CA8001E08761F030D061A761F03061E0AFE827B
:109CB000E2AF04BE8BBE0006B2BDE2AF02D4C54621
:109CB800D108929DE8200002C4A7E6CF001196C7FC
:109CC000C5A5D00A9B00E6AF0009DF0992C79696AA
:109CC80092C5520156B101A897CEE2AF00D57649A8
:109CD000B5F1E8020C29E80AAAA9E20300D6E2AF2E
:109CD80000E5E2AF03C4E30042E4E8200002E6CF77
:109CE0000011E7000018E6AF00097649B5F1D10888
:109CE800D00AE20300E6E2AF00F5E8200000E20354
:109CF00000F6E2AF0095E8200000E203009E8BBE74
:109CF8000006FE02A8A961022BC4A0A961022BC517
:109D0000E6CF0002E801E073E6950012E80FD1AB60
:109D0800E694001AAD14630428A9FFF56F2EE5A1A7
:109D1000AD14651BE2740089770077007700770047
:109D1800E88FC0097700E68A000977007700BFA9B5
:109D20000F161EA6610AFF3007A61EA702030FA783
:109D2800660402B40FA7670428A9FFF46F0EA8A958
:109D300061027EC4A0A96108E5A0AD1456B301C5B7
:109D3800630328C5FFFF9A00FE820006B2BDAABDD4
:109D4000A2BDFE028D80C6FA8BA5064C8AA2824E69
:109D48001E4276410117761F030DC428E20300C1A5
:109D50007649BAA880A6761F03098BA90E290FA7FA
:109D580061057E29761F030FB21C8AA27641012273
:109D60005200B6006009BE03B2A9761F030F031CA0
:109D68000FA656B801A7761F03078A429B019225C2
:109D700052007FC4600B761F0312920E6007761F9D
:109D780003239226520556B000A897C3FE8282BEDE
:109D800086BE8BBE0006B2BDE801EA6083A4D0089F
:109D8800E8022309D114E80E6668F6172B85E2036A
:109D90000094E801EE60D00AE80E66682BC4E20386
:109D98000094E203019CD00CE801F800E20300946F
:109DA000D00EE8020400E2030094D010E80223D0B1
:109DA800E2030094D012E80227D0E2030094E8010D
:109DB000F800D016E20300F4E801EE60E80E6668F1
:109DB800E20300D4E801EBA8E80E1478E20300E41B
:109DC000E8022818E80A0000E20300948BBE0006AF
:109DC8005201611D761F03099214613D761F030E2F
:109DD000E2AF0024761F0314831E8A20761F030E31
:109DD800E2AF0126761F0309E20300C52B14E20354
:109DE00001D5E20300C4E20301D46F1B761F03090F
:109DE80092146021761F03148A1E8320761F0309AC
:109DF00056BF0114761F030E06D4C4C41E26E20308
:109DF80001D4E20300C4C224E20300C5E20301D592
:109E0000761F0306E203000CE2030010E203010EDA
:109E0800E2030112000676083B3092BE7626000077
:109E1000762F0000BE009A009B00F4A90CE2F4A685
:109E18000CE4B600F4A80CE6F4A90CE8F4A80CEAE3
:109E2000F4A60CECF4A90CEEF4A80CF0F4A90CF2D6
:109E2800F4A60CF4F4A80CF6F4A90CF8F4A80CE3C6
:109E3000F4A60CE5F4A90CE7F4A80CE9F4A90CEBE2
:109E3800F4A60CEDF4A80CEFF4A90CF1F4A70CF3BC
:109E4000F4A60CF5F4A80CF7F4A90CF9F5A90CE0AC
:109E48005001F4A90CE00006B2BDAABDA2BDFE2EC9
:109E500088AD02008BA42B69A06CDE861E6EA3D198
:109E5800C5E1D3015AA6A946C3445CAD5DAD020075
:109E6000DCA8DD8888A41E485DA58AA1C24206C27E
:109E68007649A21E5200611292696104066E0F487B
:109E7000670D5DAD5CADDDA8DC9880A55CA40648EF
:109E78001E6E28690001F60F2484DA02000BFFDF4A
:109E8000926961075DAD8A6CDD9880A5F60F248428
:109E8800FEAE82BE86BE8BBE0006FE02D0200694C1
:109E9000D0221EC5E2AF0094E5A0AD14650CE2AF80
:109E980001C4E27400407700770077007700E8504B
:109EA000B2006F02E590C5A4E20300D5D028DF24FC
:109EA80092C796E592946003E5906F1D0EA9BDA92F
:109EB0000F127700770077007700E68B0000D0263E
:109EB800E2AF0194E2740009770077007700E2AF1F
:109EC00003C4E27400C87700770077007700E85099
:109EC800B2007700FE82E20300F500061EA718A97B
:109ED000FFE0FF30C444FF1A001F8AA992A7901F19
:109ED8002DA90201563BFF5A762292A642A96D0887
:109EE00083A4A9A9FF55DD12C0C5C1CD6F0783A406
:109EE80092AB93AADD1298C599CD92A640A96D08A8
:109EF00083A492AB93AADD0C98C599CD6F0783A478
:109EF800A9A9FF55DD0CC0C5C1CD92A641A96D0722
:109F0000A9A9DC10FF55C0C4C1CC6F06DC1092AB10
:109F080098C492AA98CC761A0006B2BD76228F051C
:109F1000D23218C4FFFEF627770018C4FFFDF627DB
:109F18007700761AFF6976499FCA76228F05D2089C
:109F2000CDC4FFFC510197C4F6FA7700F6327700F2
:109F2800761AD1006F1176221AC40002761AFF69D8
:109F300076499FCA76228F05D208CDC4FFFC510115
:109F380097C4761AD9018F05D22E40C46C065201F7
:109F4000610993A1530468E8520161047625520027
:109F480061FE8BBEFF690006B2BDFE02C4A480A9F3
:109F50009A00DE3A45C66C05D00F939556B001A91C
:109F580093A7BE005301612CD01293956029D018A5
:109F6000E2AF00C5E2AF0194E6940008AD146320AF
:109F6800D01CE2AF0194E6940008AD146519D02026
:109F7000D110E2AF0094E2AF019DE6940001AD1470
:109F7800630FD012E2AF00F5E2AF0194E69500005E
:109F8000E6940008AD146304520156B001A6FE82A7
:109F880092A68BBE0006C5A5D0112BC7929460047B
:109F9000D0102B946F0CD00806940FF4660C92EC42
:109F98000AEC9C0154E468057649B9EBBE006F29C8
:109FA000764996E3D00E0694611DD00CC4945601F8
:109FA80000A68F410000A0A90FA66904D00CC29496
:109FB0006F0706A6D00CFF0F00021EA61E942901F3
:109FB800FF2080000FA6660428C7FFFF6F0356BF67
:109FC00001C7D01092C7BE0196940201560100F459
:109FC80092A60006FF2007D07640FE0ED0002BACEC
:109FD000BE03D50076C5D230FF2001FF0FC7670949
:109FD8008F05D230A3C41AAA0001A9C40FC768FB11
:109FE0008F05D23028A803FF55C461128F2625A003
:109FE800DD01A8A90FA568088F05D23028A803FFAE
:109FF00055C460F56F0593A05303600D2BAC93A07F
:109FF800530360098F05D23028A803FF55C46003B6
:10A0000028AC0001D801D500000EFFD092AC0006AC
:10A00800FE02C5A592D496C792DC96CF92E496D765
:10A0100093EC92A8FFC39007600441A856BD01A924
:10A0180096DFCCEC0380FFC660039A036F029CFFB7
:10A0200096E7CCEC0004FFC196EFD008CCEC04001E
:10A028002901FFC996F792ECFFCAF001900196FF4B
:10A0300092ECFFC2F00190019697D00992EC90014A
:10A038009697D00CCCEC1000FFCB9697D00A25FC55
:10A04000AFF41E42FE821E970006B2BDAABDA2BD9D
:10A04800FE248BA9B618C46E0EF4A860A062F60FA1
:10A050001FA7C2645200965D61285A5DD300DA8161
:10A058005CAD5DADB600DC84DD9C88A4C344B2A9C8
:10A060005DA5C2428A607649A28F52016105520005
:10A06800601492A36F138A6492C461058A6206C45D
:10A070000F4467078A6206441EC48A6456BF01C43F
:10A07800D918DB01000AFFDE925DFEA482BE86BE0F
:10A080008BBE0006B2BDAABDA2BDFE045DAD5AAD39
:10A0880028AA0001290128AC001828AB0002D10336
:10A09000D300DD84DA845DA576C9CB78BE035AA2ED
:10A09800F6032485B51E00A68F4703C0A0A90D822C
:10A0A00083A9C5C558A392A790FF969458AA06A75E
:10A0A800FF4790FF969458ABDB0406A791FF97945F
:10A0B00006A7562293AA969C9D04D9042FA893AB79
:10A0B8009D0427A8FE8482BE86BE8BBE0006B2BD64
:10A0C000AABDFE0486A4D0288BA59292613106C158
:10A0C8007649BA0A5200612C06C17649BAED5200A7
:10A0D000612706C17649BA8C88A9D0280E920FA6AE
:10A0D800601F92D1611D5DA9B2A9DD810DA58AA974
:10A0E00092DC5CADDC8488A47649B2CD06C17649A9
:10A0E800BAEDC5A2D03993419692DF3A97C706C117
:10A0F0007649BA43D13BD03856BF0192969AFE8436
:10A0F80086BE8BBE0006B2BDFE02D0085200E5A0A7
:10A100002B9456B504A9D009AD1496946509E802BC
:10A108004BA1E8092001E6940008AD146413D10AB4
:10A11000D00BE593E591E590E5929A0056BF019C3E
:10A1180056BF0494E20303C4E20301E4E20300F43B
:10A120006F12D10AE801F4C9E84FF002E20300F42B
:10A12800D00B9A012B9CE80CCCD1E00040C42B94B6
:10A13000E20300E4E20302D4FE828BBE000683A4A5
:10A13800D0080200E5901E95DC14D00A56BF01C570
:10A140002BCD2BD52BDD2BE51EF51E95D00CE20378
:10A148000095D00EE2030095D010E2030095D012DE
:10A15000E20300957649B9918AA5DC1A7649B9914E
:10A15800D024E590E2030095D026E2030095D028AC
:10A16000E2030095D02AE2030095D0202B95D02160
:10A168002B95D0222B95D02C2B95D02D2B95D02EFE
:10A170001E950006B2BDE20304BDA8A9E20305BD19
:10A17800E20306BDE20307BDE2AF0450E2AF064EBC
:10A18000E308BD52E70001ADE72001C0E700015E32
:10A18800E700011BE7000152E72000C9E710018042
:10A19000E72000896103E20300C4A0A96103E20390
:10A1980001C5E7000000E70000497700E71000402C
:10A1A000E2AF07BEE2AF06BEE2770000E2AF05BE57
:10A1A800E2AF04BE8BBE0006B2BD1EA606469B00EB
:10A1B00090FF1EACFF5A06A6FF1800011EA71AAAA0
:10A1B80000108D000100A9C706A6FF1800014F96E0
:10A1C0008BA96DFB8D00010C0E969B00900FFF5A22
:10A1C80006A6FF1400111EA6A9A9610AB600DF01A0
:10A1D000928458A73CC6A9A9DE010FA066F992A5F2
:10A1D80061048F0300006F02D400A8A9ABABCBAA1F
:10A1E000CAAB51841EC18BBE00063B108AA576C047
:10A1E800C6C0F61924842910761F0315E2AF00149F
:10A1F000E2AF0114E2AF0216E3004316E700009954
:10A1F8007700E710004077007700E27700019B01C5
:10A20000761F0310E2AF000EE821FC00E2740008A4
:10A20800D01A761F030792255200E2030095600BCF
:10A21000761F0312920E6007761F032392265205C3
:10A2180056B000A8D01CFF6997950006B2BDAABD2C
:10A22000A2BDFE228BA9B618C46C86A50EF4A86048
:10A228002B5DF60F1FA7C262520061245BA9DB8178
:10A230005CAD5DADB600DC84DD9C88A4C344B2A9EE
:10A238005DA5C2428A607649A28F52016013925D81
:10A24000610406C20F44670B5CAD064483621EC204
:10A24800DC9C5CA47649BAA4285D0001D918000BEF
:10A25000FFE1925DFEA282BE86BE8BBE0006A0A973
:10A258006104E590E20300C5D008C494020A0FA681
:10A26000690428A9FFFE0006A0A96128BDA60F1257
:10A268007700770077007700E68B00007700E80238
:10A270000001E2740008770077007700E2AF03C4C2
:10A27800E3060AD4E7000080E7000049E700000091
:10A280007700E710004077007700E2770000770062
:10A28800770077007700E20300C59A000006B2BDA8
:10A29000AABDA2BDFE0682A9D00E8BA4A046C450C2
:10A298000910D508C5918AC1C2443E67D00E9642BE
:10A2A000D5108AC1C591A2A93E6793428646530143
:10A2A8006115D008C59156BF1841A2A983A28AC1D9
:10A2B0003E679A008AA27649AF8D5201600B8AA24E
:10A2B80083447649B8F19A016F06520061039A0007
:10A2C0006F029A02FE8682BE86BE8BBE000683A9FE
:10A2C80006449B0090FF1EACFF5AA0A9FF15000989
:10A2D0001EA61AAA00338D000120A9C6A0A9FF1549
:10A2D80000094F951EA66DFB8D00012C92954FA984
:10A2E0006C1C900F80A9A0A92BAA27A7FF1400130C
:10A2E80083A992A7610AB600DF01C6C558A796845C
:10A2F000A9A9DD010FA066F9ABAB9A011AAA000467
:10A2F800A9C64FC66DFF00069A000006FE08E59144
:10A30000964852002B47E20301462B446126530135
:10A308006124E2AF01E4E6940008AD14641EE2AFF4
:10A3100001F4E6940008AD146218E2AF02C4E2AFA3
:10A3180001D4E720008956BF0147E5A1AD146508BF
:10A32000E720008077007700E27400406F02E5903C
:10A328007649B8A1E20300465CAD06A6DC8880A4A5
:10A330006103F6052486FE88000692F56006BE00DD
:10A338009A002BC4C2D4000693C4600456BF14C448
:10A340006F2A530169049DFF97C46F2580C592A7AA
:10A348007649B9705200610A92CD7649B9B952007E
:10A35000610592DD60039A02000692A7601292FDE9
:10A35800601083D4020019010FA569050201DD010F
:10A36000560100D4FF2027100FA566059A030006AA
:10A3680002001ED49A010006FF5A76083B3092BEBE
:10A37000900193AA80A95320670E530D68259A0077
:10A37800531056B901A99DFF2DA8FF6620A8CAA8A9
:10A3800023A96F1AA9A92901FF4790FF9CFF88A95B
:10A3880028A8067195A6560301A85CA992AB9B0163
:10A3900090FF9CFF2DA99A01FF662DA698C4FF6728
:10A3980020A9CBA923A892A75201610476082930E5
:10A3A00092BE0006B2BDAABDA2BDFE0ED0002BAA71
:10A3A8002DA55AA459A85BA95CAD7A41BE00DC8EE4
:10A3B0005DA10EA421420DA08AA992A354AA56B66B
:10A3B80001A692AA93A67649ACECD80392AA9C016E
:10A3C0002FA9520468EA8D430D407649B7B2520076
:10A3C8006104D981B2A960FA5CAD9A04DC8E5CA400
:10A3D000764994BEFE8E82BE86BE8BBE0006762275
:10A3D80002108F05D32698C499CC761AF5A94400A3
:10A3E0005003F4A94400F5A944A4CCA9FFF85001F6
:10A3E800F4A944A4F5A944A65010F4A944A6F5A9D3
:10A3F00044AECCA9FFF05001F4A944AEF5A944AA9B
:10A3F8005001F4A944AAF5A944A45008F4A944A416
:10A4000076228F00FCABBDA40D68761A8F3403054D
:10A40800A8A97649A36C0006B2BDFE0292E4E6CF85
:10A410000002C448612692E5612AE2AF00F5E2AF8E
:10A4180001F4E7200008D00AE5A0E6A40000E2AFB6
:10A420000196E6940008AD146214D00ED10EE2AF8E
:10A428000394E710009BD00CE203039CE2AF009674
:10A43000E6940003AD1456B310A056B301946F0711
:10A43800D010D10EE5902B94E203009CFE828BBED7
:10A440000006FE16761F036B9200602F5DAD8F0035
:10A44800DB86DD965DA57649B4CA52006126020214
:10A45000761F036B1E428F000800C4560200D50011
:10A4580056BF0100C2441E4676848000A848925424
:10A46000D401964906A6764983F68F0481004FC42D
:10A468006DFF5CAD02028F4480001E42DC93A0A900
:10A470005CA45D547649A1ACFE960006B2BDE20331
:10A4780004BDE20305BDFE02E2AF05D4E890CD2C91
:10A480008BA5E8121DA4AD146403E8B0ED24C5D17A
:10A488008AC13E67E6CF0001E6CF00287649B0EEE4
:10A49000E6CF0002E6CF00207649B0EEE695001246
:10A49800E6950000C5E18AC1E6940002E6C50028F9
:10A4A000E6C200203E67FE82E2AF05BEE2AF04BE18
:10A4A8008BBE0006FE02E6CF000A92C5E6CF000189
:10A4B000611592CD6113E59056BF01C4E20300D44B
:10A4B800E2AF00D57649B8A1C5A4E5939B01DF08B2
:10A4C000E20300F492E596C76F08E2AF03D4E71009
:10A4C800009B93C4E20303D49A0053006106E69408
:10A4D000000BAD1456B501A9520096E46006D008F1
:10A4D800E5902B94E20300F4FE820006B2BDA8A921
:10A4E00083A4AABD610DD00B9295610A92D5520842
:10A4E800660728A9FFFF28A81FFF0FC567039A0062
:10A4F0006F1E761F036B9201520161068F00DB868F
:10A4F8007649B1E76F1476083B3092BE90018F0021
:10A50000DB8659A97649B1E75AA97649A44193A1B6
:10A50800530161047608293092BE92A286BE8BBEA2
:10A510000006FE02E6CF0003E8020248E8087ED803
:10A51800E6940003AD14640FE8020649E802024815
:10A52000E8087ED9E720005BE8087ED8E6940003BF
:10A52800AD1463F3E8060248E8087ED8E694000311
:10A53000AD14630FE802064AE8060248E8087EDA2E
:10A53800E710009BE8087ED8E6940003AD1464F3A6
:10A54000FE82E6CF00180006FE105CAD5DADDC902B
:10A548005CA4DD905DA5F60F2B848F00C5D87649F5
:10A550009AAD761F0308920A611A5CAD761F030A52
:10A5580028474D01E2AF0008DC865CA47649B94C77
:10A560005CADDC84E2AF000A5CA47649B94C5CAD1A
:10A56800DC82E2AF000C5CA47649B94C5DAD8F008B
:10A57000C630DD905DA576498DCFFE900006B2BD58
:10A57800AABDA2BDFE025AA95BA2D1002B4193A39A
:10A5800053086817FFD292A2FF92FFC275A39CFFE7
:10A588005AA99A087649AF4E2D41563BFF5AB2A9AF
:10A59000CAABCBAA8BA992AC9C089641000AFFF3E8
:10A5980092A3610A7649AF4E2D41563BFF5AB2A9A4
:10A5A000CAABCBAA8BA9FE82B2A982BE86BE8BBEE5
:10A5A8000006B2BDAABDA2BDFE02FF5A8BA406D505
:10A5B0008F0003E856B100A256B002A25B4BD52033
:10A5B8001E420200F61F561700A4A9A98AA17649CF
:10A5C000A9A8D5020EA28AA17649A9A8D5030EA3EF
:10A5C8008AA17649A9A8D50302008AA17649A9A833
:10A5D0009242D5108AA10EA97649A9A8FE8282BE10
:10A5D80086BE8BBE0006B2BDFE0292E4E6CF000244
:10A5E0006124D008E2AF01F4E2AF0095E6940001E7
:10A5E800AD146509D00C9294601ED00AE590E20380
:10A5F00000946F19D00AE2AF0394E710009BD00AD1
:10A5F800E2030394E2AF00F5E6940003AD1456B30A
:10A600000CA056B301946F07D00CD10AE5902B949F
:10A60800E203009CFE828BBE00067622FF581EA63F
:10A6100061218F010000A8A90FA661198F02000017
:10A61800A8A90FA661098F030000A8A90FA6601CAE
:10A620007649AE8B6F198F05D208CCC4FFFE50025D
:10A6280096C4F6FA7700F63277006F0E76499F0DDA
:10A630006F0B8F05D20818C4FFF7F6FA7700F632D1
:10A63800770018C4FFFC761AFF690006B2BDAABDF0
:10A64000FE20761F0313921E8BA460265DAD56BFBD
:10A64800011EDDA05DA576499E4C5200601D5CADE3
:10A6500088ADC5A1DC905DA45CADDEA08D89E00075
:10A658008D09F000DC905CA4F60F24855DA6AA4E57
:10A660003A4C76499E4C520061075CADDCA05DA47B
:10A668008AA176498DCFFEA086BE8BBE00061EA7A6
:10A67000FF2074800FA7610AFF2075000FA76103F8
:10A678002BAC6F0628AC00026F0328AC00017622D1
:10A6800092A460089A017685D768FF66FF5EC0C60F
:10A688006F069A017685D768FF6698C693A5600716
:10A6900028A90100FF66FF5EC0C66F0528A901005A
:10A69800FF6698C6761A92A47649B1960006FE041B
:10A6A00088A4874A8EA9DC83566500A6A9A788A43A
:10A6A8000200A348F61F561700A792A65CABFFC08E
:10A6B0005208660492A6FFC06F029A0874A680A989
:10A6B8005204DE01DF8169039A036F0292A77E418B
:10A6C000DC817F429643CCA4003F88A992A4FFC5B9
:10A6C8005DA95CA63AA97649A6CFFE8400061EA617
:10A6D000B2BD93A4913F804727462F452DC658A869
:10A6D80092AC8AA6504196C6CCA70003FF8580A9F4
:10A6E00018ACFFBFDC0C3AA9AFA78EA9CCAA000F0B
:10A6E800FF872FA93AA9AFAA8EA9CCAB0007FF8B89
:10A6F00027A93AA9AFAB8EA9020F89A5FF3FFF5A40
:10A6F8003AA9CAABCBAA1EC421C68BBE0006AABD06
:10A700001EA676222901FF479B0090FF86A9D01A3A
:10A708002DA20203563BFF55FF5A06A60EA8FF1AB4
:10A71000001F8AA983A992AB93AAC0C4DD1AC1CC39
:10A71800A9A9CEC5CFCD1EA706A6FF419B009003D1
:10A72000563BFF5A06A7CAABCBAA1E9406A69B00AF
:10A728009003563B98C499CC761A86BE0006B2BDF3
:10A73000FE0283A488A90201DD0A560100C592A683
:10A73800610683A40201DD0C560100C5D012E2AF08
:10A740000394D112E6960018D014E5A1E203009C10
:10A74800E6A40009D114E2AF0094D016E696000101
:10A75000E203019CE5A2D116E6A40012E2AF009448
:10A75800FE82E6960002E203029C8BBE0006B2BDB2
:10A76000AABDA2BDFE0482A48BA58AA51E445A4D93
:10A768007649B52CC5A3D00CC4970644D0207A9757
:10A77000C2427649BAD0D04E1E9792A26109D04CFF
:10A7780092976004D04C92C796979A146F029A13D6
:10A78000D01496C72BEF2BFF069161051EA78AC137
:10A7880092A23E67FE8482BE86BE8BBE0006761B02
:10A79000FFF00005ABBDA8BDA0BDC2BDC3BDE200BA
:10A7980000BDE20300BDE20301BDE20302BDE20326
:10A7A00003BDE6300600FF69294256167649AC091A
:10A7A8009A40F4A90CE1E2AF03BEE2AF02BEE2AF09
:10A7B00001BEE2AF00BEE28000BEC5BEC4BE83BE25
:10A7B8008ABE87BE00033B30FFF176177602B2BD32
:10A7C00006C4C5A4D0081EC5D10806D41ED5DF0C0A
:10A7C80006E41EE506F41EF50694D00A1E9DD11077
:10A7D00006941E9D92C7C5A4D0129695D014DF147E
:10A7D80092C7C5A4D10A9695D00EDF120694D01060
:10A7E0001E9DD10C06941E9D92C7C5A4D00E9695B1
:10A7E800D00FDF1392C796958BBE00062F842BAB34
:10A7F0006F18A0A901A019011EA7DE8158870200C9
:10A7F800DE81190178850FA660FA6F039284968529
:10A8000092AAFFC02FA992AB9C0127A9521063E71F
:10A8080040AA6DF59284CDA9000F9D02FFC388A8C8
:10A8100058A95311600406A60D841EA680A0FF202F
:10A818000FFF0FA760D700065204C444620A52040F
:10A820006117520161205202611A520361146F07CD
:10A828005205610B52066107520761039A00000640
:10A83000B6FF6F07B6FF6F0C9AFF9B006F06B6005E
:10A838009BFF6F0B9A0093A9B6FF6F08B6009A00AA
:10A840009BFF6F049B0080A89AFF96C49A0197C54E
:10A848007FC60006B2BDAABDA2BD5A4982A51EA6F2
:10A85000D13692A27A9C610380C46F02B60A06A622
:10A85800D14ED05003F47F9C1E9492A261039A0BB0
:10A860006F029A0A96C4A2A956BF01D4610D06F3DD
:10A8680061041EA78AC33E67D00C069361051EA724
:10A870008AC392A23E6782BE86BE8BBE0006B2BD70
:10A87800AABDA2BDFE028BA4C44C82A586A98A4E9D
:10A88000C2427649A2C7520088A96118AAA9FF133B
:10A88800002586A906C24EA86D0B2BC128AC001264
:10A8900006C2562218A907FF91001EC36F0756BFB4
:10A8980001C1A3C218AA1FFFA9C3FE8282BE92A645
:10A8A00086BE8BBE0006B2BDAABDFE0252008BA5BD
:10A8A80086A462039A006F20D00B56BF0191C5A2FF
:10A8B0008D00018BD4009B28DF2892C7964192928D
:10A8B8008D00018C5D927649ADE28D00018A2BD91D
:10A8C0001EC1D4009A019B015D927649B67656BFAF
:10A8C80002D196E19A01FE8286BE8BBE0006000088
:10A8D000FE02520028ABFFFFC5A461245DA9DD8103
:10A8D80088AD93C7FFD79742DE8293C758A6D401A5
:10A8E00091FF9741560308C0BE07F2ABB50B00A617
:10A8E8004FAB92ABFF80562A0CAB560301AB1CA9A9
:10A8F0001021562A0DABD801000CFFEEDF01000D30
:10A8F800FFE1FE8292AB000627A8FFDC910195A933
:10A90000560301A85DA9762229010EABFF479B00E3
:10A90800901F1EA72BAAFF207A002DA70DA58AA9A4
:10A910000203563BFF55CEC4CFCC1EA6CCAB0003E2
:10A9180027A9A9A9563BFF5A06A6CAABCBAA1EA6C9
:10A92000FF207A000DA58AA9C2C4761A0006B2BD1E
:10A928008F09CD64AABDA8A9A2BD8DC9CD5E0FA30C
:10A93000611C8F09CD808D49CD6CA8A90FA161152F
:10A9380003A13B01FF41190186A98A813B01928449
:10A94000560301A907A383A9C5C583813E67DA81A0
:10A94800020019010FA260F27649464D82BE86BE0A
:10A950008BBE0006B2BDAABDA2BDFE1A88AD8BA4F7
:10A9580082A98AA5DE9806645DA67649AE48D20229
:10A96000A2A9B25AD3008BA95CADDC980EA48A5A76
:10A96800D00A0DA383A9C594B2A98AC43E67520030
:10A9700060039A006F06DB08D908000AFFEF9A010E
:10A97800FE9A82BE86BE8BBE000658A9B2BDD10122
:10A98000929490FF88A992A072A12901929C90FFB5
:10A98800D102560308A9AFA61EA792A072A1929C55
:10A9900090FFD10325A9FF5A06A7CAABCBAA1EA7D1
:10A9980092A072A12BAA28AC0018929C90FF27A91C
:10A9A000A9A98BBE563BFF5A06A7CAABCBAA000685
:10A9A800B2BDAABD5AA58BA92FA293AA53086814B1
:10A9B000FFD292A22901FF92FFC275AA9CFF5AA959
:10A9B800B2A9D5089B0090FF7649AAF3B2A9FF4730
:10A9C0008BA9000AFFF792AA610B9A012DAAFF66D4
:10A9C80088A95DAAB2A9DE8189A67649AAF386BEBE
:10A9D0008BBE0006FE081EA65CAD290192A628AC1F
:10A9D8000018C54C90FFDC88964806A65CA4FF4783
:10A9E00090FF964706A691FF974606A656229645E3
:10A9E80092A790FF964406A7FF4790FF964306A7B5
:10A9F00091FF974206A75622964128A8FFFF9A0882
:10A9F8007649B126FE88000629022904565FFF5AC7
:10AA00000644565F1E440200F61F5617004406AB6C
:10AA080056322902000629022904565FFF5A0644D5
:10AA1000FF561E440200F61F561700445632290204
:10AA18000006FF5A0200F61F56170044A9A90006AF
:10AA2000FF5A0200F61F561700440006E20304BD59
:10AA2800E20305BD3B10E593761F031BE592E59114
:10AA3000E5900200E595E594BE008F00C6D0FF6961
:10AA3800E2030306E2030208E203010AE203000C50
:10AA40001E0EE2030500E2030402C2047649B65773
:10AA48002910FF69E2AF05BEE2AF04BE0006B2BD41
:10AA5000FE0288D4D0089A0093A656BF0195D1096A
:10AA5800290128D5FFFF2BDD56BF03E52BED2BF58C
:10AA600056BF01FD9DFFD00C537F56B801A996C576
:10AA6800520056B100A67ECD92DC90012B95D00AFB
:10AA7000969D25ECAFE41E421E95FE828BBE00061D
:10AA7800C4A48AA57649BA981EC6DC027649BA9853
:10AA80008AA51ED6DC047649BA988AA51EE6DC069D
:10AA88007649BA988AA51EF6DC087649B9898AA556
:10AA9000D008E2030096DC0A7649B9898AA5D00A73
:10AA9800E2030096DC0C7649B989D00CE2030096F3
:10AAA0000006C5A48AA506C77649BAB006D7DC0257
:10AAA8007649BAB08AA506E7DC047649BAB08AA521
:10AAB00006F7DC067649BAB08AA5D008E2AF00975F
:10AAB800DC087649B9A98AA5D00AE2AF0097DC0A72
:10AAC0007649B9A98AA5D00CE2AF0097DC0C76498B
:10AAC800B9A9000677006F00B2BD761F031359A914
:10AAD0009212610D28ABFFFF28AAFFFF28A9FFFFF4
:10AAD80028A8FFFF0FAB6103767FFFFF761F0313E4
:10AAE000C5183E67761F0313061661041EA792A1C0
:10AAE8003E67761F0313061461031EA73E67764967
:10AAF000AACA8BBE000680A5AABD86A9DF8192A73F
:10AAF800642188A7D018279492AB2DA7FFC258A924
:10AB0000CCAB000727A9AAA95622900193A992A02D
:10AB08005218671092AB60022B9428AC000783A4FC
:10AB100074AC92A8DF81FF669894DD180AC5000E18
:10AB1800FFE386BE00060000A8A96126E591E5903E
:10AB20002BE4BE04E20301C4E20300D4DC06B50951
:10AB280000A6D00AE20301C4E2030094DC02770025
:10AB300077007700BE008AA9D01EC294D020C294AC
:10AB3800D01CE2030094D01A2B94D01B2B94D02263
:10AB40002B94D0232B940006B2BDAABD026486A428
:10AB48008F05F8007641074F9A0076410983D10CAA
:10AB5000D0088F00FD8502008F40FDA2A89228F248
:10AB58001000D00A8F00FD651EC2A09AA8928F0827
:10AB6000E000D00EA8D28F08F000A8E28F00FDDE32
:10AB6800A89286BE8BBE0006E20304BDFE02520117
:10AB7000E2AF04486104E6CF00106F1BE70000E27B
:10AB7800E720000BE8200002E6940013AD146504FA
:10AB8000E71000806F0EE6CF0014E6AF0024E694D5
:10AB88000023AD146304E72000806F03E6CF0008BC
:10AB9000FE82E2AF04BE0006F5A95217E59090FED2
:10AB98002BC42BCCE20300D445A96D1842A96C1B29
:10ABA000BFA95206BDA90F167700E801E1189A0463
:10ABA800E80EB850E68B0009F4A95218E7000040F7
:10ABB00056BF01C4E20300D400069AFEF4A952185D
:10ABB80056BF01CC0006C5A583A4D03A0200E59093
:10ABC000F63724851E94D03C1E94D0401E94D0426B
:10ABC800E2030094D044E2030094D048E2030094E6
:10ABD000D04AE2030094D04CE2030094D0382B9486
:10ABD800D03E2B94D0462B94D04EE2030094D05014
:10ABE0002B940006D0AEE2AF0195E2740040022043
:10ABE800D0AA07948AA9E20300C40006B2BDD11610
:10ABF000E2AF019DE7000041D0AEE2AF0095E27404
:10ABF8000008767EB8708BBE0006D018E2AF0195CB
:10AC0000E274004077007700D09C8A94E20300E46D
:10AC08000006F5A94649CCA9FFFC5001F4A946491C
:10AC1000F5A946005003F4A946007622F5A910A034
:10AC180018A9FEFFF4A910A0F5A910A15010F4A9D5
:10AC200010A1F5A910A15080F4A910A1761A761FE1
:10AC2800036AF5A946AA5004F4A946AA2B3E0006D1
:10AC3000BE00FF5A8F0007D006A6F61F561700A4C5
:10AC38008F0003E8FF5A1EA6A8A90FAB6909A9A9A6
:10AC4000FF36FF5A0200F61F561700A46F0E06A625
:10AC48008F03E800FF36564100A48F4003E8A8AB05
:10AC50000200F61F561700A592AB0006E20304BDE2
:10AC580083A4E20305BD0201E002AEBDDD08E00009
:10AC600097BDE302CCE4E300FED4E31B20C456010D
:10AC680000C5E31403F4E0164CE4E01DD8C4E20385
:10AC700001F4E20303D4E2AF07BEE2AF06BEE2AFE7
:10AC780005BEE2AF04BE0006FE02E5A1AD14651FE5
:10AC8000E5A2AD14651CE30291C4E7200043770000
:10AC8800E6940013AD14620EE6CF0011E6AF00099A
:10AC9000E694000BAD14630BE2AF00C4E720008024
:10AC98006F06E2AF00C4E71000807700FE82E2038F
:10ACA00000C40006FE0252A02DA968039A006F1E80
:10ACA8009A0C36A9560100A4D008E2AF01F4E69444
:10ACB0000008E6C40008E2AF0194E6940008E6C28A
:10ACB8000008E2AF01D4E6940008AD146106D00B99
:10ACC000E20300D456BF01949A01FE820006761F6B
:10ACC8000314E8020649831E761F0300E2AF022E32
:10ACD000E8087ED9761F03148A20E7000008761F53
:10ACD8000306E7000080E2AF01D5E203000CE203BF
:10ACE00000C5E2030010E20301D5E2AF01D4E203A4
:10ACE80000C4E20301D40006B2BD5200BE00804693
:10ACF00027456007761F0313921F520156B001A625
:10ACF80092A653006107520161037DC46F043FC4EB
:10AD00006F022BC453006105520060045DAB6F02FB
:10AD0800D50053007DCC56B100A77FD48BBE00067A
:10AD1000B2BDFE02761F03089214D100601A92178A
:10AD18006018761F030592026014761F03089209D3
:10AD20006010920C600E920E600C8F00C6FA764195
:10AD2800011BE6950000E811F800AD1456B401A126
:10AD300092A1FE828BBE00065201611F761F03099D
:10AD38001B37FFFF67020A3792379B647641010190
:10AD400052006116761F03098F00C53E9A3256BF26
:10AD4800010D764100EE761F030902012B37761FAD
:10AD5000030D5601002A0006761F03092B37000653
:10AD5800B2BD8AA983A9A346C54A06482901FF327C
:10AD6000DD0A8EA918C5BFFF18CCFFFC0200F61F34
:10AD6800561700A0A9A91901FF5AFF4790FF96D4CA
:10AD700092AB90FF96DCCCC4FF1898A77FC41ACC86
:10AD780000238BBE0006FF5A02061EA68F00013E66
:10AD80000200F61F561700A60200F61F561700A471
:10AD8800522067039A000006529F67059CE056030D
:10AD900001A9000652BF67039AFF000608A9FF41F8
:10AD9800BEFF560301A974A692A6000683A97622CF
:10ADA0002901560302A5A0AB901F16A9FF42FF5A26
:10ADA80092AB2BAA900327A9A0A918A9FFE007AB8B
:10ADB0000914FF30FF1A001F83A9020F563BFF55ED
:10ADB800C0C5C1CD0EA4563B98C599CD761A0006DC
:10ADC0008D0006F5939488A9601D5202600683A445
:10ADC8000201DD0E560100C58D0006F3939453046D
:10ADD000670C80A89B0195A79794A8A90DA78AA99D
:10ADD8008D0006EF7E940006A8A9FF11037B8AA9BF
:10ADE0000AC4000688A992A4804327A861048F00A2
:10ADE80080006F02D400CDA6001F92AB290138A8BD
:10ADF000560308A91EA6CCA5007F5DA906A6AFA58F
:10ADF800FF371EA6CCA7007F80A9A8AB06A6AFA7E1
:10AE0000CAABCBAA50800006E20304BDFE02E2AF4B
:10AE08000448E30723C4E6940008AD146208E694F6
:10AE10000008AD146306E720011B6F03E710011B58
:10AE1800E8200002FE82E6970013E8200003E20320
:10AE200003C4E6CF0018E2AF04BE0006B2BD520074
:10AE280058A9AABD611688A0C5A5D1002BAADE81A4
:10AE300092C7610990FF939C5AA991FF27A8A9A9DD
:10AE38000FA261039A006F0ADF01D901000EFFF229
:10AE400093959A00530056B101A986BE8BBE0006A9
:10AE4800C5A4B2BD8AA5AABD86A5D012F60F2484D2
:10AE50008AA59692D0102892504AD01156BF0192DE
:10AE5800D01456BF1092D01397927649B006D115E8
:10AE6000D0162892FFFF969AD0172892FFFF86BE31
:10AE68008BBE00061EA692A6901F2DA90201563B76
:10AE7000FF5A06A618A9FFE0FF30FF1A001F1EA602
:10AE7800762292A4520161088AA6A9A9FF55DC147A
:10AE8000C0C4C1CC6F078AA692ABDC1498C492AA46
:10AE880098CC761A000676228F05D23218C4FFFEB7
:10AE9000F62777001AC40002F6277700761AFF69B2
:10AE980076499FCA76228F05D208CDC4FFFC51019E
:10AEA00097C4761A8F05D22E6F02762540C46C03A4
:10AEA800520061FCFF69000692E4611EE2AF01C432
:10AEB0000EA9E30248D4E7000000BDA90F1EE71069
:10AEB800004077007700E27700017700E68B001802
:10AEC00077007700E274000877007700770077005A
:10AEC800E831FC000006E5900006B2BDAABD8BA4DF
:10AED00086A5A2BD5BA97649BA1692A3611088A384
:10AED800D000DE8192A05218670AAAA90DA08AA9FB
:10AEE00092DC90FF9691D801000EFFF6D018560321
:10AEE80003A3969182BE86BE8BBE00061EA718A934
:10AEF000FFE0FF30FF1A001F1EA692A7901F2DA98A
:10AEF8000201563BFF5A762292A4520161088AA6A3
:10AF0000A9A9FF55DC0AC0C4C1CC6F078AA692ABC1
:10AF0800DC0A98C492AA98CC761A0006B2BD520000
:10AF1000E20304BDE20305BDE2AF044CE2AF054A23
:10AF18006003E6CF001052006003E6CF0019E80294
:10AF2000064AE274002BE8087EDAE7000052770058
:10AF2800E30405BEE3070CBE8BBE0006B2BDD01E0F
:10AF3000D11EE2AF0095C4A4E8320900D00AE203B2
:10AF3800009DE2AF00C5D10AE8320900E20300C56E
:10AF4000E2AF0095D020E8320400E203009DF64F06
:10AF48002B8656BF01C42B948BBE000652003100DD
:10AF5000611C88A980C5DE8192A7FFC258A952183A
:10AF580056B700A0670ACDA7000728AC000792944F
:10AF600075ACFF62900158A9DF01A9A97FC5FF3028
:10AF6800AFA0FF5A000EFFEAA9A90006B2BD1EA7AE
:10AF70008849CDA40001FF95CCC7FFB0DE81CBA9E5
:10AF7800CCA4000299A68748A346FF817EC7CDCFFF
:10AF8000FFF1CAA8CAA596CF0200F61F561700AC5B
:10AF880092AB9CFF96E78BBE0006B2BD52008BA425
:10AF900061039A006F18D01028A9504A549160108C
:10AF9800D01192915201600CD01492915210600815
:10AFA0007649B006D01588910EA90FA661039A02C2
:10AFA8006F029A018BBE00068AA9064441A96C0566
:10AFB00018C4FF7F1AC4008040A96C031AD4008013
:10AFB80043A96C0583A4DD0A1AC5004042A96C05A3
:10AFC00083A4DD0B1AC5004044A96C04DC0B1AC431
:10AFC80040000006B2BD28AC000A8D000298C5A555
:10AFD000309407A4091883A98D400298F6092485A6
:10AFD80092949C018D000299903F969C92945240C5
:10AFE0006706A8A9FF1002998AA90AC48BBE0006A9
:10AFE800E20304BD761F0309E801EEB2E801C28B53
:10AFF000E594E203003AE80BBA82E80DB8BBE00240
:10AFF8008C3C761F030AE7000058E2AF04BEE20368
:10B000000000761F030856BF01000006FE165DAD66
:10B00800C5A4DD955DA5F60F2485C5A49A00BE04E8
:10B01000DF10B50900A65CADD01072A0DC955CA471
:10B018009C019387979477005CAD9A15DC955CA4A6
:10B020007649A8D0FE960006B2BDD0088F40FD85B7
:10B0280002007680FDA2D10CA09428F41000D00A6A
:10B030008F40FD651EC4C29CA0948F48C000D00EF6
:10B03800A0D48F48D000A0E48F40FDDEA0948BBE42
:10B04000000676228F00FABABDA40DC8761A8F04C6
:10B04800800006C4500E1EC428A909059B647649D1
:10B05000A36C76230100761F036B8F0480501AC403
:10B05800000156BF01017649B4B60006B2BD59A930
:10B060007649A5771EA692A1522067135CA106A679
:10B06800DC812DA45622F00140A96D0B02012DA10F
:10B07000563B1901FF55FF5A06A6CAABCBAA1EA61E
:10B078008BBE06A60006E20304BDFE02E720005BC5
:10B08000E801EA61E6CF001CE80E6669E695002457
:10B08800E694000CAD146508E720001077007700FF
:10B09000E27400C06F02E590FE82E2AF04BE0006DB
:10B098008043FF5A93AB92A791FF7649B87829016C
:10B0A000A9A9FF4793A991FF92A77649B878CDAA9D
:10B0A80000FF92A77649B87828AC0018A9A95622BB
:10B0B00093A992A77649B87800065200A8ABC5A418
:10B0B800610788A9DE815C857C87000EFFFE88A970
:10B0C0000FA6610F5300610D9DFF5CA876BFFFFEC8
:10B0C80092859687000EFFFE92859687000CFFF802
:10B0D000A9A400068AA9064440A96D0941A96D07E3
:10B0D80045A96D0546A96D0347A96C0518CCFFDF86
:10B0E0001ACC002043A96C0583A4DD0A1AC50040D0
:10B0E80044A96C04DC0B1AC400400006FE02E720E9
:10B0F00000407700E81219A0AD146508E8B0ED0033
:10B0F8007700E81219A0AD1462FAE81619A0AD1489
:10B100006208E890ED007700E81619A0AD1465FA22
:10B10800FE820006FE02E72000407700E81219A040
:10B11000AD146408E8B0ED007700E81219A0AD1492
:10B1180063FAE81619A0AD146308E890ED0077000B
:10B12000E81619A0AD1464FAFE820006520083A44A
:10B1280080A861175CA9DC81560308C5BE07F2A791
:10B13000B50B00A64FA792A7FF80562A0CA756036F
:10B1380001A71CA91021562A0DA7DD01000CFFEE5E
:10B1400092A70006B2BDD108E8020201E802003071
:10B14800D00A8F40EA6056BFC8EC56BFC8E456BF65
:10B1500043F456BF14FC56BF1E9CE20301C4E8082A
:10B158005490A094E20300D48BBE0006FE02E720C0
:10B1600000407700E811F800AD146408E8AFE00093
:10B168007700E811F800AD1463FAE815F800AD149B
:10B170006308E88FE0007700E815F800AD1464FA82
:10B17800FE820006520061155201610F5202610AF7
:10B18000520361047649B9EB00068F49CC869A03D5
:10B188006F0B8F49CC926F038F49CB7C9A016F0468
:10B190009A058F49CC5E7649B4F20006CBA96103CB
:10B198002BAC6F0328AC000876228F07019492C469
:10B1A000D00CFF6290FFF4A9743B92F4FF6290FF11
:10B1A800F4A974BB9294FF6290FFF4A9753B761AD8
:10B1B0000006B2BDC5A4D020AABD8BA586A49697D3
:10B1B800D02D92C796978AC1C5F13E67D00A0392EF
:10B1C000D02E1E92D0088AC1C5913E6756BF0AC2D2
:10B1C8002BDA86BE8BBE0006B2BD520027A9AABDE7
:10B1D000D20161067649B635520056B100A2D10CB3
:10B1D800D00992AB3F9C2B946002E590D00AE20321
:10B1E00000947649986492A286BE8BBE00069A01AE
:10B1E8002DC494AC900F88A9C5A527A90ECC0FA68D
:10B1F00060060201BE00560100D46F0A9A0C36A9FF
:10B1F80007A4090483A9BE01F60B24853FC492A6BF
:10B20000000692E46117E2AF00D4E2AF01C4E27C31
:10B2080000417700770077007700E27A0000770046
:10B2100077007700E710004077007700E2700000C9
:10B218000006E5900006761F0308E5932B01E592EA
:10B22000E591E590761F030AE2030302761F030906
:10B22800E203023AE203013C761F030AE20300004C
:10B23000761F03082B002B030006761F0323CD2661
:10B23800FFFEBE006013761F03129A0193015300AC
:10B2400061035305600B52006109024E761F03141F
:10B2480007188AA993C456B101A692A60006FE0261
:10B25000E6CF0003E694000BAD14640BE694000BFC
:10B25800AD14650CE720009B7700E696000B6F069F
:10B26000E710009B7700E697000BFE82E6CF001800
:10B268000006C4448AA92901FF2080000FA66111A5
:10B270008D000100A8A9FF1800014F9483A96DFB60
:10B2780006A69B0090FF51081EC54FC56DFF00062E
:10B2800092E40006B2BD1EA627457622D01893ABE5
:10B28800D1189DFFCC96C00F80A9D019560305A8E8
:10B2900093A59DFFCBA9560304A8CAA7969E7C96AA
:10B29800761A8BBE0006B2BD1EA627457622D016AA
:10B2A00093ABD1169DFFCC96C00F80A9D017560343
:10B2A80005A893A59DFFCBA9560304A8CAA7969EF7
:10B2B0007C96761A8BBE0006FE02E6940001AD1461
:10B2B8006003E5906F0EE720000877007700E274DE
:10B2C00000107700770077007700E84FA000770044
:10B2C800D008FE82E20300940006FE0480A95CAD6B
:10B2D000FFC690019644DC8492A7FFC59001964377
:10B2D80092A7FFC490019642CCA7001F964180A474
:10B2E00006A66103F6032486FE840006761F030982
:10B2E8004F076D15F5A9748540A9BE0056BC00A985
:10B2F00056BD02A9F5A87483910156B001A6CAA64D
:10B2F8001AA980009607F5A9406F96080006B2BD06
:10B30000D008E590D10A56BF01942BC42BCC28D489
:10B30800FFFF2BDC56BF03E42BEC2BF456BF01FCEC
:10B31000D0092B94E203009CD00C2B948BBE00062A
:10B31800E20304BDFE02E2AF01C4E30202D4E2AFDD
:10B3200001E4E6CF00047649B6029A00E20300C4C5
:10B32800E6940020AD1456B001A9FE82E2AF04BE37
:10B330000006C5C4020019010FA7611092A7901F53
:10B3380029012DA90201563B1EA606A7FF44FF318D
:10B34000FF30FF18007F83A9C2D556BF01D4000685
:10B34800FE02E8121DA0AD146408E8B0ED00770015
:10B35000E8121DA0AD1463FAE5A0AD146307E890F0
:10B35800ED007700E5A0AD1464FBFE820006B2BDE7
:10B360008BA41EA6924596F16110D00892C19B0154
:10B36800C291520261035203600653006104C5F59D
:10B370008AC53E672BC12BE18BBE000628AD00F6C7
:10B37800FF69561F5616561AE61002002940761F16
:10B3800000002902761B7649BAF152006103764922
:10B38800A9277649B82A7649AACCFF586002020153
:10B39000BE00D0081EC4C29402002BE42BECD00ADD
:10B39800C2D4C2F4C294D00CC294D0102B94D01151
:10B3A0002B94D00E1E940006B2BDD0082B94020040
:10B3A800D10CBE00D0092BC42BCC2BD42BF42BFCF6
:10B3B0002B941E9CD00AC2E42B94D00E56BF8094CE
:10B3B8008BBE00069A00E590E59176499DC8E59216
:10B3C000761F0309E591E590E203023AE203013CAE
:10B3C800761F030AE2030000761F03082B0000061D
:10B3D000D01E0200E5901E94D020E2030094D022FB
:10B3D800E2030094D026E2030094D0242B94D028D2
:10B3E0002B94D02D2B94D02E2B940006B2BD8BA97C
:10B3E800D0401AC1140156BF1A91D0409291903F93
:10B3F000522560FC1AC1800002017640FE0E1AC17F
:10B3F80000408BBE0006762228A90D068F49B7A605
:10B40000BEDC5CA99C02A0C4000EFFFD8F49B8976A
:10B408008F09B88DBDA50D24BDA40D26761A00069A
:10B4100088A8901F290156030EA9FF5A92A4CCA90F
:10B418003FFF80A9A9A9AFA7FF31FF5A92A69003C1
:10B4200088A9A9A9AFA6FF370006B2BD7649B348DF
:10B42800D018D12EE5912B94E20300D4D036E590C4
:10B4300006D42B94D02C1EC4E203009CE20301949A
:10B438008BBE0006FE02E8019EB19A00E80DFCA949
:10B44000E6940008AD14640AE801DD19E80EB8516D
:10B44800E6940008AD1456B501A9FE820006E593FE
:10B45000761F0309E592E203033E761F030AE20327
:10B458000200761F0309E203003AE203013C761F6B
:10B46000030856BF01000006761F0309E593E59225
:10B46800E203003AE203033C761F030AE203020008
:10B47000761F0309E203013E761F030856BF010051
:10B478000006C4A4C5A5F62F2B8683A4D01AF6050A
:10B480002485E2030094D02A56BF01F4E20300941D
:10B48800D02C56BF0194D0082B940006B2BD83C4BB
:10B49000E20300C583C4E20301D583C4E590E2035F
:10B4980000E58AC4D10CD00EE203039CE2030294B7
:10B4A0008BBE00061EBD760B3ABDAABDA2BDA8BDCF
:10B4A800A0BD76C70282FF693E6783BE8ABE82BEA0
:10B4B00086BE8EBE760306BEFF690006761F036B4E
:10B4B8009201B2BD5201600D76083B3059BE764903
:10B4C000A44192A19001520161047608293092BEF4
:10B4C8008BBE00062DCC88AC0EC40FA660039A0074
:10B4D00000069A0C36A907A409041EA79B019A012D
:10B4D80095ACF60B2485910F97CC0006E27100011C
:10B4E000E2710000E278000BE2790001E2AF02C4F1
:10B4E8000AE4E31690D4E7100040E20302C4E20342
:10B4F00000D4000688A9A0A9610F92A6610D520888
:10B4F80056B608A6A0D42BEC7EE4764996E3D01184
:10B5000056BF019400067649B9EB000688A980A9C8
:10B508002901B2BDFF20FFFFD1010FA7610592A657
:10B51000521356B600A17ED47649986492A18BBE90
:10B518000006B2BDE80623C80200BE00D108D00A62
:10B520002BC42BE42BEC2BF4E80E00001E9CC2D4A1
:10B52800E20300948BBE0006B2BD8BA4D008C5917F
:10B530008AC13E67D012069161051EA78AC19A0092
:10B538003E67D010C5918AC13E678BBE0006B2BD7A
:10B540008BA48F210102A8A97649A36C020707D119
:10B548008AA976221AC40020761A762300018BBEB7
:10B55000000676228F09A78FBDA40DA8F5A910A01B
:10B558001AA98000F4A910A0761A9B5428A90705F7
:10B560007649A36C00060000FF5A9243610F88A938
:10B56800B600DE81B50900A658C59A0194A096C513
:10B5700016A7DF08562290FF96940006B2BDD008A9
:10B57800E590D10A2B942BC4E20300D4E20300E443
:10B58000E20300F4D009E203009C2B948BBE00067A
:10B58800B2BD52008BA5AABD610B5AA9DA8192817E
:10B5900090FFD5080EA97649A9A8000AFFFA86BE31
:10B598008BBE0006FE02E72000597700E812090179
:10B5A000AD146508E720001077007700E2740040D2
:10B5A8006F02E590FE820006A8A96109E710000A6B
:10B5B0007700E84FC0127700E20302C4A0A9610639
:10B5B800E72000087700E20300C50006FF58610E87
:10B5C000BDA90F167700770077007700E68B00099A
:10B5C80077007700E27400400006E5900006FE026E
:10B5D000E6CF0003E6CF0008E6CF0019E6940001AD
:10B5D800AD146405E6CF0010E6970008FE82000669
:10B5E000FE02E6CF0002E6CF0008E6CF0011E694A7
:10B5E8000001AD146205E6AF0000E6960008FE8291
:10B5F0000006FE02E6CF0003E6CF0008E6CF001902
:10B5F800E6940001AD146405E6CF0010E697000854
:10B60000FE820006FE02E6CF0003E6CF0008E6CF8A
:10B608000019E6940001AD146405E6CF0010E69732
:10B610000008FE820006FE02E6CF0003E6CF000827
:10B61800E6CF0019E6940001AD146205E6CF0010EC
:10B62000E6960008FE820006761F03089602E59261
:10B62800761F030AE2030002E2030104E2030206B2
:10B63000761F030856BF01010006FE0228AC001762
:10B63800E2030042B6FFBE00064256229B0090FF7E
:10B640000FA756B001A6FE8292A60006761F030839
:10B64800B2BD9207D100520160088F00C6FA764158
:10B650000122520056B101A192A18BBE0006E593D2
:10B65800E592E591E590D0080200E20303C4E20315
:10B6600002D4E20301E4E20300F41E9400062DA5D7
:10B66800FF5A92AC5220680302006F030201563B56
:10B670001901CEABCFAA7649A9A8000680A992A548
:10B6780088A8901F93A753006102508093A6610287
:10B68000504093A46102502000062DA993ACBE0047
:10B6880053A067099A0C36A9560100A4D00B9394CD
:10B6900056B001A692A60006C5A41EA6D020929779
:10B698006006D02027C77D97D04C3F97D51206A6C5
:10B6A0007649B74B00065201610652026106520309
:10B6A80061066F079A6600069ACC00069AFF0006A4
:10B6B0009A000006A8A9610DE8020B81E802138038
:10B6B80028D4019028DC012CE20301C4E20300E451
:10B6C000000688A9A8A9610B92A67649B7BEE68EA6
:10B6C800000077007700BFA90F1200069A00000655
:10B6D000B2BD1EA67622D010D118A096D012A09688
:10B6D800D01AA89EA896761A8BBE0006B2BD1EA6E2
:10B6E000C5467622D108D00992A79CFF96F67C9E8B
:10B6E8007D96761A8BBE0006B2BD52168BA46303F4
:10B6F000D1006F06DC0202107649BA70A8C18AA197
:10B6F8008BBE0006BE02DC22B50900A68384762232
:10B7000006C518A9FFFE1EC5761A77007700000649
:10B7080093CC610C5201610AD00AE591E5902BC4F3
:10B710002B94E20301E4E20300D40006761F030841
:10B7180092142B0F6009E590761F030AE2030012CA
:10B72000761F03082B1300061BA9FFF661059B0873
:10B7280095A95302660428A9FFFE000628A9FFFD73
:10B73000000688A8901F290125A9AFA6FF371EA7DC
:10B7380092A4907F88A906A7AFA60006520B670AB5
:10B7400029018F09CB4C560302A9560100A48AC4D3
:10B748000006D4000006B2BDD00EBE00D1087DC4EC
:10B750002BEC2BFC1E9CC294D00A1E948BBE0006C0
:10B75800FE029A00E6940008AD146406E694001010
:10B76000AD1456B501A9FE82000683A4F63B2B85D5
:10B768007649B348E20300C4C4C4D00806C41E9492
:10B77000C2D400061EA690079B00FF58610606A6CD
:10B7780018A9FFF80910000606A609080006761F92
:10B78000030856BF010F761F030AE2030012761F5B
:10B78800030856BF01130006B2BDFE0259477941AE
:10B790007649B098020079417649B098FE828BBE16
:10B798000006FE028045FF5A9B0192A77649B878B9
:10B7A000A9A97F417649B78CFE820006761BFFF07F
:10B7A800E20000BDE630060029425616F5A90CE075
:10B7B00076256F00761F036A923E6107F5A910A1F6
:10B7B8004DA96D037649AC09923E000652A02DA909
:10B7C00067089A0C36A9560100A4E2AF00D400061F
:10B7C800E5900006A8A9BE00610893C46106530A63
:10B7D0006104530B56B001A692A60006B2BD59A94A
:10B7D80096F4764998649A0093A1530156B901A941
:10B7E0008BBE0006B2BD59A996E4764998649A00CA
:10B7E80093A1530356B901A98BBE0006B2BD59A94E
:10B7F00096DC764998649A0093A1530756B901A93B
:10B7F8008BBE0006B2BD59A996C4764998649A00D2
:10B8000093A1530156B901A98BBE0006B2BD59A937
:10B8080096EC764998649A0093A1530156B901A918
:10B810008BBE0006B2BD59A996CC764998649A00B1
:10B8180093A1537F56B901A98BBE0006FE0280A9E9
:10B820009B027649B8787649BA1C7F417649B09830
:10B82800FE8200068F000000A8A960049A00D400D8
:10B830006F0392C4DC02764937B800061EA60204E4
:10B838000FA66903D400000602002BD419011EC408
:10B840000006E274004177007700E801EEB0E80BF3
:10B84800BA80E7000040000676C9C354BE9F83A4AF
:10B85000DC0CF60B2485DF0C000EFFFB000676499E
:10B85800B348D03656BF0194E20300D4D03806D49A
:10B860001E940006A8A9BE00610793C4530A610391
:10B86800530B6002BE0192A60006761F03082B1533
:10B87000E5902B142B13761F030AE2030012000637
:10B8780058C588A854A069079B01CCA600FF95A0CD
:10B8800097C59694000680431EA6762292A49CFF3C
:10B8880096D67DE67FEE761A0006761BFFF0E2007C
:10B8900000BDE63006002942561676256F00761B5D
:10B89800FFF0E20000BDE630060029425616762584
:10B8A0006F00FE02E5A0AD146303E5906F03E8317D
:10B8A800FC00FE820006B2BD8D4004728D0004705B
:10B8B0000646A09C1E948BBE0006D00EC494D00CED
:10B8B800C294D0081E94D00EE20300940006C4A4DB
:10B8C000C5A5F6432B8683A4D03CF61724852B947C
:10B8C800000652A02DA967079A0C36A9560100A4B4
:10B8D000D00B2B94000693C49A00530061065309C1
:10B8D8006104530A56B001A9000693C49A005300A4
:10B8E000610653136104531456B001A90006761F74
:10B8E80003082B14E5902B13761F030AE2030012BA
:10B8F0000006B2BD2901D113D012259CAF941EC5FC
:10B8F8009A018BBE000683A9CCC53FFF88A95603D1
:10B900000EA4CAA696C500067649815E9A049B00DD
:10B90800D400D5007649A3A200068AC4A8A9610577
:10B910002901560301F4000602000006E720004159
:10B918007700E70000517700E720004000068EA47A
:10B920007649967AD5100EA98AA07649A9A800066C
:10B92800BEFF2DA837A90200F61F561700A692AB36
:10B930000006E801D418E801FC01E808937876498C
:10B938009DC80006761F0308E5902B01761F030AB1
:10B94000E20300020006FE02290125CCAFC41E421C
:10B94800E2AF0042FE820006FE02E2030042C44269
:10B9500006A67EC497CCFE820006761F030AE20389
:10B958000014761F030856BF01150006761F03134F
:10B96000A81A0006761F0313A818000600061EA6D4
:10B968000644C5460FA6620406A6565000A7000660
:10B97000CDA9FFFEBE016104520556B000A692A6F5
:10B978000006C4A583A406CD8AA6DD037649B0B522
:10B980000006561F7622B9C028290068761A004999
:10B98800B376FE027649BA981E42E2AF0042FE82C2
:10B990000006E591E5902BE4E20301C4E20300D444
:10B99800000693C49A0153096104530A56B000A9DA
:10B9A000000693C49A0153136104531456B000A9BE
:10B9A8000006FE02E203004206427649BAB0FE8271
:10B9B0000006520061048AC406E400068AC406D464
:10B9B80000069B0152006104520556B000A892A8E7
:10B9C0000006D05002008A9419017649BAEB0006AD
:10B9C8008AC4A8A9610306D4000602000006D008AC
:10B9D0002BDC2BCC7DC41EF41E9400068F00C6FA0F
:10B9D80076410117E850ED000006E850ED008F00B1
:10B9E000C7DE7649B4250006FF58C4A461041901D6
:10B9E8007D8660FE0006B2BDD010D1112B942B9C31
:10B9F0008BBE000683A9CCE5F3FFCAA496E500063A
:10B9F800D008E20300F4E2030194000683A48F0058
:10BA0000DAC27649B4CA000606CC8AA5D5007649C2
:10BA0800B9E400069B004FA956BD01A892A80006FC
:10BA10009B0047A956BD01A892A8000683A4D01890
:10BA1800F6172B852B940006FE02E203004206422D
:10BA2000FE820006D0089694764998649A01000632
:10BA2800FE021E42E2AF0042FE82000693A99DFF7D
:10BA3000537F56B700A90006E20300D4E20301E4F5
:10BA38000006D0508A947649B33100062BC4020020
:10BA40002BCC1ED4000628AC00185622901F0006EE
:10BA4800D01892949C07FFC20006E7200040764970
:10BA5000A511000696FC764998649A0100068F00AD
:10BA5800C6FA76410117000652066302D4000006B2
:10BA6000520A6302D400000652046302D4000006A6
:10BA680052146302D400000652046302D400000694
:10BA700052106302D4000006761F0313961F0006BF
:10BA7800761F0313921F000652086302D4000006C3
:10BA800052046302D4000006520A6302D400000686
:10BA88008D0006EE929400062901FF47907F00067C
:10BA90008D00018D92940006E590E20300C400063B
:10BA9800290125CCAFC400062BD47DC41EE40006C2
:10BAA000A8A956B001CC0006C5A4F60F248500064F
:10BAA800761F0314063C00069B007649B87800060A
:10BAB0001EA697CC7EC4000602002BC41ED400062E
:10BAB800E20300C400062920FF690006D0292B9460
:10BAC0000006D0812B9400062901FF470006CCA870
:10BAC80000FF0006D02992940006D08192940006C7
:10BAD000C44403A600067649B71600067649BAA8FC
:10BAD800000656BF01D400067649BAA80006E7104A
:10BAE0000000000656BF01F400067649BAA8000619
:10BAE80056BF01EC00061EC40006907F00069AA00F
:10BAF00000069A010006FFFF007300700064005FFB
:10BAF800006D006F00640065000000000069006DC3
:10BB000000610078005F00610000000000690071C2
:10BB0800005F006D00610078005F006100000000C8
:10BB1000007300700064005F006D00610078005FDA
:10BB1800006B00720070006D000000000073007080
:10BB20000064005F0061006300630065006C005FFB
:10BB28000068007A00700073000000000073007560
:10BB3000005F00720061006D0070005F0061000036
:10BB380000730075005F0061006C00690067006EAB
:10BB4000005F00610000000000730075005F00618D
:10BB4800006300630065006C005F0068007A0070A5
:10BB50000073000000730075005F00680061006EF4
:10BB58000064006F00660066005F0068007A0000FD
:10BB6000007300700064005F006B0070005F007382
:10BB680000630061006C0065000000000073007055
:10BB70000064005F006B0069005F00730063006198
:10BB7800006C006500000000007300700064005F46
:10BB8000006500720072005F006D00610078005F68
:10BB88000068007A0000000000730075005F00651F
:10BB9000006E00610062006C0065000000730075BB
:10BB9800005F00680061006E0064006F0066006668
:10BBA000005F006500720072000000000073007505
:10BBA800005F00740069006D0065006F0075007427
:10BBB000005F00730000000000730075005F006DFF
:10BBB80000610078005F00650072007200000000FC
:10BBC000007300700064005F006700610069006E30
:10BBC800005F006B006E006500650000006600778E
:10BBD0000063005F0065006E00610062006C00653C
:10BBD80000000000006600770063005F0061006EEF
:10BBE0000067006C0065005F00640065006700008E
:10BBE80000760073005F007200650066005F0070F9
:10BBF0000075000000760073005F006D0061007842
:10BBF800005F00700075000000660077005F006954
:10BC00000064005F0066006C006F006F0072005FF0
:10BC080000610000006300750072005F0062007749
:10BC1000005F0068007A0000007300700064005F3D
:10BC180000690071005F00660066005F0061000057
:10BC2000006400650063006F00750070006C0065C3
:10BC2800005F006B000000000076006C0069006D8A
:10BC3000005F006B00000000006400620067005FAE
:10BC3800006C00610074006300680000006400622A
:10BC40000067005F00730065006C00000064006521
:10BC48000063006F00750070006C0065005F007392
:10BC500000690067006E00000063006D00700073F3
:10BC58000073005F0064006100630000006C007303
:10BC6000005F007500680000006C0073005F0073E7
:10BC6800006300680065006400000000006C007359
:10BC7000005F006C006F005F00750068000000004E
:10BC7800006F0063005F007300650074005F00617F
:10BC800000000000006C0073005F006C006F003269
:10BC8800005F00750068000000730075005F0061C8
:10BC9000006C00690067006E005F00730000000028
:10BC980000630072006100730068005F0072006555
:10BCA00000610072006D0000007000610072006BA6
:10BCA800005F00720065006300610070005F006162
:10BCB00000000000007000610072006B005F007205
:10BCB8000065006300610070005F0076000000000E
:10BCC000007000610072006B005F0073006800612B
:10BCC80000700065005F006D007300000070006187
:10BCD0000072006B005F0068006F006C0064005F22
:10BCD8000066006C006F006F0072005F006100007A
:10BCE000007000610072006B005F0068006F006C04
:10BCE8000064005F006300650069006C005F00612C
:10BCF00000000000007000610072006B005F0068CF
:10BCF800006F006C0064005F0072006900730065EB
:10BD0000005F0061007000730000000000700061BF
:10BD08000072006B005F0068006F006C0064005FE9
:10BD100000660061006C006C005F006100700073E1
:10BD180000000000007000610072006B005F006BA3
:10BD200000700000007000610072006B005F006B2B
:10BD280000640000007000610072006B005F007624
:10BD30000065006C005F00770069006E0000000085
:10BD38000064006900610067005F006900730072B9
:10BD4000005F006D0069006E005F00750073000009
:10BD48000064006900610067005F006900730072A9
:10BD5000005F006D00610078005F007500730000F7
:10BD58000064006900610067005F00690073007299
:10BD6000005F006D00650061006E005F007500738C
:10BD6800000000000064006900610067005F00696E
:10BD700000730072005F00690064006C0065005F82
:10BD7800007500730000000000640069006100673E
:10BD8000005F006900730072005F00730075005F60
:10BD8800007500730000000000640069006100672E
:10BD9000005F006900730072005F0068006F006C54
:10BD98000064005F00750073000000000064006923
:10BDA00000610067005F007300730069005F006D51
:10BDA8000069006E005F00750073000000640069A0
:10BDB00000610067005F007300730069005F006D41
:10BDB80000610078005F007500730000006400698E
:10BDC00000610067005F007300730069005F006D31
:10BDC80000650061006E005F0075007300000000F0
:10BDD0000064006900610067005F00730073006920
:10BDD800005F00690064006C0065005F0075007317
:10BDE000000000000064006900610067005F0073EC
:10BDE80000730069005F00730075005F00750073E1
:10BDF000000000000064006900610067005F0073DC
:10BDF80000730069005F0068006F006C0064005FFA
:10BE000000750073000000000064006900610067B5
:10BE0800005F0065006E0063005F007200650069F6
:10BE1000006E00690074005F006E0000006400693D
:10BE180000610067005F006100640063005F006903
:10BE20000064006C0065005F007500730000000096
:10BE28000064006900610067005F006100640063EE
:10BE3000005F00730075005F007500730000000074
:10BE38000064006900610067005F006100640063DE
:10BE4000005F0068006F006C0064005F00750073A5
:10BE4800000000000064006900610067005F006690
:10BE5000006F0063005F00690064006C0065005FB4
:10BE5800007500730000000000640069006100675D
:10BE6000005F0066006F0063005F00730075005F95
:10BE6800007500730000000000640069006100674D
:10BE7000005F0066006F0063005F0068006F006C89
:10BE78000064005F00750073000000000064006942
:10BE800000610067005F00700077006D005F00696F
:10BE88000064006C0065005F00750073000000002E
:10BE90000064006900610067005F00700077006D5A
:10BE9800005F00730075005F00750073000000000C
:10BEA0000064006900610067005F00700077006D4A
:10BEA800005F0068006F006C0064005F007500733D
:10BEB000000000000064006900610067005F006529
:10BEB800006E0063005F00690064006C0065005F4D
:10BEC00000750073000000000064006900610067F5
:10BEC800005F0065006E0063005F00730075005F2F
:10BED00000750073000000000064006900610067E5
:10BED800005F0065006E0063005F0068006F006C23
:10BEE0000064005F007500730000000000640069DA
:10BEE80000610067005F007200650062006F006F0C
:10BEF0000074005F006700610074006500000000CE
:10BEF800007000610072006B005F00620065006EF8
:10BF000000630068005F0065006E00670061006705
:10BF080000650000006300750072005F006B007040
:10BF1000005F00730063006800650064005F0065F7
:10BF1800006E000000640065007200610074006536
:10BF2000005F00730074006100720074005F0043E2
:10BF28000000000000640065007200610074006594
:10BF3000005F0066006C006F006F0072005F0066BB
:10BF3800007200610063000000690071005F007218
:10BF4000006500670065006E005F00610000000092
:10BF48000076006200750073005F0072006500678C
:10BF50000065006E005F0065006E006700610067AD
:10BF58000065005F007600000076006200750073DF
:10BF6000005F0072006500670065006E005F00639F
:10BF680000650069006C005F0076000000750076CF
:10BF7000005F006400650072006100740065005F8E
:10BF780000730074006100720074005F00760000B6
:10BF800000750076005F0064006500720061007457
:10BF88000065005F0066006C006F006F0072005F64
:10BF90000066007200610063000000000073007022
:10BF98000064005F006A005F00670061007400656C
:10BFA000000000000061006E0067006C0065005F2B
:10BFA800006100640076005F006B000000630075AC
:10BFB0000072005F006B0069005F00730063006146
:10BFB800006C006500000000006500730074005FFD
:10BFC0000066006C00750078005F0073006600007A
:10BFC800006500730074005F006600720065007110
:10BFD000005F007300660000006500730074005F7E
:10BFD80000620065006D0066005F00730066000087
:10BFE00000640063006200750073005F0063006F0F
:10BFE800006D0070005F0065006E00000064006373
:10BFF000006200750073005F006D006F0064005FF9
:10BFF800007200610077000000630076006500634E
:10C00000005F0065006E000000630076006500635D
:10C00800005F006B000000000076006C0069006DA6
:10C01000005F006C0073005F0065006E00000000B0
:10C0180000660077005F00770061006C006B005FCE
:10C020000065006E0000000000660077005F00778A
:10C028000061006C006B005F00610070007300002D
:10C03000006300750072005F006B0070005F0066B7
:10C0380000690078005F0076007000610000000071
:10C04000006300750072005F006B0069005F0066AE
:10C048000069007800000000006100640063005F80
:10C050000073006F0063005F0066006900780000F5
:10C058000073007600670063005F00770069006482
:10C060000065006E005F006F006600660000000063
:10C068000073007600670063005F0064006500638A
:10C07000005F0074007200750065000000730076B8
:10C0780000670063005F007300750062005F006F77
:10C0800000660066000000000065006E0063005F4F
:10C088000066006100730074005F00610063007166
:10C090000000000000640062005F006E007300009A
:10C0980000760071005F006C0069006D005F00634E
:10C0A000006900720063000000760071005F006CA0
:10C0A8000069006D005F006C00700000006B0063A9
:10C0B000006C005F0066006F0072006300650000A6
:10C0B8000063006D005F007300750062005F00653B
:10C0C000006E0000007300690078005F0065006E7C
:10C0C80000000000007300690078005F0066006FE0
:10C0D0000072006300650000007300690078005F73
:10C0D80000750070005F00720070006D00000000C5
:10C0E000007300690078005F0064006E005F0072FA
:10C0E8000070006D00000000007300690078005FB8
:10C0F0000064006E005F0068006F006C0064005F09
:10C0F800006D007300000000007300690078005FA5
:10C10000006D0069006E005F006400770065006CE0
:10C10800006C005F006D00730000000000730069A0
:10C110000078005F0061006C00690067006E005FDE
:10C11800007400720069006D00000000007300697F
:10C120000078005F007300650061006D005F0073C0
:10C1280000000000007300690078005F006100648F
:10C130000076005F0064006500670000007300691E
:10C138000078005F0069006D00610078005F0061B1
:10C1400000000000007300690078005F0064007563
:10C1480000740079005F0064006E0073006C006585
:10C1500000770000007300690078005F00640075DC
:10C1580000740079005F007500700073006C006562
:10C1600000770000007300690078005F0063006FD3
:10C16800006D0070005F00700077006D0000000037
:10C17000007300690078005F0063006F0061007366
:10C178000074005F006D00610078005F006D00735F
:10C1800000000000007300690078005F007A00631F
:10C18800005F006400650062005F006E0000000050
:10C19000007300690078005F0068006F006C006445
:10C19800005F007300740065007000730000000009
:10C1A000007300690078005F007200650061006341
:10C1A8000071005F006D0061007800000073006995
:10C1B0000078005F00720065006100630071005F3D
:10C1B80000770069006E005F00730000007300697B
:10C1C0000078005F00760063006F006D0070005F14
:10C1C8000065006E00000000006D006500610073EE
:10C1D000005F00720075006E00000000006D0065D9
:10C1D80000610073005F0072005F006D006F00680F
:10C1E000006D0000006D006500610073005F006C71
:10C1E800005F007500680000006D00650061007365
:10C1F000005F006C0061006D006200640061005F20
:10C1F8000075007700620000006D00650061007343
:10C20000005F007200630000006D00650061007354
:10C20800005F0065006E0063005F00720075006EDD
:10C2100000000000006D006500610073005F0065B4
:10C21800006E0063005F006F00660066005F0064E8
:10C220000065006700000000006D0065006100739C
:10C22800005F0065006E0063005F00700070000032
:10C23000006D006500610073005F0065006E0063C3
:10C23800005F00640069007200000000006D006586
:10C2400000610073005F0065006E0063005F0063C3
:10C24800006F006E00660000006D006500610073FD
:10C25000005F0065006E0063005F00720063000015
:10C25800006A006D006500610073005F0072007580
:10C26000006E0000006A005F0075006B0067006DE3
:10C2680000320000006A005F0061006C0070006826
:10C270000061005F007300700061006E000000004C
:10C27800006A005F00690071005F00610076006776
:10C2800000000000006A005F007300740069006C29
:10C28800006C0000006A005F00720063000000009C
:10C29000007000690064005F006B0070005F007355
:10C2980000630061006C0065000000000070006928
:10C2A0000064005F006B0069005F00730063006161
:10C2A800006C006500000000007000690064005F19
:10C2B000006A005F00670061007400650000000014
:10C2B800007000690064005F00730068006F00721E
:10C2C000007400660061006C006C00000070006982
:10C2C8000064005F00760065007200640069006326
:10C2D00000740000006100750074006F006300616D
:10C2D800006C005F00720075006E00000061007560
:10C2E0000074006F00630061006C005F00730074F5
:10C2E8000061007400650000006100750074006F53
:10C2F00000630061006C005F0072006300000000DA
:10C2F800007000610072006B005F00640065006CF4
:10C3000000610079005F00730000000000700061B0
:10C308000072006B005F00640065006700000000B9
:10C3100000730065006E0073006F0072005F006DB7
:10C31800006F006400650000006D006F0074006F1E
:10C320000072005F0070006F006C00650073000019
:10C32800006C005F0077005F006500660066000033
:10C33000006C005F006E0000006C005F0074005F26
:10C338000063006F00720072005F006D0073000000
:10C34000006300610073005F006B0070000000007C
:10C34800006300610073005F006100700070006CA2
:10C350000069006500640000BAF4000900000000F4
:10C35800000000000000000000003F800001000015
:10C36000BAFE0009000041000000410000003F80CB
:10C36800000042B400010000BB060009000040A024
:10C37000000040A000003F80000042B40001000027
:10C37800BB100009000040A0000040A000003F00E2
:10C380000000411000010000BB1E00090000400039
:10C388000000400000003F8000004416000000004C
:10C39000BB2E0009000040C0000040C000003F80EC
:10C39800000041F000010000BB380009000040C067
:10C3A000000040C000003F80000041F0000100009C
:10C3A800BB440009000042480000424800003F80AA
:10C3B000000042C800000000BB5200090000420C0F
:10C3B8000000420C000040A0000042700000000095
:10C3C000BB60000900003F8000003F80CCCD3D4CA9
:10C3C80000003F8000000000BB6E000900003F80B5
:10C3D00000003F800000000000003F8000000000DF
:10C3D800BB7C0009C0004479C000447900004120BA
:10C3E000C000447900000000BB8C000900003F80C1
:10C3E80000003F800000000000003F8000010000C6
:10C3F000BB960009999A3F19999A3F19CCCD3DCC2B
:10C3F8000000400000000000BBA60009000041A0AA
:10C40000000041A000003F80000041A000000000AB
:10C40800BBB4000900003F8000003F80999A3E9924
:10C410000000404000000000BBC00009C00044799B
:10C41800C0004479000041A0C00044790000000039
:10C42000BBCE00090000000000000000000000007A
:10C4280000003F8000010000BBDA000900000000A6
:10C430000000000000000000000042960001000023
:10C43800BBE80009CCCD3ECCCCCD3ECC00003E8044
:10C44000CCCD3F0C00000000BBF2000900003F0013
:10C4480000003F00CCCD3ECCB6463F1300010000B3
:10C45000BBFC00090000400000004000000000009C
:10C45800000041C800010000BC0A0009000042C8F1
:10C46000000042C800004248000044FA00000000FA
:10C46800BC140009000000000000000000000000EB
:10C47000000042A000000000BC20000900003F00B6
:10C4780000003F000000000000003F8000000000B6
:10C48000BC2C000900003F8000003F80000000003D
:10C48800999A3F9900000000BC34000900003F80E1
:10C4900000003F800000000000003F80000000001E
:10C49800BC3E000900000000000000000000000091
:10C4A0000000420000000000BC46000900003F8080
:10C4A80000003F800000BF8000003F8000000000C7
:10C4B000BC540009E0004573E000457300004500EE
:10C4B800F000457F00000000BC5E0009000041F06C
:10C4C000000041F0000040A00000422000000000F9
:10C4C800BC64000900003F8000003F8000000000BD
:10C4D00000003F8000000000BC6E00090000410029
:10C4D80000004100000040A0000041F00000000002
:10C4E000BC780009000042BE000042BE000042705D
:10C4E800000042D600010000BC820009000040C0E4
:10C4F000000040C00000409000004100000000002B
:10C4F800BC8C000900003F0000003F00CCCD3D4C43
:10C500000000404000000000BC980009000000004E
:10C50800000000000000000000003F800000000064
:10C51000BCA40009000041A0000041A000003F00B1
:10C518000000424800010000BCB20009CCCD400C2C
:10C52000CCCD400CCCCD3DCC0000408000010000C3
:10C52800BCC00009000042A2000042A200000000B6
:10C530000000434800000000BCCE0009000040801D
:10C538000000408000000000000041F00001000001
:10C54000BCE00009000041000000410000003F8005
:10C54800000041F000010000BCF200090000422098
:10C550000000422000003F8000004348000000002F
:10C55800BD0600090000400000004000CCCD3DCCE5
:10C560000000424800000000BD1A00090000400021
:10C568000000400000003F00000040C00001000043
:10C57000BD220009D70A3C23D70A3C230000000053
:10C57800CCCD3D4C00000000BD2A000900004180E0
:10C580000000418000004080000042800000000068
:10C58800BD380009000000000000000000000000A5
:10C59000500047C300000000BD4800090000000033
:10C598000000000000000000500047C30000000039
:10C5A000BD5800090000000000000000000000006D
:10C5A800500047C300000000BD6A000900000000F9
:10C5B0000000000000000000500047C30000000021
:10C5B800BD7C000900000000000000000000000031
:10C5C000500047C300000000BD8C000900000000BF
:10C5C8000000000000000000500047C30000000009
:10C5D000BD9E0009000000000000000000000000F7
:10C5D800500047C300000000BDAE00090000000085
:10C5E0000000000000000000500047C300000000F1
:10C5E800BDBE0009000000000000000000000000BF
:10C5F000500047C300000000BDD00009000000004B
:10C5F8000000000000000000500047C300000000D9
:10C60000BDE2000900000000000000000000000082
:10C60800500047C300000000BDF200090000000010
:10C610000000000000000000500047C300000000C0
:10C61800BE04000900000000000000000000000047
:10C620006B284E6E00000000BE16000900000000DE
:10C628000000000000000000500047C300000000A8
:10C63000BE2800090000000000000000000000000B
:10C63800500047C300000000BE3800090000000099
:10C640000000000000000000500047C30000000090
:10C64800BE4A0009000000000000000000000000D1
:10C65000500047C300000000BE5C0009000000005D
:10C658000000000000000000500047C30000000078
:10C66000BE6C000900000000000000000000000097
:10C66800500047C300000000BE7E00090000000023
:10C670000000000000000000500047C30000000060
:10C67800BE9000090000000000000000000000005B
:10C68000500047C300000000BEA0000900000000E9
:10C688000000000000000000500047C30000000048
:10C69000BEB2000900000000000000000000000021
:10C69800500047C300000000BEC4000900000000AD
:10C6A0000000000000000000500047C30000000030
:10C6A800BED40009000000000000000000000000E7
:10C6B000500047C300000000BEE600090000000073
:10C6B8000000000000000000FFFF4B7F00000000AA
:10C6C000BEF80009000000000000000000000000AB
:10C6C80000003F8000000000BF0A000900000000D1
:10C6D000000000000000000000003F80000100009A
:10C6D800BF1A0009000042A0000042A0000042204A
:10C6E000000042C600010000BF2A0009999A3E9945
:10C6E800999A3E990000000000003F800001000078
:10C6F000BF3C0009000042B4000042B4000000004A
:10C6F800000042B400010000BF480009000000002B
:10C700000000000000000000000041F000010000F7
:10C70800BF5C0009000041D8000041D8000041A0EA
:10C71000000041F000010000BF6E000900000000B1
:10C718000000000000000000000041B0000100001F
:10C72000BF800009CCCD3E4CCCCD3E4C000000007B
:10C7280000003F8000010000BF96000900000000E3
:10C73000000000000000000000003F80000000003A
:10C73800BFA2000900003F0000003F000000000009
:10C740000000400000000000BFAE000900003F8074
:10C7480000003F80CCCD3DCC00003F8000000000C1
:10C75000BFBC0009C28F3DF5C28F3DF5CCCD3DCCAD
:10C7580000003FA000000000BFC8000900003FC063
:10C7600000003FC000003F0000003FC0000000008C
:10C76800BFD4000900003F4000003F4000003F00E8
:10C7700000003FA000000000BFE000090000000032
:10C77800000000000000000000003F8000000000F2
:10C78000BFEE0009000000000000000000000000F3
:10C7880000003F8000000000BFFC0009000000001E
:10C79000000000000000000000003F8000010000D9
:10C79800C004000900003F8000003F800000000046
:10C7A00000003F8000000000C00C000900000000F5
:10C7A800000000000000000000003F8000010000C1
:10C7B000C018000900000000000000000000000098
:10C7B80000003F8000010000C0240009000041186B
:10C7C0000000411800003F00000041F000000000A0
:10C7C800C030000900000000000000000000000068
:10C7D000CCCD3E4C00000000C0400009C28F3D752A
:10C7D800C28F3D7500000000999A3E990000000044
:10C7E000C04C000900000000000000000000000034
:10C7E80000003F8000000000C05800090000000061
:10C7F000000000000000000000003F80000000007A
:10C7F800C068000900000000000000000000000000
:10C8000000003F8000000000C0760009000000002A
:10C80800000000000000000000003F800000000061
:10C81000C0840009000000000000000000000000CB
:10C818000000400000000000C092000900004348EA
:10C8200000004348000042C8000043C80000000068
:10C82800C09800090000000000000000000000009F
:10C8300000003F8000000000C0A4000900000000CC
:10C83800000000000000000000003F800000000031
:10C84000C0AE000900000000000000000000000071
:10C848000000404000000000C0B8000900000000DF
:10C85000000000000000000000003F800000000019
:10C85800C0C2000900000000000000000000000045
:10C8600000003F8000000000C0CA00090000000076
:10C86800000000000000000000003F800000000001
:10C87000C0D40009C00045DAC00045DA000044FA1F
:10C87800A000460C00000000C0E00009800045BB95
:10C88000800045BB0000447AD00046040000000050
:10C88800C0EC0009000043480000434800000000D5
:10C89000000044FA00000000C0FC00090000447AD7
:10C898000000447A000000004000459C00000000B1
:10C8A000C10E00090000C1F00000C1F00000C2B4D8
:10C8A800000042B400000000C11E000900003F80E3
:10C8B00000003F8000000000000040A000000000D9
:10C8B800C12A00090000000000000000000000007C
:10C8C000CCCD41AC00000000C13600090000428C14
:10C8C8000000428C00003F80000042B400000000DD
:10C8D000C142000900003E8000003E80D70A3C2390
:10C8D800000040A000000000C152000900003F0015
:10C8E00000003F00D70A3C23000040A000000000E9
:10C8E800C162000900000000000000000000000014
:10C8F00000003F8000000000C170000900004348B4
:10C8F80000004348000041A0000044FA0000000086
:10C90000C1820009000040000000400000003F809C
:10C908000000410000000000C1900009000040C084
:10C91000000040C000003F80000041C00000000057
:10C91800C1A00009000040400000404000003F80E6
:10C920000000412000000000C1AE000900004120CD
:10C928000000412000003F8000004270000000002D
:10C93000C1BE00090000000000000000000000006F
:10C9380000003F8000000000C1CC0009000000009A
:10C940000000000000000000000040400000000067
:10C94800C1D600090000000000000000000000003F
:10C950000000447A00000000C1E20009000000006D
:10C9580000000000000000000000447A0000000011
:10C96000C1EC000900000000000000000000000011
:10C96800500047C300000000C1FC0009000000009F
:10C97000000000000000C2C8000042C80000000023
:10C97800C2040009000000000000000000000000E0
:10C9800000003F8000000000C2120009000000000B
:10C98800000000000000C334000043340000000031
:10C99000C2240009000000000000000000000000A8
:10C998000000427000000000C230000900000000E2
:10C9A000000000000000BF8000003F800000000089
:10C9A800C23E000900000000000000000000000076
:10C9B00000003F8000000000C24C000900000000A1
:10C9B800000000000000C2C8000042C800000000DB
:10C9C000C258000900000000000000000000000044
:10C9C80000003F8000000000C26200090000000073
:10C9D00000000000000000004000459C0000000036
:10C9D800C26A00090000000000000000000000001A
:10C9E0004000469C00000000C278000900000000E2
:10C9E800000000000000C1200000412000000000FD
:10C9F000C2820009000000000000000000000000EA
:10C9F80000003F8000000000C28A0009000000001B
:10CA0000000000000000C2C8000042C80000000092
:10CA0800C2900009000000000000000000000000C3
:10CA100000003F8000000000C29E000900000000EE
:10CA1800000000000000000000003F80000000004F
:10CA2000C2AC00090000000000000000000000008F
:10CA280000003F8000000000C2B8000900000000BC
:10CA30000000000000000000000042C800000000EC
:10CA3800C2C600090000000000000000000000005D
:10CA40000000412000000000C2D2000900000000E8
:10CA4800000000000000000000003F80000000001F
:10CA5000C2DE00090000000000000000000000002D
:10CA5800000040A000000000C2EC00090000000037
:10CA6000000000000000C1A0000041A00000000084
:10CA6800C2F80009000040A0000040A0000000003B
:10CA7000000041F000000000C306000900000000B3
:10CA78000000000000000000000043B400000000B7
:10CA8000C3100009000000000000000000000000CA
:10CA880000003F8000000000C31C00090000416056
:10CA90000000416000004000000042700000000003
:10CA9800C32800090000000000000000000000009A
:10CAA0004000469C00000000C33000090000000068
:10CAA8000000000000000000500047C30000000024
:10CAB000C334000900000000000000000000000076
:10CAB8004000461C00000000C340000900000000C0
:10CAC000000000000000000000003F8000000000A7
:10CAC800C34800090000000000000000000000004A
:10CAD00000003F8000000000006500730063005FFD
:10CAD8000069006E0064006500780000006E006F59
:10CAE00000640065005F0069006400000064006984
:10CAE80000720000006C00650064005F0063006F66
:10CAF000006C006F00720000006C00650064005F55
:10CAF80000620072006900670068007400000000AE
:10CB000000730065006E0073006F0072005F006DBF
:10CB0800006F00640065000000700072006F007024
:10CB1000005F0061006C00690067006E00000000AB
:10CB180000700072006F0070005F0061006C0069B7
:10CB20000067006E005F00640065006700000000A1
:10CB2800006100750074006F005F006400650074A8
:10CB300000650063007400000073007400610072FF
:10CB38000074005F0073006F0075006E00640000F1
:10CB4000006D006F0074006F0072005F0070006F76
:10CB4800006C006500730000CAD4000900000000F2
:10CB5000CADE000900000000CAE60009000000006B
:10CB5800CAEA000900000000CAF400090000000049
:10CB6000CB00000900000000CB0C00090000000011
:10CB6800CB18000900020000CB28000900000000D3
:10CB7000CB34000900000000CB4000090000000099
:10CB780000000002000400060000444400780000A1
:10CB800000000000000000000000000000000000A5
:10CB88000000000000000000B9DD0009BA570009E4
:10CB9000B8E700090000000000000000B4640009CC
:10CB98009D3E0009BAE50009B3BA0009000000008B
:10CBA000B9D60009B9550009B86D0009AD100009E2
:10CBA800B64600094000461C4000461C400045535C
:10CBB0001333439500004580000000000000431639
:10CBB80000000000B77F0009BAD30009B7160009C2
:10CBC0009AFD0009BAD6000900000000000000002C
:10CBC800B44F0009AFE80009B6240009B93A0009D2
:10CBD000AA260009A1E50009BADC0009B21B000978
:10CBD800B93100090000000000000003000600054C
:10CBE000000C000F000A00090018001B001E001DA9
:10CBE8000014001700120011003000330036003521
:10CBF000003C003F003A00390028002B002E002D99
:10CBF8000024002700220021002300200025002611
:10CC0000002F002C0029002A003B0038003D003E88
:10CC08000037003400310032001300100015001600
:10CC1000001F001C0019001A000B0008000D000E78
:10CC18000007000400010002F98F3800588038002E
:10CC20006EE037FF2CC137FEEAA237FCA88237FB43
:10CC2800666337FA244437F9E22537F7A00537F663
:10CC30005DE637F51BC737F4D9A637F2978737F18A
:10CC3800556837F0134837EFD12937ED8F0A37ECAD
:10CC40004CEB37EB0ACB37EAC8AC37E80063006F30
:10CC4800006D002E0061006C00750078002E006EEB
:10CC5000006F007600610078002E006500730063AD
:10CC5800003600320038003800000000D0004402DE
:10CC6000012C000000000000001E0000D0A444249D
:10CC6800012C000000000000001E000000004444E9
:10CC700001F4000000004120000041A0000041F04C
:10CC78000000422000004248000042700000428C40
:10CC8000000042A0000042B4000042BED0A44424F0
:10CC88000078000000000000001E0000000044447E
:10CC900000780000D000440200780000FFFFFFFF92
:10CC98000001122500000005000E0086007F00003C
:10CCA000000100EF0001012D043503E8038E026F3F
:10CCA8000002FFFF0001069F0008082F00059955A4
:10CCB000C3500A2040000A5141180A073F000B35B3
:10CCB8003F8000110B5BC28F3D7501970CDA42C8AB
:10CCC0009BB80011035203704100000040C00EF1F8
:10CCC80041F066663F660F5234483B01088F001EEC
:10CCD00012A5500007B9484312AF000405B040A0A8
:10CCD800C000447914D2C95C3C3200003E80009404
:10CCE00000F4104F000300BF0005015F000D084F66
:10CCE800D07D3F13800044090FB71B6442701B4D71
:10CCF0000DD215DF001A1D9340A0105F0025035FC1
:10CCF800003724AF00001A107FFC1A301E1042487B
:10CD00000000420C999A3F19CCCD3D4CCCCD3DCC86
:10CD0800000041A0000041201F1001B3CCCD3E4CD3
:10CD10001EBE051F000FB9660009001025A00026E1
:10CD18002BC1FFF00001DC450000000F01330001CA
:10CD20000021003514F200960155016001034120F5
:10CD2800999A3E99165541200000F3DF42C8000049
:10CD30003F00CCCD3F4C173F0003CCCD3DCCD70AB4
:10CD38003C2301B00034CCCD3D4CB7173951BF4F1F
:10CD40008D37BFA7CCCD3ECC02F119ECC2FE00124C
:10CD4800E3F03EFFE16D3EFE87373EFF1B7F001795
:10CD50000F0000070100080008001E32FFF000016C
:10CD580000010000000F0012FFF00000BA040009F3
:10CD6000A7EE0009B9790009000000001ABE000012
:10CD68000000000006F80000CC980009C20000008E
:10CD7000CD1A0009C0000000CD570009E0000000F6
:10CD7800CD640009C4E20000CD6800090AC00001C2
:00000001FF
