:020000040800F2
:1000000000070020F1010008E52C00089D2C0008E5
:10001000C52C00089D2C0008BD2C0008F301000829
:10002000F3010008F3010008F3010008913D000806
:10003000F3010008F3010008F3010008F3010008D0
:10004000F3010008F3010008F3010008F3010008C0
:10005000F3010008F3010008056A00082D6A000892
:10006000556A00087D6A0008A56A0008F3010008C7
:10007000F3010008F3010008F3010008F301000890
:10008000F3010008F3010008F3010008512C0008F7
:100090007D2C00088D2C0008F3010008CD6A0008B3
:1000A000F3010008F3010008F3010008F301000860
:1000B000C96B0008F3010008F3010008F301000810
:1000C000F3010008F3010008F3010008F301000840
:1000D000F3010008A16B0008B56B0008F3010008EC
:1000E000316B0008F3010008F3010008F301000878
:1000F000F3010008F3010008F3010008F301000810
:10010000F3010008F3010008F3010008F3010008FF
:10011000F3010008F3010008F3010008F3010008EF
:10012000F3010008F3010008F3010008F3010008DF
:10013000F3010008F3010008F3010008F3010008CF
:10014000F3010008F3010008F3010008295A000830
:10015000F3010008F3010008F3010008F3010008AF
:10016000F3010008F3010008F3010008F30100089F
:10017000F3010008F3010008F3010008F30100088F
:10018000F3010008F3010008F3010008F30100087F
:10019000F3010008F3010008F3010008F30100086F
:1001A000F3010008F3010008F3010008F30100085F
:1001B000F3010008F3010008F3010008F30100084F
:1001C000F3010008F3010008F3010008F30100083F
:1001D000F3010008F3010008F3010008F30100082F
:1001E000551500080000000000000000000000009D
:1001F00002E000F000F8FEE772B6374880F30888A6
:10020000364880F3098836483649086040F20000D5
:10021000CCF200004EF63471CEF200010860BFF35C
:100220004F8FBFF36F8F40F20000C0F2F0004EF628
:100230008851CEF200010860BFF34F8FBFF36F8F7C
:100240004FF00000E1EE100A4EF63C71CEF20001D4
:100250000860062080F31488BFF36F8F05F0ACF8B8
:1002600006F01EFA4FF055301F491B4A91423CBF21
:1002700041F8040BFAE71D49184A91423CBF41F886
:10028000040BFAE71A491B4A1B4B9A423EBF51F82E
:10029000040B42F8040BF8E700201849184A914271
:1002A0003CBF41F8040BFAE705F08AF806F094FA2F
:1002B000144C154DAC4203DA54F8041B8847F9E797
:1002C00000F042F8114C124DAC4203DA54F8041B12
:1002D0008847F9E705F072B80007002000230020E6
:1002E0000000000808ED00E00001002000070020E9
:1002F000F070000800230020B8230020B82300205D
:10030000445B0020E0010008E4010008E40100086B
:10031000E40100082DE9F04F2DED108AC1F80CD052
:10032000C3689D46BDEC108ABDE8F08F002383F3BF
:1003300011882846A047002004F044FBFEE704F0A3
:10034000C3FA00DFFEE70000F8B501F071F904F030
:10035000C1FF074605F010F80546002839D1234BA8
:100360009F4236D001339F4236D0214B27F0FF0207
:100370009A4234D1F8B200F009FF2E4642F21074CE
:1003800000F00AFF08B10024264601F069FD20B103
:10039000032000F083F80024264635B1154B9F4218
:1003A00003D004F0E1FF00242646002004F09CFF67
:1003B000114B1B691B0716D40EB100F085F801F034
:1003C00091FA00F057FF204600F0DAF800F07CF8D0
:1003D000F9E72E460024D3E704460126D0E7064677
:1003E0004FF47A74CCE70024E9E700BF010007B0BE
:1003F000000008B0263A09B00004024008B501F038
:10040000E3F8A0F120035842584108BD07B541F276
:100410001203022101A8ADF8043001F0F3F803B093
:100420005DF804FB38B5302383F31188174803685F
:100430000BB104F093FB164A144800234FF47A7171
:1004400004F082FB002383F31188124C236813B15C
:100450002368013B2360636813B16368013B6360F9
:100460000D4D2B7833B963687BB9022001F0A4F9F4
:10047000322363602B78032B07D163682BB90220EA
:1004800001F09AF94FF47A73636038BDB823002005
:1004900025040008D8240020D0230020084B187021
:1004A00003280CD8DFE800F008050208022001F05C
:1004B00079B9022001F06EB9024B00225A607047F0
:1004C000D0230020D824002010B501F0C9FC30B1A1
:1004D000244B03221A70244B00225A6010BD234B78
:1004E000234A1C4619680131F8D004339342F9D1EC
:1004F0006268204B9A42F1D91F4B9B6803F100635D
:1005000003F580339A42E9D204F002FF04F014FFAD
:10051000002001F0A7F80220FFF7C0FF174B1A6C6C
:1005200000221A64196E1A66196E596C5A64596E53
:100530005A665A6E5A6942F080025A615A6922F02C
:1005400080025A615B6972B64FF0E0233021C3F834
:10055000084DD4E9003281F311889D4683F3088861
:100560001047BBE7D0230020D8240020000001085A
:1005700020000108FFFF000800230020003802408F
:100580002DE9F04F93B0AC4B00902022FF210AA838
:100590009D6801F051F9A94A1378A3B9A84801212F
:1005A00003601170302383F3118803680BB104F0EA
:1005B000D5FAA44AA24800234FF47A7104F0C4FA91
:1005C000002383F31188009B13B19F4B009A1A609C
:1005D0009E4A009C1378032B1EBF002313709A4A77
:1005E0004FF0000A18BF5360D3465646D14601204B
:1005F00001F0D8F824B1944B1B68002B00F0158251
:10060000002000F0E1FF0390039B002B01DA00F0D3
:1006100079FE039B002BEDDB012001F0BBF8039B6F
:10062000213B162BE3D801A252F823F089060008DB
:10063000B106000845070008EF050008EF050008AF
:10064000EF050008CF0700089F090008B908000857
:100650001B0900084309000869090008EF050008A4
:100660007B090008EF050008ED09000829070008CC
:10067000EF050008310A0008950600082907000860
:10068000EF0500081B0900080220FFF7B7FE00284D
:1006900040F0F581009B0221BAF1000F08BF1C4613
:1006A00005A841F21233ADF8143000F0ABFF9EE71D
:1006B0004FF47A7000F088FF071EEBDB0220FFF793
:1006C0009DFE0028E6D0013F052F00F2DA81DFE829
:1006D00007F0030A0D10133605230593042105A81E
:1006E00000F090FF17E054480421F9E7584804212E
:1006F000F6E758480421F3E74FF01C08404600F0A5
:10070000B3FF08F104080590042105A800F07AFF62
:10071000B8F12C0FF2D1012000FA07F747EA0B0BD2
:100720005FFA8BFB4FF0000901F0D2F826B10BF015
:100730000B030B2B08BF0024FFF768FE57E7464862
:100740000421CDE7002EA5D00BF00B030B2BA1D17C
:100750000220FFF753FE074600289BD0012000F03F
:1007600081FF0220FFF79AFE00261FFA86F8404616
:1007700000F088FF044690B10021404600F09AFF47
:1007800001360028F1D1BA46044641F21213022183
:1007900005A8ADF814303E4600F034FF27E70120ED
:1007A000FFF77CFE2546244B9B68AB4207D92846C1
:1007B00000F05AFF013040F067810435F3E7234B26
:1007C00000251D70204BBA465D603E46ACE7002E0A
:1007D0003FF460AF0BF00B030B2B7FF45BAF0220F9
:1007E000FFF75CFE322000F0EFFEB0F10008FFF6EC
:1007F00051AF18F003077FF44DAF0F4A926808EB32
:10080000050393423FF646AFB8F5807F3FF742AF0E
:10081000124B0193B84523DD4FF47A7000F0D4FEFB
:100820000390039A002AFFF635AF019B039A03F861
:10083000012B0137EDE700BF00230020D424002066
:10084000B823002025040008D8240020D02300204D
:1008500004230020082300200C230020D4230020A0
:10086000C820FFF7CBFD074600283FF413AF1F2D2C
:1008700011D8C5F1200242450AAB25F0030028BF7C
:10088000424683490192184400F0B0FF019A804823
:10089000FF2100F0D1FF4FEAA8037D490193C8F37F
:1008A0008702284600F0D0FF064600283FF46DAFCF
:1008B000019B05EB830537E70220FFF79FFD00282A
:1008C0003FF4E8AE00F016FF00283FF4E3AE002747
:1008D000B846704B9B68BB4218D91F2F11D80A9B92
:1008E00001330ED027F0030312AA134453F8203C1F
:1008F00005934046042205A901F06AFA04378046B0
:10090000E7E7384600F0B0FE0590F2E7CDF8148036
:10091000042105A800F076FE06E70023642104A860
:10092000049300F065FE00287FF4B4AE0220FFF7C8
:1009300065FD00283FF4AEAE049800F0C3FE0590BC
:10094000E6E70023642104A8049300F051FE002888
:100950007FF4A0AE0220FFF751FD00283FF49AAECD
:10096000049800F0BFFEEAE70220FFF747FD0028E9
:100970003FF490AE00F0CEFEE1E70220FFF73EFD2F
:1009800000283FF487AE05A9142000F0C9FE042119
:100990000746049004A800F035FE3946B9E7322036
:1009A00000F012FE071EFFF675AEBB077FF472AEB5
:1009B000384A926807EB090393423FF66BAE022078
:1009C000FFF71CFD00283FF465AE27F003074F44F6
:1009D000B9453FF4A9AE484600F046FE0421059013
:1009E00005A800F00FFE09F10409F1E74FF47A7051
:1009F000FFF704FD00283FF44DAE00F07BFE002819
:100A000044D00A9B01330BD008220AA9002000F031
:100A10001BFF00283AD02022FF210AA800F00CFF7B
:100A2000FFF7F4FC1C4803F0D3FF13B0BDE8F08FD0
:100A3000002E3FF42FAE0BF00B030B2B7FF42AAEEE
:100A40000023642105A8059300F0D2FD0746002885
:100A50007FF420AE0220FFF7D1FC804600283FF44F
:100A600019AEFFF7D3FC41F2883003F0B1FF0598CF
:100A700000F070FF464600F02BFF3C46B7E5064607
:100A800052E64FF0000905E6BA467EE637467CE6B8
:100A9000D423002000230020A0860100094A136807
:100AA00049F2690099B21B0C00FB01331360064B3D
:100AB000186844F2506182B2000C01FB0200186019
:100AC00080B27047182300201423002010B50021A5
:100AD0001022044600F0B0FE034B03CB206061609F
:100AE0001868A06010BD00BF107AFF1FF0B5ADF50B
:100AF0004F7D6CAC4FF4C47207460D462046002172
:100B000000F09AFE02F0F6F8244B4FF47A72B0FB34
:100B1000F2F0186093E80700022384E807000DF55F
:100B2000E9702382FFF7D2FF43F618631C49238440
:100B300006A806F0F3F8182384F832310DF2E32604
:100B40006B440DF1300C1A4603CA62453060716087
:100B5000134606F10806F6D10DAE314601222046B5
:100B600000F01AFF00230393AB7E029305F11903F3
:100B7000019380B20123CDE904600093E97E05A3CF
:100B8000D3E90023384602F0D3FC0DF54F7DF0BDCC
:100B9000AFF300809E6AC421818A46EEE0240020E3
:100BA0002C6D00082DE9F0412C4C237ADAB08046F8
:100BB0000D465BBB27A9284601F014F8074600281C
:100BC00042D19DF89D60C82E3ED801464FF4A662E2
:100BD000204600F031FE4FF48073C4F8F8314FF432
:100BE0000073C4F80C334FF44073C4F82034324619
:100BF0000DF19E0104F1090000F0F8FD26449DF876
:100C00009C30777223720BB9EB7E23728122002114
:100C100006AC27A800F010FE0122214627A801F00B
:100C200027F800230393AB7E029305F1190380B2EA
:100C300001932823CDE904400093E97E05A3D3E97D
:100C40000023404602F074FC5AB0BDE8F08100BFBA
:100C5000AFF3008026417272DF25D7B72835002018
:100C6000F0B5254E4FF48A7505FB0065F1B096F896
:100C7000D83085F8DC300024D822214685F8E840B9
:100C80003AA800F0D9FD06F1090000F0CDFDD5F835
:100C9000E4308DF8F000C2B206AF06F109010DF1A3
:100CA000F100CDE93A3400F0A1FD394601223AA81D
:100CB00001F014F880B2CDE9047008230127CDE9D2
:100CC000023706F1D803019330230093317A0B48A1
:100CD00007A3D3E9002302F02BFCA04206DD02F0BB
:100CE00009F8C5F8E000384671B0F0BD2046FBE7D2
:100CF00078F6339F93CACD8D28350020F834002034
:100D00002DE9F0411D4D1E4E1E4F86B0284602F0C3
:100D10003BFC034658B30024CDE90344ADF814402E
:100D2000027B8DF8142099684068029403AA03C2DC
:100D30001B68DFF8548043F00043029301F0DCFFAE
:100D4000821941F10003009402A9384601F070FABB
:100D5000A04205DD284602F01BFC88F80040D5E7DC
:100D600098F80030072B05D8013388F8003006B01A
:100D7000BDE8F081014802F00BFCF8E7F8340020F0
:100D800040420F00603A00205D3A002070B50D46E9
:100D900014461E4602F028FB50B9022E10D1012C39
:100DA0000ED112A3D3E90023C5E90023012007E0F7
:100DB000282C10D005D8012C09D0052C0FD00020EC
:100DC00070BD302CFBD10BA3D3E90023ECE70BA3C0
:100DD000D3E90023E8E70BA3D3E90023E4E70BA35F
:100DE000D3E90023E0E700BFAFF30080401DA1205E
:100DF00026812A0B78F6339F93CACD8D9E6AC42133
:100E0000818A46EE26417272DF25D7B7F017304A45
:100E100039059E5638B505460E4C0021013500F0C7
:100E200049FCA4F82C55B4F82C0500F02BFC78B143
:100E3000B4F82C0500F036FC014648B9B4F82C058E
:100E400000F038FCB4F82C350133A4F82C35EAE76F
:100E500038BD00BF2835002010B50A4B0A4A1A6079
:100E600003F5805393F870203AB9DC6E2CB120461C
:100E700001F074F8204601F0B1F9BDE810400348D4
:100E800001F06CB8603A0020E46D0008B84A002018
:100E90002DE9F04F8FB000AF05460C4602F0A4FAE2
:100EA00000284BD1237E022B1BD1E38A012B18D1C2
:100EB00001F020FF0646FFF7F1FD03464FF4C8702E
:100EC000DFF8C482B3FBF0F206F5167602FB1033AE
:100ED00016FA83F3C8F80030E37E33B9A34B00223F
:100EE0001A703C37BD46BDE8F08F07F1240120465B
:100EF00000F02CFE0028F4D107F11400FFF7E6FD06
:100F000097F8264007F11401224607F1270005F063
:100F1000D3FE0028E2D10F2C08D8944B1C70D8F8CF
:100F20000030A3F51673C8F80030DAE797F82410FC
:100F30000029D6D0284602F04FFAD2E7E38A282BC0
:100F40002BD010D8012B23D0052BCAD1BFF34F8F44
:100F50008749884BCA6802F4E0621343CB60BFF351
:100F60004F8F00BFFDE7302BBBD1834EE17E327A3D
:100F70009142B6D1607E3146002291F8DC50854224
:100F800000F0A5800132042A01F58A71F5D1A8E7A5
:100F900021462846FFF7AAFDA3E721462846FFF78A
:100FA00001FE9EE7B2F8EC507B6005F103094FEAC1
:100FB00099094FEA8902D11DC908A8EBC1039D46D2
:100FC000EB460021584600F037FC04F1EE012A46BA
:100FD0003144584600F00AFC7B6813B9012000F048
:100FE00041FB96F8D20000F04DFB044630B9307258
:100FF00000F080FB204600F035FBB0E0D6F8D420AE
:101000003AB996F8D200B6F82C25824201D8FFF7FB
:1010100001FFD6F8D4202A44944208D296F8D20090
:10102000B6F82C250130824201D8FFF7F3FE706834
:101030005FFA89F2594600F007FC08B9C54679E025
:10104000726896F8D2002A447260D6F8D42005EB74
:101050000209C6F8D49000F015FB814509D396F833
:10106000D220D6F8D4000132001B86F8D220C6F870
:10107000D400FF2D0FD80024347200F03BFB204633
:1010800000F0F0FA00F0ECFE3C4B188108B9FFF7D5
:101090001BFAC54625E7BB6896F8D9000AFB036230
:1010A000FB68D2F8E41082F8E83001F58061C2F8FC
:1010B000E030C2F8E410FFF7D3FDFFF721FE96F809
:1010C000D920013202F0030286F8D920B6E74FF4A6
:1010D0008A7A0AFB02F505F1EA013144204600F064
:1010E00031FEF86000287FF4FCAE3544012285F81B
:1010F000E82001F0FFFDD5F8E020D6ED007ADFED25
:10110000206A801A192838BF192040F6B832904258
:1011100028BF1046B8EE677A07EE900AF8EEE77A35
:1011200067EEA67ADFED176AE7EE267AFCEEE77A3D
:10113000C6ED007A96F8D9307168BB600AFB03F4FB
:10114000321992F8E8505DB1D2F8E4308B42E846AB
:101150003FF428AF002182F8E810C2F8E010C5463D
:101160007368064A9B0A01331381BAE6F134002002
:1011700000ED00E00400FA0528350020E0240020FE
:10118000CDCCCC3D6666663FF4340020014B187030
:10119000704700BFEC24002030B54FF000542C4BBA
:1011A00022689A4285B023D1637D0BB3294A2A482D
:1011B0001370237D03724FF48073C0F8F8314FF43D
:1011C0000073C0F80C3300254FF44073C0F820348E
:1011D0002249C0F8E450C922093000F007FB20463C
:1011E000E022294600F028FB0124204605B030BD4E
:1011F00004F0CCF8044608B90024F6E7184A194D63
:10120000136C43F000731364AA6D174B9A42F3D129
:101210002B6E013B7E2BEFD8144A07CA01AB83E843
:1012200007001846032100F0E9FD6B6D83424FF083
:101230000003E1D12A6D8A4201BFAB65054B2A6EDE
:101240001A7003BF0A4BEA6D1A601C46CDE700BF57
:101250009AAD44C5EC24002028350020160000205B
:1012600000380240006600405041A0B0586600407F
:101270001023002037B51A4D00F0F2FD02236B71E8
:10128000184B288119681848012201F0CDFB002372
:101290000193164B164900931648174B4FF4805292
:1012A00002F072F8154B197811B1124802F094F857
:1012B00001F020FD0446FFF7F1FB4FF4C873B0FBCB
:1012C000F3F202FB130304F5167010FA83F00C4BD3
:1012D000186004F051F808B10F232B8103B030BD22
:1012E000E024002010230020603A00208D0D00082B
:1012F000F0240020F8340020910E0008EC24002097
:10130000F43400202DE9F04F2DED028B0FF2382937
:10131000D9E90089834C93B00BAE9FED7E8BFFF72C
:10132000EFFC814FDFF828A200230A93ADF8343098
:101330000B9373604FF0000B5B468DED008B012526
:101340000DF11D0207A938468DF81C508DF81DB00F
:1013500001F018FB9DF81C30002B40F0A5802046C2
:1013600002F042F80646002845D1704F01F0C2FC59
:101370003B6898423FD301F0BDFC8246FFF78EFBED
:101380004FF4C873B0FBF3F202FB13030AF51670B7
:1013900010FA83F03860664F97F800B0CBF1100A6E
:1013A000BBF1000F14BF33462B465FFA8AFA0EA832
:1013B0008DF82830FFF78AFBBAF1060F28BF4FF0EF
:1013C000060A0EAB03EB0B0152460DF1290000F0AB
:1013D0000DFA0AAB0393182302930AF10102554B4D
:1013E000D2B2CDE90053049220464CA3D3E90023A6
:1013F00002F040F83E7001F07DFC4F4A4F4D1368FB
:10140000C31AB3F57A7F2ED3106001F075FC024643
:101410000B46204602F0C6F8204601F0E5FF10B367
:101420002B7A474E002B14BF03230223737101F064
:1014300061FC0EAF4FF47A730122B0FBF3F0394632
:101440003060304600F05AFB182302933D4B019365
:1014500080B240F25513CDE90370009342464B46EB
:10146000204602F007F82B7A93B101F043FC0026E6
:1014700007464FF48A7A95F8D900304400F003000B
:101480000AFB005393F8E82092B30136042EF2D100
:10149000C82003F09DFA2B7A002B7FF43DAF13B0E8
:1014A000BDEC028BBDE8F08FDAF8143083F0010355
:1014B000CAF81430594610220EA800F0BDF90DF1FB
:1014C0001E0308AA0AA9384600F0B8FF96E80300F0
:1014D0000FAB83E803009DF834308DF844300A9B4D
:1014E0000E930EA9DDE90823204602F02FFA21E72A
:1014F000D3F8E02042B12B68FA2B38BFFA23BA1A8E
:101500000533B2EB430FC0D3FFF7AAFB0028BCD1D1
:10151000BEE700BF0000000000000000401DA12049
:1015200026812A0BF8340020603A0020F434002091
:10153000F1340020F0340020583A002028350020F3
:10154000E02400205C3A0020F1C6A7C1D068080F53
:101550000004024008B5054801F00EF8BDE8084057
:10156000034A0449002005F083BB00BF603A002015
:10157000944B0020590E000870B5104B1B780133B6
:10158000DBB2012B0C4612D80D4B1D6829684FF4B5
:101590007A730E6AA2FB0332014622462846B04700
:1015A000844204D1074B00221A70012070BD4FF411
:1015B000FA7003F00DFA0020F8E700BF1C230020AA
:1015C00020230020884B002007B50023024601217C
:1015D0000DF107008DF80730FFF7CEFF20B19DF821
:1015E000070003B05DF804FB4FF0FF30F9E700009F
:1015F0000A4608B50421FFF7BFFF80F00100C0B222
:10160000404208BD30B4074B0A461978064B53F8E0
:1016100021402368DD69054B0146AC46204630BCBD
:10162000604700BF884B002020230020A0860100D7
:1016300070B503F0FDFC094E094D30800024286888
:101640003388834208D903F0EDFC2B68044401334E
:10165000B4F5803F2B60F2D370BD00BF8A4B0020F1
:10166000484B002003F094BD00F1006000F580308D
:101670000068704700F10060920000F5803003F0D0
:101680001DBD0000054B1A68054B1B889B1A834241
:1016900002D9104403F0C6BC00207047484B00201C
:1016A0008A4B0020024B1B68184403F0C3BC00BFE8
:1016B000484B0020024B1B68184403F0D3BC00BF0A
:1016C000484B002010F003030AD1B0F5047F05D287
:1016D00000F10050A0F51040D0F8003818467047CF
:1016E0000023FBE700F10050A0F51040D0F8100AED
:1016F00070470000064991F8243033B10023086A8E
:1017000081F824300822FFF7B5BF0120704700BFE1
:101710004C4B0020014B1868704700BF002004E0CC
:1017200070B5194B1D68194B0138C5F30B040844FB
:101730002D0C04221E88A6420BD15C680A46013C8F
:10174000824213460FD214F9016F4EB102F8016BB9
:10175000F6E7013A03F10803ECD181420B4602D2CD
:101760002C2203F8012B0A4A05241688AE4204D124
:10177000984284BF967803F8016B013C02F10402A1
:10178000F3D1581A70BD00BF002004E0886D000836
:10179000746D0008022802BF014B01229A61704754
:1017A00000040240022802BF024B4FF480329A61CB
:1017B000704700BF00040240022801BF024A53697B
:1017C00083F00103536170470004024070B5044682
:1017D0004FF47A764CB1412C254628BF412506FBB3
:1017E00005F003F0F5F8641BF4E770BD10B50023B5
:1017F000934203D0CC5CC4540133F9E710BD000020
:1018000010B5013810F9013F3BB191F900409C42FD
:1018100003D11AB10131013AF4E71AB191F900206C
:10182000981A10BD1046FCE703460246D01A12F97A
:10183000011B0029FAD1704702440346934202D0AB
:1018400003F8011BFAE770472DE9F8431F4D1446D2
:1018500095F824200746884652BBDFF870909CB369
:1018600095F824302BB92022FF2148462F62FFF73C
:10187000E3FF95F82400C0F10802A24228BF2246E7
:10188000D6B24146920005EB8000FFF7AFFF95F816
:101890002430A41B1E44F6B2082E17449044E4B230
:1018A00085F82460DBD1FFF725FF0028D7D108E0B9
:1018B0002B6A03EB82038342CFD0FFF71BFF002884
:1018C000CBD10020BDE8F8830120FBE74C4B002082
:1018D000024B1A78024B1A70704700BF884B0020E9
:1018E0001C23002038B5164C164D204602F0BEFBD6
:1018F0002946204602F0E6FB2D68EA6ED2F804384D
:1019000043F00203C2F804384FF47A70FFF75EFF29
:101910000D49284602F0DEFCEA6E0C49D2F8043884
:1019200023F00203C2F804384FF461430B60084B04
:101930001868A04203D0BDE8384002F0F7BA38BDBD
:10194000084E0020FC6E0008046F0008744B002055
:101950002023002070B50C4B0C4D1E780C4B55F815
:1019600026209A4204460DD00A4B00211422184624
:10197000FFF762FF0460014655F82600BDE870409D
:1019800002F0D4BA70BD00BF884B00202023002095
:10199000084E0020744B00202DE9F3470D46044605
:1019A00000219046284640F27912FFF745FF234672
:1019B00020220021284601F06BFF231D0222202156
:1019C000284601F065FF631D03222221284601F00D
:1019D0005FFFA31D03222521284601F059FF04F1D2
:1019E000080310222821284601F052FF04F11003B9
:1019F00008223821284601F04BFF04F11103082288
:101A00004021284601F044FF04F112030822482136
:101A1000284601F03DFF04F11403202250212846FE
:101A200001F036FF04F1180340227021284601F02E
:101A30002FFF04F120030822B021284601F028FFDF
:101A400004F121030822B821284601F021FF04F106
:101A50002207C0263B46314608222846083601F0B8
:101A600017FFB6F5A07F07F10107F3D194F83230E4
:101A70008DF8073031460DF107030822284601F0A2
:101A800007FF002604F1330A9DF807304FEAC60924
:101A90009E4209F5A47720D394F83231502B28BF09
:101AA00050238DF80730B8F1000F08D139460DF1F9
:101AB00007030722284601F0EBFE09F24F17002624
:101AC00004F233149DF807309E4207EBC6010DD394
:101AD0000731C80802B0BDE8F0870AEB0603082208
:101AE0003946284601F0D4FE0136CDE7A319082275
:101AF000284601F0CDFE0136E4E7000013B50446A8
:101B00000846002101602346C0F8031020220190FE
:101B100001F0BEFE0198231D0222202101F0B8FE33
:101B20000198631D0322222101F0B2FE0198A31D3A
:101B30000322252101F0ACFE019804F108031022D4
:101B4000282101F0A5FE072002B010BDF7B5047FE3
:101B500005460E462CB1838A122B02D9012003B010
:101B6000F0BD0023194607220096284601F054FDD7
:101B7000731C0093012200230721284601F04CFD2D
:101B8000D4B9B31C0093052223460821284601F04E
:101B900043FD0D24B378102BE0D83746B278BB1B39
:101BA000934210D32B7FA88A0734E408B3B9844248
:101BB00094BF00200120D2E7AB8ADB00083BDB08A2
:101BC000B3700824E6E7FB1C00932146002308229B
:101BD000284601F021FD08340137DFE7201A18BF3D
:101BE0000120BCE7F7B5047F05460E462CB1838A79
:101BF000CA2B02D9012003B0F0BD0023194600967C
:101C00000822284601F008FD731CD4B9082200936D
:101C100011462346284601F0FFFC10247378C82B98
:101C2000E8D8012372785F1C013B934210D32B7FCD
:101C3000A88A0734E408B3B9844294BF0020012085
:101C4000D9E7AB8ADB00083BDB0873700824E5E7C3
:101C5000F3190093214600230822284601F0DCFCFA
:101C600008343B46DEE7201A18BF0120C3E7000016
:101C7000F7B50D4604460021164628468122FFF797
:101C8000DBFD234608220021284601F001FE94F9DD
:101C900001206378002AB8BF7F238DF807309EB9F2
:101CA0000DF1070307220821284601F0F1FD0F2757
:101CB000002602349DF807309E4207EBC60105D38B
:101CC0000731C80803B0F0BD0827F1E7A3190822BF
:101CD000284601F0DDFD0136ECE70000F7B50E46C1
:101CE0000546002114463046CE22FFF7A5FD2B46BF
:101CF00028220021304601F0CBFD2B7AC82B28BFCB
:101D0000C8238DF807308CB90DF10703082228216C
:101D1000304601F0BDFD30242F469DF807207B1B87
:101D2000934205D3E01DC00803B0F0BD2824F3E7BB
:101D300007F1090321460822304601F0A9FD0834C5
:101D40000137EAE7F7B5047F05460E4634B1838ACA
:101D5000B3F5827F02D9012003B0F0BD00960123C4
:101D600010220021284601F057FCDCB9B31C009377
:101D7000092223461021284601F04EFC19247388BD
:101D8000B3F5807FE7D837467288BB1B934210D3E8
:101D90002B7FA88A0734E408B3B9844294BF00209B
:101DA0000120D9E7AB8ADB00103BDB0873801024ED
:101DB000E5E73B1D0093214600230822284601F059
:101DC0002BFC08340137DFE7201A18BF0120C3E7D6
:101DD00030B5094D0A4491420DD011F8013B5840ED
:101DE000082340F30004013B2C4013F0FF0384EA76
:101DF0005000F6D1EFE730BD2083B8EDF7B54FF0D6
:101E0000FF33DFF854C0DFF854E000EB81011A46DD
:101E100088421CD050F8044B019401AF042417F8F9
:101E2000015B82EA05620825DB18164605F1FF35DD
:101E30005241002EBCBF83EA0C0382EA0E0215F069
:101E4000FF05F1D1013C14F0FF04E8D1E0E7D843ED
:101E5000D14303B0F0BD00BF9336EAA9EBE1F042F5
:101E6000F7B5384A106851686B4603C36A4636496D
:101E70003648082304F030FF0446002833D10A25F1
:101E8000334A106851686B4603C36A4631492F488C
:101E9000082304F021FF0446002849D00369B3F564
:101EA000E02F45D8B0F8661041F63E0291423FD18E
:101EB000294A024402F15C018B4239D35C3B23493D
:101EC00000209E1AFFF784FF3246074604F16401A2
:101ED0000020FFF77DFFA3689F4229D1E368984265
:101EE00008BF002524E00369B3F5E02F27D8418B14
:101EF00041F63E02914220D1174A024402F11001FC
:101F00008B4218D3103B114900209D1AFFF760FF48
:101F10002A46064604F118010020FFF759FFA3687E
:101F20009E4202D1E368984201D00D25A8E7002522
:101F3000284603B0F0BD1025A2E70C25A0E70B252D
:101F40009EE700BFA86D0008DCFF06000000010846
:101F5000B16D000890FF06000800FFF710B5037C84
:101F6000044613B9006804F09FFE204610BD00002F
:101F70000023BFF35B8FC360BFF35B8FBFF35B8F47
:101F80008360BFF35B8F7047BFF35B8F0068BFF365
:101F90005B8F704770B505460C30FFF7F5FF05F114
:101FA000080604463046FFF7EFFFA04206D9304648
:101FB0006D68FFF7E9FF2544281A70BD3046FFF72A
:101FC000E3FF201AF9E7000070B50546406898B1B4
:101FD00005F10800FFF7D8FF05F10C06044630466E
:101FE000FFF7D2FF8442304694BF6D680025FFF7AB
:101FF000CBFF013C2C44201A70BD000038B50C46C4
:102000000546FFF7C7FFA04210D305F10800FFF710
:10201000BBFF04446868B4FBF0F100FB1144BFF35C
:102020005B8F0120AC60BFF35B8F38BD0020FCE705
:102030002DE9F041144607460D46FFF7C5FF8442DF
:1020400028BF0446D4B1B84658F80C6B4046FFF799
:102050009BFF3044286040467E68FFF795FF331AA7
:102060009C4203D86C600120BDE8F0816B60A41B2A
:102070003B68AB602044E8600220F5E72046F3E7C8
:1020800038B50C460546FFF79FFFA04210D305F177
:102090000C00FFF779FF04446868B4FBF0F100FB23
:1020A0001144BFF35B8F0120EC60BFF35B8F38BD41
:1020B0000020FCE72DE9FF41884669460746FFF707
:1020C000B7FF6C4606B204EBC6060025B44209D041
:1020D0006268206808EB0501FFF788FB6368083435
:1020E0001D44F3E729463846FFF7CAFF284604B0E7
:1020F000BDE8F081F8B505460C300F46FFF744FF08
:1021000005F1080604463046FFF73EFFA042304680
:1021100088BF6C68FFF738FF201A386020B130465E
:102120002C68FFF731FF2044F8BD000073B514465A
:1021300006460D46FFF72EFF844228BF0446019055
:10214000DCB101A93046FFF7D5FF019B33B93268F6
:10215000C5E90233C5E9002401200CE09C4238BFE8
:1021600001942860019868608442F5D93368AB60B7
:10217000241AEC60022002B070BD2046FBE700008C
:102180002DE9FF410F466946FFF7D0FF6C4600B2CC
:1021900004EBC0050026AC4209D0D4F8048054F802
:1021A000081BB8194246FFF721FB4644F3E73046C7
:1021B00004B0BDE8F081000038B50546FFF7E0FF48
:1021C000044601462846FFF719FF204638BD0000A7
:1021D0000121884238BF084604F050BD08B104F020
:1021E00063BD704710B4026854681A4623465DF810
:1021F000044B1847002070470020704770470000CC
:10220000002070470E20704700F5805090F8D800ED
:10221000C0F340007047000000F5805090F9E000E6
:102220007047000000F58050C0F8DC1001207047B6
:10223000F7B50C68BDF8207014F0005473D10D7B15
:10224000082D70D8302585F31188456AAE6876016F
:102250000CD4AC68240108D4AC6814F0805460D16C
:1022600084F31188204603B0F0BD01240E6804F108
:10227000180C002EB8BFF6004FEA0C1CB4BF46F095
:102280000406760545F80C600E680FFA84FC16F01B
:10229000804F18BF05EB0C1E05EB0C1C1EBFDEF8B3
:1022A000806146F00206CEF880610E7BCCF8846136
:1022B00005EB04158E68C5F88C614E68C5F8886119
:1022C000DCF8805145F00105CCF8805141F27805E9
:1022D00000EB441C660105EB4414AC440444CCE917
:1022E00000230D46083401F10C0C55F804EB44F8BA
:1022F00004EB6545F9D12D882580841904F58054B7
:1023000007F0030594F8946026F00B06354384F833
:102310009450002484F31188009700F03BFD0120C5
:10232000A1E70224A2E74FF0FF309CE713B500F5C8
:1023300080540191E06EFFF747FE1F280AD90199EA
:10234000E06E2022FFF7B6FEA0F12003584258416C
:1023500002B010BD0020FBE708B5302383F31188DD
:1023600000F58050C06EFFF703FE002383F3118851
:1023700008BD0000002202608281426082607047D6
:1023800010B500220023C0E9002300230446038186
:102390000C30FFF7EFFF204610BD0000F0B50546FA
:1023A00000F580500C4690F8D83013F0040FC3F3BA
:1023B000800108BF114661F3820380F8D83005EB35
:1023C000441303F58453103389B01B79D8074FEABF
:1023D00044162FD582B319072ED46846FFF7D0FFD5
:1023E00005EB441303F5845303AA03F108071868A7
:1023F0005968144603C40833BB422246F7D1186813
:1024000020609B88A380DDE90E23CDE90023012312
:10241000ADF808302B6869461B6C28469847354450
:1024200005F5845510352B791A075CBF43F0080376
:102430002B7101E0002AF2D109B0F0BD2DE9F0477F
:102440009A4688B0074688469146302383F3118820
:1024500007F580546846FFF793FFE06EFFF79AFD9B
:102460001F282AD9E06E20226946FFF7A5FE202802
:1024700023D103AD444605AB2E4603CE9E422060D9
:102480006160354604F10804F6D130682060B388F5
:10249000A380DDE90023C9E90023BDF80830AAF8CC
:1024A0000030002383F3118853464A46414638469C
:1024B00008B0BDE8F04700F02BBC002080F3118885
:1024C00008B0BDE8F08700002DE9F84F1822044657
:1024D0000F4604300021FFF7AFF92046234B40F8A8
:1024E000283BFFF747FF04F13800FFF749FF04F1ED
:1024F000580804F582554646183530462036FFF711
:102500003FFFAE42F9D104F580554FF480534FF0B0
:102510000009C5E91739C5F858800123EE6604F5AE
:10252000875804F58456C5F8649085F8683085F8B6
:102530007030183608F118084FF0000A4FF0000B01
:1025400046E908ABA6F11800FFF714FF203646F85D
:10255000289C4645F4D185F8E07017B1044800F096
:10256000C3FB044B63622046BDE8F88FE46D0008AE
:10257000BC6D00080064004010B5044B1978044697
:102580004A1C1A70FFF7A0FF204610BD904B002098
:102590002DE9F047002950D0294B2A4FB7FBF1F520
:1025A00099428CBF0A231123581EB5FBF3FC03FB91
:1025B0001C53C4B22BB102280346F5D80020BDE855
:1025C000F0870CF1FF36B6F5806FF7D2C4EBC40E7E
:1025D0000EF103034FEAE309C3F3C703A4EB0308B7
:1025E00009F1010A4FF47A755FFA88F009FB055585
:1025F0005AFA88F8B5FBF8F5B5F5617FC1BF0EF161
:10260000FF33C3F3C703E01AC0B25C1C50FA84F472
:102610000CFB04F4B7FBF4F4A142CFD1013BDBB2D5
:102620000F2BCBD80138C0B20728C7D800211071B2
:1026300016809170D3700120C1E70846BFE700BF44
:102640003F420F0040787D0170B505460E464FF4BD
:102650007A746B6A5B6803F00103B34207D04FF4EE
:102660007A7002F0B5F9013CF3D1204670BD01202B
:10267000FCE7000070B5426A936913F0700F17D041
:1026800000230C4D936141F2900400EB431222446D
:1026900011794E0709D5890707D5416A55F8236096
:1026A0008E60117941F0040111710133032BECD1DB
:1026B00070BD00BFD06D000873B51D46436A164655
:1026C0009A68D207044609D59A6801219960C2F335
:1026D0004002CDE900650021FFF760FE636A9A6859
:1026E000D1050BD59A684FF480719960C2F34022EE
:1026F000CDE9006501212046FFF750FE636A9A6824
:10270000D2030BD59A684FF480319960C2F34042EE
:10271000CDE9006502212046FFF740FE04F5805315
:10272000D3F8DC0010B103681B699847204602B05B
:10273000BDE87040FFF79EBFF8B50446466A002921
:1027400077D106F10C073868800775D006EB0115C4
:102750003868D5F8B00110F0040FD5F8B0011ABFF1
:10276000C00840F00040400DA062D5F8B0C11CF098
:10277000020F1CBF40F08040A062D5F8B40106EB08
:10278000011100F00F0084F83400D1F8B80184F88A
:102790002C00D1F8B801000A84F82D00D1F8B80156
:1027A000000C84F82E00D1F8B801000E84F82F0038
:1027B000D1F8BC0184F83000D1F8BC01000A84F8DB
:1027C0003100D1F8BC01000C84F83200D1F8BC1102
:1027D000090E84F833103821396004F1440004F103
:1027E000280104F1340551F8046B40F8046BA94248
:1027F000F9D109880180C4E90E2321460023A4F8F9
:10280000403051F8383B20461B6C984704F5805304
:1028100093F8D820D3F8DC0042F0040283F8D820E3
:1028200010B103681B6998472046BDE8F840FFF7E0
:1028300021BF06F1100786E7F8BD000010B5044679
:1028400000F05AFA02460B4652EA030102D0013A5E
:1028500063F100030449086820B12146BDE8104037
:10286000FFF76ABF10BD00BF8C4B0020F0B53021D0
:1028700081F31188DFF848E000F583511831002416
:1028800041F2900C00EB441565442E7977070ED485
:10289000F6060CD5D1E9007697429E4107D2466AEA
:1028A0005EF82470B7602E7946F004062E7101346C
:1028B000032C01F12001E5D1002383F31188F0BD41
:1028C000D06D000808B5302383F31188FFF7D2FEDE
:1028D000002383F3118808BD2DE9F041436A0446C3
:1028E000986800F0E050B0F1E05F0E4622D0F8B1F9
:1028F000302383F31188002504F5845741F29008B2
:1029000004EB451343441B791A0706D50135032D03
:1029100007F12007F4D1012007E05B07F6D4394620
:10292000304600F08BFA0028F0D1002383F31188A1
:10293000BDE8F0810120FBE708B5302383F311885F
:1029400000F58050C06EFFF725FB002383F311884C
:1029500043090CBF0120002008BD0000F8B51D464A
:10296000002313700F4606461446FFF7E5FF80F07C
:102970000100387025B129463046FFF7ADFF2070C1
:10298000F8BD00002DE9B8410C4615461F468046AB
:1029900000F0B2F90B462178024609B9287850B107
:1029A0004046FFF763FFFFF78DFF3B462A4621466F
:1029B000FFF7D4FF0120BDE8B881000070B53026D4
:1029C00086F31188174B1A6C42F000721A641A6A67
:1029D00042F000721A621A6A22F000721A62002330
:1029E00083F3118800F5805494F8D83013F0010572
:1029F00016D1A9B186F311880321132001F026FA1C
:102A00000321142001F022FA0321152001F01EFAFF
:102A100094F8D83043F0010384F8D83085F3118856
:102A200070BD00BF003802402DE9F04700F5805529
:102A300088B095F8E030012B04468846164600F22F
:102A40008280824F57F823200AB947F82300D7F82D
:102A500000A0C4F81C8084F82060BAF1000F64D094
:102A600095F8E030012B70D001212046FFF7A6FF3A
:102A7000302383F31188626A136823F00203136022
:102A8000626A136843F001031360636A00275F61A1
:102A900087F3118801212046FFF7D6FD002800F0BA
:102AA0009580E86EFFF764FA04F58359BA4609F198
:102AB0001809202200216846FEF7BEFE02A8FFF793
:102AC00059FCCDF818A06A4609EB07030DF1180E62
:102AD0009446BCE80300F44518605960624603F16F
:102AE0000803F5D1DCF80000186020379CF80420BA
:102AF0001A71602FDDD195F8D8306FF3820300276B
:102B000085F8D8306A4641462046ADF80070ADF8E9
:102B100002708DF80470FFF73BFD636A48BB4FF409
:102B200000421A6008B0BDE8F08741F2E800FFF704
:102B30004FFB814610B15146FFF7C6FCC7F8009025
:102B4000B9F1000F8CD10020ECE7386803681B6BEB
:102B500098470146002887D13868FFF72FFF38686B
:102B6000036832465B684146984700287FF47CAF93
:102B7000E9E761221A609DF802309DF803201B06E8
:102B8000120402F4702203F040731343BDF80020D6
:102B9000C2F3090213439DF804201205022E02F429
:102BA000E0020CBF4FF0004100211343626A0B4367
:102BB000D361636A13225A61626A136823F00103C6
:102BC000136039462046FFF73FFD08B9636AA6E760
:102BD00095F8E03093BB616AD1F8002242F001021F
:102BE000C1F80022616AD1F8002222F47C5222F05E
:102BF0000E02C1F80022616AD1F8002242F460623C
:102C0000C1F80022626AC2F81432626AC2F8043261
:102C1000626A41F6FF71C2F80C12626AC2F8403271
:102C2000626AC2F84432636A0122C3F81C22626AF3
:102C3000D2F8003223F00103C2F8003295F8D83000
:102C400043F0020385F8D8306CE700BF8C4B0020BE
:102C500008B500F051F850EA0103024602D0421EC6
:102C600061F10001044B186810B10B46FFF724FD19
:102C7000BDE8084001F0C0B88C4B002008B500202A
:102C8000FFF7DCFDBDE8084001F0B6B808B501204B
:102C9000FFF7D4FDBDE8084001F0AEB800B59BB029
:102CA000EFF3098168226846FEF7A0FDEFF3058384
:102CB000014B9B6BFEE700BF00ED00E008B5FFF79E
:102CC000EDFF000000B59BB0EFF309816822684674
:102CD000FEF78CFDEFF30583014B5B6BFEE700BF56
:102CE00000ED00E0FEE700000FB408B5029801F027
:102CF00015FEFEE702F08CBA02F06EBA0139C9B2D5
:102D000002299EBF00EBC1000023C0E901337047D8
:102D10002DE9F8431E461B885B070546884618D4F4
:102D2000044600F118094C4513D063686BB12B6859
:102D30002846DB6B98473388A768C1B243F0040389
:102D400060684246B8470834EDE7A368002BEED12F
:102D5000F9E70120BDE8F88373B56C4684E8060006
:102D6000014600224E68D5B26EB98E685EB900EB9E
:102D7000C200021D94E80300013582E803001D70C3
:102D8000012002B070BD0132032A01F10801E9D12E
:102D90000020F6E72DE9F04F2DED028B89B09FED75
:102DA000258BBDF8508004468B46054600F1180976
:102DB000002708F0040AA94536D06B680BB9AB6848
:102DC00063B1BAF1000F0BD123682046DB6B984743
:102DD0004346C1B25A46D5E90106B0470835EAE78D
:102DE000002FFBD18DED008BADF808705B4603AA78
:102DF0000BF1080C18685968174603C70833634578
:102E00003A46F7D1186838609B88BB80FFF774FF9B
:102E10000423ADF808302368CDE900011B6C694636
:102E2000204698470127D9E7012009B0BDEC028B65
:102E3000BDE8F08F000000000000000030B503681E
:102E40000968DD0FB5EBD17F23F0604421F06042CB
:102E50004FEAD1700BD0002BB8BFA40C0029B8BF2B
:102E6000920C944202D034BF0120002030BD944225
:102E700005D1C1F38070C3F380738342F6D19442CD
:102E80002CBF00200120F1E72DE9F041456A15B97A
:102E90004162BDE8F0814B6823F06047C3F38A4686
:102EA0004FEAD37EC3F3807816EA230638BF3E4646
:102EB000AC462B465A68BEEBD27F22F060440AD063
:102EC000002A18DAA40CB44217D19D420FD10D602C
:102ED000DEE71346EEE7A74207D102F08044C2F3D3
:102EE000807242450BD054B1EFE708D2EDE7CCF841
:102EF00000100B60CDE7B44201D0B442E5D81A68A7
:102F00009C46002AE5D11960C3E700002DE9F0478F
:102F1000089D01F007044FEAD508224405F0070593
:102F200000EBD1004FF47F49944201D1BDE8F08716
:102F300004F0070705F0070A57453E4638BF5646D6
:102F4000C6F10806111B8E4228BF0E46E10808EBA9
:102F5000D50E415C13F80EC0B94029FA06F721FAE4
:102F60000AF1FFB28CEA010147FA0AF739408CEA0C
:102F7000010C03F80EC034443544D5E780EA012043
:102F8000082341F2210201B24000002980B203F17E
:102F9000FF33B8BF504013F0FF03F4D17047000077
:102FA00038B50C468D18A54200D138BD14F8011B68
:102FB000FFF7E4FFF7E7000042684AB11368436097
:102FC0004389818901339BB29942438138BF838110
:102FD0001046704770B588B0202204460D466846FA
:102FE0000021FEF729FC20460495FFF7E5FF024685
:102FF00058B16B46054608AE1C4603CCB442286067
:103000006960234605F10805F6D1104608B070BD89
:10301000082817D909280CD00A280CD00B280CD066
:103020000C280CD00D280CD00E2814BF40203020C6
:1030300070470C20704710207047142070471820EC
:103040007047202070470000082817D90C280CD999
:1030500010280CD914280CD918280CD920280CD9E0
:1030600030288CBF0F200E207047092070470A209F
:1030700070470B2070470C2070470D2070470000F0
:103080002DE9F843078C072F04461ED9D0E9029892
:1030900000254FF6FF73C5F12006A5F1200029FA9F
:1030A00005F108FA06F628FA00F031430143C9B2E7
:1030B0001846FFF763FF0835402D0346EBD1E16961
:1030C0003A46BDE8F843FFF76BBF4FF6FF70BDE827
:1030D000F883000010B54B6823B9CA8A63F309026C
:1030E000CA8210BD04691A681C600361C38A013B6F
:1030F000C3824A60EFE700002DE9F84F1D46CB8AF6
:103100000F46C3F309010529814692460B4630D08C
:103110000020AAB207F11A049EB2042E1FFA80F80A
:103120000FD8904503F1010306D3FB8A0A4462F3EA
:103130000903FB8201201AE01AF80060E65401300E
:10314000EAE79045F1D2A1F1050B1C237C68BBFB9B
:10315000F3F203FB12BB1FFA8BF6002C45D1484655
:10316000FFF72AFF044638B978606FF00200BDE827
:10317000F88F4FF00008E6E7002606607860ADB2F1
:103180004FF0000B454510D90AEB0803221D13F838
:10319000011B9155B1B208F101081B291FFA88F8EB
:1031A0002BD0454506F10106F1D8FB8AC3F309028D
:1031B000154465F30903BCE7013292B21C4623684B
:1031C000002BF9D16B1F0B441C21B3FBF1F301332E
:1031D0009BB29A42D3D2BBF1000FD0D14846FFF741
:1031E000EBFE20B9C4F800B0BFE70122E7E7C0F862
:1031F00000B05E4620600446C1E74545D5D9484643
:10320000FFF7DAFE08B92060AFE7C0F800B000268B
:1032100020600446B6E700002DE9F04F2DED028B4B
:103220001C4683B05B69019207468846002B00F07C
:10323000A780238C2BB1E269002A00F0A180072B24
:1032400035D807F10C00FFF7B7FE054638B96FF027
:103250000205284603B0BDEC028BBDE8F08F1422B6
:103260000021FEF7E9FA228CE16905F10800FEF77A
:10327000BDFA208C013080B2FFF7E6FEFFF7C8FEF2
:10328000013880B22084013028746369228C1B7855
:103290002A4403F01F0363F03F0348F00041137218
:1032A000384669602946FFF7EFFD0125D1E7023373
:1032B0009BB20722C18A0633B3FBF2F3828A521A09
:1032C0009BB292B29342C2D800F10C034FF00009B6
:1032D00008EE103A4FF0800A4E464D4618EE100A9E
:1032E000FFF76AFE83460028B1D014220021FEF7C2
:1032F000A3FA002E3AD1019BABF8083002220BF161
:10330000080E1FFA82FC0CF10100BCF1060F218CA3
:1033100080B201D88E422BD3FFF796FEFFF778FEDE
:1033200062691278013802F01F028E4208BF4FF026
:10333000400A42EA49121BFA80F14AEA020A0130C5
:1033400048F0004281F808A08BF81000CBF8042068
:1033500059463846FFF798FD238C0135B3422DB20C
:1033600089F001094FF0000AB8D172E70022C6E7E0
:10337000E169895D0EF802100136B6B20132C0E78C
:103380006FF0010565E70000F8B515460E463022DE
:10339000002104461F46FEF74FFA069B6360B5F511
:1033A000001F079BA76034BF6A094FF6FF72A36234
:1033B00097B2E66104F1100000239A4206D8002378
:1033C0000360A782E3822383E360F8BD06600133D4
:1033D00030462036F1E7000003781BB94BB2002BD2
:1033E000C8BF01707047000000787047F8B50C4600
:1033F000C969074611B9238C002B37D1257E1F2DB3
:1034000034D8387828BB228C072A2CD8268A36F064
:1034100003032BD14FF6FF70FFF7C2FD20F0010030
:103420003102400441EA0561400C41EA40254FF673
:10343000FF72234629463846FFF7EEFE002807DDD7
:10344000626913780133DBB21F2B88BF002313702E
:10345000F8BD218A2D0645EA012505432046FFF7E0
:103460000FFE0246E5E76FF00300F1E76FF00100A1
:10347000EEE7000070B58AB0044616460021282207
:1034800068461D46FEF7D8F9BDF83830ADF8103063
:103490000F9B05939DF840308DF81830119B0793D2
:1034A0006946BDF84830ADF820302046CDE90265C8
:1034B000FFF79CFF0AB070BD2DE9F041D3690546C6
:1034C0000C4616460BB9138C5BBB377E1F2F28D8D2
:1034D00095F80080B8F1000F26D03046FFF7D0FDF8
:1034E0003378210241EAC33141EA0801338A41EAD3
:1034F000076141EA03410246334641F08001284614
:10350000FFF78AFE00280ADD3378012B07D17269A4
:1035100013780133DBB21F2B88BF00231370BDE883
:10352000F0816FF00100FAE76FF00300F7E70000A9
:10353000F0B58BB004460D46174600212822684698
:103540001E46FEF779F99DF84C305A1E53425341FE
:103550008DF800309DF84030ADF81030119B059388
:103560009DF848308DF81830149B07936A46BDF8D3
:103570005430ADF8203029462046CDE90276FFF7D9
:103580009BFF0BB0F0BD0000406A00B104307047F3
:10359000436A1A68426202691A600361C38A013B86
:1035A000C38270472DE9F041D0F82080194E1446AF
:1035B0001D464146002709B9BDE8F081D1E9022343
:1035C000A21A65EB0303964277EB03031ED2036A4C
:1035D0008B420DD1FFF77EFD036A1B68036203690E
:1035E0000B60C38A0161016A013BC3828846E2E73E
:1035F000FFF770FD0B68C8F8003003690B60C38AE1
:103600000161013BC382D8F80010D4E788460968FD
:10361000D1E700BF80841E002DE9F04F8BB00D462E
:10362000DDF8509014469B468046002800F0198132
:10363000B9F1000F00F01581531E3F2B00F21181EC
:10364000012A03D1BBF1000F40F00B810023CDE92B
:103650000833B8F81430B5EBC30F4FEAC30703D3F0
:1036600000200BB0BDE8F08F2B199F42D8F80C302A
:103670003ABF7F1BFFB227461BB9D8F81030002B8A
:103680007AD0272D4ED8C5F12806B7424FF0000357
:103690002CBFF6B23E4600932946D8F8080008AB86
:1036A0003246FFF733FCA7EB060A35445FFA8AFA85
:1036B000B8F8143003F10053053BDB000493D8F84D
:1036C0000C3003932821039B13B1BAF1000F2CD1C6
:1036D000D8F8100040B1BAF1000F05D0009608AB41
:1036E0005246691AFFF712FC38B2002FB8D06607AD
:1036F0000AD00AAB03EBD401624211F8083C02F095
:103700000702134101F8083C082C3CD9102C40F268
:10371000B580202C40F2B780BBF1000F00F09C80F8
:10372000082334E0BA460026C2E7049BE02B28BFFA
:10373000E02306930B44AB42059314D95A1B03981C
:103740000096924534BF5246D2B2691A08AB043093
:103750000792FFF7DBFB079A1644AAEB020A15440F
:10376000F6B25FFA8AFA049B069A05999B1A0493AB
:10377000039B1B680393A6E70093D8F8080008ABE7
:103780003A462946AEE7BBF1000F13D00123B4EB54
:10379000C30F6CD0082C12D89DF82030621E23FA7B
:1037A00002F2D50706D54FF0FF3202FA04F42343A4
:1037B0008DF820309DF8203089F8003051E7102C2A
:1037C00012D8BDF82030621E23FA02F2D10706D5C6
:1037D0004FF0FF3202FA04F42343ADF82030BDF875
:1037E0002030A9F800303CE7202C0FD80899631E40
:1037F00021FA03F3DA0705D54FF0FF3202FA04F499
:103800000C430894089BC9F800302AE7402C2BD0C1
:10381000DDE90865611EC4F12102A4F1210326FA45
:1038200001F105FA02F225FA03F311431943CB071C
:1038300012D50122A4F12003C4F1200102FA03F3FE
:1038400022FA01F1A240524243EA010363EB43032F
:1038500032432B43CDE90823DDE90823C9E90023DE
:10386000FFE66FF00100FCE66FF00800F9E6082CB7
:10387000A0D9102CB3D9202CEED8C3E7BBF1000F90
:10388000ADD0022383E7BBF1000FBBD004237EE75A
:1038900030B5012A144638BF0124402C85B028BF1A
:1038A00040240025012ACDE9025518D81B788DF84F
:1038B000083063070AD004AB03EBD405624215F865
:1038C000083C02F00702934005F8083C00910346CB
:1038D0002246002102A8FFF719FB05B030BD082AD7
:1038E000E4D9102A03D81B88ADF80830E1E7202A74
:1038F0008DBFD3E900231B680293CDE90223D8E7EB
:1039000010B5CB681BB98B600B618B8210BD04694D
:103910001A681C600361C38A013BC382CA60F0E776
:1039200003064CBFC0F3C0300220704708B5024602
:10393000FFF7F6FF022806D15306C2F30F2001D18C
:1039400000F0030008BDC2F30740FBE72DE9F04F8C
:1039500093B0CDE903230A6804461046FFF7E0FF61
:10396000022814BFC2F306260026002A0D4682460E
:1039700080F2F78112F0C04940F0F381097B002901
:1039800000F0EF81022803D02378B34240F0EC81AD
:10399000C2F304630693104602F07F030593FFF71A
:1039A000C5FF059B29444FEA834848EA0A4848EA8C
:1039B0004668CE7800230022CDE90823F309834628
:1039C00048EA0008029367D0059B009302466768A7
:1039D000534608A92046B847002800F0C881276A46
:1039E0004FB9414604F10C00FFF7F4FA074690B9CD
:1039F0006FF0020054E03B6998450DD03F68002FFE
:103A0000F9D1414604F10C00FFF7E4FA074600281B
:103A1000EED0236A3B60276297F817C006F01F08B4
:103A2000CCF3840CACEB08001FFA80FE0028B8BF72
:103A30000EF12000A8EB0C031FFA83FED7E9022148
:103A4000B8BF00B2002B0793BEBF0EF120031BB21C
:103A5000079352EA010338D0039BDFF824E39A1A54
:103A6000049B4FF0000C63EB010196457CEB0103D6
:103A70002BD36B7B97F81AE0734519D1029B002B6F
:103A800078D0012821DC7868F8B9DFF8F0C29445D5
:103A900070EB010316D337E0276A27B96FF00C00EB
:103AA00013B0BDE8F08F3B699845B5D03F68F4E7A7
:103AB000B24890427CEB010301D30020F0E7029B67
:103AC000002BFAD0079B0F2B17DCFA7DB30002F016
:103AD000030203F07C031343FB7539462046FFF7CE
:103AE000F9FA6B7BBB76029B3BB9FB7DC3F3840287
:103AF000013262F38603FB75D0E76A7BBB7E9A4294
:103B0000DBD1029B002B35D0B309022B32D0039BB3
:103B1000BB60049BFB60142200210DA8FDF78CFE06
:103B2000039B0A93049B0B932B1D0C932B7BADF8EB
:103B30003EB0013BDBB2ADF83C30069B8DF8423025
:103B4000059B8DF8433094F82C308DF840A083F01D
:103B500001038DF844308DF84180A3680AA92046FE
:103B60009847FB7DC3F38403013303F01F039B02DB
:103B7000FB82A2E7FB7DC6F34012B2EBD31F40F0FD
:103B8000F980C3F38403434540F0FC80029A2B7B09
:103B9000B609002A52D016F0010661D1032B40F27B
:103BA000F480039BBB60049BFB60FB8A66F3090304
:103BB000FB822B7BAE1D033BDBB23246394604F160
:103BC0000C00FFF799FA00280CDA39462046FFF777
:103BD00081FAFB7DC3F38403013303F01F039B02CF
:103BE000FB8205E7DDE90884AB883B834FF6FF7372
:103BF000C9F12000A9F1200228FA09F104FA00F025
:103C0000014324FA02F211431846C9B2FFF7B6F98C
:103C100009F10809B9F1400F0346E9D1B8822A7BBE
:103C2000033AD2B23146FFF7BBF9FB7DB882DA43E3
:103C3000C2F3C01262F3C713FB753EE786B92E1DAF
:103C4000013BDBB23246394604F10C00FFF754FA6F
:103C50000028BADB2A7BB88A013AD2B23146E2E7C1
:103C6000F98AC1F30901013B0429DAB25BD8281DA6
:103C7000002307F11B069A4208D910F801CB06F879
:103C800001C0013101330529DBB2F4D103990A9156
:103C900004990B91934207F11B010C9138BF043337
:103CA00079680D9134BF55FA83F300230E93FB8A94
:103CB000ADF83EB0C3F309031A44069B8DF84230B9
:103CC000059B8DF8433094F82C30ADF83C2083F000
:103CD00001038DF8443000238DF840A08DF8418019
:103CE0007B602A7BB88A013A291DFFF759F93B8B83
:103CF000B882834203D1A3680AA920469847204688
:103D00000AA9FFF7FDFDFB7DBA8AC3F384030133E3
:103D100003F01F039B02FB823B8B9A420CBF0020E7
:103D20006FF01000BCE67B68002BAFD0052001E0EF
:103D30001C3033461E68002EFAD1091A081D2E1DAC
:103D4000184401EB090CBCF11B0F5FFA89F39DD8F5
:103D50009A429BD916F8013B00F8013B09F1010991
:103D6000EFE76FF009009BE66FF00A0098E66FF04E
:103D70000B0095E66FF00D0092E600BF40420F0089
:103D800080841E006FF00E008AE66FF00F0087E659
:103D9000EFF3098305494A6B22F001024A63683355
:103DA00083F30988002383F31188704700EF00E054
:103DB000302080F3118862B60C4B0D4AD96821F48B
:103DC000E0610904090C0A43DA60D3F8FC200949D0
:103DD00042F08072C3F8FC200A6842F001020A60D7
:103DE0002022DA7783F82200704700BF00ED00E060
:103DF0000003FA05001000E010B5302383F31188AA
:103E00000E4B5B6813F4006314D0F1EE103AEFF33D
:103E10000984683C4FF08073E361094BDB6B2366D8
:103E200084F3098800F044FD10B1064BA36110BD76
:103E3000054BFBE783F31188F9E700BF00ED00E0D5
:103E400000EF00E03F0300084203000800F1604378
:103E500003F561430901C9B283F80013012200F0A0
:103E60001F039A4043099B0003F1604303F561433C
:103E7000C3F880211A6070470268436811430160EB
:103E800003B1184770470000143002F0E5BA000093
:103E90004FF0FF33143002F0DFBA0000383002F088
:103EA0005BBB00004FF0FF33383002F055BB000021
:103EB000143002F0ABBA00004FF0FF31143002F0C2
:103EC000A5BA0000383002F005BB00004FF0FF3209
:103ED000383002F0FFBA0000012914BF6FF0130060
:103EE0000020704701F03EBF37B515460E4A02600C
:103EF00000224260C0E902220122044602740B46FD
:103F0000009000F15C014FF48072143002F054FA1A
:103F100000942B464FF4807204F5AE7104F1380022
:103F200002F0CCFA03B030BD286E000810B5302383
:103F3000044683F3118801F03BFF02232374002021
:103F400080F3118810BD000038B5C36904460D46E2
:103F50001BB904210844FFF78FFF294604F1140020
:103F600002F038FA002806DA201D4FF40061BDE89F
:103F70003840FFF781BF38BD0268436811430160D4
:103F800003B118477047000013B5446BD4F894345C
:103F90001A681178042915D1217C022912D11979C6
:103FA000128901238B4013420CD101A904F14C006A
:103FB00002F0D6F8D4F89444019B21790246206897
:103FC00000F0D6F902B010BD143002F059B800006C
:103FD0004FF0FF33143002F053B800004C3002F0C1
:103FE0002BB900004FF0FF334C3002F025B9000030
:103FF000143002F027B800004FF0FF31143002F007
:1040000021B800004C3002F0F7B800004FF0FF324A
:104010004C3002F0F1B800000020704710B5D0F825
:1040200094341A6811780429044617D1017C0229B6
:1040300014D15979528901238B4013420ED1143087
:1040400001F0BAFF024648B1D4F894444FF48073AB
:1040500061792068BDE8104000F078B910BD00001B
:10406000406BFFF7DBBF0000704700007FB5124BCD
:10407000036000234360C0E90233012502260F4B91
:10408000057404460290019300F1840229460096CB
:104090004FF48073143001F06BFF094B0294CDE9AB
:1040A000006304F523724FF48073294604F14C0039
:1040B00002F032F804B070BD506E00086140000894
:1040C000893F00080B68302282F311880A7903EBDC
:1040D000820210624A790D3243F822008A7912B1C5
:1040E00003EB820318620223C0F8941403740020C7
:1040F00080F311887047000038B5037F044613B180
:1041000090F85430ABB9201D01250221FFF734FF90
:1041100004F1140025776FF0010100F081FC84F8B0
:10412000545004F14C006FF00101BDE8384000F03C
:1041300077BC38BD10B5012104460430FFF71CFFE1
:104140000023237784F8543010BD000038B50446AE
:104150000025143001F024FF04F14C00257701F014
:10416000F3FF201D84F854500121FFF705FF20467E
:10417000BDE83840FFF752BF90F85C3003F06003B1
:10418000202B07D190F85D20212A4FF0000303D89F
:104190001F2A06D800207047222AFBD1C0E9143319
:1041A00003E0034A026507224265836501207047E8
:1041B0002423002037B5D0F894341A6811780429E4
:1041C00004461AD1017C022917D1197912890123D9
:1041D0008B40134211D100F14C05284602F074F8CF
:1041E00058B101A9284601F0BBFFD4F89444019BC3
:1041F00021790246206800F0BBF803B030BD000012
:10420000F0B500EB810385B01E6A04460D46FEB191
:10421000302383F3118804EB8507301D0821FFF755
:10422000ABFEFB685B691B6806F14C001BB101909B
:1042300001F0A4FF019803A901F092FF024648B1E2
:10424000039B2946204600F093F8002383F311884E
:1042500005B0F0BDFB685A691268002AF5D01B8AC8
:10426000013B1340F1D104F15C02EAE70D3138B5AE
:1042700050F82140DCB1302383F31188D4F8942422
:104280001368527903EB8203DB689B695D6845B173
:1042900004216018FFF770FE294604F1140001F0B4
:1042A00095FE2046FFF7BAFE002383F3118838BD40
:1042B0007047000001F0D8B810B501230446282249
:1042C00000F8243B0021FDF7B7FA0023C4E90133CD
:1042D00010BD000038B50446302383F31188002553
:1042E000C0E90355C0E90555C0E90755416001F033
:1042F000CBF80223237085F31188284638BD0000CF
:1043000070B500EB810305465069DA600E4614462D
:1043100018B110220021FDF78FFAA06918B1102200
:104320000021FDF789FA31462846BDE8704001F0CA
:1043300075B90000826802F0011282600022C0E9B3
:104340000422C0E90622026201F0F4B9F0B400EBE5
:1043500081044789E4680125A4698D403D43458176
:1043600023600023A2606360F0BC01F00FBA00007C
:10437000F0B400EB81040789E468012564698D408D
:104380003D43058123600023A2606360F0BC01F01F
:1043900089BA000070B50223002504460370C0E905
:1043A0000255C0E90455C0E906554566056280F826
:1043B0004C5001F0CFF863681B6823B129462046B2
:1043C000BDE87040184770BD0378052B10B5044652
:1043D0000AD080F868300523037043681B680BB16E
:1043E000042198470023A36010BD0000017805292F
:1043F00006D190F86820436802701B6803B1184723
:104400007047000070B590F84C30044613B100239B
:1044100080F84C3004F15C02204601F0ADF963688D
:104420009B68B3B994F85C3013F0600535D0002177
:10443000204601F061FC0021204601F053FC636836
:104440001B6813B1062120469847062384F84C3098
:1044500070BD204698470028E4D0B4F86230626D01
:104460009A4288BF636594F95C30656D002B4FF00C
:10447000300380F20381002D00F0F280092284F8DD
:104480004C2083F311880021D4E914232046FFF740
:104490006FFF002383F31188DAE794F85D2003F0BF
:1044A0007F0343EA022340F20232934200F0C580C8
:1044B00021D8B3F5807F48D00DD8012B3FD0022BF7
:1044C00000F09380002BB2D104F164022265022235
:1044D0006265A365C1E7B3F5817F00F09B80B3F50A
:1044E000407FA4D194F85E30012BA0D1B4F86430A1
:1044F00043F0020332E0B3F5006F4DD017D8B3F5A7
:10450000A06F31D0A3F5C063012B90D8636894F8F5
:104510005E205E6894F85F10B4F860302046B047C3
:10452000002884D043682365036863651AE0B3F507
:10453000106F36D040F6024293427FF478AF5C4B66
:104540002365022363650023C3E794F85E30012BE3
:104550007FF46DAFB4F8643023F00203C4E914555E
:10456000A4F86430A56578E7B4F85C30B3F5A06FC3
:104570000ED194F85E3084F86630204601F042F89F
:1045800063681B6813B101212046984703232370F9
:104590000023C4E914339CE704F167032365012376
:1045A000C3E72378042B10D1302383F311882046EE
:1045B000FFF7C0FE85F311880321636884F8675014
:1045C00021701B680BB12046984794F85E30002B91
:1045D000DED084F867300423237063681B68002BE7
:1045E000D6D0022120469847D2E794F860301D06C5
:1045F00003F00F0120460AD501F0B0F8012804D0DD
:1046000002287FF414AF2B4B9AE72B4B98E701F06D
:1046100097F8F3E794F85E30002B7FF408AF94F836
:10462000603013F00F01B3D01A06204602D501F016
:1046300077FBADE701F06AFBAAE794F85E30002B48
:104640007FF4F5AE94F8603013F00F01A0D01B0694
:10465000204602D501F050FB9AE701F043FB97E7B3
:10466000142284F84C2083F311882B462A462946CD
:104670002046FFF76BFE85F31188E9E65DB1152250
:1046800084F84C2083F311880021D4E914232046B8
:10469000FFF75CFEFDE60B2284F84C2083F31188C3
:1046A0002B462A4629462046FFF762FEE3E700BF75
:1046B000806E0008786E00087C6E000838B590F8AF
:1046C0004C300446002B3ED0063BDAB20F2A34D8D9
:1046D0000F2B32D8DFE803F0373131082232313185
:1046E0003131313131313737456DB0F862309D426B
:1046F00014D2C3681B8AB5FBF3F203FB12556DB9E4
:10470000302383F311882B462A462946FFF730FED3
:1047100085F311880A2384F84C300EE0142384F8C2
:104720004C30302383F3118800231A461946204663
:10473000FFF70CFE002383F3118838BD836D03B1AE
:1047400098470023E7E70021204601F0D5FA002131
:10475000204601F0C7FA63681B6813B106212046A2
:1047600098470623D7E7000010B590F84C30142B7B
:10477000044629D017D8062B05D001D81BB110BD8F
:10478000093B022BFBD80021204601F0B5FA00219D
:10479000204601F0A7FA63681B6813B10621204682
:1047A0009847062319E0152BE9D10B2380F84C30EC
:1047B000302383F3118800231A461946FFF7D8FDEA
:1047C000002383F31188DAE7C3689B695B68002BD9
:1047D000D5D1836D03B19847002384F84C30CEE7E0
:1047E00000230375826803691B6899689142FBD2B4
:1047F0005A68036042601060586070470023037578
:10480000826803691B6899689142FBD85A68036003
:10481000426010605860704708B50846302383F343
:1048200011880B7D032B05D0042B0DD02BB983F3FE
:10483000118808BD8B6900221A604FF0FF33836135
:10484000FFF7CEFF0023F2E7D1E9003213605A6090
:10485000F3E70000FFF7C4BF054BD9680875186877
:1048600002681A60536001220275D860FBF752BDDE
:10487000984B002030B50C4BDD684B1C87B00446CC
:104880000FD02B46094A684600F05EF92046FFF734
:10489000E3FF009B13B1684600F060F9A86907B018
:1048A00030BDFFF7D9FFF9E7984B00201948000801
:1048B000044B1A68DB6890689B68984294BF00209C
:1048C00001207047984B0020084B10B51C68D86831
:1048D00022681A60536001222275DC60FFF78EFFA8
:1048E00001462046BDE81040FBF714BD984B002060
:1048F00038B5074C07490848012300252370656037
:1049000001F076FE0223237085F3118838BD00BFC5
:10491000004E0020886E0008984B002008B572B643
:10492000044B186500F048FC00F0F0FC024B032239
:104930001A70FEE7984B0020004E002000F044B9AA
:10494000034A516853685B1A9842FBD8704700BF0E
:10495000001000E08B60022308618B8208467047DC
:104960008368A3F1840243F8142C026943F8442CB1
:10497000426943F8402C094A43F8242CC26843F8A2
:10498000182C022203F80C2C002203F80B2C044AEA
:1049900043F8102CA3F12000704700BF2D0300083E
:1049A000984B002008B5FFF7DBFFBDE80840FFF794
:1049B00051BF0000024BDB6898610F20FFF74CBF2E
:1049C000984B0020302383F31188FFF7F3BF0000DA
:1049D00008B50146302383F311880820FFF74AFF0A
:1049E000002383F3118808BD064BDB6839B14268A8
:1049F00018605A60136043600420FFF73BBF4FF01C
:104A0000FF307047984B00200368984206D01A6820
:104A10000260506099611846FFF71CBF70470000A4
:104A200038B504460D462068844200D138BD03687D
:104A300023605C608561FFF70DFFF4E710B5036844
:104A40009C68A2420CD85C688A600B604C60216054
:104A5000596099688A1A9A604FF0FF33836010BDDD
:104A60001B68121BECE700000A2938BF0A2170B549
:104A700004460D460A26601901F0B4FD01F0A0FDC0
:104A8000041BA54203D8751C2E460446F3E70A2EE4
:104A900004D9BDE87040012001F0EABD70BD0000FE
:104AA000F8B5144B0D46D96103F1100141600A2A93
:104AB0001969826038BF0A22016048601861A8182D
:104AC000144601F081FD0A2701F07AFD431BA34241
:104AD000064606D37C1C281901F084FD274635467E
:104AE000F2E70A2F04D9BDE8F840012001F0C0BD6B
:104AF000F8BD00BF984B0020F8B506460D4601F002
:104B00005FFD0F4A134653F8107F9F4206D12A4695
:104B100001463046BDE8F840FFF7C2BFD169BB6827
:104B2000441A2C1928BF2C46A34202D92946FFF764
:104B30009BFF224631460348BDE8F840FFF77EBFA1
:104B4000984B0020A84B002010B4C0E90323002399
:104B50005DF8044B4361FFF7CFBF000010B5194C5F
:104B6000236998420DD0D0E90032816813605A6001
:104B70009A680A449A60002303604FF0FF33A361F0
:104B800010BD2346026843F8102F536000220260D4
:104B900022699A4203D1BDE8104001F01DBD93681F
:104BA00081680B44936001F00BFD2269E169926812
:104BB000441AA242E4D91144BDE81040091AFFF793
:104BC00053BF00BF984B00202DE9F047DFF8BC80B1
:104BD00008F110072C4ED8F8105001F0F1FCD8F86D
:104BE0001C40AA68031B9A423ED81444D5E90032FF
:104BF0004FF00009C8F81C4013605A60C5F80090D7
:104C0000D8F81030B34201D101F0E6FC89F31188E5
:104C1000D5E9033128469847302383F311886B691F
:104C2000002BD8D001F0CCFC6A69A0EB04094A45FE
:104C300082460DD2022001F01BFD0022D8F8103070
:104C4000B34208D151462846BDE8F047FFF728BFD8
:104C5000121A2244F2E712EB090938BF4A462946E4
:104C60003846FFF7EBFEB5E7D8F81030B34208D06E
:104C70001444211AC8F81C00A960BDE8F047FFF7EA
:104C8000F3BEBDE8F08700BFA84B0020984B002082
:104C900038B501F095FC054AD2E90845031B1819FF
:104CA00045F10001C2E9080138BD00BF984B002062
:104CB00000207047FEE70000704700004FF0FF3013
:104CC0007047000002290CD0032904D001290748AD
:104CD00018BF00207047032A05D8054800EBC20022
:104CE0007047044870470020704700BF606F00089D
:104CF00034230020146F000870B59AB005460846AA
:104D000001A9144600F0C2F801A8FCF78DFD431C70
:104D10005B00C5E900340022237003236370C6B230
:104D200001AB02341046D1B28E4204F1020401D824
:104D30001AB070BD13F8011B04F8021C04F8010C32
:104D40000132F0E708B5302383F311880348FFF7F9
:104D500031FA002383F3118808BD00BF084E0020FC
:104D600090F85C3003F01F02012A07D190F85D2013
:104D70000B2A03D10023C0E9143315E003F06003CC
:104D8000202B08D1B0F860302BB990F85D20212A93
:104D900003D81F2A04D8FFF7EFB9222AEBD0FAE78D
:104DA000034A02650722426583650120704700BF00
:104DB0002B23002007B5052917D8DFE801F01916C5
:104DC00003191920302383F31188104A019001211F
:104DD000FFF796FA01980E4A0221FFF791FA0D4863
:104DE000FFF7B4F9002383F3118803B05DF804FBE7
:104DF000302383F311880748FFF77EF9F2E7302369
:104E000083F311880348FFF795F9EBE7B46E0008C8
:104E1000D86E0008084E002038B50C4D0C4C0D49DA
:104E20002A4604F10800FFF767FF05F1CA0204F102
:104E300010000949FFF760FF05F5CA7204F1180078
:104E40000649BDE83840FFF757BF00BFD0520020E9
:104E500034230020946E00089E6E0008A96E00089E
:104E600070B5044608460D46FCF7DEFCC6B2204687
:104E7000013403780BB9184670BD32462946FCF759
:104E8000BFFC0028F3D10120F6E700002DE9F84F20
:104E900005460C46FCF7C8FC2B49C6B22846FFF76E
:104EA000DFFF08B10336F6B228492846FFF7D8FFDE
:104EB00008B11036F6B2632E0DD8DFF88C80DFF81B
:104EC0008C90234FDFF890A0DFF890B02E7846B991
:104ED0002670BDE8F88F29462046BDE8F84F01F05E
:104EE0001DBF252E2BD1072241462846FCF788FC02
:104EF00058B9DBF800302360DBF804306360BBF89E
:104F00000830238107350A34E0E70822494628465D
:104F1000FCF776FC98B90F4BA21C197809090232EC
:104F2000C95D02F8041C13F8011B01F00F01534581
:104F3000C95D02F8031CF0D118340835C6E704F83F
:104F4000016B0135C2E700BF806F0008A96E000841
:104F5000886F0008107AFF1F1C7AFF1F3A6D000847
:104F6000BFF34F8F024AD368DB03FCD4704700BF06
:104F7000003C024008B5094B1B7873B9FFF7F0FFFE
:104F8000074B1A69002ABFBF064A5A6002F18832ED
:104F90005A601A6822F480621A6008BD2E550020FB
:104FA000003C02402301674508B50B4B1B7893B9C1
:104FB000FFF7D6FF094B1A6942F000421A611A68DE
:104FC00042F480521A601A6822F480521A601A68F9
:104FD00042F480621A6008BD2E550020003C024059
:104FE0000728F0B516D80C4C0C4923787BB90C4D2A
:104FF0000E4608234FF0006255F8047B46F8042B58
:10500000013B13F0FF033A44F6D10123237051F81A
:105010002000F0BD0020FCE7505500203055002056
:105020009C6F0008014B53F8200070479C6F0008EC
:1050300008207047072810B5044601D9002010BD8C
:10504000FFF7CEFF064B53F824301844C21A0BB9B1
:105050000120F4E712680132F0D1043BF6E700BF0B
:105060009C6F0008072810B5044621D8FFF778FF89
:10507000FFF780FF0F4AF323D360C300DBB243F492
:10508000007343F002031361136943F48033136127
:10509000FFF766FFFFF7A4FF074B53F8241000F05B
:1050A00031F9FFF781FF2046BDE81040FFF7C2BF8E
:1050B000002010BD003C02409C6F0008F8B512F0C3
:1050C0000103144642D185182E4A954257D82E4BDB
:1050D0001B6813F0010352D02C4DFFF74BFFF32355
:1050E000EB60FFF73DFF40F20127032C15D824F0B9
:1050F00001046618254C401A40F20117B142236999
:1051000000EB010524D123F001032361FFF74CFFDD
:105110000120F8BD043C0430E7E78307E7D12B69A1
:1051200023F440732B612B693B432B6151F8046BD3
:105130000660BFF34F8FFFF713FF03689E42E9D06D
:105140002B6923F001032B61FFF72EFF0020E0E71E
:1051500023F44073236123693B4323610B882B8035
:10516000BFF34F8FFFF7FCFE2D8831F8023BADB245
:10517000AB42C3D0236923F001032361E4E718465F
:10518000C7E700BF0000080800380240003C0240AA
:10519000084908B50B7828B11BB9FFF7EBFE0123CE
:1051A0000B7008BD002BFCD0BDE808400870FFF76D
:1051B000FBBE00BF2E5500200149024800F0A4B8F4
:1051C00000FF0300000100200846114601F056BD13
:1051D000084601F069BD000038B5EFF311859DB9AF
:1051E000EFF30584C4F30804302334B183F311884A
:1051F000FFF74EFD85F3118838BD83F31188FFF763
:1052000047FD84F3118838BDBDE83840FFF740BD45
:1052100038B5FFF7E1FF114C114AC00840EA417070
:10522000A0FB025EC908A0FB040C1CEB050CA1FB53
:1052300004404FF000035B41A1FB02121CEB040C85
:1052400043EB000011EB0E0142F10002411842F164
:105250000000090941EA007038BD00BFCFF753E3F1
:10526000A59BC42010B50244064BD2B2904200D197
:1052700010BD441C00B253F8200041F8040BE0B20A
:10528000F4E700BF502800400F4B30B51C6F2404DA
:1052900007D41C6F44F400741C671C6F44F4004472
:1052A0001C670A4C236843F4807323600244084B54
:1052B000D2B2904200D130BD441C00B251F8045B20
:1052C00043F82050E0B2F4E700380240007000409C
:1052D0005028004007B5012201A90020FFF7C2FFB6
:1052E000019803B05DF804FB13B50446FFF7F2FF25
:1052F000A04205D0012201A900200194FFF7C4FFBC
:1053000002B010BD704700007047000070470000F9
:10531000074B45F255521A6003225A6040F2FF7261
:105320009A604CF6CC421A60024B01221A70704708
:105330000030004058550020034B1B781BB1034B35
:105340004AF6AA221A6070475855002000300040E3
:10535000034B1A681AB9034AD2F874281A607047C6
:105360005455002000300240024B4FF08072C3F8C9
:10537000742870470030024008B5FFF7E9FF024B80
:105380001868C0F3407008BD5455002008B5FFF7F9
:10539000DFFF024B1868C0F3007008BD54550020B1
:1053A000CAB201460120FFF76FBF0000CAB2014632
:1053B0000120FFF757BF000070470000FEE7000024
:1053C0000A4B0B480B4A90420BD30B4BDA1C121AB8
:1053D000C11E22F003028B4238BF00220021FCF7DD
:1053E0002BBA53F8041B40F8041BECE7A871000823
:1053F000445B0020445B0020445B002070B5D0E992
:105400001B439E6800224FF0FF3504EB421351010D
:10541000D3F800090028BEBFD3F8000940F080404F
:10542000C3F80009D3F8000B0028BEBFD3F8000B67
:1054300040F08040C3F8000B013263189642C3F875
:105440000859C3F8085BE0D24FF00113C4F81C38C8
:1054500070BD0000890141F02001016103699B06D4
:10546000FCD41220FFF76CBA10B5054C2046FEF7AD
:1054700023FF4FF0A043E366024B236710BD00BF3C
:105480005C550020E06F000870B50378012B0546DD
:1054900050D12A4BC46E98421BD1294B5A6B42F013
:1054A00080025A635A6D42F080025A655A6D5A69F9
:1054B00042F080025A615A6922F080025A610E213C
:1054C00043205B69FEF7C2FC1E4BE3601E4BC4F831
:1054D00000380023C4F8003EC0232360EE6E4FF472
:1054E0000413A3633369002BFCDA012333610C201E
:1054F000FFF726FA3369DB07FCD41220FFF720FA06
:105500003369002BFCDA0026A6602846FFF776FFF9
:105510006B68C4F81068DB68C4F81468C4F81C68C9
:105520004BB90A4BA3614FF0FF336361A36843F0AB
:105530000103A36070BD064BF4E700BF5C5500207B
:10554000003802404014004003002002003C30C0FC
:10555000083C30C0F8B5C46E054600212046FFF770
:1055600079FF296F00234FF001128F68C4F8343897
:105570004FF00066C4F81C284FF0FF3004EB4312D4
:1055800001339F42C2F80069C2F8006BC2F80809F3
:10559000C2F8080BF2D20B68EA6E6B6763621023E5
:1055A0001361166916F01006FBD11220FFF7C8F937
:1055B000D4F8003823F4FE63C4F80038A36943F438
:1055C000402343F01003A3610923C4F81038C4F842
:1055D00014380A4BEB604FF0C043C4F8103B084B43
:1055E000C4F8003BC4F81069C4F800396B6F03F1CC
:1055F000100243F480136A67A362F8BDBC6F000811
:1056000040800010C26E90F86610D2F8003823F483
:10561000FE6343EA0113C2F8003870472DE9F843EE
:1056200000EB8103C56EDA68166806F00306731E88
:10563000022B05EB41130C4680460FFA81F94FEA25
:1056400041104FF00001C3F8101B4FF0010104F1AD
:10565000100398BFB60401FA03F391698EBF334E6D
:1056600006F1805606F5004600293AD0578A04F123
:105670005801490137436F50D5F81C180B43C5F842
:105680001C382B180021C3F8101953690127611E1B
:10569000A7409BB3138A928B9B08012A88BF534370
:1056A000D8F87420981842EA034301F1400205EB50
:1056B0008202C8F87400214653602846FFF7CAFEEC
:1056C00008EB8900C3681B8A43EA845348346401A9
:1056D0001E432E51D5F81C381F43C5F81C78BDE871
:1056E000F88305EB4917D7F8001B21F40041C7F8F0
:1056F000001BD5F81C1821EA0303C0E704F13F039F
:1057000005EB83030A4A5A6028462146FFF7A2FEAA
:1057100005EB4910D0F8003923F40043C0F80039F4
:10572000D5F81C3823EA0707D7E700BF0080001030
:1057300000040002026F12684267FFF75FBE0000BC
:105740005831C36E49015B5813F4004004D013F480
:10575000001F0CBF02200120704700004831C36EBB
:1057600049015B5813F4004004D013F4001F0CBF30
:10577000022001207047000000EB8101CB68196A0C
:105780000B6813604B6853607047000000EB8103A7
:1057900030B5DD68AA691368D36019B9402B84BF9E
:1057A000402313606B8A1468C26E1C44013CB4FB36
:1057B000F3F46343033323F0030302EB411043EAA2
:1057C000C44343F0C043C0F8103B2B6803F003030D
:1057D000012B09B20ED1D2F8083802EB411013F4B4
:1057E000807FD0F8003B14BF43F0805343F0005358
:1057F000C0F8003B02EB4112D2F8003B43F00443F7
:10580000C2F8003B30BD00002DE9F041244DEE6EA2
:1058100006EB40130446D3F8087BC3F8087B38072F
:105820000AD5D6F81438190706D505EB84032146A6
:10583000DB6828465B689847FA071FD5D6F8143806
:10584000DB071BD505EB8403D968CCB98B69488A83
:105850005A68B2FBF0F600FB16228AB91868DA68BB
:1058600090420DD2121AC3E90024302383F3118829
:105870000B482146FFF78AFF84F31188BDE8F081C9
:10588000012303FA04F26B8923EA02036B81CB68DC
:10589000002BF3D021460248BDE8F041184700BF75
:1058A0005C55002000EB810370B5DD68C36E6C6948
:1058B0002668E6604A0156BB1A444FF40020C2F83D
:1058C00010092A6802F00302012A0AB20ED1D3F8A5
:1058D000080803EB421410F4807FD4F8000914BFC9
:1058E00040F0805040F00050C4F8000903EB421231
:1058F000D2F8000940F00440C2F80009D3F8340897
:10590000012202FA01F10143C3F8341870BD19B93C
:10591000402E84BF4020206020682E8A8419013CDC
:10592000B4FBF6F440EAC44040F000501A44C6E725
:105930002DE9F8433B4DEE6E06EB40130446D3F8D9
:105940000889C3F8088918F0010F4FEA40171AD0E8
:10595000D6F81038DB0716D505EB8003D9684B69FC
:105960001868DA68904230D2121A4FF000091A60B3
:10597000C3F80490302383F3118821462846FFF7AB
:1059800091FF89F3118818F0800F1CD0D6F83438B5
:105990000126A640334216D005EB8403ED6ED3F802
:1059A0000CC0DCF814200134E4B2D2F800E005EBBE
:1059B00004342F445168714515D3D5F8343823EA9F
:1059C0000606C5F83468BDE8F883012303FA04F23B
:1059D0002B8923EA02032B818B68002BD3D021462D
:1059E00028469847CFE7BCF81000AEEB010383428E
:1059F00028BF0346D7F8180980B2B3EB800FE2D86E
:105A00009068A0F1040959F8048FC4F80080A0EB55
:105A100009089844B8F1040FF5D818440B44906075
:105A20005360C7E75C5500202DE9F74FAC4CE56E9D
:105A30006E69AB691E4016F480586E6107D020462F
:105A4000FEF7A8FC03B0BDE8F04FFEF7D5B9002E75
:105A500012DAD5F8003EA2489B071EBFD5F8003EDB
:105A600023F00303C5F8003ED5F8043823F0010302
:105A7000C5F80438FEF7BAFC370505D59848FFF796
:105A8000BDFC9748FEF7A0FCB0040CD5D5F808384B
:105A900013F0060FEB6823F470530CBF43F410535C
:105AA00043F4A053EB6031071BD56368DB681BB977
:105AB000AB6923F00803AB612378052B0CD1D5F833
:105AC000003E87489A071EBFD5F8003E23F0030327
:105AD000C5F8003EFEF78AFC6368DB680BB18048BE
:105AE0009847F30200F18980B70227D5D4F86C906B
:105AF000DFF8ECB100274FF0010A09EB4712D2F8AA
:105B0000003B03F44023B3F5802F11D1D2F8003BC2
:105B1000002B0DDA62890AFA07F322EA0303638194
:105B200004EB8703DB68DB6813B1394658469847B6
:105B3000236F01379B68FFB29F42DED9F00617D56D
:105B4000E76E3A6AC2F30A1002F00F0302F4F01291
:105B5000B2F5802F00F09980B2F5402F08D104EB08
:105B600083030022DB681B6A07F5805790427ED1D1
:105B70003303D5F818481DD5E70302D50020FFF7F9
:105B800043FEA50302D50120FFF73EFE600302D5C8
:105B90000220FFF739FE210302D50320FFF734FE70
:105BA000E20202D50420FFF72FFEA30202D5052052
:105BB000FFF72AFE77037FF545AFE60702D5002001
:105BC000FFF7B6FEA50702D50120FFF7B1FE60077B
:105BD00002D50220FFF7ACFE210702D50320FFF714
:105BE000A7FEE20602D50420FFF7A2FEA3067FF57A
:105BF00029AF0520FFF79CFE24E7E36EDFF8E0A065
:105C0000019300274FF00109236F9B685FFA87FB20
:105C10009B453FF669AF019B03EB4B13D3F800198B
:105C200001F44021B1F5802F1FD1D3F800190029CC
:105C30001BDAD3F8001941F09041C3F80019D3F8EA
:105C400000190029FBDB5946E06EFFF703FC2189B0
:105C500009FA0BF321EA0303238104EB8B03DB68CE
:105C60009B6813B15946504698470137CCE79107D6
:105C700008BFD7F80080072A98BF03F8018B02F10C
:105C8000010298BF4FEA182870E7023304EB830241
:105C900007F580575268D2F818C0DCF80820DCE914
:105CA000001CA1EB0C0C002188420AD104EB8304F8
:105CB00063689B699A6802449A605A6802445A6011
:105CC00056E711F0030F08BFD7F800808C4588BF56
:105CD00002F8018B01F1010188BF4FEA1828E3E7C0
:105CE0005C550020C36E03EB4111D1F8003B43F437
:105CF0000013C1F8003B7047C36E03EB4111D1F8AC
:105D0000003943F40013C1F800397047C36E03EB48
:105D10004111D1F8003B23F40013C1F8003B704758
:105D2000C36E03EB4111D1F8003923F40013C1F81D
:105D300000397047026843681143016003B1184796
:105D400070470000024AD36843F0C003D360704735
:105D500000100140024AD36843F0C003D36070478B
:105D60000044004010B50A4C0A4A20460021FEF7C4
:105D7000BBF8094B094AC4E99723094C094A002199
:105D80002046FEF7B1F80849084BC4E9971310BD47
:105D9000EC550020455D000880F0FA02001001403B
:105DA00058580020555D00080044004040787D01AF
:105DB0002A4A037C002918BF0A46012B30B5C0F8D7
:105DC00068220CD1264B984239D1264B596C41F0B0
:105DD00010015964596E41F0100159665B6EB2F9B9
:105DE00004501468D0F86032D0F85C12002D03EB38
:105DF0005403B3FBF4F3BEBF23F0070503F007031E
:105E000043EA450394888B60D38843F040030B61D9
:105E1000138943F001034B6144F4045343F02C0312
:105E2000CB6004F4A05400230B60B4F5806F0B68C2
:105E30004B680CBF7F23FF2380F8643230BD0A4BD0
:105E40009842CCD1074B196C41F400311964196E9A
:105E500041F4003119661B6EC1E700BFEC6F00080A
:105E6000EC55002000380240585800202DE9F04140
:105E7000D0F85C62F7683368DA0504469DB20DD548
:105E8000302383F311884FF480610430FFF752FF11
:105E90006FF480733360002383F31188302383F31E
:105EA000118804F1040815F02F033AD183F3118807
:105EB000380615D5290613D5302383F3118804F14C
:105EC000380000F02FFB00284EDA0821201DFFF7D4
:105ED00031FF4FF67F733B40F360002383F311885B
:105EE0007A0616D56B0614D5302383F31188D4E9CE
:105EF00013239A420AD1236C43B127F040073F0491
:105F00001021201D3F0CFFF715FFF760002383F3DE
:105F10001188D4F86822D36843B3BDE8F041106912
:105F200018472B0714D015F0080F0CBF00214FF4B1
:105F30008071E80748BF41F02001AA0748BF41F03F
:105F400040016B0748BF41F080014046FFF7F2FE79
:105F5000AD06736805D594F8641220461940FDF724
:105F6000F3FF3568ADB29EE77060B6E7BDE8F0813B
:105F700030B5039C0172043304FB0325C0E90653CA
:105F8000049B03630021059BC160C0E90000C0E9D8
:105F90000422C0E90842C0E90A11436330BD000091
:105FA000416A0022C0E90411C0E90A22C2606FF010
:105FB0000101FEF735BD0000D0E90432934201D162
:105FC000C2680AB9181D704700207047036919603C
:105FD000C2680132C260C26913448269036193429C
:105FE00024BF436A03610021FEF70EBD38B50446A5
:105FF0000D46E3683BB16269131D1268A362134446
:10600000E362002007E0237A33B929462046FEF7F1
:10601000EBFC0028EDDA38BD6FF00100FBE7000073
:10602000C368C269013BC360436913448269436129
:10603000934224BF436A436100238362036B03B12D
:106040001847704770B53023044683F31188866A79
:106050003EB9FFF7CBFF054618B186F311882846F5
:1060600070BDA36AE26A13F8015BA362934202D394
:106070002046FFF7D5FF002383F31188EFE70000E8
:106080002DE9F84F04460E46174698464FF0300962
:1060900089F311880025AA46D4F828B0BBF1000F77
:1060A00009D141462046FFF7A1FF20B18BF31188AB
:1060B0002846BDE8F88FD4E90A12A7EB050B521A5F
:1060C000934528BF9346BBF1400F1BD9334601F1DE
:1060D000400251F8040B43F8040B9142F9D1A36A32
:1060E00040334036A3624035D4E90A239A4202D3B2
:1060F0002046FFF795FF8AF31188BD42D8D289F375
:106100001188C9E730465A46FBF770FBA36A5B4427
:106110005E44A3625D44E7E710B5029C017204335C
:1061200003FB0421C0E906130023C0E90A33039BE3
:106130000363049BC460C0E90000C0E90422C0E915
:106140000842436310BD0000026AC260426AC0E9AF
:1061500004220022C0E90A226FF00101FEF760BCB0
:10616000D0E904239A4201D1C26822B9184650F8F6
:10617000043B0B60704700231846FAE7C368C26906
:106180000133C3604369134482694361934224BF6E
:10619000436A43610021FEF737BC000038B504466E
:1061A0000D46E3683BB123691A1DA262E2691344FC
:1061B000E362002007E0237A33B929462046FEF740
:1061C00013FC0028EDDA38BD6FF00100FBE700009A
:1061D00003691960C268013AC260C26913448269E6
:1061E0000361934224BF436A036100238362036B0C
:1061F00003B118477047000070B530230D460446C0
:10620000114683F31188866A2EB9FFF7C7FF10B1D4
:1062100086F3118870BDA36A1D70A36AE26A013318
:106220009342A36204D3E16920460439FFF7D0FF0B
:10623000002080F31188EDE72DE9F84F04460D4664
:10624000904699464FF0300A8AF311880026B346EB
:10625000A76A4FB949462046FFF7A0FF20B187F350
:1062600011883046BDE8F88FD4E90A073A1AA8EB3E
:106270000607974228BF1746402F1BD905F1400358
:1062800055F8042B40F8042B9D42F9D1A36A403302
:10629000A3624036D4E90A239A4204D3E169204636
:1062A0000439FFF795FF8BF311884645D9D28AF35D
:1062B0001188CDE729463A46FBF798FAA36A3B4492
:1062C0003D44A3623E44E5E7D0E904239A4217D156
:1062D000C3689BB1836A8BB1043B9B1A0ED01360D9
:1062E000C368013BC360C3691A44836902619A426F
:1062F00024BF436A03610023836201231846704769
:106300000023FBE7F8B5154682680669AA420B46EA
:10631000816938BF8568761AB54204460BD21846A3
:106320002A46FBF763FAA3692B44A361A3685B1BAE
:10633000A3602846F8BD0CD918463246FBF756FA3A
:10634000AF1BE1683A463044FBF750FAE3683B4440
:10635000EBE718462A46FBF749FAE368E5E7000051
:1063600083689342F7B51546044638BF8568D0E97F
:106370000460361AB5420BD22A46FBF737FA636936
:106380002B446361A36828465B1BA36003B0F0BD88
:106390000DD932460191FBF729FA0199E068AF1B4C
:1063A0003A463144FBF722FAE3683B44E9E72A46E0
:1063B000FBF71CFAE368E4E710B50A440024C36164
:1063C000029B8460C0E90000C0E90511C160026160
:1063D000036210BD08B5D0E90532934201D182684D
:1063E00082B98268013282605A1C42611970D0E918
:1063F00004329A4224BFC36843610021FEF704FBC4
:10640000002008BD4FF0FF30FBE7000070B53023DF
:1064100004460E4683F31188A568A5B1A368A26956
:10642000013BA360531CA36115782269934224BFEA
:10643000E368A361E3690BB120469847002383F327
:106440001188284607E031462046FEF7CDFA00289D
:10645000E2DA85F3118870BD2DE9F74F04460E4648
:1064600017469846D0F81C904FF0300A8AF31188EE
:106470004FF0000B154665B12A4631462046FFF71E
:1064800041FF034660B941462046FEF7ADFA0028B9
:10649000F1D0002383F31188781B03B0BDE8F08F9F
:1064A000B9F1000F03D001902046C847019B8BF340
:1064B0001188ED1A1E448AF31188DCE7C0E9051142
:1064C000C160C3611144009B8260C0E900000161AA
:1064D00003627047F8B504460D461646302383F331
:1064E0001188A768A7B1A368013BA36063695A1C20
:1064F00062611D70D4E904329A4224BFE36863618B
:10650000E3690BB120469847002080F3118807E02B
:1065100031462046FEF768FA0028E2DA87F3118850
:10652000F8BD0000D0E905239A4210B501D1826878
:106530007AB98268013282605A1C82611C780369D0
:106540009A4224BFC36883610021FEF75DFA2046AA
:1065500010BD4FF0FF30FBE72DE9F74F04460E4624
:1065600017469846D0F81C904FF0300A8AF31188ED
:106570004FF0000B154665B12A4631462046FFF71D
:10658000EFFE034660B941462046FEF72DFA00288B
:10659000F1D0002383F31188781B03B0BDE8F08F9E
:1065A000B9F1000F03D001902046C847019B8BF33F
:1065B0001188ED1A1E448AF31188DCE700F01AB93D
:1065C0004FF08043586A70474FF080430022586371
:1065D0001A610222DA6070474FF080430022DA60CD
:1065E000704700004FF0804358637047FEE700009B
:1065F00070B51B4B01630025044686B05860856268
:106600000E46FDF7D5FB04F11003C4E904334FF047
:10661000FF33C4E90635C4E90044A560E562FFF72D
:10662000CFFF2B460246C4E9082304F134010D4A8A
:10663000256580232046FEF78DF90123E0600A4A94
:106640000375009272680192B268CDE90223074B8C
:106650006846CDE90435FEF7A5F906B070BD00BF68
:10666000004E00200070000805700008ED6500086D
:10667000024AD36A1843D062704700BF984B00208B
:106680004B6843608B688360CB68C3600B69436170
:106690004B6903628B6943620B68036070470000BB
:1066A00010B594B0132101A8FEF780FE9DF84F208D
:1066B000424B002A44D01A6C42F080521A64404A7D
:1066C0001B6C136843F4807313600024132101A82A
:1066D0008DF84F40FEF764FE72B64FF0E0234FF0A6
:1066E000FF321C615C619C61A30003F1604303F510
:1066F00061430134082CC3F88020C3F88021F3D112
:1067000062B62E4B5A6C42F480425A642D4A5B6C3E
:10671000136823F0030343F0010313602A4A2B4B51
:106720009360BFF34F8FBFF36F8F1A6882F30888AF
:10673000002282F31488BFF36F8F5B689847FEE7EF
:106740001A692349234842F0FF021A611A6922F0AC
:10675000FF021A611A691A6B42F0FF021A631A6D7E
:1067600042F0FF021A651B6DFFF78AFF1C3100F52E
:106770008060FFF785FF1C3100F58060FFF780FF28
:106780001C3100F58060FFF77BFF1C3100F5806055
:10679000FFF776FF1C3100F58060FFF771FF1C31B9
:1067A00000F58060FFF76CFF1C3100F58060FFF79B
:1067B00067FF14B0BDE8104000F096B80038024002
:1067C000007000400038014000ED00E00000FF1FB5
:1067D0000C7000080000024008B500F029FAFEF72E
:1067E00087F8FEF7B5FDBDE80840FEF715BB0000D1
:1067F000704700000F4B1A6C42F001021A641A6EC7
:1068000042F001021A660C4A1B6E936843F00103C2
:1068100093604FF0804331229A624FF0FF32DA6288
:1068200000229A615A63DA605A6001225A611A6042
:10683000704700BF00380240002004E04FF0804263
:1068400008B51169D3680B40D9B2C9439B071161E0
:1068500007D5302383F31188FEF770F8002383F304
:10686000118808BD1E4B1A6962F0FF021A611A698D
:10687000D2B21A614FF0FF301A695A69586100218B
:106880005A6959615A691A6A62F080521A621A6A20
:1068900002F080521A621A6A5A6A58625A6A596237
:1068A0005A6A1A6C42F080521A641A6E42F0805290
:1068B0001A661A6E0B4A106840F480701060186FE8
:1068C00000F44070B0F5007F1EBF4FF480301867B1
:1068D0001967536823F40073536000F07DB900BF5B
:1068E00000380240007000403B4B3C4A1A643C4A6E
:1068F0004FF4404111601A6842F001021A601A68B0
:106900009007FCD59A6822F003029A60324B9A688D
:1069100012F00C02FBD1196801F0F90119609A60BC
:106920001A6842F480321A601A689103FCD55A6FD3
:1069300042F001025A67284B5A6F9207FCD5294A48
:106940005A601A6842F080721A60254A53685804E7
:10695000FCD5214B1A689101FCD5234AC3F8842049
:106960001A6842F080621A601A681201FCD51F4A48
:106970009A600322C3F88C204FF00062C3F8942081
:106980001B4B1A681B4B9A421B4B21D11B4A1168A7
:106990001B4A91421CD140F203121A60164A136836
:1069A00003F00F03032BFAD10B4B9A6842F002025B
:1069B0009A609A6802F00C02082AFAD15A6C42F4E2
:1069C00080425A645A6E42F480425A665B6E704747
:1069D00040F20372E1E700BF0038024000040010FB
:1069E00000700040081940021030002400948838DC
:1069F000002004E011640020003C024000ED00E0B3
:106A000041C20F41074A08B5536903F001035361BE
:106A100023B1054A13680BB150689847BDE8084098
:106A2000FDF7EAB9003C0140C45A0020074A08B506
:106A3000536903F00203536123B1054A93680BB114
:106A4000D0689847BDE80840FDF7D6B9003C014042
:106A5000C45A0020074A08B5536903F00403536180
:106A600023B1054A13690BB150699847BDE8084046
:106A7000FDF7C2B9003C0140C45A0020074A08B5DE
:106A8000536903F00803536123B1054A93690BB1BD
:106A9000D0699847BDE80840FDF7AEB9003C014019
:106AA000C45A0020074A08B5536903F01003536124
:106AB00023B1054A136A0BB1506A9847BDE80840F4
:106AC000FDF79AB9003C0140C45A0020164B10B59E
:106AD0005C6904F478725A61A30604D5134A936A78
:106AE0000BB1D06A9847600604D5104A136B0BB1FE
:106AF000506B9847210604D50C4A936B0BB1D06BB1
:106B00009847E20504D5094A136C0BB1506C9847BD
:106B1000A30504D5054A936C0BB1D06C9847BDE82A
:106B20001040FDF769B900BF003C0140C45A002085
:106B3000194B10B55C6904F47C425A61620504D5B6
:106B4000164A136D0BB1506D9847230504D5134AAF
:106B5000936D0BB1D06D9847E00404D50F4A136EC6
:106B60000BB1506E9847A10404D50C4A936E0BB13B
:106B7000D06E9847620404D5084A136F0BB1506F6A
:106B80009847230404D5054A936F0BB1D06F9847FB
:106B9000BDE81040FDF730B9003C0140C45A002068
:106BA00008B50348FFF762F9BDE80840FDF724B9CE
:106BB000EC55002008B50348FFF758F9BDE8084038
:106BC000FDF71AB95858002008B5FFF737FEBDE8A1
:106BD0000840FDF711B90000062108B50846FDF789
:106BE00035F906210720FDF731F906210820FDF7C8
:106BF0002DF906210920FDF729F906210A20FDF7C4
:106C000025F906211720FDF721F906212820FDF797
:106C10001DF907211C20FDF719F90C212520FDF78E
:106C200015F9BDE808400C212620FDF70FB900003A
:106C300008B5FFF717FE00F00DF8FDF753F9FDF763
:106C400039FBFDF711FAFFF7D3FDBDE80840FFF768
:106C5000B5BC00000023054A19460133102BC2E9D8
:106C6000001102F10802F8D1704700BFC45A002099
:106C70000B460146184600F009B80000024B0A46D0
:106C800001461868FEF7A0BA5423002010B5054C41
:106C900013462CB10A4601460220AFF3008010BD16
:106CA0002046FCE700000000024B01461868FEF792
:106CB0008FBA00BF5423002010B50139024490421E
:106CC00001D1002005E0037811F8014FA34201D063
:106CD000181B10BD0130F2E72DE9F041A3B1C91A2C
:106CE00017780144044603F1FF3C8C42204601D949
:106CF000002009E00578BD4204F10104F5D10CEB58
:106D00000405D618A54201D1BDE8F08115F8018D22
:106D100016F801EDF045F5D0E7E70000034611F85D
:106D2000012B03F8012B002AF9D170476F72672EEF
:106D30006172647570696C6F742E41502D52544BA2
:106D40005F4735480000000053544D3332463F3F03
:106D50003F0053544D3332463430780053544D3352
:106D600032463432780053544D3332463434365838
:106D700058000000012033000010410001105A00AB
:106D8000031059000710310000000000486D000892
:106D900013040000526D0008190400005C6D000827
:106DA00021040000666D000840A2E4F164689106C9
:106DB0000041A3E5F265699207000000426164208A
:106DC00043414E496661636520696E6465782E00B3
:106DD0008000000000800000000080000000000033
:106DE00000000000E5210008292A00088529000884
:106DF00025220008312200083D240008F521000862
:106E000005220008F921000801220008FD210008E0
:106E10005923000809220008592D0008FD2C0008FC
:106E2000192200082D23000800000000A53E0008DC
:106E3000913E0008CD3E0008B93E0008C53E00085E
:106E4000B13E00089D3E0008893E0008D93E00087A
:106E500000000000E53F0008D13F00080D40000899
:106E6000F93F000805400008F13F0008DD3F000839
:106E7000C93F0008194000080000000001000000A0
:106E80000000000063300000846E0008F04B00201A
:106E9000004E00204172647550696C6F7400254289
:106EA0004F415244252D424C002553455249414CF7
:106EB0002500000002000000000000000142000860
:106EC0006D42000840004000A0520020B052002057
:106ED00002000000000000000300000000000000AD
:106EE000B14200080000000010000000C052002065
:106EF0000000000001000000000000005C550020C0
:106F000001010200B54D0008C54C0008614D0008A4
:106F1000454D0008430000001C6F000809024300B3
:106F2000020100C032090400000102020100052430
:106F300000100105240100010424020205240600BA
:106F400001070582030800FF09040100020A00008E
:106F50000007050102400000070581024000000013
:106F600012000000686F00081201100102000040CA
:106F70000912415700020102030100000403090441
:106F800025424F41524425003031323334353637B3
:106F900038394142434445460000000000400000AB
:106FA0000040000000400000004000000000010020
:106FB00000000200000002000000020000000000CB
:106FC00005440008BD46000869470008400040002D
:106FD000D4550020D455002001000000E4550020C5
:106FE0008000000040010000050000000096000045
:106FF0000000000000000000000000000000000091
:107000006D61696E0069646C65000000A000002875
:1070100000000000AAAAAAAA50000024FFFF000056
:10702000007700000000000001A00A00000000003E
:10703000AAAAAAAA80500000FEFF00000000007764
:10704000880000000000000000000000AAAAAAAA10
:1070500000000000FFFF0000000000000000000032
:107060000000000000000000AAAAAAAA0000000078
:10707000FFFF000000000000000000000000000012
:1070800000000000AAAAAAAA00000000FFFF00005A
:1070900000000000000000000000000000000000F0
:1070A000AAAAAAAA00000000FFFF0000000000003A
:1070B000000000000000000000000000AAAAAAAA28
:1070C00000000000FFFF00000000000000000000C2
:1070D00000000000000000000A00000000000000A6
:1070E000030000000000000000000000000000009D
:1070F0003E18000000000000000007000000000033
:1071000040420F00FE2A0100D2040000FF000000F0
:10711000084E0020009600000000080096000000C5
:1071200000080000040000007C6F00080000000060
:10713000000000000000000000000000000000004F
:1071400000000000582300200000000000000000A4
:10715000000000000000000000000000000000002F
:10716000000000000000000000000000000000001F
:10717000000000000000000000000000000000000F
:1071800000000000000000000000000000000000FF
:1071900000000000000000000000000000000000EF
:1071A0000000000000000000FFFFFFFFFFFFFFFFE7
:1071B000FFFFFFFFFFFFFFFFFFFFFFFFFFFFFFFFDF
:1071C000FFFFFFFFFFFFFFFFFFFFFFFFFFFFFFFFCF
:1071D000FFFFFFFFFFFFFFFFFFFFFFFFFFFFFFFFBF
:1071E000FFFFFFFFFFFFFFFFFFFFFFFFFFFFFFFFAF
:1071F000FFFFFFFFFFFFFFFFFFFFFFFFFFFFFFFF9F
:10720000FFFFFFFFFFFFFFFFFFFFFFFFFFFFFFFF8E
:10721000FFFFFFFFFFFFFFFFFFFFFFFFFFFFFFFF7E
:10722000FFFFFFFFFFFFFFFFFFFFFFFFFFFFFFFF6E
:10723000FFFFFFFFFFFFFFFFFFFFFFFFFFFFFFFF5E
:10724000FFFFFFFFFFFFFFFFFFFFFFFFFFFFFFFF4E
:10725000FFFFFFFFFFFFFFFFFFFFFFFFFFFFFFFF3E
:10726000FFFFFFFFFFFFFFFFFFFFFFFFFFFFFFFF2E
:10727000FFFFFFFFFFFFFFFFFFFFFFFFFFFFFFFF1E
:10728000FFFFFFFFFFFFFFFFFFFFFFFFFFFFFFFF0E
:10729000FFFFFFFFFFFFFFFFFFFFFFFFFFFFFFFFFE
:1072A000FFFFFFFFFFFFFFFFFFFFFFFFFFFFFFFFEE
:1072B000FFFFFFFFFFFFFFFFFFFFFFFFFFFFFFFFDE
:1072C000FFFFFFFFFFFFFFFFFFFFFFFFFFFFFFFFCE
:1072D000FFFFFFFFFFFFFFFFFFFFFFFFFFFFFFFFBE
:1072E000FFFFFFFFFFFFFFFFFFFFFFFFFFFFFFFFAE
:1072F000FFFFFFFFFFFFFFFFFFFFFFFFFFFFFFFF9E
:10730000FFFFFFFFFFFFFFFFFFFFFFFFFFFFFFFF8D
:10731000FFFFFFFFFFFFFFFFFFFFFFFFFFFFFFFF7D
:10732000FFFFFFFFFFFFFFFFFFFFFFFFFFFFFFFF6D
:10733000FFFFFFFFFFFFFFFFFFFFFFFFFFFFFFFF5D
:10734000FFFFFFFFFFFFFFFFFFFFFFFFFFFFFFFF4D
:10735000FFFFFFFFFFFFFFFFFFFFFFFFFFFFFFFF3D
:10736000FFFFFFFFFFFFFFFFFFFFFFFFFFFFFFFF2D
:10737000FFFFFFFFFFFFFFFFFFFFFFFFFFFFFFFF1D
:10738000FFFFFFFFFFFFFFFFFFFFFFFFFFFFFFFF0D
:10739000FFFFFFFFFFFFFFFFFFFFFFFFFFFFFFFFFD
:1073A000FFFFFFFFFFFFFFFFFFFFFFFFFFFFFFFFED
:1073B000FFFFFFFFFFFFFFFFFFFFFFFFFFFFFFFFDD
:1073C000FFFFFFFFFFFFFFFFFFFFFFFFFFFFFFFFCD
:1073D000FFFFFFFFFFFFFFFFFFFFFFFFFFFFFFFFBD
:1073E000FFFFFFFFFFFFFFFFFFFFFFFFFFFFFFFFAD
:1073F000FFFFFFFFFFFFFFFFFFFFFFFFFFFFFFFF9D
:10740000FFFFFFFFFFFFFFFFFFFFFFFFFFFFFFFF8C
:10741000FFFFFFFFFFFFFFFFFFFFFFFFFFFFFFFF7C
:10742000FFFFFFFFFFFFFFFFFFFFFFFFFFFFFFFF6C
:10743000FFFFFFFFFFFFFFFFFFFFFFFFFFFFFFFF5C
:10744000FFFFFFFFFFFFFFFFFFFFFFFFFFFFFFFF4C
:10745000FFFFFFFFFFFFFFFFFFFFFFFFFFFFFFFF3C
:10746000FFFFFFFFFFFFFFFFFFFFFFFFFFFFFFFF2C
:10747000FFFFFFFFFFFFFFFFFFFFFFFFFFFFFFFF1C
:10748000FFFFFFFFFFFFFFFFFFFFFFFFFFFFFFFF0C
:10749000FFFFFFFFFFFFFFFFFFFFFFFFFFFFFFFFFC
:1074A000FFFFFFFFFFFFFFFFFFFFFFFFFFFFFFFFEC
:1074B000FFFFFFFFFFFFFFFFFFFFFFFFFFFFFFFFDC
:1074C000FFFFFFFFFFFFFFFFFFFFFFFFFFFFFFFFCC
:1074D000FFFFFFFFFFFFFFFFFFFFFFFFFFFFFFFFBC
:1074E000FFFFFFFFFFFFFFFFFFFFFFFFFFFFFFFFAC
:1074F000FFFFFFFFFFFFFFFFFFFFFFFFFFFFFFFF9C
:10750000FFFFFFFFFFFFFFFFFFFFFFFFFFFFFFFF8B
:10751000FFFFFFFFFFFFFFFFFFFFFFFFFFFFFFFF7B
:10752000FFFFFFFFFFFFFFFFFFFFFFFFFFFFFFFF6B
:10753000FFFFFFFFFFFFFFFFFFFFFFFFFFFFFFFF5B
:10754000FFFFFFFFFFFFFFFFFFFFFFFFFFFFFFFF4B
:10755000FFFFFFFFFFFFFFFFFFFFFFFFFFFFFFFF3B
:10756000FFFFFFFFFFFFFFFFFFFFFFFFFFFFFFFF2B
:10757000FFFFFFFFFFFFFFFFFFFFFFFFFFFFFFFF1B
:10758000FFFFFFFFFFFFFFFFFFFFFFFFFFFFFFFF0B
:10759000FFFFFFFFFFFFFFFFFFFFFFFFFFFFFFFFFB
:1075A000FFFFFFFFFFFFFFFFFFFFFFFFFFFFFFFFEB
:1075B000FFFFFFFFFFFFFFFFFFFFFFFFFFFFFFFFDB
:1075C000FFFFFFFFFFFFFFFFFFFFFFFFFFFFFFFFCB
:1075D000FFFFFFFFFFFFFFFFFFFFFFFFFFFFFFFFBB
:1075E000FFFFFFFFFFFFFFFFFFFFFFFFFFFFFFFFAB
:1075F000FFFFFFFFFFFFFFFFFFFFFFFFFFFFFFFF9B
:10760000FFFFFFFFFFFFFFFFFFFFFFFFFFFFFFFF8A
:10761000FFFFFFFFFFFFFFFFFFFFFFFFFFFFFFFF7A
:10762000FFFFFFFFFFFFFFFFFFFFFFFFFFFFFFFF6A
:10763000FFFFFFFFFFFFFFFFFFFFFFFFFFFFFFFF5A
:10764000FFFFFFFFFFFFFFFFFFFFFFFFFFFFFFFF4A
:10765000FFFFFFFFFFFFFFFFFFFFFFFFFFFFFFFF3A
:10766000FFFFFFFFFFFFFFFFFFFFFFFFFFFFFFFF2A
:10767000FFFFFFFFFFFFFFFFFFFFFFFFFFFFFFFF1A
:10768000FFFFFFFFFFFFFFFFFFFFFFFFFFFFFFFF0A
:10769000FFFFFFFFFFFFFFFFFFFFFFFFFFFFFFFFFA
:1076A000FFFFFFFFFFFFFFFFFFFFFFFFFFFFFFFFEA
:1076B000FFFFFFFFFFFFFFFFFFFFFFFFFFFFFFFFDA
:1076C000FFFFFFFFFFFFFFFFFFFFFFFFFFFFFFFFCA
:1076D000FFFFFFFFFFFFFFFFFFFFFFFFFFFFFFFFBA
:1076E000FFFFFFFFFFFFFFFFFFFFFFFFFFFFFFFFAA
:1076F000FFFFFFFFFFFFFFFFFFFFFFFFFFFFFFFF9A
:10770000FFFFFFFFFFFFFFFFFFFFFFFFFFFFFFFF89
:10771000FFFFFFFFFFFFFFFFFFFFFFFFFFFFFFFF79
:10772000FFFFFFFFFFFFFFFFFFFFFFFFFFFFFFFF69
:10773000FFFFFFFFFFFFFFFFFFFFFFFFFFFFFFFF59
:10774000FFFFFFFFFFFFFFFFFFFFFFFFFFFFFFFF49
:10775000FFFFFFFFFFFFFFFFFFFFFFFFFFFFFFFF39
:10776000FFFFFFFFFFFFFFFFFFFFFFFFFFFFFFFF29
:10777000FFFFFFFFFFFFFFFFFFFFFFFFFFFFFFFF19
:10778000FFFFFFFFFFFFFFFFFFFFFFFFFFFFFFFF09
:10779000FFFFFFFFFFFFFFFFFFFFFFFFFFFFFFFFF9
:1077A000FFFFFFFFFFFFFFFFFFFFFFFFFFFFFFFFE9
:1077B000FFFFFFFFFFFFFFFFFFFFFFFFFFFFFFFFD9
:1077C000FFFFFFFFFFFFFFFFFFFFFFFFFFFFFFFFC9
:1077D000FFFFFFFFFFFFFFFFFFFFFFFFFFFFFFFFB9
:1077E000FFFFFFFFFFFFFFFFFFFFFFFFFFFFFFFFA9
:1077F000FFFFFFFFFFFFFFFFFFFFFFFFFFFFFFFF99
:10780000FFFFFFFFFFFFFFFFFFFFFFFFFFFFFFFF88
:10781000FFFFFFFFFFFFFFFFFFFFFFFFFFFFFFFF78
:10782000FFFFFFFFFFFFFFFFFFFFFFFFFFFFFFFF68
:10783000FFFFFFFFFFFFFFFFFFFFFFFFFFFFFFFF58
:10784000FFFFFFFFFFFFFFFFFFFFFFFFFFFFFFFF48
:10785000FFFFFFFFFFFFFFFFFFFFFFFFFFFFFFFF38
:10786000FFFFFFFFFFFFFFFFFFFFFFFFFFFFFFFF28
:10787000FFFFFFFFFFFFFFFFFFFFFFFFFFFFFFFF18
:10788000FFFFFFFFFFFFFFFFFFFFFFFFFFFFFFFF08
:10789000FFFFFFFFFFFFFFFFFFFFFFFFFFFFFFFFF8
:1078A000FFFFFFFFFFFFFFFFFFFFFFFFFFFFFFFFE8
:1078B000FFFFFFFFFFFFFFFFFFFFFFFFFFFFFFFFD8
:1078C000FFFFFFFFFFFFFFFFFFFFFFFFFFFFFFFFC8
:1078D000FFFFFFFFFFFFFFFFFFFFFFFFFFFFFFFFB8
:1078E000FFFFFFFFFFFFFFFFFFFFFFFFFFFFFFFFA8
:1078F000FFFFFFFFFFFFFFFFFFFFFFFFFFFFFFFF98
:10790000FFFFFFFFFFFFFFFFFFFFFFFFFFFFFFFF87
:10791000FFFFFFFFFFFFFFFFFFFFFFFFFFFFFFFF77
:10792000FFFFFFFFFFFFFFFFFFFFFFFFFFFFFFFF67
:10793000FFFFFFFFFFFFFFFFFFFFFFFFFFFFFFFF57
:10794000FFFFFFFFFFFFFFFFFFFFFFFFFFFFFFFF47
:10795000FFFFFFFFFFFFFFFFFFFFFFFFFFFFFFFF37
:10796000FFFFFFFFFFFFFFFFFFFFFFFFFFFFFFFF27
:10797000FFFFFFFFFFFFFFFFFFFFFFFFFFFFFFFF17
:10798000FFFFFFFFFFFFFFFFFFFFFFFFFFFFFFFF07
:10799000FFFFFFFFFFFFFFFFFFFFFFFFFFFFFFFFF7
:1079A000FFFFFFFFFFFFFFFFFFFFFFFFFFFFFFFFE7
:1079B000FFFFFFFFFFFFFFFFFFFFFFFFFFFFFFFFD7
:1079C000FFFFFFFFFFFFFFFFFFFFFFFFFFFFFFFFC7
:1079D000FFFFFFFFFFFFFFFFFFFFFFFFFFFFFFFFB7
:1079E000FFFFFFFFFFFFFFFFFFFFFFFFFFFFFFFFA7
:1079F000FFFFFFFFFFFFFFFFFFFFFFFFFFFFFFFF97
:107A0000FFFFFFFFFFFFFFFFFFFFFFFFFFFFFFFF86
:107A1000FFFFFFFFFFFFFFFFFFFFFFFFFFFFFFFF76
:107A2000FFFFFFFFFFFFFFFFFFFFFFFFFFFFFFFF66
:107A3000FFFFFFFFFFFFFFFFFFFFFFFFFFFFFFFF56
:107A4000FFFFFFFFFFFFFFFFFFFFFFFFFFFFFFFF46
:107A5000FFFFFFFFFFFFFFFFFFFFFFFFFFFFFFFF36
:107A6000FFFFFFFFFFFFFFFFFFFFFFFFFFFFFFFF26
:107A7000FFFFFFFFFFFFFFFFFFFFFFFFFFFFFFFF16
:107A8000FFFFFFFFFFFFFFFFFFFFFFFFFFFFFFFF06
:107A9000FFFFFFFFFFFFFFFFFFFFFFFFFFFFFFFFF6
:107AA000FFFFFFFFFFFFFFFFFFFFFFFFFFFFFFFFE6
:107AB000FFFFFFFFFFFFFFFFFFFFFFFFFFFFFFFFD6
:107AC000FFFFFFFFFFFFFFFFFFFFFFFFFFFFFFFFC6
:107AD000FFFFFFFFFFFFFFFFFFFFFFFFFFFFFFFFB6
:107AE000FFFFFFFFFFFFFFFFFFFFFFFFFFFFFFFFA6
:107AF000FFFFFFFFFFFFFFFFFFFFFFFFFFFFFFFF96
:107B0000FFFFFFFFFFFFFFFFFFFFFFFFFFFFFFFF85
:107B1000FFFFFFFFFFFFFFFFFFFFFFFFFFFFFFFF75
:107B2000FFFFFFFFFFFFFFFFFFFFFFFFFFFFFFFF65
:107B3000FFFFFFFFFFFFFFFFFFFFFFFFFFFFFFFF55
:107B4000FFFFFFFFFFFFFFFFFFFFFFFFFFFFFFFF45
:107B5000FFFFFFFFFFFFFFFFFFFFFFFFFFFFFFFF35
:107B6000FFFFFFFFFFFFFFFFFFFFFFFFFFFFFFFF25
:107B7000FFFFFFFFFFFFFFFFFFFFFFFFFFFFFFFF15
:107B8000FFFFFFFFFFFFFFFFFFFFFFFFFFFFFFFF05
:107B9000FFFFFFFFFFFFFFFFFFFFFFFFFFFFFFFFF5
:107BA000FFFFFFFFFFFFFFFFFFFFFFFFFFFFFFFFE5
:107BB000FFFFFFFFFFFFFFFFFFFFFFFFFFFFFFFFD5
:107BC000FFFFFFFFFFFFFFFFFFFFFFFFFFFFFFFFC5
:107BD000FFFFFFFFFFFFFFFFFFFFFFFFFFFFFFFFB5
:107BE000FFFFFFFFFFFFFFFFFFFFFFFFFFFFFFFFA5
:107BF000FFFFFFFFFFFFFFFFFFFFFFFFFFFFFFFF95
:107C0000FFFFFFFFFFFFFFFFFFFFFFFFFFFFFFFF84
:107C1000FFFFFFFFFFFFFFFFFFFFFFFFFFFFFFFF74
:107C2000FFFFFFFFFFFFFFFFFFFFFFFFFFFFFFFF64
:107C3000FFFFFFFFFFFFFFFFFFFFFFFFFFFFFFFF54
:107C4000FFFFFFFFFFFFFFFFFFFFFFFFFFFFFFFF44
:107C5000FFFFFFFFFFFFFFFFFFFFFFFFFFFFFFFF34
:107C6000FFFFFFFFFFFFFFFFFFFFFFFFFFFFFFFF24
:107C7000FFFFFFFFFFFFFFFFFFFFFFFFFFFFFFFF14
:107C8000FFFFFFFFFFFFFFFFFFFFFFFFFFFFFFFF04
:107C9000FFFFFFFFFFFFFFFFFFFFFFFFFFFFFFFFF4
:107CA000FFFFFFFFFFFFFFFFFFFFFFFFFFFFFFFFE4
:107CB000FFFFFFFFFFFFFFFFFFFFFFFFFFFFFFFFD4
:107CC000FFFFFFFFFFFFFFFFFFFFFFFFFFFFFFFFC4
:107CD000FFFFFFFFFFFFFFFFFFFFFFFFFFFFFFFFB4
:107CE000FFFFFFFFFFFFFFFFFFFFFFFFFFFFFFFFA4
:107CF000FFFFFFFFFFFFFFFFFFFFFFFFFFFFFFFF94
:107D0000FFFFFFFFFFFFFFFFFFFFFFFFFFFFFFFF83
:107D1000FFFFFFFFFFFFFFFFFFFFFFFFFFFFFFFF73
:107D2000FFFFFFFFFFFFFFFFFFFFFFFFFFFFFFFF63
:107D3000FFFFFFFFFFFFFFFFFFFFFFFFFFFFFFFF53
:107D4000FFFFFFFFFFFFFFFFFFFFFFFFFFFFFFFF43
:107D5000FFFFFFFFFFFFFFFFFFFFFFFFFFFFFFFF33
:107D6000FFFFFFFFFFFFFFFFFFFFFFFFFFFFFFFF23
:107D7000FFFFFFFFFFFFFFFFFFFFFFFFFFFFFFFF13
:107D8000FFFFFFFFFFFFFFFFFFFFFFFFFFFFFFFF03
:107D9000FFFFFFFFFFFFFFFFFFFFFFFFFFFFFFFFF3
:107DA000FFFFFFFFFFFFFFFFFFFFFFFFFFFFFFFFE3
:107DB000FFFFFFFFFFFFFFFFFFFFFFFFFFFFFFFFD3
:107DC000FFFFFFFFFFFFFFFFFFFFFFFFFFFFFFFFC3
:107DD000FFFFFFFFFFFFFFFFFFFFFFFFFFFFFFFFB3
:107DE000FFFFFFFFFFFFFFFFFFFFFFFFFFFFFFFFA3
:107DF000FFFFFFFFFFFFFFFFFFFFFFFFFFFFFFFF93
:107E0000FFFFFFFFFFFFFFFFFFFFFFFFFFFFFFFF82
:107E1000FFFFFFFFFFFFFFFFFFFFFFFFFFFFFFFF72
:107E2000FFFFFFFFFFFFFFFFFFFFFFFFFFFFFFFF62
:107E3000FFFFFFFFFFFFFFFFFFFFFFFFFFFFFFFF52
:107E4000FFFFFFFFFFFFFFFFFFFFFFFFFFFFFFFF42
:107E5000FFFFFFFFFFFFFFFFFFFFFFFFFFFFFFFF32
:107E6000FFFFFFFFFFFFFFFFFFFFFFFFFFFFFFFF22
:107E7000FFFFFFFFFFFFFFFFFFFFFFFFFFFFFFFF12
:107E8000FFFFFFFFFFFFFFFFFFFFFFFFFFFFFFFF02
:107E9000FFFFFFFFFFFFFFFFFFFFFFFFFFFFFFFFF2
:107EA000FFFFFFFFFFFFFFFFFFFFFFFFFFFFFFFFE2
:107EB000FFFFFFFFFFFFFFFFFFFFFFFFFFFFFFFFD2
:107EC000FFFFFFFFFFFFFFFFFFFFFFFFFFFFFFFFC2
:107ED000FFFFFFFFFFFFFFFFFFFFFFFFFFFFFFFFB2
:107EE000FFFFFFFFFFFFFFFFFFFFFFFFFFFFFFFFA2
:107EF000FFFFFFFFFFFFFFFFFFFFFFFFFFFFFFFF92
:107F0000FFFFFFFFFFFFFFFFFFFFFFFFFFFFFFFF81
:107F1000FFFFFFFFFFFFFFFFFFFFFFFFFFFFFFFF71
:107F2000FFFFFFFFFFFFFFFFFFFFFFFFFFFFFFFF61
:107F3000FFFFFFFFFFFFFFFFFFFFFFFFFFFFFFFF51
:107F4000FFFFFFFFFFFFFFFFFFFFFFFFFFFFFFFF41
:107F5000FFFFFFFFFFFFFFFFFFFFFFFFFFFFFFFF31
:107F6000FFFFFFFFFFFFFFFFFFFFFFFFFFFFFFFF21
:107F7000FFFFFFFFFFFFFFFFFFFFFFFFFFFFFFFF11
:107F8000FFFFFFFFFFFFFFFFFFFFFFFFFFFFFFFF01
:107F9000FFFFFFFFFFFFFFFFFFFFFFFFFFFFFFFFF1
:107FA000FFFFFFFFFFFFFFFFFFFFFFFFFFFFFFFFE1
:107FB000FFFFFFFFFFFFFFFFFFFFFFFFFFFFFFFFD1
:107FC000FFFFFFFFFFFFFFFFFFFFFFFFFFFFFFFFC1
:107FD000FFFFFFFFFFFFFFFFFFFFFFFFFFFFFFFFB1
:107FE000FFFFFFFFFFFFFFFFFFFFFFFFFFFFFFFFA1
:107FF000FFFFFFFFFFFFFFFFFFFFFFFFFFFFFFFF91
:10800000FFFFFFFFFFFFFFFFFFFFFFFFFFFFFFFF80
:10801000FFFFFFFFFFFFFFFFFFFFFFFFFFFFFFFF70
:10802000FFFFFFFFFFFFFFFFFFFFFFFFFFFFFFFF60
:10803000FFFFFFFFFFFFFFFFFFFFFFFFFFFFFFFF50
:10804000FFFFFFFFFFFFFFFFFFFFFFFFFFFFFFFF40
:10805000FFFFFFFFFFFFFFFFFFFFFFFFFFFFFFFF30
:10806000FFFFFFFFFFFFFFFFFFFFFFFFFFFFFFFF20
:10807000FFFFFFFFFFFFFFFFFFFFFFFFFFFFFFFF10
:10808000FFFFFFFFFFFFFFFFFFFFFFFFFFFFFFFF00
:10809000FFFFFFFFFFFFFFFFFFFFFFFFFFFFFFFFF0
:1080A000FFFFFFFFFFFFFFFFFFFFFFFFFFFFFFFFE0
:1080B000FFFFFFFFFFFFFFFFFFFFFFFFFFFFFFFFD0
:1080C000FFFFFFFFFFFFFFFFFFFFFFFFFFFFFFFFC0
:1080D000FFFFFFFFFFFFFFFFFFFFFFFFFFFFFFFFB0
:1080E000FFFFFFFFFFFFFFFFFFFFFFFFFFFFFFFFA0
:1080F000FFFFFFFFFFFFFFFFFFFFFFFFFFFFFFFF90
:10810000FFFFFFFFFFFFFFFFFFFFFFFFFFFFFFFF7F
:10811000FFFFFFFFFFFFFFFFFFFFFFFFFFFFFFFF6F
:10812000FFFFFFFFFFFFFFFFFFFFFFFFFFFFFFFF5F
:10813000FFFFFFFFFFFFFFFFFFFFFFFFFFFFFFFF4F
:10814000FFFFFFFFFFFFFFFFFFFFFFFFFFFFFFFF3F
:10815000FFFFFFFFFFFFFFFFFFFFFFFFFFFFFFFF2F
:10816000FFFFFFFFFFFFFFFFFFFFFFFFFFFFFFFF1F
:10817000FFFFFFFFFFFFFFFFFFFFFFFFFFFFFFFF0F
:10818000FFFFFFFFFFFFFFFFFFFFFFFFFFFFFFFFFF
:10819000FFFFFFFFFFFFFFFFFFFFFFFFFFFFFFFFEF
:1081A000FFFFFFFFFFFFFFFFFFFFFFFFFFFFFFFFDF
:1081B000FFFFFFFFFFFFFFFFFFFFFFFFFFFFFFFFCF
:1081C000FFFFFFFFFFFFFFFFFFFFFFFFFFFFFFFFBF
:1081D000FFFFFFFFFFFFFFFFFFFFFFFFFFFFFFFFAF
:1081E000FFFFFFFFFFFFFFFFFFFFFFFFFFFFFFFF9F
:1081F000FFFFFFFFFFFFFFFFFFFFFFFFFFFFFFFF8F
:10820000FFFFFFFFFFFFFFFFFFFFFFFFFFFFFFFF7E
:10821000FFFFFFFFFFFFFFFFFFFFFFFFFFFFFFFF6E
:10822000FFFFFFFFFFFFFFFFFFFFFFFFFFFFFFFF5E
:10823000FFFFFFFFFFFFFFFFFFFFFFFFFFFFFFFF4E
:10824000FFFFFFFFFFFFFFFFFFFFFFFFFFFFFFFF3E
:10825000FFFFFFFFFFFFFFFFFFFFFFFFFFFFFFFF2E
:10826000FFFFFFFFFFFFFFFFFFFFFFFFFFFFFFFF1E
:10827000FFFFFFFFFFFFFFFFFFFFFFFFFFFFFFFF0E
:10828000FFFFFFFFFFFFFFFFFFFFFFFFFFFFFFFFFE
:10829000FFFFFFFFFFFFFFFFFFFFFFFFFFFFFFFFEE
:1082A000FFFFFFFFFFFFFFFFFFFFFFFFFFFFFFFFDE
:1082B000FFFFFFFFFFFFFFFFFFFFFFFFFFFFFFFFCE
:1082C000FFFFFFFFFFFFFFFFFFFFFFFFFFFFFFFFBE
:1082D000FFFFFFFFFFFFFFFFFFFFFFFFFFFFFFFFAE
:1082E000FFFFFFFFFFFFFFFFFFFFFFFFFFFFFFFF9E
:1082F000FFFFFFFFFFFFFFFFFFFFFFFFFFFFFFFF8E
:10830000FFFFFFFFFFFFFFFFFFFFFFFFFFFFFFFF7D
:10831000FFFFFFFFFFFFFFFFFFFFFFFFFFFFFFFF6D
:10832000FFFFFFFFFFFFFFFFFFFFFFFFFFFFFFFF5D
:10833000FFFFFFFFFFFFFFFFFFFFFFFFFFFFFFFF4D
:10834000FFFFFFFFFFFFFFFFFFFFFFFFFFFFFFFF3D
:10835000FFFFFFFFFFFFFFFFFFFFFFFFFFFFFFFF2D
:10836000FFFFFFFFFFFFFFFFFFFFFFFFFFFFFFFF1D
:10837000FFFFFFFFFFFFFFFFFFFFFFFFFFFFFFFF0D
:10838000FFFFFFFFFFFFFFFFFFFFFFFFFFFFFFFFFD
:10839000FFFFFFFFFFFFFFFFFFFFFFFFFFFFFFFFED
:1083A000FFFFFFFFFFFFFFFFFFFFFFFFFFFFFFFFDD
:1083B000FFFFFFFFFFFFFFFFFFFFFFFFFFFFFFFFCD
:1083C000FFFFFFFFFFFFFFFFFFFFFFFFFFFFFFFFBD
:1083D000FFFFFFFFFFFFFFFFFFFFFFFFFFFFFFFFAD
:1083E000FFFFFFFFFFFFFFFFFFFFFFFFFFFFFFFF9D
:1083F000FFFFFFFFFFFFFFFFFFFFFFFFFFFFFFFF8D
:10840000FFFFFFFFFFFFFFFFFFFFFFFFFFFFFFFF7C
:10841000FFFFFFFFFFFFFFFFFFFFFFFFFFFFFFFF6C
:10842000FFFFFFFFFFFFFFFFFFFFFFFFFFFFFFFF5C
:10843000FFFFFFFFFFFFFFFFFFFFFFFFFFFFFFFF4C
:10844000FFFFFFFFFFFFFFFFFFFFFFFFFFFFFFFF3C
:10845000FFFFFFFFFFFFFFFFFFFFFFFFFFFFFFFF2C
:10846000FFFFFFFFFFFFFFFFFFFFFFFFFFFFFFFF1C
:10847000FFFFFFFFFFFFFFFFFFFFFFFFFFFFFFFF0C
:10848000FFFFFFFFFFFFFFFFFFFFFFFFFFFFFFFFFC
:10849000FFFFFFFFFFFFFFFFFFFFFFFFFFFFFFFFEC
:1084A000FFFFFFFFFFFFFFFFFFFFFFFFFFFFFFFFDC
:1084B000FFFFFFFFFFFFFFFFFFFFFFFFFFFFFFFFCC
:1084C000FFFFFFFFFFFFFFFFFFFFFFFFFFFFFFFFBC
:1084D000FFFFFFFFFFFFFFFFFFFFFFFFFFFFFFFFAC
:1084E000FFFFFFFFFFFFFFFFFFFFFFFFFFFFFFFF9C
:1084F000FFFFFFFFFFFFFFFFFFFFFFFFFFFFFFFF8C
:10850000FFFFFFFFFFFFFFFFFFFFFFFFFFFFFFFF7B
:10851000FFFFFFFFFFFFFFFFFFFFFFFFFFFFFFFF6B
:10852000FFFFFFFFFFFFFFFFFFFFFFFFFFFFFFFF5B
:10853000FFFFFFFFFFFFFFFFFFFFFFFFFFFFFFFF4B
:10854000FFFFFFFFFFFFFFFFFFFFFFFFFFFFFFFF3B
:10855000FFFFFFFFFFFFFFFFFFFFFFFFFFFFFFFF2B
:10856000FFFFFFFFFFFFFFFFFFFFFFFFFFFFFFFF1B
:10857000FFFFFFFFFFFFFFFFFFFFFFFFFFFFFFFF0B
:10858000FFFFFFFFFFFFFFFFFFFFFFFFFFFFFFFFFB
:10859000FFFFFFFFFFFFFFFFFFFFFFFFFFFFFFFFEB
:1085A000FFFFFFFFFFFFFFFFFFFFFFFFFFFFFFFFDB
:1085B000FFFFFFFFFFFFFFFFFFFFFFFFFFFFFFFFCB
:1085C000FFFFFFFFFFFFFFFFFFFFFFFFFFFFFFFFBB
:1085D000FFFFFFFFFFFFFFFFFFFFFFFFFFFFFFFFAB
:1085E000FFFFFFFFFFFFFFFFFFFFFFFFFFFFFFFF9B
:1085F000FFFFFFFFFFFFFFFFFFFFFFFFFFFFFFFF8B
:10860000FFFFFFFFFFFFFFFFFFFFFFFFFFFFFFFF7A
:10861000FFFFFFFFFFFFFFFFFFFFFFFFFFFFFFFF6A
:10862000FFFFFFFFFFFFFFFFFFFFFFFFFFFFFFFF5A
:10863000FFFFFFFFFFFFFFFFFFFFFFFFFFFFFFFF4A
:10864000FFFFFFFFFFFFFFFFFFFFFFFFFFFFFFFF3A
:10865000FFFFFFFFFFFFFFFFFFFFFFFFFFFFFFFF2A
:10866000FFFFFFFFFFFFFFFFFFFFFFFFFFFFFFFF1A
:10867000FFFFFFFFFFFFFFFFFFFFFFFFFFFFFFFF0A
:10868000FFFFFFFFFFFFFFFFFFFFFFFFFFFFFFFFFA
:10869000FFFFFFFFFFFFFFFFFFFFFFFFFFFFFFFFEA
:1086A000FFFFFFFFFFFFFFFFFFFFFFFFFFFFFFFFDA
:1086B000FFFFFFFFFFFFFFFFFFFFFFFFFFFFFFFFCA
:1086C000FFFFFFFFFFFFFFFFFFFFFFFFFFFFFFFFBA
:1086D000FFFFFFFFFFFFFFFFFFFFFFFFFFFFFFFFAA
:1086E000FFFFFFFFFFFFFFFFFFFFFFFFFFFFFFFF9A
:1086F000FFFFFFFFFFFFFFFFFFFFFFFFFFFFFFFF8A
:10870000FFFFFFFFFFFFFFFFFFFFFFFFFFFFFFFF79
:10871000FFFFFFFFFFFFFFFFFFFFFFFFFFFFFFFF69
:10872000FFFFFFFFFFFFFFFFFFFFFFFFFFFFFFFF59
:10873000FFFFFFFFFFFFFFFFFFFFFFFFFFFFFFFF49
:10874000FFFFFFFFFFFFFFFFFFFFFFFFFFFFFFFF39
:10875000FFFFFFFFFFFFFFFFFFFFFFFFFFFFFFFF29
:10876000FFFFFFFFFFFFFFFFFFFFFFFFFFFFFFFF19
:10877000FFFFFFFFFFFFFFFFFFFFFFFFFFFFFFFF09
:10878000FFFFFFFFFFFFFFFFFFFFFFFFFFFFFFFFF9
:10879000FFFFFFFFFFFFFFFFFFFFFFFFFFFFFFFFE9
:1087A000FFFFFFFFFFFFFFFFFFFFFFFFFFFFFFFFD9
:1087B000FFFFFFFFFFFFFFFFFFFFFFFFFFFFFFFFC9
:1087C000FFFFFFFFFFFFFFFFFFFFFFFFFFFFFFFFB9
:1087D000FFFFFFFFFFFFFFFFFFFFFFFFFFFFFFFFA9
:1087E000FFFFFFFFFFFFFFFFFFFFFFFFFFFFFFFF99
:1087F000FFFFFFFFFFFFFFFFFFFFFFFFFFFFFFFF89
:10880000FFFFFFFFFFFFFFFFFFFFFFFFFFFFFFFF78
:10881000FFFFFFFFFFFFFFFFFFFFFFFFFFFFFFFF68
:10882000FFFFFFFFFFFFFFFFFFFFFFFFFFFFFFFF58
:10883000FFFFFFFFFFFFFFFFFFFFFFFFFFFFFFFF48
:10884000FFFFFFFFFFFFFFFFFFFFFFFFFFFFFFFF38
:10885000FFFFFFFFFFFFFFFFFFFFFFFFFFFFFFFF28
:10886000FFFFFFFFFFFFFFFFFFFFFFFFFFFFFFFF18
:10887000FFFFFFFFFFFFFFFFFFFFFFFFFFFFFFFF08
:10888000FFFFFFFFFFFFFFFFFFFFFFFFFFFFFFFFF8
:10889000FFFFFFFFFFFFFFFFFFFFFFFFFFFFFFFFE8
:1088A000FFFFFFFFFFFFFFFFFFFFFFFFFFFFFFFFD8
:1088B000FFFFFFFFFFFFFFFFFFFFFFFFFFFFFFFFC8
:1088C000FFFFFFFFFFFFFFFFFFFFFFFFFFFFFFFFB8
:1088D000FFFFFFFFFFFFFFFFFFFFFFFFFFFFFFFFA8
:1088E000FFFFFFFFFFFFFFFFFFFFFFFFFFFFFFFF98
:1088F000FFFFFFFFFFFFFFFFFFFFFFFFFFFFFFFF88
:10890000FFFFFFFFFFFFFFFFFFFFFFFFFFFFFFFF77
:10891000FFFFFFFFFFFFFFFFFFFFFFFFFFFFFFFF67
:10892000FFFFFFFFFFFFFFFFFFFFFFFFFFFFFFFF57
:10893000FFFFFFFFFFFFFFFFFFFFFFFFFFFFFFFF47
:10894000FFFFFFFFFFFFFFFFFFFFFFFFFFFFFFFF37
:10895000FFFFFFFFFFFFFFFFFFFFFFFFFFFFFFFF27
:10896000FFFFFFFFFFFFFFFFFFFFFFFFFFFFFFFF17
:10897000FFFFFFFFFFFFFFFFFFFFFFFFFFFFFFFF07
:10898000FFFFFFFFFFFFFFFFFFFFFFFFFFFFFFFFF7
:10899000FFFFFFFFFFFFFFFFFFFFFFFFFFFFFFFFE7
:1089A000FFFFFFFFFFFFFFFFFFFFFFFFFFFFFFFFD7
:1089B000FFFFFFFFFFFFFFFFFFFFFFFFFFFFFFFFC7
:1089C000FFFFFFFFFFFFFFFFFFFFFFFFFFFFFFFFB7
:1089D000FFFFFFFFFFFFFFFFFFFFFFFFFFFFFFFFA7
:1089E000FFFFFFFFFFFFFFFFFFFFFFFFFFFFFFFF97
:1089F000FFFFFFFFFFFFFFFFFFFFFFFFFFFFFFFF87
:108A0000FFFFFFFFFFFFFFFFFFFFFFFFFFFFFFFF76
:108A1000FFFFFFFFFFFFFFFFFFFFFFFFFFFFFFFF66
:108A2000FFFFFFFFFFFFFFFFFFFFFFFFFFFFFFFF56
:108A3000FFFFFFFFFFFFFFFFFFFFFFFFFFFFFFFF46
:108A4000FFFFFFFFFFFFFFFFFFFFFFFFFFFFFFFF36
:108A5000FFFFFFFFFFFFFFFFFFFFFFFFFFFFFFFF26
:108A6000FFFFFFFFFFFFFFFFFFFFFFFFFFFFFFFF16
:108A7000FFFFFFFFFFFFFFFFFFFFFFFFFFFFFFFF06
:108A8000FFFFFFFFFFFFFFFFFFFFFFFFFFFFFFFFF6
:108A9000FFFFFFFFFFFFFFFFFFFFFFFFFFFFFFFFE6
:108AA000FFFFFFFFFFFFFFFFFFFFFFFFFFFFFFFFD6
:108AB000FFFFFFFFFFFFFFFFFFFFFFFFFFFFFFFFC6
:108AC000FFFFFFFFFFFFFFFFFFFFFFFFFFFFFFFFB6
:108AD000FFFFFFFFFFFFFFFFFFFFFFFFFFFFFFFFA6
:108AE000FFFFFFFFFFFFFFFFFFFFFFFFFFFFFFFF96
:108AF000FFFFFFFFFFFFFFFFFFFFFFFFFFFFFFFF86
:108B0000FFFFFFFFFFFFFFFFFFFFFFFFFFFFFFFF75
:108B1000FFFFFFFFFFFFFFFFFFFFFFFFFFFFFFFF65
:108B2000FFFFFFFFFFFFFFFFFFFFFFFFFFFFFFFF55
:108B3000FFFFFFFFFFFFFFFFFFFFFFFFFFFFFFFF45
:108B4000FFFFFFFFFFFFFFFFFFFFFFFFFFFFFFFF35
:108B5000FFFFFFFFFFFFFFFFFFFFFFFFFFFFFFFF25
:108B6000FFFFFFFFFFFFFFFFFFFFFFFFFFFFFFFF15
:108B7000FFFFFFFFFFFFFFFFFFFFFFFFFFFFFFFF05
:108B8000FFFFFFFFFFFFFFFFFFFFFFFFFFFFFFFFF5
:108B9000FFFFFFFFFFFFFFFFFFFFFFFFFFFFFFFFE5
:108BA000FFFFFFFFFFFFFFFFFFFFFFFFFFFFFFFFD5
:108BB000FFFFFFFFFFFFFFFFFFFFFFFFFFFFFFFFC5
:108BC000FFFFFFFFFFFFFFFFFFFFFFFFFFFFFFFFB5
:108BD000FFFFFFFFFFFFFFFFFFFFFFFFFFFFFFFFA5
:108BE000FFFFFFFFFFFFFFFFFFFFFFFFFFFFFFFF95
:108BF000FFFFFFFFFFFFFFFFFFFFFFFFFFFFFFFF85
:108C0000FFFFFFFFFFFFFFFFFFFFFFFFFFFFFFFF74
:108C1000FFFFFFFFFFFFFFFFFFFFFFFFFFFFFFFF64
:108C2000FFFFFFFFFFFFFFFFFFFFFFFFFFFFFFFF54
:108C3000FFFFFFFFFFFFFFFFFFFFFFFFFFFFFFFF44
:108C4000FFFFFFFFFFFFFFFFFFFFFFFFFFFFFFFF34
:108C5000FFFFFFFFFFFFFFFFFFFFFFFFFFFFFFFF24
:108C6000FFFFFFFFFFFFFFFFFFFFFFFFFFFFFFFF14
:108C7000FFFFFFFFFFFFFFFFFFFFFFFFFFFFFFFF04
:108C8000FFFFFFFFFFFFFFFFFFFFFFFFFFFFFFFFF4
:108C9000FFFFFFFFFFFFFFFFFFFFFFFFFFFFFFFFE4
:108CA000FFFFFFFFFFFFFFFFFFFFFFFFFFFFFFFFD4
:108CB000FFFFFFFFFFFFFFFFFFFFFFFFFFFFFFFFC4
:108CC000FFFFFFFFFFFFFFFFFFFFFFFFFFFFFFFFB4
:108CD000FFFFFFFFFFFFFFFFFFFFFFFFFFFFFFFFA4
:108CE000FFFFFFFFFFFFFFFFFFFFFFFFFFFFFFFF94
:108CF000FFFFFFFFFFFFFFFFFFFFFFFFFFFFFFFF84
:108D0000FFFFFFFFFFFFFFFFFFFFFFFFFFFFFFFF73
:108D1000FFFFFFFFFFFFFFFFFFFFFFFFFFFFFFFF63
:108D2000FFFFFFFFFFFFFFFFFFFFFFFFFFFFFFFF53
:108D3000FFFFFFFFFFFFFFFFFFFFFFFFFFFFFFFF43
:108D4000FFFFFFFFFFFFFFFFFFFFFFFFFFFFFFFF33
:108D5000FFFFFFFFFFFFFFFFFFFFFFFFFFFFFFFF23
:108D6000FFFFFFFFFFFFFFFFFFFFFFFFFFFFFFFF13
:108D7000FFFFFFFFFFFFFFFFFFFFFFFFFFFFFFFF03
:108D8000FFFFFFFFFFFFFFFFFFFFFFFFFFFFFFFFF3
:108D9000FFFFFFFFFFFFFFFFFFFFFFFFFFFFFFFFE3
:108DA000FFFFFFFFFFFFFFFFFFFFFFFFFFFFFFFFD3
:108DB000FFFFFFFFFFFFFFFFFFFFFFFFFFFFFFFFC3
:108DC000FFFFFFFFFFFFFFFFFFFFFFFFFFFFFFFFB3
:108DD000FFFFFFFFFFFFFFFFFFFFFFFFFFFFFFFFA3
:108DE000FFFFFFFFFFFFFFFFFFFFFFFFFFFFFFFF93
:108DF000FFFFFFFFFFFFFFFFFFFFFFFFFFFFFFFF83
:108E0000FFFFFFFFFFFFFFFFFFFFFFFFFFFFFFFF72
:108E1000FFFFFFFFFFFFFFFFFFFFFFFFFFFFFFFF62
:108E2000FFFFFFFFFFFFFFFFFFFFFFFFFFFFFFFF52
:108E3000FFFFFFFFFFFFFFFFFFFFFFFFFFFFFFFF42
:108E4000FFFFFFFFFFFFFFFFFFFFFFFFFFFFFFFF32
:108E5000FFFFFFFFFFFFFFFFFFFFFFFFFFFFFFFF22
:108E6000FFFFFFFFFFFFFFFFFFFFFFFFFFFFFFFF12
:108E7000FFFFFFFFFFFFFFFFFFFFFFFFFFFFFFFF02
:108E8000FFFFFFFFFFFFFFFFFFFFFFFFFFFFFFFFF2
:108E9000FFFFFFFFFFFFFFFFFFFFFFFFFFFFFFFFE2
:108EA000FFFFFFFFFFFFFFFFFFFFFFFFFFFFFFFFD2
:108EB000FFFFFFFFFFFFFFFFFFFFFFFFFFFFFFFFC2
:108EC000FFFFFFFFFFFFFFFFFFFFFFFFFFFFFFFFB2
:108ED000FFFFFFFFFFFFFFFFFFFFFFFFFFFFFFFFA2
:108EE000FFFFFFFFFFFFFFFFFFFFFFFFFFFFFFFF92
:108EF000FFFFFFFFFFFFFFFFFFFFFFFFFFFFFFFF82
:108F0000FFFFFFFFFFFFFFFFFFFFFFFFFFFFFFFF71
:108F1000FFFFFFFFFFFFFFFFFFFFFFFFFFFFFFFF61
:108F2000FFFFFFFFFFFFFFFFFFFFFFFFFFFFFFFF51
:108F3000FFFFFFFFFFFFFFFFFFFFFFFFFFFFFFFF41
:108F4000FFFFFFFFFFFFFFFFFFFFFFFFFFFFFFFF31
:108F5000FFFFFFFFFFFFFFFFFFFFFFFFFFFFFFFF21
:108F6000FFFFFFFFFFFFFFFFFFFFFFFFFFFFFFFF11
:108F7000FFFFFFFFFFFFFFFFFFFFFFFFFFFFFFFF01
:108F8000FFFFFFFFFFFFFFFFFFFFFFFFFFFFFFFFF1
:108F9000FFFFFFFFFFFFFFFFFFFFFFFFFFFFFFFFE1
:108FA000FFFFFFFFFFFFFFFFFFFFFFFFFFFFFFFFD1
:108FB000FFFFFFFFFFFFFFFFFFFFFFFFFFFFFFFFC1
:108FC000FFFFFFFFFFFFFFFFFFFFFFFFFFFFFFFFB1
:108FD000FFFFFFFFFFFFFFFFFFFFFFFFFFFFFFFFA1
:108FE000FFFFFFFFFFFFFFFFFFFFFFFFFFFFFFFF91
:108FF000FFFFFFFFFFFFFFFFFFFFFFFFFFFFFFFF81
:10900000FFFFFFFFFFFFFFFFFFFFFFFFFFFFFFFF70
:10901000FFFFFFFFFFFFFFFFFFFFFFFFFFFFFFFF60
:10902000FFFFFFFFFFFFFFFFFFFFFFFFFFFFFFFF50
:10903000FFFFFFFFFFFFFFFFFFFFFFFFFFFFFFFF40
:10904000FFFFFFFFFFFFFFFFFFFFFFFFFFFFFFFF30
:10905000FFFFFFFFFFFFFFFFFFFFFFFFFFFFFFFF20
:10906000FFFFFFFFFFFFFFFFFFFFFFFFFFFFFFFF10
:10907000FFFFFFFFFFFFFFFFFFFFFFFFFFFFFFFF00
:10908000FFFFFFFFFFFFFFFFFFFFFFFFFFFFFFFFF0
:10909000FFFFFFFFFFFFFFFFFFFFFFFFFFFFFFFFE0
:1090A000FFFFFFFFFFFFFFFFFFFFFFFFFFFFFFFFD0
:1090B000FFFFFFFFFFFFFFFFFFFFFFFFFFFFFFFFC0
:1090C000FFFFFFFFFFFFFFFFFFFFFFFFFFFFFFFFB0
:1090D000FFFFFFFFFFFFFFFFFFFFFFFFFFFFFFFFA0
:1090E000FFFFFFFFFFFFFFFFFFFFFFFFFFFFFFFF90
:1090F000FFFFFFFFFFFFFFFFFFFFFFFFFFFFFFFF80
:10910000FFFFFFFFFFFFFFFFFFFFFFFFFFFFFFFF6F
:10911000FFFFFFFFFFFFFFFFFFFFFFFFFFFFFFFF5F
:10912000FFFFFFFFFFFFFFFFFFFFFFFFFFFFFFFF4F
:10913000FFFFFFFFFFFFFFFFFFFFFFFFFFFFFFFF3F
:10914000FFFFFFFFFFFFFFFFFFFFFFFFFFFFFFFF2F
:10915000FFFFFFFFFFFFFFFFFFFFFFFFFFFFFFFF1F
:10916000FFFFFFFFFFFFFFFFFFFFFFFFFFFFFFFF0F
:10917000FFFFFFFFFFFFFFFFFFFFFFFFFFFFFFFFFF
:10918000FFFFFFFFFFFFFFFFFFFFFFFFFFFFFFFFEF
:10919000FFFFFFFFFFFFFFFFFFFFFFFFFFFFFFFFDF
:1091A000FFFFFFFFFFFFFFFFFFFFFFFFFFFFFFFFCF
:1091B000FFFFFFFFFFFFFFFFFFFFFFFFFFFFFFFFBF
:1091C000FFFFFFFFFFFFFFFFFFFFFFFFFFFFFFFFAF
:1091D000FFFFFFFFFFFFFFFFFFFFFFFFFFFFFFFF9F
:1091E000FFFFFFFFFFFFFFFFFFFFFFFFFFFFFFFF8F
:1091F000FFFFFFFFFFFFFFFFFFFFFFFFFFFFFFFF7F
:10920000FFFFFFFFFFFFFFFFFFFFFFFFFFFFFFFF6E
:10921000FFFFFFFFFFFFFFFFFFFFFFFFFFFFFFFF5E
:10922000FFFFFFFFFFFFFFFFFFFFFFFFFFFFFFFF4E
:10923000FFFFFFFFFFFFFFFFFFFFFFFFFFFFFFFF3E
:10924000FFFFFFFFFFFFFFFFFFFFFFFFFFFFFFFF2E
:10925000FFFFFFFFFFFFFFFFFFFFFFFFFFFFFFFF1E
:10926000FFFFFFFFFFFFFFFFFFFFFFFFFFFFFFFF0E
:10927000FFFFFFFFFFFFFFFFFFFFFFFFFFFFFFFFFE
:10928000FFFFFFFFFFFFFFFFFFFFFFFFFFFFFFFFEE
:10929000FFFFFFFFFFFFFFFFFFFFFFFFFFFFFFFFDE
:1092A000FFFFFFFFFFFFFFFFFFFFFFFFFFFFFFFFCE
:1092B000FFFFFFFFFFFFFFFFFFFFFFFFFFFFFFFFBE
:1092C000FFFFFFFFFFFFFFFFFFFFFFFFFFFFFFFFAE
:1092D000FFFFFFFFFFFFFFFFFFFFFFFFFFFFFFFF9E
:1092E000FFFFFFFFFFFFFFFFFFFFFFFFFFFFFFFF8E
:1092F000FFFFFFFFFFFFFFFFFFFFFFFFFFFFFFFF7E
:10930000FFFFFFFFFFFFFFFFFFFFFFFFFFFFFFFF6D
:10931000FFFFFFFFFFFFFFFFFFFFFFFFFFFFFFFF5D
:10932000FFFFFFFFFFFFFFFFFFFFFFFFFFFFFFFF4D
:10933000FFFFFFFFFFFFFFFFFFFFFFFFFFFFFFFF3D
:10934000FFFFFFFFFFFFFFFFFFFFFFFFFFFFFFFF2D
:10935000FFFFFFFFFFFFFFFFFFFFFFFFFFFFFFFF1D
:10936000FFFFFFFFFFFFFFFFFFFFFFFFFFFFFFFF0D
:10937000FFFFFFFFFFFFFFFFFFFFFFFFFFFFFFFFFD
:10938000FFFFFFFFFFFFFFFFFFFFFFFFFFFFFFFFED
:10939000FFFFFFFFFFFFFFFFFFFFFFFFFFFFFFFFDD
:1093A000FFFFFFFFFFFFFFFFFFFFFFFFFFFFFFFFCD
:1093B000FFFFFFFFFFFFFFFFFFFFFFFFFFFFFFFFBD
:1093C000FFFFFFFFFFFFFFFFFFFFFFFFFFFFFFFFAD
:1093D000FFFFFFFFFFFFFFFFFFFFFFFFFFFFFFFF9D
:1093E000FFFFFFFFFFFFFFFFFFFFFFFFFFFFFFFF8D
:1093F000FFFFFFFFFFFFFFFFFFFFFFFFFFFFFFFF7D
:10940000FFFFFFFFFFFFFFFFFFFFFFFFFFFFFFFF6C
:10941000FFFFFFFFFFFFFFFFFFFFFFFFFFFFFFFF5C
:10942000FFFFFFFFFFFFFFFFFFFFFFFFFFFFFFFF4C
:10943000FFFFFFFFFFFFFFFFFFFFFFFFFFFFFFFF3C
:10944000FFFFFFFFFFFFFFFFFFFFFFFFFFFFFFFF2C
:10945000FFFFFFFFFFFFFFFFFFFFFFFFFFFFFFFF1C
:10946000FFFFFFFFFFFFFFFFFFFFFFFFFFFFFFFF0C
:10947000FFFFFFFFFFFFFFFFFFFFFFFFFFFFFFFFFC
:10948000FFFFFFFFFFFFFFFFFFFFFFFFFFFFFFFFEC
:10949000FFFFFFFFFFFFFFFFFFFFFFFFFFFFFFFFDC
:1094A000FFFFFFFFFFFFFFFFFFFFFFFFFFFFFFFFCC
:1094B000FFFFFFFFFFFFFFFFFFFFFFFFFFFFFFFFBC
:1094C000FFFFFFFFFFFFFFFFFFFFFFFFFFFFFFFFAC
:1094D000FFFFFFFFFFFFFFFFFFFFFFFFFFFFFFFF9C
:1094E000FFFFFFFFFFFFFFFFFFFFFFFFFFFFFFFF8C
:1094F000FFFFFFFFFFFFFFFFFFFFFFFFFFFFFFFF7C
:10950000FFFFFFFFFFFFFFFFFFFFFFFFFFFFFFFF6B
:10951000FFFFFFFFFFFFFFFFFFFFFFFFFFFFFFFF5B
:10952000FFFFFFFFFFFFFFFFFFFFFFFFFFFFFFFF4B
:10953000FFFFFFFFFFFFFFFFFFFFFFFFFFFFFFFF3B
:10954000FFFFFFFFFFFFFFFFFFFFFFFFFFFFFFFF2B
:10955000FFFFFFFFFFFFFFFFFFFFFFFFFFFFFFFF1B
:10956000FFFFFFFFFFFFFFFFFFFFFFFFFFFFFFFF0B
:10957000FFFFFFFFFFFFFFFFFFFFFFFFFFFFFFFFFB
:10958000FFFFFFFFFFFFFFFFFFFFFFFFFFFFFFFFEB
:10959000FFFFFFFFFFFFFFFFFFFFFFFFFFFFFFFFDB
:1095A000FFFFFFFFFFFFFFFFFFFFFFFFFFFFFFFFCB
:1095B000FFFFFFFFFFFFFFFFFFFFFFFFFFFFFFFFBB
:1095C000FFFFFFFFFFFFFFFFFFFFFFFFFFFFFFFFAB
:1095D000FFFFFFFFFFFFFFFFFFFFFFFFFFFFFFFF9B
:1095E000FFFFFFFFFFFFFFFFFFFFFFFFFFFFFFFF8B
:1095F000FFFFFFFFFFFFFFFFFFFFFFFFFFFFFFFF7B
:10960000FFFFFFFFFFFFFFFFFFFFFFFFFFFFFFFF6A
:10961000FFFFFFFFFFFFFFFFFFFFFFFFFFFFFFFF5A
:10962000FFFFFFFFFFFFFFFFFFFFFFFFFFFFFFFF4A
:10963000FFFFFFFFFFFFFFFFFFFFFFFFFFFFFFFF3A
:10964000FFFFFFFFFFFFFFFFFFFFFFFFFFFFFFFF2A
:10965000FFFFFFFFFFFFFFFFFFFFFFFFFFFFFFFF1A
:10966000FFFFFFFFFFFFFFFFFFFFFFFFFFFFFFFF0A
:10967000FFFFFFFFFFFFFFFFFFFFFFFFFFFFFFFFFA
:10968000FFFFFFFFFFFFFFFFFFFFFFFFFFFFFFFFEA
:10969000FFFFFFFFFFFFFFFFFFFFFFFFFFFFFFFFDA
:1096A000FFFFFFFFFFFFFFFFFFFFFFFFFFFFFFFFCA
:1096B000FFFFFFFFFFFFFFFFFFFFFFFFFFFFFFFFBA
:1096C000FFFFFFFFFFFFFFFFFFFFFFFFFFFFFFFFAA
:1096D000FFFFFFFFFFFFFFFFFFFFFFFFFFFFFFFF9A
:1096E000FFFFFFFFFFFFFFFFFFFFFFFFFFFFFFFF8A
:1096F000FFFFFFFFFFFFFFFFFFFFFFFFFFFFFFFF7A
:10970000FFFFFFFFFFFFFFFFFFFFFFFFFFFFFFFF69
:10971000FFFFFFFFFFFFFFFFFFFFFFFFFFFFFFFF59
:10972000FFFFFFFFFFFFFFFFFFFFFFFFFFFFFFFF49
:10973000FFFFFFFFFFFFFFFFFFFFFFFFFFFFFFFF39
:10974000FFFFFFFFFFFFFFFFFFFFFFFFFFFFFFFF29
:10975000FFFFFFFFFFFFFFFFFFFFFFFFFFFFFFFF19
:10976000FFFFFFFFFFFFFFFFFFFFFFFFFFFFFFFF09
:10977000FFFFFFFFFFFFFFFFFFFFFFFFFFFFFFFFF9
:10978000FFFFFFFFFFFFFFFFFFFFFFFFFFFFFFFFE9
:10979000FFFFFFFFFFFFFFFFFFFFFFFFFFFFFFFFD9
:1097A000FFFFFFFFFFFFFFFFFFFFFFFFFFFFFFFFC9
:1097B000FFFFFFFFFFFFFFFFFFFFFFFFFFFFFFFFB9
:1097C000FFFFFFFFFFFFFFFFFFFFFFFFFFFFFFFFA9
:1097D000FFFFFFFFFFFFFFFFFFFFFFFFFFFFFFFF99
:1097E000FFFFFFFFFFFFFFFFFFFFFFFFFFFFFFFF89
:1097F000FFFFFFFFFFFFFFFFFFFFFFFFFFFFFFFF79
:10980000FFFFFFFFFFFFFFFFFFFFFFFFFFFFFFFF68
:10981000FFFFFFFFFFFFFFFFFFFFFFFFFFFFFFFF58
:10982000FFFFFFFFFFFFFFFFFFFFFFFFFFFFFFFF48
:10983000FFFFFFFFFFFFFFFFFFFFFFFFFFFFFFFF38
:10984000FFFFFFFFFFFFFFFFFFFFFFFFFFFFFFFF28
:10985000FFFFFFFFFFFFFFFFFFFFFFFFFFFFFFFF18
:10986000FFFFFFFFFFFFFFFFFFFFFFFFFFFFFFFF08
:10987000FFFFFFFFFFFFFFFFFFFFFFFFFFFFFFFFF8
:10988000FFFFFFFFFFFFFFFFFFFFFFFFFFFFFFFFE8
:10989000FFFFFFFFFFFFFFFFFFFFFFFFFFFFFFFFD8
:1098A000FFFFFFFFFFFFFFFFFFFFFFFFFFFFFFFFC8
:1098B000FFFFFFFFFFFFFFFFFFFFFFFFFFFFFFFFB8
:1098C000FFFFFFFFFFFFFFFFFFFFFFFFFFFFFFFFA8
:1098D000FFFFFFFFFFFFFFFFFFFFFFFFFFFFFFFF98
:1098E000FFFFFFFFFFFFFFFFFFFFFFFFFFFFFFFF88
:1098F000FFFFFFFFFFFFFFFFFFFFFFFFFFFFFFFF78
:10990000FFFFFFFFFFFFFFFFFFFFFFFFFFFFFFFF67
:10991000FFFFFFFFFFFFFFFFFFFFFFFFFFFFFFFF57
:10992000FFFFFFFFFFFFFFFFFFFFFFFFFFFFFFFF47
:10993000FFFFFFFFFFFFFFFFFFFFFFFFFFFFFFFF37
:10994000FFFFFFFFFFFFFFFFFFFFFFFFFFFFFFFF27
:10995000FFFFFFFFFFFFFFFFFFFFFFFFFFFFFFFF17
:10996000FFFFFFFFFFFFFFFFFFFFFFFFFFFFFFFF07
:10997000FFFFFFFFFFFFFFFFFFFFFFFFFFFFFFFFF7
:10998000FFFFFFFFFFFFFFFFFFFFFFFFFFFFFFFFE7
:10999000FFFFFFFFFFFFFFFFFFFFFFFFFFFFFFFFD7
:1099A000FFFFFFFFFFFFFFFFFFFFFFFFFFFFFFFFC7
:1099B000FFFFFFFFFFFFFFFFFFFFFFFFFFFFFFFFB7
:1099C000FFFFFFFFFFFFFFFFFFFFFFFFFFFFFFFFA7
:1099D000FFFFFFFFFFFFFFFFFFFFFFFFFFFFFFFF97
:1099E000FFFFFFFFFFFFFFFFFFFFFFFFFFFFFFFF87
:1099F000FFFFFFFFFFFFFFFFFFFFFFFFFFFFFFFF77
:109A0000FFFFFFFFFFFFFFFFFFFFFFFFFFFFFFFF66
:109A1000FFFFFFFFFFFFFFFFFFFFFFFFFFFFFFFF56
:109A2000FFFFFFFFFFFFFFFFFFFFFFFFFFFFFFFF46
:109A3000FFFFFFFFFFFFFFFFFFFFFFFFFFFFFFFF36
:109A4000FFFFFFFFFFFFFFFFFFFFFFFFFFFFFFFF26
:109A5000FFFFFFFFFFFFFFFFFFFFFFFFFFFFFFFF16
:109A6000FFFFFFFFFFFFFFFFFFFFFFFFFFFFFFFF06
:109A7000FFFFFFFFFFFFFFFFFFFFFFFFFFFFFFFFF6
:109A8000FFFFFFFFFFFFFFFFFFFFFFFFFFFFFFFFE6
:109A9000FFFFFFFFFFFFFFFFFFFFFFFFFFFFFFFFD6
:109AA000FFFFFFFFFFFFFFFFFFFFFFFFFFFFFFFFC6
:109AB000FFFFFFFFFFFFFFFFFFFFFFFFFFFFFFFFB6
:109AC000FFFFFFFFFFFFFFFFFFFFFFFFFFFFFFFFA6
:109AD000FFFFFFFFFFFFFFFFFFFFFFFFFFFFFFFF96
:109AE000FFFFFFFFFFFFFFFFFFFFFFFFFFFFFFFF86
:109AF000FFFFFFFFFFFFFFFFFFFFFFFFFFFFFFFF76
:109B0000FFFFFFFFFFFFFFFFFFFFFFFFFFFFFFFF65
:109B1000FFFFFFFFFFFFFFFFFFFFFFFFFFFFFFFF55
:109B2000FFFFFFFFFFFFFFFFFFFFFFFFFFFFFFFF45
:109B3000FFFFFFFFFFFFFFFFFFFFFFFFFFFFFFFF35
:109B4000FFFFFFFFFFFFFFFFFFFFFFFFFFFFFFFF25
:109B5000FFFFFFFFFFFFFFFFFFFFFFFFFFFFFFFF15
:109B6000FFFFFFFFFFFFFFFFFFFFFFFFFFFFFFFF05
:109B7000FFFFFFFFFFFFFFFFFFFFFFFFFFFFFFFFF5
:109B8000FFFFFFFFFFFFFFFFFFFFFFFFFFFFFFFFE5
:109B9000FFFFFFFFFFFFFFFFFFFFFFFFFFFFFFFFD5
:109BA000FFFFFFFFFFFFFFFFFFFFFFFFFFFFFFFFC5
:109BB000FFFFFFFFFFFFFFFFFFFFFFFFFFFFFFFFB5
:109BC000FFFFFFFFFFFFFFFFFFFFFFFFFFFFFFFFA5
:109BD000FFFFFFFFFFFFFFFFFFFFFFFFFFFFFFFF95
:109BE000FFFFFFFFFFFFFFFFFFFFFFFFFFFFFFFF85
:109BF000FFFFFFFFFFFFFFFFFFFFFFFFFFFFFFFF75
:109C0000FFFFFFFFFFFFFFFFFFFFFFFFFFFFFFFF64
:109C1000FFFFFFFFFFFFFFFFFFFFFFFFFFFFFFFF54
:109C2000FFFFFFFFFFFFFFFFFFFFFFFFFFFFFFFF44
:109C3000FFFFFFFFFFFFFFFFFFFFFFFFFFFFFFFF34
:109C4000FFFFFFFFFFFFFFFFFFFFFFFFFFFFFFFF24
:109C5000FFFFFFFFFFFFFFFFFFFFFFFFFFFFFFFF14
:109C6000FFFFFFFFFFFFFFFFFFFFFFFFFFFFFFFF04
:109C7000FFFFFFFFFFFFFFFFFFFFFFFFFFFFFFFFF4
:109C8000FFFFFFFFFFFFFFFFFFFFFFFFFFFFFFFFE4
:109C9000FFFFFFFFFFFFFFFFFFFFFFFFFFFFFFFFD4
:109CA000FFFFFFFFFFFFFFFFFFFFFFFFFFFFFFFFC4
:109CB000FFFFFFFFFFFFFFFFFFFFFFFFFFFFFFFFB4
:109CC000FFFFFFFFFFFFFFFFFFFFFFFFFFFFFFFFA4
:109CD000FFFFFFFFFFFFFFFFFFFFFFFFFFFFFFFF94
:109CE000FFFFFFFFFFFFFFFFFFFFFFFFFFFFFFFF84
:109CF000FFFFFFFFFFFFFFFFFFFFFFFFFFFFFFFF74
:109D0000FFFFFFFFFFFFFFFFFFFFFFFFFFFFFFFF63
:109D1000FFFFFFFFFFFFFFFFFFFFFFFFFFFFFFFF53
:109D2000FFFFFFFFFFFFFFFFFFFFFFFFFFFFFFFF43
:109D3000FFFFFFFFFFFFFFFFFFFFFFFFFFFFFFFF33
:109D4000FFFFFFFFFFFFFFFFFFFFFFFFFFFFFFFF23
:109D5000FFFFFFFFFFFFFFFFFFFFFFFFFFFFFFFF13
:109D6000FFFFFFFFFFFFFFFFFFFFFFFFFFFFFFFF03
:109D7000FFFFFFFFFFFFFFFFFFFFFFFFFFFFFFFFF3
:109D8000FFFFFFFFFFFFFFFFFFFFFFFFFFFFFFFFE3
:109D9000FFFFFFFFFFFFFFFFFFFFFFFFFFFFFFFFD3
:109DA000FFFFFFFFFFFFFFFFFFFFFFFFFFFFFFFFC3
:109DB000FFFFFFFFFFFFFFFFFFFFFFFFFFFFFFFFB3
:109DC000FFFFFFFFFFFFFFFFFFFFFFFFFFFFFFFFA3
:109DD000FFFFFFFFFFFFFFFFFFFFFFFFFFFFFFFF93
:109DE000FFFFFFFFFFFFFFFFFFFFFFFFFFFFFFFF83
:109DF000FFFFFFFFFFFFFFFFFFFFFFFFFFFFFFFF73
:109E0000FFFFFFFFFFFFFFFFFFFFFFFFFFFFFFFF62
:109E1000FFFFFFFFFFFFFFFFFFFFFFFFFFFFFFFF52
:109E2000FFFFFFFFFFFFFFFFFFFFFFFFFFFFFFFF42
:109E3000FFFFFFFFFFFFFFFFFFFFFFFFFFFFFFFF32
:109E4000FFFFFFFFFFFFFFFFFFFFFFFFFFFFFFFF22
:109E5000FFFFFFFFFFFFFFFFFFFFFFFFFFFFFFFF12
:109E6000FFFFFFFFFFFFFFFFFFFFFFFFFFFFFFFF02
:109E7000FFFFFFFFFFFFFFFFFFFFFFFFFFFFFFFFF2
:109E8000FFFFFFFFFFFFFFFFFFFFFFFFFFFFFFFFE2
:109E9000FFFFFFFFFFFFFFFFFFFFFFFFFFFFFFFFD2
:109EA000FFFFFFFFFFFFFFFFFFFFFFFFFFFFFFFFC2
:109EB000FFFFFFFFFFFFFFFFFFFFFFFFFFFFFFFFB2
:109EC000FFFFFFFFFFFFFFFFFFFFFFFFFFFFFFFFA2
:109ED000FFFFFFFFFFFFFFFFFFFFFFFFFFFFFFFF92
:109EE000FFFFFFFFFFFFFFFFFFFFFFFFFFFFFFFF82
:109EF000FFFFFFFFFFFFFFFFFFFFFFFFFFFFFFFF72
:109F0000FFFFFFFFFFFFFFFFFFFFFFFFFFFFFFFF61
:109F1000FFFFFFFFFFFFFFFFFFFFFFFFFFFFFFFF51
:109F2000FFFFFFFFFFFFFFFFFFFFFFFFFFFFFFFF41
:109F3000FFFFFFFFFFFFFFFFFFFFFFFFFFFFFFFF31
:109F4000FFFFFFFFFFFFFFFFFFFFFFFFFFFFFFFF21
:109F5000FFFFFFFFFFFFFFFFFFFFFFFFFFFFFFFF11
:109F6000FFFFFFFFFFFFFFFFFFFFFFFFFFFFFFFF01
:109F7000FFFFFFFFFFFFFFFFFFFFFFFFFFFFFFFFF1
:109F8000FFFFFFFFFFFFFFFFFFFFFFFFFFFFFFFFE1
:109F9000FFFFFFFFFFFFFFFFFFFFFFFFFFFFFFFFD1
:109FA000FFFFFFFFFFFFFFFFFFFFFFFFFFFFFFFFC1
:109FB000FFFFFFFFFFFFFFFFFFFFFFFFFFFFFFFFB1
:109FC000FFFFFFFFFFFFFFFFFFFFFFFFFFFFFFFFA1
:109FD000FFFFFFFFFFFFFFFFFFFFFFFFFFFFFFFF91
:109FE000FFFFFFFFFFFFFFFFFFFFFFFFFFFFFFFF81
:109FF000FFFFFFFFFFFFFFFFFFFFFFFFFFFFFFFF71
:10A00000FFFFFFFFFFFFFFFFFFFFFFFFFFFFFFFF60
:10A01000FFFFFFFFFFFFFFFFFFFFFFFFFFFFFFFF50
:10A02000FFFFFFFFFFFFFFFFFFFFFFFFFFFFFFFF40
:10A03000FFFFFFFFFFFFFFFFFFFFFFFFFFFFFFFF30
:10A04000FFFFFFFFFFFFFFFFFFFFFFFFFFFFFFFF20
:10A05000FFFFFFFFFFFFFFFFFFFFFFFFFFFFFFFF10
:10A06000FFFFFFFFFFFFFFFFFFFFFFFFFFFFFFFF00
:10A07000FFFFFFFFFFFFFFFFFFFFFFFFFFFFFFFFF0
:10A08000FFFFFFFFFFFFFFFFFFFFFFFFFFFFFFFFE0
:10A09000FFFFFFFFFFFFFFFFFFFFFFFFFFFFFFFFD0
:10A0A000FFFFFFFFFFFFFFFFFFFFFFFFFFFFFFFFC0
:10A0B000FFFFFFFFFFFFFFFFFFFFFFFFFFFFFFFFB0
:10A0C000FFFFFFFFFFFFFFFFFFFFFFFFFFFFFFFFA0
:10A0D000FFFFFFFFFFFFFFFFFFFFFFFFFFFFFFFF90
:10A0E000FFFFFFFFFFFFFFFFFFFFFFFFFFFFFFFF80
:10A0F000FFFFFFFFFFFFFFFFFFFFFFFFFFFFFFFF70
:10A10000FFFFFFFFFFFFFFFFFFFFFFFFFFFFFFFF5F
:10A11000FFFFFFFFFFFFFFFFFFFFFFFFFFFFFFFF4F
:10A12000FFFFFFFFFFFFFFFFFFFFFFFFFFFFFFFF3F
:10A13000FFFFFFFFFFFFFFFFFFFFFFFFFFFFFFFF2F
:10A14000FFFFFFFFFFFFFFFFFFFFFFFFFFFFFFFF1F
:10A15000FFFFFFFFFFFFFFFFFFFFFFFFFFFFFFFF0F
:10A16000FFFFFFFFFFFFFFFFFFFFFFFFFFFFFFFFFF
:10A17000FFFFFFFFFFFFFFFFFFFFFFFFFFFFFFFFEF
:10A18000FFFFFFFFFFFFFFFFFFFFFFFFFFFFFFFFDF
:10A19000FFFFFFFFFFFFFFFFFFFFFFFFFFFFFFFFCF
:10A1A000FFFFFFFFFFFFFFFFFFFFFFFFFFFFFFFFBF
:10A1B000FFFFFFFFFFFFFFFFFFFFFFFFFFFFFFFFAF
:10A1C000FFFFFFFFFFFFFFFFFFFFFFFFFFFFFFFF9F
:10A1D000FFFFFFFFFFFFFFFFFFFFFFFFFFFFFFFF8F
:10A1E000FFFFFFFFFFFFFFFFFFFFFFFFFFFFFFFF7F
:10A1F000FFFFFFFFFFFFFFFFFFFFFFFFFFFFFFFF6F
:10A20000FFFFFFFFFFFFFFFFFFFFFFFFFFFFFFFF5E
:10A21000FFFFFFFFFFFFFFFFFFFFFFFFFFFFFFFF4E
:10A22000FFFFFFFFFFFFFFFFFFFFFFFFFFFFFFFF3E
:10A23000FFFFFFFFFFFFFFFFFFFFFFFFFFFFFFFF2E
:10A24000FFFFFFFFFFFFFFFFFFFFFFFFFFFFFFFF1E
:10A25000FFFFFFFFFFFFFFFFFFFFFFFFFFFFFFFF0E
:10A26000FFFFFFFFFFFFFFFFFFFFFFFFFFFFFFFFFE
:10A27000FFFFFFFFFFFFFFFFFFFFFFFFFFFFFFFFEE
:10A28000FFFFFFFFFFFFFFFFFFFFFFFFFFFFFFFFDE
:10A29000FFFFFFFFFFFFFFFFFFFFFFFFFFFFFFFFCE
:10A2A000FFFFFFFFFFFFFFFFFFFFFFFFFFFFFFFFBE
:10A2B000FFFFFFFFFFFFFFFFFFFFFFFFFFFFFFFFAE
:10A2C000FFFFFFFFFFFFFFFFFFFFFFFFFFFFFFFF9E
:10A2D000FFFFFFFFFFFFFFFFFFFFFFFFFFFFFFFF8E
:10A2E000FFFFFFFFFFFFFFFFFFFFFFFFFFFFFFFF7E
:10A2F000FFFFFFFFFFFFFFFFFFFFFFFFFFFFFFFF6E
:10A30000FFFFFFFFFFFFFFFFFFFFFFFFFFFFFFFF5D
:10A31000FFFFFFFFFFFFFFFFFFFFFFFFFFFFFFFF4D
:10A32000FFFFFFFFFFFFFFFFFFFFFFFFFFFFFFFF3D
:10A33000FFFFFFFFFFFFFFFFFFFFFFFFFFFFFFFF2D
:10A34000FFFFFFFFFFFFFFFFFFFFFFFFFFFFFFFF1D
:10A35000FFFFFFFFFFFFFFFFFFFFFFFFFFFFFFFF0D
:10A36000FFFFFFFFFFFFFFFFFFFFFFFFFFFFFFFFFD
:10A37000FFFFFFFFFFFFFFFFFFFFFFFFFFFFFFFFED
:10A38000FFFFFFFFFFFFFFFFFFFFFFFFFFFFFFFFDD
:10A39000FFFFFFFFFFFFFFFFFFFFFFFFFFFFFFFFCD
:10A3A000FFFFFFFFFFFFFFFFFFFFFFFFFFFFFFFFBD
:10A3B000FFFFFFFFFFFFFFFFFFFFFFFFFFFFFFFFAD
:10A3C000FFFFFFFFFFFFFFFFFFFFFFFFFFFFFFFF9D
:10A3D000FFFFFFFFFFFFFFFFFFFFFFFFFFFFFFFF8D
:10A3E000FFFFFFFFFFFFFFFFFFFFFFFFFFFFFFFF7D
:10A3F000FFFFFFFFFFFFFFFFFFFFFFFFFFFFFFFF6D
:10A40000FFFFFFFFFFFFFFFFFFFFFFFFFFFFFFFF5C
:10A41000FFFFFFFFFFFFFFFFFFFFFFFFFFFFFFFF4C
:10A42000FFFFFFFFFFFFFFFFFFFFFFFFFFFFFFFF3C
:10A43000FFFFFFFFFFFFFFFFFFFFFFFFFFFFFFFF2C
:10A44000FFFFFFFFFFFFFFFFFFFFFFFFFFFFFFFF1C
:10A45000FFFFFFFFFFFFFFFFFFFFFFFFFFFFFFFF0C
:10A46000FFFFFFFFFFFFFFFFFFFFFFFFFFFFFFFFFC
:10A47000FFFFFFFFFFFFFFFFFFFFFFFFFFFFFFFFEC
:10A48000FFFFFFFFFFFFFFFFFFFFFFFFFFFFFFFFDC
:10A49000FFFFFFFFFFFFFFFFFFFFFFFFFFFFFFFFCC
:10A4A000FFFFFFFFFFFFFFFFFFFFFFFFFFFFFFFFBC
:10A4B000FFFFFFFFFFFFFFFFFFFFFFFFFFFFFFFFAC
:10A4C000FFFFFFFFFFFFFFFFFFFFFFFFFFFFFFFF9C
:10A4D000FFFFFFFFFFFFFFFFFFFFFFFFFFFFFFFF8C
:10A4E000FFFFFFFFFFFFFFFFFFFFFFFFFFFFFFFF7C
:10A4F000FFFFFFFFFFFFFFFFFFFFFFFFFFFFFFFF6C
:10A50000FFFFFFFFFFFFFFFFFFFFFFFFFFFFFFFF5B
:10A51000FFFFFFFFFFFFFFFFFFFFFFFFFFFFFFFF4B
:10A52000FFFFFFFFFFFFFFFFFFFFFFFFFFFFFFFF3B
:10A53000FFFFFFFFFFFFFFFFFFFFFFFFFFFFFFFF2B
:10A54000FFFFFFFFFFFFFFFFFFFFFFFFFFFFFFFF1B
:10A55000FFFFFFFFFFFFFFFFFFFFFFFFFFFFFFFF0B
:10A56000FFFFFFFFFFFFFFFFFFFFFFFFFFFFFFFFFB
:10A57000FFFFFFFFFFFFFFFFFFFFFFFFFFFFFFFFEB
:10A58000FFFFFFFFFFFFFFFFFFFFFFFFFFFFFFFFDB
:10A59000FFFFFFFFFFFFFFFFFFFFFFFFFFFFFFFFCB
:10A5A000FFFFFFFFFFFFFFFFFFFFFFFFFFFFFFFFBB
:10A5B000FFFFFFFFFFFFFFFFFFFFFFFFFFFFFFFFAB
:10A5C000FFFFFFFFFFFFFFFFFFFFFFFFFFFFFFFF9B
:10A5D000FFFFFFFFFFFFFFFFFFFFFFFFFFFFFFFF8B
:10A5E000FFFFFFFFFFFFFFFFFFFFFFFFFFFFFFFF7B
:10A5F000FFFFFFFFFFFFFFFFFFFFFFFFFFFFFFFF6B
:10A60000FFFFFFFFFFFFFFFFFFFFFFFFFFFFFFFF5A
:10A61000FFFFFFFFFFFFFFFFFFFFFFFFFFFFFFFF4A
:10A62000FFFFFFFFFFFFFFFFFFFFFFFFFFFFFFFF3A
:10A63000FFFFFFFFFFFFFFFFFFFFFFFFFFFFFFFF2A
:10A64000FFFFFFFFFFFFFFFFFFFFFFFFFFFFFFFF1A
:10A65000FFFFFFFFFFFFFFFFFFFFFFFFFFFFFFFF0A
:10A66000FFFFFFFFFFFFFFFFFFFFFFFFFFFFFFFFFA
:10A67000FFFFFFFFFFFFFFFFFFFFFFFFFFFFFFFFEA
:10A68000FFFFFFFFFFFFFFFFFFFFFFFFFFFFFFFFDA
:10A69000FFFFFFFFFFFFFFFFFFFFFFFFFFFFFFFFCA
:10A6A000FFFFFFFFFFFFFFFFFFFFFFFFFFFFFFFFBA
:10A6B000FFFFFFFFFFFFFFFFFFFFFFFFFFFFFFFFAA
:10A6C000FFFFFFFFFFFFFFFFFFFFFFFFFFFFFFFF9A
:10A6D000FFFFFFFFFFFFFFFFFFFFFFFFFFFFFFFF8A
:10A6E000FFFFFFFFFFFFFFFFFFFFFFFFFFFFFFFF7A
:10A6F000FFFFFFFFFFFFFFFFFFFFFFFFFFFFFFFF6A
:10A70000FFFFFFFFFFFFFFFFFFFFFFFFFFFFFFFF59
:10A71000FFFFFFFFFFFFFFFFFFFFFFFFFFFFFFFF49
:10A72000FFFFFFFFFFFFFFFFFFFFFFFFFFFFFFFF39
:10A73000FFFFFFFFFFFFFFFFFFFFFFFFFFFFFFFF29
:10A74000FFFFFFFFFFFFFFFFFFFFFFFFFFFFFFFF19
:10A75000FFFFFFFFFFFFFFFFFFFFFFFFFFFFFFFF09
:10A76000FFFFFFFFFFFFFFFFFFFFFFFFFFFFFFFFF9
:10A77000FFFFFFFFFFFFFFFFFFFFFFFFFFFFFFFFE9
:10A78000FFFFFFFFFFFFFFFFFFFFFFFFFFFFFFFFD9
:10A79000FFFFFFFFFFFFFFFFFFFFFFFFFFFFFFFFC9
:10A7A000FFFFFFFFFFFFFFFFFFFFFFFFFFFFFFFFB9
:10A7B000FFFFFFFFFFFFFFFFFFFFFFFFFFFFFFFFA9
:10A7C000FFFFFFFFFFFFFFFFFFFFFFFFFFFFFFFF99
:10A7D000FFFFFFFFFFFFFFFFFFFFFFFFFFFFFFFF89
:10A7E000FFFFFFFFFFFFFFFFFFFFFFFFFFFFFFFF79
:10A7F000FFFFFFFFFFFFFFFFFFFFFFFFFFFFFFFF69
:10A80000FFFFFFFFFFFFFFFFFFFFFFFFFFFFFFFF58
:10A81000FFFFFFFFFFFFFFFFFFFFFFFFFFFFFFFF48
:10A82000FFFFFFFFFFFFFFFFFFFFFFFFFFFFFFFF38
:10A83000FFFFFFFFFFFFFFFFFFFFFFFFFFFFFFFF28
:10A84000FFFFFFFFFFFFFFFFFFFFFFFFFFFFFFFF18
:10A85000FFFFFFFFFFFFFFFFFFFFFFFFFFFFFFFF08
:10A86000FFFFFFFFFFFFFFFFFFFFFFFFFFFFFFFFF8
:10A87000FFFFFFFFFFFFFFFFFFFFFFFFFFFFFFFFE8
:10A88000FFFFFFFFFFFFFFFFFFFFFFFFFFFFFFFFD8
:10A89000FFFFFFFFFFFFFFFFFFFFFFFFFFFFFFFFC8
:10A8A000FFFFFFFFFFFFFFFFFFFFFFFFFFFFFFFFB8
:10A8B000FFFFFFFFFFFFFFFFFFFFFFFFFFFFFFFFA8
:10A8C000FFFFFFFFFFFFFFFFFFFFFFFFFFFFFFFF98
:10A8D000FFFFFFFFFFFFFFFFFFFFFFFFFFFFFFFF88
:10A8E000FFFFFFFFFFFFFFFFFFFFFFFFFFFFFFFF78
:10A8F000FFFFFFFFFFFFFFFFFFFFFFFFFFFFFFFF68
:10A90000FFFFFFFFFFFFFFFFFFFFFFFFFFFFFFFF57
:10A91000FFFFFFFFFFFFFFFFFFFFFFFFFFFFFFFF47
:10A92000FFFFFFFFFFFFFFFFFFFFFFFFFFFFFFFF37
:10A93000FFFFFFFFFFFFFFFFFFFFFFFFFFFFFFFF27
:10A94000FFFFFFFFFFFFFFFFFFFFFFFFFFFFFFFF17
:10A95000FFFFFFFFFFFFFFFFFFFFFFFFFFFFFFFF07
:10A96000FFFFFFFFFFFFFFFFFFFFFFFFFFFFFFFFF7
:10A97000FFFFFFFFFFFFFFFFFFFFFFFFFFFFFFFFE7
:10A98000FFFFFFFFFFFFFFFFFFFFFFFFFFFFFFFFD7
:10A99000FFFFFFFFFFFFFFFFFFFFFFFFFFFFFFFFC7
:10A9A000FFFFFFFFFFFFFFFFFFFFFFFFFFFFFFFFB7
:10A9B000FFFFFFFFFFFFFFFFFFFFFFFFFFFFFFFFA7
:10A9C000FFFFFFFFFFFFFFFFFFFFFFFFFFFFFFFF97
:10A9D000FFFFFFFFFFFFFFFFFFFFFFFFFFFFFFFF87
:10A9E000FFFFFFFFFFFFFFFFFFFFFFFFFFFFFFFF77
:10A9F000FFFFFFFFFFFFFFFFFFFFFFFFFFFFFFFF67
:10AA0000FFFFFFFFFFFFFFFFFFFFFFFFFFFFFFFF56
:10AA1000FFFFFFFFFFFFFFFFFFFFFFFFFFFFFFFF46
:10AA2000FFFFFFFFFFFFFFFFFFFFFFFFFFFFFFFF36
:10AA3000FFFFFFFFFFFFFFFFFFFFFFFFFFFFFFFF26
:10AA4000FFFFFFFFFFFFFFFFFFFFFFFFFFFFFFFF16
:10AA5000FFFFFFFFFFFFFFFFFFFFFFFFFFFFFFFF06
:10AA6000FFFFFFFFFFFFFFFFFFFFFFFFFFFFFFFFF6
:10AA7000FFFFFFFFFFFFFFFFFFFFFFFFFFFFFFFFE6
:10AA8000FFFFFFFFFFFFFFFFFFFFFFFFFFFFFFFFD6
:10AA9000FFFFFFFFFFFFFFFFFFFFFFFFFFFFFFFFC6
:10AAA000FFFFFFFFFFFFFFFFFFFFFFFFFFFFFFFFB6
:10AAB000FFFFFFFFFFFFFFFFFFFFFFFFFFFFFFFFA6
:10AAC000FFFFFFFFFFFFFFFFFFFFFFFFFFFFFFFF96
:10AAD000FFFFFFFFFFFFFFFFFFFFFFFFFFFFFFFF86
:10AAE000FFFFFFFFFFFFFFFFFFFFFFFFFFFFFFFF76
:10AAF000FFFFFFFFFFFFFFFFFFFFFFFFFFFFFFFF66
:10AB0000FFFFFFFFFFFFFFFFFFFFFFFFFFFFFFFF55
:10AB1000FFFFFFFFFFFFFFFFFFFFFFFFFFFFFFFF45
:10AB2000FFFFFFFFFFFFFFFFFFFFFFFFFFFFFFFF35
:10AB3000FFFFFFFFFFFFFFFFFFFFFFFFFFFFFFFF25
:10AB4000FFFFFFFFFFFFFFFFFFFFFFFFFFFFFFFF15
:10AB5000FFFFFFFFFFFFFFFFFFFFFFFFFFFFFFFF05
:10AB6000FFFFFFFFFFFFFFFFFFFFFFFFFFFFFFFFF5
:10AB7000FFFFFFFFFFFFFFFFFFFFFFFFFFFFFFFFE5
:10AB8000FFFFFFFFFFFFFFFFFFFFFFFFFFFFFFFFD5
:10AB9000FFFFFFFFFFFFFFFFFFFFFFFFFFFFFFFFC5
:10ABA000FFFFFFFFFFFFFFFFFFFFFFFFFFFFFFFFB5
:10ABB000FFFFFFFFFFFFFFFFFFFFFFFFFFFFFFFFA5
:10ABC000FFFFFFFFFFFFFFFFFFFFFFFFFFFFFFFF95
:10ABD000FFFFFFFFFFFFFFFFFFFFFFFFFFFFFFFF85
:10ABE000FFFFFFFFFFFFFFFFFFFFFFFFFFFFFFFF75
:10ABF000FFFFFFFFFFFFFFFFFFFFFFFFFFFFFFFF65
:10AC0000FFFFFFFFFFFFFFFFFFFFFFFFFFFFFFFF54
:10AC1000FFFFFFFFFFFFFFFFFFFFFFFFFFFFFFFF44
:10AC2000FFFFFFFFFFFFFFFFFFFFFFFFFFFFFFFF34
:10AC3000FFFFFFFFFFFFFFFFFFFFFFFFFFFFFFFF24
:10AC4000FFFFFFFFFFFFFFFFFFFFFFFFFFFFFFFF14
:10AC5000FFFFFFFFFFFFFFFFFFFFFFFFFFFFFFFF04
:10AC6000FFFFFFFFFFFFFFFFFFFFFFFFFFFFFFFFF4
:10AC7000FFFFFFFFFFFFFFFFFFFFFFFFFFFFFFFFE4
:10AC8000FFFFFFFFFFFFFFFFFFFFFFFFFFFFFFFFD4
:10AC9000FFFFFFFFFFFFFFFFFFFFFFFFFFFFFFFFC4
:10ACA000FFFFFFFFFFFFFFFFFFFFFFFFFFFFFFFFB4
:10ACB000FFFFFFFFFFFFFFFFFFFFFFFFFFFFFFFFA4
:10ACC000FFFFFFFFFFFFFFFFFFFFFFFFFFFFFFFF94
:10ACD000FFFFFFFFFFFFFFFFFFFFFFFFFFFFFFFF84
:10ACE000FFFFFFFFFFFFFFFFFFFFFFFFFFFFFFFF74
:10ACF000FFFFFFFFFFFFFFFFFFFFFFFFFFFFFFFF64
:10AD0000FFFFFFFFFFFFFFFFFFFFFFFFFFFFFFFF53
:10AD1000FFFFFFFFFFFFFFFFFFFFFFFFFFFFFFFF43
:10AD2000FFFFFFFFFFFFFFFFFFFFFFFFFFFFFFFF33
:10AD3000FFFFFFFFFFFFFFFFFFFFFFFFFFFFFFFF23
:10AD4000FFFFFFFFFFFFFFFFFFFFFFFFFFFFFFFF13
:10AD5000FFFFFFFFFFFFFFFFFFFFFFFFFFFFFFFF03
:10AD6000FFFFFFFFFFFFFFFFFFFFFFFFFFFFFFFFF3
:10AD7000FFFFFFFFFFFFFFFFFFFFFFFFFFFFFFFFE3
:10AD8000FFFFFFFFFFFFFFFFFFFFFFFFFFFFFFFFD3
:10AD9000FFFFFFFFFFFFFFFFFFFFFFFFFFFFFFFFC3
:10ADA000FFFFFFFFFFFFFFFFFFFFFFFFFFFFFFFFB3
:10ADB000FFFFFFFFFFFFFFFFFFFFFFFFFFFFFFFFA3
:10ADC000FFFFFFFFFFFFFFFFFFFFFFFFFFFFFFFF93
:10ADD000FFFFFFFFFFFFFFFFFFFFFFFFFFFFFFFF83
:10ADE000FFFFFFFFFFFFFFFFFFFFFFFFFFFFFFFF73
:10ADF000FFFFFFFFFFFFFFFFFFFFFFFFFFFFFFFF63
:10AE0000FFFFFFFFFFFFFFFFFFFFFFFFFFFFFFFF52
:10AE1000FFFFFFFFFFFFFFFFFFFFFFFFFFFFFFFF42
:10AE2000FFFFFFFFFFFFFFFFFFFFFFFFFFFFFFFF32
:10AE3000FFFFFFFFFFFFFFFFFFFFFFFFFFFFFFFF22
:10AE4000FFFFFFFFFFFFFFFFFFFFFFFFFFFFFFFF12
:10AE5000FFFFFFFFFFFFFFFFFFFFFFFFFFFFFFFF02
:10AE6000FFFFFFFFFFFFFFFFFFFFFFFFFFFFFFFFF2
:10AE7000FFFFFFFFFFFFFFFFFFFFFFFFFFFFFFFFE2
:10AE8000FFFFFFFFFFFFFFFFFFFFFFFFFFFFFFFFD2
:10AE9000FFFFFFFFFFFFFFFFFFFFFFFFFFFFFFFFC2
:10AEA000FFFFFFFFFFFFFFFFFFFFFFFFFFFFFFFFB2
:10AEB000FFFFFFFFFFFFFFFFFFFFFFFFFFFFFFFFA2
:10AEC000FFFFFFFFFFFFFFFFFFFFFFFFFFFFFFFF92
:10AED000FFFFFFFFFFFFFFFFFFFFFFFFFFFFFFFF82
:10AEE000FFFFFFFFFFFFFFFFFFFFFFFFFFFFFFFF72
:10AEF000FFFFFFFFFFFFFFFFFFFFFFFFFFFFFFFF62
:10AF0000FFFFFFFFFFFFFFFFFFFFFFFFFFFFFFFF51
:10AF1000FFFFFFFFFFFFFFFFFFFFFFFFFFFFFFFF41
:10AF2000FFFFFFFFFFFFFFFFFFFFFFFFFFFFFFFF31
:10AF3000FFFFFFFFFFFFFFFFFFFFFFFFFFFFFFFF21
:10AF4000FFFFFFFFFFFFFFFFFFFFFFFFFFFFFFFF11
:10AF5000FFFFFFFFFFFFFFFFFFFFFFFFFFFFFFFF01
:10AF6000FFFFFFFFFFFFFFFFFFFFFFFFFFFFFFFFF1
:10AF7000FFFFFFFFFFFFFFFFFFFFFFFFFFFFFFFFE1
:10AF8000FFFFFFFFFFFFFFFFFFFFFFFFFFFFFFFFD1
:10AF9000FFFFFFFFFFFFFFFFFFFFFFFFFFFFFFFFC1
:10AFA000FFFFFFFFFFFFFFFFFFFFFFFFFFFFFFFFB1
:10AFB000FFFFFFFFFFFFFFFFFFFFFFFFFFFFFFFFA1
:10AFC000FFFFFFFFFFFFFFFFFFFFFFFFFFFFFFFF91
:10AFD000FFFFFFFFFFFFFFFFFFFFFFFFFFFFFFFF81
:10AFE000FFFFFFFFFFFFFFFFFFFFFFFFFFFFFFFF71
:10AFF000FFFFFFFFFFFFFFFFFFFFFFFFFFFFFFFF61
:10B00000FFFFFFFFFFFFFFFFFFFFFFFFFFFFFFFF50
:10B01000FFFFFFFFFFFFFFFFFFFFFFFFFFFFFFFF40
:10B02000FFFFFFFFFFFFFFFFFFFFFFFFFFFFFFFF30
:10B03000FFFFFFFFFFFFFFFFFFFFFFFFFFFFFFFF20
:10B04000FFFFFFFFFFFFFFFFFFFFFFFFFFFFFFFF10
:10B05000FFFFFFFFFFFFFFFFFFFFFFFFFFFFFFFF00
:10B06000FFFFFFFFFFFFFFFFFFFFFFFFFFFFFFFFF0
:10B07000FFFFFFFFFFFFFFFFFFFFFFFFFFFFFFFFE0
:10B08000FFFFFFFFFFFFFFFFFFFFFFFFFFFFFFFFD0
:10B09000FFFFFFFFFFFFFFFFFFFFFFFFFFFFFFFFC0
:10B0A000FFFFFFFFFFFFFFFFFFFFFFFFFFFFFFFFB0
:10B0B000FFFFFFFFFFFFFFFFFFFFFFFFFFFFFFFFA0
:10B0C000FFFFFFFFFFFFFFFFFFFFFFFFFFFFFFFF90
:10B0D000FFFFFFFFFFFFFFFFFFFFFFFFFFFFFFFF80
:10B0E000FFFFFFFFFFFFFFFFFFFFFFFFFFFFFFFF70
:10B0F000FFFFFFFFFFFFFFFFFFFFFFFFFFFFFFFF60
:10B10000FFFFFFFFFFFFFFFFFFFFFFFFFFFFFFFF4F
:10B11000FFFFFFFFFFFFFFFFFFFFFFFFFFFFFFFF3F
:10B12000FFFFFFFFFFFFFFFFFFFFFFFFFFFFFFFF2F
:10B13000FFFFFFFFFFFFFFFFFFFFFFFFFFFFFFFF1F
:10B14000FFFFFFFFFFFFFFFFFFFFFFFFFFFFFFFF0F
:10B15000FFFFFFFFFFFFFFFFFFFFFFFFFFFFFFFFFF
:10B16000FFFFFFFFFFFFFFFFFFFFFFFFFFFFFFFFEF
:10B17000FFFFFFFFFFFFFFFFFFFFFFFFFFFFFFFFDF
:10B18000FFFFFFFFFFFFFFFFFFFFFFFFFFFFFFFFCF
:10B19000FFFFFFFFFFFFFFFFFFFFFFFFFFFFFFFFBF
:10B1A000FFFFFFFFFFFFFFFFFFFFFFFFFFFFFFFFAF
:10B1B000FFFFFFFFFFFFFFFFFFFFFFFFFFFFFFFF9F
:10B1C000FFFFFFFFFFFFFFFFFFFFFFFFFFFFFFFF8F
:10B1D000FFFFFFFFFFFFFFFFFFFFFFFFFFFFFFFF7F
:10B1E000FFFFFFFFFFFFFFFFFFFFFFFFFFFFFFFF6F
:10B1F000FFFFFFFFFFFFFFFFFFFFFFFFFFFFFFFF5F
:10B20000FFFFFFFFFFFFFFFFFFFFFFFFFFFFFFFF4E
:10B21000FFFFFFFFFFFFFFFFFFFFFFFFFFFFFFFF3E
:10B22000FFFFFFFFFFFFFFFFFFFFFFFFFFFFFFFF2E
:10B23000FFFFFFFFFFFFFFFFFFFFFFFFFFFFFFFF1E
:10B24000FFFFFFFFFFFFFFFFFFFFFFFFFFFFFFFF0E
:10B25000FFFFFFFFFFFFFFFFFFFFFFFFFFFFFFFFFE
:10B26000FFFFFFFFFFFFFFFFFFFFFFFFFFFFFFFFEE
:10B27000FFFFFFFFFFFFFFFFFFFFFFFFFFFFFFFFDE
:10B28000FFFFFFFFFFFFFFFFFFFFFFFFFFFFFFFFCE
:10B29000FFFFFFFFFFFFFFFFFFFFFFFFFFFFFFFFBE
:10B2A000FFFFFFFFFFFFFFFFFFFFFFFFFFFFFFFFAE
:10B2B000FFFFFFFFFFFFFFFFFFFFFFFFFFFFFFFF9E
:10B2C000FFFFFFFFFFFFFFFFFFFFFFFFFFFFFFFF8E
:10B2D000FFFFFFFFFFFFFFFFFFFFFFFFFFFFFFFF7E
:10B2E000FFFFFFFFFFFFFFFFFFFFFFFFFFFFFFFF6E
:10B2F000FFFFFFFFFFFFFFFFFFFFFFFFFFFFFFFF5E
:10B30000FFFFFFFFFFFFFFFFFFFFFFFFFFFFFFFF4D
:10B31000FFFFFFFFFFFFFFFFFFFFFFFFFFFFFFFF3D
:10B32000FFFFFFFFFFFFFFFFFFFFFFFFFFFFFFFF2D
:10B33000FFFFFFFFFFFFFFFFFFFFFFFFFFFFFFFF1D
:10B34000FFFFFFFFFFFFFFFFFFFFFFFFFFFFFFFF0D
:10B35000FFFFFFFFFFFFFFFFFFFFFFFFFFFFFFFFFD
:10B36000FFFFFFFFFFFFFFFFFFFFFFFFFFFFFFFFED
:10B37000FFFFFFFFFFFFFFFFFFFFFFFFFFFFFFFFDD
:10B38000FFFFFFFFFFFFFFFFFFFFFFFFFFFFFFFFCD
:10B39000FFFFFFFFFFFFFFFFFFFFFFFFFFFFFFFFBD
:10B3A000FFFFFFFFFFFFFFFFFFFFFFFFFFFFFFFFAD
:10B3B000FFFFFFFFFFFFFFFFFFFFFFFFFFFFFFFF9D
:10B3C000FFFFFFFFFFFFFFFFFFFFFFFFFFFFFFFF8D
:10B3D000FFFFFFFFFFFFFFFFFFFFFFFFFFFFFFFF7D
:10B3E000FFFFFFFFFFFFFFFFFFFFFFFFFFFFFFFF6D
:10B3F000FFFFFFFFFFFFFFFFFFFFFFFFFFFFFFFF5D
:10B40000FFFFFFFFFFFFFFFFFFFFFFFFFFFFFFFF4C
:10B41000FFFFFFFFFFFFFFFFFFFFFFFFFFFFFFFF3C
:10B42000FFFFFFFFFFFFFFFFFFFFFFFFFFFFFFFF2C
:10B43000FFFFFFFFFFFFFFFFFFFFFFFFFFFFFFFF1C
:10B44000FFFFFFFFFFFFFFFFFFFFFFFFFFFFFFFF0C
:10B45000FFFFFFFFFFFFFFFFFFFFFFFFFFFFFFFFFC
:10B46000FFFFFFFFFFFFFFFFFFFFFFFFFFFFFFFFEC
:10B47000FFFFFFFFFFFFFFFFFFFFFFFFFFFFFFFFDC
:10B48000FFFFFFFFFFFFFFFFFFFFFFFFFFFFFFFFCC
:10B49000FFFFFFFFFFFFFFFFFFFFFFFFFFFFFFFFBC
:10B4A000FFFFFFFFFFFFFFFFFFFFFFFFFFFFFFFFAC
:10B4B000FFFFFFFFFFFFFFFFFFFFFFFFFFFFFFFF9C
:10B4C000FFFFFFFFFFFFFFFFFFFFFFFFFFFFFFFF8C
:10B4D000FFFFFFFFFFFFFFFFFFFFFFFFFFFFFFFF7C
:10B4E000FFFFFFFFFFFFFFFFFFFFFFFFFFFFFFFF6C
:10B4F000FFFFFFFFFFFFFFFFFFFFFFFFFFFFFFFF5C
:10B50000FFFFFFFFFFFFFFFFFFFFFFFFFFFFFFFF4B
:10B51000FFFFFFFFFFFFFFFFFFFFFFFFFFFFFFFF3B
:10B52000FFFFFFFFFFFFFFFFFFFFFFFFFFFFFFFF2B
:10B53000FFFFFFFFFFFFFFFFFFFFFFFFFFFFFFFF1B
:10B54000FFFFFFFFFFFFFFFFFFFFFFFFFFFFFFFF0B
:10B55000FFFFFFFFFFFFFFFFFFFFFFFFFFFFFFFFFB
:10B56000FFFFFFFFFFFFFFFFFFFFFFFFFFFFFFFFEB
:10B57000FFFFFFFFFFFFFFFFFFFFFFFFFFFFFFFFDB
:10B58000FFFFFFFFFFFFFFFFFFFFFFFFFFFFFFFFCB
:10B59000FFFFFFFFFFFFFFFFFFFFFFFFFFFFFFFFBB
:10B5A000FFFFFFFFFFFFFFFFFFFFFFFFFFFFFFFFAB
:10B5B000FFFFFFFFFFFFFFFFFFFFFFFFFFFFFFFF9B
:10B5C000FFFFFFFFFFFFFFFFFFFFFFFFFFFFFFFF8B
:10B5D000FFFFFFFFFFFFFFFFFFFFFFFFFFFFFFFF7B
:10B5E000FFFFFFFFFFFFFFFFFFFFFFFFFFFFFFFF6B
:10B5F000FFFFFFFFFFFFFFFFFFFFFFFFFFFFFFFF5B
:10B60000FFFFFFFFFFFFFFFFFFFFFFFFFFFFFFFF4A
:10B61000FFFFFFFFFFFFFFFFFFFFFFFFFFFFFFFF3A
:10B62000FFFFFFFFFFFFFFFFFFFFFFFFFFFFFFFF2A
:10B63000FFFFFFFFFFFFFFFFFFFFFFFFFFFFFFFF1A
:10B64000FFFFFFFFFFFFFFFFFFFFFFFFFFFFFFFF0A
:10B65000FFFFFFFFFFFFFFFFFFFFFFFFFFFFFFFFFA
:10B66000FFFFFFFFFFFFFFFFFFFFFFFFFFFFFFFFEA
:10B67000FFFFFFFFFFFFFFFFFFFFFFFFFFFFFFFFDA
:10B68000FFFFFFFFFFFFFFFFFFFFFFFFFFFFFFFFCA
:10B69000FFFFFFFFFFFFFFFFFFFFFFFFFFFFFFFFBA
:10B6A000FFFFFFFFFFFFFFFFFFFFFFFFFFFFFFFFAA
:10B6B000FFFFFFFFFFFFFFFFFFFFFFFFFFFFFFFF9A
:10B6C000FFFFFFFFFFFFFFFFFFFFFFFFFFFFFFFF8A
:10B6D000FFFFFFFFFFFFFFFFFFFFFFFFFFFFFFFF7A
:10B6E000FFFFFFFFFFFFFFFFFFFFFFFFFFFFFFFF6A
:10B6F000FFFFFFFFFFFFFFFFFFFFFFFFFFFFFFFF5A
:10B70000FFFFFFFFFFFFFFFFFFFFFFFFFFFFFFFF49
:10B71000FFFFFFFFFFFFFFFFFFFFFFFFFFFFFFFF39
:10B72000FFFFFFFFFFFFFFFFFFFFFFFFFFFFFFFF29
:10B73000FFFFFFFFFFFFFFFFFFFFFFFFFFFFFFFF19
:10B74000FFFFFFFFFFFFFFFFFFFFFFFFFFFFFFFF09
:10B75000FFFFFFFFFFFFFFFFFFFFFFFFFFFFFFFFF9
:10B76000FFFFFFFFFFFFFFFFFFFFFFFFFFFFFFFFE9
:10B77000FFFFFFFFFFFFFFFFFFFFFFFFFFFFFFFFD9
:10B78000FFFFFFFFFFFFFFFFFFFFFFFFFFFFFFFFC9
:10B79000FFFFFFFFFFFFFFFFFFFFFFFFFFFFFFFFB9
:10B7A000FFFFFFFFFFFFFFFFFFFFFFFFFFFFFFFFA9
:10B7B000FFFFFFFFFFFFFFFFFFFFFFFFFFFFFFFF99
:10B7C000FFFFFFFFFFFFFFFFFFFFFFFFFFFFFFFF89
:10B7D000FFFFFFFFFFFFFFFFFFFFFFFFFFFFFFFF79
:10B7E000FFFFFFFFFFFFFFFFFFFFFFFFFFFFFFFF69
:10B7F000FFFFFFFFFFFFFFFFFFFFFFFFFFFFFFFF59
:10B80000FFFFFFFFFFFFFFFFFFFFFFFFFFFFFFFF48
:10B81000FFFFFFFFFFFFFFFFFFFFFFFFFFFFFFFF38
:10B82000FFFFFFFFFFFFFFFFFFFFFFFFFFFFFFFF28
:10B83000FFFFFFFFFFFFFFFFFFFFFFFFFFFFFFFF18
:10B84000FFFFFFFFFFFFFFFFFFFFFFFFFFFFFFFF08
:10B85000FFFFFFFFFFFFFFFFFFFFFFFFFFFFFFFFF8
:10B86000FFFFFFFFFFFFFFFFFFFFFFFFFFFFFFFFE8
:10B87000FFFFFFFFFFFFFFFFFFFFFFFFFFFFFFFFD8
:10B88000FFFFFFFFFFFFFFFFFFFFFFFFFFFFFFFFC8
:10B89000FFFFFFFFFFFFFFFFFFFFFFFFFFFFFFFFB8
:10B8A000FFFFFFFFFFFFFFFFFFFFFFFFFFFFFFFFA8
:10B8B000FFFFFFFFFFFFFFFFFFFFFFFFFFFFFFFF98
:10B8C000FFFFFFFFFFFFFFFFFFFFFFFFFFFFFFFF88
:10B8D000FFFFFFFFFFFFFFFFFFFFFFFFFFFFFFFF78
:10B8E000FFFFFFFFFFFFFFFFFFFFFFFFFFFFFFFF68
:10B8F000FFFFFFFFFFFFFFFFFFFFFFFFFFFFFFFF58
:10B90000FFFFFFFFFFFFFFFFFFFFFFFFFFFFFFFF47
:10B91000FFFFFFFFFFFFFFFFFFFFFFFFFFFFFFFF37
:10B92000FFFFFFFFFFFFFFFFFFFFFFFFFFFFFFFF27
:10B93000FFFFFFFFFFFFFFFFFFFFFFFFFFFFFFFF17
:10B94000FFFFFFFFFFFFFFFFFFFFFFFFFFFFFFFF07
:10B95000FFFFFFFFFFFFFFFFFFFFFFFFFFFFFFFFF7
:10B96000FFFFFFFFFFFFFFFFFFFFFFFFFFFFFFFFE7
:10B97000FFFFFFFFFFFFFFFFFFFFFFFFFFFFFFFFD7
:10B98000FFFFFFFFFFFFFFFFFFFFFFFFFFFFFFFFC7
:10B99000FFFFFFFFFFFFFFFFFFFFFFFFFFFFFFFFB7
:10B9A000FFFFFFFFFFFFFFFFFFFFFFFFFFFFFFFFA7
:10B9B000FFFFFFFFFFFFFFFFFFFFFFFFFFFFFFFF97
:10B9C000FFFFFFFFFFFFFFFFFFFFFFFFFFFFFFFF87
:10B9D000FFFFFFFFFFFFFFFFFFFFFFFFFFFFFFFF77
:10B9E000FFFFFFFFFFFFFFFFFFFFFFFFFFFFFFFF67
:10B9F000FFFFFFFFFFFFFFFFFFFFFFFFFFFFFFFF57
:10BA0000FFFFFFFFFFFFFFFFFFFFFFFFFFFFFFFF46
:10BA1000FFFFFFFFFFFFFFFFFFFFFFFFFFFFFFFF36
:10BA2000FFFFFFFFFFFFFFFFFFFFFFFFFFFFFFFF26
:10BA3000FFFFFFFFFFFFFFFFFFFFFFFFFFFFFFFF16
:10BA4000FFFFFFFFFFFFFFFFFFFFFFFFFFFFFFFF06
:10BA5000FFFFFFFFFFFFFFFFFFFFFFFFFFFFFFFFF6
:10BA6000FFFFFFFFFFFFFFFFFFFFFFFFFFFFFFFFE6
:10BA7000FFFFFFFFFFFFFFFFFFFFFFFFFFFFFFFFD6
:10BA8000FFFFFFFFFFFFFFFFFFFFFFFFFFFFFFFFC6
:10BA9000FFFFFFFFFFFFFFFFFFFFFFFFFFFFFFFFB6
:10BAA000FFFFFFFFFFFFFFFFFFFFFFFFFFFFFFFFA6
:10BAB000FFFFFFFFFFFFFFFFFFFFFFFFFFFFFFFF96
:10BAC000FFFFFFFFFFFFFFFFFFFFFFFFFFFFFFFF86
:10BAD000FFFFFFFFFFFFFFFFFFFFFFFFFFFFFFFF76
:10BAE000FFFFFFFFFFFFFFFFFFFFFFFFFFFFFFFF66
:10BAF000FFFFFFFFFFFFFFFFFFFFFFFFFFFFFFFF56
:10BB0000FFFFFFFFFFFFFFFFFFFFFFFFFFFFFFFF45
:10BB1000FFFFFFFFFFFFFFFFFFFFFFFFFFFFFFFF35
:10BB2000FFFFFFFFFFFFFFFFFFFFFFFFFFFFFFFF25
:10BB3000FFFFFFFFFFFFFFFFFFFFFFFFFFFFFFFF15
:10BB4000FFFFFFFFFFFFFFFFFFFFFFFFFFFFFFFF05
:10BB5000FFFFFFFFFFFFFFFFFFFFFFFFFFFFFFFFF5
:10BB6000FFFFFFFFFFFFFFFFFFFFFFFFFFFFFFFFE5
:10BB7000FFFFFFFFFFFFFFFFFFFFFFFFFFFFFFFFD5
:10BB8000FFFFFFFFFFFFFFFFFFFFFFFFFFFFFFFFC5
:10BB9000FFFFFFFFFFFFFFFFFFFFFFFFFFFFFFFFB5
:10BBA000FFFFFFFFFFFFFFFFFFFFFFFFFFFFFFFFA5
:10BBB000FFFFFFFFFFFFFFFFFFFFFFFFFFFFFFFF95
:10BBC000FFFFFFFFFFFFFFFFFFFFFFFFFFFFFFFF85
:10BBD000FFFFFFFFFFFFFFFFFFFFFFFFFFFFFFFF75
:10BBE000FFFFFFFFFFFFFFFFFFFFFFFFFFFFFFFF65
:10BBF000FFFFFFFFFFFFFFFFFFFFFFFFFFFFFFFF55
:10BC0000FFFFFFFFFFFFFFFFFFFFFFFFFFFFFFFF44
:10BC1000FFFFFFFFFFFFFFFFFFFFFFFFFFFFFFFF34
:10BC2000FFFFFFFFFFFFFFFFFFFFFFFFFFFFFFFF24
:10BC3000FFFFFFFFFFFFFFFFFFFFFFFFFFFFFFFF14
:10BC4000FFFFFFFFFFFFFFFFFFFFFFFFFFFFFFFF04
:10BC5000FFFFFFFFFFFFFFFFFFFFFFFFFFFFFFFFF4
:10BC6000FFFFFFFFFFFFFFFFFFFFFFFFFFFFFFFFE4
:10BC7000FFFFFFFFFFFFFFFFFFFFFFFFFFFFFFFFD4
:10BC8000FFFFFFFFFFFFFFFFFFFFFFFFFFFFFFFFC4
:10BC9000FFFFFFFFFFFFFFFFFFFFFFFFFFFFFFFFB4
:10BCA000FFFFFFFFFFFFFFFFFFFFFFFFFFFFFFFFA4
:10BCB000FFFFFFFFFFFFFFFFFFFFFFFFFFFFFFFF94
:10BCC000FFFFFFFFFFFFFFFFFFFFFFFFFFFFFFFF84
:10BCD000FFFFFFFFFFFFFFFFFFFFFFFFFFFFFFFF74
:10BCE000FFFFFFFFFFFFFFFFFFFFFFFFFFFFFFFF64
:10BCF000FFFFFFFFFFFFFFFFFFFFFFFFFFFFFFFF54
:10BD0000FFFFFFFFFFFFFFFFFFFFFFFFFFFFFFFF43
:10BD1000FFFFFFFFFFFFFFFFFFFFFFFFFFFFFFFF33
:10BD2000FFFFFFFFFFFFFFFFFFFFFFFFFFFFFFFF23
:10BD3000FFFFFFFFFFFFFFFFFFFFFFFFFFFFFFFF13
:10BD4000FFFFFFFFFFFFFFFFFFFFFFFFFFFFFFFF03
:10BD5000FFFFFFFFFFFFFFFFFFFFFFFFFFFFFFFFF3
:10BD6000FFFFFFFFFFFFFFFFFFFFFFFFFFFFFFFFE3
:10BD7000FFFFFFFFFFFFFFFFFFFFFFFFFFFFFFFFD3
:10BD8000FFFFFFFFFFFFFFFFFFFFFFFFFFFFFFFFC3
:10BD9000FFFFFFFFFFFFFFFFFFFFFFFFFFFFFFFFB3
:10BDA000FFFFFFFFFFFFFFFFFFFFFFFFFFFFFFFFA3
:10BDB000FFFFFFFFFFFFFFFFFFFFFFFFFFFFFFFF93
:10BDC000FFFFFFFFFFFFFFFFFFFFFFFFFFFFFFFF83
:10BDD000FFFFFFFFFFFFFFFFFFFFFFFFFFFFFFFF73
:10BDE000FFFFFFFFFFFFFFFFFFFFFFFFFFFFFFFF63
:10BDF000FFFFFFFFFFFFFFFFFFFFFFFFFFFFFFFF53
:10BE0000FFFFFFFFFFFFFFFFFFFFFFFFFFFFFFFF42
:10BE1000FFFFFFFFFFFFFFFFFFFFFFFFFFFFFFFF32
:10BE2000FFFFFFFFFFFFFFFFFFFFFFFFFFFFFFFF22
:10BE3000FFFFFFFFFFFFFFFFFFFFFFFFFFFFFFFF12
:10BE4000FFFFFFFFFFFFFFFFFFFFFFFFFFFFFFFF02
:10BE5000FFFFFFFFFFFFFFFFFFFFFFFFFFFFFFFFF2
:10BE6000FFFFFFFFFFFFFFFFFFFFFFFFFFFFFFFFE2
:10BE7000FFFFFFFFFFFFFFFFFFFFFFFFFFFFFFFFD2
:10BE8000FFFFFFFFFFFFFFFFFFFFFFFFFFFFFFFFC2
:10BE9000FFFFFFFFFFFFFFFFFFFFFFFFFFFFFFFFB2
:10BEA000FFFFFFFFFFFFFFFFFFFFFFFFFFFFFFFFA2
:10BEB000FFFFFFFFFFFFFFFFFFFFFFFFFFFFFFFF92
:10BEC000FFFFFFFFFFFFFFFFFFFFFFFFFFFFFFFF82
:10BED000FFFFFFFFFFFFFFFFFFFFFFFFFFFFFFFF72
:10BEE000FFFFFFFFFFFFFFFFFFFFFFFFFFFFFFFF62
:10BEF000FFFFFFFFFFFFFFFFFFFFFFFFFFFFFFFF52
:10BF0000FFFFFFFFFFFFFFFFFFFFFFFFFFFFFFFF41
:10BF1000FFFFFFFFFFFFFFFFFFFFFFFFFFFFFFFF31
:10BF2000FFFFFFFFFFFFFFFFFFFFFFFFFFFFFFFF21
:10BF3000FFFFFFFFFFFFFFFFFFFFFFFFFFFFFFFF11
:10BF4000FFFFFFFFFFFFFFFFFFFFFFFFFFFFFFFF01
:10BF5000FFFFFFFFFFFFFFFFFFFFFFFFFFFFFFFFF1
:10BF6000FFFFFFFFFFFFFFFFFFFFFFFFFFFFFFFFE1
:10BF7000FFFFFFFFFFFFFFFFFFFFFFFFFFFFFFFFD1
:10BF8000FFFFFFFFFFFFFFFFFFFFFFFFFFFFFFFFC1
:10BF9000FFFFFFFFFFFFFFFFFFFFFFFFFFFFFFFFB1
:10BFA000FFFFFFFFFFFFFFFFFFFFFFFFFFFFFFFFA1
:10BFB000FFFFFFFFFFFFFFFFFFFFFFFFFFFFFFFF91
:10BFC000FFFFFFFFFFFFFFFFFFFFFFFFFFFFFFFF81
:10BFD000FFFFFFFFFFFFFFFFFFFFFFFFFFFFFFFF71
:10BFE000FFFFFFFFFFFFFFFFFFFFFFFFFFFFFFFF61
:10BFF000FFFFFFFFFFFFFFFFFFFFFFFFFFFFFFFF51
:10C00000FFFFFFFFFFFFFFFFFFFFFFFFFFFFFFFF40
:10C01000FFFFFFFFFFFFFFFFFFFFFFFFFFFFFFFF30
:10C02000FFFFFFFFFFFFFFFFFFFFFFFFFFFFFFFF20
:10C03000FFFFFFFFFFFFFFFFFFFFFFFFFFFFFFFF10
:10C04000FFFFFFFFFFFFFFFFFFFFFFFFFFFFFFFF00
:10C05000FFFFFFFFFFFFFFFFFFFFFFFFFFFFFFFFF0
:10C06000FFFFFFFFFFFFFFFFFFFFFFFFFFFFFFFFE0
:10C07000FFFFFFFFFFFFFFFFFFFFFFFFFFFFFFFFD0
:10C08000FFFFFFFFFFFFFFFFFFFFFFFFFFFFFFFFC0
:10C09000FFFFFFFFFFFFFFFFFFFFFFFFFFFFFFFFB0
:10C0A000FFFFFFFFFFFFFFFFFFFFFFFFFFFFFFFFA0
:10C0B000FFFFFFFFFFFFFFFFFFFFFFFFFFFFFFFF90
:10C0C000FFFFFFFFFFFFFFFFFFFFFFFFFFFFFFFF80
:10C0D000FFFFFFFFFFFFFFFFFFFFFFFFFFFFFFFF70
:10C0E000FFFFFFFFFFFFFFFFFFFFFFFFFFFFFFFF60
:10C0F000FFFFFFFFFFFFFFFFFFFFFFFFFFFFFFFF50
:10C10000FFFFFFFFFFFFFFFFFFFFFFFFFFFFFFFF3F
:10C11000FFFFFFFFFFFFFFFFFFFFFFFFFFFFFFFF2F
:10C12000FFFFFFFFFFFFFFFFFFFFFFFFFFFFFFFF1F
:10C13000FFFFFFFFFFFFFFFFFFFFFFFFFFFFFFFF0F
:10C14000FFFFFFFFFFFFFFFFFFFFFFFFFFFFFFFFFF
:10C15000FFFFFFFFFFFFFFFFFFFFFFFFFFFFFFFFEF
:10C16000FFFFFFFFFFFFFFFFFFFFFFFFFFFFFFFFDF
:10C17000FFFFFFFFFFFFFFFFFFFFFFFFFFFFFFFFCF
:10C18000FFFFFFFFFFFFFFFFFFFFFFFFFFFFFFFFBF
:10C19000FFFFFFFFFFFFFFFFFFFFFFFFFFFFFFFFAF
:10C1A000FFFFFFFFFFFFFFFFFFFFFFFFFFFFFFFF9F
:10C1B000FFFFFFFFFFFFFFFFFFFFFFFFFFFFFFFF8F
:10C1C000FFFFFFFFFFFFFFFFFFFFFFFFFFFFFFFF7F
:10C1D000FFFFFFFFFFFFFFFFFFFFFFFFFFFFFFFF6F
:10C1E000FFFFFFFFFFFFFFFFFFFFFFFFFFFFFFFF5F
:10C1F000FFFFFFFFFFFFFFFFFFFFFFFFFFFFFFFF4F
:10C20000FFFFFFFFFFFFFFFFFFFFFFFFFFFFFFFF3E
:10C21000FFFFFFFFFFFFFFFFFFFFFFFFFFFFFFFF2E
:10C22000FFFFFFFFFFFFFFFFFFFFFFFFFFFFFFFF1E
:10C23000FFFFFFFFFFFFFFFFFFFFFFFFFFFFFFFF0E
:10C24000FFFFFFFFFFFFFFFFFFFFFFFFFFFFFFFFFE
:10C25000FFFFFFFFFFFFFFFFFFFFFFFFFFFFFFFFEE
:10C26000FFFFFFFFFFFFFFFFFFFFFFFFFFFFFFFFDE
:10C27000FFFFFFFFFFFFFFFFFFFFFFFFFFFFFFFFCE
:10C28000FFFFFFFFFFFFFFFFFFFFFFFFFFFFFFFFBE
:10C29000FFFFFFFFFFFFFFFFFFFFFFFFFFFFFFFFAE
:10C2A000FFFFFFFFFFFFFFFFFFFFFFFFFFFFFFFF9E
:10C2B000FFFFFFFFFFFFFFFFFFFFFFFFFFFFFFFF8E
:10C2C000FFFFFFFFFFFFFFFFFFFFFFFFFFFFFFFF7E
:10C2D000FFFFFFFFFFFFFFFFFFFFFFFFFFFFFFFF6E
:10C2E000FFFFFFFFFFFFFFFFFFFFFFFFFFFFFFFF5E
:10C2F000FFFFFFFFFFFFFFFFFFFFFFFFFFFFFFFF4E
:10C30000FFFFFFFFFFFFFFFFFFFFFFFFFFFFFFFF3D
:10C31000FFFFFFFFFFFFFFFFFFFFFFFFFFFFFFFF2D
:10C32000FFFFFFFFFFFFFFFFFFFFFFFFFFFFFFFF1D
:10C33000FFFFFFFFFFFFFFFFFFFFFFFFFFFFFFFF0D
:10C34000FFFFFFFFFFFFFFFFFFFFFFFFFFFFFFFFFD
:10C35000FFFFFFFFFFFFFFFFFFFFFFFFFFFFFFFFED
:10C36000FFFFFFFFFFFFFFFFFFFFFFFFFFFFFFFFDD
:10C37000FFFFFFFFFFFFFFFFFFFFFFFFFFFFFFFFCD
:10C38000FFFFFFFFFFFFFFFFFFFFFFFFFFFFFFFFBD
:10C39000FFFFFFFFFFFFFFFFFFFFFFFFFFFFFFFFAD
:10C3A000FFFFFFFFFFFFFFFFFFFFFFFFFFFFFFFF9D
:10C3B000FFFFFFFFFFFFFFFFFFFFFFFFFFFFFFFF8D
:10C3C000FFFFFFFFFFFFFFFFFFFFFFFFFFFFFFFF7D
:10C3D000FFFFFFFFFFFFFFFFFFFFFFFFFFFFFFFF6D
:10C3E000FFFFFFFFFFFFFFFFFFFFFFFFFFFFFFFF5D
:10C3F000FFFFFFFFFFFFFFFFFFFFFFFFFFFFFFFF4D
:10C40000FFFFFFFFFFFFFFFFFFFFFFFFFFFFFFFF3C
:10C41000FFFFFFFFFFFFFFFFFFFFFFFFFFFFFFFF2C
:10C42000FFFFFFFFFFFFFFFFFFFFFFFFFFFFFFFF1C
:10C43000FFFFFFFFFFFFFFFFFFFFFFFFFFFFFFFF0C
:10C44000FFFFFFFFFFFFFFFFFFFFFFFFFFFFFFFFFC
:10C45000FFFFFFFFFFFFFFFFFFFFFFFFFFFFFFFFEC
:10C46000FFFFFFFFFFFFFFFFFFFFFFFFFFFFFFFFDC
:10C47000FFFFFFFFFFFFFFFFFFFFFFFFFFFFFFFFCC
:10C48000FFFFFFFFFFFFFFFFFFFFFFFFFFFFFFFFBC
:10C49000FFFFFFFFFFFFFFFFFFFFFFFFFFFFFFFFAC
:10C4A000FFFFFFFFFFFFFFFFFFFFFFFFFFFFFFFF9C
:10C4B000FFFFFFFFFFFFFFFFFFFFFFFFFFFFFFFF8C
:10C4C000FFFFFFFFFFFFFFFFFFFFFFFFFFFFFFFF7C
:10C4D000FFFFFFFFFFFFFFFFFFFFFFFFFFFFFFFF6C
:10C4E000FFFFFFFFFFFFFFFFFFFFFFFFFFFFFFFF5C
:10C4F000FFFFFFFFFFFFFFFFFFFFFFFFFFFFFFFF4C
:10C50000FFFFFFFFFFFFFFFFFFFFFFFFFFFFFFFF3B
:10C51000FFFFFFFFFFFFFFFFFFFFFFFFFFFFFFFF2B
:10C52000FFFFFFFFFFFFFFFFFFFFFFFFFFFFFFFF1B
:10C53000FFFFFFFFFFFFFFFFFFFFFFFFFFFFFFFF0B
:10C54000FFFFFFFFFFFFFFFFFFFFFFFFFFFFFFFFFB
:10C55000FFFFFFFFFFFFFFFFFFFFFFFFFFFFFFFFEB
:10C56000FFFFFFFFFFFFFFFFFFFFFFFFFFFFFFFFDB
:10C57000FFFFFFFFFFFFFFFFFFFFFFFFFFFFFFFFCB
:10C58000FFFFFFFFFFFFFFFFFFFFFFFFFFFFFFFFBB
:10C59000FFFFFFFFFFFFFFFFFFFFFFFFFFFFFFFFAB
:10C5A000FFFFFFFFFFFFFFFFFFFFFFFFFFFFFFFF9B
:10C5B000FFFFFFFFFFFFFFFFFFFFFFFFFFFFFFFF8B
:10C5C000FFFFFFFFFFFFFFFFFFFFFFFFFFFFFFFF7B
:10C5D000FFFFFFFFFFFFFFFFFFFFFFFFFFFFFFFF6B
:10C5E000FFFFFFFFFFFFFFFFFFFFFFFFFFFFFFFF5B
:10C5F000FFFFFFFFFFFFFFFFFFFFFFFFFFFFFFFF4B
:10C60000FFFFFFFFFFFFFFFFFFFFFFFFFFFFFFFF3A
:10C61000FFFFFFFFFFFFFFFFFFFFFFFFFFFFFFFF2A
:10C62000FFFFFFFFFFFFFFFFFFFFFFFFFFFFFFFF1A
:10C63000FFFFFFFFFFFFFFFFFFFFFFFFFFFFFFFF0A
:10C64000FFFFFFFFFFFFFFFFFFFFFFFFFFFFFFFFFA
:10C65000FFFFFFFFFFFFFFFFFFFFFFFFFFFFFFFFEA
:10C66000FFFFFFFFFFFFFFFFFFFFFFFFFFFFFFFFDA
:10C67000FFFFFFFFFFFFFFFFFFFFFFFFFFFFFFFFCA
:10C68000FFFFFFFFFFFFFFFFFFFFFFFFFFFFFFFFBA
:10C69000FFFFFFFFFFFFFFFFFFFFFFFFFFFFFFFFAA
:10C6A000FFFFFFFFFFFFFFFFFFFFFFFFFFFFFFFF9A
:10C6B000FFFFFFFFFFFFFFFFFFFFFFFFFFFFFFFF8A
:10C6C000FFFFFFFFFFFFFFFFFFFFFFFFFFFFFFFF7A
:10C6D000FFFFFFFFFFFFFFFFFFFFFFFFFFFFFFFF6A
:10C6E000FFFFFFFFFFFFFFFFFFFFFFFFFFFFFFFF5A
:10C6F000FFFFFFFFFFFFFFFFFFFFFFFFFFFFFFFF4A
:10C70000FFFFFFFFFFFFFFFFFFFFFFFFFFFFFFFF39
:10C71000FFFFFFFFFFFFFFFFFFFFFFFFFFFFFFFF29
:10C72000FFFFFFFFFFFFFFFFFFFFFFFFFFFFFFFF19
:10C73000FFFFFFFFFFFFFFFFFFFFFFFFFFFFFFFF09
:10C74000FFFFFFFFFFFFFFFFFFFFFFFFFFFFFFFFF9
:10C75000FFFFFFFFFFFFFFFFFFFFFFFFFFFFFFFFE9
:10C76000FFFFFFFFFFFFFFFFFFFFFFFFFFFFFFFFD9
:10C77000FFFFFFFFFFFFFFFFFFFFFFFFFFFFFFFFC9
:10C78000FFFFFFFFFFFFFFFFFFFFFFFFFFFFFFFFB9
:10C79000FFFFFFFFFFFFFFFFFFFFFFFFFFFFFFFFA9
:10C7A000FFFFFFFFFFFFFFFFFFFFFFFFFFFFFFFF99
:10C7B000FFFFFFFFFFFFFFFFFFFFFFFFFFFFFFFF89
:10C7C000FFFFFFFFFFFFFFFFFFFFFFFFFFFFFFFF79
:10C7D000FFFFFFFFFFFFFFFFFFFFFFFFFFFFFFFF69
:10C7E000FFFFFFFFFFFFFFFFFFFFFFFFFFFFFFFF59
:10C7F000FFFFFFFFFFFFFFFFFFFFFFFFFFFFFFFF49
:10C80000FFFFFFFFFFFFFFFFFFFFFFFFFFFFFFFF38
:10C81000FFFFFFFFFFFFFFFFFFFFFFFFFFFFFFFF28
:10C82000FFFFFFFFFFFFFFFFFFFFFFFFFFFFFFFF18
:10C83000FFFFFFFFFFFFFFFFFFFFFFFFFFFFFFFF08
:10C84000FFFFFFFFFFFFFFFFFFFFFFFFFFFFFFFFF8
:10C85000FFFFFFFFFFFFFFFFFFFFFFFFFFFFFFFFE8
:10C86000FFFFFFFFFFFFFFFFFFFFFFFFFFFFFFFFD8
:10C87000FFFFFFFFFFFFFFFFFFFFFFFFFFFFFFFFC8
:10C88000FFFFFFFFFFFFFFFFFFFFFFFFFFFFFFFFB8
:10C89000FFFFFFFFFFFFFFFFFFFFFFFFFFFFFFFFA8
:10C8A000FFFFFFFFFFFFFFFFFFFFFFFFFFFFFFFF98
:10C8B000FFFFFFFFFFFFFFFFFFFFFFFFFFFFFFFF88
:10C8C000FFFFFFFFFFFFFFFFFFFFFFFFFFFFFFFF78
:10C8D000FFFFFFFFFFFFFFFFFFFFFFFFFFFFFFFF68
:10C8E000FFFFFFFFFFFFFFFFFFFFFFFFFFFFFFFF58
:10C8F000FFFFFFFFFFFFFFFFFFFFFFFFFFFFFFFF48
:10C90000FFFFFFFFFFFFFFFFFFFFFFFFFFFFFFFF37
:10C91000FFFFFFFFFFFFFFFFFFFFFFFFFFFFFFFF27
:10C92000FFFFFFFFFFFFFFFFFFFFFFFFFFFFFFFF17
:10C93000FFFFFFFFFFFFFFFFFFFFFFFFFFFFFFFF07
:10C94000FFFFFFFFFFFFFFFFFFFFFFFFFFFFFFFFF7
:10C95000FFFFFFFFFFFFFFFFFFFFFFFFFFFFFFFFE7
:10C96000FFFFFFFFFFFFFFFFFFFFFFFFFFFFFFFFD7
:10C97000FFFFFFFFFFFFFFFFFFFFFFFFFFFFFFFFC7
:10C98000FFFFFFFFFFFFFFFFFFFFFFFFFFFFFFFFB7
:10C99000FFFFFFFFFFFFFFFFFFFFFFFFFFFFFFFFA7
:10C9A000FFFFFFFFFFFFFFFFFFFFFFFFFFFFFFFF97
:10C9B000FFFFFFFFFFFFFFFFFFFFFFFFFFFFFFFF87
:10C9C000FFFFFFFFFFFFFFFFFFFFFFFFFFFFFFFF77
:10C9D000FFFFFFFFFFFFFFFFFFFFFFFFFFFFFFFF67
:10C9E000FFFFFFFFFFFFFFFFFFFFFFFFFFFFFFFF57
:10C9F000FFFFFFFFFFFFFFFFFFFFFFFFFFFFFFFF47
:10CA0000FFFFFFFFFFFFFFFFFFFFFFFFFFFFFFFF36
:10CA1000FFFFFFFFFFFFFFFFFFFFFFFFFFFFFFFF26
:10CA2000FFFFFFFFFFFFFFFFFFFFFFFFFFFFFFFF16
:10CA3000FFFFFFFFFFFFFFFFFFFFFFFFFFFFFFFF06
:10CA4000FFFFFFFFFFFFFFFFFFFFFFFFFFFFFFFFF6
:10CA5000FFFFFFFFFFFFFFFFFFFFFFFFFFFFFFFFE6
:10CA6000FFFFFFFFFFFFFFFFFFFFFFFFFFFFFFFFD6
:10CA7000FFFFFFFFFFFFFFFFFFFFFFFFFFFFFFFFC6
:10CA8000FFFFFFFFFFFFFFFFFFFFFFFFFFFFFFFFB6
:10CA9000FFFFFFFFFFFFFFFFFFFFFFFFFFFFFFFFA6
:10CAA000FFFFFFFFFFFFFFFFFFFFFFFFFFFFFFFF96
:10CAB000FFFFFFFFFFFFFFFFFFFFFFFFFFFFFFFF86
:10CAC000FFFFFFFFFFFFFFFFFFFFFFFFFFFFFFFF76
:10CAD000FFFFFFFFFFFFFFFFFFFFFFFFFFFFFFFF66
:10CAE000FFFFFFFFFFFFFFFFFFFFFFFFFFFFFFFF56
:10CAF000FFFFFFFFFFFFFFFFFFFFFFFFFFFFFFFF46
:10CB0000FFFFFFFFFFFFFFFFFFFFFFFFFFFFFFFF35
:10CB1000FFFFFFFFFFFFFFFFFFFFFFFFFFFFFFFF25
:10CB2000FFFFFFFFFFFFFFFFFFFFFFFFFFFFFFFF15
:10CB3000FFFFFFFFFFFFFFFFFFFFFFFFFFFFFFFF05
:10CB4000FFFFFFFFFFFFFFFFFFFFFFFFFFFFFFFFF5
:10CB5000FFFFFFFFFFFFFFFFFFFFFFFFFFFFFFFFE5
:10CB6000FFFFFFFFFFFFFFFFFFFFFFFFFFFFFFFFD5
:10CB7000FFFFFFFFFFFFFFFFFFFFFFFFFFFFFFFFC5
:10CB8000FFFFFFFFFFFFFFFFFFFFFFFFFFFFFFFFB5
:10CB9000FFFFFFFFFFFFFFFFFFFFFFFFFFFFFFFFA5
:10CBA000FFFFFFFFFFFFFFFFFFFFFFFFFFFFFFFF95
:10CBB000FFFFFFFFFFFFFFFFFFFFFFFFFFFFFFFF85
:10CBC000FFFFFFFFFFFFFFFFFFFFFFFFFFFFFFFF75
:10CBD000FFFFFFFFFFFFFFFFFFFFFFFFFFFFFFFF65
:10CBE000FFFFFFFFFFFFFFFFFFFFFFFFFFFFFFFF55
:10CBF000FFFFFFFFFFFFFFFFFFFFFFFFFFFFFFFF45
:10CC0000FFFFFFFFFFFFFFFFFFFFFFFFFFFFFFFF34
:10CC1000FFFFFFFFFFFFFFFFFFFFFFFFFFFFFFFF24
:10CC2000FFFFFFFFFFFFFFFFFFFFFFFFFFFFFFFF14
:10CC3000FFFFFFFFFFFFFFFFFFFFFFFFFFFFFFFF04
:10CC4000FFFFFFFFFFFFFFFFFFFFFFFFFFFFFFFFF4
:10CC5000FFFFFFFFFFFFFFFFFFFFFFFFFFFFFFFFE4
:10CC6000FFFFFFFFFFFFFFFFFFFFFFFFFFFFFFFFD4
:10CC7000FFFFFFFFFFFFFFFFFFFFFFFFFFFFFFFFC4
:10CC8000FFFFFFFFFFFFFFFFFFFFFFFFFFFFFFFFB4
:10CC9000FFFFFFFFFFFFFFFFFFFFFFFFFFFFFFFFA4
:10CCA000FFFFFFFFFFFFFFFFFFFFFFFFFFFFFFFF94
:10CCB000FFFFFFFFFFFFFFFFFFFFFFFFFFFFFFFF84
:10CCC000FFFFFFFFFFFFFFFFFFFFFFFFFFFFFFFF74
:10CCD000FFFFFFFFFFFFFFFFFFFFFFFFFFFFFFFF64
:10CCE000FFFFFFFFFFFFFFFFFFFFFFFFFFFFFFFF54
:10CCF000FFFFFFFFFFFFFFFFFFFFFFFFFFFFFFFF44
:10CD0000FFFFFFFFFFFFFFFFFFFFFFFFFFFFFFFF33
:10CD1000FFFFFFFFFFFFFFFFFFFFFFFFFFFFFFFF23
:10CD2000FFFFFFFFFFFFFFFFFFFFFFFFFFFFFFFF13
:10CD3000FFFFFFFFFFFFFFFFFFFFFFFFFFFFFFFF03
:10CD4000FFFFFFFFFFFFFFFFFFFFFFFFFFFFFFFFF3
:10CD5000FFFFFFFFFFFFFFFFFFFFFFFFFFFFFFFFE3
:10CD6000FFFFFFFFFFFFFFFFFFFFFFFFFFFFFFFFD3
:10CD7000FFFFFFFFFFFFFFFFFFFFFFFFFFFFFFFFC3
:10CD8000FFFFFFFFFFFFFFFFFFFFFFFFFFFFFFFFB3
:10CD9000FFFFFFFFFFFFFFFFFFFFFFFFFFFFFFFFA3
:10CDA000FFFFFFFFFFFFFFFFFFFFFFFFFFFFFFFF93
:10CDB000FFFFFFFFFFFFFFFFFFFFFFFFFFFFFFFF83
:10CDC000FFFFFFFFFFFFFFFFFFFFFFFFFFFFFFFF73
:10CDD000FFFFFFFFFFFFFFFFFFFFFFFFFFFFFFFF63
:10CDE000FFFFFFFFFFFFFFFFFFFFFFFFFFFFFFFF53
:10CDF000FFFFFFFFFFFFFFFFFFFFFFFFFFFFFFFF43
:10CE0000FFFFFFFFFFFFFFFFFFFFFFFFFFFFFFFF32
:10CE1000FFFFFFFFFFFFFFFFFFFFFFFFFFFFFFFF22
:10CE2000FFFFFFFFFFFFFFFFFFFFFFFFFFFFFFFF12
:10CE3000FFFFFFFFFFFFFFFFFFFFFFFFFFFFFFFF02
:10CE4000FFFFFFFFFFFFFFFFFFFFFFFFFFFFFFFFF2
:10CE5000FFFFFFFFFFFFFFFFFFFFFFFFFFFFFFFFE2
:10CE6000FFFFFFFFFFFFFFFFFFFFFFFFFFFFFFFFD2
:10CE7000FFFFFFFFFFFFFFFFFFFFFFFFFFFFFFFFC2
:10CE8000FFFFFFFFFFFFFFFFFFFFFFFFFFFFFFFFB2
:10CE9000FFFFFFFFFFFFFFFFFFFFFFFFFFFFFFFFA2
:10CEA000FFFFFFFFFFFFFFFFFFFFFFFFFFFFFFFF92
:10CEB000FFFFFFFFFFFFFFFFFFFFFFFFFFFFFFFF82
:10CEC000FFFFFFFFFFFFFFFFFFFFFFFFFFFFFFFF72
:10CED000FFFFFFFFFFFFFFFFFFFFFFFFFFFFFFFF62
:10CEE000FFFFFFFFFFFFFFFFFFFFFFFFFFFFFFFF52
:10CEF000FFFFFFFFFFFFFFFFFFFFFFFFFFFFFFFF42
:10CF0000FFFFFFFFFFFFFFFFFFFFFFFFFFFFFFFF31
:10CF1000FFFFFFFFFFFFFFFFFFFFFFFFFFFFFFFF21
:10CF2000FFFFFFFFFFFFFFFFFFFFFFFFFFFFFFFF11
:10CF3000FFFFFFFFFFFFFFFFFFFFFFFFFFFFFFFF01
:10CF4000FFFFFFFFFFFFFFFFFFFFFFFFFFFFFFFFF1
:10CF5000FFFFFFFFFFFFFFFFFFFFFFFFFFFFFFFFE1
:10CF6000FFFFFFFFFFFFFFFFFFFFFFFFFFFFFFFFD1
:10CF7000FFFFFFFFFFFFFFFFFFFFFFFFFFFFFFFFC1
:10CF8000FFFFFFFFFFFFFFFFFFFFFFFFFFFFFFFFB1
:10CF9000FFFFFFFFFFFFFFFFFFFFFFFFFFFFFFFFA1
:10CFA000FFFFFFFFFFFFFFFFFFFFFFFFFFFFFFFF91
:10CFB000FFFFFFFFFFFFFFFFFFFFFFFFFFFFFFFF81
:10CFC000FFFFFFFFFFFFFFFFFFFFFFFFFFFFFFFF71
:10CFD000FFFFFFFFFFFFFFFFFFFFFFFFFFFFFFFF61
:10CFE000FFFFFFFFFFFFFFFFFFFFFFFFFFFFFFFF51
:10CFF000FFFFFFFFFFFFFFFFFFFFFFFFFFFFFFFF41
:10D00000FFFFFFFFFFFFFFFFFFFFFFFFFFFFFFFF30
:10D01000FFFFFFFFFFFFFFFFFFFFFFFFFFFFFFFF20
:10D02000FFFFFFFFFFFFFFFFFFFFFFFFFFFFFFFF10
:10D03000FFFFFFFFFFFFFFFFFFFFFFFFFFFFFFFF00
:10D04000FFFFFFFFFFFFFFFFFFFFFFFFFFFFFFFFF0
:10D05000FFFFFFFFFFFFFFFFFFFFFFFFFFFFFFFFE0
:10D06000FFFFFFFFFFFFFFFFFFFFFFFFFFFFFFFFD0
:10D07000FFFFFFFFFFFFFFFFFFFFFFFFFFFFFFFFC0
:10D08000FFFFFFFFFFFFFFFFFFFFFFFFFFFFFFFFB0
:10D09000FFFFFFFFFFFFFFFFFFFFFFFFFFFFFFFFA0
:10D0A000FFFFFFFFFFFFFFFFFFFFFFFFFFFFFFFF90
:10D0B000FFFFFFFFFFFFFFFFFFFFFFFFFFFFFFFF80
:10D0C000FFFFFFFFFFFFFFFFFFFFFFFFFFFFFFFF70
:10D0D000FFFFFFFFFFFFFFFFFFFFFFFFFFFFFFFF60
:10D0E000FFFFFFFFFFFFFFFFFFFFFFFFFFFFFFFF50
:10D0F000FFFFFFFFFFFFFFFFFFFFFFFFFFFFFFFF40
:10D10000FFFFFFFFFFFFFFFFFFFFFFFFFFFFFFFF2F
:10D11000FFFFFFFFFFFFFFFFFFFFFFFFFFFFFFFF1F
:10D12000FFFFFFFFFFFFFFFFFFFFFFFFFFFFFFFF0F
:10D13000FFFFFFFFFFFFFFFFFFFFFFFFFFFFFFFFFF
:10D14000FFFFFFFFFFFFFFFFFFFFFFFFFFFFFFFFEF
:10D15000FFFFFFFFFFFFFFFFFFFFFFFFFFFFFFFFDF
:10D16000FFFFFFFFFFFFFFFFFFFFFFFFFFFFFFFFCF
:10D17000FFFFFFFFFFFFFFFFFFFFFFFFFFFFFFFFBF
:10D18000FFFFFFFFFFFFFFFFFFFFFFFFFFFFFFFFAF
:10D19000FFFFFFFFFFFFFFFFFFFFFFFFFFFFFFFF9F
:10D1A000FFFFFFFFFFFFFFFFFFFFFFFFFFFFFFFF8F
:10D1B000FFFFFFFFFFFFFFFFFFFFFFFFFFFFFFFF7F
:10D1C000FFFFFFFFFFFFFFFFFFFFFFFFFFFFFFFF6F
:10D1D000FFFFFFFFFFFFFFFFFFFFFFFFFFFFFFFF5F
:10D1E000FFFFFFFFFFFFFFFFFFFFFFFFFFFFFFFF4F
:10D1F000FFFFFFFFFFFFFFFFFFFFFFFFFFFFFFFF3F
:10D20000FFFFFFFFFFFFFFFFFFFFFFFFFFFFFFFF2E
:10D21000FFFFFFFFFFFFFFFFFFFFFFFFFFFFFFFF1E
:10D22000FFFFFFFFFFFFFFFFFFFFFFFFFFFFFFFF0E
:10D23000FFFFFFFFFFFFFFFFFFFFFFFFFFFFFFFFFE
:10D24000FFFFFFFFFFFFFFFFFFFFFFFFFFFFFFFFEE
:10D25000FFFFFFFFFFFFFFFFFFFFFFFFFFFFFFFFDE
:10D26000FFFFFFFFFFFFFFFFFFFFFFFFFFFFFFFFCE
:10D27000FFFFFFFFFFFFFFFFFFFFFFFFFFFFFFFFBE
:10D28000FFFFFFFFFFFFFFFFFFFFFFFFFFFFFFFFAE
:10D29000FFFFFFFFFFFFFFFFFFFFFFFFFFFFFFFF9E
:10D2A000FFFFFFFFFFFFFFFFFFFFFFFFFFFFFFFF8E
:10D2B000FFFFFFFFFFFFFFFFFFFFFFFFFFFFFFFF7E
:10D2C000FFFFFFFFFFFFFFFFFFFFFFFFFFFFFFFF6E
:10D2D000FFFFFFFFFFFFFFFFFFFFFFFFFFFFFFFF5E
:10D2E000FFFFFFFFFFFFFFFFFFFFFFFFFFFFFFFF4E
:10D2F000FFFFFFFFFFFFFFFFFFFFFFFFFFFFFFFF3E
:10D30000FFFFFFFFFFFFFFFFFFFFFFFFFFFFFFFF2D
:10D31000FFFFFFFFFFFFFFFFFFFFFFFFFFFFFFFF1D
:10D32000FFFFFFFFFFFFFFFFFFFFFFFFFFFFFFFF0D
:10D33000FFFFFFFFFFFFFFFFFFFFFFFFFFFFFFFFFD
:10D34000FFFFFFFFFFFFFFFFFFFFFFFFFFFFFFFFED
:10D35000FFFFFFFFFFFFFFFFFFFFFFFFFFFFFFFFDD
:10D36000FFFFFFFFFFFFFFFFFFFFFFFFFFFFFFFFCD
:10D37000FFFFFFFFFFFFFFFFFFFFFFFFFFFFFFFFBD
:10D38000FFFFFFFFFFFFFFFFFFFFFFFFFFFFFFFFAD
:10D39000FFFFFFFFFFFFFFFFFFFFFFFFFFFFFFFF9D
:10D3A000FFFFFFFFFFFFFFFFFFFFFFFFFFFFFFFF8D
:10D3B000FFFFFFFFFFFFFFFFFFFFFFFFFFFFFFFF7D
:10D3C000FFFFFFFFFFFFFFFFFFFFFFFFFFFFFFFF6D
:10D3D000FFFFFFFFFFFFFFFFFFFFFFFFFFFFFFFF5D
:10D3E000FFFFFFFFFFFFFFFFFFFFFFFFFFFFFFFF4D
:10D3F000FFFFFFFFFFFFFFFFFFFFFFFFFFFFFFFF3D
:10D40000FFFFFFFFFFFFFFFFFFFFFFFFFFFFFFFF2C
:10D41000FFFFFFFFFFFFFFFFFFFFFFFFFFFFFFFF1C
:10D42000FFFFFFFFFFFFFFFFFFFFFFFFFFFFFFFF0C
:10D43000FFFFFFFFFFFFFFFFFFFFFFFFFFFFFFFFFC
:10D44000FFFFFFFFFFFFFFFFFFFFFFFFFFFFFFFFEC
:10D45000FFFFFFFFFFFFFFFFFFFFFFFFFFFFFFFFDC
:10D46000FFFFFFFFFFFFFFFFFFFFFFFFFFFFFFFFCC
:10D47000FFFFFFFFFFFFFFFFFFFFFFFFFFFFFFFFBC
:10D48000FFFFFFFFFFFFFFFFFFFFFFFFFFFFFFFFAC
:10D49000FFFFFFFFFFFFFFFFFFFFFFFFFFFFFFFF9C
:10D4A000FFFFFFFFFFFFFFFFFFFFFFFFFFFFFFFF8C
:10D4B000FFFFFFFFFFFFFFFFFFFFFFFFFFFFFFFF7C
:10D4C000FFFFFFFFFFFFFFFFFFFFFFFFFFFFFFFF6C
:10D4D000FFFFFFFFFFFFFFFFFFFFFFFFFFFFFFFF5C
:10D4E000FFFFFFFFFFFFFFFFFFFFFFFFFFFFFFFF4C
:10D4F000FFFFFFFFFFFFFFFFFFFFFFFFFFFFFFFF3C
:10D50000FFFFFFFFFFFFFFFFFFFFFFFFFFFFFFFF2B
:10D51000FFFFFFFFFFFFFFFFFFFFFFFFFFFFFFFF1B
:10D52000FFFFFFFFFFFFFFFFFFFFFFFFFFFFFFFF0B
:10D53000FFFFFFFFFFFFFFFFFFFFFFFFFFFFFFFFFB
:10D54000FFFFFFFFFFFFFFFFFFFFFFFFFFFFFFFFEB
:10D55000FFFFFFFFFFFFFFFFFFFFFFFFFFFFFFFFDB
:10D56000FFFFFFFFFFFFFFFFFFFFFFFFFFFFFFFFCB
:10D57000FFFFFFFFFFFFFFFFFFFFFFFFFFFFFFFFBB
:10D58000FFFFFFFFFFFFFFFFFFFFFFFFFFFFFFFFAB
:10D59000FFFFFFFFFFFFFFFFFFFFFFFFFFFFFFFF9B
:10D5A000FFFFFFFFFFFFFFFFFFFFFFFFFFFFFFFF8B
:10D5B000FFFFFFFFFFFFFFFFFFFFFFFFFFFFFFFF7B
:10D5C000FFFFFFFFFFFFFFFFFFFFFFFFFFFFFFFF6B
:10D5D000FFFFFFFFFFFFFFFFFFFFFFFFFFFFFFFF5B
:10D5E000FFFFFFFFFFFFFFFFFFFFFFFFFFFFFFFF4B
:10D5F000FFFFFFFFFFFFFFFFFFFFFFFFFFFFFFFF3B
:10D60000FFFFFFFFFFFFFFFFFFFFFFFFFFFFFFFF2A
:10D61000FFFFFFFFFFFFFFFFFFFFFFFFFFFFFFFF1A
:10D62000FFFFFFFFFFFFFFFFFFFFFFFFFFFFFFFF0A
:10D63000FFFFFFFFFFFFFFFFFFFFFFFFFFFFFFFFFA
:10D64000FFFFFFFFFFFFFFFFFFFFFFFFFFFFFFFFEA
:10D65000FFFFFFFFFFFFFFFFFFFFFFFFFFFFFFFFDA
:10D66000FFFFFFFFFFFFFFFFFFFFFFFFFFFFFFFFCA
:10D67000FFFFFFFFFFFFFFFFFFFFFFFFFFFFFFFFBA
:10D68000FFFFFFFFFFFFFFFFFFFFFFFFFFFFFFFFAA
:10D69000FFFFFFFFFFFFFFFFFFFFFFFFFFFFFFFF9A
:10D6A000FFFFFFFFFFFFFFFFFFFFFFFFFFFFFFFF8A
:10D6B000FFFFFFFFFFFFFFFFFFFFFFFFFFFFFFFF7A
:10D6C000FFFFFFFFFFFFFFFFFFFFFFFFFFFFFFFF6A
:10D6D000FFFFFFFFFFFFFFFFFFFFFFFFFFFFFFFF5A
:10D6E000FFFFFFFFFFFFFFFFFFFFFFFFFFFFFFFF4A
:10D6F000FFFFFFFFFFFFFFFFFFFFFFFFFFFFFFFF3A
:10D70000FFFFFFFFFFFFFFFFFFFFFFFFFFFFFFFF29
:10D71000FFFFFFFFFFFFFFFFFFFFFFFFFFFFFFFF19
:10D72000FFFFFFFFFFFFFFFFFFFFFFFFFFFFFFFF09
:10D73000FFFFFFFFFFFFFFFFFFFFFFFFFFFFFFFFF9
:10D74000FFFFFFFFFFFFFFFFFFFFFFFFFFFFFFFFE9
:10D75000FFFFFFFFFFFFFFFFFFFFFFFFFFFFFFFFD9
:10D76000FFFFFFFFFFFFFFFFFFFFFFFFFFFFFFFFC9
:10D77000FFFFFFFFFFFFFFFFFFFFFFFFFFFFFFFFB9
:10D78000FFFFFFFFFFFFFFFFFFFFFFFFFFFFFFFFA9
:10D79000FFFFFFFFFFFFFFFFFFFFFFFFFFFFFFFF99
:10D7A000FFFFFFFFFFFFFFFFFFFFFFFFFFFFFFFF89
:10D7B000FFFFFFFFFFFFFFFFFFFFFFFFFFFFFFFF79
:10D7C000FFFFFFFFFFFFFFFFFFFFFFFFFFFFFFFF69
:10D7D000FFFFFFFFFFFFFFFFFFFFFFFFFFFFFFFF59
:10D7E000FFFFFFFFFFFFFFFFFFFFFFFFFFFFFFFF49
:10D7F000FFFFFFFFFFFFFFFFFFFFFFFFFFFFFFFF39
:10D80000FFFFFFFFFFFFFFFFFFFFFFFFFFFFFFFF28
:10D81000FFFFFFFFFFFFFFFFFFFFFFFFFFFFFFFF18
:10D82000FFFFFFFFFFFFFFFFFFFFFFFFFFFFFFFF08
:10D83000FFFFFFFFFFFFFFFFFFFFFFFFFFFFFFFFF8
:10D84000FFFFFFFFFFFFFFFFFFFFFFFFFFFFFFFFE8
:10D85000FFFFFFFFFFFFFFFFFFFFFFFFFFFFFFFFD8
:10D86000FFFFFFFFFFFFFFFFFFFFFFFFFFFFFFFFC8
:10D87000FFFFFFFFFFFFFFFFFFFFFFFFFFFFFFFFB8
:10D88000FFFFFFFFFFFFFFFFFFFFFFFFFFFFFFFFA8
:10D89000FFFFFFFFFFFFFFFFFFFFFFFFFFFFFFFF98
:10D8A000FFFFFFFFFFFFFFFFFFFFFFFFFFFFFFFF88
:10D8B000FFFFFFFFFFFFFFFFFFFFFFFFFFFFFFFF78
:10D8C000FFFFFFFFFFFFFFFFFFFFFFFFFFFFFFFF68
:10D8D000FFFFFFFFFFFFFFFFFFFFFFFFFFFFFFFF58
:10D8E000FFFFFFFFFFFFFFFFFFFFFFFFFFFFFFFF48
:10D8F000FFFFFFFFFFFFFFFFFFFFFFFFFFFFFFFF38
:10D90000FFFFFFFFFFFFFFFFFFFFFFFFFFFFFFFF27
:10D91000FFFFFFFFFFFFFFFFFFFFFFFFFFFFFFFF17
:10D92000FFFFFFFFFFFFFFFFFFFFFFFFFFFFFFFF07
:10D93000FFFFFFFFFFFFFFFFFFFFFFFFFFFFFFFFF7
:10D94000FFFFFFFFFFFFFFFFFFFFFFFFFFFFFFFFE7
:10D95000FFFFFFFFFFFFFFFFFFFFFFFFFFFFFFFFD7
:10D96000FFFFFFFFFFFFFFFFFFFFFFFFFFFFFFFFC7
:10D97000FFFFFFFFFFFFFFFFFFFFFFFFFFFFFFFFB7
:10D98000FFFFFFFFFFFFFFFFFFFFFFFFFFFFFFFFA7
:10D99000FFFFFFFFFFFFFFFFFFFFFFFFFFFFFFFF97
:10D9A000FFFFFFFFFFFFFFFFFFFFFFFFFFFFFFFF87
:10D9B000FFFFFFFFFFFFFFFFFFFFFFFFFFFFFFFF77
:10D9C000FFFFFFFFFFFFFFFFFFFFFFFFFFFFFFFF67
:10D9D000FFFFFFFFFFFFFFFFFFFFFFFFFFFFFFFF57
:10D9E000FFFFFFFFFFFFFFFFFFFFFFFFFFFFFFFF47
:10D9F000FFFFFFFFFFFFFFFFFFFFFFFFFFFFFFFF37
:10DA0000FFFFFFFFFFFFFFFFFFFFFFFFFFFFFFFF26
:10DA1000FFFFFFFFFFFFFFFFFFFFFFFFFFFFFFFF16
:10DA2000FFFFFFFFFFFFFFFFFFFFFFFFFFFFFFFF06
:10DA3000FFFFFFFFFFFFFFFFFFFFFFFFFFFFFFFFF6
:10DA4000FFFFFFFFFFFFFFFFFFFFFFFFFFFFFFFFE6
:10DA5000FFFFFFFFFFFFFFFFFFFFFFFFFFFFFFFFD6
:10DA6000FFFFFFFFFFFFFFFFFFFFFFFFFFFFFFFFC6
:10DA7000FFFFFFFFFFFFFFFFFFFFFFFFFFFFFFFFB6
:10DA8000FFFFFFFFFFFFFFFFFFFFFFFFFFFFFFFFA6
:10DA9000FFFFFFFFFFFFFFFFFFFFFFFFFFFFFFFF96
:10DAA000FFFFFFFFFFFFFFFFFFFFFFFFFFFFFFFF86
:10DAB000FFFFFFFFFFFFFFFFFFFFFFFFFFFFFFFF76
:10DAC000FFFFFFFFFFFFFFFFFFFFFFFFFFFFFFFF66
:10DAD000FFFFFFFFFFFFFFFFFFFFFFFFFFFFFFFF56
:10DAE000FFFFFFFFFFFFFFFFFFFFFFFFFFFFFFFF46
:10DAF000FFFFFFFFFFFFFFFFFFFFFFFFFFFFFFFF36
:10DB0000FFFFFFFFFFFFFFFFFFFFFFFFFFFFFFFF25
:10DB1000FFFFFFFFFFFFFFFFFFFFFFFFFFFFFFFF15
:10DB2000FFFFFFFFFFFFFFFFFFFFFFFFFFFFFFFF05
:10DB3000FFFFFFFFFFFFFFFFFFFFFFFFFFFFFFFFF5
:10DB4000FFFFFFFFFFFFFFFFFFFFFFFFFFFFFFFFE5
:10DB5000FFFFFFFFFFFFFFFFFFFFFFFFFFFFFFFFD5
:10DB6000FFFFFFFFFFFFFFFFFFFFFFFFFFFFFFFFC5
:10DB7000FFFFFFFFFFFFFFFFFFFFFFFFFFFFFFFFB5
:10DB8000FFFFFFFFFFFFFFFFFFFFFFFFFFFFFFFFA5
:10DB9000FFFFFFFFFFFFFFFFFFFFFFFFFFFFFFFF95
:10DBA000FFFFFFFFFFFFFFFFFFFFFFFFFFFFFFFF85
:10DBB000FFFFFFFFFFFFFFFFFFFFFFFFFFFFFFFF75
:10DBC000FFFFFFFFFFFFFFFFFFFFFFFFFFFFFFFF65
:10DBD000FFFFFFFFFFFFFFFFFFFFFFFFFFFFFFFF55
:10DBE000FFFFFFFFFFFFFFFFFFFFFFFFFFFFFFFF45
:10DBF000FFFFFFFFFFFFFFFFFFFFFFFFFFFFFFFF35
:10DC0000FFFFFFFFFFFFFFFFFFFFFFFFFFFFFFFF24
:10DC1000FFFFFFFFFFFFFFFFFFFFFFFFFFFFFFFF14
:10DC2000FFFFFFFFFFFFFFFFFFFFFFFFFFFFFFFF04
:10DC3000FFFFFFFFFFFFFFFFFFFFFFFFFFFFFFFFF4
:10DC4000FFFFFFFFFFFFFFFFFFFFFFFFFFFFFFFFE4
:10DC5000FFFFFFFFFFFFFFFFFFFFFFFFFFFFFFFFD4
:10DC6000FFFFFFFFFFFFFFFFFFFFFFFFFFFFFFFFC4
:10DC7000FFFFFFFFFFFFFFFFFFFFFFFFFFFFFFFFB4
:10DC8000FFFFFFFFFFFFFFFFFFFFFFFFFFFFFFFFA4
:10DC9000FFFFFFFFFFFFFFFFFFFFFFFFFFFFFFFF94
:10DCA000FFFFFFFFFFFFFFFFFFFFFFFFFFFFFFFF84
:10DCB000FFFFFFFFFFFFFFFFFFFFFFFFFFFFFFFF74
:10DCC000FFFFFFFFFFFFFFFFFFFFFFFFFFFFFFFF64
:10DCD000FFFFFFFFFFFFFFFFFFFFFFFFFFFFFFFF54
:10DCE000FFFFFFFFFFFFFFFFFFFFFFFFFFFFFFFF44
:10DCF000FFFFFFFFFFFFFFFFFFFFFFFFFFFFFFFF34
:10DD0000FFFFFFFFFFFFFFFFFFFFFFFFFFFFFFFF23
:10DD1000FFFFFFFFFFFFFFFFFFFFFFFFFFFFFFFF13
:10DD2000FFFFFFFFFFFFFFFFFFFFFFFFFFFFFFFF03
:10DD3000FFFFFFFFFFFFFFFFFFFFFFFFFFFFFFFFF3
:10DD4000FFFFFFFFFFFFFFFFFFFFFFFFFFFFFFFFE3
:10DD5000FFFFFFFFFFFFFFFFFFFFFFFFFFFFFFFFD3
:10DD6000FFFFFFFFFFFFFFFFFFFFFFFFFFFFFFFFC3
:10DD7000FFFFFFFFFFFFFFFFFFFFFFFFFFFFFFFFB3
:10DD8000FFFFFFFFFFFFFFFFFFFFFFFFFFFFFFFFA3
:10DD9000FFFFFFFFFFFFFFFFFFFFFFFFFFFFFFFF93
:10DDA000FFFFFFFFFFFFFFFFFFFFFFFFFFFFFFFF83
:10DDB000FFFFFFFFFFFFFFFFFFFFFFFFFFFFFFFF73
:10DDC000FFFFFFFFFFFFFFFFFFFFFFFFFFFFFFFF63
:10DDD000FFFFFFFFFFFFFFFFFFFFFFFFFFFFFFFF53
:10DDE000FFFFFFFFFFFFFFFFFFFFFFFFFFFFFFFF43
:10DDF000FFFFFFFFFFFFFFFFFFFFFFFFFFFFFFFF33
:10DE0000FFFFFFFFFFFFFFFFFFFFFFFFFFFFFFFF22
:10DE1000FFFFFFFFFFFFFFFFFFFFFFFFFFFFFFFF12
:10DE2000FFFFFFFFFFFFFFFFFFFFFFFFFFFFFFFF02
:10DE3000FFFFFFFFFFFFFFFFFFFFFFFFFFFFFFFFF2
:10DE4000FFFFFFFFFFFFFFFFFFFFFFFFFFFFFFFFE2
:10DE5000FFFFFFFFFFFFFFFFFFFFFFFFFFFFFFFFD2
:10DE6000FFFFFFFFFFFFFFFFFFFFFFFFFFFFFFFFC2
:10DE7000FFFFFFFFFFFFFFFFFFFFFFFFFFFFFFFFB2
:10DE8000FFFFFFFFFFFFFFFFFFFFFFFFFFFFFFFFA2
:10DE9000FFFFFFFFFFFFFFFFFFFFFFFFFFFFFFFF92
:10DEA000FFFFFFFFFFFFFFFFFFFFFFFFFFFFFFFF82
:10DEB000FFFFFFFFFFFFFFFFFFFFFFFFFFFFFFFF72
:10DEC000FFFFFFFFFFFFFFFFFFFFFFFFFFFFFFFF62
:10DED000FFFFFFFFFFFFFFFFFFFFFFFFFFFFFFFF52
:10DEE000FFFFFFFFFFFFFFFFFFFFFFFFFFFFFFFF42
:10DEF000FFFFFFFFFFFFFFFFFFFFFFFFFFFFFFFF32
:10DF0000FFFFFFFFFFFFFFFFFFFFFFFFFFFFFFFF21
:10DF1000FFFFFFFFFFFFFFFFFFFFFFFFFFFFFFFF11
:10DF2000FFFFFFFFFFFFFFFFFFFFFFFFFFFFFFFF01
:10DF3000FFFFFFFFFFFFFFFFFFFFFFFFFFFFFFFFF1
:10DF4000FFFFFFFFFFFFFFFFFFFFFFFFFFFFFFFFE1
:10DF5000FFFFFFFFFFFFFFFFFFFFFFFFFFFFFFFFD1
:10DF6000FFFFFFFFFFFFFFFFFFFFFFFFFFFFFFFFC1
:10DF7000FFFFFFFFFFFFFFFFFFFFFFFFFFFFFFFFB1
:10DF8000FFFFFFFFFFFFFFFFFFFFFFFFFFFFFFFFA1
:10DF9000FFFFFFFFFFFFFFFFFFFFFFFFFFFFFFFF91
:10DFA000FFFFFFFFFFFFFFFFFFFFFFFFFFFFFFFF81
:10DFB000FFFFFFFFFFFFFFFFFFFFFFFFFFFFFFFF71
:10DFC000FFFFFFFFFFFFFFFFFFFFFFFFFFFFFFFF61
:10DFD000FFFFFFFFFFFFFFFFFFFFFFFFFFFFFFFF51
:10DFE000FFFFFFFFFFFFFFFFFFFFFFFFFFFFFFFF41
:10DFF000FFFFFFFFFFFFFFFFFFFFFFFFFFFFFFFF31
:10E00000FFFFFFFFFFFFFFFFFFFFFFFFFFFFFFFF20
:10E01000FFFFFFFFFFFFFFFFFFFFFFFFFFFFFFFF10
:10E02000FFFFFFFFFFFFFFFFFFFFFFFFFFFFFFFF00
:10E03000FFFFFFFFFFFFFFFFFFFFFFFFFFFFFFFFF0
:10E04000FFFFFFFFFFFFFFFFFFFFFFFFFFFFFFFFE0
:10E05000FFFFFFFFFFFFFFFFFFFFFFFFFFFFFFFFD0
:10E06000FFFFFFFFFFFFFFFFFFFFFFFFFFFFFFFFC0
:10E07000FFFFFFFFFFFFFFFFFFFFFFFFFFFFFFFFB0
:10E08000FFFFFFFFFFFFFFFFFFFFFFFFFFFFFFFFA0
:10E09000FFFFFFFFFFFFFFFFFFFFFFFFFFFFFFFF90
:10E0A000FFFFFFFFFFFFFFFFFFFFFFFFFFFFFFFF80
:10E0B000FFFFFFFFFFFFFFFFFFFFFFFFFFFFFFFF70
:10E0C000FFFFFFFFFFFFFFFFFFFFFFFFFFFFFFFF60
:10E0D000FFFFFFFFFFFFFFFFFFFFFFFFFFFFFFFF50
:10E0E000FFFFFFFFFFFFFFFFFFFFFFFFFFFFFFFF40
:10E0F000FFFFFFFFFFFFFFFFFFFFFFFFFFFFFFFF30
:10E10000FFFFFFFFFFFFFFFFFFFFFFFFFFFFFFFF1F
:10E11000FFFFFFFFFFFFFFFFFFFFFFFFFFFFFFFF0F
:10E12000FFFFFFFFFFFFFFFFFFFFFFFFFFFFFFFFFF
:10E13000FFFFFFFFFFFFFFFFFFFFFFFFFFFFFFFFEF
:10E14000FFFFFFFFFFFFFFFFFFFFFFFFFFFFFFFFDF
:10E15000FFFFFFFFFFFFFFFFFFFFFFFFFFFFFFFFCF
:10E16000FFFFFFFFFFFFFFFFFFFFFFFFFFFFFFFFBF
:10E17000FFFFFFFFFFFFFFFFFFFFFFFFFFFFFFFFAF
:10E18000FFFFFFFFFFFFFFFFFFFFFFFFFFFFFFFF9F
:10E19000FFFFFFFFFFFFFFFFFFFFFFFFFFFFFFFF8F
:10E1A000FFFFFFFFFFFFFFFFFFFFFFFFFFFFFFFF7F
:10E1B000FFFFFFFFFFFFFFFFFFFFFFFFFFFFFFFF6F
:10E1C000FFFFFFFFFFFFFFFFFFFFFFFFFFFFFFFF5F
:10E1D000FFFFFFFFFFFFFFFFFFFFFFFFFFFFFFFF4F
:10E1E000FFFFFFFFFFFFFFFFFFFFFFFFFFFFFFFF3F
:10E1F000FFFFFFFFFFFFFFFFFFFFFFFFFFFFFFFF2F
:10E20000FFFFFFFFFFFFFFFFFFFFFFFFFFFFFFFF1E
:10E21000FFFFFFFFFFFFFFFFFFFFFFFFFFFFFFFF0E
:10E22000FFFFFFFFFFFFFFFFFFFFFFFFFFFFFFFFFE
:10E23000FFFFFFFFFFFFFFFFFFFFFFFFFFFFFFFFEE
:10E24000FFFFFFFFFFFFFFFFFFFFFFFFFFFFFFFFDE
:10E25000FFFFFFFFFFFFFFFFFFFFFFFFFFFFFFFFCE
:10E26000FFFFFFFFFFFFFFFFFFFFFFFFFFFFFFFFBE
:10E27000FFFFFFFFFFFFFFFFFFFFFFFFFFFFFFFFAE
:10E28000FFFFFFFFFFFFFFFFFFFFFFFFFFFFFFFF9E
:10E29000FFFFFFFFFFFFFFFFFFFFFFFFFFFFFFFF8E
:10E2A000FFFFFFFFFFFFFFFFFFFFFFFFFFFFFFFF7E
:10E2B000FFFFFFFFFFFFFFFFFFFFFFFFFFFFFFFF6E
:10E2C000FFFFFFFFFFFFFFFFFFFFFFFFFFFFFFFF5E
:10E2D000FFFFFFFFFFFFFFFFFFFFFFFFFFFFFFFF4E
:10E2E000FFFFFFFFFFFFFFFFFFFFFFFFFFFFFFFF3E
:10E2F000FFFFFFFFFFFFFFFFFFFFFFFFFFFFFFFF2E
:10E30000FFFFFFFFFFFFFFFFFFFFFFFFFFFFFFFF1D
:10E31000FFFFFFFFFFFFFFFFFFFFFFFFFFFFFFFF0D
:10E32000FFFFFFFFFFFFFFFFFFFFFFFFFFFFFFFFFD
:10E33000FFFFFFFFFFFFFFFFFFFFFFFFFFFFFFFFED
:10E34000FFFFFFFFFFFFFFFFFFFFFFFFFFFFFFFFDD
:10E35000FFFFFFFFFFFFFFFFFFFFFFFFFFFFFFFFCD
:10E36000FFFFFFFFFFFFFFFFFFFFFFFFFFFFFFFFBD
:10E37000FFFFFFFFFFFFFFFFFFFFFFFFFFFFFFFFAD
:10E38000FFFFFFFFFFFFFFFFFFFFFFFFFFFFFFFF9D
:10E39000FFFFFFFFFFFFFFFFFFFFFFFFFFFFFFFF8D
:10E3A000FFFFFFFFFFFFFFFFFFFFFFFFFFFFFFFF7D
:10E3B000FFFFFFFFFFFFFFFFFFFFFFFFFFFFFFFF6D
:10E3C000FFFFFFFFFFFFFFFFFFFFFFFFFFFFFFFF5D
:10E3D000FFFFFFFFFFFFFFFFFFFFFFFFFFFFFFFF4D
:10E3E000FFFFFFFFFFFFFFFFFFFFFFFFFFFFFFFF3D
:10E3F000FFFFFFFFFFFFFFFFFFFFFFFFFFFFFFFF2D
:10E40000FFFFFFFFFFFFFFFFFFFFFFFFFFFFFFFF1C
:10E41000FFFFFFFFFFFFFFFFFFFFFFFFFFFFFFFF0C
:10E42000FFFFFFFFFFFFFFFFFFFFFFFFFFFFFFFFFC
:10E43000FFFFFFFFFFFFFFFFFFFFFFFFFFFFFFFFEC
:10E44000FFFFFFFFFFFFFFFFFFFFFFFFFFFFFFFFDC
:10E45000FFFFFFFFFFFFFFFFFFFFFFFFFFFFFFFFCC
:10E46000FFFFFFFFFFFFFFFFFFFFFFFFFFFFFFFFBC
:10E47000FFFFFFFFFFFFFFFFFFFFFFFFFFFFFFFFAC
:10E48000FFFFFFFFFFFFFFFFFFFFFFFFFFFFFFFF9C
:10E49000FFFFFFFFFFFFFFFFFFFFFFFFFFFFFFFF8C
:10E4A000FFFFFFFFFFFFFFFFFFFFFFFFFFFFFFFF7C
:10E4B000FFFFFFFFFFFFFFFFFFFFFFFFFFFFFFFF6C
:10E4C000FFFFFFFFFFFFFFFFFFFFFFFFFFFFFFFF5C
:10E4D000FFFFFFFFFFFFFFFFFFFFFFFFFFFFFFFF4C
:10E4E000FFFFFFFFFFFFFFFFFFFFFFFFFFFFFFFF3C
:10E4F000FFFFFFFFFFFFFFFFFFFFFFFFFFFFFFFF2C
:10E50000FFFFFFFFFFFFFFFFFFFFFFFFFFFFFFFF1B
:10E51000FFFFFFFFFFFFFFFFFFFFFFFFFFFFFFFF0B
:10E52000FFFFFFFFFFFFFFFFFFFFFFFFFFFFFFFFFB
:10E53000FFFFFFFFFFFFFFFFFFFFFFFFFFFFFFFFEB
:10E54000FFFFFFFFFFFFFFFFFFFFFFFFFFFFFFFFDB
:10E55000FFFFFFFFFFFFFFFFFFFFFFFFFFFFFFFFCB
:10E56000FFFFFFFFFFFFFFFFFFFFFFFFFFFFFFFFBB
:10E57000FFFFFFFFFFFFFFFFFFFFFFFFFFFFFFFFAB
:10E58000FFFFFFFFFFFFFFFFFFFFFFFFFFFFFFFF9B
:10E59000FFFFFFFFFFFFFFFFFFFFFFFFFFFFFFFF8B
:10E5A000FFFFFFFFFFFFFFFFFFFFFFFFFFFFFFFF7B
:10E5B000FFFFFFFFFFFFFFFFFFFFFFFFFFFFFFFF6B
:10E5C000FFFFFFFFFFFFFFFFFFFFFFFFFFFFFFFF5B
:10E5D000FFFFFFFFFFFFFFFFFFFFFFFFFFFFFFFF4B
:10E5E000FFFFFFFFFFFFFFFFFFFFFFFFFFFFFFFF3B
:10E5F000FFFFFFFFFFFFFFFFFFFFFFFFFFFFFFFF2B
:10E60000FFFFFFFFFFFFFFFFFFFFFFFFFFFFFFFF1A
:10E61000FFFFFFFFFFFFFFFFFFFFFFFFFFFFFFFF0A
:10E62000FFFFFFFFFFFFFFFFFFFFFFFFFFFFFFFFFA
:10E63000FFFFFFFFFFFFFFFFFFFFFFFFFFFFFFFFEA
:10E64000FFFFFFFFFFFFFFFFFFFFFFFFFFFFFFFFDA
:10E65000FFFFFFFFFFFFFFFFFFFFFFFFFFFFFFFFCA
:10E66000FFFFFFFFFFFFFFFFFFFFFFFFFFFFFFFFBA
:10E67000FFFFFFFFFFFFFFFFFFFFFFFFFFFFFFFFAA
:10E68000FFFFFFFFFFFFFFFFFFFFFFFFFFFFFFFF9A
:10E69000FFFFFFFFFFFFFFFFFFFFFFFFFFFFFFFF8A
:10E6A000FFFFFFFFFFFFFFFFFFFFFFFFFFFFFFFF7A
:10E6B000FFFFFFFFFFFFFFFFFFFFFFFFFFFFFFFF6A
:10E6C000FFFFFFFFFFFFFFFFFFFFFFFFFFFFFFFF5A
:10E6D000FFFFFFFFFFFFFFFFFFFFFFFFFFFFFFFF4A
:10E6E000FFFFFFFFFFFFFFFFFFFFFFFFFFFFFFFF3A
:10E6F000FFFFFFFFFFFFFFFFFFFFFFFFFFFFFFFF2A
:10E70000FFFFFFFFFFFFFFFFFFFFFFFFFFFFFFFF19
:10E71000FFFFFFFFFFFFFFFFFFFFFFFFFFFFFFFF09
:10E72000FFFFFFFFFFFFFFFFFFFFFFFFFFFFFFFFF9
:10E73000FFFFFFFFFFFFFFFFFFFFFFFFFFFFFFFFE9
:10E74000FFFFFFFFFFFFFFFFFFFFFFFFFFFFFFFFD9
:10E75000FFFFFFFFFFFFFFFFFFFFFFFFFFFFFFFFC9
:10E76000FFFFFFFFFFFFFFFFFFFFFFFFFFFFFFFFB9
:10E77000FFFFFFFFFFFFFFFFFFFFFFFFFFFFFFFFA9
:10E78000FFFFFFFFFFFFFFFFFFFFFFFFFFFFFFFF99
:10E79000FFFFFFFFFFFFFFFFFFFFFFFFFFFFFFFF89
:10E7A000FFFFFFFFFFFFFFFFFFFFFFFFFFFFFFFF79
:10E7B000FFFFFFFFFFFFFFFFFFFFFFFFFFFFFFFF69
:10E7C000FFFFFFFFFFFFFFFFFFFFFFFFFFFFFFFF59
:10E7D000FFFFFFFFFFFFFFFFFFFFFFFFFFFFFFFF49
:10E7E000FFFFFFFFFFFFFFFFFFFFFFFFFFFFFFFF39
:10E7F000FFFFFFFFFFFFFFFFFFFFFFFFFFFFFFFF29
:10E80000FFFFFFFFFFFFFFFFFFFFFFFFFFFFFFFF18
:10E81000FFFFFFFFFFFFFFFFFFFFFFFFFFFFFFFF08
:10E82000FFFFFFFFFFFFFFFFFFFFFFFFFFFFFFFFF8
:10E83000FFFFFFFFFFFFFFFFFFFFFFFFFFFFFFFFE8
:10E84000FFFFFFFFFFFFFFFFFFFFFFFFFFFFFFFFD8
:10E85000FFFFFFFFFFFFFFFFFFFFFFFFFFFFFFFFC8
:10E86000FFFFFFFFFFFFFFFFFFFFFFFFFFFFFFFFB8
:10E87000FFFFFFFFFFFFFFFFFFFFFFFFFFFFFFFFA8
:10E88000FFFFFFFFFFFFFFFFFFFFFFFFFFFFFFFF98
:10E89000FFFFFFFFFFFFFFFFFFFFFFFFFFFFFFFF88
:10E8A000FFFFFFFFFFFFFFFFFFFFFFFFFFFFFFFF78
:10E8B000FFFFFFFFFFFFFFFFFFFFFFFFFFFFFFFF68
:10E8C000FFFFFFFFFFFFFFFFFFFFFFFFFFFFFFFF58
:10E8D000FFFFFFFFFFFFFFFFFFFFFFFFFFFFFFFF48
:10E8E000FFFFFFFFFFFFFFFFFFFFFFFFFFFFFFFF38
:10E8F000FFFFFFFFFFFFFFFFFFFFFFFFFFFFFFFF28
:10E90000FFFFFFFFFFFFFFFFFFFFFFFFFFFFFFFF17
:10E91000FFFFFFFFFFFFFFFFFFFFFFFFFFFFFFFF07
:10E92000FFFFFFFFFFFFFFFFFFFFFFFFFFFFFFFFF7
:10E93000FFFFFFFFFFFFFFFFFFFFFFFFFFFFFFFFE7
:10E94000FFFFFFFFFFFFFFFFFFFFFFFFFFFFFFFFD7
:10E95000FFFFFFFFFFFFFFFFFFFFFFFFFFFFFFFFC7
:10E96000FFFFFFFFFFFFFFFFFFFFFFFFFFFFFFFFB7
:10E97000FFFFFFFFFFFFFFFFFFFFFFFFFFFFFFFFA7
:10E98000FFFFFFFFFFFFFFFFFFFFFFFFFFFFFFFF97
:10E99000FFFFFFFFFFFFFFFFFFFFFFFFFFFFFFFF87
:10E9A000FFFFFFFFFFFFFFFFFFFFFFFFFFFFFFFF77
:10E9B000FFFFFFFFFFFFFFFFFFFFFFFFFFFFFFFF67
:10E9C000FFFFFFFFFFFFFFFFFFFFFFFFFFFFFFFF57
:10E9D000FFFFFFFFFFFFFFFFFFFFFFFFFFFFFFFF47
:10E9E000FFFFFFFFFFFFFFFFFFFFFFFFFFFFFFFF37
:10E9F000FFFFFFFFFFFFFFFFFFFFFFFFFFFFFFFF27
:10EA0000FFFFFFFFFFFFFFFFFFFFFFFFFFFFFFFF16
:10EA1000FFFFFFFFFFFFFFFFFFFFFFFFFFFFFFFF06
:10EA2000FFFFFFFFFFFFFFFFFFFFFFFFFFFFFFFFF6
:10EA3000FFFFFFFFFFFFFFFFFFFFFFFFFFFFFFFFE6
:10EA4000FFFFFFFFFFFFFFFFFFFFFFFFFFFFFFFFD6
:10EA5000FFFFFFFFFFFFFFFFFFFFFFFFFFFFFFFFC6
:10EA6000FFFFFFFFFFFFFFFFFFFFFFFFFFFFFFFFB6
:10EA7000FFFFFFFFFFFFFFFFFFFFFFFFFFFFFFFFA6
:10EA8000FFFFFFFFFFFFFFFFFFFFFFFFFFFFFFFF96
:10EA9000FFFFFFFFFFFFFFFFFFFFFFFFFFFFFFFF86
:10EAA000FFFFFFFFFFFFFFFFFFFFFFFFFFFFFFFF76
:10EAB000FFFFFFFFFFFFFFFFFFFFFFFFFFFFFFFF66
:10EAC000FFFFFFFFFFFFFFFFFFFFFFFFFFFFFFFF56
:10EAD000FFFFFFFFFFFFFFFFFFFFFFFFFFFFFFFF46
:10EAE000FFFFFFFFFFFFFFFFFFFFFFFFFFFFFFFF36
:10EAF000FFFFFFFFFFFFFFFFFFFFFFFFFFFFFFFF26
:10EB0000FFFFFFFFFFFFFFFFFFFFFFFFFFFFFFFF15
:10EB1000FFFFFFFFFFFFFFFFFFFFFFFFFFFFFFFF05
:10EB2000FFFFFFFFFFFFFFFFFFFFFFFFFFFFFFFFF5
:10EB3000FFFFFFFFFFFFFFFFFFFFFFFFFFFFFFFFE5
:10EB4000FFFFFFFFFFFFFFFFFFFFFFFFFFFFFFFFD5
:10EB5000FFFFFFFFFFFFFFFFFFFFFFFFFFFFFFFFC5
:10EB6000FFFFFFFFFFFFFFFFFFFFFFFFFFFFFFFFB5
:10EB7000FFFFFFFFFFFFFFFFFFFFFFFFFFFFFFFFA5
:10EB8000FFFFFFFFFFFFFFFFFFFFFFFFFFFFFFFF95
:10EB9000FFFFFFFFFFFFFFFFFFFFFFFFFFFFFFFF85
:10EBA000FFFFFFFFFFFFFFFFFFFFFFFFFFFFFFFF75
:10EBB000FFFFFFFFFFFFFFFFFFFFFFFFFFFFFFFF65
:10EBC000FFFFFFFFFFFFFFFFFFFFFFFFFFFFFFFF55
:10EBD000FFFFFFFFFFFFFFFFFFFFFFFFFFFFFFFF45
:10EBE000FFFFFFFFFFFFFFFFFFFFFFFFFFFFFFFF35
:10EBF000FFFFFFFFFFFFFFFFFFFFFFFFFFFFFFFF25
:10EC0000FFFFFFFFFFFFFFFFFFFFFFFFFFFFFFFF14
:10EC1000FFFFFFFFFFFFFFFFFFFFFFFFFFFFFFFF04
:10EC2000FFFFFFFFFFFFFFFFFFFFFFFFFFFFFFFFF4
:10EC3000FFFFFFFFFFFFFFFFFFFFFFFFFFFFFFFFE4
:10EC4000FFFFFFFFFFFFFFFFFFFFFFFFFFFFFFFFD4
:10EC5000FFFFFFFFFFFFFFFFFFFFFFFFFFFFFFFFC4
:10EC6000FFFFFFFFFFFFFFFFFFFFFFFFFFFFFFFFB4
:10EC7000FFFFFFFFFFFFFFFFFFFFFFFFFFFFFFFFA4
:10EC8000FFFFFFFFFFFFFFFFFFFFFFFFFFFFFFFF94
:10EC9000FFFFFFFFFFFFFFFFFFFFFFFFFFFFFFFF84
:10ECA000FFFFFFFFFFFFFFFFFFFFFFFFFFFFFFFF74
:10ECB000FFFFFFFFFFFFFFFFFFFFFFFFFFFFFFFF64
:10ECC000FFFFFFFFFFFFFFFFFFFFFFFFFFFFFFFF54
:10ECD000FFFFFFFFFFFFFFFFFFFFFFFFFFFFFFFF44
:10ECE000FFFFFFFFFFFFFFFFFFFFFFFFFFFFFFFF34
:10ECF000FFFFFFFFFFFFFFFFFFFFFFFFFFFFFFFF24
:10ED0000FFFFFFFFFFFFFFFFFFFFFFFFFFFFFFFF13
:10ED1000FFFFFFFFFFFFFFFFFFFFFFFFFFFFFFFF03
:10ED2000FFFFFFFFFFFFFFFFFFFFFFFFFFFFFFFFF3
:10ED3000FFFFFFFFFFFFFFFFFFFFFFFFFFFFFFFFE3
:10ED4000FFFFFFFFFFFFFFFFFFFFFFFFFFFFFFFFD3
:10ED5000FFFFFFFFFFFFFFFFFFFFFFFFFFFFFFFFC3
:10ED6000FFFFFFFFFFFFFFFFFFFFFFFFFFFFFFFFB3
:10ED7000FFFFFFFFFFFFFFFFFFFFFFFFFFFFFFFFA3
:10ED8000FFFFFFFFFFFFFFFFFFFFFFFFFFFFFFFF93
:10ED9000FFFFFFFFFFFFFFFFFFFFFFFFFFFFFFFF83
:10EDA000FFFFFFFFFFFFFFFFFFFFFFFFFFFFFFFF73
:10EDB000FFFFFFFFFFFFFFFFFFFFFFFFFFFFFFFF63
:10EDC000FFFFFFFFFFFFFFFFFFFFFFFFFFFFFFFF53
:10EDD000FFFFFFFFFFFFFFFFFFFFFFFFFFFFFFFF43
:10EDE000FFFFFFFFFFFFFFFFFFFFFFFFFFFFFFFF33
:10EDF000FFFFFFFFFFFFFFFFFFFFFFFFFFFFFFFF23
:10EE0000FFFFFFFFFFFFFFFFFFFFFFFFFFFFFFFF12
:10EE1000FFFFFFFFFFFFFFFFFFFFFFFFFFFFFFFF02
:10EE2000FFFFFFFFFFFFFFFFFFFFFFFFFFFFFFFFF2
:10EE3000FFFFFFFFFFFFFFFFFFFFFFFFFFFFFFFFE2
:10EE4000FFFFFFFFFFFFFFFFFFFFFFFFFFFFFFFFD2
:10EE5000FFFFFFFFFFFFFFFFFFFFFFFFFFFFFFFFC2
:10EE6000FFFFFFFFFFFFFFFFFFFFFFFFFFFFFFFFB2
:10EE7000FFFFFFFFFFFFFFFFFFFFFFFFFFFFFFFFA2
:10EE8000FFFFFFFFFFFFFFFFFFFFFFFFFFFFFFFF92
:10EE9000FFFFFFFFFFFFFFFFFFFFFFFFFFFFFFFF82
:10EEA000FFFFFFFFFFFFFFFFFFFFFFFFFFFFFFFF72
:10EEB000FFFFFFFFFFFFFFFFFFFFFFFFFFFFFFFF62
:10EEC000FFFFFFFFFFFFFFFFFFFFFFFFFFFFFFFF52
:10EED000FFFFFFFFFFFFFFFFFFFFFFFFFFFFFFFF42
:10EEE000FFFFFFFFFFFFFFFFFFFFFFFFFFFFFFFF32
:10EEF000FFFFFFFFFFFFFFFFFFFFFFFFFFFFFFFF22
:10EF0000FFFFFFFFFFFFFFFFFFFFFFFFFFFFFFFF11
:10EF1000FFFFFFFFFFFFFFFFFFFFFFFFFFFFFFFF01
:10EF2000FFFFFFFFFFFFFFFFFFFFFFFFFFFFFFFFF1
:10EF3000FFFFFFFFFFFFFFFFFFFFFFFFFFFFFFFFE1
:10EF4000FFFFFFFFFFFFFFFFFFFFFFFFFFFFFFFFD1
:10EF5000FFFFFFFFFFFFFFFFFFFFFFFFFFFFFFFFC1
:10EF6000FFFFFFFFFFFFFFFFFFFFFFFFFFFFFFFFB1
:10EF7000FFFFFFFFFFFFFFFFFFFFFFFFFFFFFFFFA1
:10EF8000FFFFFFFFFFFFFFFFFFFFFFFFFFFFFFFF91
:10EF9000FFFFFFFFFFFFFFFFFFFFFFFFFFFFFFFF81
:10EFA000FFFFFFFFFFFFFFFFFFFFFFFFFFFFFFFF71
:10EFB000FFFFFFFFFFFFFFFFFFFFFFFFFFFFFFFF61
:10EFC000FFFFFFFFFFFFFFFFFFFFFFFFFFFFFFFF51
:10EFD000FFFFFFFFFFFFFFFFFFFFFFFFFFFFFFFF41
:10EFE000FFFFFFFFFFFFFFFFFFFFFFFFFFFFFFFF31
:10EFF000FFFFFFFFFFFFFFFFFFFFFFFFFFFFFFFF21
:10F00000FFFFFFFFFFFFFFFFFFFFFFFFFFFFFFFF10
:10F01000FFFFFFFFFFFFFFFFFFFFFFFFFFFFFFFF00
:10F02000FFFFFFFFFFFFFFFFFFFFFFFFFFFFFFFFF0
:10F03000FFFFFFFFFFFFFFFFFFFFFFFFFFFFFFFFE0
:10F04000FFFFFFFFFFFFFFFFFFFFFFFFFFFFFFFFD0
:10F05000FFFFFFFFFFFFFFFFFFFFFFFFFFFFFFFFC0
:10F06000FFFFFFFFFFFFFFFFFFFFFFFFFFFFFFFFB0
:10F07000FFFFFFFFFFFFFFFFFFFFFFFFFFFFFFFFA0
:10F08000FFFFFFFFFFFFFFFFFFFFFFFFFFFFFFFF90
:10F09000FFFFFFFFFFFFFFFFFFFFFFFFFFFFFFFF80
:10F0A000FFFFFFFFFFFFFFFFFFFFFFFFFFFFFFFF70
:10F0B000FFFFFFFFFFFFFFFFFFFFFFFFFFFFFFFF60
:10F0C000FFFFFFFFFFFFFFFFFFFFFFFFFFFFFFFF50
:10F0D000FFFFFFFFFFFFFFFFFFFFFFFFFFFFFFFF40
:10F0E000FFFFFFFFFFFFFFFFFFFFFFFFFFFFFFFF30
:10F0F000FFFFFFFFFFFFFFFFFFFFFFFFFFFFFFFF20
:10F10000FFFFFFFFFFFFFFFFFFFFFFFFFFFFFFFF0F
:10F11000FFFFFFFFFFFFFFFFFFFFFFFFFFFFFFFFFF
:10F12000FFFFFFFFFFFFFFFFFFFFFFFFFFFFFFFFEF
:10F13000FFFFFFFFFFFFFFFFFFFFFFFFFFFFFFFFDF
:10F14000FFFFFFFFFFFFFFFFFFFFFFFFFFFFFFFFCF
:10F15000FFFFFFFFFFFFFFFFFFFFFFFFFFFFFFFFBF
:10F16000FFFFFFFFFFFFFFFFFFFFFFFFFFFFFFFFAF
:10F17000FFFFFFFFFFFFFFFFFFFFFFFFFFFFFFFF9F
:10F18000FFFFFFFFFFFFFFFFFFFFFFFFFFFFFFFF8F
:10F19000FFFFFFFFFFFFFFFFFFFFFFFFFFFFFFFF7F
:10F1A000FFFFFFFFFFFFFFFFFFFFFFFFFFFFFFFF6F
:10F1B000FFFFFFFFFFFFFFFFFFFFFFFFFFFFFFFF5F
:10F1C000FFFFFFFFFFFFFFFFFFFFFFFFFFFFFFFF4F
:10F1D000FFFFFFFFFFFFFFFFFFFFFFFFFFFFFFFF3F
:10F1E000FFFFFFFFFFFFFFFFFFFFFFFFFFFFFFFF2F
:10F1F000FFFFFFFFFFFFFFFFFFFFFFFFFFFFFFFF1F
:10F20000FFFFFFFFFFFFFFFFFFFFFFFFFFFFFFFF0E
:10F21000FFFFFFFFFFFFFFFFFFFFFFFFFFFFFFFFFE
:10F22000FFFFFFFFFFFFFFFFFFFFFFFFFFFFFFFFEE
:10F23000FFFFFFFFFFFFFFFFFFFFFFFFFFFFFFFFDE
:10F24000FFFFFFFFFFFFFFFFFFFFFFFFFFFFFFFFCE
:10F25000FFFFFFFFFFFFFFFFFFFFFFFFFFFFFFFFBE
:10F26000FFFFFFFFFFFFFFFFFFFFFFFFFFFFFFFFAE
:10F27000FFFFFFFFFFFFFFFFFFFFFFFFFFFFFFFF9E
:10F28000FFFFFFFFFFFFFFFFFFFFFFFFFFFFFFFF8E
:10F29000FFFFFFFFFFFFFFFFFFFFFFFFFFFFFFFF7E
:10F2A000FFFFFFFFFFFFFFFFFFFFFFFFFFFFFFFF6E
:10F2B000FFFFFFFFFFFFFFFFFFFFFFFFFFFFFFFF5E
:10F2C000FFFFFFFFFFFFFFFFFFFFFFFFFFFFFFFF4E
:10F2D000FFFFFFFFFFFFFFFFFFFFFFFFFFFFFFFF3E
:10F2E000FFFFFFFFFFFFFFFFFFFFFFFFFFFFFFFF2E
:10F2F000FFFFFFFFFFFFFFFFFFFFFFFFFFFFFFFF1E
:10F30000FFFFFFFFFFFFFFFFFFFFFFFFFFFFFFFF0D
:10F31000FFFFFFFFFFFFFFFFFFFFFFFFFFFFFFFFFD
:10F32000FFFFFFFFFFFFFFFFFFFFFFFFFFFFFFFFED
:10F33000FFFFFFFFFFFFFFFFFFFFFFFFFFFFFFFFDD
:10F34000FFFFFFFFFFFFFFFFFFFFFFFFFFFFFFFFCD
:10F35000FFFFFFFFFFFFFFFFFFFFFFFFFFFFFFFFBD
:10F36000FFFFFFFFFFFFFFFFFFFFFFFFFFFFFFFFAD
:10F37000FFFFFFFFFFFFFFFFFFFFFFFFFFFFFFFF9D
:10F38000FFFFFFFFFFFFFFFFFFFFFFFFFFFFFFFF8D
:10F39000FFFFFFFFFFFFFFFFFFFFFFFFFFFFFFFF7D
:10F3A000FFFFFFFFFFFFFFFFFFFFFFFFFFFFFFFF6D
:10F3B000FFFFFFFFFFFFFFFFFFFFFFFFFFFFFFFF5D
:10F3C000FFFFFFFFFFFFFFFFFFFFFFFFFFFFFFFF4D
:10F3D000FFFFFFFFFFFFFFFFFFFFFFFFFFFFFFFF3D
:10F3E000FFFFFFFFFFFFFFFFFFFFFFFFFFFFFFFF2D
:10F3F000FFFFFFFFFFFFFFFFFFFFFFFFFFFFFFFF1D
:10F40000FFFFFFFFFFFFFFFFFFFFFFFFFFFFFFFF0C
:10F41000FFFFFFFFFFFFFFFFFFFFFFFFFFFFFFFFFC
:10F42000FFFFFFFFFFFFFFFFFFFFFFFFFFFFFFFFEC
:10F43000FFFFFFFFFFFFFFFFFFFFFFFFFFFFFFFFDC
:10F44000FFFFFFFFFFFFFFFFFFFFFFFFFFFFFFFFCC
:10F45000FFFFFFFFFFFFFFFFFFFFFFFFFFFFFFFFBC
:10F46000FFFFFFFFFFFFFFFFFFFFFFFFFFFFFFFFAC
:10F47000FFFFFFFFFFFFFFFFFFFFFFFFFFFFFFFF9C
:10F48000FFFFFFFFFFFFFFFFFFFFFFFFFFFFFFFF8C
:10F49000FFFFFFFFFFFFFFFFFFFFFFFFFFFFFFFF7C
:10F4A000FFFFFFFFFFFFFFFFFFFFFFFFFFFFFFFF6C
:10F4B000FFFFFFFFFFFFFFFFFFFFFFFFFFFFFFFF5C
:10F4C000FFFFFFFFFFFFFFFFFFFFFFFFFFFFFFFF4C
:10F4D000FFFFFFFFFFFFFFFFFFFFFFFFFFFFFFFF3C
:10F4E000FFFFFFFFFFFFFFFFFFFFFFFFFFFFFFFF2C
:10F4F000FFFFFFFFFFFFFFFFFFFFFFFFFFFFFFFF1C
:10F50000FFFFFFFFFFFFFFFFFFFFFFFFFFFFFFFF0B
:10F51000FFFFFFFFFFFFFFFFFFFFFFFFFFFFFFFFFB
:10F52000FFFFFFFFFFFFFFFFFFFFFFFFFFFFFFFFEB
:10F53000FFFFFFFFFFFFFFFFFFFFFFFFFFFFFFFFDB
:10F54000FFFFFFFFFFFFFFFFFFFFFFFFFFFFFFFFCB
:10F55000FFFFFFFFFFFFFFFFFFFFFFFFFFFFFFFFBB
:10F56000FFFFFFFFFFFFFFFFFFFFFFFFFFFFFFFFAB
:10F57000FFFFFFFFFFFFFFFFFFFFFFFFFFFFFFFF9B
:10F58000FFFFFFFFFFFFFFFFFFFFFFFFFFFFFFFF8B
:10F59000FFFFFFFFFFFFFFFFFFFFFFFFFFFFFFFF7B
:10F5A000FFFFFFFFFFFFFFFFFFFFFFFFFFFFFFFF6B
:10F5B000FFFFFFFFFFFFFFFFFFFFFFFFFFFFFFFF5B
:10F5C000FFFFFFFFFFFFFFFFFFFFFFFFFFFFFFFF4B
:10F5D000FFFFFFFFFFFFFFFFFFFFFFFFFFFFFFFF3B
:10F5E000FFFFFFFFFFFFFFFFFFFFFFFFFFFFFFFF2B
:10F5F000FFFFFFFFFFFFFFFFFFFFFFFFFFFFFFFF1B
:10F60000FFFFFFFFFFFFFFFFFFFFFFFFFFFFFFFF0A
:10F61000FFFFFFFFFFFFFFFFFFFFFFFFFFFFFFFFFA
:10F62000FFFFFFFFFFFFFFFFFFFFFFFFFFFFFFFFEA
:10F63000FFFFFFFFFFFFFFFFFFFFFFFFFFFFFFFFDA
:10F64000FFFFFFFFFFFFFFFFFFFFFFFFFFFFFFFFCA
:10F65000FFFFFFFFFFFFFFFFFFFFFFFFFFFFFFFFBA
:10F66000FFFFFFFFFFFFFFFFFFFFFFFFFFFFFFFFAA
:10F67000FFFFFFFFFFFFFFFFFFFFFFFFFFFFFFFF9A
:10F68000FFFFFFFFFFFFFFFFFFFFFFFFFFFFFFFF8A
:10F69000FFFFFFFFFFFFFFFFFFFFFFFFFFFFFFFF7A
:10F6A000FFFFFFFFFFFFFFFFFFFFFFFFFFFFFFFF6A
:10F6B000FFFFFFFFFFFFFFFFFFFFFFFFFFFFFFFF5A
:10F6C000FFFFFFFFFFFFFFFFFFFFFFFFFFFFFFFF4A
:10F6D000FFFFFFFFFFFFFFFFFFFFFFFFFFFFFFFF3A
:10F6E000FFFFFFFFFFFFFFFFFFFFFFFFFFFFFFFF2A
:10F6F000FFFFFFFFFFFFFFFFFFFFFFFFFFFFFFFF1A
:10F70000FFFFFFFFFFFFFFFFFFFFFFFFFFFFFFFF09
:10F71000FFFFFFFFFFFFFFFFFFFFFFFFFFFFFFFFF9
:10F72000FFFFFFFFFFFFFFFFFFFFFFFFFFFFFFFFE9
:10F73000FFFFFFFFFFFFFFFFFFFFFFFFFFFFFFFFD9
:10F74000FFFFFFFFFFFFFFFFFFFFFFFFFFFFFFFFC9
:10F75000FFFFFFFFFFFFFFFFFFFFFFFFFFFFFFFFB9
:10F76000FFFFFFFFFFFFFFFFFFFFFFFFFFFFFFFFA9
:10F77000FFFFFFFFFFFFFFFFFFFFFFFFFFFFFFFF99
:10F78000FFFFFFFFFFFFFFFFFFFFFFFFFFFFFFFF89
:10F79000FFFFFFFFFFFFFFFFFFFFFFFFFFFFFFFF79
:10F7A000FFFFFFFFFFFFFFFFFFFFFFFFFFFFFFFF69
:10F7B000FFFFFFFFFFFFFFFFFFFFFFFFFFFFFFFF59
:10F7C000FFFFFFFFFFFFFFFFFFFFFFFFFFFFFFFF49
:10F7D000FFFFFFFFFFFFFFFFFFFFFFFFFFFFFFFF39
:10F7E000FFFFFFFFFFFFFFFFFFFFFFFFFFFFFFFF29
:10F7F000FFFFFFFFFFFFFFFFFFFFFFFFFFFFFFFF19
:10F80000FFFFFFFFFFFFFFFFFFFFFFFFFFFFFFFF08
:10F81000FFFFFFFFFFFFFFFFFFFFFFFFFFFFFFFFF8
:10F82000FFFFFFFFFFFFFFFFFFFFFFFFFFFFFFFFE8
:10F83000FFFFFFFFFFFFFFFFFFFFFFFFFFFFFFFFD8
:10F84000FFFFFFFFFFFFFFFFFFFFFFFFFFFFFFFFC8
:10F85000FFFFFFFFFFFFFFFFFFFFFFFFFFFFFFFFB8
:10F86000FFFFFFFFFFFFFFFFFFFFFFFFFFFFFFFFA8
:10F87000FFFFFFFFFFFFFFFFFFFFFFFFFFFFFFFF98
:10F88000FFFFFFFFFFFFFFFFFFFFFFFFFFFFFFFF88
:10F89000FFFFFFFFFFFFFFFFFFFFFFFFFFFFFFFF78
:10F8A000FFFFFFFFFFFFFFFFFFFFFFFFFFFFFFFF68
:10F8B000FFFFFFFFFFFFFFFFFFFFFFFFFFFFFFFF58
:10F8C000FFFFFFFFFFFFFFFFFFFFFFFFFFFFFFFF48
:10F8D000FFFFFFFFFFFFFFFFFFFFFFFFFFFFFFFF38
:10F8E000FFFFFFFFFFFFFFFFFFFFFFFFFFFFFFFF28
:10F8F000FFFFFFFFFFFFFFFFFFFFFFFFFFFFFFFF18
:10F90000FFFFFFFFFFFFFFFFFFFFFFFFFFFFFFFF07
:10F91000FFFFFFFFFFFFFFFFFFFFFFFFFFFFFFFFF7
:10F92000FFFFFFFFFFFFFFFFFFFFFFFFFFFFFFFFE7
:10F93000FFFFFFFFFFFFFFFFFFFFFFFFFFFFFFFFD7
:10F94000FFFFFFFFFFFFFFFFFFFFFFFFFFFFFFFFC7
:10F95000FFFFFFFFFFFFFFFFFFFFFFFFFFFFFFFFB7
:10F96000FFFFFFFFFFFFFFFFFFFFFFFFFFFFFFFFA7
:10F97000FFFFFFFFFFFFFFFFFFFFFFFFFFFFFFFF97
:10F98000FFFFFFFFFFFFFFFFFFFFFFFFFFFFFFFF87
:10F99000FFFFFFFFFFFFFFFFFFFFFFFFFFFFFFFF77
:10F9A000FFFFFFFFFFFFFFFFFFFFFFFFFFFFFFFF67
:10F9B000FFFFFFFFFFFFFFFFFFFFFFFFFFFFFFFF57
:10F9C000FFFFFFFFFFFFFFFFFFFFFFFFFFFFFFFF47
:10F9D000FFFFFFFFFFFFFFFFFFFFFFFFFFFFFFFF37
:10F9E000FFFFFFFFFFFFFFFFFFFFFFFFFFFFFFFF27
:10F9F000FFFFFFFFFFFFFFFFFFFFFFFFFFFFFFFF17
:10FA0000FFFFFFFFFFFFFFFFFFFFFFFFFFFFFFFF06
:10FA1000FFFFFFFFFFFFFFFFFFFFFFFFFFFFFFFFF6
:10FA2000FFFFFFFFFFFFFFFFFFFFFFFFFFFFFFFFE6
:10FA3000FFFFFFFFFFFFFFFFFFFFFFFFFFFFFFFFD6
:10FA4000FFFFFFFFFFFFFFFFFFFFFFFFFFFFFFFFC6
:10FA5000FFFFFFFFFFFFFFFFFFFFFFFFFFFFFFFFB6
:10FA6000FFFFFFFFFFFFFFFFFFFFFFFFFFFFFFFFA6
:10FA7000FFFFFFFFFFFFFFFFFFFFFFFFFFFFFFFF96
:10FA8000FFFFFFFFFFFFFFFFFFFFFFFFFFFFFFFF86
:10FA9000FFFFFFFFFFFFFFFFFFFFFFFFFFFFFFFF76
:10FAA000FFFFFFFFFFFFFFFFFFFFFFFFFFFFFFFF66
:10FAB000FFFFFFFFFFFFFFFFFFFFFFFFFFFFFFFF56
:10FAC000FFFFFFFFFFFFFFFFFFFFFFFFFFFFFFFF46
:10FAD000FFFFFFFFFFFFFFFFFFFFFFFFFFFFFFFF36
:10FAE000FFFFFFFFFFFFFFFFFFFFFFFFFFFFFFFF26
:10FAF000FFFFFFFFFFFFFFFFFFFFFFFFFFFFFFFF16
:10FB0000FFFFFFFFFFFFFFFFFFFFFFFFFFFFFFFF05
:10FB1000FFFFFFFFFFFFFFFFFFFFFFFFFFFFFFFFF5
:10FB2000FFFFFFFFFFFFFFFFFFFFFFFFFFFFFFFFE5
:10FB3000FFFFFFFFFFFFFFFFFFFFFFFFFFFFFFFFD5
:10FB4000FFFFFFFFFFFFFFFFFFFFFFFFFFFFFFFFC5
:10FB5000FFFFFFFFFFFFFFFFFFFFFFFFFFFFFFFFB5
:10FB6000FFFFFFFFFFFFFFFFFFFFFFFFFFFFFFFFA5
:10FB7000FFFFFFFFFFFFFFFFFFFFFFFFFFFFFFFF95
:10FB8000FFFFFFFFFFFFFFFFFFFFFFFFFFFFFFFF85
:10FB9000FFFFFFFFFFFFFFFFFFFFFFFFFFFFFFFF75
:10FBA000FFFFFFFFFFFFFFFFFFFFFFFFFFFFFFFF65
:10FBB000FFFFFFFFFFFFFFFFFFFFFFFFFFFFFFFF55
:10FBC000FFFFFFFFFFFFFFFFFFFFFFFFFFFFFFFF45
:10FBD000FFFFFFFFFFFFFFFFFFFFFFFFFFFFFFFF35
:10FBE000FFFFFFFFFFFFFFFFFFFFFFFFFFFFFFFF25
:10FBF000FFFFFFFFFFFFFFFFFFFFFFFFFFFFFFFF15
:10FC0000FFFFFFFFFFFFFFFFFFFFFFFFFFFFFFFF04
:10FC1000FFFFFFFFFFFFFFFFFFFFFFFFFFFFFFFFF4
:10FC2000FFFFFFFFFFFFFFFFFFFFFFFFFFFFFFFFE4
:10FC3000FFFFFFFFFFFFFFFFFFFFFFFFFFFFFFFFD4
:10FC4000FFFFFFFFFFFFFFFFFFFFFFFFFFFFFFFFC4
:10FC5000FFFFFFFFFFFFFFFFFFFFFFFFFFFFFFFFB4
:10FC6000FFFFFFFFFFFFFFFFFFFFFFFFFFFFFFFFA4
:10FC7000FFFFFFFFFFFFFFFFFFFFFFFFFFFFFFFF94
:10FC8000FFFFFFFFFFFFFFFFFFFFFFFFFFFFFFFF84
:10FC9000FFFFFFFFFFFFFFFFFFFFFFFFFFFFFFFF74
:10FCA000FFFFFFFFFFFFFFFFFFFFFFFFFFFFFFFF64
:10FCB000FFFFFFFFFFFFFFFFFFFFFFFFFFFFFFFF54
:10FCC000FFFFFFFFFFFFFFFFFFFFFFFFFFFFFFFF44
:10FCD000FFFFFFFFFFFFFFFFFFFFFFFFFFFFFFFF34
:10FCE000FFFFFFFFFFFFFFFFFFFFFFFFFFFFFFFF24
:10FCF000FFFFFFFFFFFFFFFFFFFFFFFFFFFFFFFF14
:10FD0000FFFFFFFFFFFFFFFFFFFFFFFFFFFFFFFF03
:10FD1000FFFFFFFFFFFFFFFFFFFFFFFFFFFFFFFFF3
:10FD2000FFFFFFFFFFFFFFFFFFFFFFFFFFFFFFFFE3
:10FD3000FFFFFFFFFFFFFFFFFFFFFFFFFFFFFFFFD3
:10FD4000FFFFFFFFFFFFFFFFFFFFFFFFFFFFFFFFC3
:10FD5000FFFFFFFFFFFFFFFFFFFFFFFFFFFFFFFFB3
:10FD6000FFFFFFFFFFFFFFFFFFFFFFFFFFFFFFFFA3
:10FD7000FFFFFFFFFFFFFFFFFFFFFFFFFFFFFFFF93
:10FD8000FFFFFFFFFFFFFFFFFFFFFFFFFFFFFFFF83
:10FD9000FFFFFFFFFFFFFFFFFFFFFFFFFFFFFFFF73
:10FDA000FFFFFFFFFFFFFFFFFFFFFFFFFFFFFFFF63
:10FDB000FFFFFFFFFFFFFFFFFFFFFFFFFFFFFFFF53
:10FDC000FFFFFFFFFFFFFFFFFFFFFFFFFFFFFFFF43
:10FDD000FFFFFFFFFFFFFFFFFFFFFFFFFFFFFFFF33
:10FDE000FFFFFFFFFFFFFFFFFFFFFFFFFFFFFFFF23
:10FDF000FFFFFFFFFFFFFFFFFFFFFFFFFFFFFFFF13
:10FE0000FFFFFFFFFFFFFFFFFFFFFFFFFFFFFFFF02
:10FE1000FFFFFFFFFFFFFFFFFFFFFFFFFFFFFFFFF2
:10FE2000FFFFFFFFFFFFFFFFFFFFFFFFFFFFFFFFE2
:10FE3000FFFFFFFFFFFFFFFFFFFFFFFFFFFFFFFFD2
:10FE4000FFFFFFFFFFFFFFFFFFFFFFFFFFFFFFFFC2
:10FE5000FFFFFFFFFFFFFFFFFFFFFFFFFFFFFFFFB2
:10FE6000FFFFFFFFFFFFFFFFFFFFFFFFFFFFFFFFA2
:10FE7000FFFFFFFFFFFFFFFFFFFFFFFFFFFFFFFF92
:10FE8000FFFFFFFFFFFFFFFFFFFFFFFFFFFFFFFF82
:10FE9000FFFFFFFFFFFFFFFFFFFFFFFFFFFFFFFF72
:10FEA000FFFFFFFFFFFFFFFFFFFFFFFFFFFFFFFF62
:10FEB000FFFFFFFFFFFFFFFFFFFFFFFFFFFFFFFF52
:10FEC000FFFFFFFFFFFFFFFFFFFFFFFFFFFFFFFF42
:10FED000FFFFFFFFFFFFFFFFFFFFFFFFFFFFFFFF32
:10FEE000FFFFFFFFFFFFFFFFFFFFFFFFFFFFFFFF22
:10FEF000FFFFFFFFFFFFFFFFFFFFFFFFFFFFFFFF12
:10FF0000FFFFFFFFFFFFFFFFFFFFFFFFFFFFFFFF01
:10FF1000FFFFFFFFFFFFFFFFFFFFFFFFFFFFFFFFF1
:10FF2000FFFFFFFFFFFFFFFFFFFFFFFFFFFFFFFFE1
:10FF3000FFFFFFFFFFFFFFFFFFFFFFFFFFFFFFFFD1
:10FF4000FFFFFFFFFFFFFFFFFFFFFFFFFFFFFFFFC1
:10FF5000FFFFFFFFFFFFFFFFFFFFFFFFFFFFFFFFB1
:10FF6000FFFFFFFFFFFFFFFFFFFFFFFFFFFFFFFFA1
:10FF7000FFFFFFFFFFFFFFFFFFFFFFFFFFFFFFFF91
:10FF8000FFFFFFFFFFFFFFFFFFFFFFFFFFFFFFFF81
:10FF9000FFFFFFFFFFFFFFFFFFFFFFFFFFFFFFFF71
:10FFA000FFFFFFFFFFFFFFFFFFFFFFFFFFFFFFFF61
:10FFB000FFFFFFFFFFFFFFFFFFFFFFFFFFFFFFFF51
:10FFC000FFFFFFFFFFFFFFFFFFFFFFFFFFFFFFFF41
:10FFD000FFFFFFFFFFFFFFFFFFFFFFFFFFFFFFFF31
:10FFE000FFFFFFFFFFFFFFFFFFFFFFFFFFFFFFFF21
:10FFF000FFFFFFFFFFFFFFFFFFFFFFFFFFFFFFFF11
:020000040801F1
:1000000000070020191001083965020895640208EC
:100010000165020895640208CD6402081B100108FE
:100020001B1001081B1001081B10010825D2020833
:100030001B1001081B1001081B1001081B100108F0
:100040001B1001081B1001081B1001081B100108E0
:100050001B1001081B100108651D03088D1D0308F6
:10006000B51D0308DD1D0308051E0308A5D70208FA
:10007000CDD70208F9D7020825D8020851D80208BE
:1000800079D80208A5D802081B10010821580208D7
:100090004D5802085D5802081B1001082D1E030868
:1000A0001B1001081B1001081B1001081B10010880
:1000B0001B1001081B1001081B1001081B10010870
:1000C0001B1001081B1001081B1001081B10010860
:1000D0001B100108011F0308151F03081B1001084E
:1000E000911E03081B1001081B1001081B100108BA
:1000F0001B1001081B1001081B100108D1D80208B1
:100100001B1001081B100108291F03081B10010800
:100110001B1001081B1001081B1001081B1001080F
:10012000FDD8020825D9020851D902087DD9020854
:10013000A9D902081B1001081B1001081B10010897
:100140001B1001081B1001081B10010835EA0208EA
:10015000D1D90208FDD9020829DA02081B100108CA
:1001600031DE0208D9DF02081B1001081B1001084C
:100170001B1001081B1001081B1001081B100108AF
:100180001B1001081B1001081B1001081B1001089F
:100190001B1001081B1001081B1001081B1001088F
:1001A0001B1001081B1001081B1001081B1001087F
:1001B0001B1001081B1001081B1001081B1001086F
:1001C0001B1001081B1001081B1001081B1001085F
:1001D0001B1001081B1001081B1001081B1001084F
:1001E0006D160108158001089DE701084D090208F8
:1001F000DD10020891130208614B0208815E0208BB
:1002000051670208B57602088585020899930208AD
:1002100045BA020895BF0208000000000000000077
:1002200040A2E4F1646891062A3D55BE4FB9E2CF81
:10023000A024030078CDB09200003E18FFFFFFFF1E
:10024000FFFFFFFF81F0004102E000BF83F00043A9
:1002500030B54FEA41044FEA430594EA050F08BF61
:1002600090EA020F1FBF54EA000C55EA020C7FEA25
:10027000645C7FEA655C00F0E2804FEA5454D4EBA2
:100280005555B8BF6D420CDD2C4480EA020281EA6C
:10029000030382EA000083EA010180EA020281EAA4
:1002A0000303362D88BF30BD11F0004F4FEA0131F6
:1002B0004FF4801C4CEA113102D0404261EB410105
:1002C00013F0004F4FEA03334CEA133302D052428B
:1002D00063EB430394EA050F00F0A780A4F1010447
:1002E000D5F1200E0DDB02FA0EFC22FA05F2801881
:1002F00041F1000103FA0EF2801843FA05F3594167
:100300000EE0A5F120050EF1200E012A03FA0EFCE5
:1003100028BF4CF0020C43FA05F3C01851EBE3710F
:1003200001F0004507D54FF0000EDCF1000C7EEB2C
:1003300000006EEB0101B1F5801F1BD3B1F5001F6A
:100340000CD349085FEA30004FEA3C0C04F1010489
:100350004FEA445212F5800F80F09A80BCF1004FB2
:1003600008BF5FEA500C50F1000041EB045141EA34
:10037000050130BD5FEA4C0C404141EB0101013CFD
:1003800028BFB1F5801FE9D291F0000F04BF0146EC
:100390000020B1FA81F308BF2033A3F10B03B3F1BE
:1003A00020020CDA0C3208DD02F1140CC2F10C024E
:1003B00001FA0CF021FA02F10CE002F11402D8BFAC
:1003C000C2F1200C01FA02F120FA0CFCDCBF41EA78
:1003D0000C019040E41AA2BF01EB0451294330BD47
:1003E0006FEA04041F3C1CDA0C340EDC04F1140424
:1003F000C4F1200220FA04F001FA02F340EA0300FB
:1004000021FA04F345EA030130BDC4F10C04C4F140
:10041000200220FA02F001FA04F340EA0300294620
:1004200030BD21FA04F0294630BD94F0000F83F46A
:10043000801306BF81F480110134013D4EE77FEA4D
:10044000645C18BF7FEA655C29D094EA050F08BF99
:1004500090EA020F05D054EA000C04BF194610467A
:1004600030BD91EA030F1EBF0021002030BD5FEABE
:10047000545C05D14000494128BF41F0004130BDE6
:1004800014F580043CBF01F5801130BD01F000453A
:1004900045F0FE4141F470014FF0000030BD7FEAAD
:1004A000645C1ABF194610467FEA655C1CBF0B46A8
:1004B000024650EA013406BF52EA033591EA030FBF
:1004C00041F4002130BD00BF90F0000F04BF0021B7
:1004D000704730B54FF4806404F132044FF00005EA
:1004E0004FF0000150E700BF90F0000F04BF002163
:1004F000704730B54FF4806404F1320410F00045C9
:1005000048BF40424FF000013EE700BF42004FEAC3
:10051000E2014FEA31014FEA02701FBF12F07F4340
:1005200093F07F4F81F06051704732F07F4208BFF7
:10053000704793F07F4F04BF41F40021704730B5FE
:100540004FF4607401F0004521F000411CE700BF4A
:1005500050EA010208BF704730B54FF000050AE0CD
:1005600050EA010208BF704730B511F0004502D5CE
:10057000404261EB41014FF4806404F132045FEAD0
:10058000915C3FF4D8AE4FF003025FEADC0C18BF79
:1005900003325FEADC0C18BF033202EBDC02C2F16B
:1005A000200300FA03FC20FA02F001FA03FE40EAFD
:1005B0000E0021FA02F11444BDE600BF70B54FF001
:1005C000FF0C4CF4E06C1CEA11541DBF1CEA1355DF
:1005D00094EA0C0F95EA0C0F00F0DEF82C4481EA47
:1005E000030621EA4C5123EA4C5350EA013518BF67
:1005F00052EA033541F4801143F4801338D0A0FB54
:1006000002CE4FF00005E1FB02E506F00042E0FB00
:1006100003E54FF00006E1FB03569CF0000F18BF06
:100620004EF0010EA4F1FF04B6F5007F64F54074AE
:1006300004D25FEA4E0E6D4146EB060642EAC62141
:1006400041EA55514FEAC52040EA5E504FEACE2EAE
:10065000B4F1FD0C88BFBCF5E06F1ED8BEF1004FB1
:1006600008BF5FEA500E50F1000041EB045170BD2D
:1006700006F0004646EA010140EA020081EA030171
:10068000B4EB5C04C2BFD4EB0C0541EA045170BD6D
:1006900041F480114FF0000E013C00F3AB8014F1E7
:1006A000360FDEBF002001F0004170BDC4F1000430
:1006B000203C35DA0C341BDC04F11404C4F12005B1
:1006C00000FA05F320FA04F001FA05F240EA02000C
:1006D00001F0004221F0004110EBD37021FA04F642
:1006E00042EB06015EEA430E08BF20EAD37070BDFC
:1006F000C4F10C04C4F1200500FA04F320FA05F05B
:1007000001FA04F240EA020001F0004110EBD3705C
:1007100041F100015EEA430E08BF20EAD37070BDCC
:10072000C4F1200500FA05F24EEA020E20FA04F3A5
:1007300001FA05F243EA020321FA04F001F0004154
:1007400021FA04F220EA020000EBD3705EEA430EC5
:1007500008BF20EAD37070BD94F0000F0FD101F0F4
:100760000046400041EB010111F4801F08BF013C2D
:10077000F7D041EA060195F0000F18BF704703F06B
:100780000046520043EB030313F4801F08BF013DF2
:10079000F7D043EA0603704794EA0C0F0CEA1355AE
:1007A00018BF95EA0C0F0CD050EA410618BF52EA68
:1007B0004306D1D181EA030101F000414FF000006E
:1007C00070BD50EA410606BF1046194652EA43067C
:1007D00019D094EA0C0F02D150EA013613D195EAF0
:1007E0000C0F05D152EA03361CBF104619460AD138
:1007F00081EA030101F0004141F0FE4141F4700142
:100800004FF0000070BD41F0FE4141F4780170BD31
:1008100070B54FF0FF0C4CF4E06C1CEA11541DBF96
:100820001CEA135594EA0C0F95EA0C0F00F0A7F898
:10083000A4EB050481EA030E52EA03354FEA0131C5
:1008400000F088804FEA03334FF0805545EA1313D8
:1008500043EA12634FEA022245EA111545EA1065A0
:100860004FEA00260EF000419D4208BF964244F137
:10087000FD0404F5407402D25B084FEA3202B61A56
:1008800065EB03055B084FEA32024FF480104FF42A
:10089000002CB6EB020E75EB030E22BFB61A75469E
:1008A00040EA0C005B084FEA3202B6EB020E75EB31
:1008B000030E22BFB61A754640EA5C005B084FEA99
:1008C0003202B6EB020E75EB030E22BFB61A754666
:1008D00040EA9C005B084FEA3202B6EB020E75EB71
:1008E000030E22BFB61A754640EADC0055EA060E32
:1008F00018D04FEA051545EA16754FEA06164FEA75
:10090000C30343EA52734FEAC2025FEA1C1CC0D120
:1009100011F4801F0BD141EA00014FF000004FF0AD
:10092000004CB6E711F4801F04BF01430020B4F16E
:10093000FD0C88BFBCF5E06F3FF6AFAEB5EB030C26
:1009400004BFB6EB020C5FEA500C50F1000041EB23
:10095000045170BD0EF0004E4EEA113114EB5C04F0
:10096000C2BFD4EB0C0541EA045170BD41F48011C3
:100970004FF0000E013C90E645EA060E8DE60CEACB
:10098000135594EA0C0F08BF95EA0C0F3FF43BAFE8
:1009900094EA0C0F0AD150EA01347FF434AF95EA9F
:1009A0000C0F7FF425AF104619462CE795EA0C0F83
:1009B00006D152EA03353FF4FDAE1046194622E750
:1009C00050EA410618BF52EA43067FF4C5AE50EA2A
:1009D00041047FF40DAF52EA43057FF4EBAE12E71A
:1009E0004FF0FF3C06E000BF4FF0010C02E000BFFB
:1009F0004FF0010C4DF804CD4FEA410C7FEA6C5CDE
:100A00004FEA430C18BF7FEA6C5C1BD001B050EA80
:100A1000410C0CBF52EA430C91EA030F02BF90EA6B
:100A2000020F0020704710F1000F91EA030F58BF2A
:100A3000994208BF90422CBFD8176FEAE37040F08C
:100A4000010070474FEA410C7FEA6C5C02D150EA2A
:100A5000013C07D14FEA430C7FEA6C5CD6D152EAE5
:100A6000033CD3D05DF8040B704700BF84461046AA
:100A700062468C461946634600E000BF01B5FFF7A9
:100A8000B7FF002848BF10F1000F01BD4DF808ED79
:100A9000FFF7F4FF0CBF012000205DF808FB00BF4A
:100AA0004DF808EDFFF7EAFF34BF012000205DF8A4
:100AB00008FB00BF4DF808EDFFF7E0FF94BF0120F1
:100AC00000205DF808FB00BF4DF808EDFFF7CEFFF2
:100AD00094BF012000205DF808FB00BF4DF808ED31
:100AE000FFF7C4FF34BF012000205DF808FB00BF02
:100AF0004FEA410C7FEA6C5C02D150EA013C0AD11A
:100B00004FEA430C7FEA6C5C02D152EA033C02D10B
:100B10004FF0000070474FF0010070474FEA41026C
:100B200012F5001215D211D56FF47873B3EB62523F
:100B300012D94FEAC12343F0004343EA505311F066
:100B4000004F23FA02F018BF404270474FF00000F8
:100B5000704750EA013005D111F0004008BF6FF036
:100B6000004070474FF00000704700BF4A0011D2AC
:100B700012F5001211D20DD56FF47873B3EB6252F7
:100B80000ED44FEAC12343F0004343EA505323FA03
:100B900002F070474FF00000704750EA013002D178
:100BA0004FF0FF3070474FF0000070474FEA4102AE
:100BB000B2F1E04324BFB3F5001CDCF1FE5C0DD9BB
:100BC00001F0004C4FEAC0024CEA5070B2F1004F05
:100BD00040EB830008BF20F00100704711F0804F08
:100BE00021D113F13872BCBF01F00040704741F4CD
:100BF00080114FEA5252C2F11802C2F1200C10FAD1
:100C00000CF320FA02F018BF40F001004FEAC123B4
:100C10004FEAD32303FA0CFC40EA0C0023FA02F358
:100C20004FEA4303CCE77FEA625307D150EA01332E
:100C30001EBF4FF0FE4040F44000704701F00040FE
:100C400040F0FE4040F40000704700BF7BB972B92D
:100C50000029BEBF00204FF0004106E008BF002879
:100C60001CBF6FF000414FF0FF3000F0D3B9ADF181
:100C7000080C6DE904CE002909DB002B1ADB00F01B
:100C800061F8DDF804E0DDE9022304B0704740427A
:100C900061EB4101002B1BDB00F054F8DDF804E0B0
:100CA000DDE9022304B0404261EB4101524263EBB3
:100CB00043037047524263EB430300F043F8DDF80F
:100CC00004E0DDE9022304B0404261EB41017047DA
:100CD000524263EB430300F035F8DDF804E0DDE950
:100CE000022304B0524263EB4303704753B94AB93D
:100CF000002908BF00281CBF4FF0FF314FF0FF3024
:100D000000F088B9ADF1080C6DE904CE00F01AF8D6
:100D1000DDF804E0DDE9022304B07047430803F086
:100D20005533C01A830803F0333300F033301844CE
:100D300000EB101000F00F3000EB002000EB004043
:100D4000000E70472DE9F047089D04468E46002BA3
:100D50004DD18A42944669D9B2FA82F252B101FA6F
:100D600002F3C2F1200120FA01F10CFA02FC41EA7F
:100D7000030E94404FEA1C48210CBEFBF8F61FFA04
:100D80008CF708FB16E341EA034306FB07F199429F
:100D90000AD91CEB030306F1FF3080F01F81994252
:100DA00040F21C81023E63445B1AA4B2B3FBF8F02C
:100DB00008FB103344EA034400FB07F7A7420AD9B3
:100DC0001CEB040400F1FF3380F00A81A74240F2DB
:100DD00007816444023840EA0640E41B00261DB146
:100DE000D4400023C5E900433146BDE8F0878B427B
:100DF00009D9002D00F0EF800026C5E9000130463A
:100E00003146BDE8F087B3FA83F6002E4AD18B4213
:100E100002D3824200F2F980841A61EB03030120BD
:100E20009E46002DE0D0C5E9004EDDE702B9FFDEA9
:100E3000B2FA82F2002A40F09280A1EB0C014FEA54
:100E40001C471FFA8CFE0126200CB1FBF7F307FBB1
:100E5000131140EA01410EFB03F0884208D91CEB54
:100E6000010103F1FF3802D2884200F2CB804346F1
:100E7000091AA4B2B1FBF7F007FB101144EA0144D0
:100E80000EFB00FEA64508D91CEB040400F1FF315F
:100E900002D2A64500F2BB800846A4EB0E0440EA4D
:100EA00003409CE7C6F12007B34022FA07FC4CEA56
:100EB000030C20FA07F401FA06F31C43F9404FEA49
:100EC0001C4900FA06F3B1FBF9F8200C1FFA8CFE5E
:100ED00009FB181140EA014108FB0EF0884202FAB2
:100EE00006F20BD91CEB010108F1FF3A80F0888073
:100EF000884240F28580A8F102086144091AA4B230
:100F0000B1FBF9F009FB101144EA014100FB0EFEB0
:100F10008E4508D91CEB010100F1FF346CD28E45DF
:100F20006AD90238614440EA0840A0FB0294A1EB70
:100F30000E01A142C846A64656D353D05DB1B3EBCD
:100F4000080261EB0E0101FA07F722FA06F3F140FD
:100F50001F43C5E9007100263146BDE8F087C2F1A4
:100F60002003D8400CFA02FC21FA03F3914001431C
:100F70004FEA1C471FFA8CFEB3FBF7F007FB103655
:100F80000B0C43EA064300FB0EF69E4204FA02F401
:100F900008D91CEB030300F1FF382FD29E422DD954
:100FA000023863449B1B89B2B3FBF7F607FB163389
:100FB00041EA034106FB0EF38B4208D91CEB010109
:100FC00006F1FF3816D28B4214D9023E6144C91A89
:100FD00046EA004638E72E46284605E70646E3E699
:100FE0001846F8E64B45A9D2B9EB020864EB0C0EA3
:100FF0000138A3E74646EAE7204694E74046D1E7B2
:10100000D0467BE7023B614432E7304609E764445F
:10101000023842E7704700BF02E000F000F8FEE748
:1010200072B6374880F30888364880F30988364816
:101030003649086040F20000CCF200004EF63471F0
:10104000CEF200010860BFF34F8FBFF36F8F40F205
:101050000000C0F2F0004EF68851CEF200010860A8
:10106000BFF34F8FBFF36F8F4FF00000E1EE100A18
:101070004EF63C71CEF200010860062080F3148821
:10108000BFF36F8F20F03CFA20F0FEFC4FF055309C
:101090001F491B4A91423CBF41F8040BFAE71D4926
:1010A000184A91423CBF41F8040BFAE71A491B4A1F
:1010B0001B4B9A423EBF51F8040B42F8040BF8E771
:1010C00000201849184A91423CBF41F8040BFAE746
:1010D00020F01AFA20F026FD144C154DAC4203DA2C
:1010E00054F8041B8847F9E700F0B0FA114C124D90
:1010F000AC4203DA54F8041B8847F9E720F002BA3F
:1011000000070020002300200000010808ED00E097
:101110000001002000070020B8210408002300205F
:10112000E8250020E825002080B10020E00101082A
:101130001802010818020108180201082DE9F04FF1
:101140002DED108AC1F80CD0C3689D46BDEC108A05
:10115000BDE8F08F002383F311882846A0470020C4
:101160001FF0A2FAFEE71FF037F900DFFEE70000EC
:1011700001F0FF01102A2BDB10F0070F08D010F848
:10118000013B013A8B422DD010F0070F42B3F6D14C
:10119000F0B441EA012141EA014122F007047FF065
:1011A00000070023F0E80256083C85EA010586EABC
:1011B000010685FA47F5A3FA87F586FA47F6A5FAF8
:1011C00087F68EB9EED1F0BC01F0FF0102F0070204
:1011D00032B110F8013B013A83EA010313B1F8D1AF
:1011E0000020704701387047002D06BF3546033890
:1011F000073815F0010F07D1013015F4807F02BFC9
:10120000013015F4C03F0130F0BC0138704700BF19
:1012100010F8012B11F8013B012A28BF9A42F7D0A0
:10122000D01A7047034613F8012B002AFBD1181A75
:101230000138704738B50022002304460D46FFF7F9
:101240002FFC28B920462946BDE8384000F00AB8EE
:10125000204605F1004100F005F8404261EB4101F4
:1012600038BD00BFD0B50C4B002206460F46FFF735
:10127000A5F9FFF77BFC0446FFF726F9074B002290
:10128000FFF79CF902460B4630463946FEF7DEFF73
:10129000FFF76CFC2146D0BD0000F03D0000F0419E
:1012A00010B5054BC0F8C8320446D0F8780408B130
:1012B00003F09CF8204610BD74FF030870B5044687
:1012C0001C300BF0EBFD04F1700007F047F804F55B
:1012D000E0700CF089F82B4BC4F8C83204F5347078
:1012E00014F006FB04F53D7504F5567628461435D2
:1012F00011F0D4F9B542F9D10723C4F87C340023A6
:10130000A4F880344FF4CB7003F06AF8C4F8780482
:1013100004F2844014F0ECFA04F5996014F0E8FA51
:10132000194B1A6812B904F532721A60174BC4F8D7
:10133000C832174B1749196004F2E4400023142601
:101340009DB206FB05120133127C002AF8D1124B24
:101350001D80124B1A6812B1114815F0F1F818608F
:1013600004F50053012204F5125083F88E24103046
:1013700014F0BEFA0B4B1A680AB10B48EDE71C607B
:10138000204670BD74FF03085853002000790308FD
:10139000644B0020947A0308624B0020204B00200D
:1013A000FC770308E82500201778030873B5304D53
:1013B000044620F05BF820F06DF828684FF4807345
:1013C00080224FF4E131C06C03F03EFA204600F079
:1013D00009FA20F05FF8204601F044F904F11C06F8
:1013E00020F058F812F080FC0EF050FB30460BF065
:1013F0006FFE12F079FC11F089F912F075FC11F012
:1014000097F912F071FC1B4A06210EF073FB20F0D5
:1014100041F80EF027FB2B68D86A03685B68984791
:1014200010B1154814F0DAFA04F170051A230DF121
:10143000070128468DF8073006F030FE94F9703029
:101440006BB194F90910002909DB30464FF4613380
:101450000522C9B20BF068FF284606F0FDFF04F52F
:10146000E0700CF0E5F802B0BDE8704015F094B8FB
:101470000826002038780308537803080148FFF74E
:1014800095BF00BF102600202DE9F341144C154EE6
:10149000DFF86080144F20461FF050FF134A0146CA
:1014A000121B134801F086F91EF0BAFE0446A4B1DF
:1014B000206AE1690191B04214BF251AA8EB060524
:1014C0001FF03CFF019902462B46384601F072F9A5
:1014D00020461EF0B5FE0446E9E702B0BDE8F08103
:1014E00000010020000700207A7803080007002090
:1014F000707803080023002010B50F4C05F0B2FAF5
:101500002368986A03680522DB69002198472368ED
:10151000986A036864211B6998472368986A03687E
:1015200028215B6898472368986A0368BDE81040E3
:101530001B690021184700BF0826002038B5054662
:1015400015F02AF8334A1368C31AB3F57A7F0446B4
:1015500012D9314B10601B7823B9304A536983F09C
:101560000103536112F0C0FB002112F0C7FF12F01B
:10157000BBFB012112F0C2FF0CF0CCFB284A136820
:1015800041F28831E31A8B4206D9016821B1146017
:101590000289244801F00EF9EB7ADA070AD5224ACB
:1015A000136841F28831E31A8B4203D9284614604C
:1015B000FFF76AFFEB7A9B0712D41C4A1368E31A01
:1015C000132B08D9146012F08FFB12F043FA12F0BB
:1015D0008BFB13F0A9F92846BDE8384001F06EB93D
:1015E00014F0DAFF43F698239842E6D91048FFF743
:1015F00083FF10481FF04EFEBFF34F8F0E490F4B75
:10160000CA6802F4E0621343CB60BFF34F8F00BFA0
:10161000FDE700BFEC25002000230020000402406D
:10162000F42500208C780308F0250020F825002000
:1016300010260020010007B000ED00E00400FA05CC
:101640000148FFF77BBF00BF1026002038B5054BCF
:101650001C6823680A461D68034B01462046A847BC
:10166000002038BD08260020FC25002010B50A4CBB
:101670002046FFF723FE094A0949204620F09CFC3A
:1016800014F0F6FB074B084A1860BDE81040074904
:10169000074802F0F5BF00BF10260020747C002030
:1016A000A112010808260020411601087D14010836
:1016B000FC250020002070477047000070470000A4
:1016C00070470000002070470020704700207047DE
:1016D00001207047704700000020704700207047CD
:1016E000002070470020704700207047002070479E
:1016F00000207047704700007047000000207047CE
:10170000C8207047012070470020704700207047B4
:10171000704700000120704700207047012070478B
:10172000012070470220704770470000704700009A
:1017300090F890308B4286BF00EB8100D0F8940087
:101740000020704790F890308B4286BF00EB8100FC
:10175000D0F89400002070470020704703207047A5
:10176000014B187C704700BF102600207047000016
:1017700008B50B4B1B68986A03680A215B68984799
:101780000848FFF7B9FEBFF34F8F0749074BCA68F8
:1017900002F4E0621343CB60BFF34F8F00BFFDE75D
:1017A000082600201026002000ED00E00400FA05C5
:1017B00013B54FF44470CDE9002102F00BFE04464E
:1017C00028B1DDE9002112F0E1FA024B2360204646
:1017D00002B010BD4079030810B5044602F002FEC5
:1017E000204610BD13B5044606F024F904F05AFE55
:1017F000204606F09FF818B1B4F90030022B0BD048
:1018000006F00EFD04F02AFB02230DF1060120462E
:10181000ADF8063006F0A2FC02230DF106012046C9
:10182000ADF8063006F086FC02B0BDE8104005F0C9
:1018300051BE0000BFF34F8F0549064BCA6802F442
:10184000E0621343CB60BFF34F8F00BFFDE700BFE3
:1018500000ED00E00400FA0513B510220021044653
:101860008DF8072021F06CFF054B1B68D86A0368D0
:101870000DF107021B6B2146984702B010BD00BF57
:1018800008260020F0B58BB0174604460E4614F02B
:1018900083FE054603F046FF03464FF4C87005F586
:1018A000167504F50054B3FBF0F202FB103315FA81
:1018B00083F3C4F88834FD7E35B91F4814F08EF8E0
:1018C00084F88C540BB0F0BD384605A902F04EFAEE
:1018D00007460028F6D101A8FFF7BEFF9DF8165075
:1018E00001A92A460DF1170021F0D0FE28B11348B6
:1018F00014F074F884F88C74E4E70F2D0CD8D4F845
:10190000883484F88C54A3F51673C4F888342946B7
:101910000B4814F063F8D5E79DF814100029D1D0D6
:1019200030461AF091FF9DF8142094F88E14054863
:1019300014F054F8C6E700BFAC7B0308D77B03085C
:10194000F87B03081A7C030807B5104601A901F0CB
:10195000D7FD18B9034B9DF804201A7003B05DF849
:1019600004FB00BFC44A002007B5104601A902F0DD
:10197000B5F858B9074B9DF804101B68D86AA1F157
:10198000FF02036851421B685141984703B05DF85C
:1019900004FB00BF0826002008B5154B1B7833B1A7
:1019A000FF2B144B22D14FF400129A611DE014F06A
:1019B000F3FD114A1368C31A642B16D90F4910603E
:1019C0000B78013303F00F024FF4AA43D34013F016
:1019D000010F4FEA43130A7003F020030CBF4FF4CA
:1019E000001200221343034A936108BD2022DCE762
:1019F000C44A002000040240004B0020FD4A0020A1
:101A000038B5084615461C461AF026FF60B99DF801
:101A10001030022B07D1012C05D12BA3D3E90023D1
:101A2000C5E90023012038BD40F226439C4247D03F
:101A300011D80B2C0BD864B1601E0A2809D8DFE836
:101A400000F0230808082B08080808332F00282C6A
:101A50001ED00020E7E744F620639C4228D00BD834
:101A600040F24C439C4227D040F6B9339C42F0D11F
:101A700017A3D3E90023D3E744F625639C42E8D1BA
:101A800015A3D3E90023CBE715A3D3E90023C7E7C8
:101A900015A3D3E90023C3E715A3D3E90023BFE7C8
:101AA00015A3D3E90023BBE715A3D3E90023B7E7C8
:101AB00015A3D3E90023B3E715A3D3E90023AFE7C8
:101AC00015A3D3E90023ABE7401DA12026812A0BF3
:101AD000E9A2A272EAE738B13A13328C7423F3090F
:101AE0009E6AC421818A46EE26417272DF25D7B7ED
:101AF000F017304A39059E56D5A4D139F922B6A738
:101B0000CDD269EBC51A133BA1A6A1951A7065E960
:101B100003806A5575F30087011517CB0E03561F16
:101B200013B59DF81040CDE9003413460A4601462E
:101B3000806AFFF765FF02B010BD000070B500F5C8
:101B400000560D46D6F884447CB90C2101201FF0C4
:101B50009BFAC6F8840408B9002070BD0560846053
:101B60000430FAE72646A46824B12368AB42F9D1D1
:101B7000201DF2E70C2101201FF086FAB06000283A
:101B8000EAD00560B3689C60B068E9E72DE9F041F0
:101B900090B000F51251BDF8587004461646103149
:101BA00040F2224201A8984602F0A8FD012F0ED172
:101BB00046EA07412046FFF7C1FF054670B90024F9
:101BC00001A802F0B7FD204610B0BDE8F08104F294
:101BD00014501AF041FE0028EAD1F0E73822002123
:101BE00002A821F0ADFD02238DF808309DF85C308D
:101BF0008DF82030189B0993BDF86430ADF828307B
:101C0000CDE90468ADF81870079514F0CDFC0D4BC4
:101C1000C01841F10001CDE90C0104F2145002A9F1
:101C20001AF01CFE084B0028D5BF9A881A680132AA
:101C30001218D4BF9A801A600028D4BF002401244F
:101C4000BEE700BF40420F00C84A002030B58FB049
:101C500014460D4638220021684621F071FDDDE969
:101C60001223CDE90223BDF85030ADF8103004F155
:101C700019030593A37E8DF81830159B0793BDF8C3
:101C80005830ADF8203014F08FFC0D4BC31841F1E3
:101C900000016A46CDE90A312846E17E1AF022FEAB
:101CA000084B0028D5BF9A881A6801321218D4BF91
:101CB0009A801A600028D4BF002001200FB030BDE8
:101CC00040420F00C84A0020F0B591B004460E46CD
:101CD000104608A9154602F011F988BB9DF820307E
:101CE000012B11D106F09CFA04F0B8F805F0F2FBD4
:101CF00005F0A0FE164904F1700005F045FD1549F8
:101D000004F5E07005F040FD1022002106AF0CA89C
:101D100021F016FD012239460CA88DF8382002F07A
:101D200011F90A23029308A3D3E9002380B2CDE975
:101D30000370CDE9002331462A462046FFF786FF8F
:101D400011B0F0BDAFF30080CDD269EBC51A133BE3
:101D500054820308309103082DE9F041ADF5487D28
:101D600066AC05460E46174600214FF4C472204665
:101D700021F0E6FC14F010FC2F4B4FF47A72B0FB0C
:101D8000F2F0186093E8070084E8070002F01EFBF9
:101D9000037C237402F01AFB437C63740323A37453
:101DA000264B5A6962610DF5DD709A68DB68A261A5
:101DB000E361FFF751FD43F61863EA682384204B83
:101DC000002A18681F4B29DDCDE900320DF2CB2126
:101DD0001D4BC06A502202F01FFE50210DF2CB2095
:101DE00022F09AF90DF11C0884F8320141460122D3
:101DF000204601F08DFE012302930DA3D3E90023B9
:101E000080B2CDE90380CDE9002331463A46284629
:101E1000FFF71CFF0DF5487DBDE8F08100935022CF
:101E20000A4BC06A0DF2CB2102F0F6FDD5E700BFE8
:101E30009E6AC421818A46EEB84A00202002010829
:101E4000082600203F7C0308387C0308AE8903087D
:101E50002DE9F0411546ADF5866D06460F461FF09B
:101E600019FB08A9284602F083F80446002840F030
:101E70009F8001464FF4D072A4A821F061FC9DF828
:101E8000B880B8F1100F7ED808F1FF330F2B2BD894
:101E900042460DF1B9010DF2D13021F007FC424666
:101EA00051490DF1B90022F00FF90246B0B94F487F
:101EB0000DF11F0104F0E4FC0446002C63D09DF8F2
:101EC000B83073B39DF828305BB39DF81F20013AFA
:101ED000032A6DD8DFE802F01C2E384122460DF1AE
:101EE0001F010DF2D130E5E7BDF82000479447AA65
:101EF0000DF11F0105F0BEFF0446002843D0012369
:101F000000930DF2D132112347A904F0F5FBD4E779
:101F1000012B4DD10C9B8DF81C3147A9204606F0B2
:101F2000F5F89DF81F30013B032B41D8DFE803F0A3
:101F30001C444A4F012B3BD10C9BADF81C3147A9E7
:101F4000204606F025F9ECE7012B31D10C9B479395
:101F500047A9204606F054F9E3E7022B28D10CA943
:101F6000204606F087F8DCE701238DF8903294F9DB
:101F70000030DA17CDE9A6325C210DF2D13022F023
:101F8000CBF88DF8D00347AC01222146A4A802F07B
:101F900017F90B23029312A3D3E9002380B2CDE9F2
:101FA0000340CDE9002339462A463046FFF74EFE6E
:101FB0000DF5866DBDE8F08101238DF89032B4F9FE
:101FC0000030D6E701238DF890322368D1E7022351
:101FD0008DF890322368A693CEE700BFAFF3008060
:101FE000D5A4D139F922B6A74C7C0308557C030847
:101FF0002DE9F04FDFF8D8A08BB0804608F21459D5
:1020000048461AF0ABFC0546002858D00024007E54
:102010000694CDE90744ADF8244002F0F5FA2A7E93
:102020008DF8240005F1100107A821F03FFB2B6873
:1020300043F00043069314F0B7FA224B0390C21802
:10204000DAF804000E4641F1000308F5005760B3CA
:102050000168009409690D4606A9A847A04224DC3E
:10206000DAF8040003689B6A9847D0E90A23CDE9AF
:10207000042314F099FADDE90423801A61EB0301CB
:10208000114B834274EB01030FD397F88D34072B68
:1020900012D90E4A87F88D449388013393804846BD
:1020A000039A33461AF068FC09E048461AF05AFCD5
:1020B000002387F88D34A1E7013387F88D340BB006
:1020C000BDE8F08F40420F007F841E00C84A002008
:1020D000E84A00202DE9F0414FF00053DFF8E0809E
:1020E0001B684345FCB005460C46164604D03148F3
:1020F000DC22002121F024FB4FF0005749A9C7F84A
:102100000080304601F07EFE002849D19DF8243140
:102110003B750BB9F37E3B759DF8252126480DF5DF
:10212000937121F0C3FA20461AF096FB4FF000534A
:1021300007AF58758122002128A821F001FB3946FC
:10214000012228A801F0A4FE2823029317A3D3E9B3
:10215000002380B2CDE90370CDE900232146324649
:102160002846FFF773FD154F3326013E16F0FF0694
:10217000284608D0FFF73CFF3B68986A03680121B6
:102180005B689847F1E7FFF7B7F920461AF064FB60
:1021900040F0304040F400201FF07CF8FFF74AFB8D
:1021A0007CB0BDE8F08100BFAFF3008026417272C1
:1021B000DF25D7B7040000201600002008260020E5
:1021C0009AAD44C513B504460846019200911AF031
:1021D00043FBDDE9001258B9137E022B1ED1D38ACE
:1021E000012B1BD1204602B0BDE81040FFF74ABBCF
:1021F000D38A40F22640834262D011D80B2B0BD8F1
:1022000063B1013B0A2B09D8DFE803F0270808086F
:102210003308080808484200282B24D002B010BD1B
:1022200044F6206083423FD00DD840F24C408342B8
:1022300040D040F6B9308342F0D1204602B0BDE82C
:10224000104000F02DBF44F625608342E6D12046C1
:1022500002B0BDE8104000F03DBC204602B0BDE831
:102260001040FFF779BD204602B0BDE81040FFF7EF
:1022700031BF164813F0B2FB154B1B68986A036810
:102280000A215B6898472046FFF736F9FFF7D2FA34
:10229000204602B0BDE81040FFF7DABD204602B08C
:1022A000BDE81040FFF710BD204602B0BDE8104069
:1022B000FFF74ABB204602B0BDE81040FFF754BB11
:1022C000204602B0BDE8104000F0F0BB607C03087F
:1022D000082600200A460146806AFFF773BF000007
:1022E00011311B4B112912D8DFE801F02D292521CE
:1022F0001D1519151111111111110D1111099A68DE
:1023000001329A6070479A8901329A817047DA895E
:102310000132DA8170475A8B01325A8370471A8B27
:1023200001321A8370471A8A01321A8270475A8A18
:1023300001325A8270479A8B01329A8370479A8A87
:1023400001329A827047DA8A0132DA82704700BF1E
:10235000C84A00202DE9F04F374E97B00023CDE951
:102360000B330A93ADF8343073680446002B5FD00A
:10237000324D01274FF0000A4FF0000B70688DF8C6
:1023800014704FF000088DF815800368CDE900AB9C
:102390000DF11502D3F8089005A94346C8479DF8EA
:1023A0001430002B44D0414620220EA821F0C8F959
:1023B0007068036806AAD3F814800AA90DF1160301
:1023C000C047002834DD9DF8340002F039F90BA92C
:1023D00002468DF8500012A821F068F904F2145852
:1023E0000A9B0E930EA9DDE9062340461AF0F2FC83
:1023F00010F10D0F014603D02046FFF771FFBDE736
:102400000E981AF0D7FC03900E981AF0CDFC039B9F
:10241000CDE9000708AA41462046FFF7F1FA18B9AE
:102420006B8B01336B83A9E72B8A01332B82A5E7E2
:1024300017B0BDE8F08F00BFE84A0020C84A00206E
:1024400007B500F2145168461AF078FCBDF8040094
:1024500064235843BDF80030B0FBF3F080B203B002
:102460005DF804FBF0B597B0044614F095F84FF40E
:102470007A73B0FBF3F0434B434D1B682860D86A76
:1024800003685B6D98474FF6FF73984228BF184664
:1024900028810EA90122284601F0ECFB0EAB80B288
:1024A0000293182240F255130025CDE90032039023
:1024B0002EA3D3E9002304952046FFF767FBE37AB8
:1024C00059074ED501220EA93048314F01F088F846
:1024D0000EAB80B202931F264FF4AB73CDE90036EA
:1024E000039024A3D3E9002304952046FFF74EFB75
:1024F000786803689B6A9847002832D03A788DF84C
:10250000382002680F924268ADF840208268ADF82A
:102510004220C268ADF844200269ADF84620426905
:10252000ADF8482082691392C269ADF85020026A62
:10253000ADF8522007AF436AADF854300122394656
:102540000EA800F0F7FF40F2571380B2CDE90270F9
:102550000093049509A3D3E9002301962046FFF7D1
:1025600015FB17B0F0BD00BFAFF30080F1C6A7C1E7
:10257000D068080FD1F886A9B8E33A76753CA33C39
:10258000AE0C08CE08260020B84A0020C84A002019
:10259000E84A0020F0B506468DB000F214501AF05B
:1025A0005BF92E4D20B100232B7001200DB0F0BD42
:1025B00013F0F2FF2B7804463BB13046FFF740FFA3
:1025C00001210246264813F009FA03F0ABF84FF454
:1025D000C87306F50057B0FBF3F202FB130304F5D2
:1025E000167010FA83F000238DF8183097F88C34A9
:1025F000C7F8880423B901228DF8182087F88E3493
:1026000008A8FFF729F997F88C14C1F11004E4B277
:10261000062C28BF062408AB224619440DF11900E8
:1026200021F044F8013406AB00250293182201235F
:10263000E4B2CDE90032049506A3D3E90023039464
:102640003046FFF7A3FA87F88C542846AEE700BF60
:10265000AFF30080401DA12026812A0B002300201B
:10266000707C030870B5244D244E4FF4807386B0FF
:10267000AB80044613F090FF4FF47A73B0FBF3F095
:1026800028606288B4F902307F2A98BF33700DF158
:102690001701002304F108008DF8173005F036FD0E
:1026A00041F2381001F096FE054608B112F010FD17
:1026B000134B1D60134B00225D601A702DB12B6807
:1026C00061685B680122284698470F4B009304F22B
:1026D000145004F244510D4B01944FF4FA520390FC
:1026E0001AF086F83178039821B106B0BDE8704041
:1026F0001AF0AAB806B070BDB84A0020044B0020FA
:10270000F04A0020E84A0020211B0108D5220108D8
:1027100030B50628134698BF1D4AC7B098BF155C50
:1027200007930C464FF07C024FF0000127A888BFAA
:10273000002521F005F8079B22465A210DF1BE0025
:1027400013F002F95A2828BF5A2008AC8DF8BD00B2
:102750002146012227A88DF89C5001F0B3FA0023EE
:10276000049380B243F6FF731822CDE90240CDE90D
:102770000032084804A3D3E90023FFF707FA47B063
:1027800030BD00BFAFF30080759D040C8EA454D6FD
:102790002C7D0308102600200EB403B503AA52F8BE
:1027A000041B0192FFF7B4FF02B05DF804EB03B025
:1027B000704700000FB407B504AA072052F8041BA5
:1027C0000192FFF7A5FF03B05DF804EB04B070477A
:1027D00037B5044600F214501AF0CEF82046FFF741
:1027E0002FFE462802D92B4813F0F8F82046FFF7B1
:1027F00039FE94F90850002D38D0002304F1080068
:10280000EDB201A98DF8043005F080FC2A2D224C90
:102810000AD1224D2846FFF7CDFF2368986A036846
:1028200064215B689847F5E72B2D04D11C48FFF71E
:10283000C1FF1C4B98474FF4FA6101A801F044FF17
:102840002468A06A03684FF47A715B689847E06A6D
:1028500003689B6A984718B1012816D0124800E017
:102860001248FFF7A7FF01A801F03AFF104B002222
:102870005A7113F091FE47F23053984207D90D4830
:1028800003B0BDE830401EF005BD0B48E9E703B0DA
:1028900030BD00BFA87C030808260020C67C0308C2
:1028A000D77C030838ED00E0127D0308E77C0308BD
:1028B000B84A0020263A09B0FC7C0308F7B5044664
:1028C00013F06AFE36490B68C31A322B05461BD932
:1028D000344B1B78C3B13448037801229A4022F468
:1028E000AA4222F055021204120C002A0DBF012642
:1028F00000260122002242EA064201332B4E03F059
:102900001F03B26103700D6013F046FE04F500531F
:10291000D3F88834984202D92046FFF73BFE244A78
:102920001368EB1AB3F57A7F07D3156013F03CFEFA
:1029300002460B462046FFF74BFF204600F048F8C2
:10294000204600F093F9204600F054FC2046FFF7A3
:1029500023F813F01BFE04F51255164F06461035EA
:1029600013F014FE801BB0F57A7F16D23B68986A8C
:1029700003684FF480619B6898474FF4F3622946DF
:1029800001A801F0BBFE2046FFF732FB2046FFF70F
:10299000E1FC01A801F0CEFEE2E703B0F0BD00BF0C
:1029A000F84A002000230020FC4A002000040240D6
:1029B000F44A00200826002010B590F805110446BE
:1029C0000AF04AFD6423C0B203FB0044A06E10BDB0
:1029D00070B52DED048B90F9C5319EB00446002BE7
:1029E00058D090F8C332002B54D013F0D5FDD4F852
:1029F000E834C01A27284DD904F5E07528460AF0B6
:102A000053FD2846D4F8E864FFF7D6FF864241D04C
:102A100094F8C51228460AF041FD00283AD028460D
:102A2000FFF7CAFF94F8C512C4F8E80428460AF074
:102A300013FD6423C0B203FB00409FED1B0A00F5A9
:102A4000077002F0ABFE0AAD2822002114A8B0EEF8
:102A5000409AF0EE608AB0EE418A20F071FE0122C9
:102A6000294611A88DED119ACDED128A8DED138AAC
:102A700000F012FE002380B21822049340F2E933E2
:102A8000CDE90250CDE90032204605A3D3E9002369
:102A9000FFF77CF81EB0BDEC048B70BDAFF3008077
:102AA000F2C20B46A9D4A7E26F12833A10B5A2B0C6
:102AB00001A90446104600F0CBFF014638B99DF845
:102AC00005300DF1060204F1700006F0E1F922B0C4
:102AD00010BD000010B5CCB004466946104600F0A9
:102AE00079FC38B9BDF800200DF1020104F1700045
:102AF00006F0C4F84CB010BD2DE9F04300F17008A9
:102B0000ADF5217D002305460DF11A0207A94046C7
:102B10000793ADF81A3006F091F8002841D0BDF8BF
:102B20001A30002B3DD0079B002B3AD020A7D7E9C5
:102B30000067BDF81A408CB34FF49772002108A8C3
:102B400020F0FEFDB4F5967F28BF4FF496740799E8
:102B5000ADF8204022460DF5A8790DF1220020F0B5
:102B6000A5FD0122494608A800F004FC00230493B7
:102B700080B244F625631822CDE90032CDE90290F7
:102B80003B4632462846FFF701F8BDF81A301B1BBA
:102B9000ADF81A30079B23440793CAE7404606F076
:102BA00061F80DF5217DBDE8F08300BFAFF3008033
:102BB0003A13328C7423F309F0B599B009AB019341
:102BC00008AB04460026009306AA07AB0AA970309A
:102BD0000A9606F009F800283DD00A9DD4F8F4348E
:102BE000AB4238D01827C4F8F4543A46314612A8FC
:102BF00020F0A6FDDDED097A9FED1B7ACDED147A6C
:102C00004FF47A73A5FB0353CDE91053F0EEE77A46
:102C1000069B1393F4EEC77A079B1593F1EE10FA17
:102C2000089B16930BAD54BF01233346012229465E
:102C300010A88DF8483000F005FC44F6266380B2F9
:102C4000CDE902500093049605A3D3E90023019730
:102C50002046FEF79BFF19B0F0BD00BFAFF3008028
:102C60007844F995F27A72A1000000342DE9F0431E
:102C700090F97030ADF52D7D0446002B00F0F58104
:102C800000F17005284606F003F82046FFF734FFF0
:102C90002046FFF791FF94F89061D4F8EC2404EB00
:102CA0000613D3F8CC309A4200F0DF81C4F8EC343C
:102CB0004FF4D072002144A820F042FD94F8B831BE
:102CC00033B9B02303FB064393F8D930012B0CD85A
:102CD00094F8F8744FB913F067FC00220023CDE993
:102CE0004401CDE94623002313E0012384F8F8349E
:102CF0003146284605F016FCCDE9440194F89011C0
:102D0000284605F06BFC50EA0103CDE94601EAD004
:102D10000223B02202FB06428DF82031D2F8F010D7
:102D20000A2381FB0310CDE94A10D2F8EC10D2F847
:102D3000E82081FB0310CDE94C10534394F8901127
:102D400008AA2846CDE94E3306F06EF878B14E9BBE
:102D5000DDED086A9FED4F7A079307EE903AF8EEA3
:102D6000E77AE6EEC77AFDEEE77ACDED4E7AB0234C
:102D700003FB065203FB06469C32D6F80C11509119
:102D80005168519194F890119268529203FB01435B
:102D900093F80A218DF84C2193F8D92094F8B83192
:102DA0003BB9062A0AD8DFE802F004045D616369D2
:102DB0006E0000238DF84D31ADF84E31062309AA7F
:102DC00028468DF8503105F095FB38B1DDED097AD4
:102DD00067EEA77ACDED567ACDED557A94F890113D
:102DE0000AAA284605F090FB28B1DDED0A7A67EEC5
:102DF000A77ACDED577A0BAF94F890113A46284652
:102E000005F06EFB48B1D7ED007A67EEA77ACDEDFD
:102E10005A7ACDED597ACDED587A9DF850119FED43
:102E20001E7A1E48DFED1E6A9FED1E6A55AB00221A
:102E3000D6B2B14238D9D3ED007AF0EEE75AF4EECB
:102E4000475AF1EE10FA09DCF4EEE67AF1EE10FAE8
:102E500004D9F4EEC67AF1EE10FA00DB1860013204
:102E60000433E5E702228DF84D21A5E70322FAE7B6
:102E700003238DF84D3140F201139DE703238DF8B4
:102E80004D31022398E703238DF84D314FF48173C0
:102E900092E700BF00007A44FFFF7F7F0000C07F01
:102EA00000EF7FC700EF7F470CAE3146012244A8F8
:102EB00000F0B2FC4FF0000880B240F227434FF020
:102EC0001809CDE90260CDE90039CDF8108072A370
:102ED000D3E900232046FEF759FE2022414644A8AC
:102EE00020F02EFC94F89031DFED686AB02202FBEE
:102EF00003433146B3F80621B3F8083107EE102A30
:102F000007EE903AB8EEC77AF8EEE77A27EE267A1F
:102F100067EEA67A012244A88DED467ACDED477A78
:102F200000F004FC40F2254380B2CDE9026000933A
:102F3000CDF810804FA3D3E90023CDF804902046AC
:102F4000FEF724FE94F89011CDF818812846CDE9BB
:102F5000448805F03FFF94F9A2308DF814013BB18D
:102F6000284605F047FF18B9469B43F001034693F6
:102F70009DF8143143B10AA9284605F0D1FE18B9CD
:102F8000469B43F00203469394F890113A46284634
:102F900005F040FF08B13B6844930122314644A844
:102FA00000F092FA0023049380B244F623634FF0BA
:102FB0001809CDE90260CDE9003920462FA3D3E9F5
:102FC0000023FEF7E3FD94F8B931002B4DD194F8BE
:102FD0009011B02303FB014393F82C31002B44D014
:102FE000D4F8F484B8F1000F3FD100970AAB09AAD6
:102FF000284606F04FF8C0B33B68D4F8F0249A4254
:1030000033D0DDED0A7A9FED227ADFED226AC4F833
:10301000F034F4EEC77A9DED097AADF81281012201
:10302000F1EE10FA27EE267A67EEA67AACBF1346C9
:103030000023314644A88DF810218DF811318DED13
:10304000457ACDED467A00F067F944F6226380B206
:10305000CDE902600093CDF810800AA3D3E90023E4
:10306000CDF804902046FEF791FD0DF52D7DBDE8CD
:10307000F08300BFD2BFDBC3C4BDE89B697F00BB48
:10308000ABB43CBA1234EDEC39AE5C310AD7233C18
:103090000000003435FA8E3C5F43370F00E741CA29
:1030A000F0B5A5B004460E46104603A9154601F03A
:1030B00027F9002840F0908030469DF80D7019F0F7
:1030C000CBFB874240F08880D4F8FC34002B75D0CD
:1030D0009DF90E305A1C01D194F90930002B7BDB8D
:1030E000424A092B106877DC03F1100250F8226085
:1030F000002E71D094F9081599420BD0D4F804250C
:1031000042B1C9B209294FF000026DD8103150F810
:1031100021100A6184F80835D4F80435B34208D088
:10312000D4F8FC0401F01CFD0023C4F80465C4F8C5
:103130000C35D4F8040500284ED09DF80F3094F8D3
:10314000106503F0010284F8102502B1284A1146E7
:1031500001F08AFBEB7E84F809359DF80C30049968
:1031600084F80A35D4F80C35994200D17EB994F828
:1031700010354BB141B11E4B00934FF40063D4F8AE
:1031800004051A4601F080FB049BC4F80C35D4F802
:103190000435D4F8FC241A6113F0FEF99DF81420CC
:1031A000C4F80005C2B194F81035D4F80405ABB1E9
:1031B0000F4B0DF1150101F075FB0DE0142001F02E
:1031C00009F9064618B14FF4806101F079FCC4F8A2
:1031D000FC64002E7FF47CAF25B0F0BD03680DF1D8
:1031E0001501DB689847F7E71261FFDE082600202B
:1031F000E460E4F22DE9F043D0F80435C9B00446A8
:10320000D3B190F80935BBB1D0F8FC34A3B1D0F8F4
:10321000005513F0C1F940F6B733401B984294F8BB
:1032200010350CD92BB10022D4F80405114601F059
:103230001BFB0023C4F8043549B0BDE8F08373B12B
:10324000344E0825D4F804053346782227A901F026
:1032500039FB002803DD013D15F0FF05F2D12BA756
:10326000D7E900674FF00908D4F8FC0401F08AFCA4
:103270000028E1D008F1FF3818F0FF08DCD0D4F8BE
:10328000FC0406A901F02EFD069D8146002DD3D039
:103290008422002127A820F053FA94F809358DF8EC
:1032A0009D3094F80A358DF89C30782DD4F80C3583
:1032B00028932A4694F808358DF89E3028BF782246
:1032C000494607AD0DF1A50006928DF8A42020F027
:1032D000EDF90122294627A800F0C6FF002380B29D
:1032E0001022049340F6B933CDE90032CDE9025003
:1032F00032463B462046FEF749FC00289CD0069902
:10330000D4F8FC0401F072FCAEE700BFE9A2A2729F
:10331000EAE738B1E460E4F237B50C46002105462F
:103320002160217103460122204619F0BFFC0122D1
:103330006B1C1146204619F0B9FC95ED010A19F0F5
:1033400005FD0DF10603ADF806001022022120460E
:1033500019F0ACFC95ED020A19F0F8FC0DF106032A
:10336000ADF8060010222046122119F09FFC05201E
:1033700003B030BDF7B504460E46154600214FF4A4
:103380009772304620F0DCF92388B3F5967F28BF8A
:103390004FF49673ADF806309DB90DF1060309227E
:1033A0002946304619F082FC092700250234BDF871
:1033B00006309D4207EBC50105D30731C80803B0AD
:1033C000F0BD0027F1E763190822304619F06EFCC2
:1033D0000135ECE7F7B5037F05460E4633B1838A26
:1033E000B3F5977F1CD9012003B0F0BD00910922ED
:1033F000194619F01DFB09243388B3F5967FF2D8DE
:10340000012332885F1C013B93420CD32B7FA88A97
:103410000734E40893B9844294BF00200120E3E715
:103420000B800024E8E7F3190093214600230822CB
:10343000284619F0FDFA08343B46E2E7201A18BF87
:103440000120D1E773B50C4614260546324600210B
:10345000204620F075F92B4620463822002119F02D
:1034600025FC05F1080320460122382119F01EFC35
:1034700005F10C0320462022392119F017FC05F133
:10348000100320225921204619F010FC95ED050A61
:1034900019F05CFC0DF10603ADF80600102279214D
:1034A000204619F003FC95ED060A19F04FFC0DF1CA
:1034B0000603ADF8060010222046892119F0F6FB1C
:1034C000304602B070BD000013B504460846002126
:1034D00001602346C0F803102022019019F0E6FB9A
:1034E0000198231D0122202119F0E0FB019804F12D
:1034F00008031722212119F0D9FB072002B010BDC3
:1035000013B50446007F10B1A38A012B0CD8002309
:10351000009108221946204619F08AFA237FA08AD2
:1035200023B9B0FA80F0400902B010BD013818BFCD
:103530000120F9E770B50C461926054632460021F0
:10354000204620F0FDF82B4620460822002119F0E5
:10355000ADFB2B1D20462022082119F0A7FB05F109
:10356000080320461022282119F0A0FB05F10A03C8
:1035700020461022382119F099FB05F10C03204652
:103580001022482119F092FB05F10E03204610226B
:10359000582119F08BFB05F11003204610226821F9
:1035A00019F084FB05F1140320462022782119F03C
:1035B0007DFB05F1180320461022982119F076FBB7
:1035C00005F11A0320461022A82119F06FFB2046AE
:1035D00005F11C031022B82119F068FB304670BDBC
:1035E00070B50C461C26054632460021204620F0C8
:1035F000A7F82B4620462022002119F057FB2B1D4F
:1036000020461022202119F051FB05F10803204625
:103610002022302119F04AFB05F10C03204610222C
:10362000502119F043FB05F10E03204610226021C2
:1036300019F03CFB05F1100320461022702119F00F
:1036400035FB05F1120320461022802119F02EFBD4
:1036500005F1140320461022902119F027FB05F1F3
:10366000160320461022A02119F020FB05F11803B3
:1036700020461022B02119F019FB05F11A0320464B
:103680001022C02119F012FB2046AB191022D021C4
:1036900019F00CFB304670BD2DE9F3410E4604468F
:1036A000174600211922304620F04AF8A04600258E
:1036B000B8EC010A19F04AFB2946ADF806000DF1F5
:1036C000060310223046103519F0F0FA302DEFD1F4
:1036D000237B092B28BF09238DF805303FB92946E4
:1036E0000DF105030422304619F0E0FA34251034B8
:1036F0004FF000089DF80530984505EB081704D3F6
:10370000F81DC00802B0BDE8F081B4EC010A19F060
:103710001DFB0DF10603ADF80600102239463046B8
:1037200019F0C4FA08F10108E4E7000073B50C468B
:103730001026054632460021204620F001F895ED7E
:10374000000A19F003FB0DF106033246ADF806003E
:103750000021204619F0AAFA95ED010A19F0F6FAAF
:103760000DF1060332463146ADF80600204619F049
:103770009DFA95ED020A19F0E9FA0DF106033246B9
:10378000ADF806002021204619F090FA95ED030AC5
:1037900019F0DCFA0DF106033246ADF806003021CF
:1037A000204619F083FA95ED040A19F0CFFA0DF1CD
:1037B00006033246ADF806004021204619F076FA9D
:1037C00095ED050A19F0C2FA0DF106033246ADF87F
:1037D00006005021204619F069FA95ED060A19F005
:1037E000B5FA0DF10603ADF8060032462046602119
:1037F00019F05CFA05F11C0320460722702119F02C
:1038000055FA204605F11D030622772119F04EFADC
:10381000304602B070BD00002DE9F3470D46044666
:10382000002190462846DE221FF08AFF23463822D8
:103830000021284619F03AFA3822114604F108030B
:10384000284619F033FA04F11003032270212846A8
:1038500019F02CFA04F1110308228021284619F0EE
:1038600025FA04F1180325228821284619F01EFAAA
:1038700004F120032522AD21284619F017FA04F19E
:1038800028031B22D221284619F010FA04F12C0338
:103890001B22ED21284619F009FA04F130032022F9
:1038A0004FF48471284619F001FA04F13403202200
:1038B0004FF49471284619F0F9F904F138032022E5
:1038C0004FF4A471284619F0F1F904F13C030622E3
:1038D0004FF4B471284619F0E9F904F13D030222CE
:1038E0004FF4B771284619F0E1F904F13E030422C0
:1038F0004FF4B871284619F0D9F904F13F030622B4
:103900004FF4BA71284619F0D1F994F84030242BBD
:1039100028BF24238DF8033006220DF103034FF452
:10392000BD71284619F0C2F904F1440A4FF4C0777A
:103930004FF000099DF80330994507F110062BD38D
:1039400094ED350A19F002FA0DF10603ADF8060000
:1039500010223946284619F0A9F994F8D830012BDD
:1039600028BF01238DF80430B8F1000F07D131468C
:1039700001AB0122284619F099F907F1110604F567
:1039800086744FF000099DF80430994515D3F01D59
:10399000C00802B0BDE8F087BAEC010A19F0D6F908
:1039A0003946ADF806000DF106031022284619F03D
:1039B0007DF909F101093746BCE7A4F12C0A06F1AB
:1039C0006007B046534641462022284608F12008A9
:1039D00019F06CF947450AF1040AF3D1A4F11C0867
:1039E00006F1CC0A4346394624222846243719F0EA
:1039F0005DF9BA4508F10808F4D114F8043C242B09
:103A000028BF24238DF8053006F1D2010DF10503FE
:103A10000622284619F04AF9D836A04600279DF814
:103A200005309F4203D309F10109C034ABE7B8EC7C
:103A3000010A19F08BF93146ADF806000DF10603C5
:103A40001022284619F032F910360137E7E7000056
:103A5000F7B5047F05460E462CB1838A822B02D926
:103A6000012003B0F0BD0023009608221946284625
:103A700018F0DEFFDCB9731C0822009311462346C0
:103A8000284618F0D5FF10247378802BE8D801233E
:103A900072785F1C013B934210D32B7FA88A0734B6
:103AA000E408B3B9844294BF00200120D9E7AB8A6F
:103AB000DB00083BDB0873700824E5E7F31900938B
:103AC000214600230822284618F0B2FF08343B465E
:103AD000DEE7201A18BF0120C3E7000013B5044633
:103AE000007F10B1A38A012B0CD80023009108227B
:103AF0001946204618F09CFF237FA08A23B9B0FA0C
:103B000080F0400902B010BD013818BF0120F9E76C
:103B10002DE9F3470D46044600219046284640F221
:103B200079121FF00DFE234620220021284619F0AD
:103B3000BDF8231D02222021284619F0B7F8631D85
:103B400003222221284619F0B1F8A31D03222521C2
:103B5000284619F0ABF804F1080310222821284662
:103B600019F0A4F804F1100308223821284619F0AE
:103B70009DF804F1110308224021284619F096F817
:103B800004F1120308224821284619F08FF804F1A5
:103B9000140320225021284619F088F804F1180354
:103BA00040227021284619F081F804F120030822F0
:103BB000B021284619F07AF804F121030822B8212F
:103BC000284619F073F804F12207C0263B46314617
:103BD00008222846083619F069F8B6F5A07F07F1E3
:103BE0000107F3D194F832308DF8073031460DF1EA
:103BF00007030822284619F059F8002604F1330A71
:103C00009DF807304FEAC6099E4209F5A47720D3F4
:103C100094F83231502B28BF50238DF80730B8F17B
:103C2000000F08D139460DF107030722284619F085
:103C30003DF809F24F17002604F233149DF80730BF
:103C40009E4207EBC6010DD30731C80802B0BDE89C
:103C5000F0870AEB060308223946284619F026F8B1
:103C60000136CDE7A3190822284619F01FF80136BE
:103C7000E4E7000013B5044608460021016023462E
:103C8000C0F803102022019019F010F80198231DAC
:103C90000222202119F00AF80198631D0322222133
:103CA00019F004F80198A31D0322252118F0FEFF46
:103CB000019804F108031022282118F0F7FF0720CB
:103CC00002B010BD2DE9F3410D4604460021164611
:103CD00028467B221FF034FD23460322002128467C
:103CE00018F0E4FF63781F2B28BF1F238DF80630E0
:103CF00005220DF106030321284618F0D7FF012302
:103D00009DF80620DF0003F10108013B9A421CD810
:103D100094F821305A2B28BF5A238DF807303EB92A
:103D200039460DF107030722284618F0BFFF073771
:103D3000002622349DF807309E4207EBC6010DD3C2
:103D40000731C80802B0BDE8F08104EB080308227F
:103D50003946284618F0AAFF4346D1E7A31908229E
:103D6000284618F0A3FF0136E4E70000F7B5047F0A
:103D700005460E462CB1838A122B02D9012003B0CE
:103D8000F0BD0023194607220096284618F050FE81
:103D9000731C0093012200230721284618F048FED7
:103DA000D4B9B31C0093052223460821284618F0F5
:103DB0003FFE0D24B378102BE0D83746B278BB1BFA
:103DC000934210D32B7FA88A0734E408B3B9844206
:103DD00094BF00200120D2E7AB8ADB00083BDB0860
:103DE000B3700824E6E7FB1C009321460023082259
:103DF000284618F01DFE08340137DFE7201A18BFE7
:103E00000120BCE7F7B5047F05460E462CB1838A36
:103E1000CA2B02D9012003B0F0BD00231946009639
:103E20000822284618F004FE731CD4B90822009317
:103E300011462346284618F0FBFD10247378C82B42
:103E4000E8D8012372785F1C013B934210D32B7F8B
:103E5000A88A0734E408B3B9844294BF0020012043
:103E6000D9E7AB8ADB00083BDB0873700824E5E781
:103E7000F3190093214600230822284618F0D8FDA4
:103E800008343B46DEE7201A18BF0120C3E70000D4
:103E9000F7B50D46044600211646284681221FF03C
:103EA0004FFC234608220021284618F0FFFE94F913
:103EB00001206378002AB8BF7F238DF807309EB9B0
:103EC0000DF1070307220821284618F0EFFE0F27FF
:103ED000002602349DF807309E4207EBC60105D349
:103EE0000731C80803B0F0BD0827F1E7A31908227D
:103EF000284618F0DBFE0136ECE7000037B5044633
:103F0000007F0D4610B1A38A072B15D80023194650
:103F1000009508222046083518F08AFD01230095F7
:103F200030220821204618F083FD237FA08A2BB978
:103F300006288CBF0020012003B030BD073818BF11
:103F40000120F9E738B50C46002121600546C4F888
:103F5000031003463022204618F0A8FE204605F143
:103F600008030122302118F0A1FE072038BD00000F
:103F70002DE9F04390F81C8085B006460D46B8F157
:103F8000000F06D0838AE02B03D9012005B0BDE8DD
:103F9000F083002319460D220095304618F048FDA5
:103FA0000DF10F030093032200230D21304618F07A
:103FB0003FFD9DF80F30042BE7D82B72013B032BFC
:103FC00003D8DFE803F025303B461024B8F1000F9A
:103FD0005FD105F1980300932146434607223046FE
:103FE00018F026FD073495F898305C2BCDD82F4675
:103FF00095F898207B1B934252D3337FB08A0734C5
:10400000E408002B58D1844294BF00200120BDE772
:1040100005F110030093402201231021304618F0CF
:1040200007FD5024D2E705F110030093202201235D
:104030001021304618F0FCFC3024C7E705F11003CE
:104040000093082200231021304618F0F1FC1824B8
:10405000BCE705F11003009308220023102130462D
:1040600018F0E6FC2B7C802B8FD8002705F1110976
:104070002B7CFC009F4204F11804A7D209EB070334
:104080000093082200232146304618F0D1FC013766
:10409000EEE7B38AC4EBC303DB0885F89830A2E7E8
:1040A00007F199030093214600230822304618F0B7
:1040B000BFFC083401379BE7201A18BF012065E7D1
:1040C000F7B50C46137809688DF8063015460DF1E2
:1040D00006030322064618F0E9FD2168033121603A
:1040E0002B78013B032B0CD8DFE803F0020D161FE1
:1040F00005F108034022304618F0D8FD236840330C
:10410000236003B0F0BD05F108032022304618F00B
:10411000CDFD23682033F3E705F10803082230467C
:1041200018F0C4FD23680833EAE72B7A802B28BFF8
:1041300080238DF8073008220DF10703304618F070
:10414000B5FD236808332360002709359DF8073043
:104150009F42D6D2EB1921680822304618F0A6FDFE
:104160002368083323600137F0E7000073B50C467D
:10417000137809688DF8073015460DF10703022200
:10418000064618F093FD2168023121602B78012B3F
:1041900003D0022B0BD002B070BD05F10803402202
:1041A000304618F083FD236840332360F3E705F1C0
:1041B00008032022304618F079FD23682033F4E705
:1041C00073B50D46044600211646284640F2731288
:1041D0001FF0B6FA0523224601A928460193FFF7EE
:1041E0006FFF019B04F19002053301A9284601935A
:1041F000FFF766FF019B04F59072063301A928467C
:104200000193FFF7B3FF019B04F59872063301A9F0
:1042100028460193FFF7AAFF94F840315C2B28BF92
:104220005C238DF803304EB90DF103030199072289
:10423000284618F03BFD019B07330193002604F24A
:1042400041149DF8033001999E4203D30731C808F9
:1042500002B070BDA3190822284618F027FD019B63
:10426000083301930136ECE7F7B50D46044600210B
:10427000164628467F221FF063FA234608220021B3
:10428000284618F013FD631C07220821284618F061
:104290000DFDA31C05220F21284618F007FDE31C85
:1042A00004221421284618F001FD1822231D11466E
:1042B000284618F0FBFC237A782B28BF78238DF84A
:1042C00007309EB90DF1070307223021284618F068
:1042D000EDFC3727002609349DF807309E4207EB96
:1042E000C60105D30731C80803B0F0BD3027F1E798
:1042F000A3190822284618F0D9FC0136ECE7000083
:10430000F7B5047F05460E462CB1838A7F2B02D970
:10431000012003B0F0BD002319460822009628466C
:1043200018F086FB731C00930722002308212846FF
:1043300018F07EFBB31C0093052201230F212846B1
:1043400018F076FBF31C0093042200231421284666
:1043500018F06EFB331D18220093114600232846E7
:1043600018F066FBDCB906F1080300930722234628
:104370003021284618F05CFB3724337A782BC7D8D5
:104380003746327ABB1B934210D32B7FA88A07345F
:10439000E408BBB9844294BF00200120B9E7AB8A8E
:1043A000DB00303BDB0833723024E6E707F109031A
:1043B0000093214600230822284618F039FB0834D0
:1043C0000137DEE7201A18BF0120A2E70048704736
:1043D000847D03080121884238BF08461CF054BE82
:1043E000FFF7F8BF08B11CF053BE7047FFF7FABFE4
:1043F00010B4026854681A4623465DF8044B184707
:10440000002070470120704700207047002070474F
:104410000020704770470000002070470020704760
:10442000704700007047000037B505460C468322F0
:10443000011D01A800F062F9611EC9B202299EBFE8
:1044400005EBC1010023C1E9073301A800F072F9AF
:1044500003B030BD2DE9F7431E461B885B070546B8
:10446000884620D4011D422201A800F047F92C46BD
:1044700005F118094C4513D0E3696BB12B68284648
:104480005B6C98473388276AC1B243F00403E06944
:104490004246B8470834EDE7236A002BEED1F9E72E
:1044A00001A800F047F9012003B0BDE8F083000047
:1044B0007FB56D4685E806000446011D712203A8FC
:1044C0001E4600F01BF921460022C869D3B288B904
:1044D000086A78B995E8030004EBC2021C32013384
:1044E00082E803000124337003A800F023F920467A
:1044F00004B070BD0132032A01F10801E5D10024A6
:10450000F2E700002DE9F04F2DED028B8BB0044651
:104510008B465322011D01A8BDF858809FED258BC5
:1045200000F0ECF8254604F11809002708F0040A09
:10453000A94536D0EB690BB92B6A63B1BAF1000F0C
:104540000BD1236820465B6C98474346C1B25A465C
:10455000D5E90706B0470835EAE7002FFBD18DED16
:10456000028BADF810705B4605AA0BF1080C1868B9
:104570005968174603C7083363453A46F7D11868A8
:1045800038609B88BB8012F00FF80423ADF8103020
:104590002368CDE902019B6C02A9204698470127B8
:1045A000D9E701A800F0C6F801200BB0BDEC028BE2
:1045B000BDE8F08F000000000000000030B5036887
:1045C0000968DD0FB5EBD17F23F0604421F0604234
:1045D0004FEAD1700BD0002BB8BFA40C0029B8BF94
:1045E000920C944202D034BF0120002030BD94428E
:1045F00005D1C1F38070C3F380738342F6D1944236
:104600002CBF00200120F1E7082817D90C280CD96D
:1046100010280CD914280CD918280CD920280CD90A
:1046200030288CBF0F200E207047092070470A20C9
:1046300070470B2070470C2070470D20704700001A
:10464000082817D909280CD00A280CD00B280CD020
:104650000C280CD00D280CD00E2814BF4020302080
:1046600070470C20704710207047142070471820A6
:104670007047202070470000436818478368184738
:1046800010B5024C8260C0E9004110BD1C7E0308D9
:10469000007B00F00100704770470000816082805D
:1046A00070470000826838B504465AB1037B13F0A6
:1046B000010507D143F0010303739047237B65F3A2
:1046C0000003237338BD000010B5044B1B6804467B
:1046D000986A03681B699847204610BD0826002089
:1046E00010B5054B1B680446986A036800211B69D6
:1046F0009847204610BD00BF08260020F8B50C4B97
:1047000001601E680446B06A03681B6C1746984730
:10471000054610B1F36AA3F84270206803689B68ED
:1047200098471DB1F36A0022A3F842202046F8BD45
:104730000826002010B5044600680368DB68984727
:10474000204610BDC181B1FA81F0400970470000D8
:10475000C089704770470000002070477047000014
:10476000704700000020704700207047704700002D
:104770004FF4B4507047000000207047002070478D
:10478000002070470020704700207047007B704772
:1047900070470000002070470020704707B503688D
:1047A0008DF80710DB6801220DF10701984703B06F
:1047B0005DF804FB08B5036801225B6A984700288E
:1047C000D4BF0020012008BD07B503680DF1070123
:1047D000DB69984720B19DF8070003B05DF804FB42
:1047E0004FF0FF30F9E7000013B504460846019189
:1047F000FCF718FD23680199DB680246204602B0E9
:10480000BDE810401847000011F0CEBE10B4446857
:104810002CB903685DF8044BD3F8843018470020A6
:104820005DF8044B7047000082681AB90368D3F83A
:10483000943018470020704782681AB90368D3F88B
:10484000983018470020704730B445682DB9046887
:10485000D4F88040A44630BC604730BC70470000AC
:1048600000231A46FFF7F0BF436813B18B4200D014
:1048700041B9836813B1934200D01AB9C0E901125B
:10488000012070470020704730B44468029D0CB18D
:10489000AC4205D10468D4F88040A44630BC6047DF
:1048A00030BC704710B444680CB19C4205D1036819
:1048B0005DF8044BD3F88430184700205DF8044BB2
:1048C0007047000037B50546806808B1984212D19C
:1048D0002B680191D3F8883092B228469847044655
:1048E000286928B1002C03DD0199224600F0DAF98D
:1048F000204603B030BD0024FAE700000023FFF794
:10490000E1BF000082682AB942681AB90368D3F887
:104910008C30184770470000013901298CBF0020F6
:1049200001207047007B704703680160C81A704718
:10493000002070470020704700207047704700003B
:1049400000230B70704700007047000070470000A4
:10495000002070470020704700207047704700001B
:104960004368C26893423CBF8268D15443680133B4
:104970004360012070470000F8B505460C468F18CB
:104980000026BC4207D02B6814F8011B9B68284600
:1049900098470644F5E73046F8BD00000020704710
:1049A00000207047002070470020704738B590F80D
:1049B0009C308B4204460D460CD080F89C1011F0C0
:1049C000EBFD2368C4F8A0005B682046984708B94F
:1049D00084F84D5038BD00007FB50D461446194689
:1049E00000267AB1531E0B4A6846CDE90026089A84
:1049F000CDE9025300F0E4F90198844204D92E5421
:104A000004B070BD1346EEE7002CF9D02C4404F836
:104A1000016CF5E72C7E030808B410B585B007AC2F
:104A200054F8043B00940394FFF7D6FF05B0BDE8AB
:104A3000104001B07047000007B503680DF1070191
:104A4000DB69984720B19DF8070003B05DF804FBCF
:104A50004FF0FF30F9E70000F8B506460F46144660
:104A60000025AC420AD0336830469B699847431C06
:104A700001D12846F8BD78550135F2E72046F9E71F
:104A80000EB403B503AA036852F8041B5B680192D5
:104A9000984702B05DF804EB03B0704700F090B99E
:104AA00013B5044608460191FCF7BCFB2368019945
:104AB000DB680246204602B0BDE8104018470000FF
:104AC00070B500260446C0E9026601200D461CF0C0
:104AD000DBFAB04208BF3546206065602674204688
:104AE00070BD000010B5037C044613B900681CF0CB
:104AF000CFFA204610BD000070B5057C04460E4676
:104B0000DDB9BFF35B8FC560BFF35B8FBFF35B8F16
:104B10008560BFF35B8F43688B420CD000681CF04C
:104B2000B7FA314601201CF0AFFA206010B9656079
:104B3000284670BD66600125FAE70025F8E7000009
:104B400038B505460C4644B121462846FFF7D4FF48
:104B500020B904EB4404A408F5E7204638BD000062
:104B60000023BFF35B8FC360BFF35B8FBFF35B8F2B
:104B70008360BFF35B8F7047BFF35B8F0068BFF349
:104B80005B8F704770B505460C30FFF7F5FF05F1F8
:104B9000080604463046FFF7EFFFA04206D930462C
:104BA0006D68FFF7E9FF2544281A70BD3046FFF70E
:104BB000E3FF201AF9E7000070B50546406898B198
:104BC00005F10800FFF7D8FF05F10C060446304652
:104BD000FFF7D2FF8442304694BF6D680025FFF78F
:104BE000CBFF013C2C44201A70BD000038B50C46A8
:104BF0000546FFF7C7FFA04210D305F10800FFF7F5
:104C0000BBFF04446868B4FBF0F100FB1144BFF340
:104C10005B8F0120AC60BFF35B8F38BD0020FCE7E9
:104C20002DE9F041144607460D46FFF7C5FF8442C3
:104C300028BF0446D4B1B84658F80C6B4046FFF77D
:104C40009BFF3044286040467E68FFF795FF331A8B
:104C50009C4203D86C600120BDE8F0816B60A41B0E
:104C60003B68AB602044E8600220F5E72046F3E7AC
:104C700038B50C460546FFF79FFFA04210D305F15B
:104C80000C00FFF779FF04446868B4FBF0F100FB07
:104C90001144BFF35B8F0120EC60BFF35B8F38BD25
:104CA0000020FCE72DE9FF41884669460746FFF7EB
:104CB000B7FF6C4606B204EBC6060025B44209D025
:104CC0006268206808EB05011EF0F0FC6368083498
:104CD0001D44F3E729463846FFF7CAFF284604B0CB
:104CE000BDE8F081F8B505460C300F46FFF744FFEC
:104CF00005F1080604463046FFF73EFFA042304665
:104D000088BF6C68FFF738FF201A386020B1304642
:104D10002C68FFF731FF2044F8BD000073B514463E
:104D200006460D46FFF72EFF844228BF0446019039
:104D3000DCB101A93046FFF7D5FF019B33B93268DA
:104D4000C5E90233C5E9002401200CE09C4238BFCC
:104D500001942860019868608442F5D93368AB609B
:104D6000241AEC60022002B070BD2046FBE7000070
:104D70002DE9FF410F466946FFF7D0FF6C4600B2B0
:104D800004EBC0050026AC4209D0D4F8048054F8E6
:104D9000081BB81942461EF089FC4644F3E730462A
:104DA00004B0BDE8F081000038B50546FFF7E0FF2C
:104DB000044601462846FFF719FF204638BD00008B
:104DC0002DE9F04F2DED028B06468DB0904691F8FF
:104DD0000090B9F1000F00F0DE82B9F1250F08D084
:104DE0004B1C0393336849469B68304698470399A8
:104DF000EDE791F801908B1CB9F1250F0393F1D0E9
:104E00000025AA462C461F2C3BD8B9F12B0F2DD0DC
:104E10001CD8B9F1200F2BD0B9F1230F2ED0A9F156
:104E20003003DBB2092B36D860064BBF05EB850596
:104E30000AEB8A0A03EB450503EB4A0A4EBF05F06D
:104E4000FF050AF0FF0A44F0200407E0B9F12D0F36
:104E500011D0B9F1300FE2D144F00104039B13F8F3
:104E6000019B0393B9F1000FCDD126E044F0020479
:104E700044F00404F2E744F00804EFE744F01004BF
:104E8000ECE77F2CCBD9230617D5B9F16C0F14D1E1
:104E900044F48074E2E7B9F12E0F05D1620600F107
:104EA0007A8244F04004D9E7B9F16C0F02D144F0A2
:104EB0008004D3E7B9F1680FD0D0A9F14503022BE4
:104EC00061D809F1200944F010045FFA89F908F16A
:104ED000070828F00708F8E80201FBF767FE14F05E
:104EE000400F08BF062524F0C004B9F1650F08EE95
:104EF000100AA4B250D144F0400427060DD59FED0E
:104F0000977AF0EEC87AF4EEC77AF1EE10FAC2BFE3
:104F10004FF63F73234043F0400414F0800346D023
:104F20003B2DA94628BF4FF03B0909F101095FFA63
:104F300089F907271722002106A802931EF000FC1A
:104F40004A46394606A8B0EE480A11F059FD9DF8C8
:104F50001830019303F00902012A029B83462FD0E7
:104F6000A0072FD414F0040F0CBF002220220199B7
:104F700011F00C0758D0002A40F0AB82BAF1030FB1
:104F800050D8174637E0A9F16503022B00F25B8188
:104F900024F01004A4B29AE7B9F1660F02D144F0EC
:104FA0008004AAE7002DA8D0013DEDB2A5E70A2DA7
:104FB00083BF0A2599462F462F4698BF9946B9E7E1
:104FC0002D22D4E72B22D2E70427AAEB07072107DB
:104FD000FFB20AD4336802929B6820213046013F19
:104FE000984717F0FF07029AF4D122B133681146AF
:104FF0009B6830469847019B594D13F0080F594B59
:1050000008BF1D46013D04F0100415F8011F0029DA
:1050100000F0B5800CB12039C9B2336830469B68C6
:105020009847F2E70327D0E7CDF808B0002B36D039
:10503000019BD944DB065FFA89F907D59DF8193041
:10504000312B04BF09F1FF395FFA89F94FFA89F36F
:10505000002B44DDB9F1080F28BF4FF0080914F008
:10506000800304931ABF2BEAEB730133052302B1CB
:1050700001330DB1691C0B449A45C4BFAAEB03036D
:10508000DFB214F0090F2FD177B3336805929B6814
:1050900020213046013F9847FFB2059AF4E76006A9
:1050A000DDD45D4504DB1BF1040FA8BF44F0800490
:1050B0006B1C06A90B4435B113F80119302902D134
:1050C000013DEDB2F7E72106C9D505F101095D45BE
:1050D0005FFA89F906DDA5EB0B05EDB2BFE74FF0EE
:1050E0000109BCE70025BAE722B1336811469B6885
:1050F00030469847220708D43FB1336830219B6877
:105100003046013F9847FFB2F6E7049B002B47D09B
:105110002BEAEB74ABEB040A06AB9A44ABEB090940
:105120006D42A34517DBA14515DA9AF80110013C41
:10513000A54219DC002900F0D281336830469B6813
:105140009847631C04D133682E219B6830469847EA
:105150000AF1010AE5E73021E9E700BF7F96184B25
:105160005C7E0308587E0308A34507D19DF81930DB
:10517000352B0FD802D1019BDD060BD559B9002F75
:105180003FF435AE336820219B683046013F984795
:10519000FFB2F4E7312133689B6830469847EEE769
:1051A0009DF8191031291EBF019B03F0EF030193F5
:1051B000336830469B689847E5B9336814F0100FA0
:1051C00014BF452165219B6830469847BBF1000F0D
:1051D00029DACBF1000302932D21336830469B6816
:1051E00098473021029B092B23DD01310A3BC9B2CC
:1051F0000293F7E733682E219B68304698470235C3
:10520000EDB24FF002094B460CAA1A44336812F86B
:10521000181C9B6809F101095FFA89F93046984723
:10522000A945F0D1C9E702D1019BDC06D1D42B21DD
:10523000D3E7336830469B6898470299336830312A
:105240009B68C9B2A9E7B9F1630F37D0B9F1730F01
:105250004FD0B9F1640F63D124F0900714F4807F2C
:10526000BFB20DF118097BD008F1070222F0070246
:105270009046516858F8080B002904DA404261EB67
:10528000410147F080070A234A4600F07BF9A0EB72
:105290000900C4B27B0640F19F8027F00109AC42AF
:1052A0001FFA89F980F0D28007F01403102B03D184
:1052B00027F011071FFA87F9AB468FE058F8043B37
:1052C0008DF8183001250DF11809200701D4AA45E1
:1052D0001CD84D445746A9453FF451AF336819F8DF
:1052E000011B9B6830469847002FF4D0013FFFB266
:1052F000F1E758F8049B14F0400F14BF29464FF013
:10530000FF3148461EF008FF0546DEE733682021DE
:105310009B6830460AF1FF3A98475FFA8AFAD6E767
:10532000B9F1690F98D0B9F1750F27D124F01004A5
:10533000A7B20A2317F4807FDBB20DF1180944D01D
:1053400008F1070828F00708F8E802014A4600F0CB
:1053500019F9A0EB090027F08007C4B2BFB299E7A2
:1053600058F8040B0028B8BF40424FF00A024946E3
:10537000B8BF47F0800700F0B7F888E724F00607C9
:10538000B9F1700FBFB214D00AD8B9F1580F13D0C9
:10539000B9F16F0F17D00DB0BDEC028BBDE8F08FE7
:1053A000B9F1780FF7D1F90601D547F004071023BA
:1053B000C0E747F01007F6E7E20601D547F0060719
:1053C0004FF40473B6E70823B4E758F8040B1A4601
:1053D000494600F089F8BCE7A346B94619F0100F1A
:1053E00041D00CAB234413F8193C302B30D129F0B9
:1053F00016091FFA89F919F0080744D119F0010FAD
:1054000035D0DA4545D904EB0A05A5EB0B05EDB21D
:10541000336819F0100F9B683FD030213046984711
:1054200019F0040F08D0336819F0020F9B6814BFFD
:1054300058217821304698473368AC429B6839D26E
:1054400030213046013D9847EDB2F5E7A346C5E768
:1054500019F0040F02D10BF1010B01E00BF1020B6B
:105460005FFA8BFBC7E719F0860FC4D0F3E7336808
:10547000DA459B680FD9202130460BF1010B984784
:105480005FFA8BFBF3E7DA4505D9AAEB0B07FFB20E
:10549000BEE72546BCE70027BAE719F0860FCBD058
:1054A00019F0020F14BF2B21202119F0800F18BF13
:1054B0002D21BFE7651E06AB53FA85F5336815F855
:1054C00001199B68013CE4B230469847002CF5D1A5
:1054D00055E6BAF1040F3FF677AD002786E5A34500
:1054E0007FF44DAE42E600BF082A30B505D1034631
:1054F000C008FCD130330B700DE0102A0DD100F044
:105500000F0202F13003392B88BF02F13703000983
:1055100001F8013BF3D1084630BD03460022DCB25E
:1055200023F00103023342F10002580840EAC2703E
:10553000C31842EB5202180940EA0270C01842EB4D
:105540001212030A43EA0263181842EB1222030CF8
:1055500043EA02431B1842EB1242D31842F1000007
:105560001B0943EA0073C3EB4315C3EB85053034D5
:10557000020904EB450453EA101001F8014BCED1A7
:10558000C9E70000082B30B50AD10346C00840EA3D
:105590004170C90850EA0104F7D13033137013E0A9
:1055A000102B13D100F00F0404F13003392B4FEA14
:1055B000101088BF04F1370340EA0170090902F8AE
:1055C000013B50EA0103EDD1104630BD20F001044B
:1055D000023441F10003610841EAC3710C1943EB45
:1055E0005303210941EA03710C1943EB1313210AF8
:1055F00041EA03610C1943EB1323210C41EA0341F7
:10560000091943EB1343591843F10003C5B20809C4
:1056100040EA0370C0EB4014C0EB84043035190934
:1056200005EB440550EA131302F8015BCED1CBE73A
:1056300070EE600ADFED057AF0EEE00AF4EEE70ABC
:10564000F1EE10FA4CBF012000207047000000343A
:1056500008B52DED028B9FED088AF0EE480A1CF08C
:1056600063FDB5EEC00AF1EE10FA48BF30EE080A4D
:10567000BDEC028B08BD00BF0000B44308B52DEDA2
:10568000028B9FED088AF0EE480A1CF04DFDB5EE46
:10569000C00AF1EE10FA48BF30EE080ABDEC028BEA
:1056A00008BD00BF00A00C4710B5B4EE400AF1EEF3
:1056B00010FA2DED028B0446B0EE608AF0EE418ABE
:1056C0000FD708F027FBA2B24FF4806108F00EFB61
:1056D00038EE288AB6EE000A28EE000ABDEC028BEE
:1056E00010BDB4EEE00AF1EE10FA07D4B4EE410AB0
:1056F000F1EE10FAC8BFB0EE410AEFE7B0EE600A73
:10570000ECE70000884203D39042014628BF1146CF
:1057100008467047884203DB90420146A8BF114605
:1057200008467047094A136849F2690099B21B0C90
:1057300000FB01331360064B186844F2506182B2DB
:10574000000C01FB0200186080B2704708230020A3
:1057500004230020036800EE103A7047024682B02E
:10576000006851686B4603C39DED000B02B07047A3
:10577000D0ED010AD1ED016A90ED021A91ED027AA5
:1057800090ED000AD1ED007A70EEE60A31EE471A8C
:1057900030EE670A88B008B0704700BFD0ED010A4C
:1057A00090ED021AD0ED007A60EE200A20EE011A88
:1057B00027EE800A88B008B0704700BF91ED005A0C
:1057C000D1ED015A91ED026AD0ED006A90ED017AB7
:1057D000D0ED027A76EE856A37EE257A77EE867A14
:1057E000C0ED006A80ED017AC0ED027A704700BF1B
:1057F000D0ED006A90ED017AD0ED027A66EE806A13
:1058000027EE007A27EE800AC0ED006A80ED017A6B
:1058100080ED020A704700BF90ED007AD0ED017A6A
:1058200090ED026AC7EE006A87EE807AC6EE007AD3
:10583000C0ED006A80ED017AC0ED027A704700BFCA
:10584000D0ED007AF4EE677AF1EE10FA10D6D0EDD2
:10585000017AF4EE677AF1EE10FA09D6D0ED027A09
:10586000F4EE677AF1EE10FA6CBF01200020704769
:1058700001207047D0ED007A9FED0F7AF0EEE77AC5
:10588000F4EE477AF1EE10FA14DCD0ED017AF0EE86
:10589000E77AF4EE477AF1EE10FA0BDCD0ED027AFB
:1058A000F0EEE77AF4EE477AF1EE10FACCBF012081
:1058B0000020704701207047FFFF7F7F08B52B292C
:1058C00000F28282DFE811F0440046024002330217
:1058D0002A021B02680157014E016E0158003F0168
:1058E000790184014500D4000401EF003901290148
:1058F00020010B0191010A02E501DF01450058007A
:10590000D101C401B901AA019F01C700BE00B700BF
:10591000AA009B00700061002C006D02620251021F
:10592000D0ED016AD0ED007A9FEDDD6A36EEA77A00
:1059300077EEE67AD0ED026A27EE067A67EE867A8F
:10594000F1EE666AC0ED016A80ED027AC0ED007A80
:1059500008BD90ED007AD0ED016AD0ED027AF1EE4B
:10596000666AB1EE477AF1EE677AC0ED006A80EDC3
:10597000017AC0ED027A08BDD0ED027A0368426870
:105980000260F1EE677A4360F3E7D0ED007A90EDC4
:10599000026ADFEDC36A37EE867A77EEC67A27EEC3
:1059A000267A67EEA67ACFE7D0ED017ADFEDBD5A11
:1059B000DFEDBD6A9FEDBD7A90ED006ADFEDBC4A78
:1059C0009FEDBC5A67EEA66A27EE877A67EEA57A46
:1059D000DFEDB95AE6EE246AA6EE057AE6EE257A00
:1059E000DFEDB64A90ED026A9FEDB55ADFEDB55A8C
:1059F000E6EE246AA6EE057AE6EE257AB5E790EDA6
:105A0000027AD0ED007A43688360B1EE477AF1EE16
:105A1000677A80ED007AC0ED017A08BD90ED017AD9
:105A2000D0ED007A8368B1EE477AF1EE677A80EDC7
:105A3000027A0360EFE78168026843684160826030
:105A4000036008BDD0ED017A83680268F1EE677AE1
:105A5000C0ED017AF3E790ED027AD0ED017A0368A8
:105A6000B1EE477AF1EE677A80ED017A83606DE7F7
:105A7000D0ED007A90ED017ADFED935A9FED886AC0
:105A800077EE876A77EEC77A90ED027A66EEA56ABE
:105A900067EE867AB1EE477AC0ED016AC0ED007A12
:105AA00080ED027A08BD90ED026AD0ED007ADFED5C
:105AB0007C6A436837EE867A77EEC67A67EEA67A16
:105AC00027EE267A8360C0ED017A80ED007A08BD6A
:105AD000D0ED027A43688360F1EE677A9BE7D0ED00
:105AE000026AD0ED007A9FED6E6A37EEE67A77EEC5
:105AF000A67AD0ED016A67EE867AF1EE666A27EE45
:105B0000067AC0ED026ADEE7D0ED017A8368F1EE35
:105B1000677AC0ED027A436008BDD0ED026AD0ED2D
:105B2000007A9FED5F6A436837EEE67A77EEA67AF1
:105B3000DFED656A67EE867AC2E7826841680368CE
:105B400081600260E7E7D0ED017A90ED007A9FED89
:105B5000546A77EE876A77EEC77A90ED027A66EE3E
:105B6000866A95E790ED017AD0ED027AB1EE477A38
:105B7000F1EE677AFBE6D0ED007A90ED016ADFED99
:105B8000486A36EE677A77EE867A27EE267A67EEEF
:105B9000A67A80ED017AD9E6D0ED007A4368F1EE7D
:105BA000677A46E7D0ED007A90ED017A9FED3C6A86
:105BB00077EEC76A77EE877ACFE790ED007AD0ED7F
:105BC000027AB1EE477AF1EE677A80ED007AD0E69C
:105BD000D0ED007A90ED017ADFED315A9FED3A6A0F
:105BE00077EE676A77EE877A4EE790ED017AD0ED2F
:105BF000027A0368B1EE477AF1EE677A80ED027AB5
:105C0000C0ED007A87E7D0ED007A43688268426091
:105C1000F1EE677AC0ED007A836008BDD0ED026ACC
:105C2000D0ED017A90ED007AF1EE666AB1EE477A36
:105C3000F1EE677AC0ED016AC7E7D0ED017A90ED29
:105C4000007A83684360F1EE677AB1EE477A7BE6CB
:105C5000D0ED016AD0ED027A90ED007AF1EE666A3D
:105C6000F1EE677AB1EE477A6CE690ED027AD0ED0C
:105C7000007A4368B1EE477AF1EE677A80ED017AF7
:105C8000C0ED027ADCE6D0ED027A0368F1EE677AC5
:105C9000ECE6D0ED007A8368F1EE677AF0E700BFBA
:105CA000F304353FDB26B93E46D0BC3EC9355BBF69
:105CB000CF78123E4F0DAABEC6AC6EBF4D1F6BBF54
:105CC000F184CABEF63BCC23F30435BFF304353F61
:105CD00081177E3FA296F93DA296F9BDD0ED026AEA
:105CE000D0ED007A5FED075A1FED096A37EEA67A0C
:105CF00077EEE67AD0ED016A67EEA57AFDE6D0EDA3
:105D0000006AD0ED017A1FED106A37EEA67A77EEC1
:105D1000E67A5FED126A27EE067A38E790ED007AB0
:105D2000D0ED017AB1EE477AF1EE677A71E6D0ED07
:105D3000016AD0ED007A1FED1B6A37EEE67A77EE46
:105D4000A67A5FED1F6AE6E7D0ED017A0368F1EE0F
:105D5000677A55E7D0ED007A90ED016A5FED256A2C
:105D600037EE867A77EEC67A0FE7D0ED017A90EDBE
:105D7000026A5FED2A6A36EE677A77EE867A27EE58
:105D8000267A67EEA67A80ED027A44E6D0ED017AB3
:105D900090ED026A5FED336A37EE867A77EEC67A67
:105DA000EDE7D0ED027A1FED366A1FED367AD0EDC1
:105DB000006A5FED375A27EE877A67EE867AA6EE9D
:105DC000867AE6EEA57A00E707F0A4FFBDE8084072
:105DD00040F211124FF4800107F088BFD0ED027A33
:105DE000D0ED016A90ED007A67EEA77AE6EEA67A2A
:105DF000E7EE077AF5EE407AF1EE10FA02D4B1EE52
:105E0000E70A7047B0EE670A1CF0EEB97047000071
:105E100038B5056804462DB12846FEF763FE2846CE
:105E2000FEF7E0FA204638BD13460246014802F06C
:105E300057BA00BF5E4B002013B50422054B0193F7
:105E4000044601460DEB0200FFF7EEFF024B1C80FB
:105E500002B010BDFFFF3F00504B002007B550239C
:105E600004228DF80430412300210DEB02008DF84F
:105E7000053006238DF806308DF80710FFF7D4FFA4
:105E80000420FFF7D9FF03B05DF804FB00EB02121A
:105E9000907B20B91BB19289120758BF3F209840D0
:105EA00008447047430608D4000A08D0054B1B88F5
:105EB000184214BF012000207047002070470120C5
:105EC000704700BF544B002010B50B4B1A880B4B8A
:105ED00001301B6880B2142404FB0033824207D9CE
:105EE000DC898C4203F1140304D0013080B2F5E761
:105EF000002010BD0120FCE7624B0020644B002015
:105F000082898368D20648BF1B6818467047000024
:105F100082898368D20648BF1B6818467047000014
:105F200007B5042300220DEB03010B48019202F098
:105F30009FF99DF80430502B07D19DF80530412B77
:105F400003D19DF80630062B01D0FFF787FF012013
:105F500003B05DF804FB00BF5E4B002082894368FC
:105F6000920705D51B68181E18BF01200B607047EB
:105F70000120FBE737B58B891446DA070D4605D5B6
:105F800023684A6813442360012012E09B07FBD575
:105F90000A4B1B68142201A902FB0030FFF7DEFF49
:105FA00048B1019922686B680A44D3581BB15B1A47
:105FB000236003B030BD0020FBE700BF644B00202E
:105FC0002DE9F04F8BB01F469DF8548006911423A5
:105FD0005343059308F10603DBB2054616464FF01E
:105FE000000B07935FFA8BFA07EB0A1999F80F4039
:105FF000002C4CD0062C28D1B8F10B0F21D84846E4
:10600000FFF77EFF0446C8B1169B099309AA4946CB
:106010003046FFF7AFFF88B11499434652463846E1
:10602000FFF734FF099B0293079B0699CDE9000314
:10603000324623462846FFF7C3FF18B90BF1010B80
:10604000D0E700200BB0BDE8F08F149943465246CC
:106050003846FFF71BFFB0EB953FEFD1C5F30423A4
:10606000A342EBD10B4C059B206809A91844FFF70C
:1060700075FF0028E2D0D9F80430099A1344169A23
:106080001344069A13602068059B1844DAE72046FB
:10609000D8E700BF644B00202DE9F04F1F4B5FFA9B
:1060A00080F8B3F800A0C0F3403348EA03281C4B43
:1060B0001E680F4687B00546C0F3042B00211FFA67
:1060C00081F9CA4527D9F3894345344620D1337C29
:1060D000062B0FD13046FFF71BFFC8B10023CDE9D7
:1060E000013300934A46034639462846FFF768FFC6
:1060F000044609E09B450BD105A93046FFF72EFF6A
:106100000028F5D0059B3B60204607B0BDE8F08F26
:1061100001311436D3E70024F6E700BF624B0020BC
:10612000644B00202DE9F04F98468DB01423534363
:106130000693484B9DF85890DDF868B004461868FF
:10614000069B0E4618440AA91746FFF707FF0028CA
:106150007DD00023079309F10603DBB209939DF874
:106160001CA006EB0A15EB7B002B70D0062B3BD155
:106170002846FFF7C5FE0890002831D0B9F10B0F73
:1061800065D8179B0B930BAA29463846FFF7F2FEFA
:1061900030B39BF80030012B59D85A1C0BEB83030A
:1061A0008BF8002041465D6052464B463046FFF773
:1061B0006DFE1B9A0899CDE904B2199A0392189AB8
:1061C00002920B9A0192099A009203463A4620469F
:1061D000FFF7A8FF00BB9BF80030013B8BF80030B5
:1061E000079B01330793BAE7179A686810440A9A25
:1061F0001044A04213D14B46524641463046FFF769
:1062000045FE189B1B9A1860199B1D600023137094
:10621000104B1868069B18440DB0BDE8F08F052B95
:10622000DED1031D9C4203D000F108039C42D7D16C
:106230001B9B201A8008187052464B464146304638
:10624000FFF724FE189B1860199B1D60E0E70020F3
:10625000E2E700BF644B00202DE9F04F8BB0002532
:10626000DFF8A4A0079306460F4690461560254B1D
:106270001B881FFA85FB5B4541D9DAF8000014231F
:1062800003FB0B0409A9204694F81090FFF766FE63
:1062900098B3B9F1060F17D12046FFF739FE014632
:1062A00058B3149B0593079B0297CDE90383002302
:1062B000CDE900335A463046FFF734FF0446E0B1DB
:1062C00020460BB0BDE8F08F0998B04204D1149A73
:1062D00000233B601370F3E7B9F1050F0DD1031DE7
:1062E0009E4203D000F108039E4206D1149B301A4F
:1062F0008008187000233B60E2E70135B7E700240F
:10630000DEE700BF624B0020644B00202DE9F04720
:1063100098460D88234B0446C5F30809186809EB15
:10632000890588B000EB850507A92846119E95F8D8
:1063300010A01746FFF712FE20B90025284608B026
:10634000BDE8F0870021BAF1060FC8F8001013D19C
:106350002846FFF7DDFD0028EFD0109B0091CDE926
:106360000383CDE901170B46059601464A462046B0
:10637000FFF7D8FE0546E1E70798A04202D1396051
:106380003170DBE7BAF1050FD7D1031D9C4203D072
:1063900000F108039C42D0D1241AA40800233470D1
:1063A0003B60CBE7644B00200138C0B204289ABFA1
:1063B000014B185C00207047747F03082DE9F04FF3
:1063C0002DED028B83B000240193931DDBB208EE08
:1063D000103A05460E461746A246A0464FF0010B5E
:1063E000E2B2110105EB0212D07B002853D0937B5F
:1063F0003F2B02D92A4810F0A3F817B1002B08BF91
:106400003F23C3F12009A3F1200E2AFA03FC08FA66
:1064100009F928FA0EFE4CEA090C4CEA0E0C1CF0A5
:10642000010FC3F1200EA3F1200CE3D10BFA0CFCF9
:106430002BFA0EFE4CEA0E0C0BFA03F3062843EA85
:106440000A0A4CEA080814D10B2FD3D81046FFF7DC
:1064500057FD814658B16858FAF7E4FE019B18448D
:10646000C3B218EE102A31464846FFF7A7FF0134A1
:10647000B6E7FFF799FF81460028BBD06858FAF7C6
:10648000D1FE019B18441028B4D83088031D03EBBB
:1064900009003080EBE703B0BDEC028BBDE8F08F64
:1064A000607E03082DE9F04F85B00423DFF8989053
:1064B000ADF80E3000244FF0140A214B1B881FFA50
:1064C00084F8434539D9D9F800300AFB08F15D1842
:1064D0002F7CB5F80EB0062F23D1B8F1000F02D1F2
:1064E000184810F02DF828460193FFF711FD0646D5
:1064F000A8B1019B5858FAF795FE0022C3B20DF1DE
:106500000E013046FFF75AFF59464046FFF7DCFCC4
:106510000028E5D1062F02D0AB899B07E0D40134D7
:10652000CBE73846FFF740FF0028D9D0BDF80E3042
:1065300004331844ADF80E00E6E705B0BDE8F08F6F
:10654000624B0020607E0308644B0020437803F018
:106550001F021F2A0FD00278C3F3401342EA03231D
:1065600040F2FF12934206D000680138C31C94BF6A
:106570000020012070470120704700002DE9F34101
:10658000224FDFF8908006460D4604247B88A34204
:1065900037D904230DEB03012246384601F068FE8B
:1065A0009DF80510737881EA0302D20618D196F897
:1065B00000C09DF80400C3F34013C1F340124CEA3D
:1065C000032340EA022293420AD13268019B5340DE
:1065D00013EA080F04D12C80012002B0BDE8F0813D
:1065E00001A8FFF7B3FF20B1094B2C801C800020CD
:1065F000F3E701F01F00FFF7D7FE031D1C44A4B210
:10660000C4E74FF6FF732B80F1E700BF5E4B00201D
:10661000504B002000C0FFFF70B50C4620461146CD
:1066200015461E461DF078FD831CAB420AD85F223A
:10663000225422180330A84206F1580656709CBF17
:106640000022E25470BD00002DE9F74FDDE90D5442
:1066500007468A46164609689DF830809B462246C2
:106660009DF83C30009328461DF042FD4FF0000994
:106670009BF800105FFA89F29142019212D92146EB
:1066800028461DF049FDC0B28442019A07D90BEBA0
:1066900082025168221A096828441DF029FD09F177
:1066A0000109E5E7E6B1214628461DF035FDC3B2F4
:1066B0009C4204D93168E21AE8181DF019FD009BCC
:1066C00013B9B8F1000F13D0F37B052B10D143465B
:1066D00022462946384603B0BDE8F04FFFF79CBF7D
:1066E000009B13B9B8F1000F02D09AF81030ECE714
:1066F00003B0BDE8F08F0000F0B58BB007AC1F46CB
:106700000023C4E9013307930DF11303CDE90043DE
:10671000154606AB05AA0646FFF7F8FD014610B977
:1067200028700BB0F0BD9DF84030069A0195CDE978
:1067300002739DF81330009330462346FFF784FF21
:10674000EFE700002DE9F04F984689B014234B4342
:10675000DFF828A1039204460E4604934FF0000987
:106760005FFA89F52B0108EB0515059395F80FB035
:10677000BBF1000F7FD0BBF1060F58F803702AD190
:106780003846FAF74FFD3946024620461DF07AFC9E
:10679000002869D12846FFF7B3FB0746002863D0DD
:1067A000039B079307AA29463046FFF7E3FB00281F
:1067B0005AD0059B58F80300FAF734FD129B00935A
:1067C000079A3B4631462044FFF7BCFF00284BD0D8
:1067D00009B0BDE8F08F394620461DF023FC88B98A
:1067E000DAF80000049B07A91844FFF7B7FB00285C
:1067F0003AD0129B83F800B06868079B1844039B4B
:106800001844E5E7BBF1050F2ED1102138461DF0E5
:1068100083FC5FFA80FB5A46394620461DF054FC43
:1068200010BB14F90B305F2B1ED10BF1010B14F8C8
:106830000B30583B022B17D8DAF80000049B07A94D
:106840001844FFF78BFB78B16868079B129A1844CD
:10685000039B18440423137014F90B30592B06D0F2
:106860005A2B06D0582BB3D009F1010978E7043030
:10687000AEE70830ACE75846AAE700BF644B0020FB
:106880002DE9F04F8BB0DFF8D0B0029105461446E9
:106890000026304B1B881FFA86FA534557D914221D
:1068A00053465343DBF8002002EB0309D35899F811
:1068B0001080B8F1060F34D11021184603931DF053
:1068C0002BFC039B5FFA80F84246194628461DF0D0
:1068D000FBFB0746002838D14846FFF719FB034663
:1068E000002832D0029A009205EB08003A46514641
:1068F000FFF728FF804640B37CB10DF113030093EE
:1069000006AA07AB05A9CDE9077705970997FFF711
:10691000A3FC069B03B19B89238040460BB0BDE8D6
:10692000F08F194628461DF07DFB824668B9029B10
:1069300007A983F800804846FFF710FB38B10CB177
:10694000A4F800A0DDF81C80E7E70136A1E74FF0CE
:106950000008E2E7624B0020644B002030B50B4B8F
:106960001C880B4B1B68002295B2AC420CD91D7CD5
:10697000062D06D15D68854203D1DB890B8001209D
:1069800030BD01321433EFE70020F9E7624B0020FD
:10699000644B0020F0B5304D87B040F2A512029054
:1069A0008DF80C1006460C4601A8291DFDF7A6FE21
:1069B000052204A92868FEF7DBF9074601A8FDF7C0
:1069C000B9FE052F06D1049BB34203D19DF81430C4
:1069D000A3423ED0214E224F4FF4B072314601A85F
:1069E000FDF78CFE2868FEF7E7F8042821D928680F
:1069F000052202A9FEF756F9431F5C425C4101A83B
:106A0000FDF798FE2CBB3C68E36A93F89C3093B981
:106A1000A06A036801211B699847A06A03684FF4C4
:106A2000FA719B689847A06A036800211B69984720
:106A3000D2E70024E3E7A06A03681B6C98470028AC
:106A4000E6D007F067F940F2FA424FF4801107F000
:106A50004DF907B0F0BD00BF244B0020284B0020AB
:106A6000082600202DE9F341154E164FC92406F1E2
:106A70000408013CA4B2FCB140F24B12414601A80B
:106A8000FDF73CFE3068FEF77DF8054601A8FDF7EE
:106A900051FE042D10D93D68A86A03680A211B69BC
:106AA0009847A86A03680A215B689847A86A036840
:106AB00000211B699847DCE702B0BDE8F08100BF08
:106AC000244B00200826002000B58BB00023CDE920
:106AD0000733049309930DF10D03009305AA07AB47
:106AE00004A9FFF7B9FB10B3059B23B3DB7BC28975
:106AF0008DF8182003F01F03C2F300221B0243EAA3
:106B00004233049A43EA82339DF818200DF10E01B6
:106B1000134306A80693FFF731FD40B19DF81930E5
:106B200003F01F03052B03D09DF80D3003B10020A7
:106B30000BB05DF804FB037CD9E70000F0B5144FFF
:106B40003B8889B006460D46FBB10DF10B030024CE
:106B5000009304AA05AB03A9CDE905440394079467
:106B6000FFF77AFB88B10B4B38881B68A2B29042C2
:106B70000BD91A46013411688E4203F10C03F5D18A
:106B8000137A2B70012009B0F0BD0020FBE700BF95
:106B9000584B00204C4B002013B50DF10701044663
:106BA000FFF7CCFF10B92046FFF78EFF02B010BDF3
:106BB00007B5074B1B884BB10DF10701FFF7BEFF6F
:106BC00008B19DF8070003B05DF804FB1846FAE72A
:106BD0004A4B002010B50C46FFF7EAFF40B9A30668
:106BE00008D5054B1B6813B1186AC0F3800010BDAF
:106BF0000020FCE70120FAE7887C00200138032808
:106C000016D8DFE800F002080E13FDEEC07A17EE8A
:106C1000903A0B707047BDEEC00A10EE103A0B8030
:106C20007047BDEEC00A81ED000A704781ED000A91
:106C300070470000013903290BD8DFE801F0020496
:106C4000060801F06FBA01F0AFBA01F0E3BA01F043
:106C500021BA9FED010A70470000C07F37B5037A63
:106C600002888DF8042003F01F03C2F300221B02E8
:106C700043EA4233426843EA82339DF804200C46DB
:106C800013430DF1020101A80193FFF777FC0546BC
:106C900070B19DF8050000F01F00FFF785FBBDF8FF
:106CA00002200432034692B20348214601F0E0FA82
:106CB000284603B030BD00BF5E4B00202DE9F047F1
:106CC0002DED028B82B0044600AF007AFFF76CFB1B
:106CD000C31D23F00703E946ADEB030D0E468046C6
:106CE00069462046F0EE408AEA46FFF7B7FF88B3D0
:106CF000E0680022F91DFFF7C3FD054640B9344B9B
:106D0000E2681B683349986903681B68984721E06B
:106D1000B2071BD5227AFB799A4222D1F7EE000AFC
:106D2000B0EE680AFEF784FCD8B1D6B942465146A7
:106D300028461CF0ABFC68B15146424628461CF080
:106D4000B5FC31462846FFF725FE03E0FFF7BCFE01
:106D50000028DFD00837CD46BD46BDEC028BBDE82C
:106D6000F087FB79042B07D9194BE2681B681A4995
:106D7000986903681B68C9E7217A0429F4D850464A
:106D8000FFF758FFF307B0EE408A0BD5FFEE000A7D
:106D9000FEF74EFC9FED110A0028B7EE008A08BFEF
:106DA000B0EE408AF9792846FFF744FFF0EE400A3A
:106DB000B0EE480AFEF73CFC02460028CAD129463C
:106DC00028EE280AF879FFF719FF1146BAE700BF45
:106DD00008260020747E03088D7E03080000000052
:106DE00070B515462DED028B0446B0EE408A00EBDF
:106DF0000116B44207D020462946B0EE480AFFF7F4
:106E00005DFF1034F5E7BDEC028BBDE87040FFF785
:106E100029BE0000B7EE000AFFF7E2BF2DE9F04FF0
:106E200089B000AF984697F84830C7E90221002B97
:106E3000834614BF4FF000094FF006090025BB68D8
:106E4000ECB203EB0414E07B98B30023FB61EA4649
:106E5000A37BA7F810B03876B9F1000F02D0002B51
:106E600008BF3F2303FA09F343447B61FFF79CFA11
:106E7000C31D23F00703ADEB030D0646694607F17A
:106E80001000FFF7EBFE88B16468FB681C442046E5
:106E9000FFF71AFE786048B96946324620461CF072
:106EA00005FC7B6820461946FFF774FD0135D54681
:106EB000C5E7FFF7D7FD2437BD46BDE8F08F0000DA
:106EC000B4EE400AF1EE10FA10B504460CD69FED70
:106ED000327AF0EEC07AF4EE477AF1EE10FA03DC83
:106EE000042902D180ED000A10BD032919D1B5EEA5
:106EF000C00A9FED2A7ADFED2A7A9FED2A1ADFED8C
:106F00002A0AF1EE10FA58BFF0EE477A30EE270A5F
:106F100040F6C200FEF7C8FBBDEEC00A84ED000AD1
:106F2000E2E702291AD1B5EEC00A9FED1C7ADFED27
:106F30001C7A9FED1E1ADFED1E0AF1EE10FA58BF03
:106F4000F0EE477A30EE270A40F6C700FEF7ACFBBA
:106F5000BDEEC00A10EE103A2380C5E70129C3D167
:106F6000B5EEC00A9FED0D7ADFED0D7A9FED111A97
:106F7000DFED110AF1EE10FA58BFF0EE477A30EE6D
:106F8000270A40F6CC00FEF78FFBFDEEC07A17EE25
:106F9000903A2370A8E700BFFFFF7F7F0AD7233C0A
:106FA0000AD723BC0000004F000000CF00FEFF46C0
:106FB000000000C70000FE42000000C32DE9F341BD
:106FC0001D4690F90030232B0F4690464FF00004E9
:106FD0002CD01749019401AA1DF050FF064618B99C
:106FE000002002B0BDE8F081FAF71CF91028F7D8AC
:106FF0000F4901AA20461DF041FF0028F0D021468C
:107000001DF0B8FE0A4988ED000A01AA3E6020463C
:107010001DF034FF30B10749FAF7FAF810B9012032
:107020002870DEE700232B700120DAE72046D8E73E
:10703000A87E0308AF7E030830B504469DB00D4618
:1070400007F0A8FB01232146002207F0F5F9431CB5
:10705000044624D007F09EFB2346632203A907F0D1
:107060002BFBA0B10DF1020302AA01A903A8FFF7AF
:10707000A5FF0028EED0019800220DF10301FFF7D3
:10708000FFFB0028E6D02B8801332B80E2E707F0D6
:1070900081FB214607F0FAF901201DB030BD002028
:1070A000FBE700002DE9F0479EB01546019007F080
:1070B00071FB01230199002207F0BEF9431C06462B
:1070C00002D133480FF03CFADFF8CCA0DFF8CC80D7
:1070D000DFF8CC90012707F05DFB3346632205A95A
:1070E00007F0EAFAF0B10DF10A0304AA03A905A812
:1070F000FFF764FF0028EED0039800220DF10B018A
:10710000FFF7BEFB044600283FD02A88BAF80030BB
:10711000934212D806F0FEFD40F645124FF480115E
:1071200006F0E4FD07F036FB314607F0AFF9194BE6
:1071300001201F701EB0BDE8F0870C20D8F80010A9
:1071400042438C502A88D8F80030049900FB023260
:10715000516029889DF80A2000FB01331A7222B180
:10716000B9F800300133A9F800302B8801332B80A7
:107170002046FFF7A9FC0028ADD19DF80B109DED2E
:10718000040A2046FFF79CFEA5E70746A3E700BFD9
:10719000BC7E03085C4B00205A4B00204C4B002067
:1071A0004A4B00202DE9F7430D46064600286DD0D6
:1071B00019F096FF074610B935480FF0C1F90023C2
:1071C0003449ADF8003001AA01931DF057FEDFF8F5
:1071D000C48088B16946FFF72FFF044630B93846AE
:1071E00019F056FF204603B0BDE8F08301AA4146DE
:1071F00000201DF043FEECE7DFF8A890384619F0B8
:1072000047FFD9F8000008B1FDF7F0F8224BDFF88E
:107210009880224F00241C80BDF80030A8F8004060
:107220000C2058433C80FDF7DBF8C9F8000008B992
:107230001B48C2E7BDF80030A8F8003023B3304641
:10724000019419F04DFF06460028B5D01149ADF85C
:10725000024001AA1DF012FEDFF8388070B10DF176
:1072600002022946FFF71EFF044608B93046B7E779
:1072700001AA414600201DF001FEEFE7304619F05B
:1072800007FFBDF800303B800124ABE70446A9E7C7
:10729000E87E0308147F03084A4B0020584B002067
:1072A000167F03084C4B00205A4B002010B50446B3
:1072B000FFF778FF28B921460248BDE810400EF0DC
:1072C0008DBB10BD407F03082DE9F0434FF000084F
:1072D0009DB005460E461746A2F80080002E35DD0B
:1072E000B2B200239CB2A24203F1010902D9EB5CC5
:1072F0000A2B29D1632C28BF63242246294603A8E0
:107300001CF0D4F91CAB1C44A6EB090604F8648CF1
:107310009DF90C30232B4D44E0D0002BDED00DF135
:10732000020302AA01A903A8FFF748FE0028D5D04E
:10733000019800220DF10301FFF7A2FA0028CDD039
:107340003B8801333B80C9E74B46CBE701201DB0AA
:10735000BDE8F0832DE9F04FDFF828810546D8F825
:1073600000009FB00E4608B1FDF740F8434FDFF82C
:1073700018A1DFF8189100240DF10A0231462846C1
:10738000C8F800403C80AAF80040A9F80040ADF8D9
:107390000A40FFF799FF00286DD0BDF80A300C2095
:1073A0005843FDF71DF8C8F8000010B934480FF035
:1073B000C7F8BDF80A303B80A346BDF80A30A342A7
:1073C00057D9002E55DDB1B2002297B2B94202F171
:1073D000010302D9AA5C0A2A49D1632F28BF632777
:1073E0003A46294605A801931CF060F91EAB1F44DC
:1073F000019B07F864BCF61A1D449DF91430232B39
:10740000DBD0002BD9D002AB04AA03A905A8FFF753
:10741000D5FD0028D1D0039800220DF10901FFF716
:107420002FFA07460028C8D00C2303FB04F2D8F833
:1074300000309850D8F800301344049A5A609DF8F0
:1074400008201A7222B1B9F800300133A9F80030CF
:1074500001343846A4B2FFF737FB0028ADD19DF8C0
:1074600009109DED040A3846FFF72AFDA5E71A46E4
:10747000ABE7AAF800301FB0BDE8F08F5A4B0020F0
:10748000167F03084C4B0020584B00204A4B00202D
:1074900002460248418A1430FFF75CBF7C7F030834
:1074A00010B50A4B1B680446D86A03685B699847A5
:1074B00010B12146FFF7FAFE054B5B8A23B1204647
:1074C000BDE81040FFF7E4BF10BD00BF0826002054
:1074D0007C7F030830B5002085B0FFF7E1FF214B2A
:1074E0001A7872B901221A701F4B204A1B68029247
:1074F000986A1F4A0368039204AA12E906009B6A6D
:1075000098471C4D04246B88A34229D904232246A2
:107510006946284600F0ACFE6846FFF717F818B138
:10752000154B1C8005B030BD009801A9FEF7B4FDD5
:1075300060B19DF8010000F01F00FEF735FF221D2D
:107540000346019992B2284600F092FE9DF8010090
:1075500000F01F00FEF728FF04300444A4B2D2E775
:107560000020DFE75D4B002008260020054B0020AF
:10757000997F01085E4B0020504B002070B50E4BE8
:107580001E880E4B1B68002294B2A64209D91C46E5
:1075900001322568854203F10C03F5D194ED010A0F
:1075A00070BD8B891B0649BF8B6891ED020AC01A1A
:1075B00090ED000AF4E700BF584B00204C4B002030
:1075C0002DE9F04F8FB09B469DF870300B9314233C
:1075D00043439DF860901A9D0A9307468846089297
:1075E000002307939DF81CA008EB0A16F47B002CDF
:1075F00035D0B089FEF756FC002800F0BC80062C80
:1076000031D13046FEF77CFC0446002800F0B38000
:10761000199B0D930DAA31463846FEF7ABFC0028A6
:1076200000F0A9804B46524659464046FEF72EFCD4
:107630001D9A05920B9A04921B9ACDE902520D9A5B
:10764000019209F10602D2B2034600922146089A3D
:107650003846FFF7B5FF0446002800F08C8020462E
:107660000FB0BDE8F08F089B1B780993002B43D027
:107670002B8867F308032B8052464B4659464046F9
:10768000FEF704FC3D4B03EA40302B6823F0FF4338
:1076900023F4FF0323F4FC4318431B9B286003B12E
:1076A0001C70374B18680A9B0DA91844FEF756FC4E
:1076B000002860D00D9A73681344199A9C180B9A8D
:1076C0007AB1304A127862B1F27B012A09D1B289CB
:1076D000520706D5199A9B561BB9EB7843F08003E5
:1076E000EB701D9B002BBAD031462046FFF746FFBA
:1076F0001D9B83ED000AB2E74B4652465946404671
:10770000FEF7C4FB2B68C3F35133984233D1089A78
:107710000123137095F90330002B06DAEB78099AF0
:1077200062F3C713EB70144699E7052C23D16B78ED
:10773000C3F34302022A1ED8013262F344036B7082
:107740001B9B13B11B9A042313700D4B18680A9BE3
:107750000DA91844FEF702FC68B174680D9895F8FD
:1077600001B0199B0444CBF3430B1C440BF1FF3BCA
:1077700004EB8B04B5E7079B013332E700E0FF7FA2
:10778000644B00200C2300202DE9F04105460F46F4
:107790004FF000085FFA88F307EB0311CC7BDCB1F4
:1077A000042C0BD84E682E443046FFF7E7FE3146D6
:1077B0002046FFF723FA08F10108EBE7052CFAD180
:1077C0004C682C442046FFF7D9FE84ED000A84ED76
:1077D000010A84ED020AEEE7BDE8F08170B50E4BB8
:1077E0001E880E4B1B68002294B2A64209D91C4683
:1077F00001322568854203F10C03F5D194ED010AAD
:1078000070BD8B891B0649BF8B6891ED020AC01AB7
:1078100090ED000AF4E700BF584B00204C4B0020CD
:107820002DE9F04F8BB0DFF8049104880792002215
:107830008DF82720B9F800201F46C4F308039A42A8
:1078400005460E461C466FD9DFF8E4801BB2D8F817
:10785000002003EB8303980002EB83031B7C052BC2
:107860001FD16B78C3F34302022A1CD8013262F3A2
:1078700044036B7009B104230B70D8F80010014465
:107880006878C0F34300431E486800EB83002FB1C3
:107890000790FFF7A3FF079887ED000A0BB0BDE83C
:1078A000F08F062B04D001340123A4B28DF82730C9
:1078B0004FF0140B4FF0000AB9F80030A34233D94F
:1078C000D8F800100BFB04118889FEF7EBFAB8B169
:1078D0000A7C062A17D10846FEF71AFB014678B142
:1078E000079B0597CDE90363CDE901A5CDF800A07D
:1078F00000230DF127022046FFF762FE0028CDD1BC
:107900000134A4B2D8E72B68C4F3080403F00043A1
:1079100023432B6006B1327027B14868FFF75EFF42
:1079200087ED000A4868B9E70020B7E7624B0020FE
:10793000644B00202DE9F0418AB00023CDE90733E4
:10794000039309930DF10903009304AA07AB03A95C
:107950000446FEF781FC054620B9002630460AB0F1
:10796000BDE8F081049B002B3AD0DB7BEA898DF8DF
:10797000142003F01F03C2F300221B0243EA423328
:10798000039A43EA82339DF814200DF10A01134350
:1079900005A80593FEF7F2FD064658BB06A9284642
:1079A000FEF7DCFA0028D9D09DF815700499DDF8AF
:1079B000188007F01F07B9B19DF81C3093B1089AE1
:1079C000012B556802D0099B5B681D442046FFF7D8
:1079D000D5FD4968414429443846FFF70FF9BDE712
:1079E000037CC3E73546F1E729462046FFF7F6FE5C
:1079F0004146F1E79DF815009DF8093000F01F029F
:107A0000052A0FD0002BA8D100F01F00FEF7CCFCF8
:107A1000BDF80A200432034692B22146044800F021
:107A200027FC9BE7002BEFD0A4EB8304ECE700BF1F
:107A30005E4B00202DE9F04385B0FEF771FA134E3E
:107A4000134F00254FF014083288ABB29A4219D96F
:107A50001C463B6808FB043494F81090B9F1040FFD
:107A60000ED803A92046FEF779FA48B10398019091
:107A70002146FFF7B3FE019801464846FFF7BEF8DE
:107A80000135E1E705B0BDE8F08300BF624B00209F
:107A9000644B0020F0B5054687B00E4614461F46DD
:107AA0001BB1052A45D1042402E0052A3FD80ED097
:107AB0000CF01AF9214607462846FFF7BBF8224684
:107AC0003146384607B0BDE8F04009F073B91022DE
:107AD00001A81CF00DFB30468DF81470F9F7A2FBDD
:107AE00006AB441E1C44582304F8143C0CF0FCF86C
:107AF00004220DEB020195ED000A09F05BF9592310
:107B000004F8143C0CF0F0F804220DEB020195EDA2
:107B1000010A09F04FF95A2304F8143C0CF0E4F878
:107B2000042295ED020A0DEB020109F043F907B0BA
:107B3000F0BDFCD8BCE7000070B590B00023CDE9E3
:107B4000083306930A930DF11703009307AA08ABB5
:107B500006A90546FEF780FB0446B8B111230122B1
:107B6000CDE902320BAE9DF817300093014608AB09
:107B7000079A01962846FEF767FD079B43B1DA7B1B
:107B80009DF8173031462846FFF784FF10B070BDCE
:107B9000227CF5E7024A138801331380704700BF47
:107BA000484B00202DE9F0472DED028B90B00023CB
:107BB000CDE9083305930A930DF11103009388462C
:107BC000174608AB06AA05A90446FEF745FB06467C
:107BD00010B3069A9DF81D301AB3D17B61F30403EC
:107BE0008DF81D309389590600D50027F389059D2E
:107BF0008DF81C30C3F30021AB0343EA41330799EE
:107C00009DF81150C1F30C010B430793C3F30423F8
:107C1000052B00F097805DB110B0BDEC028BBDE884
:107C2000F087017C61F304038DF81D308389DAE766
:107C3000012B05D122B193895B0701D5FFF7AAFF7C
:107C4000254684E0BDF812204FF6FF739A420AD110
:107C50005A4B83F800A05A4B5A491B68986903682D
:107C60001B689847D8E79DF81D1001F01F010429F3
:107C700028D82046FEF7DEFF0699F0EE408AC9B10B
:107C80002046FFF77BFCB0EE408AF0EE400AB0EEF3
:107C9000680AFDF7CDFC90B1B8F1000F12D1002FAA
:107CA000BAD00CF021F8327CB0EE480A494609F00F
:107CB00081F8B1E731462046FFF790FDE3E7B8F1E0
:107CC000000F11D09DF81D00BDF812203E4900F0B4
:107CD0001F00FEF769FB4988131808338B4219D33C
:107CE000364B01221A70B6E79DF81D3003F01F03D2
:107CF000032BE7D09FED350A78EEC87AF0EEE88ADC
:107D000068EE808AF0EEE77AF4EEE87AF1EE10FAA7
:107D1000D8D5C4E70432104480B2FEF78DF89DF840
:107D20001D0000F01F00FEF73FFBBDF812100431EC
:107D3000024689B22846FEF777F8BDF812100422F1
:107D400007A82AE0002D3FF47BAFA4EB85051123A3
:107D50004FF0010ACDE9023A0DF12C099DF81130DE
:107D6000009331462046069ACDF8049008ABFEF702
:107D70006BFC0DF1120107A8FEF700FC00283FF490
:107D800061AF9DF81D0000F01F00FEF70DFBBDF870
:107D900012100431024689B22846FEF745F8002F3A
:107DA0003FF43AAF9DF81D209DF8113002F01F02FC
:107DB00049462046FFF76EFE2EE700BF404B0020ED
:107DC00008260020647F03085E4B002017B7D138D7
:107DD00059B150B1054B1B683BB11A68904202D1B2
:107DE0005B680B6070479B68F6E77047444B002068
:107DF0007FB5036803F000430360104B1B880D46FA
:107E0000144613B9002004B070BD0D4E03A93068AC
:107E1000FEF7A4F80028F5D015B133681B7C2B7051
:107E2000039834B131680190FFF7D8FC019884EDD4
:107E3000000A2146FFF7CCFF0398E4E7624B0020DD
:107E4000644B002073B506460D46144623460122B6
:107E50000DF107013046FFF7E3FC28B19DF807302C
:107E6000042BF3D805B12B702146FFF7B1FF02B008
:107E700070BD0000F8B514460746002220460E46A5
:107E8000FFF7B6FF002540B1BD4206D000223146C3
:107E90002046FFF7D7FF0135F5E7F8BD2DE9F34799
:107EA000DFF88C901F4940F671226846FCF726FCEB
:107EB000B9F800702FB11C4B1A881C4B1B889A42D2
:107EC00028D0194E194D05244FF00008B9F800705C
:107ED0001FB132882B889A421CD0013C14F0FF0459
:107EE00018D00022114601A83788CDF80480FFF78A
:107EF0007FFF4FF0000A1FFA8AF30AF1010A28B146
:107F00000022114601A8FFF79DFFF4E7A9F8003011
:107F10002F80DBE76846FCF70DFC384602B0BDE871
:107F2000F08700BF084B0020484B0020564B002034
:107F3000524B00207FB5164D2E1D40F27F12314668
:107F400001A8FCF7DBFB2868FCF71CFE042812D90B
:107F50002868052202A9FCF727FF431F5C425C4109
:107F600001A8FCF7E7FB44B19DF80C100298012230
:107F7000FFF718FEE1E70024F2E7064B1B68986A5A
:107F800003685B6B984708B1FFF788FF04B070BDCA
:107F9000244B002008260020FFF7CCBF38B52DED7C
:107FA000028B164B1D88164B1A680446B0EE408AA9
:107FB00000230C3A0C2099B28D4208D9013300FB02
:107FC00003F15158A142F6D1BDEC028B38BD0D4DE5
:107FD0002B683BB11A68A24202D183ED018AF3E714
:107FE0009B68F6E70C20FCF7F5F90028ECD02B682D
:107FF000046080ED018A83602860E5E7584B00202B
:108000004C4B0020444B002010B50446FCF7EAF925
:10801000204610BD38B51148114D0DF069FC114ACC
:1080200011490E4819F0C8FF2846002340F8043BC8
:108030000DF05EFC1420FCF7CDF9044610B19B2135
:10804000FCF73EFD0949074A05482C6019F0B4FFCA
:10805000BDE838400648002100F0F4B8084B002085
:10806000244B0020747C00200D5E0108115E010885
:108070005E4B0020D1ED007A90ED007AF4EE477A65
:10808000F1EE10FA04D0C0ED007A0121FEF782BCB7
:108090007047000090ED000A7047000038B591F974
:1080A000003000EE103A0446B8EEC00A0D46FFF765
:1080B00075FF2046FEF770FD10B995F9003023706A
:1080C00038BD000091F9002090F90010914202D0D3
:1080D0000270FFF731BD704791F9001090F9003040
:1080E0009FED097A01705B1A07EE903AF8EEE77A95
:1080F000F0EEE77AF4EEC77AF1EE10FA4CBF012108
:108100000021FEF747BC00BF0000003491F90020B9
:1081100090F90010914203D002700121FEF73ABCA1
:108120007047000090F9003000EE103AB8EEC00A37
:108130007047000038B5B1F9003000EE103A04463F
:10814000B8EEC00A0D46FFF729FF2046FEF724FDD2
:1081500010B9B5F90030238038BD0000B1F9001026
:10816000B0F900309FED097A01805B1A07EE903A72
:10817000F8EEE77AF0EEE77AF4EEC77AF1EE10FA6D
:108180004CBF01210021FEF705BC00BF00000034F8
:10819000B1F90020B0F90010914203D00280012112
:1081A000FEF7F8BB70470000B0F9003000EE103A5F
:1081B000B8EEC00A70470000D1ED007A38B5B8EECD
:1081C000E70A04460D46FFF7E9FE2046FEF7E4FC09
:1081D00008B92B68236038BD38B5D1ED007A0C465C
:1081E0000546B8EEE70AFFF7D9FE23682B6038BDD5
:1081F0000A6801688A4202D00260FFF79DBC70479E
:108200000A6801688A4203D002600121FEF7C2BBFE
:108210007047000090ED000AB8EEC00A70470000F9
:1082200008B5064B1B68586903685B68984720B916
:10823000BDE8084002480DF0D1BB08BD082600206B
:108240009080030830B50023084A017043801478F9
:108250008C4204BF4488958803F1030304BF64196A
:1082600044801E2B02F10602F1D130BDB08003081C
:108270002DE9F84F184EDFF8649007468A461D46F0
:1082800006F13C0831783B78994204D1B488944295
:1082900009D8121B92B20636B045F3D1B5FA85F073
:1082A0004009BDE8F88F12FA85F3A342D9F80030EF
:1082B00058697388C8BFA41A1A440368D4BFACB203
:1082C000A4B2D3F808B092B223465146D8472D1B2A
:1082D000E4D0A2440022DEE7B08003080826002094
:1082E0002DE9F84F184EDFF86490074692461D4678
:1082F00006F13C0832783B789A4204D1B4888C422B
:1083000009D8091B89B20636B045F3D1B5FA85F014
:108310004009BDE8F88F11FA85F3A342D9F800307F
:1083200058697388C8BF641A19440368D4BFACB2D3
:10833000A4B2D3F80CB05246234689B2D8472D1BBD
:10834000E4D0A2440021DEE7B08003080826002024
:1083500010B103685B6918477047000010B5044608
:1083600001F0F2FB4FF0FF33E36304F140000DF046
:10837000BFFA04F174000EF0CBF90023C4F89C306E
:10838000C4F8A030C4F8A43006492046FFF7FCF931
:10839000054B1A6812B105480EF0D2F81C60204651
:1083A00010BD00BF548203086C4B0020EC80030812
:1083B000084699B1C81FC3B2102B0ED810280CD88C
:1083C000DFE800F0090B090B0B0B0B090B0B0B0B78
:1083D000090B0909090000207047012070470000BF
:1083E0001FB50DF10E010446FEF7B8FA58B3174950
:1083F0000B68DB0718D4164BBDF80E201A801A82C2
:108400001A841A86A3F84020A3F85020A3F860200D
:10841000A3F87020A3F88020A3F89020A3F8A02050
:10842000A3F8B02001230B60094800220C21FEF7BD
:10843000F1FC00230093074ABDF80E00192304F154
:108440001401FEF7EBFC04B010BD00BF684B002028
:1084500010230020748F030873B51A2304460DF10E
:1084600007018DF80730FFF719FE2046FFF7B8FF28
:1084700094F92530032B16D104F138063046FEF767
:108480008BFB054678B901230DF1070130468DF8C5
:108490000730FFF721FE0DF1070104F125008DF8EB
:1084A0000750FFF719FE04F049FF217805462046E2
:1084B000FFF77EFF30B100220521284604F0CEFDF3
:1084C000C4F81C010023E36284F868306388013B30
:1084D0009BB2C72B84BFC823638002B070BD00006D
:1084E000B02303FB010191F8B90010B1D1F8A83015
:1084F00013607047B02303FB010191F8BA0010B17B
:10850000D1F8AC301360704710B5B02303FB010401
:1085100094F8BB4024B101FB0333C1180B6813600E
:10852000204610BD2DE9F843B02303FB0103844628
:10853000D3F8C8200F4622B9D3E9340150EA010329
:108540002CD0B02606FB07C6B6F8700000283FD036
:10855000D6E934231F4DDFF880901343A0FB054577
:108560001ED046375CF8270004F0C2F807460EF02C
:108570001BF814EB090245F14904D3194FF47A753D
:1085800044F10004A3FB053205FB0422D6E934457F
:10859000001B61EB0501181842EB0101BDE8F883EF
:1085A000F06E492310EB090043F10003071945EB76
:1085B00003040DF0F1FFD6F8C810401AC0194FF4AB
:1085C0007A7344F10004A0FB030103FB0411E5E707
:1085D0000146E3E700840C24B0F5F79010B5B02312
:1085E00003FB0103B3F87040ACB1463150F82100F1
:1085F00004F07EF8094BA4FB0313094C091943F15D
:1086000049034FF47A72081843F10003A0FB0201FA
:1086100002FB031110BD20462146FBE700840C2419
:10862000B0F5F79000EBC101C1F83821A1F83C3159
:108630007047000010B501EBC103CA0010F92330E8
:10864000022B0AD1C38E13F0040F4FF02E0322D059
:108650001044124AC0F838210CE0DBB2A3F1110437
:10866000012C0AD8C48EE40709D410440C4BC0F87E
:1086700038312E23A0F83C3110BD1A2B0AD8012224
:1086800002FA03F3074A1A4022B100231A4600EB0C
:10869000C100DFE72E23044AF9E700BFF482030894
:1086A00024830308008C00042482030838B500EBFF
:1086B0008105D5F81C31FBB100EBC104B4F83C21B5
:1086C000D2B11A681846926A9047D5F81C31B4F8AE
:1086D0003C2119688242CD68D4F8381128BF02467F
:1086E0001846A847D4F838310344C4F83831B4F8F0
:1086F0003C31181AA4F83C0138BD00002DE9F04FB8
:1087000001EBC10300EB830A10F92380A8F10903F0
:1087100085B004460D460EB20E2B26D8DFE803F0D6
:108720002A250825252A252525252525252A2A0027
:10873000142303FB0103002283F830214FF4FC7063
:10874000FBF748FE074660B1B02303FB054304EB8B
:1087500085056833D5F81C2100922146524600F069
:1087600031FE384605B0BDE8F08F00EB8606D6F83E
:108770001C310BB90027F4E7142707FB010701237D
:1087800087F830310DF008FFD7F82431C31AB3F55C
:10879000966F81462DD9D7F82C31002B4BD1D6F8C6
:1087A0001C0103681B6E9847C7F82C01B8F1120F23
:1087B00055D0B8F1110F4FF0000354D14FF40062BF
:1087C000142707FB0547D6F81C01D7F82C11FCF736
:1087D0003BF8D6F81C0103680021DB6B9847C7F80B
:1087E000249194F93430002B0BDD29462046FFF705
:1087F00021FF94F93430002B03DD29462046FFF792
:1088000055FFB8F10F0F30D028F010030A2B40D1DC
:108810004FF4D070FBF7DEFD07460028A1D0B0234F
:10882000D6F81C21009203FB0543683352462146CB
:1088300001F01AFA95E797F828315E4A0133DBB266
:10884000082B08BF002387F82831142303FB0543B6
:1088500093F8281152F82120C3F82C21A6E74FF4F1
:1088600000630022ACE71A46AAE74FF4CC70FBF78E
:10887000B1FD074600283FF474AFB023D6F81C21A1
:10888000009203FB054368335246214600F03EFF49
:1088900067E704EBC503B3F83C31002B7FF46AAF04
:1088A000D6F81C0103685B6998475FFA88FBB0F54E
:1088B000005F4FF014090BF1FF3328BF4FF4005055
:1088C00009FB0549DBB287B209F231190293002F87
:1088D0003FF450AFD6F81C0103689B699847029B90
:1088E000012BC1B20DD8142303FB054393F82821B3
:1088F000304B53F8223094F93420A2BBB3F5164F15
:108900003AD2E38E13F0010FABF1110314BF4FF411
:1089100061324FF4E122012B22D8142303FB0543DB
:1089200093F82801234B53F82030934218D148463E
:1089300002F010FAA0B1B8F1110F4FF4C0600CBFF3
:108940004FF001084FF00208FBF744FD07460028EE
:108950003FF407AFB02303FB0543CDF804801FE0CD
:10896000013FBFB2B3E7B3F5E13FCAD3E28E500790
:1089700002D4B3F5613FC4D14846039102F0EAF94D
:1089800003990028BDD04FF4C060FBF723FD0746D4
:1089900000283FF4E6AEB023002203FB054301921A
:1089A000D6F81C21009268335246214602F0BCFDE5
:1089B000D7E600BF04820308F8B504460D46B0268A
:1089C0000DF0EAFD06FB0546002386F869304FF6F8
:1089D000FF730746A6F89630A6F898302946204639
:1089E000FFF78CFE90B1012286F8692004EB051395
:1089F00005F14602194644F82200DF654FF47A6318
:108A0000A1F86030BDE8F84003F002BFF8BD0000F7
:108A10002DE9F74F01EBC103044610F923A0BAF189
:108A2000070F0D460FB20DD0BAF1000F0DD1B021D6
:108A300001FB05044FF6FF7384F869A0A4F8963093
:108A4000A4F8983003B0BDE8F08F90F82231CB4005
:108A5000DA07F7D400EB8709D9F8183123B903B046
:108A6000BDE8F04FFFF7A8BF90F93430002B01DDCF
:108A7000FFF71CFED9F8180103689B68984701901E
:108A80000DF08AFD019906464FEA0518002962D1CA
:108A9000A044D8F85C30C31AB3F57A6FD2D94FF03E
:108AA000B00B0BFB05405A4668301AF049FE0BFB31
:108AB00005424FF6FF73A2F89630A2F898305FFA9D
:108AC0008AF34FF47A61172B82F86850C8F85C601B
:108AD000A8F8601004D8404921FA03F3DB070BD44F
:108AE000D9F8180198BBB02101FB05450023C9F84E
:108AF000183185F8693002E0012382F8693004EB0F
:108B00000714B4F86030F52B61D994F86220B3F5FE
:108B1000FA6F02F1010284F8622093D294ED197A7F
:108B200007EE903AB5EEC07AF1EE10FA81BFF8EE9A
:108B3000E77ADFED2A6A67EEA67ADFED296A8CBF55
:108B4000E7EE267AF8EE677AC4ED197A7AE70368D9
:108B50005B689847C7E74FF0B00A0AFB054A9AF8E6
:108B6000D83053B10023DAE934014FF47A72F8F7C0
:108B7000BDF8002306468AF8D830B02303FB05432E
:108B800093F8CC206AB9012283F8CC20D9F81801D7
:108B900003685B6B9847134903466A1C0620F9F784
:108BA000FBFD04EB080304EB0511DA6DB21AA1F822
:108BB0006020B02101FB0545DE6595F86920012A9A
:108BC0009DD994F84821002A99D19E6597E7002203
:108BD00084F86220A2E700BF0042C0000AD7A33C8D
:108BE00048E17A3F08810308F8B51E46D0F81831ED
:108BF00004460D4617460BB90020F8BDD0F81431D5
:108C0000002BF9D00DF0C8FCD4F81431C01AB0F51F
:108C1000FA7FF1D2D4F804313B60D4F808313360E4
:108C2000069BD4F80C211A60079BD4F810211A6017
:108C3000D4F814312B600120DFE7000010B4D0F825
:108C4000183153B190F90000112806D11868C46B8F
:108C5000184623465DF8044B184700205DF8044B86
:108C600070470000D0F818313BB190F90020112A6C
:108C700003D11A681846126C1047704790F90030FB
:108C8000122B03D1D0F81801FFF762BB7047000028
:108C900013B540F21C42044600F1400101A8FBF765
:108CA0002DFD00212046FFF7B3FED4F8183113B193
:108CB000012384F8213101A8FBF73CFD02B010BD6F
:108CC00031B990F8223122B143F0010380F822310A
:108CD000704723F00103F9E710B40C4611461A4619
:108CE0002CB9D0F818015DF8044BFFF731BB5DF8E3
:108CF000044B704713B5044601917AB9D0F81801B6
:108D000060B103689B69984740B1D4F81801019994
:108D10000368DB6902B0BDE81040184702B010BD1F
:108D200010B590F900300C460BB9002010BDD0F8FA
:108D3000180118B9002323700120F7E703681B69A5
:108D400098470028F1D1F5E7174B136010B449BBE1
:108D5000B0F91030002B0DDD07EE903A9FED137A3D
:108D6000F8EEE77A67EE877AC2ED007A01205DF8C7
:108D7000044B7047D0F8183113B190F8691049B915
:108D800090F9000010B900231360EFE7431E58422A
:108D90005841ECE719688C6A1846114623465DF87D
:108DA000044B18470020E2E7CDCCCC3D6F12833A4C
:108DB00090F821318B420BD9242303FB0100B0F939
:108DC0000200002804DDC828A8BFC82080B2704770
:108DD000C820704759B990F9383043B990F900303C
:108DE0002BB1D0F8180110B10368DB6A18470020D6
:108DF0007047000008B5034690F9320040B1D3F83F
:108E0000180128B103681B6B984780F00100C0B2BD
:108E100008BD000031B9D0F8180118B10368114637
:108E20005B6C184700207047B02303FB010191F8E9
:108E3000C40010B1D1F8C0301360704741B990F947
:108E40000000122806D0A0F117035842584170477D
:108E5000002070470120704770B50D4690F928102A
:108E60007F29044613460CD02A46C9B2BDE870409B
:108E7000FFF732BFD4F818012946BDE87040FFF76C
:108E800067BA0021FFF7DAFF0028F3D070BD0000B9
:108E900011F0010F2DE9F84F0446884691461E4611
:108EA00005D11A464946BDE8F84FFFF7D5BFD0F8BF
:108EB0004031002B4BD0D4F840A1C8F34105B42772
:108EC0009AF8003007FB05A74FEAD8080637002BB1
:108ED00048D1D4F8403183F80180D4F840110123FF
:108EE00003FA05F20B7813430B70324649463846B5
:108EF0001AF0DCFBB32ED4F8403153D86A1C9A70B8
:108F000005EB4505D4F84031C5EB051506EB8505A5
:108F10009D80D4F84051AA7812B301232878934059
:108F2000013B98421CD1F7F7F9FEB4F844311844DC
:108F3000A4F84401AA88A91D2046FFF78DFFD4F8A4
:108F4000402100239370D4F84021137008E040F2D0
:108F5000D621012018F098F8C4F840010028AAD1C1
:108F6000BDE8F88F9AF80120424509D1EB40DB07B4
:108F7000AFD53246494638461AF088FB0028EFD074
:108F80004FF0000B8AF802B0D4F840A19AF8000024
:108F9000F7F7C4FEB4F846311844A4F846018AF83D
:108FA00000B096E71A780F2AB3D104229A70D4F849
:108FB00040314FF434729A80ABE7000070B5D67838
:108FC000AEB0B62E28BFB62614460021B6220546FE
:108FD00068461AF0B5FB324604F10C0168461AF0F7
:108FE00065FB9DF80130B42B06D89DF800100DF1FB
:108FF00002022846FFF74CFF2EB070BD70B5CE7848
:109000009EB0712E28BF71260C46712200210546A4
:1090100001A81AF095FB324604F10C0101A81AF0E0
:1090200045FB9DF806206E2A04D80DF1070128465D
:10903000FFF712FF1EB070BDF8B5967A537A43EA77
:109040000623D67A43EA06437B2B0546144605D011
:10905000E92B08D1BDE8F840FFF7B0BFBDE8F84004
:109060001146FFF7CBBF0026242795F82121F3B244
:109070009A420DD903F1460255F8220030B17B43E4
:10908000EB561BB1036821461B6A98470136ECE793
:10909000F8BD00002DE9F7431F4690F84931DDF88F
:1090A000289004460D4693BBB02606FB010696F8B1
:1090B000BC80B8F1000F24D0D6F88C301360D6F8FD
:1090C0009030C9F8003001AAFFF73EFE70B1DDED27
:1090D000017A9FED107AD9F8003067EE877AFCEEBE
:1090E000E77A17EE902A9B1AC9F80030B02000FBEF
:1090F000054393F8BD3043B105FB000004446368A9
:109100003B60404603B0BDE8F083034BF8E74FF007
:109110000008F6E700007A44000020417FB5B02344
:1091200003FB010393F89430EBB105AB009303AA62
:1091300004ABFFF7AFFF80B1DFED0C7A9DED030AC2
:1091400020EE270AFCF79AFAFDEEC07A17EE900A95
:1091500030B180B207B05DF804FB4FF6FF70F9E75D
:1091600048F6A040F6E71846F4E700BF0000C84202
:109170002DE9F04F2DED068B90F8C430856F9FEDF3
:1091800057AA95B08846002B00F09C800A236B43B9
:1091900008EE103AD0ED307AB8EEC88AA7EECA8A47
:1091A000BDEEC88A90F8BA30002B00F08E80D0ED6A
:1091B0002B9A90F8BB30002B00F08A8090ED2C9A0F
:1091C00090F8B930002B00F08680D0ED2A8A866DA9
:1091D00090F8483190F869904FF47A77A6FB0776BB
:1091E00023B1B9F1010F28BF4FF00109DFED3C6A4F
:1091F00090ED217AD0ED227AD0F88030049327EEDA
:10920000267A67EEA67ABCEEC77AFCEEE77A17EE0E
:10921000103A9CB217EE903A9BB2C26F02930021B3
:1092200090F89A30B0F896B0B0F898A005920393F1
:10923000FFF774FF049B0A930A235D4369EE8A9A41
:10924000029BADF83630039B8DF83930FCEEE99A7D
:1092500018EE103A29EE0A9ACDF83A30BCEEC99AC7
:1092600019EE903A68EE8A8ACDF83E30FCEEE88A34
:1092700019EE103ACDF8423018EE903ACDF846305B
:109280000023059AADF84A30ADF84C30182134234C
:10929000CDE900310992ADF84E001E2307AA4046E1
:1092A000CDE907760B95ADF830B0ADF832A0ADF84A
:1092B00034408DF8389007F00DFA15B0BDEC068BF0
:1092C000BDE8F08F08EE103A6CE7DFED069A70E724
:1092D0009FED049A74E7DFED038A78E700007A4493
:1092E0000000C84200000000014B1868704700BF32
:1092F0006C4B002001207047002070477047000031
:1093000070470000014B0B6001207047CDCC4C3EF4
:1093100001207047012070470120704700207047EE
:10932000704700000020704770470000062070471B
:1093300000487047548303087047000010B5044686
:10934000FBF750F8204610BD70B586B001AD04465D
:109350000E461222002128461AF0F2F902210322B9
:1093600064238DF804108DF806308DF80B200D2342
:109370008DF80F108DF81620042194F8E4218DF853
:1093800007308DF81010012307218DF81210D11825
:109390008DF808208DF80D308DF8116084F8E411F7
:1093A0000022E95C01330A44122BD2B2F9D1606881
:1093B0008DF8152003681322DB682946984706B00C
:1093C00070BD000030B585B00446089D009503F0DF
:1093D00071F940F602020023A4F8EE2140F609429A
:1093E000C4F8D030A4F8F021174B62682360012341
:1093F00084F8ED3142B9E36814491A780320F9F78B
:10940000CBF9204605B030BD20698DF80F300DF145
:109410000F011230FEF742FE226992F91230927C5F
:10942000012A09D819462046FFF78EFF0DF0B4F83F
:109430006E30C4F8E801E4E7E268054912780320D9
:10944000F9F7AAF9DDE700BFB88303085C830308D6
:10945000798303082DE9F04186B005460E46904613
:109460000021142268461F461AF06AF902238DF87B
:10947000003064238DF802300F2307228DF803306B
:1094800003238DF807308DF80B208DF81430062259
:1094900095F8E4318DF80C2001240A228DF80D2076
:1094A0001A1985F8E4218DF804308DF809408DF8FB
:1094B0000E808DF80F708DF81160234600221DF884
:1094C000031001330A44142BD2B2F8D168688DF826
:1094D000132003681522DB686946984706B0BDE88B
:1094E000F081000038B5C368426E5A60C368B0F8B6
:1094F00068201A81C368B0F86A2083F8322090F897
:109500006C3013F0010F0446C36800F0978003220B
:109510005A7090F86D30D8070CD5E36804225A7061
:1095200094F86D20910705D55207E3684CBF0622D9
:1095300005225A70D4F86F00D4F87310E56844A37C
:10954000D3E90023F7F73AF843A3D3E90023F7F769
:1095500035F8F7F7E3FA6861D4F87700D4F87B10B0
:10956000E5683BA3D3E90023F7F728F83AA3D3E94A
:109570000023F7F723F8F7F7D1FAA861314BD4F8B5
:109580007F00D4F88310E5680022F7F717F8F7F7A3
:10959000C5FA2861E5680CF0FFFF286694F887306B
:1095A000DB071CD5E368D4F88820DA61DFED267A82
:1095B00094ED230AE56820EE270AFCF749F82046D7
:1095C00085ED080A03F0A8F8D4ED247AE368F1EEFB
:1095D000677AC3ED0F7AE368012283F8502094ED97
:1095E000277ADFED1A6AE36827EE267ABCEEC77A9F
:1095F00017EE102ADA85D4ED287AE36867EEA67AAA
:10960000FCEEE77A17EE902A1A8694ED2C7AD4EDC8
:109610002B7AE36877EE877AB6EE007A67EE877A80
:10962000C3ED117AE368D4F8B8209A64E2680123A4
:1096300082F85230E26882F8533038BD012278E770
:10964000AFF3008000005940E02E65420000C842A0
:10965000F8C1631ADCA54C4000000000D012634141
:10966000F8B504460CF098FF94F8EC31042B05464D
:109670001BD8216991F91220897C012902D9002582
:109680002846F8BDD4F8E81181420ED2E1182046F0
:10969000012391F8ED11FFF7DDFE94F8EC316E3502
:1096A0000133C4F8E85184F8EC31002504F1640674
:1096B0000127606803685B69984790B16068036838
:1096C0009B6998470522C1B2304603F093FB431CC7
:1096D00002D1E3685F70ECE7052808BF45F001059B
:1096E000E7E7002DCBD02046FFF7FCFEC8E70000DF
:1096F0000620704700487047048403087047000044
:1097000010B50446FAF76EFE204610BD37B5069D2B
:109710000095044602F0CEFF114B23600023C4E9FC
:109720001B3384F8683084F87430AA2384F87931C4
:1097300041F24423A4F87A31A36893F934305BB141
:109740006068084903680E22DB689847606806492C
:1097500003682222DB689847204603B030BD00BF73
:10976000A08403080C8403081B840308F8B5B0F830
:10977000812190F87C31B0F87D51D0F889111A44DC
:10978000044603F055F82A2D40F0B380E368B4F89E
:1097900087211A81E368D4F889215A60E5680CF0C2
:1097A000FBFE2866D4F87D00D4F88110E6687EA31D
:1097B000D3E90023F6F702FFF7F7B0F97061D4F8A8
:1097C0008500D4F88910E66877A3D3E90023F6F77B
:1097D000F5FEF7F7A3F9B061E368012683F85C6052
:1097E000D4F89530E26807EE903AF1EE677AC2ED70
:1097F000167A6A4BD4F88D00D4F891100022F6F74F
:10980000DDFEF7F78BF9E1680246204603F02AF9FE
:10981000E36894F8B62083F83220D4F89D30E768E6
:1098200007EE903AD4F8A13000EE103A20EE000A8C
:10983000A7EEA70A18F0D8FC87ED110AE368D4F860
:10984000A5209A64E3689FED567A83F85260E36836
:1098500083F85360D4F8AD20E36807EE902A67EEF2
:10986000877AFCEEE77AC3ED207AE36894F8B620B5
:1098700083F88420D4F87530E268C3BBD4F879301B
:10988000222B0FD81F2B30D8102B16D00F2B07D917
:10989000122B03D8102B03D004230FE0142BFBD082
:1098A00001230BE0322B02D003D8302BF8D1062352
:1098B00004E0443B012BEFD9F2E70323537094F803
:1098C000623043F0010384F8623094F862309A0702
:1098D000C3F340005FD5E268616E5268914226D1C1
:1098E00023F0030384F8623055E00523E6E7567061
:1098F000E5E7632D1DD0AE2D48D1D4F87D20DFEDF6
:10990000296AE36807EE102A27EE267ABCEEC77AAA
:1099100017EE102ADA85D4F88120E36807EE902A42
:1099200067EEA67AFCEEE77A17EE902A1A860020F8
:1099300031E0D4F88910D4F88500E668F7F736F9F5
:10994000F061D4F89110D4F88D00E668F7F72EF99D
:109950003062204602F0E0FED4F89500D4F8991069
:10996000E668F7F723F907EE900AF1EE677AC6ED9D
:109970000F7AE368012283F85020D4F889316366B6
:1099800094F8623043F0020384F8623094F8620085
:1099900010F0010099D1F8BDAFF3008000005940EC
:1099A00000007A440000C84200000000D012634169
:1099B00010B590F87430013B0446082B06D8DFE858
:1099C00003F010191D26374C50586000AA2904BF17
:1099D000012380F87430002380F8953184F89631A3
:1099E00004E0442904D1022384F87430002010BD1F
:1099F0000023F9E71229FBD10323F5E7042380F8BC
:109A0000743080F8953180F87C110023E6E7B0F8D7
:109A100095311B2BECD8C218013382F879119AB218
:109A2000A0F8953190F87C319342DFD80523DBE72D
:109A3000B0F89531FF2BDBD890F87C011A1A22443C
:109A4000013382F875109AB2A4F89531B4F88131D7
:109A500003449A42CADB0623C6E7C0F87511072300
:109A6000C2E7D0F8753103EB0121C0F87511082366
:109A7000BAE7D0F8753103EB0141C0F8751109233D
:109A8000B2E7D0F8753103EB0161C0F87511002021
:109A900094F87C2184F8740004F279110DF080F9B7
:109AA000B4F8812104F175010DF07AF9D4F875311B
:109AB000834204D12046BDE81040FFF757BE236F14
:109AC0000133236792E700007FB5836893F9343050
:109AD0000446F3B10CF060FD94F86830032B0546A2
:109AE00017D8E26E824214D2164A666852F82310E2
:109AF00001910846F7F796FB33680199DB68024647
:109B00003046984794F86830C8350133E56684F8E4
:109B100068304FF400560025606803680DF10F01AE
:109B2000DB69984750B19DF80F102046FFF740FFC2
:109B3000013E2843B6B2C5B2002EEDD1284604B08E
:109B400070BD00BF8884030810B50023044643603D
:109B50008360C360143002F09DFF20460249FDF788
:109B600013FE204610BD00BFF08403080620704796
:109B7000004870477085030801207047014B0B6057
:109B8000012070470AD7A33DD0F880300B60012038
:109B900070470000836893F9343023B1806E831FCF
:109BA000584258417047012070470000D0F880307B
:109BB00013F4746F0CBF01200020704710B50446E9
:109BC000C06E17F065FA204610BD000010B50446BF
:109BD000FFF7F4FF2046FAF705FC204610BD000011
:109BE0008268C36F92F93220022A03F4207304D0F2
:109BF000A3F52073584258417047B3F5207F08D031
:109C0000064B1B68DB6A93F89C3023B990F88400FC
:109C10007047012070470020704700BF08260020D1
:109C20001FB5836893F934308BB1836E062B0ED049
:109C3000C26804214FF0030C1278CDE9011C90F8A2
:109C400062100091013203490620F8F7A5FD05B026
:109C50005DF804FB74850308C3681B7813B9836837
:109C6000187870470020704737B5069D0095044668
:109C700002F020FD0F4B23600F4B63670023A367A7
:109C800084F886300CF088FCE3682067012283F8B2
:109C90008520A368DB8E9B0704D42046FFF7DCFFFA
:109CA0001A2803D1E368012283F82C20204603B050
:109CB00030BD00BFA0880308A88503082DE9F04146
:109CC0002DED028BB0F88C3040F6BC72C3F30C0360
:109CD000934288B0044600F03F820FD840F6A77246
:109CE00093424BD040F6AE72934200F05D8140F655
:109CF000A172934200F0498100202FE141F23372BA
:109D0000934200F0788141F23672934200F0B681BE
:109D100041F214729342EFD1B0F88E20D0F8901037
:109D200002F086FDD4F8983007EE903AD4F89C30D3
:109D300007EE103AD4F8A03000EE103AB4EE407AB4
:109D4000F1EE10FAC8BFB0EE470AF4EE407AF1EE39
:109D500010FAC8BFB0EE670ADFEDC27AE368B4EE6E
:109D6000E70AF1EE10FAC0F24281012283F8512095
:109D7000E46818F039FA84ED100ABDE7B0F89430C1
:109D80004FF6FF7299B2914205D0C2681381C36841
:109D9000D0F890205A60B4F88E20D4F89010204665
:109DA00002F046FDE5680CF0F7FB2866D4F8B43005
:109DB000DFEDAD7A07EE103AB4EEE77AF1EE10FA85
:109DC0003BDDE2685363E368D4F8B8209A63D4F8C3
:109DD000BC30E26807EE903AF1EE677AC2ED0F7A96
:109DE000E368012583F85050E168204602F0C0FC8A
:109DF000B4F8D630E268DFED9D6A0A214B43C2F821
:109E00008030B4F8E220E36807EE102AB8EE477A13
:109E100027EE267A83ED117AB4F8E420E36807EEA2
:109E2000902AF8EE677A67EEA67AC3ED127AE368B5
:109E300083F85250E36883F85350D4F89860D4F80C
:109E40009C7082A3D3E9002330463946F6F746FEDC
:109E500000285FD07FA3D3E9002330463946F6F7C8
:109E6000ADFB7EA3D3E90023F6F7A8FBF6F756FE79
:109E7000E5686861D4F8A000D4F8A410E56875A37B
:109E8000D3E90023F6F79AFB74A3D3E90023F6F78E
:109E900095FBF6F743FEA861D4F8B020DFED747AA5
:109EA000E36807EE102AB4EE677AF1EE10FA0CBF01
:109EB0000122002283F85C20D4F80C80D4F8A8603A
:109EC00098F85C30D4F8AC7093B1D4F8B050284610
:109ED000F6F71CFB02460B4630463946F6F7B6F954
:109EE00007EE905AF1EE677A06460F46C8ED167AED
:109EF00039463046F6F75AFEDFED5E7AE16807EE46
:109F0000100A67EE277A2046FDEEE77A17EE902AD0
:109F100002F0A8FD94F8D230E268FF2B82F83230CC
:109F200002BFE368002283F8322094F8963003F0F1
:109F30000F03082B09D8DFE803F0051619161C1FBC
:109F4000191C1F00E36801225A7094F8963013F030
:109F5000400F4FF0010012D0E368587008B0BDEC1C
:109F6000028BBDE8F081E3680322EDE7E368042299
:109F7000EAE7E3680622E7E7E3680522E4E7190673
:109F8000ECD5E36802225A70E8E7B0F88E20D0F8EA
:109F9000901002F04DFCE368B4F89C20DA85E36889
:109FA000B4F89E201A86A7E6B0F88E20D0F890105C
:109FB00002F03EFCD4F89C30D4F8A010E367D4F84B
:109FC000803083EA010212F4746F0BD0E2681278D9
:109FD00001F47461009103F474632749013206208F
:109FE000F8F7DAFBD4F8A030C4F8803084E600201B
:109FF00083F85100B2E7FFF72FFE1A287FF47CAEFA
:10A000002046B4F88E20D4F8901002F011FC94F899
:10A010009700E66810F08F0513D1D4F89830DFED83
:10A02000147A00EE103AB4EE670AF1EE10FA08D096
:10A0300018F0DAF886ED130AE368012283F8552058
:10A040005AE60023F36457E6AFF3008000000000F7
:10A05000006A08C1F8C1631ADCA54C40000000008A
:10A06000D012634100000034005043C80AD7A33B1C
:10A07000FFE65BAF0000C842B8850308FFF7ECFDC0
:10A080001A287FF439AEB4F88E20D4F89010204608
:10A0900002F0CEFB94F89630002B3FF42DAE94F8EE
:10A0A0009930002B7FF428AE94F89A50002D7FF45D
:10A0B00023AED4F8A810D4F8A400F6F777FDD4F8AE
:10A0C000A01008EE100AD4F89C00F6F76FFDF0EE31
:10A0D000480A00EE100A17F0E7FFD4F8A810D4F8E9
:10A0E000A40010EE106AF6F761FDD4F8A0108046C7
:10A0F000D4F89C00F6F75AFDD4F8B0100746D4F80F
:10A10000AC00F6F753FD079005A8CDF8148006972C
:10A11000FBF764FE8DED030AD4F8B010D4F8AC0060
:10A12000F6F744FD07EE900A3046B1EE671A8DED62
:10A13000021AF6F7EBF972A3D3E90023F6F73EFA19
:10A14000F6F734FD9DED021ADDED030A00EE100A6C
:10A15000204602F083FCCFE5B0F88E20D0F89010B6
:10A1600002F066FB94F89600E36870B983F8840007
:10A17000E368C3F88000E368C3F88C00E368C3F8C1
:10A180008800E368C3F89000E8E694F8982083F824
:10A190008420B4F8C5304FF6FF7293421CBF0A22E8
:10A1A0005343E26808BF0023C2F88030D4F89C60B3
:10A1B000D4F8A07054A3D3E9002330463946F6F70B
:10A1C00065FC00287ED150A3D3E90023D4F8A40075
:10A1D000D4F8A810F6F75AFC002873D14AA3D3E9A3
:10A1E0000023D4F8AC00D4F8B010F6F74FFC0028E8
:10A1F00068D1B4F8C0204FF6FF739A4262D03D4B4D
:10A20000D4F80C80002230463946F6F7D7F9F6F735
:10A2100085FCC8F88C00D4F8A400D4F8A810354BFD
:10A22000E6680022F6F7CAF9F6F778FCC6F8880067
:10A230002EA3D3E90023D4F8AC00D4F8B010E6681C
:10A24000F6F7BCF9F6F76AFCC6F89000A368DB8E57
:10A250009A077FF551ADB4F8C0309FED277A9FED96
:10A26000278AD4F8A810D4F8A40007EE903AF8EEA4
:10A27000E77AA7EE878AF6F799FCD4F8A01007468C
:10A28000D4F89C00F6F792FCD4F8B0100646D4F847
:10A29000AC00F6F78BFC079005A805970696FBF730
:10A2A0009DFD8DED020AD4F8AC00D4F8B010F6F79D
:10A2B0007DFC07EE900ADDED020AB1EE671AB0EE02
:10A2C000480A45E7A368DB8E9B077FF515ADE36879
:10A2D0000020C3F88C00E368C3F88800E368C3F883
:10A2E0009000E36883F8540038E600BF00000000E7
:10A2F00000408FC000408F400AD7233C0000344309
:10A30000F8C1631ADCA54C40BBBDD7D9DF7CEBBDDF
:10A310002DE9F84F90F88630013B04460D46082B96
:10A3200006D8DFE803F0404B4F575B63677FB4000C
:10A33000242908D1012380F886300023A0F8903129
:10A340000020BDE8F88F90F89731DFF800925E1C8E
:10A35000F6B203444FB2032E80F89761B24683F8F9
:10A3600092714FF00608A8BF4FF0030A00F5C97BB1
:10A3700059F8040B5246594619F0A6FE78B9042E36
:10A3800006D1303F092FDBD9002384F89731D7E776
:10A39000D6D93E2DF8D1012384F89831F4E7B8F1ED
:10A3A0000108E5D1F0E7402903D1022384F8863083
:10A3B000C6E7522940F09D800923F7E7A0F88A10EC
:10A3C0000323F3E7B0F88A1001EB0525A0F88A50C3
:10A3D0000423EBE7A0F88C100523E7E7B0F88C1016
:10A3E00001EB0525A0F88C500623DFE7A0F88E10BE
:10A3F0000723DBE7B0F88E1001EB0525ADB2AB0704
:10A40000A0F88E50A5F108050CBF08230023F82DF5
:10A4100080F8863094D9002380F88630A36F01330A
:10A42000A3678DE7B0F89031FF2B98BFC21803F1F6
:10A43000010398BF82F89010B0F88E209BB2083AC2
:10A440009342A0F89031FFF67BAFB3F5807F50D8F0
:10A45000002202218C300CF0CBFC0221024604F1D8
:10A460008E000CF0C5FCB4F88E100246083904F1D9
:10A4700090000CF0BDFC002384F88630B4F88A30DC
:10A480008342CBD12046BDE8F84FFFF717BCB0F8A8
:10A490009021FE2A2DD88318013292B20A2983F81E
:10A4A0009010A0F890217FF44BAF8318002183F81F
:10A4B000901090F890303A2B1BD1C66ECEB100F1BF
:10A4C0009201053A304619F0FFFD054688B930463D
:10A4D00016F0DEFDA36EE566062B07D8DFE803F075
:10A4E000040B0F1D2B0D2D000123A3660CF054F857
:10A4F000206700235AE70523F7E70223F5E794F8DE
:10A5000062300133DBB2032B84F86230EED90323CF
:10A51000A366002384F86230E8E794F86230A2680A
:10A520000133DBB284F8623092F930200AB1022B99
:10A53000DCD90423D9E70623D7E703F0EBFB40F28D
:10A54000A3124FF4801103F0D1FBCFE7708803080A
:10A550004068024903681122DB681847E485030854
:10A5600038B5836893F93230054653B3C06F10F4A1
:10A57000007414D1EB6814491A7806200132F8F7F8
:10A580000BF9EB6811491A7806200132F8F704F943
:10A590002846FFF7DDFF85F88440002038BDC3055D
:10A5A00007D5EB680A491A7801320620F8F7F4F863
:10A5B000F3E710F0800404D1EB6806491A78013201
:10A5C000F3E70120EAE700BFF885030818860308CF
:10A5D000398603085286030810B50446054907204A
:10A5E000F8F7DAF8606804490368BDE81040DB68F2
:10A5F00013221847788603088C8603082DE9F0415A
:10A6000004464068036886B05B69984700250646A3
:10A610002F46B5420BD0606803689B699847C1B26A
:10A620002046FFF775FE0743FFB20135F1E70BF057
:10A63000B3FFA36893F934200546E2B1A26E062A5F
:10A6400000F0F980616E814215D2216F01F5FA6147
:10A65000814221D2606FF6F7E5FD06466068036827
:10A660009B6A9847B04206D36068616F03683246C0
:10A67000DB6898472567E268906A2D1AB5F5967FE2
:10A6800082BF002382F85430E268384688BF82F8DF
:10A69000553006B0BDE8F08194F898110029EAD051
:10A6A000E16E09BB052A1FD8DFE802F00334979D4D
:10A6B000B4452369606893F91220036805921B6C06
:10A6C00098476E496E4B059A012808BF0B4604F166
:10A6D0006C066C49009330464FF461330BF068F917
:10A6E000013001D10023E366E06E0028C3D0F6F705
:10A6F00099FD0646606803689B6A9847B042BAD3E2
:10A700006068E16E03683246DB689847002384F88E
:10A710009831B0E72046FFF79FFA5B4B5B4A5C49F4
:10A720001A2818BF1A46236904F16C0093F91230F5
:10A7300000920122D2E72369597893F9010011F0C0
:10A740006F0F48D0504B534A10F0010F08BF1A4604
:10A75000860705D5504E514B11F0010F08BF334607
:10A7600046072ED5DFF864C14D4E11F0030F08BF28
:10A77000664610F0080F26D0DFF854E1DFF854C128
:10A7800011F0070F08BFF44610F0200F1ED0DFF8BD
:10A790004881DFF848E111F00F0F18BFC6464006A8
:10A7A00017D5404811F02F0F3F4918BF0146CDE99A
:10A7B00002E1CDE9006C3D4904F16C000BF0F8F8C2
:10A7C0008EE7314ED5E7DFF8C0C0DDE7DFF8B8E04F
:10A7D000E5E72D49EBE70223A36694F86220344BAA
:10A7E00053F8222009E093F93030012B0BD0022BD3
:10A7F0000DD0002B7FF478AF2E4A2F4904F16C0066
:10A800000BF0D6F86CE794F862202C4BE8E70623AF
:10A81000A36669E72046FFF71FFA1949284A1A2854
:10A8200018BF0A46274904F16C000BF0C1F8002854
:10A830007FF458AF58E793F93230022B7FF41BAF07
:10A84000214B1B68DB6A93F89C301BB1012384F811
:10A85000843010E794F88430002B3FF40CAFE36FA2
:10A860009B057FF508AF636E8342BFF404AF2046BB
:10A87000FFF7B2FE05F57A736366FCE6A58603086A
:10A88000A0860308F7860308AE7E0308AD8603089A
:10A890001A870308577A0308B2870308B1870308A9
:10A8A000CA860308E1860308E28603087587030861
:10A8B0008888030888870308988703086488030842
:10A8C000EA8603089387030808260020CB8603083E
:10A8D000D4860308D3860308DB860308DC860308D6
:10A8E00006207047836893F934302BB1D0F8BC054B
:10A8F000B0FA80F04009704701207047D0F8BC35AD
:10A900000B6001207047000000487047EC88030886
:10A9100013B5D0F8BC150023012202FA03F40C424F
:10A920000CD0C268127800910649013251F82330E8
:10A9300005490620F7F730FF02B010BD0133162B92
:10A94000EBD1F9E7588B0308F488030810B5054BE1
:10A9500003600446D0F8F40508B1F9F743FD20463A
:10A9600010BD00BF888E030810B50446FFF7EEFF48
:10A970002046F9F737FD204610BD000010B5D0F88D
:10A98000F405144628B102F0B9F82080003818BF49
:10A99000012010BDD0F8F40508B102F091B870475D
:10A9A00090F8C035822B08D81A0613D4033B012B2C
:10A9B0000ED90D4B0B6001207047FF2BF9D10A4BCC
:10A9C0000B60836893F93400B0FA80F04009704757
:10A9D000064BEFE7054B0B6090F8D035013B012BA0
:10A9E000E9D8034BE6E700BFAE47613E8FC2F53DB5
:10A9F0000AD7233EC1F302710139C9B204299ABFB3
:10AA0000014B585C00207047508B030830B5D0F8DC
:10AA1000DC357BB190F8E0550020C2B2954209D9EF
:10AA200053F830208A4200F1010401D140B230BD18
:10AA30002046F2E74FF0FF30F9E7000030B5039C05
:10AA40000A44914209D011F8015B18782844C0B239
:10AA50001870257828442070F3E730BD2DE9F041C7
:10AA6000044640681D46036886B09B6ABDF83060A6
:10AA700088461746984706F1080398424FF00000B1
:10AA80003AD3B5238DF810308DF8137062230DF191
:10AA90000F078DF80E008DF80F008DF8113004228D
:10AAA0000DF10E030DF11201204600978DF8128072
:10AAB000ADF81460FFF7C2FF3246294620460097E2
:10AAC000FFF7BCFF606803680622DB6804A99847AB
:10AAD000606803683246DB68294698476068036807
:10AAE0000122DB680DF10E019847606803680122BE
:10AAF000DB6839469847012006B0BDE8F0810000C8
:10AB000013B50446406803689B6A9847072806D92E
:10AB1000002300931A4606212046FFF79FFF02B04C
:10AB200010BD00001FB590F89734052B05D9FFF72D
:10AB3000E7FF002005B05DF804FB02238DF80C1040
:10AB40008DF80D200093012203AB0621FFF786FF4D
:10AB5000F0E70000F0B5044640681D46036885B084
:10AB60009B6A0F46164698470A280FD9032300937D
:10AB7000012203AB062120468DF80C708DF80D6084
:10AB80008DF80E50FFF76AFF05B0F0BD0020FBE71F
:10AB900090F8D2350133DBB280F8D2352BB990F87A
:10ABA000752490F87A14FFF7D5BF7047022938B59D
:10ABB0000546184641D00A2939D001291ED1122A4A
:10ABC0001AD8012A1AD9931E102B17D8DFE803F0E0
:10ABD000171D0916233F16161616161616161616E4
:10ABE00029000123202483423BD1D5F8BC3523EA38
:10ABF0000403C5F8BC3501E0202A2CD038BD95F8F7
:10AC0000D64584F001030224EDE795F8D64584F09B
:10AC100001030424E7E795F8D64584F001030824EE
:10AC2000E1E795F8D64584F001031024DBE7092A13
:10AC300015D00B2AE2D180240FE0102A01D0152A6A
:10AC4000DCD1AB684FF4807493F83230CBE701234A
:10AC50004FF40054C7E74FF400440523C3E74024F2
:10AC6000FBE72846FFF776FFD5F8BC352343C5F848
:10AC7000BC35012385F8D435C0E700002DE9F04349
:10AC800085B002AFC0F8E83597F8283080F8EC3589
:10AC900090F8F03580F8E025541C83F001035B4206
:10ACA000A40080F8ED350026E31DC0F8DC15C0F8DF
:10ACB000E4650546914640686A46DB08A2EBC3039B
:10ACC0009D46026802AB926A7B60013C8846A4B252
:10ACD000904704F1090292B2904218D37B68029621
:10ACE000414603AA08EBC909494504D051F8080BAD
:10ACF00042F8040BF8E70134A4B200948B22062139
:10AD00002846FFF7ABFE0C37BD46BDE8F083304662
:10AD1000F9E7000013B50C230446009309220B4BFE
:10AD20000621FFF79BFE0BF037FC94F88834C4F83B
:10AD30008404013384F88834E36805491A780620CE
:10AD4000013202B0BDE81040F7F726BDD48E0308EB
:10AD50001C89030810B5002308248278082A0ED81D
:10AD6000DFE802F00B051217202B37474D00622950
:10AD700002D10223837002E08370B52901D0002044
:10AD800042E083780133F5E703238370C1700171DA
:10AD9000F5E704238370C37819440379C9B2C170FD
:10ADA0001944F4E705238370C378027901700B44DA
:10ADB000DBB2C37013440371E1E706238370C378E9
:10ADC00019440379C9B2C170194400230171437059
:10ADD000D5E7C378027819440379C9B2C170194420
:10ADE000437801710133DBB29A424370C7D1072324
:10ADF000C0E7C27884708A42C1D08370ADE702791F
:10AE000083708A42A9D1012010BD000007B500233C
:10AE1000009304220A21FFF721FE03B05DF804FB32
:10AE20001FB5C368044619788068FDF7C1FF012388
:10AE3000ADF80A3006210023ADF80800ADF80C305B
:10AE4000009102AB08222046FFF708FE04B010BDB7
:10AE5000B0F87624083201F0EBBC00002DE9F74F82
:10AE60000569D0F8BC35044695F9010038B923F4DA
:10AE70000023C4F8BC356B7884F8D7352EE013F482
:10AE8000002000F08880D4F8FC35FBB128460DF195
:10AE9000070110F8017F07F0EF0747F021078DF851
:10AEA0000770FDF719F94FF0000C60466646312235
:10AEB00010214FF028080CF1FF3527FA0CF3052D6F
:10AEC00064D8DFE805F00E2C6E6363A2082115201C
:10AED00016F0DAF8C4F8FC050028D7D103B0BDE8B5
:10AEE000F08FD4F8FC954FF0200A09EBC00509F863
:10AEF00030A003F001036E70AA70E9706B6000F17E
:10AF0000010ED4F8FC9502305FFA8EFEC0B209EB58
:10AF1000CE054FF0050A09F83EA06E7033E0D4F874
:10AF2000FCE54FF021090EEBC0050EF8309003F060
:10AF300001036E70AA70E9706B60D4F8FC9500F1A3
:10AF4000010E5FFA8EFE09EBCE054FF0070A09F8F5
:10AF50003EA06E70AA70E9706B6000F1020ED4F82A
:10AF6000FC9594F8C1A55FFA8EFE4FEACE0503303A
:10AF7000C0B24D44BAF1000F10D14FF00A0B09F8DE
:10AF80003EB085F801A0AA70E9706B600CF1010C6D
:10AF9000BCF1070F8FD123695B786DE74FF0090A89
:10AFA000B9E7D4F8FCE54FF022090EEBC0050EF826
:10AFB000309003F001036E70AA70E9706B60D4F8F2
:10AFC000FC9500F1010E5FFA8EFE09EBCE054FF005
:10AFD0000D0A09F83EA06E70AA70E9706B6000F16E
:10AFE000020ED4F8FC9594F8C1A55FFA8EFE4FEAE4
:10AFF000CE050330C0B24D44BAF1000F02D14FF07C
:10B000000E0BBCE709F83E8087E7D4F8FCE54FF06B
:10B0100025090EEBC0050EF8309003F001036E70A9
:10B02000AA70E9706B60D4F8FCA500F101095FFA21
:10B0300089F90AEBC90E4FF0180B0AF839B08EF8EF
:10B0400001608EF802208EF80310CEF8043094F8D8
:10B05000C195851CEDB2B9F1000F12D1D4F8FCA551
:10B060000AEBC50E03304FF01A0B0AF835B0C0B228
:10B070008EF801908EF802208EF80310CEF804307E
:10B0800084E7284682E7000090F8C00500F0FD0044
:10B09000A0F1800358425841704700002DE9F04F5D
:10B0A00085B002AF06460C4692469B46FFF7ECFF82
:10B0B00020B900200C37BD46BDE8F08F3046FFF7C1
:10B0C00099FC0023C7E90033804600F10F03706844
:10B0D00023F00703ADEB030D03689B6A98471FFA43
:10B0E00088F505F110039BB298420DF10809E0D3F1
:10B0F00001233B707C6087F801B03C4603CC0835E7
:10B10000029003914246514604A8ADB218F0CEFA1F
:10B1100000954B468A2206213046FFF79FFCC9E77F
:10B120007FB505460E46FFF7AFFF98B10024CDE985
:10B130000244686803689B6A98470F280CD9082363
:10B1400000938B226B4406212846ADF808400396F5
:10B15000FFF784FC04B070BD2046FBE72DE9F04FFB
:10B1600087B002AF81460C4690461D46FFF78CFF24
:10B1700020B900201437BD46BDE8F08F0023C7E991
:10B180000233D9F80400531C6A46DE00A2EBC30365
:10B190009D4603689B6A98470836B0420DF1080A3D
:10B1A000E7D301233B727D72BB68029303AE04EBCD
:10B1B000C8084FF0040B444515D02346484653F8C1
:10B1C000042B7B601146FFF715FC46F8042B7B68C7
:10B1D00005460246194630462E44043518F066FAF4
:10B1E000AB440834E7E71FFA8BF2009253468A22F9
:10B1F00006214846FFF732FCBCE7000008B590F88E
:10B20000D0154B1E012B02460CD8FFF73DFF40B175
:10B21000012906D1D2F8F4351BB99368D88E00F015
:10B22000010008BD0120FCE713B5836893F93430B1
:10B230000446002B5BD0406803689B6A98470D2842
:10B2400055D9D4F8BC351A0706D594F8D6251AB1C5
:10B2500023F00803C4F8BC3594F896345A1C84F8DB
:10B260009624192B00F24C81DFE813F01A006300DA
:10B270006B002200690067006D0020002800350087
:10B280004A004F0041009D006F007100740076007D
:10B2900082008900A700E400E900090129013501C5
:10B2A000072201212046FFF73DFC12E02022F8E7AB
:10B2B000204602B0BDE81040FFF722BC94F8C0352C
:10B2C000FF2B14D100230093302201212046FFF7E9
:10B2D000C5FB60B9C8E0A36893F93030022B08D0F1
:10B2E00000230093162206212046FFF7B7FB02B089
:10B2F00010BDD4F8BC3523F48053C4F8BC35F6E750
:10B300000023009324220621E0E72046FFF7BCFE3D
:10B31000034658B1236994F8D72593F901309A422E
:10B32000E5D0D4F8BC3543F40023E6E700903E2294
:10B33000E9E7002300930822E5E70222B1E70322B0
:10B34000AFE70622ADE71222ABE70422A9E7092204
:10B350000A21A7E70B22FBE7A36893F9323023B950
:10B36000D4F8BC3523F48073C7E71022022199E793
:10B37000A36893F93230002BF2D01522F6E794F847
:10B3800098345BB95F4B1B68DB6A93F89C302BB930
:10B39000204602B0BDE81040FFF738BDD4F8BC35F8
:10B3A00023F40073A9E72046FFF76EFE00289ED025
:10B3B00055492046FFF7B4FE8BE72046FFF764FEB1
:10B3C000002894D094F8D035012B19D1A3684F48A8
:10B3D000DB8E4F4903F00103002B4FF0070308BF3A
:10B3E000014600930CBF122215224FF40033204671
:10B3F000FFF744FC20B994F89634013B84F8963466
:10B4000094F8D035022B7FF472AFA3684148DB8EED
:10B41000414903F00103002B4FF00703009308BFDD
:10B4200013224FF4003314BF152201462046FFF7C4
:10B4300025FC4EE7D4F8BC3523F480235DE794F86F
:10B44000C03503F0FD03802B7FF451AF2046FFF79A
:10B4500005FD024600283FF44AAFD4F8FC1503234B
:10B460002046FFF77BFE28B994F89634013B84F818
:10B4700096343CE70BF090F8C4F8900437E794F862
:10B48000C03503F0FD03802B7FF431AF0BF084F85F
:10B49000D4F89034C01AB0F5FA7FE5D30023C4F88D
:10B4A00090342046FFF7DAFC024600283FF41FAF35
:10B4B00003230093D4F8FC154FF40023B6E794F867
:10B4C000C035822B7FF413AF0323009313494FF44D
:10B4D00080130822AAE794F8F835002B3FF407AF51
:10B4E000A368DB8E13F0200F4FF00303009314BF0B
:10B4F0000B490C494FF4001314BF0222012295E7B7
:10B500000023B4E70826002001000320088C03086C
:10B51000988C0308408D0308D88D0308B08B03086E
:10B52000F88B0308F08B030837B5069D0095044699
:10B5300001F0C0F8284B23604FF47F43A4F8963401
:10B5400041F6FF73C4F8BC35FF2384F8C0359DF87D
:10B550001C3084F8D035E168A068012384F8D33525
:10B5600084F8D53584F8D83500231A460978FDF7D4
:10B5700059F82046FFF758FE94F8D035012B1AD120
:10B58000A368DB8EDB0724D44FF43670F8F722FF74
:10B5900008B1D3230370C4F8F40530B9E3680F4948
:10B5A0001A7803200132F7F7F7F8D4F8BC3543F4E2
:10B5B0000033C4F8BC3594F8D035022B09D1D4F847
:10B5C000BC3543F40033C4F8BC35E368012283F88A
:10B5D0002C20204603B030BD888E03083C89030828
:10B5E0002DE9F04F2DED028B90F87A14052997B0D4
:10B5F000044640F0A08090F87554012D45D190F894
:10B600006230062B03D00A2B2FD000251BE090F8C8
:10B610006330242B1DD008D8092B0FD0162BF4D162
:10B62000D4F8BC3523F4805317E0312B18D03E2BCF
:10B63000EBD1D4F8BC3523F400630EE080F87B54E2
:10B64000002580F8D455284617B0BDEC028BBDE824
:10B65000F08FD0F8BC3523F48063C4F8BC35D4E750
:10B66000D0F8BC3523F48043F7E790F86330092B1A
:10B6700006D00B2BC9D1D0F8BC3523F08003ECE702
:10B68000D0F8BC3523F04003E7E7002DBDD190F89A
:10B690006230062BB9D190F863308A2B34D08B2BD3
:10B6A000B3D1D0F8DC65002EAFD090F9ED2590F83D
:10B6B000E005571C4FF001030DD184F8ED5584F8D7
:10B6C000F03594F9ED3583429FDA56F83310204671
:10B6D000FFF726FD99E7D4F8E45503FA02F1834019
:10B6E0002943013B9942C4F8E41501D0824207DBAB
:10B6F000D4F8BC35D4F8E81523EA0103C4F8BC3506
:10B70000013284F8ED25DCE7D0F8DC35002B3FF47E
:10B710007CAF90F9EE25C44953F832301A0C12046C
:10B720008A427FF472AFC268C049127804200132A5
:10B73000F7F732F887E706290ED190F87524162A14
:10B7400000F05B817FD8012A00F08081082A00F098
:10B750009A81002A00F0928194F87A240A2A40F013
:10B76000898294F8758408F0FD03092B3FF44DAFEE
:10B77000B8F1040F40F08B82012304F2B74684F83D
:10B78000983404F18001304604F2994718F0B0FC77
:10B7900004F18A051E2204F16201384618F0A8FC63
:10B7A0004346A34AF021284617F08EFF04F2B15811
:10B7B000002800F02482011D0822404618F098FC61
:10B7C0009C4BE2689C49CDE90167127801320092F6
:10B7D00006204246F6F7E0FF98490822304618F066
:10B7E00073FC002840F0188295490A22384618F068
:10B7F0006BFCE8B994F8C0359249802B1EBFD4F891
:10B80000BC3543F48033C4F8BC35802384F8C0359C
:10B81000D4F8BC3523F4006343F40023C4F8BC35EA
:10B820004046F5F7F5FC002840F0EB8184F8C105AF
:10B8300085490A22384618F047FC10B9812384F85C
:10B84000C0350127E9E13E2A41D08B2A00F0328140
:10B85000242A81D100238268A0F8623092F9243032
:10B860005D1C08D090F8641099421EBF80F86430C7
:10B870000123A0F8623092F93130B4F8625013F12C
:10B88000640F1BD094F96E209A4217D045F0020540
:10B8900084F86E30A4F86250242204F1620300920E
:10B8A00006212046FFF7DAF8D4F8BC3543F480636C
:10B8B000C4F8BC35012384F8D435A6E6002DEBD1BD
:10B8C000D4F8BC3523F48063C4F8BC35BBE6D0F8AB
:10B8D000108098F90160002E3FF4ABAEFFF7D4FB67
:10B8E000054600287FF4A5AE04F1620207AF04F11B
:10B8F0009A091346BE4610685168BC46ACE803007E
:10B9000008324A456746F6D11068CCF8000000229C
:10B91000114646FA02F0C00703D5012A1CBF0131C7
:10B92000C9B20132072AF4D14A0094F86560059241
:10B93000002722464FF0080ABE423FDD92F866C05B
:10B9400098F9010040FA0CF010F001004FEAC7012D
:10B950002AD0BCF1010F1DD094F863900598A9F18D
:10B96000030B9BFBF0F094F8C0B5C0B2BBF1040F21
:10B9700082F8670002D8BCF1020F12D082F86890FA
:10B980002144D1F86A0040F00100C1F86A00013793
:10B990000832D1E74FF0030082F867C082F86800F0
:10B9A000EEE782F868A0EBE7214482F8670082F8AE
:10B9B0006800D1F86A0020F00100E6E719463C2251
:10B9C0007046059317F062FE059B88B1F6000436B9
:10B9D00000963E2206212046FFF740F8D4F8BC35F9
:10B9E00043F40063C4F8BC35012384F8D4352AE657
:10B9F000D4F8BC3523F4006366E7836893F93050CC
:10BA0000022D3FF40DAE90F86230AB423FF408AE29
:10BA1000034603F8625F08250095FFF71FF8D4F886
:10BA2000BC3543F4805343E70000311068890308B4
:10BA300090890308F60E040895890308B189030864
:10BA4000BA890308C5890308D5890308B0F8763494
:10BA5000082B10D190F89734052B02D9FFF750F836
:10BA6000D3E5034493F8643094F8632094F86210AB
:10BA7000FFF79CF8C9E590F86430F5E790F862307C
:10BA800080F89734C1E50369B0F86220B3F9023059
:10BA90009A4207D1436E012B04D1D0F8BC3523F074
:10BAA0000103DAE52046FFF7BBF9D4F8BC3543F0D3
:10BAB0000103FDE6B0F87634DFF8F8A3043BDBB20F
:10BAC00000F16607042B7FF647AEB846043B58F8F2
:10BAD000049BDBB2D145059315D13B79002B72D085
:10BAE0004FF000038DF81C3007AA0723514620466B
:10BAF000FFF7D4FA012384F8D435D4F8BC3543F4E5
:10BB00008033C4F8BC3549462046FEF77FFF054622
:10BB10002046FEF76FFF002D06464BDBD4F8DC25F0
:10BB20002BB202EBC303059A824203F1040B0DD33F
:10BB3000012804D15B683A795340D90706D43246CC
:10BB40004146584617F0A2FD002841D094F8EC3544
:10BB50005A4649462046FFF7A1FAD4F8BC35D4F836
:10BB6000E82584F8EE551343C4F8BC350122D4F817
:10BB7000E43584F8D42502FA05F123EA0103C4F878
:10BB8000E43594F9ED35002B14DB94F8E0158B4285
:10BB900010DAD4F8DC2552F8330048450AD10133D5
:10BBA0005BB2994284F8ED3504DD52F8331020463B
:10BBB000FFF7B6FA002E3FF428AD059B9B1BDBB2C6
:10BBC00008EB06077EE7D4F8BC3523F4803398E70A
:10BBD00094F8E025D4F8E405012303FA05F5934031
:10BBE000013B05439D4204BFD4F8BC35D4F8E82599
:10BBF000C4F8E45504BF9343C4F8BC35C1E7A84B6F
:10BC0000DFE5A8494046F5F703FB00287FF410AEB6
:10BC1000012384F8C1350BE60027A34908223046EA
:10BC200018F052FA10BB822384F8C035D4F8BC3522
:10BC300023F4006343F48013C4F8BC35012384F873
:10BC4000F0359A4A0423F021284617F03DFD0028DC
:10BC50003FF4DBAC012384F8F83595490620F6F76C
:10BC60009BFDD4F8BC3543F40013F6E4002F3FF4F9
:10BC7000CCACE6E7022A0ED194F87534102B04D12F
:10BC8000A36893F9323013B1BFE4152BF8D02046E6
:10BC9000FEF77EFFB9E4012AF9D194F87524122A3F
:10BCA00017D8012A1ED9931E102B1BD8DFE813F0DA
:10BCB0002900AD00DA001A00EB00BD011A001A00DD
:10BCC0001A001A001A001A001A001A001A001A00A4
:10BCD000CB02302A00F022833C2A00F02581202A62
:10BCE00000F0A68294F8D2550135EDB284F8D25511
:10BCF000002D7FF48AAC2B4601212046FEF72AFF57
:10BD0000A1E494F8D63533B1D4F8BC3543F002033E
:10BD1000C4F8BC3552E0D4F862109FED688A204622
:10BD2000FFF796F8D4F86230C4F88034E368D4F8AA
:10BD300066209A61E368D4F86A205A61E3680125B5
:10BD400083F85C50D4F86E10D4F87230E2685B1A55
:10BD500007EE903AF8EEE77A0A2367EE887A2046F3
:10BD6000C2ED167AD4F87220E16892FBF3F200F08B
:10BD700079FEE36894F8D3255A70D4F8762094F8C5
:10BD8000D13507EE102AB8EE477A2B4384F8D13527
:10BD900027EE087AE36883ED117AD4F87A20E36815
:10BDA00007EE902AF8EE677A67EE887AC3ED127A8A
:10BDB000E36883F85250E36883F85350E36893F8DC
:10BDC000543063B10AF0E8FBD4F8CC35C01AB0F5B2
:10BDD000C87F40F2CB82E368002283F8542094F8B5
:10BDE000D135D9077FF511AC9A07C3F340057FF52C
:10BDF0000CACD4F87C14D4F8802491427FF405ACC8
:10BE000023F0030384F8D1351DE4D4F862102046F2
:10BE1000FFF71EF894F8D6356BB1D4F8BC3594F81A
:10BE2000752423F00403C4F8BC3500230121204607
:10BE3000FEF790FEC2E794F86710E26811F0010F78
:10BE40000BD094F86630032B05D18A0700D5042364
:10BE500084F8D335B2E7022BFAD0012384F8D33526
:10BE60005370ABE7002384F8D535D4F86210204630
:10BE7000FEF7EEFFE368B4F86E20DA85E368B4F805
:10BE80006C201A869AE7D4F862102046FEF7E0FF8D
:10BE900094F8D635E268ABB1B4F86A3013818DE717
:10BEA000AE7E0308CD890308E0890308E989030809
:10BEB000EE890308010003200AD7233C6F12833A5E
:10BEC000ACC5273794F86D10CB0728D594F86C30A3
:10BED000032B22D18F0700D5042384F8D33594F89F
:10BEE000D5351BB1E368B4F88E20DA85E36894F8A1
:10BEF000912083F8322094F8D335012B7FF65EAF82
:10BF0000E5680AF049FB2866E368D4F862205A60C5
:10BF1000E368B4F86A201A8150E7022BDDD00123D0
:10BF200084F8D3355370DAE794F8D035022B7FF4D8
:10BF300045AFD4F866102046FEF78AFFD4F8663085
:10BF4000C4F8C835D4F89E3040F235129A4367D110
:10BF500013F0C80F64D1D4F872305FED298A1FED59
:10BF6000288A01EE103AD4F8763000EE903AD4F8F0
:10BF70007A3000EE103AB8EEC11AF8EEE00AB8EEE8
:10BF8000C00A21EE281A60EEA80A20EE080A204610
:10BF900000F064FD90B1E368012283F85520D4F8E5
:10BFA0009620E36806EE902AF8EE666A66EE886AE6
:10BFB000C3ED136A0AF0F0FAC4F8CC05D4F87A207D
:10BFC000E36806EE902AF8EEE66A66EE886AC3ED4C
:10BFD000276AD4F87620E36806EE902AF8EEE66A3F
:10BFE00066EEA86AC3ED286AD4F87220E36807EE0B
:10BFF000102AB8EEC77A27EE287A83ED297AD4F88A
:10C000009620E36807EE902AF8EE677A67EE887A62
:10C01000C3ED2A7AE5680AF0BFFAC5F8AC00CDE6B0
:10C02000E368002283F85520C8E6D4F8BC35D4F87C
:10C0300062101FED5E8A23F004030125C4F8BC35AD
:10C04000204684F8D655FEF703FFD4F86230C4F8D2
:10C05000C435C4F88034E368D4F87A209A61E36880
:10C06000D4F87E205A61E36883F85C50D4F88210DB
:10C07000D4F88630E2685B1A07EE903AF8EEE77A79
:10C080000A2367EE887A2046C2ED167AD4F8862015
:10C09000E16892FBF3F200F0E5FC94F87630052BB2
:10C0A00000F2C380DFE803F0C1C1039FB8C1E368B9
:10C0B00002225A70E2681FED7E0A537884F8D33565
:10C0C00094F8D13543F0010384F8D135D4F88A309F
:10C0D00007EE903AF8EE677A012567EE887AC2EDAE
:10C0E000117AD4F88E20E36807EE902AF8EE677A8A
:10C0F00067EE887AC3ED127AE36883F85250E368FA
:10C1000083F85350E36894F8792083F83220D4F808
:10C110009E20D4F86230C4F87C3407EE902AF8EE02
:10C12000E77AE36867EE887AC3ED077AD4F8A2303D
:10C13000E66807EE903AF8EEE77A27EE800AF9F71C
:10C1400087FA86ED080AE36883F85050D4F8922005
:10C15000E36807EE902AF8EEE77A67EE887AC3ED97
:10C160000D7AD4F89620E36807EE902AF8EEE77A85
:10C1700067EE887AC3ED0E7AD4F89A20E36807EE6A
:10C18000902AF8EEE77A67EE887AC3ED0F7AE368D3
:10C1900083F85150D4F8A620E36807EE902AF8EE11
:10C1A000677A27EE888A83ED108A94F8D13543F0B8
:10C1B000020384F8D13594F8D5353BB1E368B4F87F
:10C1C000AE20DA85E368B4F8AE201A8694F87630AB
:10C1D000012B03D9E5680AF0DFF92866E368D4F893
:10C1E00062205A60EAE5E36803225A7094F87730D7
:10C1F0009E0742BFE36804225A7094F877305D06C8
:10C2000042BFE36805225A7094F97730002BBFF6DD
:10C2100051AFE36806224CE794F87720574906208F
:10C22000F6F7BAFAE368032243E7E3685D7041E793
:10C230002046D4F86210FEF70BFE94F86D30980794
:10C240007FF5BCAD64E694F8D63523B1D4F8BC359F
:10C2500043F010035CE5D4F862109FED498A204654
:10C26000FEF7F6FDD4F87620D4F86230C4F87C34BA
:10C2700007EE902AF8EE677AE3689FED420A67EED0
:10C28000887AC3ED077AD4F87A30E56807EE903AF9
:10C29000F8EEE77A27EE800AF9F7DAF985ED080A71
:10C2A000E368012583F85050D4F86620E36807EE70
:10C2B000902AF8EEE77A204667EE887AC3ED0D7A89
:10C2C000D4F86A20E36807EE902AF8EEE77A67EE82
:10C2D000887AC3ED0E7AD4F86E20E36807EE902AD0
:10C2E000F8EEE77A67EE887AC3ED0F7AE16800F03E
:10C2F0003FFAE36883F85150D4F87E20E36807EEF4
:10C30000902AF8EE677A67EE887AC3ED107A94F88F
:10C31000D13543F0020384F8D1354FE5D4F86210EB
:10C320002046FEF795FD94F8672002F00702022AE6
:10C3300084F8C0250FD88AB1D4F8BC3523F4006343
:10C34000C4F8BC35D4F8BC3523F40073C4F8BC354C
:10C35000302200236AE5D31E012BF3D90A4B0B4987
:10C360001B68986903681B689847EBE7D4F8C825F1
:10C37000D4F8C4359A427FF448A930E5068A030808
:10C380000AD7233CACC52737082600201A8A0308A1
:10C390002DE9F74304460AF0FFF8D4F88C34B4F8DA
:10C3A0009424C31A9342054666D32046FEF73CFF09
:10C3B000D4F8BC35C4F88C54002B32D0C823A4F870
:10C3C0009434606803685B699847B0F5005F28BFE4
:10C3D0004FF40050002685B237464FF00808B3B23C
:10C3E0009D4257D9606803680DF10701DB699847E2
:10C3F00000284FD0D4F8F405002842D19DF807302A
:10C40000002019464FEA032C4FF0060E94F87424CE
:10C41000082A48D8DFE802F04C42525C6D7E9FBC8F
:10C42000C3004FF4FA63A4F89434A36893F933304B
:10C43000002BC6D094F87B24002AC2D194F888241B
:10C44000042ABED8D4F8840441F288322D1A9542C9
:10C45000B7D95D4A1268D26A92F89C20002AB0D1FE
:10C46000012B05D0022BACD194F8D435002BA8D0E9
:10C470002046FEF74FFCA4E7D4F8BC35002BA0D132
:10C48000D3E79DF8071000F08DFB0028B6D00023FD
:10C4900084F87434384603B0BDE8F083622B04D1CD
:10C4A000022384F87434013699E7002284F8742456
:10C4B000B52BF8D194F874340133F2E7032284F8F1
:10C4C000742484F87A3484F8723484F87334EAE794
:10C4D000042284F8742494F8722494F8731484F871
:10C4E00075341A44D2B284F872240A4484F873244E
:10C4F000D9E7052284F8742494F87224A4F87614F9
:10C50000134494F87324DBB284F87234134484F82F
:10C510007334C8E794F8722494F8739484F874E43C
:10C520001A44D2B284F872244A4484F87324B4F8CA
:10C530007624624492B2B2F5826FA4F8762404D9CC
:10C54000A4F8760484F8740460E7A4F87804002A58
:10C55000A9D10723A5E794F8722494F873141A4418
:10C56000D2B284F872240A4484F87324B4F878248C
:10C57000B2F5826F3CBF121982F86230B4F8783499
:10C58000B4F8762401339BB2A4F878349A4290E749
:10C5900094F8722484F874849A42D3D183E70022F9
:10C5A00084F8742494F873249A427FF47CAFD4F80E
:10C5B000F40508B100F07CFA2046FFF711F80028D6
:10C5C00018BF07466FE700BF08260020032070470A
:10C5D00037B5054640680191144668B103689B6A07
:10C5E0009847A04208D9686801990368DB68224629
:10C5F00003B0BDE83040184703B030BD2DE9F0412D
:10C6000003468CB0DB681A78084622B1012A2AD08A
:10C610000CB0BDE8F081D3E922ECD3E9247693F89D
:10C620008510B3F87C50D3F8788093F88440D3F821
:10C6300098300993CDE905ECCDE907768DF82E10F9
:10C6400023231921CDE90328CDE90031ADF82A20B3
:10C650008DF82C20ADF828508DF82D4003AA7F21AD
:10C6600004F038F8D4E793F8841093F88520B3F8F1
:10C670007C40D3F87880D3E922E5D3E92476D3F857
:10C68000983009930023CDE90338ADF82A308DF8AE
:10C690002C308DF82E202323E222CDE900328DF8B4
:10C6A0002D10CDE905E5CDE90776ADF8284003AAC0
:10C6B0008021D5E710B504460C4820600298C4E9F3
:10C6C0000332C4E9010164224FF4FA7104F120003D
:10C6D00000F03AFEE268002382F85130E26882F806
:10C6E0005230E26882F85330204610BD248F030890
:10C6F00010B590F8443013B9C368586810BD046D84
:10C700000CB9006CFAE7D0E912014FF47A720023F9
:10C71000F4F7ECFA2044F1E738B52DED028BC5684B
:10C72000DFED127A95ED088A28EE278A0446B0EEEE
:10C73000480A15F047FCD5ED077A27EE800A85ED0B
:10C740000D0AE568B0EE480A15F074FCD5ED077ADD
:10C7500027EE800A002285ED0E0AE368DA63E368BB
:10C76000002283F85020BDEC028B38BD35FA8E3C98
:10C7700010B5D1ED0D0A91ED0E0A0C4615F094FCA2
:10C78000DFED077A20EE270AF8F762FF04F13400A4
:10C7900084ED080A0AF072FB84ED070A10BD00BFA1
:10C7A000E02E6542F0B5C468164E25788468366878
:10C7B0000368F66A5B6B4FF0140C0CFB054E87B0F8
:10C7C0009EF830E1CDE904126F1CBEF1000F0FD0CE
:10C7D0000CFB0544D4F82C419847DDE90412CDE95F
:10C7E0000104094B00973046F8F716F907B0F0BD81
:10C7F0009847DDE90412CDE90070044B3046F8F7A4
:10C800000BF9F3E708260020E08E0308028F0308E7
:10C8100000B58FB001A93322FFF7C4FF034901AA75
:10C820000620F5F7B9FF0FB05DF804FBAE890308E9
:10C830002DE9F341036C8B420446884675D0D0E95C
:10C840000676012380F8443057EA0603016420D0BD
:10C85000C3685B78012B1CD900220023C0E90623A2
:10C8600009F09AFE656DA26D60653223C5F1190568
:10C870000544B5FBF3F55D43E36DAB4219D1B4F864
:10C880006030042B11D80133A4F86030A36D0BBBCA
:10C8900015E0606830B1036891B29B6D9847074618
:10C8A0000E46DDE709F080FEF9E79542EED0A5657A
:10C8B000ECE70023A4F86030E565002A38D1E3688E
:10C8C000A0681978FCF774FAC822322100B2F8F790
:10C8D00021FFA065A36D05EB5302B2FBF3F25A43AF
:10C8E000D4E912134FF47A756A43521843F10003E6
:10C8F000C4E91223CDE9007604F1200000F028FD00
:10C90000E368C3E91A01E368012283F87020E36851
:10C910005B78934209D9D4E912014FF47A7200236B
:10C92000F4F7E4F9A8EB0000206502B0BDE8F0815F
:10C9300023684FF47A719B6CB1FBF2F12046C9B2C7
:10C940009847A3E730B52DED028B87B00D7880684E
:10C950000023242203930493059302FB05030C4652
:10C9600093F91410F0EE408AB0EE608A69B10129A3
:10C9700066D001F0CFF940F25D124FF4801101F062
:10C98000B5F9002384F8543054E0042312FB053138
:10C9900085F0010512FB053201441044F8F7E8FE6A
:10C9A0008DED030ACDED040A8DED051A03A8F9F704
:10C9B00015FA9FED277AB4EEC80AF1EE10FAB4EE3C
:10C9C000C70A54BFF0EE487AF0EE407AF1EE10FA62
:10C9D000D7D4B4EEC78AF1EE10FAD2D49FED1D7A07
:10C9E00070EE480A67EE877AF0EEE00AF4EEE70AA6
:10C9F000F1EE10FAC5DC9DED037ADDED047AB1EEBF
:10CA0000477AF1EE677A01A88DED017ACDED027AD1
:10CA10000AF024FADFED107AE0EE678AB0EE680AD9
:10CA2000F8F716FE012384ED090A84F8543009F062
:10CA3000B3FDA06294F8540007B0BDEC028B30BD8A
:10CA4000183393E8070006AB03E90700AEE700BF21
:10CA5000CDCC4C3DCDCC4C3EE02E6542C168FFF7BD
:10CA600071BF00008368DB8EDB0607EE902A0CD5D1
:10CA700091F85C304BB1D1ED166A9FED057AF8EE76
:10CA8000E77AE6EEC77AFDEEE77AC1ED047A704701
:10CA90000000C84210B50023044643608360C360B1
:10CAA0000249FAF771FE204610BD00BF748F0308DB
:10CAB0000023A0F8D432A0F8D232A0F8D6327047C2
:10CAC00010B5B0F8D6320446ABB1B0F8D2229342DA
:10CAD00012D2591CD21A0144013016F017FEB4F8D4
:10CAE000D232B4F8D6229B1AA4F8D2320023A4F88A
:10CAF000D632A4F8D43210BD0023F5E7B0F8D63210
:10CB00000BB1431C0B60B0F8D602704770B5B0F89B
:10CB1000D2620446721E10F8021BF4F729FB01468C
:10CB2000B0B1601C0D1AAAB2B21A16F0EFFDB4F83B
:10CB3000D2325B1B9BB2022BA4F8D23206D9638897
:10CB40005BBAC3F30903A4F8D43270BD0023FAE73B
:10CB5000A4F8D402A4F8D202A4F8D602F5E70000A3
:10CB600038B5B0F8D4120B1D034442189D781279E1
:10CB70005B78033145EA0245044689B2013045EA53
:10CB800003250AF049F9854204D02046FFF7BEFF8D
:10CB9000002038BDB4F8D4320633A4F8D6320120D0
:10CBA000F7E7000038B504460D46FFF789FFB4F8F3
:10CBB000D23233B1627823789A4202D02046FFF70E
:10CBC000A5FFB4F8D23223B92378AB4207D00020B6
:10CBD00038BDB3F5347F02D32046FFF797FFB4F892
:10CBE000D222531C22449BB2A4F8D2325570B4F81E
:10CBF000D4225AB9022B09D963885BBAC3F309035B
:10CC0000A4F8D43213B92046FFF780FFB4F8D43229
:10CC1000002BDCD0B4F8D22205339342D7DA204679
:10CC2000BDE83840FFF79CBF006800BA70470000BD
:10CC300007B5036842681BBA12BA6846CDE90023FB
:10CC4000F8F78CFD51EC100B03B05DF804FB00000D
:10CC500007B5FFF7E9FF019001A8F8F77BFD03B0E6
:10CC60005DF804FB00F1730208B503465018FFF7A6
:10CC7000DBFF1860081D1044FFF7D6FF19449880A9
:10CC800091F87920DA8091F87A201A7291F87B2055
:10CC90005A7208BD70B500F17306044656FA81F069
:10CCA000CDB2FFF7C5FFC4F80B0005F10800C4F8CA
:10CCB0000F1056FA80F0FFF7BBFFC4F8130005F120
:10CCC0001000C4F8171056FA80F0FFF7B1FFC4F84F
:10CCD0001B00C4F81F1070BDF8B54318044693F844
:10CCE000733080F82330DA070D4611D5CFB200F14A
:10CCF0007306781C56FA80F0FFF7AAFF07F10900C7
:10CD000084ED090A56FA80F0FFF7A2FF84ED0B0AC2
:10CD100094F823305B0708D504F17300053550FA09
:10CD200085F0FFF795FF84ED0A0AF8BD10B50431D0
:10CD30000446733050FA81F0FFF78AFF84ED0E0A43
:10CD400010BD000070B5CCB2054600F17306201D81
:10CD500056FA80F0FFF77CFF04F1080056FA80F0E5
:10CD600085ED120AFFF774FF103485ED130A56FAA9
:10CD700084F0FFF76DFF85ED150A70BDF8B590F8EA
:10CD80007130402B064631D10325002496F87230CD
:10CD9000AB422CD97319023593F8747093F8733041
:10CDA000013B0B2B0CD8DFE803F0060D0B0B0B0B34
:10CDB0000B12170B0B1C29463046FFF753FF0134AB
:10CDC0003D44E3E729463046FFF764FFF7E729468D
:10CDD0003046FFF781FFF2E729463046FFF7A6FF0E
:10CDE000EDE729463046FFF7ADFFE8E7002420468F
:10CDF000F8BD000010B5C36E013B1446052B04D8E6
:10CE0000DFE803F0101A1E223746022901D0002065
:10CE100010BD0123C366002380F8753180F8763198
:10CE20001846F5E780F870100223C36690F8763153
:10CE3000194480F87611EAE780F871100323F4E7CB
:10CE400080F872100423F0E790F87531C2180133AE
:10CE500082F8731090F87621114490F8722080F8CF
:10CE60007611DBB29A4280F875319CBF0523C36608
:10CE7000CDE70623C36690F8763180F873118B42B4
:10CE8000C5D1FFF77BFF844218BF4FF0FF30BFE7EB
:10CE9000002380F87411C366C2E7000010B5044B8C
:10CEA000044918600446FAF76FFC204610BD00BF25
:10CEB000704B00203090030890F8533063B9012381
:10CEC00080F85330054800684FF40073006C8022EE
:10CED0004FF4E131F7F7B8BC704700BF08260020D7
:10CEE00004299FBF034B10311B6853F8210088BFF2
:10CEF0000020704708260020002850DD6F2846D00B
:10CF00001BDC132845D00EDC431E082B11D8082B40
:10CF100033D8DFE803F0410532363232323239009D
:10CF20004FF416607047392839D064283AD0262843
:10CF30003AD04FF47A7358437047B0F5FA7F36D041
:10CF400010DCB0F5807F34D006DC732834D0E628BE
:10CF5000EFD14FF461307047B0F5E67FE9D14FF47F
:10CF6000E120704740F2DC53984228D0B0F5FA6FC8
:10CF700027D040F29933984225D0B0F5FA6FD8DD2A
:10CF800070474FF4965070474FF4165070470F4853
:10CF900070474FF4964070474FF4966070474FF4D7
:10CFA000614070470A4870474FF41640704709487F
:10CFB00070474FF47A3070474FF4E13070470648BD
:10CFC0007047064870474FF46120D9E7FCB1010073
:10CFD000A086010020A1070060E3160080841E00E7
:10CFE0000068FFF789BF0000914215D0CBB2581EF0
:10CFF000012801D92B2905D1511EC9B201290BD90C
:10D000002B2A09D0053B012B08D8501FC0B201289C
:10D010008CBF00200120704701207047002070471E
:10D020002DE9F84300250446894617462E4600F1AF
:10D03000060818F9352049462046FFF7D5FF38B1D4
:10D04000B74203D104EBC500BDE8F8830136F6B260
:10D050000135052DEDD10020F6E7000010B5FFF7F2
:10D06000DFFF78B1C379092B0CD8074A1033126857
:10D0700052F8234024B1236881885B6B204698478F
:10D08000204610BD0024FBE7082600200E4B70B59B
:10D090001D68CBB2092B0C4612D8103355F823204B
:10D0A00000EBC103116810464E6B9988B04750B928
:10D0B000A8690649036822461B68BDE87040184706
:10D0C00000231B68FFDE70BD08260020A48F030824
:10D0D0002DE9FF410646FF2303A951308DF80C309E
:10D0E000FBF714F8B379013B012B84BF0223B37122
:10D0F0003046FFF7E1FE674B1B68019306F1080518
:10D100004FF001087327019A08F1100352F82340E9
:10D1100085F807803CB31FFA88F13046FFF7B6FF69
:10D1200095F9063001332C2B00F2AC80DFE803F0D8
:10D130001725252530373939414BAA37AA56AA5E1B
:10D140006084AAAA93AAAA50AA9DAAAAAAAAAA1BBC
:10D15000AAAAAAAAAAAAAAAAAAAAAAAA2500236827
:10D160002046DB6F984708F10108B8F1050F05F17B
:10D170000805C8D104B0BDE8F0812846FFF730FFAC
:10D180004FF48073014680222046F7F75DFBEAE703
:10D190000923039303A92846FBF71EF8E3E7392385
:10D1A000F7E72846FFF71CFF102301464FF4807273
:10D1B000EAE703A928460397FBF70EF880231A46EF
:10D1C0004FF4E131E0E703A928460397FBF704F8A1
:10D1D0002846FFF705FF80230146D4E7092303A96A
:10D1E000A81D8DF80C30FAF777FFBCE70397D1E75D
:10D1F000642303A928460393FAF7EEFF2846FFF7B6
:10D20000EFFE2023014610222046F7F71DFB23687E
:10D2100002215B6C20469847236802219B6C2046C4
:10D22000984723680121DB6C20469847236800213A
:10D23000DB6B2046984796E703A928460397FAF741
:10D24000CBFF2846FFF7CCFE1E2301461A46204698
:10D25000F7F7FAFAEAE72846FFF7C2FE802301460D
:10D260001A462046F7F7F0FADBE703A928460397AA
:10D27000FAF7A2FF2846FFF7B3FE102301464FF44A
:10D280000072E4E72846FFF7ABFE01462046F7F7B9
:10D29000E7FA68E70826002070B51E4690F951307D
:10D2A000002B04460D4601DA002070BD90F95010A5
:10D2B0000029F9DBC9B2FFF713FE286094F851107A
:10D2C0002046FFF70DFE10602B68002BECD00028E5
:10D2D000EAD094F8500094F85120042894BF04EB4D
:10D2E000C0000020042ADFD804EBC2050028DBD0F0
:10D2F000FFF776FE049B18602846FFF771FE059B3A
:10D30000186094F9523023EAE37333700120CCE7BC
:10D3100007B5FF230DF1070151308DF80730FAF7FB
:10D32000D1FE03B05DF804FB10B504299EBF00EBED
:10D33000C104A27140F8313010BD0000014B1868E3
:10D34000704700BF704B0020018042807047000092
:10D350002DE9F043DDE9074C017EA71A6CEB0306CB
:10D3600029B1D0E90251AF4276EB010103DAC0E9FD
:10D37000027601210176D0E90251B0F800E04FF4C5
:10D380007A78551908FB0EFE43EB01011EEB0509E7
:10D3900041F10008A14578EB0C0809DAB4EB0E0462
:10D3A0006CF10001A21A61EB0303C0E902232546D8
:10D3B000438B0BB9C0E90476D0E90442A74276EB6F
:10D3C0000202B8BFC0E90476428801339BB29A4298
:10D3D000438301BFD0E90423C0E902230023438330
:10D3E0002846BDE8F08300004FF0FF33002110B560
:10D3F000002243610446417200F12003E830D970F5
:10D400009A60DA601A615A629A62DA621A635A633F
:10D410009A63DA631A645A645A659A65DA65643302
:10D420008342ECD1044B1A6822B904491C6020469F
:10D43000FAF7AAF9204610BD744B0020309103087A
:10D4400090F8221029B90123438411708371184682
:10D4500070470020704700004FF000007047000048
:10D4600041B10379012B05D05A1C027140F82310F9
:10D47000012070470020704738B5054690F822001B
:10D4800058B10023012009F0A3FA00210446A86B3B
:10D4900009F0AEFA231A5842584138BD11B990F834
:10D4A000210070470020704738B590F905300446D8
:10D4B00033B390F803311BB300252279EBB29A42C3
:10D4C00006D954F8230003689B6898470135F4E7B0
:10D4D00009F062F8A36EC01AB0F5FA7F94F9E8304B
:10D4E0002CBF0020012084F8210013B1002384F810
:10D4F000053194F805112046BDE83840FFF7CEBF4E
:10D50000002038BD024690F90500B0B192F8030141
:10D5100098B1D2ED0D7A9FED097AF4EEC77AF1EE6B
:10D5200010FA09D4B7EE087AF4EEC77AF1EE10FAE1
:10D53000D4BF01200020704700207047ABAA2A3FCB
:10D54000836B1BB100213830F9F724BA7047000013
:10D55000014B1868704700BF744B002010B504469B
:10D56000006810B103685B689847204610BD000052
:10D5700010B50446006810B103685B689847204600
:10D5800010BD000070B5D0F8F45015F4803588B0A7
:10D59000064621D120222946FFF76EFF0446E8B156
:10D5A000CDE906550022069B0493114604A8CDE957
:10D5B000052200F05BFB01463046FFF751FF04A84F
:10D5C000FFF7CCFF05A8FFF7C9FF06A8FFF7D0FFBC
:10D5D00014B107A8FFF7CCFF08B070BD074B1B685C
:10D5E000596804220B68CDE90102054A00921D68C2
:10D5F0000246202306A8A847D4E700BF082600203B
:10D60000801A060010B50446FFF7BCFF23790BB162
:10D61000A37943B9044B05491B6898690368BDE8C1
:10D6200010401B68184710BD08260020F090030822
:10D6300010B590F9053004461BB3012380F804317E
:10D64000836B13B1002280F804212364A37923B9EA
:10D650002046FFF7D7FFA3794BB10A4B1B68986AA6
:10D66000036864215B6898472046FFF71DFF94F824
:10D67000223003B9A363012384F80331002384F823
:10D68000043110BD08260020064B10B50360044687
:10D69000FFF75EFF606004F1080008F029F92046FA
:10D6A00010BD00BF88910308F7B5054664276C6874
:10D6B000164607FB024306FB0744084693F8701022
:10D6C0000190F8F7FBF894F92030019833B96B68B2
:10D6D000597A03B0BDE8F040F8F7F0B894F8241098
:10D6E000F7E700002DE9F04146684FF0640807466F
:10D6F0000D4608FB0261144628312846F8F75EF80B
:10D7000078682146FFF7FEFE40B108FB046494ED03
:10D710000D0A2846BDE8F041F8F76AB8BDE8F08187
:10D7200010B54368642404FB023407C904F15C03A8
:10D7300083E8070008F030FFA06608F027FFE066E6
:10D7400010BD0000F0B5074685B00D46164600F145
:10D750000801A92203A8F6F7D1FF7C68642303FB24
:10D760000543D3F8802022B903A8F6F7E3FF05B0FC
:10D77000F0BDBEB196ED007AD3ED1D7A67EE877AE3
:10D78000C3ED1D7A96ED017AD3ED1E7A67EE877AA6
:10D79000C3ED1E7A96ED027AD3ED1F7A67EE877A93
:10D7A000C3ED1F7A642607EE902A06FB054174310B
:10D7B000B8EE670A08460191F8F72EF801992A4653
:10D7C0003846FFF7ADFF06FB05410023CB678B67AB
:10D7D0004B670023C1F88030C6E700004068FFF7C0
:10D7E0002FBE0000F7B5064640680192642707FB8C
:10D7F00001000D46383001A91446FAF7F9FC7168AA
:10D8000007FB0515EC6303B0F0BD000013B54368DA
:10D8100064200C4600FB013191F92010022908D048
:10D8200020330DF1070104FB00308DF80720FAF7D3
:10D8300049FC02B010BD00004368642000FB0131C8
:10D8400081F8702070470000F8B5054608460F467D
:10D85000F8F710F810B100242046F8BD3846F7F765
:10D86000EFFF04460028F6D16B6893F9F8607EB1AB
:10D870003846F8F7B3FA95ED087ADFED1F7AF0EE47
:10D88000C76AF4EEE76AF1EE10FA03D585ED080AEF
:10D890000124E1E777EE407A30EE076AF0EEE77AAE
:10D8A000C7EE866AF6B207EE906A9FED146AF8EE4C
:10D8B000677A26EE866AF4EEC67AF1EE10FA48BF71
:10D8C000B2EE046ADFED0E7A45BF6B6A66EE866AD9
:10D8D000B0EE676A87EEA66A46BF01336B62012429
:10D8E000F7EE007A77EEC67A20EE060AA7EE270A50
:10D8F00085ED080AB0E700BF00000034000048438F
:10D90000CDCCCC3D2DE9F74304460E4615461F46C7
:10D91000FFF7CAFE314620462A46FFF7E3FE3146AE
:10D920002046FFF791FF28B39B2204F1080101A8CC
:10D93000F6F7E4FE64684FF0640909FB054808F156
:10D94000740831464046F7F739FF09FB0542D2F823
:10D9500080100131C2F880104FB1B94207D3490895
:10D96000C2F88010B0EE000A4046F7F755FF01A854
:10D97000F6F7E0FE03B0BDE8F083000090F82C104D
:10D980000022FFF7DFBE0000F8B504460D4617463B
:10D990001E46FFF779FE074B23602B68A362002227
:10D9A0004FF07E532A6084F82D7084F82E60236334
:10D9B0002046F8BDCC9103087FB50446806A036811
:10D9C0005B6A984703689B689847A06A037A03F0EC
:10D9D0000703022B02D1802108F0F8FFA06A036838
:10D9E0000A219B6C9847A06A01230DF103020421D0
:10D9F00008F02EFF50B9A06A03685B6A9847036875
:10DA0000DB6898470025284604B070BDA06A012352
:10DA10000DF10202052108F01BFF0028EBD0A06ADF
:10DA200001230DF10502062108F012FF0028E2D0C3
:10DA3000A06A012301AA072108F00AFF0028DAD012
:10DA4000A06A01230DF10702082108F001FF002858
:10DA5000D1D0A06A01230DF10602092108F0F8FED9
:10DA60000028C8D09DF80230C82BC4D19DF80430DE
:10DA7000C82BC0D19DF805209DF8033013439DF8B5
:10DA800007201343B7D19DF80630C82BB3D10A2223
:10DA90000821A06A08F062FE012394220B21A06AEB
:10DAA00008F0B2FE012319467122A06A08F0ACFE0C
:10DAB000012300220421A06A08F0A6FE0123C82247
:10DAC0000521A06A08F0A0FE012300220621A06A19
:10DAD00008F09AFE0123C8220721A06A08F094FEEC
:10DAE000012300220821A06A08F08EFEC82201232B
:10DAF0000921A06A08F088FEA06A254B2363036809
:10DB000003219B6C9847A06A03685B6A9847036887
:10DB1000DB689847A06A112108F038FEA36A04F177
:10DB20002C0299682046FFF759FE054600283FF46D
:10DB30006AAFA36A94F82C109A682046FFF752FE49
:10DB4000144BA26A1B68527A9869134903681E68CD
:10DB500094F82C30B04794F82E2094F82C102046DE
:10DB6000FFF76AFE94F82D302BB194F82C100122A7
:10DB70002046FFF74BFEA06A029403689E6A074B9B
:10DB8000039304AB13E90C0043F2D401B0473AE726
:10DB90008988083E082600209491030869DC010862
:10DBA00010B588B004460123806A0DF107023421C4
:10DBB00008F04EFE002851D09DF90730002B4DDAB9
:10DBC000A06A092302AA242108F042FE002845D0B9
:10DBD0009DF809109DF808309DF80C209DF80E0066
:10DBE000D4ED0C6A090441EA03619DF80A3041EA68
:10DBF00003219DF80B30120442EA03629DF80D30B8
:10DC000042EA03229DF80F30091207EE101A1B0496
:10DC100043EA00639DF81000B8EEC77A43EA002398
:10DC200027EE267A1B1212125B4207EE903A8DED18
:10DC3000057A07EE102AF8EEE77AB8EEC77A67EEB3
:10DC4000A67A27EE267A94F82C208DED067A0A2300
:10DC500005A92046CDED077AFFF754FEA06A08F02B
:10DC60001BFE08B010BD0000FFF79ABF30B5134689
:10DC7000026885B00D461AB90024204605B030BDB3
:10DC800000210160342001930392F6F7A3FB0446C0
:10DC900020B1019B2A4603A9FFF776FE03A8FFF7F0
:10DCA0005DFC002CE8D02046FFF786FE05460028E4
:10DCB000E3D1236820465B6898472C46DDE70000E7
:10DCC00010B5044B044640F8283BFFF747FC2046BC
:10DCD00010BD00BFCC91030810B50446FFF7F0FF5C
:10DCE0002046F6F77FFB204610BD000010B5036804
:10DCF000028119434368016001334360044B1B6890
:10DD0000DC6AA162D96A40688885DB6ADA8510BD61
:10DD10000826002000487047784B002070B5792213
:10DD200004464FF400010E480E4EFFF7DFFF0E4B86
:10DD30001D6833783BB9E86A04222146483008F070
:10DD400035FC01233370EB6A2A2283F84620EB6A04
:10DD500093F89C301BB90548214608F0F1FB70BDD3
:10DD6000784B0020844B002008260020D89103081F
:10DD700010B509490446F3F74BFA28B10749204684
:10DD8000F3F746FA28B90120054B142202FB0030B4
:10DD900010BD0020FCE700BFEC9103085B110408F4
:10DDA000ACE703082DE9F0418846FFF7E1FF05469F
:10DDB00008B9002409E08668701C13F021F90446B4
:10DDC0000028F6D026B9C8F800602046BDE8F081EA
:10DDD0004FF4A16013F014F9064618B9204613F069
:10DDE00057F9E6E70022114600F08EF92B693360FF
:10DDF0006A68F46113447360AB68B361304600F045
:10DE000093F90746304613F043F9002FE6D1AA688C
:10DE10002146384608F0D6FFEB689842DED1AB6861
:10DE2000C8F80030D1E7000013F032B92DE9F74F00
:10DE300007460E46F3F7F6F9DFF874B005464FF0E3
:10DE4000140A00F101083488012C2BD8174A0AFB68
:10DE500004F3384652F803902A46494616F034F93E
:10DE6000E8B919F9052015B12F2A00D0BAB909EB84
:10DE700008022F211046019216F0EEF84CB138B18D
:10DE8000019A821A42445946484615F0FFFB30B1C8
:10DE9000012401343480484603B0BDE8F08F0134DA
:10DEA0003480D0E74FF00009F5E700BFACE7030886
:10DEB000EC91030810B50C46FFF75AFF10B18368C8
:10DEC0002360012010BD0000F0B50D46164689B054
:10DED00020220021044615F033FC2A4670198242A4
:10DEE00007D012F8011B34F81130013324F8113037
:10DEF000F5E72146002321F802396A4604F11E00A5
:10DF000031F8027F22F8023B81423B44F8D10023E2
:10DF1000B3420ED0E95C51B108AA02EB410131F8DD
:10DF2000202C501C103221F8200C24F81230013320
:10DF3000EEE709B0F0BD000010B5D0E90032934221
:10DF4000044603D25A1C0260187810BD83683BB1A6
:10DF500090F8292022B99847031E01DBD8B2F4E7D4
:10DF6000012384F829300020EFE7000010B5036991
:10DF70005A1E0446026123B9FFF7DEFF0723E06063
:10DF80002361E0684308E36000F0010010BD000079
:10DF90002DE9F0410746164661B1012505FA01F861
:10DFA0000024454507D23846FFF7E0FF00B12C4476
:10DFB0006D00F6E70C463019BDE8F0812DE9F84315
:10DFC000002380460E468F1C01F120091D46404665
:10DFD0005C00FFF7CBFF4F4504440FD037F8023BFE
:10DFE0005A19E31A08D52544B5F5907F06D21035A5
:10DFF00036F81500BDE8F8831546E8E76FF0020033
:10E00000F8E700002DE9F04F0E46D3B00521904609
:10E0100040F201120446FFF7BBFF0122052105462D
:10E020002046FFF7B5FF0422114607462046FFF7BA
:10E03000AFFF13228246002102A815F081FBDFF812
:10E04000C4B04FF00009D1450BD000220321204677
:10E05000FFF79EFF1BF8013B02AA09F10109D0540A
:10E06000F1E7132202A93046FFF72EFF05EB07095F
:10E070004FF0000ACA4538D231462046FFF79EFFCE
:10E0800000280ADB112829D012282BD010281ED1F5
:10E09000BAF1000F04D16FF0020053B0BDE8F08F69
:10E0A00002AB5344032213F8013C022120460193A2
:10E0B000FFF76EFF0AEB000BCB450246EBD8019B46
:10E0C000194602AB03EB0A0015F03AFB04E002AB81
:10E0D0000AF1010B03F80A00DA46CBE703221146E6
:10E0E0000023E3E70B220721FAE72A4602A930467C
:10E0F000FFF7EAFE02AB40463A465919FFF7E4FE45
:10E100000020CAE730E8030810B500234FF0FF34C1
:10E11000C0E90133C0E90F1280F8293003610363BD
:10E12000C4624364436310BD2DE9F0479F4DA04E88
:10E13000A04F0446E36A013340F094802046FFF785
:10E1400015FF0022206302212046FFF721FF01284E
:10E15000E0627BD10023A4F84830A4F84A30A4F848
:10E160004C30A4F84E30A4F85030A4F85230A4F843
:10E1700054301823A4F856309823A4F8583070234C
:10E18000A4F85A3004F168024FF4807322F8023B7D
:10E1900001339BB2B3F58C7FF8D104F198020023D0
:10E1A00022F8023B0133902BFAD14FF48C72A4F881
:10E1B000B82140F21912A4F8BA214FF48D72A4F8D4
:10E1C000BC2140F21B12A4F8BE214FF48E72A4F8B9
:10E1D000C02140F21D12A4F8C2214FF48F72A4F89E
:10E1E000C42140F21F12A4F8C62104F5E47222F8FB
:10E1F000023B01339BB2B3F5807FF8D1002320228C
:10E20000A4F8B222A4F8A832A4F8AA32A4F8AC3236
:10E21000A4F8AE32A4F8B03204F5327222F8023B10
:10E220000133202BFAD1636B002B40F08A8004F17C
:10E2300048012046FFF7C2FE94F82930BBB9FF28F9
:10E2400059DCE3695A1CE261C0B240E0022809D1FE
:10E2500004F52A7204F148012046FFF7D3FE002896
:10E2600040F09E80E36A2BB1013B012BDBD96FF0BC
:10E27000020095E0D4F834A0BAF1000F1CD120467A
:10E28000FFF75AFE81462046FFF756FE09EB0029AC
:10E290002046FFF751FE80462046FFF74DFE08EB73
:10E2A000002383F47F4383F0FF039945DFD109F115
:10E2B00001006063C4F810A0636B013B6363002B33
:10E2C00069D02046FFF738FEE3695A1CE2611870F6
:10E2D000E26B4AB1636C591C6164D054D4E91032CA
:10E2E0009A4201D100236364A0690138A06100282B
:10E2F0007FF420AF54E0B0F5807F4CD06FF4807392
:10E30000184435F81020315C2046FFF741FE04F533
:10E310002A7160632046FFF751FE002840DB264B40
:10E3200037F81020195C2046FFF732FEE36B002B14
:10E3300029D0226C904235D8636C181A48BF8018D7
:10E34000A063E16BE369A26BF9B1581CE0618A5CE0
:10E350001A70E36B5BB1626CA16B501C6064595C1A
:10E360009954D4E910329A4204BF00236364A36B2A
:10E37000226C01339342A36301D10023A363636B37
:10E38000013B6363B0E74042DAE79A5C1A70E369E5
:10E390000133E361F3E7236B002B3FF4CFAE0120A1
:10E3A000BDE8F0876FF00400FAE700BFD4E7030888
:10E3B00010E8030844E8030880E8030870470000F9
:10E3C0002DE9F3410C68144D94F900302F2B0F46C2
:10E3D00008BF0134012655F8361001910846F2F7BE
:10E3E00021FF5FFA80F801994246204615F06CFE45
:10E3F00068B904EB08033B6014F908202F2A04BF16
:10E4000001333B6005EBC60002B0BDE8F081013688
:10E41000042EE0D10048F7E7B4E803080B6805488C
:10E42000B3F5806F3FBF1A0ADBB20B6000EBC2008E
:10E43000704700BFB4E8030830B585B0CDE90221CC
:10E4400003A90193FFF7BCFF044640680168DDE9BA
:10E4500001320D680399A847011E09DBFF290ADD77
:10E46000606803685B68984715F00AF92223036027
:10E470004FF0FF3005E00448201AC0F3C70001EB5D
:10E48000002005B030BD00BFB4E8030807B5019116
:10E4900001A9FFF7C3FF4068019903685B689847CB
:10E4A00003B05DF804FB00001FB5CDE9022103A90C
:10E4B0000193FFF7B3FF40680168DDE901328C6822
:10E4C0000399A04704B010BD1FB5CDE9022103A9EF
:10E4D0000193FFF7A3FF40680168DDE90132CC68D2
:10E4E0000399A04704B010BD1FB5CDE9022103A9CF
:10E4F0000193FFF793FF40680168DDE901324C6941
:10E500000399A04704B010BD07B5CDE9002101A9CA
:10E51000FFF756FF40680368DDE900219B699847D3
:10E5200003B05DF804FB000007B5019101A9FFF7F6
:10E5300047FF406801990368DB69984703B05DF8BD
:10E5400004FB000007B5019101A9FFF739FF4068FE
:10E55000019903681B6A984703B05DF804FB00004B
:10E5600007B5CDE9002101A9FFF72AFF406803683C
:10E57000DDE900211B6B984703B05DF804FB000048
:10E5800073B5019191F90050044608462DB1F2F798
:10E5900049FE012821D12F2D1FD10023237084F89B
:10E5A0000131012384F8003101A92046FFF708FF5B
:10E5B00005460820F5F70EFF044658B16868019932
:10E5C00003685B6A98470646606048B92046F5F7DD
:10E5D00009FF3446204602B070BDFF232370E3E7F5
:10E5E00002482D1AED102570F4E700BFB4E80308C7
:10E5F0002DE9F843054600293FD00B78204E4968A5
:10E6000006EBC303586803689B6A9847044680B9C1
:10E61000DFF870806F1C2B78032B2ED856F83390C0
:10E62000B9F1000F08D100242B7801332B70002C96
:10E63000F1D02046BDE8F88399F90020402AF2D1B4
:10E6400006EBC3034146586803685B6A9847014676
:10E650000028E8D02B7806EBC3033C4658680368D3
:10E66000DB6A9847FF224946384607F09FFF95F836
:10E670000131013385F80131D6E70024D9E700BF25
:10E68000B4E80308AE7E030838B50C4671B10A78C9
:10E69000084B496803EBC20358680368DB6A984774
:10E6A00005462046F5F79EFE284638BD4FF0FF355B
:10E6B000FAE700BFB4E803082DE9F3410E4601A9CB
:10E6C00090460193FFF7AAFE05464068019903684A
:10E6D00000225C690123A047071E03DA002002B074
:10E6E000BDE8F08168680199036832469C6843463A
:10E6F000A0470028F2DD0023DCB2844256FA83F101
:10E7000006DA32570D2A03D00A2A03F10103F3D1A6
:10E7100000230B706868019902683C440134556914
:10E720002246A847231A58425841D8E7F0B500249A
:10E73000146091B01746234622460646FFF77CFE3A
:10E74000421C054620D040236A4629463046FFF742
:10E75000ABFE431C044606D129463046FFF796FE21
:10E76000002011B0F0BD3F28D4BF024640223868D7
:10E77000694608F015FB002C3860E4DC2946304679
:10E78000FFF784FE0120ECE72046EAE7002070470F
:10E790000020704700487047854B002010B5094C99
:10E7A000094B204640F8043B07F0A2F8074A084905
:10E7B000204613F001FC074B074A1A60074B084A32
:10E7C0001A6010BD204D002058E90308747C002019
:10E7D000BDE30108BC4C0020F8E80308884C002089
:10E7E00088EA0308002070474FF0FF3070470000B0
:10E7F0004FF0FF3070470000002070470020704746
:10E800004FF0FF30704700004FF0FF3070470000BE
:10E810000020002170470000002000217047000008
:10E8200000207047012070477047000000207047AB
:10E83000002070470329F7B506460D4617461C46CB
:10E8400004D8182303FB01031A793AB914F018FF0E
:10E85000092303604FF0FF3003B0F0BDD3F818C0B8
:10E86000BCF1000FF2D0D96846F21B72ADF800205F
:10E87000C1B1182202FB05629069D3688268234403
:10E88000934227D8182303FB05652246AB69186815
:10E89000EB683946184414F009FFEB682344EB6039
:10E8A0002046D9E7052CE4D93868009080B2B7F843
:10E8B00004E0DCF80830ADF804E09042D9D1BDF8AE
:10E8C00004209A42D5D9D21A604607F0E1FE00280A
:10E8D000CFD1BFE79A1A002107F0DAFE0028D1D184
:10E8E000B8E70000032938B504D8182404FB010454
:10E8F000257935B914F0C4FE092303604FF0FF30C9
:10E9000038BD012B08D0022B09D003B9E2601823CF
:10E9100003FB0100C068F3E7E3681A44F6E714F06C
:10E92000AFFE1623E9E700002DE9F04F2DED028B35
:10E930008FB054681F4600238A4615468DF8343040
:10E94000ACB914870DF11B0107AA2846F9F750FA54
:10E95000BAF80420A3B29A42804612D9013400B317
:10E9600007AA0DF11B012846F9F76CFAF0E7138F9F
:10E97000013313870DF11B0107AA2846F9F762FA44
:10E980008046BAF80630B8F1000F0AD0ABB12A8F32
:10E990009A4212D3002630460FB0BDEC028BBDE880
:10E9A000F08FBAF80660002EF4D12C8FF9F776FAC2
:10E9B0008442EFD0F9F7EEF8EDE70123009309AABE
:10E9C000102340462946F7F797FE05F1080308EEA5
:10E9D000103AE81D09AB0022D1B29B46059113F90C
:10E9E000014B10F9011FA14202D101320029F3D1DC
:10E9F0005846F2F717FC10F0FF03049307D1059B6C
:10EA0000013BDBB2059301230BF1FF3B04939AF822
:10EA10000130039363B19DF81B104046F8F70AF9E3
:10EA2000DDED070AF6F704FE80F00100C3B20393A0
:10EA30009DF81B00F7F7B8FC049B03F10209039B48
:10EA4000002B14BF0646002650FA89F2164401280E
:10EA50000446F6B215D96D68BAF802200635354479
:10EA6000B5FBF2F102FB11555DB1854209D2451BA0
:10EA7000EDB238462A46002114F062FE2E442F449F
:10EA8000F6B2039B9DF81B5045EA0312049B3A70B3
:10EA90005A1E059B43EA02127A705946049AB81C22
:10EAA00014F004FE2246414607EB090014F0FEFD77
:10EAB000039BB3B1013D042D13D8DFE805F0180323
:10EAC000181F1F00DDED077AFDEEE77A17EE903A8A
:10EAD000ADF8203004EB0900224608A9384414F0B0
:10EAE000E5FD18EE100A09A915F0C4FA53E7DDEDAB
:10EAF000077AFDEEE77ACDED087AEBE704EB090043
:10EB0000224607A9EAE700002DE9F04F064689B042
:10EB10000F461C46154642B93C222946184614F0B9
:10EB20000FFE012009B0BDE8F08F5B68934204D965
:10EB30003C220021204614F003FE94F81990B9F10C
:10EB4000000F1AD0D4F804A0A5EB0A08C84528BFC6
:10EB5000C8465FFA88FBD94508D008F11A01A9EB2D
:10EB60000802214404F11A0014F0D0FDA9EB0B09AE
:10EB700008EB0A0384F81990636004F11A086368CB
:10EB8000AB421BD0A5EB030A22466B463946304602
:10EB9000FFF7CAFE90B18245D14628BF8146824523
:10EBA00008D2A0EB0A03DAB262760DEB0901404607
:10EBB00014F07CFD63684B446360E0E76068431BCE
:10EBC00058425841AEE700002DE9F04F2DED028B81
:10EBD00003298BB08046894692461D4604D81823E7
:10EBE0004B43C61832795AB914F04AFD0923036021
:10EBF0004FF0FF3420460BB0BDEC028BBDE8F08F28
:10EC00000433C31808EE103AB3691BB114F038FD91
:10EC10001623ECE7F3880BB905B1F580F3880BB147
:10EC2000AB42F3D1182202FB098213693BB1D268CF
:10EC30009342C0F0AB809B1A9D4228BF1D4618230B
:10EC400003FB0983DB68052B00F2A28046F21B73ED
:10EC5000ADF80830F9F722F93389ADF80C00984285
:10EC6000D4D9C01A738980B2ADF80A001BB198429A
:10EC700088BFADF80A30182303FB0983D96873797C
:10EC8000C1F10604AC4228BF2C461BB146F21C73EE
:10EC9000ADF80830E4B202AB22461944504614F0F5
:10ECA00005FD182303FB09832D1BDA682244DA6073
:10ECB000A0D0A244182303FB098301275E69DA6808
:10ECC0007068063A0023022F06D0316C914203D3BC
:10ECD00081424FF002075DD3C3EB031306EB8306BB
:10ECE0007368934208D018EE101A33464046FFF777
:10ECF0000BFF00283FF47EAF002D3FF47BAF777E03
:10ED00002FB3AF4228BF2F46FBB2009306F11A0380
:10ED1000194650463A46019314F0C8FC96F819B0CB
:10ED2000009B9B45A5EB0705BA4408D0019B07F162
:10ED30001A01ABEB07023144184614F0E7FC009BC4
:10ED4000ABEB030B736886F819B03B44736006F1B4
:10ED50001A0308EE903A7DB118EE101A02AB324653
:10ED60004046FFF7E1FDE8B9182303FB0983DA68A1
:10ED700019693A4489B91A61182101FB09883C4490
:10ED8000D8F80C303B44C8F80C3033E7002556E780
:10ED900000248FE70846012395E78A4294BF1A6151
:10EDA0001961E9E7A842834628BFAB46A84208D9C3
:10EDB000401BC2B202AB18EE900A7276591914F0D9
:10EDC00075FC5A46504602A914F070FC726802EBBA
:10EDD0000B03A5EB0B05DA445F447360BBE700004F
:10EDE00010B50C4609220849204615F06DF938B9CE
:10EDF00094F9090030B1A0F13F035842584110BDC9
:10EE00000020FCE70120FAE77B0C04082DE9F84F0D
:10EE1000074689469246FFF7E3FF40B914F030FCFD
:10EE2000022303604FF0FF363046BDE8F88F0AF04A
:10EE3000030A4FF0000818233A1D03FB08F5464665
:10EE4000515D002900F08380032E08F10108F4D100
:10EE500014F016FC1723E4E7182303FB08730024BF
:10EE60000122DC60C5E901241C619C61BAF1000F3C
:10EE700012D01020F5F7AEFA18B1C0E90044846052
:10EE80008481182303FB0873986128B93B684146C5
:10EE90005B683846984765E03F21484615F0DCF846
:10EEA000DFF8CCA0DFF8CCB00446002CBCD094F93D
:10EEB0000030002BB8D004F101092C490622484645
:10EEC00015F002F9014680B907340A22204616F0EF
:10EED0004BF84FF6FE7398422CD828812621204605
:10EEE00015F0BAF881464C46DFE7514606224846FF
:10EEF00015F0EAF8014650B907340A22204616F008
:10EF000033F84FF6FE73984214D86881E6E7594605
:10EF10000D22484615F0D8F801460028E3D10E34FA
:10EF20000A22204616F020F8012803D800F001003C
:10EF30006871D3E7182000FB0877786908B1F5F706
:10EF400055FA00232B7114F09BFB162369E73D440F
:10EF5000BAF1000F80D17820F5F742FA68610028F5
:10EF60007FF47AAF14F08CFB0C235AE7D4E8030843
:10EF7000DBE80308E2E8030810B51446FFF730FFAA
:10EF800030B914F07DFB022303604FF0FF3010BD59
:10EF900058220021204614F0D3FBF8F77FFF0C2302
:10EFA000584320610020F2E72DE9F04F002515704D
:10EFB00093464A699368052B91B040F2C18014686A
:10EFC0002068A2880490ADF8142080B246F21B722B
:10EFD000904240F0B580BDF814209A4240F0B080D5
:10EFE0000D22294607A80634069514F0A9FBBDF8A2
:10EFF0001220ABB29A4240F2A780277807F00F06A2
:10F000003F0940F09D8094F8018008F00F0A4FEA14
:10F01000181808F101030AEB0309B9F1100F019365
:10F0200000F38E80524606A90BA814F03FFB019B0B
:10F030001A460BABA11C03EB0A0014F037FB10AB14
:10F0400099440DF12C0E09F8147CBEE80F000DF167
:10F05000180CACE80F00DEF800308CF800300DF131
:10F060000E020DF10D010BA88DF80D70F7F708FCDD
:10F0700008F103084444804620B9012E2AD1013406
:10F080000135B4E7BDF80E10F7F7A4FD0028F4D061
:10F09000BDF80E309DF80D1013F004031FD11F466C
:10F0A0008E4224D1032E22D154F8043BC8F80030FC
:10F0B000002211464046F8F775FD002FE0D00123ED
:10F0C0008BF80030214B1B68986A036864215B68E9
:10F0D0009847D5E7022E0CBF02340434D0E701294B
:10F0E00002BF98F90070B7FA87F77F09D8E7012EB9
:10F0F0000ED1237817B11F1E18BF01275BB200EE97
:10F10000103A4046B8EEC00AF7F7DAFE0134CFE70E
:10F11000022E09D134F9023B00EE103AB8EEC00AD3
:10F120004046F7F7CDFEC3E7032E02D154F8043B67
:10F13000F2E7042EBCD154F8043B00EE103AEFE79E
:10F14000002011B0BDE8F08F0120FAE7082600206A
:10F1500073B505460E460524013C14F0FF040CD09F
:10F160000DF1070231462846FFF71EFF18B19DF842
:10F170000730002BF0D102B070BD0120FBE700008A
:10F180000329F8B504460D4604D8182169434618EA
:10F1900033793BB914F074FA092303604FF0FF3759
:10F1A0003846F8BDB369DBB9002700233371182650
:10F1B00006FB0543586908B1F5F718F906FB054643
:10F1C00000237361B6692EB1304607F083FA3046EA
:10F1D000F5F708F9182101FB05440023A361DFE7D7
:10F1E00004310144FFF7B4FF0028DDD114F048FAE0
:10F1F000162303604FF0FF37D7E700000020704769
:10F2000000200021704700000020704708B514F06E
:10F2100037FA1E2303604FF0FF3008BD032938B5CD
:10F2200004D80C2404FB0104E56935B914F028FA6C
:10F23000092303604FF0FF3038BD012B08D0022BAB
:10F2400012D063B9002A05DA14F01AFA1623F0E78F
:10F25000636A1A44236A9A4294BF626263620C230F
:10F2600003FB0100406AE7E7236A6362F7E70000F7
:10F2700008B514F005FA1E2303604FF0FF3008BDF7
:10F280002DE9F34112F0030504460F4609D014F0AE
:10F29000F7F91E2303604FF0FF35284602B0BDE8A2
:10F2A000F081011D242201A8F5F728FA2A460C2333
:10F2B00004F11C0103FB02F6154651F80680B8F173
:10F2C000000F0DD0032D02F10102F3D114F0D8F993
:10F2D000172312E0C4F8248001A8F5F72BFADCE725
:10F2E00006F1200121443846FEF75CFD3444E0611C
:10F2F0000028EFD114F0C4F9022303604FF0FF356A
:10F30000EAE700004868FEF78FBD00000329F8B562
:10F310000646104604D80C2202FB0166F76937B98D
:10F3200014F0AEF9092303604FF0FF30F8BDD6E9C1
:10F3300008516C1A9C4228BF1C4634B122463944FD
:10F3400014F0B4F9736A234473622046EEE70000B8
:10F350002DE9F341912207460E46011D01A8F5F75C
:10F36000CDF900234FF4847207F14C0102FB03F83E
:10F3700051F8084044B10133042BF7D114F080F95F
:10F3800017230360002413E007EB08053046A5F8B7
:10F39000504011F0A5FEE86450B108F15001394425
:10F3A000FEF744FDA5F8504010B108F14C043C4470
:10F3B00001A8F5F7BFF9204602B0BDE8F0810000D2
:10F3C00000F14C032DE9F041CE1A04462048F71015
:10F3D000B6F5467F00FB07F707D914F051F909236A
:10F3E000036000252846BDE8F0814FF4847808FBCF
:10F3F000074806F15001D8F84C002144FEF716FDED
:10F4000005460028EED0D8F84C00F1F70BFF08B104
:10F410000130054452362644FF222946304614F076
:10F4200067FE2F21284614F017FE4FF4847303FB68
:10F43000074418B984F851013546D3E70123401B2E
:10F4400084F851310444002384F85230F4E700BFBB
:10F45000E1830F3E70B506460C200D46F4F7BAFF67
:10F46000044670B1866001462846FEF79BFC0546BF
:10F47000606030B9204600F0A1FA2046F4F7B2FFF0
:10F480002C46204670BD000000F14C0337B5C91A68
:10F4900004461148CD10B1F5467F00FB05F507D9AC
:10F4A00014F0EEF8092303604FF0FF3003B030BDD5
:10F4B000211DDD2201A8F5F721F94FF4847000FB2E
:10F4C00005440025E06C11F0E3FDE56401A8F5F7C3
:10F4D00031F92846EAE700BFE1830F3E13B508463D
:10F4E00001A91446FEF7E6FC38B914F0C9F8022366
:10F4F00003604FF0FF3002B010BD582200212046BB
:10F5000014F01EF9019B23610020F4E7032937B5AD
:10F5100004D80C2404FB0104E3693BB914F0B0F8EF
:10F52000092303604FF0FF3003B030BD011D3F22BF
:10F5300001A8F5F7E3F80025E069FEF775FCE56141
:10F5400001A8F5F7F7F82846EEE700004FF0FF3086
:10F5500070470000032910B504D80C2404FB0101F6
:10F56000087930B914F08CF8092303604FF0FF30AC
:10F5700010BD012B0AD0022B11D02BB9CB689B6890
:10F580009342D4BF8B608A608868F1E78B681A4425
:10F59000CB689B689A4294BF8A608B60F4E714F052
:10F5A0006FF81623E1E7000091F9003010B533B190
:10F5B00014F066F8022303600024204610BD4FF4C7
:10F5C0008270F4F707FF04460028F6D114F058F8CB
:10F5D0000C230360F1E70000032970B506461046CE
:10F5E00004D80C2202FB0166327932B914F048F8D3
:10F5F000092303604FF0FF3070BDD6E90212956811
:10F600006C1A9C4228BF1C4613682246194414F009
:10F610004DF8B3682344B3602046EDE738B50B6876
:10F620000B2B0C464FF000050CD881F803510D1D33
:10F630000549FF2251F82310284606F0B7FF23683A
:10F6400001332360284638BD50EA0308032970B50A
:10F6500004460D4604D80C2303FB01031A7932B982
:10F6600014F00EF8092303604FF0FF3070BDDE6820
:10F6700000221A712EB1304607F02CF83046F4F70C
:10F68000B1FE0C2101FB05440020E060EEE7000024
:10F6900008B5084631B913F0F3FF162303604FF0A5
:10F6A000FF3008BDF4F79EFE0020FAE770B5084E63
:10F6B0000D46002456F8041B2846F1F7A9FD08B9A9
:10F6C00060B270BD01340C2CF4D14FF0FF30F8E77C
:10F6D00050EA03082DE9F74F12F0030405460F46E0
:10F6E00004D013F0CDFF1E230360F3E00C23021DB2
:10F6F00003FB04F9A04612F809A0BAF1000F00F0CC
:10F70000D180B8F1030F04F10104F1D113F0B8FF77
:10F710001723E9E739462846FFF7C8FF00280CDA27
:10F72000304606F0D7FF3046F4F75CFE0023CAF8F7
:10F730000C3013F0A5FF0223D6E768493846F1F7ED
:10F7400067FD30B9664B1B68D86A03683146DB6DCC
:10F75000984764493846F1F75BFD48B9604B1B6830
:10F76000D86A0C23026803FB0453126ED9689047D1
:10F770005D493846F1F74CFD48B9594B1B68D86ACA
:10F780000C23026803FB0453526ED9689047574913
:10F790003846F1F73DFD48B9514B1B68D86A0C2338
:10F7A000026803FB0453126FD968904750493846EA
:10F7B000F1F72EFD48B94A4B1B68D86A0C23026842
:10F7C00003FB0453526FD96890474A493846F1F712
:10F7D0001FFD50B9424B1B68D86B30B10C23026837
:10F7E00003FB0453526AD968904743493846F1F7FE
:10F7F0000FFD48B93A4B1B68D86A0C23026803FB1B
:10F800000453926ED96890473C493846F1F700FDA1
:10F8100098B9334B1B68CDE900005869036801AA09
:10F820009B696946984740B10C20019B009900FBF9
:10F8300004501A46C06806F057FF31493846F1F7C0
:10F84000E7FC50B90C2000FB04504FF40023C068C3
:10F850001A464FF0006106F047FF0C2606FB0456DF
:10F86000F3689A68AAB91B7B002B14BF0C270227E8
:10F8700013F006FF0760F6682EB1304606F02AFF47
:10F880003046F4F7AFFD0C2000FB04540023E36086
:10F8900020E04D440023AB6001232B71404603B0B0
:10F8A000BDE8F08F1020F4F795FD064628B1C6E9B3
:10F8B00000AAC6F808A0A6F80CA04FF00C0B0BFB92
:10F8C000045ACAF80C60002E7FF424AF13F0D8FE5F
:10F8D000C0F800B04FF0FF38E0E700BFB0E9030820
:10F8E00008260020BCE90308C4E90308CFE903089F
:10F8F000D9E90308E4E90308F3E9030803EA030884
:10F900000FEA030870B5064615460C4619B112B148
:10F9100091F9003033B913F0B3FE162303604FF0B2
:10F92000FF3070BD58220021284613F009FF204601
:10F93000F1F778FC012894F9003003D12F2B04D182
:10F940000020EEE72F2B08BF013421463046FFF799
:10F95000ADFE002803DA13F093FE0223DEE706492A
:10F960002046F1F755FC18B94FF400532B61D8E746
:10F97000024B2B61E4E700BF03EA0308A086010005
:10F980004FF0FF30704700004FF0FF30704700002D
:10F990004FF0FF30704700004FF0FF30704700001D
:10F9A0004FF0FF3070470000486810B50C4618B1A2
:10F9B00011F06EFB0023636010BD000010B504461B
:10F9C000806818B1036821465B6D9847204610BDDA
:10F9D0002DE9F043036899B09B6902AA0546884661
:10F9E0009847074620B10024204619B0BDE8F083AF
:10F9F0000C20F4F7EFFC04460028F4D0856006984C
:10FA0000013011F0FDFA064630B92046FFF7D6FF67
:10FA10002046F4F7E7FCE6E72B684146D3F8009070
:10FA20003A463B462846C847431C014603D1304668
:10FA300011F02EFBE9E72B680190D3F80880069BB4
:10FA400032462846C047069B019998422B682846B3
:10FA50005B6801D09847EAE79847069BC4E90036FF
:10FA6000C2E7000010B4064B064A1B6806499869B5
:10FA700003681C68537E127EA4465DF8044B604701
:10FA8000082600202002010840EB030808B503689F
:10FA90009B6A9847014B187008BD00BFD423002013
:10FAA000044A054B10781B78044A0343107823EA74
:10FAB00000007047325300203053002031530020A3
:10FAC00030B5054685B0CDE90232FFF7E9FF95F87C
:10FAD000D941DDE902322CB995F890000124844027
:10FAE000013CE0B22C680090E4682846A04705B0CD
:10FAF00030BD00000CB407B504AB53F8042B0193E0
:10FB0000FFF7DEFF03B05DF804EB02B070470000C2
:10FB1000044A054B0171002908BF1A460520034914
:10FB2000F2F73ABE41FE030852FE030850EB030809
:10FB30000079704700232DE9F041C0E90833836262
:10FB40000446FDF705FD0546FDF702FD90F9053079
:10FB500053B190F803313BB1236A43F004032362AD
:10FB6000636A43F00403636295F9053063B195F865
:10FB700003314BB195F805112846FDF78FFC18B1FC
:10FB8000A36A43F00403A362F9F7AEFB90F848219F
:10FB900090F82031054632B1B02202FB030292F800
:10FBA0006920012A05D8B02202FB035393F869307B
:10FBB0003BB1236A43F020032362636A43F02003CE
:10FBC000636295F820112846F9F704F9B0B195F869
:10FBD0002031B02202FB035393F8696095F8483155
:10FBE00013B1012E28BF0126236820465B6B98477E
:10FBF000B0429EBFA36A43F02003A362184B1E6865
:10FC00003EB396F8AE10304607F090FC08B3236A76
:10FC100043F01003236296F8AE10304607F084FCE0
:10FC2000074607F0F1FC054620B190F8AE1007F04A
:10FC30007BFC05461FB1636A43F0100363623046E4
:10FC400007F0A8FC28B107B11DB1A36A43F0100367
:10FC5000A362236820461B6BBDE8F041184700BF34
:10FC6000907C0020F7B504460F46164600F10801C7
:10FC7000272201A81D46F4F741FD2046FFF75AFF51
:10FC8000236A3B60636A3360A36A2B6001A8F4F7C0
:10FC900051FD03B0F0BD00000020704707B5019092
:10FCA00004F022F8036801991B69984720B1B0F865
:10FCB00004330133A0F8043303B05DF804FB000003
:10FCC00070B590F80E3304460E46ABB9D0F89001EB
:10FCD00003689B6A9847B0F5005F28BF4FF4005057
:10FCE00085B2207C01F034FB3044854206D2207C72
:10FCF000FFF7D4FF002070BD0025F2E70120FAE7EE
:10FD00002DE9F34705460846904600F0ABFA044655
:10FD100058B3DFF85C90DFF85CA0002795F89030CE
:10FD2000F9B28B4221D92B6828461B69984799F86C
:10FD30000020017CCA40D207064614D49AF800304D
:10FD40000B41DB070FD5C37A6BB9A179FFF7B8FF79
:10FD500048B122796379307C0192A27900922168BE
:10FD6000424600F0B7FC0137D8E702B0BDE8F087A3
:10FD700031530020305300200A88504080EA0010A0
:10FD8000C0B2030983EA122343EA002383EAC000D6
:10FD90000880704738B5064C0525236E04F16000D5
:10FDA0001B699847013DA4F11804F6D138BD00BF86
:10FDB000985100200023C0E900330B4A0B4B0C493B
:10FDC000DFF83CC0C0E902230A4BC0E904130A4B28
:10FDD000C0E906C3094B036203F17453A3F523037F
:10FDE000A3F692434362704767E6096A85AE67BB34
:10FDF00072F36E3C3AF54FA58C68059BABD9831F17
:10FE00007F520E512DE9F04F0568D3005B19036056
:10FE100028BF4368DFB024BF0133436000F12803EB
:10FE20000C9300F14003044600911646C5F3C50546
:10FE30000D930DF17809002E00F0BE80C5F140074A
:10FE4000B7420C9B009928BF374658193A4613F021
:10FE50002DFC009B3D443B44402D0093A6EB070640
:10FE6000E9D123460EAA93F82B10117093F82A10AB
:10FE7000517093F82910917093F82810D1700D9952
:10FE80000433994202F10402EDD1A3680193E368BF
:10FE900002932369039363690493A3690593E36958
:10FEA0000693236A07930EAF636A08930FCF4D46FC
:10FEB0000FC50FCF0FC50FCF0FC597E80F0085E80F
:10FEC0000F004A461020936B17464FEAF34181EA30
:10FED000734181EA93217B6A3F6852F8045F3B4497
:10FEE00019444FEAB54383EAF51383EAD503013099
:10FEF00019444028D163E6D1314B0B93DDE90272FE
:10FF0000DDE906EC049B019DDDF820B005980A931D
:10FF10004FF000080B9B53F8041B0B934FEAF023A0
:10FF200083EAB01383EA706A59F8283019440AEB5F
:10FF300001032CEA000A00EA0E018AEA01011944D1
:10FF400087EA020359442B404FEA753A07EA020B4D
:10FF500083EA0B0B8AEAB50A0A9B0A928AEAB55A27
:10FF600008F10108DA440B44B8F1400F09935144F9
:10FF7000E3461AD1019B0B44A360029B2B44E36030
:10FF8000039B3B442361049B13446361099A059BD3
:10FF90001344A361069B0344E361079B73442362FC
:10FFA000089B63446362002545E73A46F4462F46C2
:10FFB00086460D460998ADE75FB0BDE8F08F00BFFB
:10FFC00060EB0308F0B5066893B0F70804460D46E9
:10FFD0008023472200210DF10100C7F1770707F0C8
:10FFE0003F078DF8003013F0ABFB12AB3B44320AF5
:10FFF00003F8412C320C03F8422C626803F8406C81
:020000040802F0
:10000000110A03F8442C03F8451C360E110C120E8D
:1000100003F8436C03F8461C03F8472C694607F1C4
:1000200009022046FFF7EEFEE37A2B70A37A6B708D
:10003000637AAB70237AEB70E37B2B71A37B6B71DC
:1000400013B0F0BDF0B50D469DB016461F460446F0
:10005000002839D0007810F0010035D00B466278C6
:1000600003F8012BD4E90221CDE90021C5F80120D4
:10007000BDF804209A80D4E90203013043F1000363
:10008000C4E9020302A8FFF795FE202204F1100143
:10009000FFF7B8FE3A46314602A8FFF7B3FE9DF8D7
:1000A0008C20229902A8FFF7ADFE2499022202A813
:1000B000FFF7A8FE0722294602A8FFF7A3FE02A821
:1000C000E91DFFF77FFF0D201DB0F0BD0844012999
:1000D00005D910F9013D13B90139C9B2F7E708464E
:1000E00070470000F0B50C46A1B015460646002842
:1000F00000F08C8006A8FFF75DFE202206F11001BB
:10010000FFF780FE0A22A91C06A8FFF77BFEEA780B
:1001100005F10C0106A8FFF775FE022205F58A71AC
:1001200006A8FFF76FFE072205F58B7106A8FFF7FB
:1001300069FE694606A8FFF745FF062205F21D1174
:10014000684613F0A3FA034628B1022386F8343038
:10015000002021B0F0BD00200021CDE90201B5F85A
:100160001B21D5F8170195F816C1029005F2171753
:10017000ADF80C20A4B12288214698B2824211D950
:1001800095F807E0C878864507D195F808E0087922
:10019000864502D1887860453AD001330931ECE7D1
:1001A0000323D3E734D10F2A01D90423CEE70299E0
:1001B000224811EB000EB168039840F100008E4513
:1001C000F16870EB010101D20523BFE703EBC30126
:1001D0002144E879C870287A0871013281F802C098
:1001E000228003EBC3030533D5F81711E150E21861
:1001F000BB889380D6E90201DDE902239042994150
:1002000038BFC6E90223012486F834400120A0E764
:1002100003EBC302053200200021CDE90401A1183F
:10022000A0588A88ADF81420029A0599049090424B
:10023000039A71EB0202D4D3062387E7808D5B001B
:1002400013B504460846237862780DF1060143EAA7
:100250000223ADF80630FFF78FFDBDF8063023808E
:1002600002B010BD0E4970B5002340F255140C25A4
:100270001A190132520805FB02F68E5986420BD933
:10028000541EA342F4D30C225343CA18CB588342C2
:100290000CBF1046002070BD1346F4D2F1E700BF3A
:1002A00060EC03082DE9F8431F46CB78DDF8208089
:1002B0004FF0000904460D46164681F800900F2BBA
:1002C00020D8DFE813F01000100059006B007B000D
:1002D000800086008C009200A300B700CA00D900FD
:1002E000050105013F01FD2E3BD10223CB70002308
:1002F000C37086700B7B23F001032B734FF0FF3329
:10030000237063702B78012B06D1A3796B712B8935
:1003100003B96B8101332B810FB1E378FB70B8F126
:10032000000F12D0EB7888F803302B7988F804306E
:100330006B79013388F805302B89A8F80830AB7841
:10034000A8F80A302B7B88F80C300023AB702B7890
:10035000022B03D117B1B4F814313B802878BDE8E3
:10036000F883FE2ECED10223CB700023C37086709B
:100370000B7B43F00103C0E7C67081F8049031465F
:10038000FFF75EFF2B7BD90705D584F8049084F82E
:100390000590052300E00323EB70B3E716F0FE0F92
:1003A000067106D08B7801338B7000230B7001230C
:1003B000F2E73146FFF744FF0423EDE7467131468B
:1003C000FFF73EFFE5E786713146FFF739FF062369
:1003D000E2E7C6713146FFF733FF0723DCE7067219
:1003E0003146FFF72DFF0823D6E700238372C3723F
:1003F00046723146FFF724FF2B7BDA0704D5E378FA
:10040000002B37D00B23C7E70923C5E7827A437A4D
:1004100043EA0223C27A43EA024343EA06224372D2
:10042000C2F30723120C8372C2723146FFF708FF32
:100430000A23B1E7827A437A43EA0223C27A43EA83
:10044000024343EA06424372C3F307238372130C49
:10045000C3723146FFF7F4FED1E70B795A1C03440F
:100460000A711E733146FFF7EBFE2A79E3789A4250
:100470007FF448AF0C238FE7437A807A43EA002366
:10048000E07A43EA0040FFF7EDFE8146F0B10179E2
:100490002046FFF7D5FE2388DBB29E4214BF0E2311
:1004A0000D23EB7084F81461B9F1000F3FF42AAF0B
:1004B0002B7999F806209342BFF424AF04F10C0085
:1004C000D21A0021184413F03BF91BE70146DFE77D
:1004D0000E2B16D00388B6EB132F14BF0223012373
:1004E0002B70237984F81561DB070CD50F23EB7093
:1004F0000D236B732B78022B3FF404AF00232B707A
:1005000000E70223ECE72B6923B11A6B72B92B7851
:10051000022B38D10123EB70002F3FF4F3AE40F2F1
:1005200023122146384613F0C1F8EBE6A17A637A2C
:1005300043EA0123E17A284643EA01419047002833
:10054000E8D1E4E74B7BC31A83F823614B7B013B83
:10055000DBB24B73002B7FF4D5AE0246D1E9040128
:10056000FFF7C0FD08B101230EE02B691A6B52B1F1
:10057000A17A637A43EA0123E17A284643EA0141FA
:1005800090470028EFD103232B70C3E707B50190F4
:1005900003F0AAFB036801991B69984708B100F5AD
:1005A000B67003B05DF804FB034A012303FA00F0C0
:1005B000137818431070704731530020012806D07B
:1005C000022806D0032814BF092006207047022005
:1005D000704704207047000007B5019003F084FBCA
:1005E000036801991B69984768B190F80E336BB99D
:1005F000D0F8900103689B6A9847B0F5005F28BF68
:100600004FF4005080B203B05DF804FB0020FAE71D
:1006100004282DE9F04104460D46164611D8124F24
:1006200057F820306BB1114B1B5C53B903F05CFBE6
:10063000036821461B699847C37A23B90C4B1B5D9D
:1006400043B1BDE8F08103F04FFBFFF771FA0028DA
:10065000F4D1F6E757F82400036832462946DB68F0
:10066000BDE8F041184700BF705200201052002032
:100670006852002038B50446182363430B48C2581B
:10068000184492680D469047094B53F824000368BC
:100690009B6A9847A84207D2064B01221A5520466A
:1006A000BDE83840FFF7FABA38BD00BF98510020C6
:1006B0007052002010520020044B00221A541822BD
:1006C000034B50431A581844D26810471052002068
:1006D000985100202DE9F04F8FB0914680460F468B
:1006E0001D46FFF753FF027B12F0020206462AD195
:1006F000036913B11C7804F001029DF860104846AC
:10070000FFF7E4FCFD238DF81C3000238DF81F302B
:10071000B3798DF820304F4B8DF81E2014461A788F
:100720005B788DF822308DF823703B0A3F0C05462C
:100730008DF81D008DF821208DF824308DF825705E
:100740004FF0090A1BE0FF2F05D98378013383702E
:100750000FB0BDE8F08FFE238DF81C3083798DF843
:100760001E303C4B8DF81D501A785B788DF81F2099
:100770008DF820308DF8217000244FF0050AB379F0
:100780000133B3711FFA8AF74FF6FF73ADF82830C3
:10079000BB460DF11D030BF1FF3B13F8010B049356
:1007A0000AA91FFA8BFBFFF7E7FA049BBBF1000FC6
:1007B000F1D1BDF82830ADF81A30ABB2049309EB93
:1007C0000502CB4693450DF11A01059205D01BF8A1
:1007D000010BFFF7D1FA059AF4E79DF86400FFF7E3
:1007E000CBFABDF81A308DF818301B0A0AF1010B4C
:1007F0008DF819300DF1180A54B1CDE9015ACDF830
:10080000009030695B4607AA0AA9FFF71BFC044663
:10081000049B3B4419460331214489B24046FFF70B
:1008200029FF5A4607A94046FFF7F2FE2A464946E5
:100830004046FFF7EDFE022251464046FFF7E8FE34
:1008400024B122460AA94046FFF7E2FE4046FFF7E0
:1008500033FF7DE7D42300207FB50B888DF800306F
:100860000C461B0A8DF80130A378C978FE2B05468B
:1008700031D10831FFF7FEFEA3788DF80430E3781C
:100880008DF80530A3798DF80630E3798DF80730BF
:10089000237A8DF808300622637A8DF8093001A991
:1008A0002846FFF7B5FE0026E27804F10C01284641
:1008B000FFF7AEFE022269462846FFF7A9FE2EB1D9
:1008C0000D2204F58B712846FFF7A2FE2846FFF79C
:1008D000F3FE04B070BD267916F0010618BF0D2690
:1008E0000C313144FFF7C6FEA3788DF80430E3786D
:1008F0008DF8053023798DF8063063798DF807304F
:10090000A3798DF80830E3798DF80930237AA27A3B
:100910008DF80A30637A43EA0223E27A43EA02431B
:100920001A128DF80B308DF80C201B140A2201A925
:1009300028468DF80D30FFF76BFEB5E7024B182205
:1009400002FB0030704700BF9851002038B5094DB8
:1009500000242819183404F0CBFF782CF9D1064A6A
:100960000649002011F028FBBDE83840044800F09B
:1009700015BD00BF98510020747C002095FD010832
:100980001552002070B58AB00546ADF81030BDF89C
:100990003830ADF812308DED030A8DF824200B4667
:1009A00071B9102205A812F0CBFE1923DC22CDE983
:1009B0000032162103AA2846FFF78CFE0AB070BD4C
:1009C00005AA01F1100618685968144603C40833D3
:1009D000B3422246F7D1E8E738B5037904463BB97C
:1009E00005682DB12846F4F77DF82846F3F7FAFCA0
:1009F000204638BD38B5037904463BB905682DB1AA
:100A00002846F4F76FF82846F3F7ECFC204638BD8B
:100A100008B590F80E335BB9D0F8900103689B6A73
:100A20009847B0F5005F28BF4FF4005080B208BD72
:100A30000020FCE770B5D0F8905104460DB90020B5
:100A400070BD2B6828461B6C984701462846F3F773
:100A500063FF0028F4D1237C002BF0D1034B1B68EB
:100A6000D8690368BDE870409B6B184708260020D2
:100A70002DE9FF41CA78062A4FF00004054628BF39
:100A800006220C3102A80294ADF80C4012F00EFEC2
:100A90009DF80D30ADF806402BB1012B3DD1BDF8CE
:100AA0000830ADF806309DF80C300C2B35D8DFE857
:100AB00003F01D4846444234403434343E3C070081
:100AC00007246E6916EB44084FEA440725D02B68CB
:100AD0002846DB6C9847B0B30DF106014046F7F7A6
:100AE00057FB2146284603F00DFC16E00024082C95
:100AF000E6B20FD02B682846DB6C98476B69620022
:100B000070B10DF106019818F7F742FB31462846FF
:100B100003F0F8FB01340A2CE9D104B0BDE8F08100
:100B2000BDF9062023F81420F0E70624C9E70524C0
:100B3000C7E70424C5E70324C3E70224C1E701246F
:100B4000BFE70024BDE7BDF90630F353C9E7000055
:100B500010B503689B6D04469847B0B123682046E2
:100B60009B6E9847002204F5CA7104F5CC70F7F724
:100B70003FF90023A4F89C31E060F7F78FF9A4F85F
:100B80009E0105F009FDC4F8A00110BD2DE9F0415A
:100B90002E4E8EB0044630680D46F4F70DF8152839
:100BA0004DD9EF78142F28BF14271422002103A851
:100BB00012F0C6FD3A4605F10C0103A8244D12F0CF
:100BC00075FD0023207CD5F800802B60FFF704FD25
:100BD0000746207C00F0BCFB00F119039F4231D294
:100BE000207CFFF75BF805F0D7FC2860237C8DF8AC
:100BF0002030BDF80C30ADF8223004AB0FCB09AD7E
:100C000085E80F003568002328468DF83430F3F767
:100C1000D3FF152804D9162208A92846F4F742F86C
:100C20000C4B1A785AB901221A700B4B0B4A1B68ED
:100C30000194986A0292036821469B6A98470EB015
:100C4000BDE8F081C5F80080D0E700BF8C520020DD
:100C5000445300209452002008260020E10E020890
:100C6000F0B52DED028B044685B0007C0D4616468E
:100C7000B0EE408AFFF7B0FC0746207C00F068FB2E
:100C800000F119039F4207D2207C05B0BDEC028B16
:100C9000BDE8F040FFF702B83046247CFFF78EFC39
:100CA0000390F7F7FBF84FF6FF7103460091039AA4
:100CB000B0EE480A29462046FFF764FE05B0BDECB9
:100CC000028BF0BD70B52DED028BCD788CB0172D59
:100CD00028BF17250C4617220021064606A812F049
:100CE0002FFD2A4604F10C0106A812F0DFFC1022A9
:100CF0000DF11E0101A813F0FBF900230DF1020212
:100D00000DF1010101A88DF81430ADF80230F5F7AE
:100D1000B7FD054640B39DED068AB4EE488AF1EE74
:100D200010FA21D69FED217AF0EEC87AF4EE477AD8
:100D3000F1EE10FA18DC9DF80110F5F77BFFBDF815
:100D400002102846F0EE408AF5F744FF80B91849B2
:100D500001AA0420F1F720FD9DF80120B0EE680AF9
:100D600001A93046FFF77CFF0CB0BDEC028B70BDD3
:100D70009DF80110B0EE480A2846F6F7A1F8F0EE0B
:100D8000680AB0EE480AF4F753FC80F00104E4B2BC
:100D900021462846F5F7FEFD002CE5D0BDF80230CF
:100DA0005B07E1D5F6F7F6FEDEE700BFFFFF7F7FCA
:100DB00068FC030830B52DED028B89B00C46154652
:100DC00000211C2201A8B0EE408A12F0B9FC204696
:100DD000F0F728FA10280246214628BF102203A85F
:100DE00012F064FC28468DED018AFFF7E7FB8DF8D1
:100DF0001C00F7F753F84FF6FF73ADF80A30ADF863
:100E0000080002F071FF01AA1621FEF779FF09B070
:100E1000BDEC028B30BD000030B52F4D93B0F7F71D
:100E20003DF82868F3F7C8FE430952D02B4C2068E0
:100E3000F3F7A8FE15284CD92068162204A9F3F769
:100E4000B3FF162845D1BDF91200431C33D000234F
:100E500003AA0CA980B20393F7F70CF80446002804
:100E600037D0012300930DF13602102303A9F5F7C3
:100E700043FC9DF810309DF830108DF82830204646
:100E800000238DF84630F5F7D5FEBDF812308DED14
:100E90000B0AADF83230F7F701F82C68ADF83400E2
:100EA0002046F3F789FE1F2813D920220AA92046DD
:100EB000F3F7F8FE0DE0112205A90DF1360013F04D
:100EC00017F900220CA905A8F5F7DAFC044600285A
:100ED000CFD113B030BD00BF845200208C5200200F
:100EE000FFF79ABF2DE9F047DFF8A890284D8CB0A6
:100EF00007460024D9F80000202204A9F3F738FFA0
:100F00002028064618D100239DF81000D5F800A02F
:100F10002B60FFF761FB80469DF8100000F018FA87
:100F200000F1190398459DF8108009D24046FEF75C
:100F3000B5FE05F031FB286020460CB0BDE8F08717
:100F40009DED050A9DF818008DED030AC5F800A077
:100F5000FFF734FBBDF81A309DED030A00930246FB
:100F60000DF11E01BDF81C304046FFF70BFD05F0EA
:100F700013FB0134C7F8A0013146D9F80000E4B2F0
:100F8000F3F734FE0028D7D0052CB3D1D4E700BF47
:100F900044530020845200202DE9F043044689B0D8
:100FA000FFF7A0FFE3688146002B75D005F0F4FA47
:100FB000074605F0EBFA8046D4F890010368DB6D34
:100FC0009847D4F8A031FB1A4343207C40F60556DD
:100FD000B3FBF6F600F0BCF900F11905ADB2AE4274
:100FE000204638BF2E46FFF713FDB04203D22046FD
:100FF000FFF70EFD06462046B6FBF5F5FFF71AFD96
:1010000010B9052D28BF0525A94545D2A5EB090531
:1010100004F5CC76002D3DD0E368002B3AD021209A
:1010200001F078F8B0B30123009310230DEB030215
:10103000E0683146F5F760FB94F89411E06894F8A5
:101040001090F5F7F7FD94F894018DED030AFFF782
:10105000B5FAB4F89C319DED030A00930246B4F84A
:101060009E3104A94846FFF78DFC002204F5CA71A1
:101070003046F6F7E7FEB4F89C31E0600133A4F89F
:101080009C3105F083FAA0EB0800B0F57A7F01D817
:10109000013DBFE7C4F8A07109B0BDE8F0830000CE
:1010A00010B44B7A8C7ACA7A43EA042343EA0243A7
:1010B000152B07D0172B09D0142B0BD15DF8044B3F
:1010C000FFF764BD5DF8044BFFF742BD5DF8044BCC
:1010D000FFF7F8BD5DF8044B7047000038B5164CBB
:1010E00000232360012323711420F3F773F90546CD
:1010F00018B14FF4E771F3F7E3FC25600025257183
:101100000E4A0F490F4C0C4810F056FF0123256082
:1011100023711420F3F75EF9054610B1C021F3F7EF
:10112000CFFC002325602371BDE83840034A0649FF
:10113000044810F041BF00BF8C520020747C002096
:10114000D909020884520020F509020838B505467D
:1011500000200C46FFF71AFA854206D06D2C04D009
:10116000A4F1A6035842584138BD0120FCE7000015
:101170000246054843882F2B03D930230021F7F777
:10118000AFB80020704700BF2853002010B50446B8
:10119000094843882F2B01D8002010BD302300229E
:1011A0002146F7F765F80028F6D02068034BC31AEC
:1011B00058425841F1E700BF28530020D1FC523873
:1011C000F0B58DB004466846FFF7E0FF90B304F534
:1011D000247504AE0CAF2B46324603CABA422860CF
:1011E0006960164605F10805F6D1227C84F8812253
:1011F000DDE902201049511840F10005C4E9A215AB
:10120000012184F880120D49C4F8B01204F52C7540
:1012100013F8011B21B99D42FAD152EA000307D00D
:1012200004F52073C4F87C31054BC4F8803101E02B
:10123000C4E95F110DB0F0BD808D5B004D11020857
:1012400096520020F0B5264B1B68DB6A93F89C6031
:1012500099B005460C4636B1224A042119B0BDE8C2
:10126000F04000F0ADBDCF782A2F28BF2A273146A5
:101270002A22684612F064FA3A4604F10C016846E4
:1012800012F014FA184B0C93DDE900230D96CDE90A
:101290000E2310AC0DF10A030DF12A0618685968E7
:1012A000224603C20833B3421446F7D10CA8FFF715
:1012B0005FFF30B90D4A0421284600F081FD19B0C6
:1012C000F0BD002402F010FD0368E1B21B699847ED
:1012D0000028F4D00134FFF773FF052CF2D1EEE7BC
:1012E0000826002080FC0308D1FC5238A6FC030825
:1012F00070B504468CB005F04FF9144A2CB9136848
:1013000047F22F51C31A8B421ED910606846FFF76F
:101310003DFF0546C0B100242646E0B2FFF736F98E
:1013200058B103694BB1D3E9022302999142039961
:1013300099413CBFCDE902232E460134052CECD166
:1013400016B16846FFF714FF0CB070BD2C53002097
:1013500070B50E4E3368054663B9002434602846E4
:10136000FFF714F9036973B11B78DB070BD504F1A0
:10137000190070BD05F010F93368C01AB0F5FA6FA6
:10138000EBD26424EBE704F10C00F2E744530020B5
:1013900001480421F6F756BF2853002000220270AE
:1013A000704700002DE9F04F87B0002507468846BA
:1013B0001646994604958DF814504FF0010B3B7872
:1013C000ECB2A3422DD9184B07EB84041B7862784A
:1013D0009A4224D1E07806AB034413F8083CF3B9F1
:1013E000FFF7FAF8B37903938246E078FFF7B0FF8E
:1013F000039B03449A4512DB33790193B3794B4540
:1014000094BF0093CDF80090424673793168E0783C
:10141000FFF760F9E37806AA134403F808BC013526
:10142000CDE707B0BDE8F08FD423002037B50446E0
:10143000084615460193FEF715FF024638B1019B99
:101440002946204603B0BDE83040FFF7ABBF03B0EC
:1014500030BD0000F0B5D57945B3214C2378AB42BF
:1014600004D1137A64789C4220D0FBB10E7C0778BB
:1014700004460023D9B28F421CD96178A94216D103
:1014800094F802C0117A8C4511D1E178B1420ED1A5
:1014900000EB8303197949B9907A517A41EA002126
:1014A000D07A51EA004101D1127C1A71F0BD0133AA
:1014B0000434DFE7FAD11429F8D000EB83030131BB
:1014C0005D70147A9C70DE70957A547A44EA052433
:1014D000D57A54EA054404BF127C1A710170E5E71D
:1014E000D42300202DE9F843204B1646204A1B78D0
:1014F000147824EA03040B7C012101FA03F324EAA3
:10150000030490F8513024EA0304037800EB8303CA
:1015100098420DD04578F279954207D1327A857894
:10152000954202BFC27801FA02F294430430EFE719
:10153000CCB1002524FA05F3DB07EFB210D538460D
:10154000FFF74AF88046384696F80390FFF700FF09
:1015500000EB0903984503DB31463846FFF77CF979
:101560000135052DE6D1BDE8F88300BF31530020D9
:101570003053002070B51D46887A4B7A43EA002329
:10158000C87A43EA00400C461646FEF76BFE68B187
:10159000C379DA0741BF037A1B191B7B3380C379F8
:1015A0009B0741BF417A6418237B2B8070BD0000EC
:1015B0002DE9F04F644E15463378D2799A4287B0C0
:1015C00080468A4608D12A7A73789A4204D1002448
:1015D000204607B0BDE8F08F2A4651464046FFF747
:1015E00039FFAA7A6B7A43EA0223EA7A43EA024392
:1015F000A62B0FD06D2B0DD0544A14789AF81020DA
:10160000D44004F001043BB924B92A46514640466F
:10161000FFF768FF0124DBE74FF6FF73ADF80C30EE
:10162000ADF80E3003AA0DF10E0329464046FFF730
:10163000A1FFBDF90C20BDF90E3002F101091FFA1E
:1016400089F903F1010B1FFA8BF1B9F1010F009138
:1016500002D931788A4230D1009A012A67D972784A
:10166000934264D04FF0010B002CB0D100270497B7
:101670008DF814703B4698F80020FEB2B2424CD967
:10168000019302F031FB08EB86060268F1781269DB
:101690009047019B78B12D4A017C1278CA40D2074D
:1016A0000ED5BDF90C107278914204D1BDF90E101F
:1016B000B278914217D00137DDE74FF0000BD3E746
:1016C000B9F1010F0FD9BDF90C1072789142F2D126
:1016D000009A012A07D9BDF90E10B278914202D0C2
:1016E000BBF1000FE7D18245E5D0F27806A90A44A4
:1016F00012F8082C002ADED1E978FEF7E1FA18B1D9
:10170000F0782946FFF7A8F8F27806AB1A444FF0B4
:10171000010302F8083C0123CDE71BB9BBF1000F20
:101720007FF478AFB9F1010F3FF652AF72E7002CAA
:101730007FF470AFB9F1010F03D9009B012B3FF685
:1017400069AF0124A34691E7D42300203153002040
:1017500000207047704700008B8E012B05D90B7954
:10176000022B04D8034AD05C704701207047002048
:10177000704700BF94FE03089FED010A704700BF49
:1017800000000000032070477047000010B5074BB1
:1017900004201C68944204D0013803F10803F8D1F6
:1017A00010BD1B790B700120FAE700BFACFF0308E6
:1017B000D0F8F4320A2058437047000000207047E8
:1017C000D0F8843193F90630022B43F2020004D0A2
:1017D00041F202022B2B18BF1046054B1B6823B1A8
:1017E0001B6A9B0758BF40F020000021704700BFD4
:1017F000887C00201FB58DF80E309DF818308DF8CC
:101800000D208DF80F3099220423CDE900328DF898
:101810000C10032303AA2F21FEF75CFF05B05DF82F
:1018200004FB00007FB5ADF81420ADF8163073222C
:101830001023CDE9003202910E2302AA1D218DED65
:10184000030ACDED040AFEF745FF07B05DF804FB7F
:101850007FB5ADF81420ADF81630C3221023CDE9C2
:10186000003202910E2302AA89218DED030ACDEDEB
:10187000040AFEF72FFF07B05DF804FB7FB5ADF853
:101880001420ADF8163083221023CDE900320291E6
:101890000E2302AA8F218DED030ACDED040AFEF777
:1018A00019FF07B05DF804FB1FB5062302925F2203
:1018B000CDE90032ADF80C1002AAF421FEF70AFFC0
:1018C00005B05DF804FB000003460846DA78002105
:1018D000032A0180817028BF032203F10C0111F05B
:1018E000E5BE000003460846DA780021052A0160BB
:1018F000017128BF052203F10C0111F0D7BE0000D1
:1019000038B5C5780B46262D044628BF2625262245
:101910000021184611F014FF2A4604F10C01BDE81D
:10192000384011F0C3BE000011F0C0BE10B50D4B21
:101930001C6864B194F8AE10204605F017FE30B173
:1019400094F8AE102046BDE8104005F03BBEF7F716
:10195000CBFC90F82031B02202FB030090ED210A6D
:1019600010BD00BF907C0020F7B50D46064647F23B
:10197000305101A81746F2F7A7FE95ED000AF7EEE1
:10198000000AF3F755FE30B1032401A8F2F7A8FED0
:10199000204603B0F0BD95ED020AF7EE000AF3F71A
:1019A00047FE044630B1336839469B6F304698474E
:1019B0000446EAE7DFED060A95ED010AF3F738FE83
:1019C0000028E1D0FBF7C4FDFBF7BAFDDDE700BF5F
:1019D0000000984210B5084C2468E46A94F89C40D2
:1019E00024B90368BDE810405B6F18470349052020
:1019F000F0F7D2FE042010BD08260020C8FC030822
:101A000008B5FCF787F996224FF40031FCF76EF920
:101A1000002008BD7FB58DF80E208DF8143000220F
:101A20009DF820308DF80F2004928DF815308F220C
:101A30000A23CDE90032ADF80C10032303AA4D218F
:101A4000FEF748FE07B05DF804FB0000F0B585B076
:101A50000446007C039315460E46FEF7BDFD07467F
:101A6000207CFFF775FC021D9742039B05D2207C6A
:101A700005B0BDE8F040FEF711B9EDB2327AF17968
:101A8000207C0095FFF7B6FE05B0F0BD0429F8B53F
:101A900004460D46017401D90020F8BDFBF74EFC49
:101AA0002A460121FBF7BCFAC4F884010028F3D0D0
:101AB00083885B0502D5207CFEF776FD4FF4E1318B
:101AC000D4F89001F2F7CCFED4F8900103681B6CB7
:101AD00098470646D4F8900103680021DB6B9847CD
:101AE000264B1F680325B86A036801215B68984785
:101AF000D4F89001036830219B689847D4F890018E
:101B0000036820219B68013D984715F0FF05EAD145
:101B1000B86A036801215B689847D4F890010368AC
:101B20003146DB6B9847D4F88431D4F8905118686B
:101B3000FBF7E2F901462846F2F792FE104B227CB1
:101B4000D4F8901143F82210D4F8843193F9065058
:101B5000022D01D02B2D08D12046FFF731FB2B2D74
:101B60004FF0010099D1E07297E794F8783143F093
:101B7000020384F8783101208FE700BF0826002097
:101B8000705200201FB50F4B1B680446D86A0368CB
:101B90005B6D98470023ADF808304FF6FF73834222
:101BA00028BF0346ADF80A30D0220823CDE9003221
:101BB00003900423207C02AA9821FEF78BFD04B039
:101BC00010BD00BF0826002030B52DED028B1E4B46
:101BD00004461868036885B0DB69984778B31B4BE7
:101BE000257C1C68206903689B6898472069036806
:101BF000DB68F0EE408A9847206903681B69B0EE05
:101C0000408A98479FED120AADF80C0068EE808A72
:101C100028EE000AFCEEE88ABCEEC00A18EE903A04
:101C2000ADF8083010EE103ACB22ADF80A3006239A
:101C3000CDE900327D2102AA2846FEF74BFD05B012
:101C4000BDEC028B30BD00BF585300200826002099
:101C500000007A4430B50C4685B0054603A92046FD
:101C6000FFF732FE9DF80E30022B03D8094A52F8D6
:101C7000230040B90093227AE179287C0323FFF7FF
:101C8000B9FD05B030BD234603AA294606F070FE13
:101C9000F7E700BF8C5100201FB50B46044602A990
:101CA00018460193FFF71EFE9DF80C20022A08D863
:101CB000054951F8220020B1019B02AA214606F0F5
:101CC0009FFE04B010BD00BF8C51002030B50C4603
:101CD00085B0054602A92046FFF704FE9DF80C30AA
:101CE000022B03D8094A52F8230040B90093227A04
:101CF000E179287C0323FFF77DFD05B030BD234645
:101D000002AA294606F02EFFF7E700BF8C510020FB
:101D100037B50C46054601A92046FFF7D5FD9DF8CD
:101D2000061002290A4603D8074B53F8210030B9A0
:101D3000032321462846FFF789FE03B030BD224623
:101D4000294606F0FDFDF8E78C51002010B5074C40
:101D50000246032354F8041B21B1087910B18968A5
:101D6000914202D0013BF5D1184610BD8C510020A4
:101D700037B5CA78072A4FF0000328BF0722054667
:101D80000C4668460C310093CDF8033011F08EFC00
:101D90009DF8061002290A4603D8084B53F8210083
:101DA00030B9032321462846FFF750FE03B030BD6B
:101DB0006B462246294606F077FEF7E78C51002055
:101DC0000CB47FB5094C007C2568012408AB844025
:101DD0002E6853F8042B0393E4B20094F468284669
:101DE000A04704B0BDE8704002B0704758530020CF
:101DF00030B59FB00546F2F7E9FA044683691E4AFA
:101E000006212846FFF7DCFFE26A636B4AB353B151
:101E1000A16BCDE90131236B0093062113462846BF
:101E2000164AFFF7CDFF164B1C68E06A036804A949
:101E3000DB6A984728B1104A04AB06212846FFF711
:101E4000BFFF606A03683222D3F8883011A998472F
:101E500028B1094A11AB06212846FFF7B1FF1FB090
:101E600030BD002BDFD0A26B00920621054A284628
:101E7000FFF7A6FFD7E700BFAE890308E4FC03081D
:101E800008260020EBFC0308F0B5DFED8A0A91ED8F
:101E9000000A8FB006460D461746F3F7C9FB002827
:101EA00000F0D88095ED010AF3EE080AF3F7C0FBC5
:101EB000002800F0CF80DFED800A95ED020AF3F7ED
:101EC000B7FB002800F0C680DFED7C0A95ED030A21
:101ED000F3F7AEFB68B17A4D7A4C30462A460421BE
:101EE000FFF76EFF2368986A0368FA215B689847DA
:101EF000F3E7DFED750A95ED030AF3F799FB40B1BF
:101F0000724A04213046FFF75BFF714B9847042467
:101F10002BE0DFED700A95ED030AF3F789FB044629
:101F200038B130466C4A0421FFF74AFF6B4804F091
:101F300007FBDFED6B0A95ED030AF3F779FBB8B108
:101F4000684A04213046FFF73BFF214603A8F6F715
:101F500079F92422214605A8049411F0F1FB2823E5
:101F600004AA214603A8F6F7BBF920460FB0F0BD3E
:101F7000DFED5D0A95ED030AF3F75AFB044690B1D5
:101F80005A4A04213046FFF71BFF4E4B1D68FA24C6
:101F9000A86A03684FF47A719B68013C984714F073
:101FA000FF04F5D1E1E7DFED520A95ED030AF3F7FF
:101FB0003FFB68B14F4A04213046FFF701FFFBF7B2
:101FC000A9FE40F68A524FF48011FBF78FFECCE752
:101FD000DFED490A95ED030AF3F72AFB394B1C683C
:101FE00030B3464A04213046FFF7EAFEA06A444A6D
:101FF000036831469B6A04960592984796F83030FC
:102000002BB9A06A036801215B689847F6E740F6A0
:10201000935206F1180103A8F2F770FB3046394AD3
:102020000421FFF7CDFE03A8F2F784FB00249CE710
:10203000DFED350A95ED030AF3F7FAFA50B13046B1
:10204000324A0421FFF7BCFEE06A0368D3F884300B
:102050009847EBE71B4B1C68E36A93F89C3023B16D
:102060006A692B4B9A427FF452AF95ED000AF7EE66
:10207000000AF3F7DDFA98B13B7A0093A98BFB795C
:10208000307C0022FFF7C6FC95ED000AF0EE080A4E
:10209000F3F7CEFA0146A06A0268926B904736E7E2
:1020A00095ED000AF0EE080AF3F7C2FA0028E3D132
:1020B00003245AE70000284200008E420000BA4282
:1020C000F4FC0308082600200000BC4204FD0308BD
:1020D00038ED00E00000BE421EFD030839FD030894
:1020E0000000C04242FD03080000C24262FD030836
:1020F0000000C44275FD03080000C8428DFD0308BE
:10210000814B0208A5FD03080000C642B5FD030887
:102110001214340110B5044604F03EFA074B9A68D5
:10212000801A41F28832904205D81B7BA34294BFAB
:102130000020012010BD0120FCE700BF3453002027
:102140001FB5CA78092A4FF0000328BF09220C31B5
:10215000044601A8CDE901338DF80C3011F0A6FA40
:1021600004F01AFA1A4A9DF8083013719DF80930E4
:10217000906003B110609DF80A301373132B09D8D7
:10218000B4F8A421B2F5FA6F06D23C32A4F8A42127
:1021900004B010BD312B06D8B4F8A421B2F5FA6F03
:1021A0000BD21432F2E75F2B07D9B4F8A431C82B55
:1021B00005D9283BA4F8A431EAE75A2BE8D9B4F8AA
:1021C000A431002BE4D0142B8CBF143B0023F1E787
:1021D0003453002030B58A7A4B7A43EA0223CA7A14
:1021E00043EA02430C468BB0272B0546694620463E
:1021F0000AD1FFF785FB9DF82520032321462846B9
:10220000FFF724FC0BB030BDFFF77AFB9DF82510DB
:1022100002290A4603D8074B53F8210008B90323C3
:10222000ECE703790BB90123E8E76A46214606F09B
:102230004BFDE7E78C510020074A002352F833009A
:10224000884203D102EBC303187970470133262B70
:10225000F4D15120704700BFCCFF0308432908D0B8
:1022600005D831B1192914BF002001207047482931
:10227000F9E701207047000010B58B89B0F8A44140
:102280001C44C36803B1A400FFF760FD00B1A400C3
:1022900004F082F9064B1B69C01AB0F57A7F38BF8B
:1022A000A4004EF66020A04228BF204680B210BD98
:1022B000C081002090F8A6318B420AD090F8AC3152
:1022C0008B4208D090F8B2318B4206D1022040B246
:1022D00070470020FBE70120F9E74FF0FF3070471F
:1022E000F0B590F9B83101331AD1044600224FF607
:1022F000FF77B4F8A85175B1B4F8AA31CE1AB6B2C6
:10230000B54225BF5B195B1A00239BB2BB423CBFA1
:1023100080F8B8211F460132032A04F10604E8D1EF
:1023200090F9B821531C0CD0062303FB0203B3F829
:10233000AA01B3F8A831091A89B28B4288BF4FF0BD
:10234000FF321046F0BD000030B585B00446007A7B
:102350000391FEF741F90546207AFEF7F9FF00F1F7
:102360000A039D42207A039A04D2FDF797FC0020CD
:1023700005B030BDE3790093A188A379FFF74AFB4C
:102380000120F5E70521FFF7DFBF000010B5044687
:10239000FFF7DAFF08B10023236010BD30B5074C0A
:1023A000256845B99DF80C50A08025722160A27166
:1023B000E371204630BD0020FCE700BF4C530020F5
:1023C00073B506460D4606201049F0F7E5F905F00D
:1023D00095F805F053F80E490620F0F7DDF90D4B9E
:1023E0001C687CB1337C0093EA792B7A0121F120BF
:1023F000FFF7D4FF40B12046002105F085F8052005
:1024000002B070BD2046FBE70846F9E7C8FD0308A7
:10241000E7FD0308907C002008B504F0BDF81C4AD5
:102420001368C31AB3F57A7F30D31A4B10601B6858
:10243000012B19D0022B29D1FCF7ACF9FCF7A8F934
:10244000042823D8DFE800F0030B0B090300042164
:10245000BDE808400F48FFF799BF0021F8E7BDE845
:1024600008400C48FFF78EBF0B4B186805F04EF87C
:1024700003280BD801A353F820F000BF4F24020813
:102480005F2402085B2402084F24020808BD00BF35
:10249000485300204C530020907C002010B586B09B
:1024A000047C04F079F800220023CDE902230C23F8
:1024B0008922CDE90032049002AA02212046FEF7CB
:1024C00009F906B010BD000090F87801C0F3400093
:1024D000704700002DE9F0412DED028B84B00746D6
:1024E0000191164605F00AF80199037C8B424DD9FB
:1024F000242303FB010393ED098ADFED2D7A9FED81
:102500002D7A28EE278AD3ED0A7A67EE877A4FF084
:102510000108FDEEE77A17EE903A1DB2264B1C68D3
:10252000002C38D02046019105F000F8019990B3B5
:10253000204605F057F8DFED1E8A0199204603AAD0
:1025400060EE288A05F000F8044668B1DDED037AF4
:102550009FED187A67EE877AFDEEE77A17EE903AEC
:102560001CB2002C08BF01243F7C04F015F8234660
:1025700001462A46F0EE680AB0EE480A3846B446EC
:1025800004B0BDEC028BBDE8F041604700259FED33
:102590000B8AA846C2E7B8F1000F03D0DFED078A27
:1025A0000024E1E704B0BDEC028BBDE8F08100BF80
:1025B0000AD7233C0000C842907C002000000000A5
:1025C000014A0221FFF786BF7D180208014A002157
:1025D000FFF780BF25180208014A0121FFF77ABFE3
:1025E000511802082DE9F0412A4B1E6886B080463A
:1025F000002E49D0847A013404F00104214630468B
:1026000004F094FF40B998F80A4004F00104214610
:10261000304604F08BFFB8B302AA2146304604F0DE
:1026200093FFA0B3DDED027A9FED1B7A67EE877A08
:10263000FDEEE77A17EE903A1DB22146304604F0DF
:1026400095FF21460746304604F0BCFF2146304640
:102650008DED030A04F0C6FF0C23EA22CDE9003217
:1026600098F810008DED040A87F001070DEB0302C6
:1026700040F22711ADF814508DF816408DF8177000
:10268000FEF728F888F80A4006B0BDE8F08147F662
:10269000FF75D2E7907C00200000C84210B50349C6
:1026A0000446F5F771F8204610BD00BFE87803082E
:1026B00038B590F89050042D044621D80368DB6AA1
:1026C000984704EB8505C5F8940094F8901004EB46
:1026D0008103D3F8940098B1FFF7D8F994F89030BB
:1026E00078B904EB8303D3F8940010B103685B68F6
:1026F000984794F89000243004EB80040023636032
:1027000038BD013384F89030FAE7000010B5044674
:10271000FAF714FE00220121FAF7A0FC024630B1BC
:1027200004F12C012046BDE81040FFF7C1BF10BDE9
:1027300070B5054600F140060124FAF7FFFD224678
:102740000121FAF78BFC024648B101343146284694
:10275000E4B2FFF7ADFF052C06F11406EDD170BD14
:10276000802910B5144615D13AB90B4B1B68586A2D
:1027700003681B6D9847204610BD012A0AD1064BFD
:102780001B68586A0368DB6C9847002814BF002058
:102790000420F1E70220EFE70826002013B5CA78ED
:1027A000062A4FF00003044628BF06220C31684673
:1027B0000093ADF8043010F079FF009A9DF80510F1
:1027C000204602B0BDE81040FFF7CABFF0B5A3B085
:1027D00000210E2205460AA8CDE90311CDE9051115
:1027E000CDE90711099110F0ABFF12238DF80B30E2
:1027F0002C4B1B68D86A036809A91B6B0DF10B02EF
:102800009847F1F7E3FD0669C169044636BA19B184
:10281000082203A803F0CAFE216B19B1082205A8FB
:1028200003F0C4FEA16B19B1082207A803F0BEFE95
:102830002B682F7C9B6B2846984763691296002271
:10284000CDE91323184B159303F17C53CDE90E0109
:1028500003F544330020002103F20923CDE91001E0
:10286000082203A917A81693FFF75EF805A919A86F
:102870000822FFF759F807A91BA80822FFF754F808
:1028800009A91DA81222FFF74FF84E23B222CDE965
:10289000003294213C230EAA3846FDF71BFF23B0DB
:1028A000F0BD00BF0826002000003E1810B50368E8
:1028B0001B6C98470428044605D8FBF72BFA0368DD
:1028C000002B18BF0524204610BD00002DE9F04163
:1028D000174F90F8108004463868036886B05B682C
:1028E000984723680646DB6B2046984705463868BC
:1028F00003681B68984707462046FFF7D7FF032366
:102900008DF811308DF8143032220923CDE90032D0
:102910008DF8130003AA0021404603978DF810603C
:102920008DF81250FDF7D6FE06B0BDE8F08100BF6D
:102930005853002038B5044603F02EFE23680546A0
:10294000DB6E20469847B0EB952F0BD3237C5BB909
:10295000064B1B68D86903689B6B984780F00100A1
:10296000C0B238BD0020FCE70120FAE708260020AD
:1029700073B5154B1B680546986A03681B6A0E46BB
:102980009847044620B131462846FFF767FCB0B1AE
:102990002846FFF7CFFFA8B9287CFDF7CFFF40F20C
:1029A0001C52014601A8F1F7A9FE2B683146D3F865
:1029B000843028469847044601A8F1F7BBFE20461C
:1029C00002B070BD0024FAE7082600202DE9F04F80
:1029D00006469BB04FF0FF3004F040FEC5437AD06E
:1029E000202200210DEB020010F0AAFE3B4B1B68D9
:1029F000586A036808A9DB6B10229847102708ABB8
:102A00004FF6FF71002033F8022B8A4207F1FF32A4
:102A100008BF23F8020C12F0FF07F4D1ADB2002D6D
:102A200059D0347C03F0B2FDBDF82C300393BDF8CF
:102A300032300493BDF834300593BDF83630BDF81C
:102A400020B0BDF822A0BDF82490BDF82680BDF8C6
:102A500028E0BDF82AC0BDF82E6006931090BDF89E
:102A600038300398BDF83050BDF83A10BDF83C201E
:102A70000793ADF85000BDF83E30ADF844B0ADF866
:102A800046A0ADF84890ADF84A80ADF84CE0ADF8FE
:102A90004EC0ADF852608DF85470ADF855500498A2
:102AA000ADF857000598ADF859000698ADF85B00F1
:102AB000ADF861200798ADF86330DE222523CDE91B
:102AC0000032ADF85D00ADF85F10152310AA242187
:102AD0002046FDF7FFFD1BB0BDE8F08F0826002063
:102AE00038B5D0F89041007C23689D6DFEF730FC2E
:102AF000103081B22046A84750EA010301D103F00B
:102B000053FD4FF47A73A0FB030203FB012138BD90
:102B100008B503F049FD4FF47A72A0FB020302FBF3
:102B20000131034B1B78C01841F1000108BD00BF03
:102B3000D4230020F0B5CF788BB0102F4FF01006C3
:102B400028BF10270D4632460021044602A810F087
:102B5000F7FD3A4605F10C0102A810F0A7FDDDE9EA
:102B60000223134321D1207CFDF736FD0546207C4E
:102B7000FEF7EEFB83199D4205D2207C0BB0BDE829
:102B8000F040FDF78BB82046FFF7AAFFDDE90423EC
:102B9000CDE908232223CDE90601CDE90063207C9D
:102BA000334606AA6F21FDF795FD0BB0F0BD00007E
:102BB00010B586B00446FFF7ABFF00220023CDE935
:102BC000022310232222C4E90E01CDE90401CDE93C
:102BD0000032207C02AA6F21FDF77CFD06B010BDFB
:102BE0002DE9F04FD7B08A46044603F0CFFC03909E
:102BF00003F0D2FC0DF11C0806460027D4F8900122
:102C0000A8F80A700368DFF81C915B69DFF818B157
:102C1000984783B20493049BBDB2AB4230D9D4F839
:102C2000900103689B699847D4F8BC32C1B2002B6D
:102C300047D10A46CDF800800DAB04F5B67104F11A
:102C40004800FDF72FFB012859D1DBF800500F9BFE
:102C5000EA6AC3F31723D38723680DAA9B6841460A
:102C600020469847227C002309F80230C4F8C0624D
:102C7000EA6AD38703F08AFC039BC01A50453CD90B
:102C800003F08AFC236CB4F84420C31A934205462F
:102C900014D9224B207C1B78C340DB070ED4E37A87
:102CA00063B9FDF799FC0646207CFEF751FB00F165
:102CB00010039E422CD2207CFCF7F0FF57B0BDE8F9
:102CC000F08FD4F8C022B21AB2F57A6FB1D9227C53
:102CD0001348059150F82220D4F8B8029847059976
:102CE00028B1237CC4F8C462012209F80320D4F877
:102CF000C432F31AB3F57A6F9BD801378BE764239C
:102D0000B5FBF3F203FB1255ADB2002DF5D1B1E7DF
:102D10002046FFF74DFF2564D0E700BF3153002068
:102D200070520020685200200826002090F80E33D0
:102D30000BB9FFF755BF704710B50368CC79DB6856
:102D40009847844205D1034B1C6803F025FCC4F866
:102D5000AC0110BD585300208A7A4B7A43EA022313
:102D6000CA7A43EA0243332B0DD8252B1AD9263BC6
:102D70000D2B17D8DFE803F00A0C161616101214E4
:102D800016161616160E492B02D07047FEF7F0BF26
:102D9000FFF720BAFEF780BFFEF75CBFFEF796BFD5
:102DA000FEF7B6BF7047000008B50A4B0A699A42A1
:102DB00005D006200849EFF7EFFC042008BD074BBB
:102DC0001B68D86A03689B6A9847012894BF002053
:102DD0000420F3E73C70040008FE030808260020E6
:102DE00010B591ED000AF7EE000A0446F2F720FC58
:102DF00038B1D4F8743243F00803C4F874320020B8
:102E000010BD0420FCE7000091ED007AD1ED017ABD
:102E1000BCEEC77A82B0FCEEE77A8DED017A17EE50
:102E2000902A9DF8041002B0FFF79ABCD1ED007A09
:102E3000FCEEE77A08B517EE902A47F6C3639A428C
:102E40000AD1064B1B68D86A03689B6D9847002817
:102E50000CBF0320002008BD0220FCE7082600204C
:102E6000C9280BD8B2280FD9B33880B201238340C8
:102E700006481840003818BF012070474AF2FB731B
:102E8000C31A584258417047002070470120410042
:102E900070B50D4614460021242220461E4610F02F
:102EA0004FFCAB7FA377EB7FE37784F82060AB8B9D
:102EB000A3832B6823606B686360AB68A360EB68D7
:102EC000E360A88BFFF7CCFFD5ED047AF4EE677AC8
:102ED000F1EE10FA1BD618B19FED107A67EE877AE3
:102EE000FDEEE77AC4ED047AD5ED057AF4EE677A63
:102EF000F1EE10FA0ED618B19FED087A67EE877AD8
:102F0000FDEEE77AC4ED057AAB69A36170BDDFED34
:102F1000047AE7E7DFED027AF4E700BF8096184B0A
:102F200000000000F0B517468A8B8BB004460325DD
:102F300010460E468DF80350FFF792FF80B92368C4
:102F400001AAD3F8B8509DF8033031462046A8476F
:102F500023683A465B6D01A9204698470BB0F0BD47
:102F600023680DF10301D3F8BC30204698470028B0
:102F7000E5D12846F2E7000070B5CE788CB0212E5E
:102F800028BF21260C4605462122002103A810F067
:102F9000D7FB324604F10C0103A810F087FB0D4B60
:102FA000BDF828201E68F36A03A9A3F8402028462C
:102FB0002246FFF7B7FF237A00930246E379BDF874
:102FC0002810287CFEF726FDF36A0022A3F8402093
:102FD0000CB070BD0826002073B5F7EE000A91ED25
:102FE000000A06460D461446F2F722FB10B90320EC
:102FF00002B070BD95ED010AF7EE000AF2F718FB7A
:103000000028F4D0337C0093237AE279022140F245
:103010000E20FFF7C3F9044638B1FBF7BBFBFBF703
:10302000B5FB20B920600420E2E70120E0E705209D
:10303000DEE70000D1ED007AFCEEE77A10B517EE7E
:10304000904A14F0FF040AD0012C12D10A4B1B68DD
:10305000586A03681B6D98470024204610BD064B34
:103060001B68586A0368DB6C9847002808BF042473
:10307000F3E70224F1E700BF0826002070B5CE7800
:103080008CB0232E28BF23260C4605462322002180
:1030900003A810F055FB324604F10C0103A810F010
:1030A00005FB0E4BBDF828201E68F36AA3F84020EC
:1030B0002B68224603A95B6D28469847237A009324
:1030C0000246E379BDF82810287CFEF7A3FCF36ADA
:1030D0000022A3F840200CB070BD00BF08260020DD
:1030E0001FB50F4B047C1B68186903689B689847E1
:1030F000DFED0C7A20EE270A1522BCEEC00AA521CE
:1031000010EE103AADF80C3000238DF80E3003238A
:10311000CDE90032204603AAFDF7DCFA04B010BD69
:103120000826002000007A4430B51C4C0546206873
:1031300003688FB0DB69984768B305AB04AA03A99D
:103140002068FCF78FFDFAF7E5FD0468FAF7E2FD69
:10315000039B0693049B82880793059B08934FF675
:10316000FF710023CDE90931ADF82C30ADF83230D4
:10317000FF23ADF834208DF836307C221F23CDE9B3
:103180000032ADF82E40287C240C06AA0121ADF8AF
:103190003040FDF79FFA0FB030BD00BF58530020FC
:1031A0007FB50368067C5B6C044698472368054638
:1031B0009B6C2046984702238222CDE900328DF88D
:1031C0000D0003AAF52130468DF80C50FDF782FA68
:1031D00004B070BD38B50A460546502900F2418159
:1031E000DFE811F05D000601BE0074001B01430121
:1031F000FB003F013F01C800CE00CE00CE00D00052
:10320000DB00E600880094003F013F017E003F01A3
:1032100043014301430151003F013F013F016A0067
:103220003F013F0143013F013F013F013F013F019A
:103230003F013F013F013F013F013F013F013F018E
:103240003F013F013F013F013F01110130013F01BB
:103250003F014301AC00B5003F013F013F013F0189
:103260003F013F013F013F01250132013F013F0185
:103270003F013F013D013F013F013F01A1003F01EF
:103280003F013F01F0001921FCF71AFD044610B977
:103290000024204638BD2846FDF77EFEF9E70921C7
:1032A000FCF70EFD04460028F2D003F075F96860C3
:1032B0002846FFF70BFBECE70321FCF701FD044672
:1032C0000028E5D02846FFF70BFFE2E70821FCF7CE
:1032D000F7FC04460028DBD02846FEF753FCD8E76D
:1032E0000C21FCF7EDFC04460028D1D02846FFF75E
:1032F000D5F8CEE73421FCF7E3FC04460028C7D01C
:10330000F5F7F2FF297CF5F733FFC2E72321FCF73D
:10331000D7FC04460028BBD0F5F7E6FF297C002245
:10332000F5F7E8FCB5E72521FCF7CAFC04460028C0
:10333000AED02B68DB6A28469847AAE73321FCF712
:10334000BFFC04460028A3D02B681B6BF3E7332196
:10335000FCF7B6FC044600289AD02B685B6BEAE7C2
:103360000621FCF7ADFC0446002891D02846FEF764
:103370002BFC8EE71D212846BDE83840FCF7A0BC99
:103380001821F8E71021FCF79BFC044600283FF4C5
:103390007FAF2846FFF71AF97BE71021FCF790FC76
:1033A000044600283FF474AF2846FFF715F970E78C
:1033B0001021FCF785FC044600283FF469AF2B6818
:1033C0001B6AB8E70C21FCF77BFC044600283FF49D
:1033D0005FAF2846FFF706F95BE72521FCF770FC95
:1033E000044600283FF454AF2846FFF7EFFA50E7B1
:1033F0001F21FCF765FC044600283FF449AF28462E
:10340000FFF792FE45E72121FCF75AFC044600280D
:103410003FF43EAF2B68DB698DE71A21FCF750FCC7
:10342000044600283FF434AF2B689B6983E70221F0
:10343000FCF746FC044600283FF42AAF2846FFF775
:10344000AFFE26E7202196E74E21FCF739FC044623
:1034500000283FF41DAF2846FFF7B8F919E72A21E5
:1034600089E703490720EFF797F9012411E700BF27
:1034700018FE0308436933F9110040B14FF47A7321
:1034800093FBF0F34EF66020834298BF98B27047EA
:10349000F8B521B94FF47A7313800120F8BD48299B
:1034A00002D141F28833F7E70D4F00254FF00C0CA5
:1034B000ECB20CFB0476736883B1367A1E449E42EC
:1034C0000AD013F801EB7145F9D10C235C43395D47
:1034D000FFF7D0FF1080E0E70135E9E71846DDE7A8
:1034E000AC78030873B50446D0F89001BDF8181005
:1034F0001D4603689B6D1646984750EA010301D1AB
:1035000003F052F8CDE9000132462B4604F5347041
:10351000F9F71EFF4FF47A720023EDF7E7FB02B0D4
:1035200070BD000070B5CE7894B03C2E28BF3C260C
:1035300004460D463C22002105A810F001F905F1D2
:103540000C01324605A810F0B1F8059A069B207CC4
:1035500003920293FDF7FCFE3C3080B2DDE90232BB
:1035600000902046FFF7BEFF23680246D3F8803064
:1035700005A92046984714B070BD000070B58A7A3E
:103580004B7A43EA0223CA7A43EA02436F2B054689
:103590000C4600F0B78069D84D2B5FD8412B07D877
:1035A0000B2B00F0B38021D8002B00F09E8070BD63
:1035B000423B0B2BFBD801A252F823F051370208F3
:1035C000AF350208AF350208AF350208AF35020843
:1035D000AF350208AF35020815370208AF350208CB
:1035E0002937020821370208F3360208172B07D0C3
:1035F00003F180720AD8143A22F07F42012AD6D809
:1036000021462846BDE87040FDF74ABD263A22F023
:103610007F420D2ACBD8263B0D2BC8D801A252F8E9
:1036200023F000BF153702081537020815370208C6
:1036300015370208AF35020815370208153702089A
:1036400015370208AF35020815370208AF350208F2
:10365000AF350208AF350208153702086D2B67D069
:103660006E2BA4D1BDE8704004F0F8BABA2B65D037
:1036700015D8952B7AD007D87B2B19D07E2B96D1D5
:10368000BDE8704004F086BFA62B51D0B72B8ED179
:10369000D0F8743243F00803C0F8743287E7B3F50A
:1036A000817F50D014D8E92B0AD8E72B7FF67FAF63
:1036B000F5F71AFE297C2246BDE87040F5F7BCBC40
:1036C000B3F5807F7FF473AFBDE87040FDF7BABDFE
:1036D00042F6F822934211D042F6FA2293427FF446
:1036E00066AFBDE8704004F043B9BDE87040FFF735
:1036F00023BB0368BDE870401B6D1847BDE87040F0
:1037000004F062B8BDE87040FFF714BABDE870403D
:10371000FFF744B821462846BDE87040FFF71CBBC0
:10372000BDE87040FFF728BCBDE87040FFF7A6BCBD
:1037300021462846BDE87040FEF702BDBDE8704056
:10374000084603F0BFBFBDE87040084603F0F8BF6D
:10375000D0F8900103689B6B9847C3043FF527AFEF
:1037600021462846BDE87040FDF782B9BDE87040AB
:10377000FFF7D8BE70B5104BD6791B78B34205461B
:10378000144601D1012070BD0368DB68984786426A
:10379000F8D0A27A637A43EA0223E27A43EA024348
:1037A000A62BEFD06D2BEDD02B6828461B699847D0
:1037B00080F00100C0B2E6E7D423002070B51546C2
:1037C000537A927A43EA0223EA7A43EA0243A62B27
:1037D00004460E4608D06D2B06D0174A017C012303
:1037E0008B4011780B431370337B03F00303022BE0
:1037F0000DD1D4F8843193F90630022B01D02B2B54
:1038000005D194F8783123F0020384F878310B481D
:103810002A462146FDF7CCFE60B12A4631462046B5
:10382000FFF7A8FF30B1236829462046DB6DBDE8CD
:103830007040184770BD00BF305300201552002063
:1038400070B588B0044600F5007141F6982203A8CF
:10385000F0F754FF02F0A0FE0546F9F76FFD05AB47
:10386000019304AB009304F5F27204F5FF7304F5C1
:10387000F071F9F711FD94F8DC310646002835D0D7
:10388000002B40F08280C4E97A53049BC4F8F431E1
:103890000126059BC4F8F831D4F8E00184F8DC6116
:1038A000C4F8F051F1F73EF884F8FC01D4F8E401D3
:1038B000F1F738F8624984F8FD010620EEF76CFF55
:1038C00094F8DD316BB95F4B84F8DD611B685E4AAB
:1038D000986A07920368069408AA12E906005B6AD0
:1038E000984703A8F0F726FF08B070BD002BF8D06A
:1038F0000246014684F8DC01D4F8E001F0F7B4FF99
:103900003246D4F8E4013146F0F7AEFFD4F8F421A2
:10391000049B9A4208D0D4F8E001F0F7F3FF049931
:10392000D4F8E001F0F79CFFD4F8F821059B9A4207
:1039300008D0D4F8E401F0F7E5FF0599D4F8E401E4
:10394000F0F78EFFD4F8E00194F8FC51F0F7EAFFAD
:10395000854206D0D4F8E00194F8FC1103685B6C52
:103960009847D4F8E40194F8FD51F0F7DBFF854265
:1039700006D0D4F8E40194F8FD1103685B6C984715
:1039800032490620EEF708FFABE794F8FE31002B32
:10399000A7D0D4F8F0014FF47A722D1A53439D4208
:1039A0009FD900252A462946D4F8E00184F8DC5145
:1039B000F0F75AFF2A462946D4F8E401F0F754FFFD
:1039C000F9F7BCFCF9F7A4FCD4F8F421049B9A4263
:1039D00008D0D4F8E001F0F795FF0499D4F8E0019D
:1039E000F0F73EFFD4F8F821059B9A4208D0D4F8AE
:1039F000E401F0F787FF0599D4F8E401F0F730FF10
:103A0000D4F8E00194F8FC51F0F78CFF854206D021
:103A1000D4F8E00194F8FC1103685B6C9847D4F883
:103A2000E40194F8FD51F0F77DFF854206D0D4F80B
:103A3000E40194F8FD1103685B6C98470449A0E722
:103A400038FE030808260020153C020849FE03083A
:103A50005BFE030838B50446002594F89030E9B2BF
:103A60008B4209D9236820461B6998474FF47A7125
:103A7000FFF75CF90135F0E72046BDE83840FFF775
:103A8000DFBE0000F0B5044695B000F5007141F6C8
:103A9000E12203A8F0F732FE94F8DC31002B00F0AD
:103AA000B180D4F8E831BBB102F076FDD4F8E8314A
:103AB000C01AB0F57A7FC0F0A5800023D4F8F411C5
:103AC000D4F8E001C4F8E831F0F7CAFED4F8F811F0
:103AD000D4F8E401F0F7C4FE4D4ED4F8E0013246CC
:103AE0003146F0F7C1FE32463146D4F8E401F0F732
:103AF000BBFED4F8E00103685B6F98470546D4F835
:103B0000E00103689B6F98470746EDB1D4F8F831A0
:103B1000AB420DD0D4F8E401C4F8F851F0F7F2FE4E
:103B20000023D4F8E40100961A462946F0F7ACFECB
:103B300094F8FD31BB4207D0D4F8E40184F8FD715C
:103B4000036839465B6C9847D4F8E40103685B6FFF
:103B500098470546D4F8E40103689B6F98470746E9
:103B6000EDB1D4F8F431AB420DD0D4F8E001C4F893
:103B7000F451F0F7C7FE0023D4F8E00100961A468E
:103B80002946F0F781FE94F8FC31BB4207D0D4F807
:103B9000E00184F8FC71036839465B6C9847D4E90E
:103BA000785003689B6A984740280246184B28BF04
:103BB0004022284604A9F0F785FE05B2002D0ADD53
:103BC00002F0EAFC124BC4F8F0012A46D4F8E401F2
:103BD00004A9F0F767FED4E9780503689B6A984763
:103BE000402802460A4B28BF402204A92846F0F785
:103BF00069FE02B2002A05DD054BD4F8E00104A9F4
:103C0000F0F750FE03A8F0F795FD15B0F0BD00BF2A
:103C10009FAB5632FFF736BF0B2910D8DFE801F013
:103C20000D0F0F060F0D060F0F0F09090120106071
:103C3000704703231360012070470023FAE7002038
:103C400070470000F7B50746888BFFF709F90D4666
:103C50001646044648B3D1ED067AF4EE677AF1EEE3
:103C600010FA25D69FED137AF0EEE77AF4EEC77AD4
:103C7000F1EE10FA1CDC91F8201001AA3846FFF78B
:103C8000CBFF044688B12B69B3606B69F360D5ED57
:103C9000067A9FED097A019A67EE877A3046FDEE43
:103CA000E77A17EE901A02F039FD204603B0F0BD16
:103CB0000024FAE7001CA2470000C84210B586B0F5
:103CC000044602A8019102F023FD019902AA2046B0
:103CD000FFF7B8FF30B1236802A9DB6F2046984791
:103CE00006B010BD0220FBE7014B1868704700BF0B
:103CF0005853002010B5DFED160A91ED000A8AB086
:103D00000C46F1F795FCC0B10021124B1868FBF787
:103D1000FFFE2022002102A80FF012FD40F628230A
:103D2000ADF8203023680C48019301AA24234C21CC
:103D3000FDF77CFB00200AB010BD94ED000AF7EE01
:103D4000000AF1F775FC08B10121DEE70420F2E773
:103D500000000000585300201552002038B50546D9
:103D60000068ECF7DBFF04466868ECF7D7FF044413
:103D7000A868ECF7D3FFA4B2204480B238BD00009D
:103D80000023036043608360704700002DE9F04129
:103D9000224B03604FF6FF750446058118300E462E
:103DA000174601F0A5FD42F21073A4F84430122228
:103DB000002104F5D3700FF0C3FC192384F8AC3153
:103DC000482384F8B85184F8B23104F5DE7504F55F
:103DD000177828461035FFF7D3FFA845F9D1FF2300
:103DE00084F85C3204F51870FFF7CAFF04F51B7005
:103DF000FFF7C6FF0023C4E9AE3364224FF4FA7123
:103E000004F53470F9F7A0FA04F53C7002F080FC78
:103E1000C4F8907166612046BDE8F081A0FE0308F9
:103E20002DE9F843FF2304460D4680F85C3200F587
:103E3000DE784FF000094FF6FF7640465FFA89F7CB
:103E4000FFF78CFF90B141462046FEF715FAB8F80F
:103E50000E30EA1A92B2904225BF5B1BC0180020B8
:103E600080B2B0423CBF84F85C72064609F1010999
:103E7000B9F10A0F08F11008DFD194F85C22FF2A8B
:103E800004F518700DD04FF4DE7303EB0213E21843
:103E9000E358C4F860325368436093688360BDE8B8
:103EA000F883FFF76DFFFAE703687BB943687BB9D6
:103EB00083687BB1022293FAA3F0002BB0FA80F062
:103EC00008BF4FF0FF3000EB421070470022F2E7CE
:103ED0000122F0E74FF0FF307047000070B590F816
:103EE0005C32FF2B04460E4601D1FF2070BD00EB73
:103EF0000312B2F8CA514D1B02F5DE71FEF7BCF990
:103F0000ADB2A842F1D804F51870FFF7CDFF431CFD
:103F100004D131462046FFF783FFE6E7C0B2E5E76C
:103F2000502938B505460C460CD86209012304F027
:103F30001F0403FA04F455F8223023EA040345F879
:103F4000223038BDFDF75CFD0028EED1F9E7000016
:103F500037B5044600EB011000F5DE700D46114642
:103F6000CDE90002FFF7DCFF0098FFF7F7FE0199AB
:103F700018B904EB0513C3F8C80194F85C329D42EC
:103F800011D104F518700090FFF7CAFF0098FFF7F1
:103F9000E5FE40B902F002FB0146204603B0BDE851
:103FA0003040FFF73DBF03B030BD0000502938B5A9
:103FB00005460C460CD86309012155F8233004F05E
:103FC0001F0401FA04F41C4214BF0846002038BD47
:103FD000FDF716FD0028EED1F9E700002DE9F041CC
:103FE0000646FEF767F9431C154608D0062404FB75
:103FF0000060B0F8A83113800120BDE8F08106F51B
:10400000DE7800248FB239464046FFF7CFFF28B153
:1040100006EB0414B4F8C8312B80EEE701340A2C07
:1040200008F11008EFD1E8E7F7B504460E46FCF7B3
:10403000EFFC0746207CFDF78BF90546207CFDF759
:1040400087F905441035AF4230D3D6ED007AFCEE47
:10405000E77A17EE901AB1F5803F8EB207D3207C35
:1040600000223146FDF720FC042003B0F0BD2046BD
:10407000FEF7E2F851280146F1D000250DF10602C5
:104080002046ADF80650FFF7A9FF0346207C53B148
:10409000BDF806303BB14FF47A725A433146FDF712
:1040A00003FC0020E1E74FF0FF32F7E70120DCE7F7
:1040B000502938B505460C460BD86209012304F097
:1040C0001F0403FA04F455F82230234345F8223044
:1040D00038BDFDF795FC0028EFD1F9E719292DE946
:1040E000F74F04468846164605D1B2B1B2F57A7F3D
:1040F00028BF4FF47A7641462046FEF7DBF8421C93
:1041000005460CD0062000FB0544A4F8A86102F087
:1041100045FAA4F8AA01012075E06426EBE704F54E
:10412000DE72074681464FF0000B4FF6FF7A1FFA0A
:1041300088F1938973BB7B1C01D14FFA8BF70BF18C
:10414000010BBBF10A0F02F11002F2D1681C37D14A
:10415000002EE0D0B9F1FF3F52D0BAF1000F55D197
:104160004FF4DE73102515FB0935661941463046BC
:10417000FFF79EFF94F85C32FF2BCCD184F85C9261
:104180006359C4F860327368C4F86432B368C4F821
:104190006832C0E7104601910092FFF707FFDDE9A2
:1041A000002108B14FFA8BF593899B1B002BB8BFF8
:1041B0005B429BB253453CBF4FFA8BF99A46BEE730
:1041C0002EB9424629462046FFF7C2FEA3E7BAF1C0
:1041D000000F01D1A9459ED0294642462046FFF74F
:1041E000B7FE791C20D110204FF4DE7310FB053090
:1041F0002044FFF7B3FDB0B1B9F1FF3FB0D101E00A
:104200007A1C11D1002003B0BDE8F08F7B1CA7D031
:104210003DB204EB0515B946A5F8C86102F0BEF938
:10422000A5F8CA019CE72F46BAF1000F98D0EFE736
:1042300013B504460192FDF7FFFF5128014606D051
:10424000019A204602B0BDE81040FFF747BF0020AA
:1042500002B010BD30B585B005461446FDF7ECFF41
:10426000512801462CD0ACB901900DF10E02284620
:10427000FFF70EF9019910B90023ADF80E30BDF823
:104280000E202846FFF72AFF00280CBF042000203C
:1042900005B030BD631CEFD0002C11DBB4F57A7F84
:1042A00001DA0123E9E7074B9C4202DD4EF6602369
:1042B000E3E74FF47A7294FBF2F4ADF80E40DEE7D8
:1042C0000220E5E700879303D1ED027A9FED0C7A97
:1042D000F0EEE77AF4EEC77AF1EE10FA0DD591ED33
:1042E000017AD1ED007ABDEEC77AFCEEE77A17EEDF
:1042F000102A17EE901AFFF7ADBF0220704700BFDB
:1043000000000034F8B504460F4800220C25D3B253
:104310006B43C7187E68AEB1C35C8B4202F10102E9
:10432000F5D12046FFF7A6F8002506463A7AEBB20B
:104330009A4207D979683246C95C2046FFF7CEFE1B
:104340000135F3E7F8BD00BFAC78030873B50E4D37
:1043500000240C26E3B27343EA18013452682AB1F0
:10436000E95C0190FFF7CEFF0198F3E7C17A31B91C
:104370004FF47A7202B0BDE87040FFF759BF41F2C6
:104380008832EB21F6E700BFAC7803082DE9F3474C
:1043900090F87832044623B9FFF7D8FF012384F858
:1043A0007832FEF739F802F0F7F8DFF80CA107468B
:1043B00086B204F51B7804F5187902F0EDF8C01BFD
:1043C000042868D8DAF80000FBF766FC002862D100
:1043D00031462046FDF784FF421C1AD0062505FB16
:1043E0000045204695F8A611FEF7C2FA002852D0E3
:1043F000B5F8A811B5F8AA310B449BB2F21A92B2E3
:104400008A4288BF3346A5F8AA31FF2384F8B83121
:10441000D3E74046FFF748FD431C0AD0C1B220460F
:104420000191FEF7A5FA0199A8B34046FFF778FD80
:10443000C3E731462046FFF751FDFF2805462AD045
:1044400001462046FEF794FA28B34846A9B2FFF782
:1044500067FD4846FFF782FC0028AED194F85C1255
:1044600004EB011101F5DE712046FDF705FF94F81C
:104470005C2204EB0212B2F8CA3103449BB2F11A77
:1044800089B2814288BF3346A2F8CA3131462046FC
:10449000FFF7C6FC91E794F8722194F80033B4F862
:1044A000021384F80023D31A51FA83F3A4F80233D9
:1044B00002B0BDE8F08700BF5853002038B504466D
:1044C0000D4609B1482911D10020FCF711FF94F8DD
:1044D0005C32094A217CFF2B4FF0010303FA01F300
:1044E000117814BF0B4321EA03031370294604F526
:1044F0001B70FFF7DDFD38BD3253002070B5044658
:104500000E46002594F89030E9B28B4208D9236812
:1045100020461B6998473146FFF7D0FF0135F1E788
:1045200070BD000010B5D1ED007AFCEEE77A0446CC
:1045300017EE901AFDF780FE5128014604D0204660
:10454000FFF7BCFF002010BD0420FCE730B58B8BCB
:10455000B3F5027F85B004460D4643D8B3F5FF7F1F
:1045600009D2C92B71D031D8B92B63D020D8B02B48
:1045700066D0032028E0A3F5FF730A2BF9D801A227
:1045800052F823F0AF460208A5460208B9460208D1
:104590007345020873450208734502087345020813
:1045A0007345020873450208734502089B460208DA
:1045B000C32B4AD0C52BDCD1684602F0A9F823688A
:1045C0006946DB6F2046984705B030BDF52B4DD0CE
:1045D000F62B5AD0F12BCCD103681B6F05B0BDE888
:1045E000304018474AF2BC55AB4235D010D840F69F
:1045F0002824A34219D041F2B444A34248D040F247
:104600000E24A342B5D105B0BDE83040FEF7E4BCAE
:104610004AF29A62934224D04AF2CC629342A8D1E1
:1046200005B0BDE83040FEF701BC05B0BDE8304044
:10463000FFF760BB03685B6E05B0BDE8304018470C
:1046400005B0BDE83040FEF7DFBB2946204605B087
:10465000BDE83040FFF732BB03689B6E98470020EF
:10466000B2E705B0BDE83040FEF79EBB91ED000A11
:10467000F0EE000AF0F7DCFF18B3F1F7EFFB124A97
:1046800004212046FDF79CFBE9E703681B6EA5E7C4
:1046900005B0BDE83040FEF7CDBC05B0BDE8304008
:1046A000FEF79EBB05B0BDE83040FFF70DBE05B07C
:1046B000BDE83040FFF7B8BC05B0BDE83040FFF7BB
:1046C00031BF022080E700BF70FE0308C3888B4221
:1046D0000BD90389194483880068B1FBF3F203FB0B
:1046E00012113A2303FB01007047002070470000BD
:1046F00010B5C3885BB1028981880132013BB2FBEE
:10470000F1F401FB14220281C380012010BD184680
:10471000FCE700002DE9F04F8046007C4C4B4FF049
:10472000010995B009FA00F91F685FFA89F302934D
:10473000FCF70EFE363083B20393002507F5D87AD6
:10474000B7F8B6319D4221DA98F81000FCF7F6F878
:104750004FF42362014605A8EFF7D0FF4046FCF76F
:1047600057F9039B98420ED3AEB231465046FFF73D
:10477000ADFF044668B9F9F7CDFA40F637224FF499
:104780008011F9F7B3FA05A8EFF7D4FF15B0BDE82B
:10479000F08F90F83830029A1A4255D00178B0F86C
:1047A000332090F8353098F810B08DF81810ADF827
:1047B0004B20411C32220DF119008DF84D30FDF7D0
:1047C000B3F836235322CDE90032FD21332306AA64
:1047D0005846FBF77FFF94F8383023EA090384F842
:1047E00038308BBBB7F8B6319E4204D2013B9D42B4
:1047F00005D1A7F8B65105A8EFF79CFFA0E71EB9B1
:104800005046FFF775FFF6E7B7F8B631013B9E4219
:1048100017DA741CA4B221465046FFF757FF314601
:1048200083465046FFF752FF5B460BF1380253F8C0
:10483000041B40F8041B9342F9D11B8803802646D1
:10484000E2E7A7F8B631D6E70135EDB2D3E700BF0E
:10485000585300202DE9F041044601F09DFE636AA3
:10486000C31AB3F57A7F28D3606201F097FE002661
:10487000054641F28837B4F80680B8F1000F1CD025
:1048800000212046FFF722FF48B9F9F743FABDE8B7
:10489000F04140F611224FF48011F9F727BAC38E88
:1048A000EB1A9BB2BB4208D9B8F1010F01D1E680E7
:1048B000E1E72046FFF71CFFDDE7BDE8F0810000DF
:1048C00037B5044600F5DE7140F6F31201A8EFF7A4
:1048D00015FFB4F8B63123B901A8EFF72BFF03B0E9
:1048E00030BD94F8185294F89030AB4209D923683F
:1048F00029461B69204698470135FFF70BFFEDB2AB
:10490000F1E7002594F81832E9B28B4207D9236801
:1049100020461B699847FFF7FDFE0135F2E704F5D5
:10492000D870FFF797FFD7E770B590F8D82101232B
:10493000044680F8D9310AB980F8D8311B4E0325D6
:1049400056F8040B08B104F035FA013DF8D194F89B
:10495000186294F89030B34209D9236831461B6934
:10496000204698470136FFF711FDF6B2F1E794F8BB
:104970001832E9B28B4207D9236820461B69984751
:10498000FFF704FD0135F2E72046FFF799FF94F8A1
:10499000183294F890200133DBB29A4284F818322E
:1049A0009CBF002384F8183270BD00BF8C510020DA
:1049B0002DE9F041A0B0044617460E462F220021F3
:1049C00005A8984604910EF0BBFE40F68C1204F543
:1049D000DE7103A8EFF792FE5E48CDF80080006814
:1049E00004F1A8053B4640F20112C06A2946EFF7E0
:1049F000F3FF2B4604AA04F1D80C1868596817462F
:104A000003C7083363453A46F7D11B883B803A22F7
:104A1000002111A80EF094FE94F8D931002B00F07B
:104A20008E802046FBF73CF88DF87C009DF87C20BA
:104A30009DF8983013408DF87C30002B6BD001F03E
:104A4000ADFDADF87A0028468DF84460ECF7EAFB3E
:104A5000322809D9404A138801339BB2002B76D003
:104A600013801388ADF87730002728468DF87970C9
:104A7000ECF7D8FB3228064628BF3226062F8046A0
:104A8000B6B202D1322828BF3126322200210DF1E0
:104A900045000EF055FE324629460DF145000EF058
:104AA00005FEB4F8B421B4F8B6319A4203D104F546
:104AB000D870FFF71DFEB4F8B421B4F8B6118A42DD
:104AC0001FD0B4F8B8310B44B3FBF2F102FB113242
:104AD000D4F8B0313A210DF1440C01FB02330DF151
:104AE0007C0E624603CA724518605960944603F111
:104AF0000803F6D112881A80B4F8B6310133A4F84D
:104B0000B631B8F1310F354405D9BDF8773013B15E
:104B10000137072FA9D103A8EFF70CFE0F4B186838
:104B200010B104A902F0FEFD23682046DB69984716
:104B300010B92046FFF7C4FE20B0BDE8F08194F81C
:104B4000902001239340013B8DF87C306EE70123D8
:104B500086E700BF082600205C530020A0810020CB
:104B6000014B64221A7370473453002090F83010C0
:104B700029B9012380F83030183000F085BE704725
:104B8000FFF7F4BF002070470E20704700F58050FB
:104B900090F8F000C0F340007047000000F5885026
:104BA0007047000000F5805090F9F8007047000051
:104BB00000F58050C0F8F410012070472DE9F3474C
:104BC0000C68BDF8288014F0005407460D46964640
:104BD0009C4640F08F800E7B082E00F28B8000F503
:104BE0008059D9F800610136C9F80061302686F392
:104BF0001188C66BD6F808A01AF0806F17D1B46878
:104C0000240113D4B46814F080546FD1D9F808513A
:104C10000135C9F80851D9F80C51002D68D1CDF8EB
:104C20000080EFF76FFC84F311885CE001242B68AF
:104C300004F11802002B4FEA0212BABFDB0043F066
:104C400004035B05B3502B6813F0804F23B218BFE9
:104C500006EB031106EB03131EBFD1F8802142F0CF
:104C60000202C1F880212A7BC3F8842106EB0416D6
:104C7000AA68C6F88C216A68C6F88821D3F8802112
:104C800042F00102C3F8802141F2900107EB441287
:104C90000A4401EB44113944C2E900EC63012A469D
:104CA000083105F10C0052F8044B41F8044B8242E4
:104CB000F9D13B4412880A8003F5805308F00302BF
:104CC00093F8AC1021F00B010A4383F8AC200023C9
:104CD00083F31188CDF80080724663462946384632
:104CE000EFF710FC012002B0BDE8F08702249EE738
:104CF000204698E74FF0FF30F5E700002DE9F04F30
:104D000090F83830032B40F098800E2A00F29580FE
:104D1000002900F09480302383F31188C46BD4F809
:104D2000003243F00103C4F80032C46BD4F80032FF
:104D300023F47C53C4F80032C46BD4F8003243F43B
:104D40006063C4F80032C36B3E4CC3F81442C46BBA
:104D50000023C4F80432C46B6FF07845C4F80C52D9
:104D600000F5805494F8F8509D4218BF0E25DAB92A
:104D7000C36B05F1480143F83120C36B03EBC1035A
:104D80005A60C26B012303FA05F5C2F81C52C26BCC
:104D9000D2F8003223F00103C2F80032002383F37B
:104DA00011880120BDE8F08F4FF0010801F10409DE
:104DB000EF189A42D0F83CA008FA07FE36DD51F809
:104DC00033B059F833C0BBF1000F02DBBCF1000F68
:104DD00027DB4FEACB044FEACC0644F004041BF077
:104DE000804F07F1480718BF44F002044AF83740E3
:104DF000C46BBCF1000FB8BF46F0040604EBC70457
:104E00001CF0804F18BF46F002066660C66BD6F8ED
:104E10001C424EEA0404C6F81C4201330E2BC7D1D3
:104E2000B5E74FEA4B544FEA4C56D8E7DAF81C4244
:104E300024EA0E04CAF81C42EFE70020B2E7084655
:104E4000B0E700BFAAAAAA0A13B500F580540191E1
:104E5000D4F88400EFF7B0FE1F280BD90199D4F8DD
:104E600084002022EFF71EFFA0F120035842584192
:104E700002B010BD0020FBE708B5302383F3118892
:104E800000F58050D0F88400EFF76AFE002383F32A
:104E9000118808BD002202608281426082607047F2
:104EA00010B500220023C0E900230023044603813B
:104EB0000C30FFF7EFFF204610BD00002DE9F04356
:104EC00000F580570D4697F8F03013F0040FC3F348
:104ED000800108BF114661F3820387F8F03000EBD0
:104EE000451303F58553083389B01B79D907DDE9EC
:104EF000108904464FEA45163BD5002A3BD01807D7
:104F000039D404EB45156846FFF7CAFF05F584530D
:104F1000183303AA05F58555186859689446ACE816
:104F200003000833AB426246F6D11868CCF80000A3
:104F30009B88ACF804300123ADF808302368CDE934
:104F400000899B6C694620469847A31903F5855351
:104F500008331A7911070ED442F008021A71D7F8F3
:104F60000C3104F589540133C7F80C31C4E90289C6
:104F700001E0002AE9D109B0BDE8F0832DE9F0474E
:104F80009A4688B0074688469146302383F31188B5
:104F900007F580546846FFF783FFD4F88400EFF7E5
:104FA000F1FD1F282BD9D4F8840020226946EFF7A1
:104FB000FBFE202823D103AD444605AB2E4603CE8D
:104FC0009E4220606160354604F10804F6D13068E5
:104FD0002060B388A380DDE90023C9E90023BDF880
:104FE0000830AAF80030002383F3118853464A465C
:104FF0004146384608B0BDE8F047EFF72BBA00202D
:1050000080F3118808B0BDE8F08700002DE9F84F63
:105010002B4B044640F8043B0F4600F069FC182275
:10502000002104F11C000EF08BFB2046254B40F8BC
:10503000403BFFF72FFF04F15000FFF731FF04F171
:10504000700804F583554646103530462036FFF784
:1050500027FFAE42F9D104F580554FF480534FF04D
:105060000009C5E91D39C5F870800123C5F88460C1
:1050700004F5885804F58556C5F87C9085F880308D
:1050800085F88830103608F110084FF0000A4FF00C
:10509000000B46E908ABA6F11800FFF7FBFE20362F
:1050A00046F8289C4645F4D185F8F87017B10648B3
:1050B00001F046FA054BE3632046BDE8F88F00BFD8
:1050C000C87D030824010408FC00040800640040B3
:1050D00010B5044B197804464A1C1A70FFF796FF66
:1050E000204610BD645300202DE9F047002950D020
:1050F000294B2A4FB7FBF1F599428CBF0A231123A4
:10510000581EB5FBF3FC03FB1C53C4B22BB10228A1
:105110000346F5D80020BDE8F0870CF1FF36B6F560
:10512000806FF7D2C4EBC40E0EF103034FEAE3091C
:10513000C3F3C703A4EB030809F1010A4FF47A751E
:105140005FFA88F009FB05555AFA88F8B5FBF8F5BF
:10515000B5F5617FC1BF0EF1FF33C3F3C703E01A9A
:10516000C0B25C1C50FA84F40CFB04F4B7FBF4F4FA
:10517000A142CFD1013BDBB20F2BCBD80138C0B25B
:105180000728C7D80021107116809170D3700120B4
:10519000C1E70846BFE700BF3F420F0040787D01EE
:1051A00070B505460E464FF47A74EB6B5B6803F0FE
:1051B0000103B34207D04FF47A700BF093FA013C2D
:1051C000F3D1204670BD0120FCE70000F0B5C26BB2
:1051D000936913F0700F1ED000230F4E936141F2BC
:1051E000A80500F5805400EB43122A4411794F07BB
:1051F0000ED589070CD5C16B56F823708F601179D5
:1052000041F004011171D4F814210132C4F81421C1
:105210000133032BE7D1F0BD1001040873B51D461F
:10522000C36B16469A68D207044609D59A680121CD
:105230009960C2F34002CDE900650021FFF73EFE10
:10524000E36B9A68D1050BD59A684FF48071996029
:10525000C2F34022CDE9006501212046FFF72EFE72
:10526000E36B9A68D2030BD59A684FF4803199604A
:10527000C2F34042CDE9006502212046FFF71EFE41
:1052800004F58053D3F8F40038B1D3F8302101325B
:10529000C3F8302103681B699847204602B0BDE877
:1052A0007040FFF793BF0000F8B50446C66B0029B5
:1052B00040F08D8006F10C073868850700F090807B
:1052C0003868C00641BF04F58055D5F8200101308B
:1052D000C5F8200106EB011506EB0111D5F8B00168
:1052E00010F0040FD5F8B0011ABFC00840F000401C
:1052F000400D2064D5F8B0C11CF0020F1CBF40F077
:1053000080402064D5F8B40100F00F0084F84C0010
:10531000D1F8B80184F84400D1F8B801000A84F843
:105320004500D1F8B801000C84F84600D1F8B80166
:10533000000E84F84700D1F8BC0184F84800D1F889
:10534000BC01000A84F84900D1F8BC01000C84F8C3
:105350004A00D1F8BC11090E84F84B10382139608D
:1053600004F15C0004F1400104F14C0551F8046BB8
:1053700040F8046BA942F9D109880180C4E91423DB
:1053800021460023A4F8583051F8503B20469B6C2E
:10539000984704F58053E8B1D3F818210132C3F8D7
:1053A000182193F8F020D3F8F40042F0040283F8B7
:1053B000F02038B1D3F830210132C3F8302103682E
:1053C0001B6998472046BDE8F840FFF7FFBE06F18D
:1053D000100771E7D3F81C210132C3F81C21E0E764
:1053E000F8BD000010B5044601F0DEF802460B4699
:1053F00052EA030102D0013A63F10003044908684C
:1054000020B12146BDE81040FFF74EBF10BD00BFE0
:10541000605300202DE9F041302181F31188DFF83D
:105420005C8000F584511031002441F2A80E00F593
:10543000805C00EB441575442E79770713D4F6068B
:1054400011D5D1E9007697429E410CD2C66B58F82F
:105450002470B7602E7946F004062E71DCF81051E6
:105460000135CCF810510134032C01F12001E0D1B9
:10547000002383F31188BDE8F08100BF1001040808
:1054800008B5302383F31188FFF7A0FE002383F3D0
:10549000118808BD2DE9F041C36B0546986800F0FE
:1054A000E050B0F1E05F0F4623D000B3302383F328
:1054B000118805F584541834002641F2A80805EB3C
:1054C000461343441B791A0706D50136032E04F10F
:1054D0002004F4D1012007E05B07F6D421463846CA
:1054E000EFF76CF80028F0D1002383F31188BDE8B2
:1054F000F0810120FBE7000008B5302383F3118819
:1055000000F58050D0F88400EFF73CFB002383F3D4
:10551000118843090CBF0120002008BDF8B51D46C5
:10552000002313700F4606461446FFF7E5FF80F090
:105530000100387025B129463046FFF7ABFF2070D7
:10554000F8BD00002DE9B8410C4615461F468046BF
:1055500001F02AF80B462178024609B9287850B1A3
:105560004046FFF757FFFFF78BFF3B462A46214691
:10557000FFF7D4FF0120BDE8B881000070B53026E8
:1055800086F31188174B1A6C42F000721A641A6A7B
:1055900042F000721A621A6A22F000721A62002344
:1055A00083F3118800F5805494F8F03013F001056E
:1055B00016D1A9B186F311880321132009F002FD49
:1055C0000321142009F0FEFC0321152009F0FAFC48
:1055D00094F8F03043F0010384F8F03085F311883B
:1055E00070BD00BF003802402DE9F04700F580553E
:1055F00088B095F8F830012B04468846164600F22C
:105600008A80864F57F8232042B947F8230000F0DC
:1056100033FC95F8F83000EB8300C463D7F800A0A2
:10562000C4F8348084F83860BAF1000F65D095F87A
:10563000F830012B71D001212046FFF79FFF302366
:1056400083F31188E26B136823F002031360E26BAB
:10565000136843F001031360E36B00275F6187F376
:10566000118801212046FFF79BFD002800F096805D
:10567000D5F88400EFF774FA04F58459BA4609F1B5
:1056800010092022002168460EF05AF802A8FFF700
:1056900001FCCDF818A06A4609EB07030DF1180EBE
:1056A0009446BCE80300F44518605960624603F173
:1056B0000803F5D1DCF80000186020379CF80420BE
:1056C0001A71602FDDD195F8F0306FF38203002757
:1056D00085F8F0306A4641462046ADF80070ADF8D6
:1056E00002708DF80470FFF7FFFCE36B48BB4FF4CA
:1056F00000421A6008B0BDE8F08741F23810EEF7BA
:1057000069FE814610B15146FFF780FCC7F8009052
:10571000B9F1000F8BD10020ECE7386803689B6B70
:1057200098470146002886D13868FFF727FF386878
:10573000036832465B684146984700287FF47BAF98
:10574000E9E761221A609DF802309DF803201B06EC
:10575000120402F4702203F040731343BDF80020DA
:10576000C2F3090213439DF804201205022E02F42D
:10577000E0020CBF4FF0004100211343E26B0B43EA
:10578000D361E36B13225A61E26B136823F00103C8
:10579000136039462046FFF703FD08B9E36BA6E71F
:1057A00095F8F83093BBE16BD1F8002242F001028A
:1057B000C1F80022E16BD1F8002222F47C5222F0E1
:1057C0000E02C1F80022E16BD1F8002242F46062BF
:1057D000C1F80022E26BC2F81432E26BC2F8043264
:1057E000E26B41F6FF71C2F80C12E26BC2F8403274
:1057F000E26BC2F84432E36B0122C3F81C22E26B75
:10580000D2F8003223F00103C2F8003295F8F030EC
:1058100043F0020385F8F0306CE700BF60530020CE
:1058200008B500F0C1FE50EA0103024602D0421E54
:1058300061F10001044B186810B10B46FFF7EEFC54
:10584000BDE8084007F022BD6053002008B50020E5
:10585000FFF7C8FDBDE8084007F018BD08B50120F6
:10586000FFF7C0FDBDE8084007F010BD0368002148
:105870001B68184708B504300AF09CFC012008BDDD
:1058800004300AF08DBC00002DE9F84306460D46B1
:1058900021B904300AF062FC012424E003685B684B
:1058A00098470028F8D100F07FFE104B8846D3F8C7
:1058B00000904FF47A7107464D43D9F828000368E9
:1058C000C8219B689847336830465B689847044610
:1058D0000028E1D100F068FEC01B61EB0801A8427E
:1058E00071F10003E9D32046BDE8F88308260020C3
:1058F00010B5044B044640F8043B0AF0EDFB20468B
:1059000010BD00BF78010408034BC068DB68C31AF0
:1059100058425841704700BF38A700200CB430B53A
:1059200085B008AC0A46074954F8043B0D6800945A
:105930000146E86A0394EFF74FF805B0BDE8304040
:1059400002B070470826002013B5054C0093246868
:1059500013460A460146E06AEFF73EF802B010BD72
:10596000082600202DE9F341134601920E460A460F
:10597000002107460846FFF7E7FF041E019B05DCF0
:105980004FF0FF34204602B0BDE8F08104F1010879
:105990000121404601930BF077FB05460028EFD02C
:1059A000019B32464146FFF7CFFF3D60EAE700002A
:1059B0000EB403B503AA52F8041B0192FFF7D2FFFD
:1059C00002B05DF804EB03B0704700000A460146E0
:1059D000014807F0A9BC00BF50A200200FB407B5D2
:1059E000054B04A91B6851F8040B0191984703B0BB
:1059F0005DF804EB04B07047D82300207047000026
:105A000070470000002070470020704713B56C46B7
:105A100084E8060000F1140394E8030083E805001D
:105A200002B010BD0020704713B56C4684E8060034
:105A300000F10C0394E8030083E8050002B010BDF8
:105A40000023C0E90333704782B002AB03E90600CC
:105A500002B0704770470000002070477047000098
:105A600000207047002070477047000000207047FA
:105A70000020704782B002A901E90C0002B0704713
:105A8000704700000020704770470000704700001A
:105A9000012070470120704701207047283070476F
:105AA00082B002A9002001E90C0002B0704700009A
:105AB000704700007047000070470000704700000A
:105AC00008460BF0ADB9000008460BF073BA0000B1
:105AD00073B51E460C461546011D102201A8EEF7AF
:105AE0000DFE3246294620460BF0EEF9044601A889
:105AF000EEF720FE204602B070BD000013B50D2267
:105B00000C46011D01A8EEF7F9FD20460BF0A0F9A7
:105B1000044601A8EEF70EFE204602B010BD0000BC
:105B20000BF07CB908460BF073B9000008460BF087
:105B30004DB9000010B5064B044640F8843BEEF723
:105B4000D1FF04F17000EEF7CDFF204610BD00BF7D
:105B5000B010040810B4BDF8044001945DF8044B83
:105B600000F0FCBB10B4BDF8044001945DF8044B98
:105B700000F09EBB00F0B6BB00F0E6BB10B50446DB
:105B80003020EEF727FC70B10023C0E90333C0E9F1
:105B900005330371037A022262F302030372034B9B
:105BA0000360034B83622060204610BD1C02040882
:105BB0007405040810B5044B03600446406A08B13C
:105BC000EEF714FC204610BDA401040810B50446ED
:105BD000FFF7F0FF2046EEF705FC204610BD000061
:105BE00010B51D4B036000210446017100F5005003
:105BF00090B0802208300DF0A3FD04F5025008306B
:105C0000FFF776FE02200BF003F9144B0A94CDE95E
:105C10000B34134BCDE90D34124B0F9310A90246F0
:105C200011E9030005AB83E80300DDE90C0103ABD8
:105C300083E80300DDE90A0101AB83E803000A4BB6
:105C4000009304F50250234604F10801343001F0BA
:105C500029F9204610B010BD58030408655B0208FE
:105C6000755B0208795B0208555B02081B4A1C49F8
:105C70001C4B10B502611C4A42611C4A82610264DD
:105C80001B4A42641B4A82641B4AC161C2641B49AD
:105C90001B4A016202651B491B4A416242651B495E
:105CA0001B4A0360816282651A4B1B491B4A436091
:105CB000C162C2651A4B1B491B4A83600163002302
:105CC0001A4902661A4AC360044641634266C363C6
:105CD00000F034FC174B2360204610BD707C002080
:105CE00068530020F8010408845A00206055002001
:105CF000E85600207058002084580020705300207F
:105D00009858002064540020205A0020787B0020FE
:105D1000345A0020707B002090540020485A002004
:105D2000747B0020DC2300205C5A0020DC53002020
:105D3000705A0020B802040808B5302383F3118894
:105D4000074B1B689A68996B8A4201D0824200D245
:105D5000986098630AF05EFB002383F3118808BD06
:105D6000D85300207FB51C4605F09CF81022002176
:105D700002A80DF0E5FC324E3248334D01A94FF434
:105D80006143019309F076FB304BF2681A60B4204E
:105D90002C600AF08FFC05F0D7FC0BF089FA2C4B35
:105DA0001C684FF4E131206CEEF75AFD206903685E
:105DB0001B689847A06A03681B6898470A20FFF78A
:105DC000BBFF0BF087FB40B1224813210BF092FB85
:105DD00020494C2288180DF069FC1F4B28680122CD
:105DE0009A7303681B6898471C4B1B6813B11B6AA6
:105DF000DB0701D50BF03AFBE06A03685B68984764
:105E000038B1F7F787FF40F21B124FF40061F7F744
:105E10006DFF114803F074FDA06A0F4C03681B6B03
:105E20009847F3680E4ADA61B4200AF043FC286808
:105E300003685B689847204603F062FDF7E700BF00
:105E400038A7002050A20020F8530020D85300208B
:105E50000826002094540020787B0020887C0020B5
:105E600090010408014B1868704700BFD853002008
:105E700000487047FC53002000487047FC53002046
:105E800070B5454E454C464D0021304604F08AF928
:105E90003046444E224629460CF08EF80121304609
:105EA00004F080F92246294630460CF085F83E4E33
:105EB0003E4800F06FFF3E4800F06CFF0421304682
:105EC00004F070F92946224630460CF075F839483E
:105ED000394D00F05FFF394800F05CFF384800F0B2
:105EE00059FF384800F056FF374800F053FF374855
:105EF00003F0B0F8364B374A1A60374800F092FE8C
:105F00002846FFF76DFE224634492846344D0CF0F2
:105F100053F8344805F060FF2846334B40F8043B03
:105F2000242200210DF00CFC05F13400FFF7E0FC09
:105F30004FF0FF332D49EB64224628460CF03CF825
:105F40002B4B2C4D30221A714FF47A72DA804FF4B9
:105F5000FA621A81284A1A60284603F071FC274920
:105F6000224628460CF028F8254D264B002283F8BF
:105F70009C202846244A1A60244B40F8043BFFF733
:105F8000B7FC2246284622490CF016F8BDE87040BE
:105F90002048FFF76BBE00BF60550020747C0020D6
:105FA000355B0208E8560020985800207058002001
:105FB00084580020205A0020845A0020345A00209F
:105FC000485A00205C5A0020705A0020707B002044
:105FD000747B00207C020408707C0020B15A020807
:105FE0007053002068530020C80D0408B55A0208F9
:105FF00064540020787B002098040408B95A0208F1
:10600000DC5300209054002000130408940204087C
:10601000BD5A0208FC53002070470000037933B1D9
:1060200008304FF400530860136001207047184691
:106030007047000000F50250343001F015B900003F
:1060400010B50446007958B104F5005400F0A4FAE4
:10605000D4F8B030C01AB0F5FA6F2CBF0020012080
:1060600010BD000008B5F7F755FE96224FF4003139
:10607000F7F73CFE002008BDF8B50646F2B1CC08A3
:1060800001390A44C2F3CC050127A54216D3B4F561
:10609000806F0ED2630906EB830303F5005304F00F
:1060A0001F02996807FA02F20A439A600134A4B207
:1060B000EBE7FFF7D7FF0028ECD1F7E7F8BD0000CA
:1060C00000F50053022110B503220446A3F8A810DE
:1060D0000648FFF783FC04F50250343001F000F964
:1060E00010B9034800F02CFA10BD00BFBC02040830
:1060F000E202040810B50179044679B900F50050B0
:10610000802208300DF01CFB2046FFF7D9FF02214A
:1061100021710348BDE81040FFF760BC10BD00BF0F
:1061200000030408B3F5005FF8B507460E461446B1
:106130001D460DD8C3F500539A4209D80834FFF71D
:10614000D9FF2A4639193046BDE8F8400DF0AEBAFD
:10615000F8BD0000B3F5005F2DE9F34105460E469A
:1061600090461C4623D8C3F5005399421FD801F12D
:10617000080707442246394640460DF087FAB0B179
:106180002846FFF7B7FF05F50251F122083101A8B3
:10619000EEF7B4FA2246414638460DF087FA284613
:1061A000A2B23146FFF768FF01A8EEF7C3FA02B0CA
:1061B000BDE8F08137B505460C4601A80121EEF790
:1061C00083FAE10005F5025089B20822343000F06C
:1061D00071FF044601A8EEF783FA204603B030BDF4
:1061E0002DE9F74F0379044643B300F5005300F55A
:1061F00002560833083653F8042B42B9B342FAD199
:1062000000F0CAF904F50054C4F8B00016E0002507
:10621000012204F50051C5F34A134FEA830901EB4B
:10622000830305F01F079B6802FA07F71F421FFA56
:1062300085FA06D10135B5F5806FECD103B0BDE824
:10624000F08FED004FF488723146083501A8EEF763
:1062500055FA42F2A0026359A35004EB050B04EB7C
:106260000208DBF80430C8F8043001A8EEF762FA3F
:106270002379022BE2D151462046FFF79BFF0028ED
:10628000DCD04FF49C72314601A8EEF737FA0822B1
:10629000594640460DF0FAF930B94C4404F5005423
:1062A000A36823EA0703A36001A8EEF743FAC5E752
:1062B00038B51C460A4B1B6815465A6B00F500534F
:1062C000B3F8A800136801441B6810469847BDF84E
:1062D0001020411920460DF0E9F9012038BD00BF1A
:1062E000082600202DE9F743DFF8589006460F46B0
:1062F00005244FF47A7101A8EEF7E6F9D9F8008089
:1063000006F50053D8F83400B3F8A81003683944F0
:10631000DB689847054630B101A8EEF7E1F9284659
:1063200003B0BDE8F083D8F82800036801215B685A
:106330009847013C01A8EEF7D3F914F0FF04D8D137
:10634000EDE700BF08260020034B1B68DB6A93F8CB
:106350009C0080F001007047082600202DE9F04FD6
:106360002DED028B08EE103A2C4BD3F8009004462A
:1063700004F50053D9F834000F46B3F8A8100368A9
:1063800085B01B68BDF840B0394490469847052554
:1063900000EB080A012103A8EEF796F9D9F83400BA
:1063A000036818EE102A1E6951465B46B047064640
:1063B00040B103A8EEF794F9304605B0BDEC028B6E
:1063C000BDE8F08FD9F82800036801215B68984781
:1063D000013D03A8EEF784F915F0FF05DAD1204658
:1063E000FFF7B2FF0028E7D000F0D6F804F500521E
:1063F00041F28831D2F8AC30C31A8B42DCD9C2F8F2
:10640000AC0004F50250343000F058FF5B460090B9
:10641000424639460248FFF7E1FACDE70826002058
:106420002003040870B51D46164B1B6813B11B6A88
:10643000DB0725D5144B1E68F46A94F84630C3B9BF
:10644000124BA4F84400DB6884F84610E26163B1A3
:106450009A6884F84720D96939B194F9483023B94A
:10646000042204F1480000F0A1F8094B5B68C4E97C
:106470000835F06A1321BDE8704004300BF034B8E1
:1064800070BD00BF887C00200826002038A70020AF
:1064900000ED00E000B59BB0EFF30981682268468B
:1064A0000DF004F9EFF30581074BC9B29A6BD86A76
:1064B000986A986A986A986A986A9B6A059B7B2092
:1064C000FFF7B0FFFEE700BF00ED00E000B59BB0B6
:1064D000EFF30981682268460DF0E8F8EFF30581D3
:1064E000064BC9B29A6B986A986A986A986A986AD1
:1064F0009B6A059BBF20FFF795FFFEE700ED00E0DC
:1065000000B59BB0EFF30981682268460DF0CEF824
:10651000EFF30581064BC9B25A6B986A986A986A7C
:10652000986A9B6A059BE320FFF77CFFFEE700BFAC
:1065300000ED00E0FEE70000FEE70000704700000D
:106540000FB407B504AC54F8046BF7F7E3FB4FF452
:10655000A5722021F7F7CAFB214630460194FFF7C8
:1065600035FA094B1D68A86A03689B6842F21071EE
:106570009847214630460194FFF728FAA86A036835
:106580004FF4FA715B68F3E708260020014B586A64
:10659000704700BF000C00400AF0F2BD08B50AF0D9
:1065A000EFFD80B208BD00000AF0CEBDF8B50D4683
:1065B00007461146284616460DF0AEFD86420446B3
:1065C0008CBF421C0246294638460DF06FF8204623
:1065D000F8BD000070B5467B05460EBB4468836875
:1065E00004EB8404A40804F50074E21A914288BF05
:1065F000CC180C4B29681B68D86A0368621C1B6D99
:10660000984718B901232B73304670BDAB68C5E9B4
:106610000004E21A002118440DF092F80126F3E775
:106620000026F1E7082600200EB470B5017B85B086
:10663000044619BBD0E901239A421BD0134B1E68B4
:106640000AADD4E9012120680095521A099B0395EF
:106650000144F06AEEF7C0F900280FDBD4E901230A
:10666000D21A82420FD8411C2046FFF7B3FF002800
:10667000E7D103E0FFF7AEFF0028DFD105B0BDE8AA
:10668000704003B070471844A060F7E70826002068
:1066900070B5037B04460E4615460BB1002070BD55
:1066A000D0E901329B1AAB4205D356B9A2682A44FD
:1066B000A2600120F3E72946FFF78CFF0028F4D100
:1066C000ECE72068A3682A46314618440CF0EEFF38
:1066D000ECE7000010B5437B044613B900680AF0EC
:1066E000D7FC204610BD0000F8B5044600680F46F0
:1066F00016461D4608B10AF0CBFC4FF48073C4E97E
:106700000076A560A381F8BD102200210DF018B815
:1067100010B50446FFF7F8FF204610BD037841602E
:1067200023F00D03022A037008D0032A0AD0012A9D
:1067300003D1DBB243F0010303707047037843F0E9
:106740000803F9E7037823F0050343F00503F3E7B3
:106750000148FFF7D9BF00BF787C002070B5044620
:10676000406A0D46164620B1EDF740FE0023A38394
:10677000A37705EB4500EDF733FE606228B10023F7
:106780002577E67784F82030012070BD817270474C
:10679000F0B4446A0E4611467CB1457F224600277C
:1067A0005FFA87FC65450DD992F801C08C4506D18A
:1067B00092F800C0B44502D19370F0BC7047013725
:1067C0000332EDE7027FAA4204D182680A48F0BC96
:1067D000FFF704B905EB45056655457F05EB450513
:1067E00025446970427F02EB42021444A370437F48
:1067F00001334377E1E700BF7403040813460A46F8
:106800000021FFF7C5BF0000F0B587B004460E4673
:106810008DF80F208DF814108DF815200BB1FFF7AF
:10682000EDFF226800230093156905A90222204686
:10683000A847A76905463FB130B1012360690093BD
:106840000DF10F023146B847284607B0F0BD0000F1
:106850002DE9FF41984603790B438DF80F3003680B
:10686000CDF800801D69174613460E4601220DF132
:106870000F010446A8470546606908B9A3693BB102
:1068800035B100230093A46943463A463146A047F8
:10689000284604B0BDE8F081F7B5437F04460BB944
:1068A00001201CE090F82030C27F0133DBB29A4215
:1068B00080F82030F4D80023857F476A80F82030A4
:1068C000036905EB45057E195BB1795DC0689847A2
:1068D00038B97B5BA4F82130B37884F8233003B057
:1068E000F0BD717801230DF106022046FFF7B0FFDD
:1068F00068B1B2789DF806309A4208D1A37F627FD2
:106900000133B3FBF2F102FB1133A377C8E70DF1BA
:106910000702717801232046FFF79AFFB27818B179
:106920009DF807309A42E9D0002371782046FFF79E
:106930006BFF7B5BA4F821309DF8063084F8233090
:106940000020CCE7F7B50669154604461A46DDE98E
:1069500008374EB9216808970E6920462946B44683
:1069600003B0BDE8F0406047C068CDE90023B04700
:10697000DDE900230028EDD103B0F0BD1FB5047997
:1069800022438DF80F20069ACDE9003201230DF144
:106990000F02FFF7D7FF04B010BD00007FB59DF8D0
:1069A00020608DF80C2004460D468DF80D300EB198
:1069B000FFF7EEFE0023CDE9003303AA02232946A8
:1069C0002046FFF7BFFF04B070BD000001717047A3
:1069D00013B500F0070040EAC100002401948DF8CF
:1069E00004008DF805208DF80630019802B010BD26
:1069F00082B001908DF80610019802B07047000037
:106A00002DE9F74F10EE103A009210EE102A0729E8
:106A100028BF0721C3F316044FEAD37812024FEAC6
:106A2000D35307460E4603F0FE0340F1AC8001331A
:106A3000DBB2FF2B02D044F4000402E094BB48F028
:106A40000408DA0859495A4811F90290594951F88D
:106A5000225003F00703A4FB0554C3F10F021133C6
:106A6000B2F1200104FA03F325FA02F558BF44FA03
:106A700001F145EA03054FF0000B58BF0D431441E7
:106A800045F6F321CDF804B04FF0300A2A1A64EB32
:106A90000103002B1DDB0AF1010A4FFA8AFA1546A1
:106AA0001C46F3E748F00808CBE70123C9E70123B8
:106AB000019350EA01030AD1634630201946013B95
:106AC0000A78013252B23A2A50D00A703BE093461B
:106AD000DAE700230A22EAF7B9F8019BD3B9BAF141
:106AE000300F06D109F1FF394FFA89F92A462346BA
:106AF000D5E7009B63B3009A09F101035BB2013A49
:106B0000012BACBFD218013202F0FF039E4200936A
:106B100028BF1E460BF10103BAF1390FDAB257FA5A
:106B200083FC18DC964207F802A0C0D80A22A0FB1A
:106B30000206400840EAC670281A02FB016164EBB5
:106B400061010029B8DA87F800800FFA89F02AE09D
:106B50000136F6B2DEE7A2EB0B0039213844CDF85E
:106B600000C00CF0EDFDDDF800C0A5E7BB4208D188
:106B7000312309F101090B704FFA89F948F0100827
:106B8000E1E758709AE7002B7FF455AF002C8CD1C9
:106B9000384648F00208721C00F8018BD2B230214E
:106BA0000CF0CEFD204603B0BDE8F08F30040408A1
:106BB00000407A10B00304089FED010A704700BF3F
:106BC0000000000000207047002070470368DB6869
:106BD0001847000090ED010A70470000D0ED017ADF
:106BE000B1EE040A67EE807A9FED020A27EE800A72
:106BF000704700BF0000803A0120704770470000D6
:106C0000B1EE040A7047000008B50820EDF7E2FB7A
:106C100018B1024B0360024B436008BD58040408DE
:106C20007B148E3F014B0360704700BF780404085B
:106C30007047000070470000002070477047000058
:106C4000704700007047000003689B6B1847000006
:106C50000368DB6B18470000704700000020704796
:106C600070470000002070479FED010A704700BF89
:106C70000000C84200207047002070470020704785
:106C800070470000002070470020704700207047C8
:106C900070470000704700007047000000230B6041
:106CA00001207047002070470020704770470000A7
:106CB00070470000704700007047000070470000F8
:106CC00070470000002070477047000000207047A8
:106CD0007047000070470000002070470020704798
:106CE0000020704770470000002070477047000088
:106CF00070470000704700007047000070470000B8
:106D000032207047704700000F299CBF00EB410004
:106D1000428170470F299ABF00EB410040894FF430
:106D200061707047102A0B4628BF102200F10A013B
:106D3000520018460CF0BABC03790BB10022027164
:106D40001846704703685B681847000003791BB951
:106D500001230371184670470020704770470000F8
:106D600010B50446EDF73EFB204610BD704700000D
:106D700070470000002070470020704701207047D6
:106D8000104670470020704708460149FFF74CBC89
:106D90008C050408014B0360704700BF9C05040884
:106DA00010B5074C0A44914208D011F8013B43400A
:106DB000DBB254F8233083EA1020F4E710BD00BFA3
:106DC0004008040830B5094D0A4491420DD011F82D
:106DD000013B5840082340F30004013B2C4013F0D2
:106DE000FF0384EA5000F6D1EFE730BD2083B8ED11
:106DF00010B5084C0144884209D010F8013B83EAE1
:106E0000122334F8133083EA022292B2F3E71046D9
:106E100010BD00BF4006040830B50F4D04460144C4
:106E200000208C4216D014F8013B83EA1043DBB2F9
:106E30001B0408225B0013F0807F02F1FF3218BFB1
:106E40006B4012F0FF02F5D1020222F07F4282EA8B
:106E50000300E6E730BD00BFFB4C860190ED000A61
:106E6000D0ED010A08B5B1EE400A0BF01DF9DFEDD7
:106E7000027A30EE270A08BDDB0FC93FD0ED017A58
:106E800090ED007A67EEA77AE7EE077AF5EE407AA2
:106E9000F1EE10FA02D4B1EEE70A7047B0EE670ADD
:106EA0000BF0A2B982B010B5044602A8C4E90012E2
:106EB00040F8043F03C804F1080383E80300DDE958
:106EC000050104F1100383E80300DDE9070104F183
:106ED000180383E80300DDE9090104F1200383E8D6
:106EE00003002046BDE8104002B0704710B50A44C8
:106EF00092B2914208D004684B1C615C9BB209B10C
:106F0000002010BD1946F4E70120FAE70378FF2BB3
:106F100006D0FE2B06D0FC2B14BF042003207047A4
:106F2000012070470220704710B4BDF8044001945E
:106F3000D0E90004A4465DF8044B60472DE9F04316
:106F4000054685B08946042400F110074FF0020879
:106F50006B68023BA3423BD9CDF8008003AB2246CD
:106F600049463846FFF7E0FF40B19DF80C3003F08A
:106F70000303012B08D0032B02D063B1002000E0F3
:106F8000EC6205B0BDE8F0839DF80D305B0904EBC1
:106F9000C3040A34DCE7BDF80C309DF80D20C3F3C0
:106FA0008A035209DB0001329BB2D60003EBC20216
:106FB000B2F5005FE2DC2A68009613444946A21C41
:106FC0003846FFF7B1FF0028D8D002363444BFE777
:106FD000EC620120D5E7000010B4BDF80440019434
:106FE000D0E90004A4465DF8044B6047F0B5026B9D
:106FF00087B004466AB990F82850039285F00105DD
:107000000426009605AB29461030FFF78DFF039A42
:1070100008B900202DE0059B174923F0FF038B42A0
:1070200003D0012384F83430F3E705A8FFF76EFF9F
:107030000128F6D1114B059304F1080794F82810A4
:10704000009605AB38460392FFF7C6FF0028E0D054
:107050000B4B0593039A009605AB29463846FFF77C
:10706000BBFF0028D5D04FF40553C4E90B6384F867
:10707000285007B0F0BD00BF005B6851FC5B685151
:10708000FE5B68517FB50446D0E906030D461646FF
:10709000984758B156B1064B03930423009300223E
:1070A00003AB294604F10800FFF796FF04B070BD5A
:1070B000FF5B68512DE9F04790F8343094B00546F5
:1070C0000F461646002B3FD14FF00108002E7BD013
:1070D0006B68EA6A9A1A2B6B3F2E03F1420394BF46
:1070E000344640249A42E4B232D39DF80C3068F31F
:1070F00001038DF80C30BDF80C30C7F3CA0107341A
:1071000061F38C03C4F3C404ADF80C30621EA946CD
:10711000C3F3072362F347138DF80D3059F8083B8A
:10712000E40003EBC10122460DF10E004FF0020A0C
:107130000CF0BCFAEA6A95F82810CDF800A003AB71
:107140004846FFF749FF98B9002014B0BDE8F08722
:107150002846FFF74BFF0028C7D1D5E90803984719
:107160000028F1D0284600F069F80028BDD1EBE7EF
:10717000EA6A95F8281000940DF10E030232484691
:10718000FFF72AFF0028DFD09DF80C30EA6A95F857
:107190002810CDF800A06FF301038DF80C3048469D
:1071A00003ABFFF719FF0028CED0EB6A023323446C
:1071B000EB6207F00703E41AE4B2B442C5DC2744EB
:1071C000341BBFB2A6B281E70120BEE737B5054642
:1071D0004FF40054402C2246C4F50051A8BF402271
:1071E00089B292B22846CDE90012FFF77FFEDDE9B1
:1071F000001218B1403CEDD1012004E02846FFF711
:1072000059FF0028F6D103B030BD0000002310B5AF
:1072100080F8343003630446FFF7D8FF60B194F878
:107220002810012251402046FFF72CFF20B12046B4
:10723000BDE81040FFF7DABE002010BD38B590F869
:107240003550044645B1F6F765FD91224FF4001123
:10725000F6F74CFD002038BD012380F83530FFF7EC
:10726000D5FF84F83550F6E77FB50025042680F871
:10727000345080F82850C6622A4629460446FFF753
:1072800001FF10B9002004B070BD94F82820013A25
:1072900018BF012201212046FFF7F4FE0028F1D09B
:1072A000054B039394F82810009603AB2A4604F18B
:1072B0000800FFF791FEE6E7FE5B685110B5044653
:1072C000D0E90803984740B12046FFF7CDFF20B131
:1072D0002046BDE81040FFF779BF002010BD000038
:1072E0002DE9F04F074687B005464FF4005257F896
:1072F000100BDFF81CB100210CF022FA0DF1100A7E
:107300000026D146042300930022534631463846D6
:10731000FFF70AFED046044630B90024204607B0E5
:10732000BDE8F08F0126EDE74046FFF7EFFD01389D
:10733000D8F80020C0B202280AF1040A22F0FF02A5
:1073400001D85A4504D02846FFF78EFF0446E5E7EA
:10735000002EE7D04846FFF7D9FD07468DF80C0010
:1073600005A8FFF7D3FD874280468DF80D0003D1B5
:10737000012FE8D1002608E0032FFBD0032804D01A
:10738000022FF7D0831E5E425E4106AB334413F8F2
:107390000C9CA9F10203012B05D831462846FFF7C2
:1073A000CDFD0028CFD086F0010106AB0B4413F8C9
:1073B0000C3C023B012B04D82846FFF7BFFD0028F8
:1073C000C1D00023B9F1030F85F834302B6315D0F9
:1073D000032F06D1012200212846FFF753FE002883
:1073E0009BD0B8F1030F06D1012211462846FFF7C2
:1073F00049FE002891D000232B638FE786F0010619
:1074000085F828602846FFF7E1FE0028E0D19AE7DA
:10741000005B685190ED3C0ADFED057AB0EEC07A72
:10742000B4EEE77AF1EE10FA48BF90ED3D0A7047EE
:107430000000003438B5D0F8A43004460D465BB1E6
:10744000FFF7AAF8D4F8A430C01A42F20F7398429A
:1074500002D894ED280A38BD242101FB054494ED9F
:107460000A0ADFED057AB4EEE70AF1EE10FA58BF2A
:10747000B0EE670AEFE700BF00000C422DE9F047CD
:107480000446FFF789F8D4F8F86042F21073861BBF
:107490009E4288BFC4F8F8004FF000084FF024095E
:1074A00042F2107A237C5FFA88F5AB421DD9022D97
:1074B00011D809FB054797F8393063B197ED0D0AEC
:1074C000D7ED097AD4ED250A30EE270A204604F0DC
:1074D0009FFD87ED0C0A564504D909FB0540303065
:1074E000F0F72AFB08F10108DCE7617C2046FFF792
:1074F000A1FF84ED3D0ABDE8F0870000014B18684C
:10750000704700BF8C7C0020704700000346C06AB3
:10751000012807D0032805D0186B012802D00328C2
:1075200018BF02207047000000207047012908D8CA
:107530000C2303FB010090F91C00003818BF012048
:10754000704700207047000070B50446FFF7EEFF5B
:1075500050B104EB8104D4F8B40028B10368BDE84D
:1075600070401B6911461847002070BD10B50246D7
:10757000FFF7DCFF60B13C2303FB012393F84D00D0
:1075800030B102EB8102D2F8B400003818BF0120FC
:1075900010BD000010B500210446FFF7C7FF18B169
:1075A0002046FFF7E3FF50B101212046FFF7BEFF61
:1075B00030B12046FFF7DAFF002818BF084610BD9B
:1075C0000846FCE710B502460C46FFF7AFFF28B1AE
:1075D0003C2101FB042292ED0E0A10BDBFEE000A11
:1075E000FBE7000010B502460C46FFF79FFF28B1ED
:1075F0003C2101FB042292ED0F0A10BD9FED010A10
:10760000FBE700BF00000000014B1868704700BF97
:10761000907C00200020704708B50B4B1B688BB195
:107620001422002109480CF08BF8002308491A465F
:1076300041F8332001339D2BFAD1064B1A60064BDB
:1076400001221A7008BD00BFB47C0020A07C00207D
:10765000B87C00209C7C0020987C002010B5074B53
:107660001B7804460BB9FFF7D7FFA3B29C2B95BF3D
:10767000034B044B53F83400186810BD987C00206D
:10768000B87C00209C7C002010B50446FFF7C2FFA8
:1076900001300BD0064B186838B1012202FA04F30E
:1076A000C268134214BF0120002010BD0120FCE776
:1076B000947C00200248142200210CF041B800BF45
:1076C000A07C0020F8B5094E094F05460024327809
:1076D000E3B29A4208D957F8230018B10368294643
:1076E0001B6998470134F2E7F8BD00BFA481002070
:1076F000A8810020F8B5094E094F054600243278CC
:10770000E3B29A4208D957F8230018B10368294612
:107710005B6998470134F2E7F8BD00BFA4810020FF
:10772000A881002010B5322204460F300CF0E0FC96
:10773000002384F84130FEF72FFF606410BD000085
:1077400030B5C578D5B0E82D28BFE8250446E82235
:1077500000211AA80BF0F4FF2A4604F10C010025C1
:107760001AA80BF0A3FF2946602202A801950BF08E
:10777000E7FF1E220DF16A0101A80CF0B9FC01A877
:10778000E9F750FDC821044622A80CF0C5FCC4F15D
:107790006302C0B2824201AB28BF024622A9181977
:1077A0000BF084FF01A88DF86750FFF7A3FF55B0D9
:1077B00030BD000010B50446006810B103685B6876
:1077C0009847204610BD00002DE9F041CE78D4B096
:1077D000342E28BF34260C4634220021054605A845
:1077E0000BF0AEFF324604F10C0105A8002412AEE6
:1077F0000BF05CFF7C22214613A8049434600BF04C
:107800009FFF9DF81A709DF84580002F6DD1564B53
:107810001B68596804220B68CDE90172534A009233
:107820001C689DF81B209DF81C3032A8A0470498C6
:10783000329B0493329710B103685B68984732A873
:10784000F5F796FE0498002800F085809DF84630F4
:10785000802B00F2828003685B6A984703680A21E4
:107860001B68984700287AD0B8F1FF0F9DF84710A1
:107870009DF8463004984FD1CDE9006300231A46A5
:10788000FFF760F84FF000080446049803685B6A4D
:1078900098470368DB689847002C62D005999DF8EB
:1078A0004620329100219DF847308DF8CC108DF89C
:1078B000CE20314680220DF1CF002C7C8DF8CD807A
:1078C0008DF84F310BF0F2FE88230F22CDE9003204
:1078D00042F6F921872332AA2046F8F7FBFE04A8D6
:1078E000F5F73CFE54B0BDE8F081012F1CD11E4BD2
:1078F0001B6899680B6832A81B680DF11D02984738
:107900000498329B0493329410B103685B689847E3
:1079100032A8FFF74FFF95E700939DF845203346C7
:10792000FFF72CF80446B0E701239DF845109DF8B9
:107930004720059832908DF8CD108DF84F21002109
:1079400080220DF1CF002C7C8DF8CC308DF8CE103C
:107950000BF0F6FEB8E70223E7E70523E5E703238C
:10796000E3E70423E1E700BF08260020801A0600B1
:1079700070B5CE78B4B0B42E28BFB4260C46B4226D
:107980000021054607A80BF0DBFE324604F10C018E
:1079900007A80BF08BFE9DF8224000260496002CD1
:1079A00054D1464B1B68596804220B68CDE901424B
:1079B000434A00921E689DF823209DF8243005A8B4
:1079C000B047DDE90403CDE9043410B103685B6816
:1079D000984705A8F5F7CCFD0498002869D00368FE
:1079E0005B6A984703680A211B689847002862D0A1
:1079F0009DF84D30FF2B4FF000043ED1CDE90044FF
:107A00009DF84E309DF8CF1004980DF14F02FEF70F
:107A100099FF002849D10424049803685B6A9847B9
:107A20000368DB689847079B059340220523CDE94F
:107A30000032287C8DF8184005AA42F6FB21F8F7A1
:107A400049FE04A8F5F78AFD34B070BD012C2ED193
:107A50001A4B1B6899680B6805A81B680DF1250275
:107A60009847DDE90403CDE9043610B103685B688B
:107A7000984705A8FFF79EFEAEE726469DF84E30D4
:107A80000498E2B2934210D99DF84D10009634ABA1
:107A900013440A4413F8813C9DF8CF10D2B2FEF78C
:107AA0007DFF01340028E9D1B5E70024B4E70124C3
:107AB000B9E70224B7E70324B5E700BF0826002092
:107AC000801A060070B50646ADF5027D08790C46B1
:107AD000F8F734FF6722014602A8ECF70FFE307C6E
:107AE000F8F77AFD0546307CF9F732FC00F1FE0329
:107AF0009D424FF0000509D2307CF8F7CFF802A87C
:107B0000ECF718FE28460DF5027D70BD2946F722D8
:107B100004A80BF015FEE3888DF80C301B0A8DF8D5
:107B20000D30237B8DF80E30237A8DF80F30E37AF9
:107B30008DF810302146637A8DF81130A37A8DF8D4
:107B4000123051F80F3B8DF814301A0A8DF81520B9
:107B50001A0C8DF816201B0EEF2206A88DF8173090
:107B60000BF0A4FD627BA37B26798DF8092103A984
:107B7000FB220DF20B108DF808518DF80A310BF035
:107B800095FDFE235422CDE900326E2142AA3046F3
:107B9000F8F7A0FD0125B2E7F0B52B4D2E6887B0B0
:107BA000074616B1012007B0F0BD0820ECF712FC23
:107BB000044670B10123066003711420ECF70AFC3F
:107BC000064618B14FF4C061ECF77AFF0023266037
:107BD00023712C604CB92C683CBB002404201B4949
:107BE0002C60EAF7D9FD2046DDE72368002BF2D0B0
:107BF0005B68FF2BEFD91B0A012BECD0144B0497C9
:107C00001B68986A03681C6D124B059300220923B8
:107C1000CDE901324FF42063009306AA12E9060071
:107C20000D4BA0470028BDD1D5E723793BB9266885
:107C30002EB13046ECF756FF3046ECF7D3FB20462A
:107C4000ECF7D0FBC9E700BFC0810020400C04085E
:107C5000082600207D850208580C040870B5ADF593
:107C6000007D05460C46FFF797FF00284BD0E678CD
:107C7000FE2E28BFFE26FE22002168460BF060FD86
:107C800004F10C01324668460BF010FD2B7C8DF898
:107C90000431BDF80330ADF806319DF805308DF89C
:107CA0000C319DF806308DF808319DF807308DF8BD
:107CB0000B319DF808308DF809319DF80930003BF3
:107CC00018BF01238DF80A31DDF80B304093E379BA
:107CD0008DF80D31EF22237A8DF80E310DF10F0161
:107CE0000DF20F100BF0E2FC084B1B681C682046DD
:107CF000ECF762FFFF2806D94FF480720DEB02010A
:107D00002046ECF7CFFF0DF5007D70BDC08100204F
:107D100013B5044621200191FAF7FCF930B101991D
:107D2000204602B0BDE81040FFF7CCBE02B010BD47
:107D300038B58123037202294FF0010304460D4632
:107D4000C173C37208D10BF09BFC0368022B04D0F3
:107D5000112B04D10823E37338BD0A23FBE70BF092
:107D60008FFC03682374E572F6E700002DE9F0410B
:107D700004460D46FEF710FC134E144F30612946A1
:107D80002046FFF7C5FF30B93B68986A03680221B7
:107D90005B689847F3E76B7A012B04BF00233361DC
:107DA0002979337D23FA01F2D2070AD501228A40CC
:107DB00023EA02033375236820469B6EBDE8F04139
:107DC0001847BDE8F08100BFC081002008260020D0
:107DD0002DE9F04F9DB01C4693F8FF3004AF0646E6
:107DE0008846924663B1A3F10A0253425341B8F167
:107DF000020F07D84FF0FF306437BD46BDE8F08F63
:107E00000123F4E70022327073B994F8FF20012AAD
:107E1000F0D12048CDE9004300681F4BC06A4246BC
:107E20003146ECF7F9FDE7E75046E9F7FBF9FF21AA
:107E3000054620460CF070F9054405F1090323F0CE
:107E40000703E946ADEB030D124BCDE900A4D3F8CF
:107E500000B0124BDBF82C0004A9AA1C7960ECF7E7
:107E6000DBFDF6F797FC796807F10802F6F74CFBA3
:107E700060B90290BB69CDE900434246084BDBF88C
:107E80002C003146ECF7C8FDCD46B5E74FF0FF308A
:107E9000FAE700BF082600206B0C04085C0C0408FD
:107EA000620C04082DE9F8430746064657F80F3BD5
:107EB0000B600C463846EF210CF02EF9F37A834222
:107EC00000D13BB9812323720323E3730123E372BF
:107ED000BDE8F883002586F8FD503846E9F7A2F999
:107EE000012805D901383044C37B2F2B08BFC57347
:107EF000F6F750FC3946F6F743FB8046B8B104F17B
:107F00000F09356825B3F6F745FC4146F6F770FBD7
:107F1000034690B9812323720623E3730123E3729E
:107F2000F6F738FC4146BDE8F843F6F7ADBB20460E
:107F30000221BDE8F843FFF7FBBE3A46EF21484671
:107F4000FFF746FFEF28DCD83368013B3360D8E702
:107F500004F10F06F6F71EFC4146F6F749FB03460F
:107F600078B13A46C5F1EF017019FFF731FF0028EB
:107F7000F0DB2B18EE2B04DC013550FA85F0C5B28E
:107F8000E8E7002DC6D0EE2D07D804F10F00C5F1AB
:107F9000EF02002128440BF0D3FB80232372E5720B
:107FA000BEE700002DE9F04F2DED028BADF5177DFA
:107FB00006464FF48072002156A80BF0C1FBB14C6D
:107FC000B14FFF238DF86431256835B93B68986A55
:107FD000036802215B689847F6E72868ECF7D2FD52
:107FE000FF28F3D928684FF4807216A9ECF7DCFE5D
:107FF000B0F5807FEAD1199BBDF85E5023F07F4237
:10800000599B23F07F439A4205F1010508D1BDF841
:108010005E319D4204D156A93046FFF7A7FED3E753
:108020004FF48072002156A80BF08AFB9DF8603057
:108030008DF861319DF85C308DF85C319DF86630CB
:108040008DF866319DF86330BDF86420ADF85E515F
:10805000EF2BADF8642109D981238DF8603103231A
:108060008DF8673101238DF86331D4E7FEF794FA78
:108070009DF86410B4F90C209142054608D09DF893
:108080006030013B012B03D880238DF86031C2E7BB
:108090006368013315D0914213D0236940F6B7329B
:1080A000EB1A934204D881238DF860310423D7E77B
:1080B000F6F770FB6168F6F7E9F94FF0FF3363609C
:1080C000A3819DF860200F2A24D80F2A27D801A366
:1080D00053F822F0898002082981020829810208C8
:1080E000478102085181020817820208958202081E
:1080F000E9820208618302082D8302086183020875
:10810000958202081F8102081F8502088F830208DA
:10811000F183020882F08003012B7FF655AF5B49A3
:108120000720EAF739FB80E06368013307D0F6F7F0
:1081300031FB6168F6F7AAF94FF0FF3363604FF641
:10814000FF73A381A0E756A916A8FFF7ABFE62E76D
:10815000636801330ED0206940F6B8332D1A9D4272
:1081600063D9F6F717FB6168F6F790F94FF0FF3324
:108170006360A381EF210DF167000BF0CDFF9DF847
:10818000633083427FF468AF002B3FF465AF002378
:108190008DF85531F6F7FEFA6A460DF16701F6F7EC
:1081A000B3F9804620B1022156A8FFF7C1FD32E79E
:1081B000049DF6F7EFFA434642460DF16701F6F7E4
:1081C0003BF960600130EED09DF86430A3818023DC
:1081D0008DF8603104238DF863312B0A8DF86751D7
:1081E0008DF868312A49C4F808802B0C10222D0E16
:1081F0000DF167008DF869318DF86A510BF064FF5D
:1082000000287FF408AF9DF85C2101239340227D74
:1082100013432375FFE66368013304D181238DF88E
:1082200060310A231CE7A56835B181238DF86031E0
:1082300001238DF8673116E7F6F7ACFA169A6168F4
:108240002B46F6F751F90130ADD0F6F7A3FA9DF8B9
:1082500063306168EF2B28BFEF230DF26712F6F74A
:1082600023F9421C9FD020B981238DF86031062369
:10827000F6E680238DF86031169B56938DF86301E6
:10828000C9E600BFC081002008260020850C040834
:10829000740C040863680133C7D1EF210DF1670046
:1082A0000BF03AFF9DF8633083427FF4D5AE002B8C
:1082B0003FF4D2AE00258DF85551F6F76BFA9DF8D4
:1082C0006030062B40F201622B4618BF01220DF1EF
:1082D0006701F6F7B1F8606001303FF464AF012345
:1082E000A3609DF864302CE76368013396D0A368DF
:1082F000012B9AD1F6F74EFA169A61680023F6F729
:10830000F3F801303FF44FAFF6F744FA9DF86330CD
:1083100061680DF16702F6F7D7F801303FF443AF1B
:1083200080238DF86031169B569374E6EF210DF192
:1083300067000BF0F1FE9DF8633083427FF48CAE52
:10834000002B3FF489AE00238DF85531F6F722FA61
:108350000DF16701F6F7F6F801307FF495AE22E7EC
:10836000EF210DF167000BF0D7FE9DF863308342DB
:108370007FF472AE002B3FF46FAE00238DF85531C1
:10838000F6F708FA0DF16701F6F7CEF8E4E7EF210A
:108390000DF167000BF0C0FE9DF8633083427FF45F
:1083A0005BAE002B3FF458AE00258DF8555100957B
:1083B000F6F7F0F96A460DF16701F6F7B7F900280C
:1083C0003FF4F1AEEB2229460DF26B100BF0B8F939
:1083D00004238DF86331009B8DF867311A0A8DF8FC
:1083E00068211A0C1B0E8DF869218DF86A314BE655
:1083F0009DF863806368B8F1000F08BF4FF0EF0885
:1084000001333FF40BAFA568002D7FF40EAFF6F7F4
:10841000C1F9169A61682B46F6F766F801303FF409
:10842000C2AE9DF85C30042B20D900254346EF2BCB
:1084300028BFEF234FF0000A08EE103AD146F6F7B6
:10844000A9F918EE103A61680DF26712F6F72CF8E8
:10845000B0F1FF3F834627D1022156A8FFF768FC01
:108460009DF86031812B7FF4AFADD4E5424A52F8DC
:108470002350002DD9D02B6828461B6C9847012823
:10848000D3D02B682846DB6D984705469DF85C00E5
:10849000F8F75EFF08F10F0303449BB240F6B830D3
:1084A0004343B3FBF5F5C1E7EF280BD00DF267139B
:1084B000C0F1EF02002118180BF042F9BBF1000FD8
:1084C0003FF4D2AE80228DF86021169A8DF863B108
:1084D0005244569240F2F312A9EB02035A425A4117
:1084E000304656A98DF86221FFF740FCBDF85E3199
:1084F000D845C8BF569803F10103ADF85E313B681B
:10850000C4BF58445690986A0368A9B25B6809F1E1
:1085100001099847B9F5FA7FC24490D1A0E70DF15F
:108520006708ED2140460BF0F7FD18F900A005465D
:10853000BAF1000F7FF490AD16AB00F11009994429
:10854000C0F1EE0148460BF0E7FD9DF863206B1C7F
:10855000034493427FF480AD002B3FF47DAD8DF852
:1085600055A1F6F717F94A464146F5F7F9FF0028F5
:108570003FF48AAD17E600BF7052002008B5FFF740
:1085800011FD0000024B4FF0FF325A60704700BFF0
:10859000C08100202DE9F047CD7896B04F2D28BF3F
:1085A0004F250C464F220021064602A80BF0C8F8C2
:1085B0002A4604F10C0102A80BF078F89DF80F5040
:1085C00015F0010811D19DF80E30032B05F00407BA
:1085D000C5F3800506D8013B022B09D8DFE803F07C
:1085E000151B5800643B092B5AD916B0BDE8F0871B
:1085F000FBF77AFB03681B69012198470028F4D038
:10860000D0F8904180F80E530EE0FBF76DFB036845
:1086100002211B69F1E7814B1B68DC6CF0F764FEFB
:108620002A460021F0F74CFB002CDED027B123684E
:108630000021DB6B20469847029911B12046ECF7E8
:108640000FF99DF8105055B19DF80F301A0746D418
:1086500023682A46DB680DF11101204698479DF8F2
:108660000F70BB07C1D5DFF8B4814FF00109BDF829
:108670000C30002B5BD18DF80F90236820465B698E
:10868000984705B2002D65DA3D07AED5002565E0B7
:10869000624B1B681C6DF0F727FE2A460121C1E7DB
:1086A000F4F74CFE9DF80E106439C9B2F4F718FCCB
:1086B0000446FBF719FB90F890305FFA88F94B45B8
:1086C000B2D9FBF711FB036849461B69984718B1FB
:1086D000D0F890319C4295D008F10108E9E7DFF825
:1086E0003C910DF11107236820469B6A984738B9E1
:1086F000D9F80030986A036805215B689847F2E76B
:10870000236820469B6A98479DF81080236880B2B2
:10871000804528BF80463946DB6842462046A5EBA7
:108720000805984715F0FF054744DCD197E7236813
:1087300020465B69984745289DD8D8F80030986A4C
:10874000036801215B689847BDF80C30013BADF828
:108750000C308CE7462D1BDC002D95D09DF80F309A
:10876000180717D5307CF7F737FF8246307CF8F7CB
:10877000EFFD00F14F039A451BD2307CF7F78EFADC
:10878000D8F80030986A036801215B689847E9E7E8
:108790004625E3E7307CF7F71FFF8246307CF8F789
:1087A000D7FD00F14F039A4503D2307CF7F776FAF4
:1087B0001BE7002146220DF111008DF810100AF080
:1087C000BFFF7DB1236820469B6998479DF8103014
:1087D0005A1C8DF8102016AA1344013D03F8470CCB
:1087E0002DB2EEE74F23DC22CDE900327E21307C32
:1087F00002AAF7F76FFFF9067FF5F7AE9DF8103084
:10880000002B3FF4F2AE3B077FF531AFD8F80030D4
:10881000986A036801215B68984728E708260020CA
:10882000F8B5044615460E461F46FDF7B5FE012372
:108830002371BDF918306061E781A381EB7923745E
:108840002B7A6374A660FDF7A7FE2368A0615B68BE
:10885000A5682046984701462846FBF72FFE0023CF
:10886000E383F8BD2DE9FF410546087C0C461F4611
:108870001646F7F7B1FE8046207CF8F769FD031D28
:108880009845247C05D2204604B0BDE8F041F7F7B6
:1088900005BA2B6896F807801B68367A28469847F1
:1088A00004239922CDE900328DF80F00032303AA97
:1088B0002F2120468DF80C808DF80D608DF80E70FC
:1088C000F7F708FF04B0BDE8F081000070B5036859
:1088D0001B6804460D461646984708B9012070BD2E
:1088E0002846F9F7F1FD0028F8D006490420E9F7F9
:1088F00053FF2046032332462946FFF7B3FF0020EB
:10890000EDE700BF9C0C040870B505790446ADB1D5
:10891000D679037C9E4203D1167A437C9E4206D0D0
:108920000E232046FFF79EFF0025284670BD0368F2
:10893000DB69984700232371A360F6E70125F4E77C
:1089400070B504460D461646FFF7DEFF68B1236892
:1089500020469B68984780F00103DBB232462946E7
:108960002046BDE87040FFF77DBF0123F6E7000019
:108970002DE9FF411A4604460E461D46FFF7A6FFA5
:10898000002839D0237943B10E232A4631462046A8
:1089900004B0BDE8F041FFF765BF307CF7F71CFE7F
:1089A0000746307CF8F7D4FC431D9F42367C05D245
:1089B000304604B0BDE8F041F7F770B9236895F888
:1089C00007801B6A2F7A20469847236805461B6854
:1089D000204698470523DD22CDE900328DF80C00B2
:1089E000042302AA2C213046ADF808508DF80A80E5
:1089F0008DF80B70F7F76EFE04B0BDE8F081000053
:108A00002DE9F04317468DB01A4606460D461C4622
:108A1000FFF75CFF68B3317941B10E232246294646
:108A200030460DB0BDE8F043FFF71CBF0DF108085C
:108A3000282240460AF084FEE3798DF82830237A14
:108A40008DF829303B88ADF824303B798DF82D30F6
:108A50003368CDF80080D3F8109022463B46294673
:108A60003046C847034638B1224629463046FFF70C
:108A7000F9FE0DB0BDE8F0834920F7F7F3FB04469B
:108A80000028F6D081792846F7F71AF90028F0D0A7
:108A9000227963790192A27900922168287C42466A
:108AA000F7F718FEE5E700002DE9F34104460E460E
:108AB00017461D46FFF70AFF002837D0237943B138
:108AC0000E233A463146204602B0BDE8F041FFF79A
:108AD000C9BE2368B5F900801B6A204698478045C7
:108AE00005D914490420E9F757FE0123E9E7236873
:108AF000B5F902801B6A204698478045F1D8B5F940
:108B00000220B5F900309A42EBDB236820469B69CE
:108B1000984703460028D4D1B5F9023000933A466D
:108B2000B5F9003031462046FFF77AFE02B0BDE8C5
:108B3000F08100BFBC0C040837B5036801921B6BC1
:108B400004460D469847019A034629462046FFF7FA
:108B500089FE23682046DB69984700232371A360C0
:108B600003B030BDF0B585B016461A4604460D4632
:108B70000293FFF7ABFE002848D0029A2946204610
:108B8000FFF7C2FE002841D0236837885B6A204681
:108B900098478742029A10D9294620460423FFF7B6
:108BA00061FE236820465B6A984719490246042003
:108BB00005B0BDE8F040E9F7EFBD236802925B69BC
:108BC000318820469847029A034630B1294620460C
:108BD00005B0BDE8F040FFF745BE2168CDE90220B1
:108BE000CF6820463146B8473188DDE9022331B9E4
:108BF0002946204605B0BDE8F040FFF79DBF01398A
:108C000009B2009120462946FFF70AFE05B0F0BDE3
:108C1000D80C040810B5846813464CB9F5F77AF8F7
:108C2000BDE810404FF4A9724FF48031F5F75EB8FB
:108C30000A462146BDE81040FFF714BEF0B503799F
:108C400085B00446002B3CD0C28983899A4238D82B
:108C5000836853B9F5F75EF84FF4B8724FF480317A
:108C600005B0BDE8F040F5F741B8187CF7F7B4FC63
:108C7000A3680546187CF8F76BFB431D9D42A3686B
:108C800005D2187C05B0BDE8F040F7F707B81D7CA9
:108C90002368268A1B68E789204698470523E62231
:108CA000CDE900328DF80C00042302AA28212846C1
:108CB000ADF80870ADF80A60F7F70CFDFDF76CFC35
:108CC000A06105B0F0BD000070B5836804460D4694
:108CD00016464BB9F5F71EF8BDE8704040F20D128C
:108CE0004FF48031F5F702B8928BC3899A4204D0D1
:108CF0000D22BDE87040FFF78DBFCA79037C9A4210
:108D000003D00E2229462046F3E70A7A437C9A4292
:108D1000F7D103681B6A9847B38B834216D2236846
:108D20009B6A314620469847A8B9FDF735FCE38990
:108D3000A289606101339BB29A42E38119D2A16892
:108D40002A462046BDE87040FFF7F6BE02D12368F0
:108D5000DB6AE6E70120024629462046FFF75AFF74
:108D600000232371A36023682046DB69BDE87040BF
:108D70001847A368187CF7F72FFCA3680546187CF2
:108D8000F8F7E6FA431D9D420ED2A368187CF6F769
:108D900085FF2368A5685B682046984701462846FA
:108DA000BDE87040FBF78ABB2046BDE87040FFF786
:108DB00045BF0000F0B5037985B00446002B60D0B4
:108DC000836853B9F4F7A6FF4FF4C2724FF48031B1
:108DD00005B0BDE8F040F4F789BFFDF7DDFB63693E
:108DE000A28BC31A934237D90023237123682046EC
:108DF0005B6B9847A3681D7C2846F7F7EDFB06469A
:108E00002846F8F7A5FA031D9E4221D32368277C44
:108E10001B68667C204698470F2399228DF80E30F8
:108E20000423CDE900328DF80F00032303AA2F217C
:108E300028468DF80C708DF80D60F7F74BFC002379
:108E4000A3602368DB69204605B0BDE8F040184701
:108E50002846F6F723FFF2E7A369A568C21AB5F81A
:108E6000A43103F57A739A420BD92368A0615B6839
:108E7000204698470146284605B0BDE8F040FBF77C
:108E80001DBB05B0F0BD000080F82D10704700003C
:108E900080F82C107047000001207047806A043071
:108EA0007047000080F834107047000000207047C1
:108EB0000120704708B503685B68984700F001001F
:108EC00008BD000008B503685B68984720F0010002
:108ED00008BD0000704700007047000070470000A8
:108EE0001FB502AC84E80C00009094E80C00806A86
:108EF00003F04EF904B010BD806A03F0A1B9000080
:108F000010B50446006B08F0C3F8606A034B236099
:108F100008B1EBF76BFA204610BD00BFA4010408AE
:108F200010B50446FFF7ECFF2046EBF75BFA20464E
:108F300010BD000070B5044688B0503007F0CCF882
:108F4000104B0494CDE9053414200F4B0793EBF735
:108F500041FA054690B108AA12E9030094F8483096
:108F60000A4E06EB031601AB83E80300059B009352
:108F70007279049BB179284602F0F4FBE56108B0F0
:108F800070BD00BFD58E0208D98E02083C0D0408C2
:108F9000194B03EB00102DE9F041027980680321A1
:108FA00002F020FF044628B308F084F924F00F06ED
:108FB000012204F00F0402FA04F407462146304669
:108FC00004F0FAFD0D4BD3F800801425736963405B
:108FD0007361D8F8280003680A219B68013D98470F
:108FE00015F0FF05F2D13A4621463046BDE8F04182
:108FF00004F0E2BDBDE8F0813C0D04080826002025
:10900000124B37B503EB001002210279104802F031
:10901000E9FE0446B8B108F04DF90121054624F0F7
:109020000F0004F00F04A1400022CDE9000104F07C
:10903000C3FD0098019903692A4623FA04F404F059
:10904000010404F0B9FD204603B030BD3C0D040816
:109050000404024038B50A4C0A4B0360054600235D
:10906000204684F84830FFF765FF074AE264012391
:1090700084F83C30226484F84430284638BD00BF70
:10908000D8810020540D0408A086010070B51E464A
:109090000023C0E90333C0E9053303711E4B0360AD
:1090A0001E4B80F82D200D46642105FB01338362A1
:1090B000022380F82C309DF8103080F83530059B65
:1090C0008363EB00044643F00103037242721346CC
:1090D00013492A463030FCF76BFCA36ADA6CB242C3
:1090E00017D91E64A36A0F49DE640F4B9E429EBFD0
:1090F000A36A012283F844200C4B1B689869A36A79
:10910000DA6C03681E684FF47A73B2FBF3F32A46F5
:10911000B047204670BD00BF6C0D0408D881002008
:10912000F40C0408000D0408A086010008260020A5
:109130007FB51646044626B100230360204604B0DE
:1091400070BD3C200393EBF745F9054648B10A9BF7
:1091500001939DF824300093039A089B3146FFF752
:1091600095FF2560EAE700002DE9F04F89B0624DD8
:109170000693836ADDF8488093F8483007911B0115
:1091800004461646E8581FFA88F905F09DFFA06AC4
:10919000CDF8009006ABB2B207A903F067F8074616
:1091A00050B9A36A93F848301B01E85805F090FFC6
:1091B000384609B0BDE8F08FDFF844B14FF0000A3F
:1091C000A16A4E4ACB6CB2FBF3F306EB0802A06B2C
:1091D00053434FF47A72B3FBF2F35B0001338342E3
:1091E00038BF0346C869059302F01AFCA16A91F8DA
:1091F000480000013C31285805F01AFF302181F366
:109200001188DBF80010C86A416B0131416300210D
:1092100081F31188059B94F82D104FF47A72A3FB0B
:109220000232A26A92F848000001002E33D1009366
:10923000069A2858434605F031FFA26A059092F835
:1092400048201201A85805F001FFA26A0121D06947
:1092500002F0DAFAA26A059B92F848201201A85897
:10926000826812F0800F20D0F4F754FD40F2931280
:109270004FF40021F4F73AFDDDE90621A06A4B46E0
:1092800003F01AF8A36A93F848301B010027E85846
:1092900005F01EFF8CE7CDE90183069B0093079A3A
:1092A0002858334605F0E0FEC7E7DBF80020C06B26
:1092B000D16A8A6B02448A6333B9DDE90621A06A68
:1092C0004B4602F0F9FF6CE701330AD1A36A93F829
:1092D0004800FFF795FE20B9A36A93F84800FFF70E
:1092E00057FE94F82C200AF1010A5FFA8AF39A4299
:1092F000BFF466AFC0E700BF3C0D040800127A005F
:1093000008260020F0B50446806A85B00430CDE917
:1093100002210A9F1E46FCF7F7FADDE90221054605
:1093200060B91B4BA2681B681A49986903681E68DC
:1093300094F82D30B047284605B0F0BD94F83500BC
:10934000A36AA0B1032083F83C0094F83450DDB147
:1093500079B9002EEFD0002FEDD000220A973346C6
:109360001146204605B0BDE8F040FFF7FDBE0120E4
:10937000E9E7002AEDD0002300932046FFF7F4FE32
:109380000028E6D10546D6E70A973346E9E700BF4D
:1093900008260020140D040808B5B021044802F086
:1093A000E1FEBDE80840034A0349002008F004BE7E
:1093B000D8810020747C0020DD8E020870470000F8
:1093C000B0F94C0070470000B0F94E007047000043
:1093D000806D7047012380F85430704780F860102A
:1093E0007047000090F8543013B190F83000704787
:1093F000184670470120704737B590F8543004463E
:109400000D46ABB190F83030122BA8BF1223994211
:109410000EDA00F13401692201A804EB4504EBF7F0
:109420006DF901A8A488EBF785F9204603B030BD9B
:109430000024FAE737B590F854500446A5B100F17E
:109440003401522201A8EBF759F9D4E90A51226DEF
:109450000023994208BF9542C4E90A2301A814BF1A
:1094600001250025EBF766F9284603B030BD000062
:1094700073B590F8544005460E468CB1122A28BFA9
:10948000122200F13401144601A87922EBF736F9D3
:109490006200291D30460AF009F901A8EBF74AF9E4
:1094A000204602B070BD0000407B704701617047EC
:1094B00010B5074B074ADB680446DA61A37B33B972
:1094C00023684FF47A719B6820469847F6E710BDF1
:1094D00038A70020F40D040838B50D4B0D4ADB68A1
:1094E0000446DA612368A27B9B6862B10A4D236857
:1094F00020469B684FF47A7198472B685869036837
:109500001B699847F3E742F2107120469847E9E754
:1095100038A70020F70204080826002013B50446E7
:109520000121E03006F082FF04F1EC00012106F099
:109530007DFF154B0094B5224FF4FE61134807F0F0
:1095400043F8134BC4F8C8000094B5224FF47C7163
:10955000104807F039F8104BC4F8CC0000943A22B8
:109560004FF41F610D4807F02FF80D4BC4F8D400DD
:1095700000943B224FF4BE610A4807F025F8C4F876
:10958000D80002B010BD00BF499A02081096002012
:10959000B1940208308C0020DD9A0208408200203D
:1095A000D99402082090002070B5437D04460D46F2
:1095B0004BB903681B6C984728B1B620FCF7BCFB7D
:1095C00040F20113A3822368294620469B68BDE828
:1095D0007040184708B5FCF745FC034BDB681B1AC5
:1095E0005842584108BD00BF38A700202DE9F04778
:1095F00004460D46FCF7D8FFDFF8689006460F4694
:10960000FCF7D2FF801B4FF0000361EB07014FF422
:109610007A72E7F76BFBA84271F1000320D223684E
:109620004FF47A719B6820469847A388AB42E7D8ED
:10963000236820461B6C98470028E1D0D9F80080A9
:10964000D8F82C30FC2293F94CA083F84C202368E6
:109650002046DB6C9847D8F82C3083F84CA0CFE735
:10966000BDE8F0870826002008B5302282F3118873
:109670008368002B01DC06F0FFFE06F0CBFE002322
:1096800083F3118808BD0000F7B5044600F1E00639
:109690006D46304685E8060006F0E4FE94F87C301E
:1096A000DDE90007224604EBC30C62450DD0D16B07
:1096B000814208D1116CB94205D1304603B0BDE8F2
:1096C000F040FFF7D1BF0832EFE7072B0AD895E843
:1096D000030004EBC3023C32013382E8030084F848
:1096E0007C30EAE7034B04491B68986903681B68F0
:1096F0009847E2E708260020FC0D040808B50E4B49
:109700001B68586A0368DB6C0C4698470B4B0C4887
:10971000002C08BF184607F0BDFD72B6BFF34F8F8F
:109720000849094BCA6802F4E0621343CB60BFF3F7
:109730004F8F00BFFDE700BF08260020020007B0E2
:10974000010007B000ED00E00400FA0510B58369E0
:1097500004461BB9BDE8104007F040BCFCF71CFFF5
:10976000A369C01AE3699842F4D8012010BD000033
:1097700008B5437B13B10348FCF7E2FE01234373B2
:1097800008BD00BF140E040806F0B2BE084606F07D
:10979000B9BE000029B10A2938BF0A21084606F0DF
:1097A000A1BF704710B503681B6C0446984740B1D1
:1097B000637D33B100236375B420BDE81040FCF72E
:1097C000BBBA10BDF7B5044600F1EC066D46304655
:1097D00085E8060006F046FE94F8C030DDE9000793
:1097E000224604EBC30C62450FD0D2F880108142B0
:1097F00009D1D2F88410B94205D1304603B0BDE892
:10980000F040FFF731BF0832EDE7072B0BD895E8A2
:10981000030003F1100204EBC202013382E80300EB
:1098200084F8C030E9E7044B04491B689869036871
:109830001B689847E1E700BF08260020540E040883
:1098400010B50A4B044640F8243BFCF751F840227F
:10985000002104F13C0009F073FF4022002104F1D3
:10986000800009F06DFF204610BD00BF800E040887
:1098700010B50B4C1046002314F813208A4209D16E
:1098800004EB4303FF225B7802211844EBF742FF0D
:10989000C0B210BD01330E2BEED13A20F9E700BF64
:1098A000D40E0408F0B585B0074602AD082085E85F
:1098B00006001E4607F0A4FB0446D8B195E8030055
:1098C0009DF9302084E803009DF82C103846FFF7FE
:1098D000CFFF0A9D094B009405F2F7150246314669
:1098E00025F0070007F0E6FB054628B9204607F0FB
:1098F000CFFB284605B0F0BD0120FBE7319B0208F5
:1099000010B5044607F0C6FDFCF746FEC4F8C400D7
:1099100010BD000037B503681B6C04460D46984720
:1099200088B12046FFF7ECFF40F2FD2204F124014C
:1099300001A8EAF7E3FE6DB9236A33B90023A361F6
:1099400001A8EAF7F7FE03B030BD013B2362002B0C
:10995000F6D1F3E7FCF720FEA36943B1E269C11A2F
:109960008A4204D913441B1A9D4238BF1D46236AFC
:10997000C4E9060501332362236820469B699847A2
:10998000DEE7000013B5036801911B6C044698479D
:1099900030B10199204602B0BDE81040FFF7BABFD0
:1099A00002B010BD10B5114807F0C8FC3F2807D819
:1099B000F4F7B0F94FF6FF724FF40001F4F796F99F
:1099C00006F02EFC044678B1006A07F0B7FC3F2889
:1099D00006D8F4F79FF9228F4FF40001F4F786F9C7
:1099E000204606F02DFCEDE710BD00BF0001002071
:1099F000D0E9000318470000F8B590F87D30044620
:109A000003F0FF05F3B9012300F1E00680F87D3093
:109A1000304606F027FD304694F87C70FFF724FEB0
:109A200004F13C06AF4207DD736813B13046FFF71F
:109A3000DFFF01350836F5E7236903B198470023B6
:109A400084F87D30F8BD000010B5104B104ADB687B
:109A50000446DA612368A27B9B6822B94FF47A71CD
:109A600020469847F6E723684FF47A719B682046B2
:109A700098472046FFF7C0FF236820465B69984758
:109A80000028F0D02046FFF73BFFECE738A7002086
:109A90006C0E0408F8B590F8C130044603F0FF05D9
:109AA000DBB9012300F1EC0680F8C130304606F046
:109AB000D9FC304694F8C070FFF7D6FD04F180065B
:109AC000AF4207DD736813B13046FFF791FF0135F0
:109AD0000836F5E7002384F8C130F8BD70B5124BA5
:109AE000124ADB680446DA612368A27B9B6822B9CC
:109AF0004FF47A7120469847F6E7002623684FF422
:109B00007A719B68204698472046FFF7C3FFFCF711
:109B100043FD831BB3F57A7F0546EFD92046FFF757
:109B200041FF2E46EAE700BF38A70020740E040864
:109B300010B50446FFF75CFF2046BDE8104007F073
:109B4000A7BA000090F809017047000043695B79EB
:109B500023B9806B0A23B0FBF3F070474FF4483011
:109B600070470000806B7047037E03B1437E184648
:109B700070470000D0F8180170470000D0F81C01B1
:109B80007047000090F8ED20034602F0FF0012B18C
:109B900093F8EC00C0B27047F8B590F80831876BC5
:109BA0001F330C4600EBC30150F833504E6877B1B9
:109BB00043695B795BB903685B6998472044054B4F
:109BC000B3FBF7F35843281A054666F1000628460A
:109BD0003146F8BD80969800B0F82C01704700001F
:109BE00008B58430EAF7CEFF003818BF012008BD61
:109BF00013B540F28522044600F1D4016846EAF725
:109C00007DFD40F2862204F1BC0101A8EAF776FD51
:109C1000002384F8EC3084F8ED3063695A791868D1
:109C20009AB105F01DFD002104F17000EAF764FF10
:109C3000002104F18400EAF75FFF01A8EAF77AFD4A
:109C40006846EAF777FD02B010BD05F021FCEAE7AF
:109C500008B580F84811C06A082106F0EBF9012028
:109C600008BD00004369587918B193F8280006F040
:109C7000DDBF70474369587918B193F8280006F0A2
:109C8000DDBF704790F8ED20034602F0FF001AB1E7
:109C900003F18400EAF790BF704700002DE9F84314
:109CA000174604460D46FCF777FCDFF85C90064645
:109CB00000EB0708236820465B699847A84218D242
:109CC0004FF4806006F08AF9D9F80C30A4F85850A7
:109CD0006365FCF761FC821BBA420AD2A8EB000361
:109CE0004FF47A71A3FB01134FF4806006F0C2F9C0
:109CF000E0E7236820465B69984785428CBF0020D7
:109D00000120BDE8F88300BF38A7002038B504461D
:109D1000302383F311880B0707D5F3F7FBFF40F2DD
:109D200037324FF00061F3F7E1FFD4F8B8301A682A
:109D3000136823F01F031360D4F8B82011680D686E
:109D400015F00105FBD15168527A3D2393400B6019
:109D5000FCF71CFC0221C4F80C01E06A06F054F97F
:109D600085F3118838BD000070B543695A790446FF
:109D7000002A46D11D68436A002B08BF00210368F2
:109D800080F80911DB6A984700283AD094F8093125
:109D9000032B36D8DFE803F00239366A606A88B1EF
:109DA000012600F00F01324606FA01F120F00F0003
:109DB00003F002FF636A23F00F0203F00F039E40DB
:109DC000B6B25683012384F80A31302383F3118815
:109DD000D5F854325A6912F4407F0FD0DA6822F471
:109DE0000052DA60D5F85422536923F4407353616A
:109DF000D5F85422D36843F40053D360002383F38F
:109E0000118870BD0023C4E94333606A012600F065
:109E10000F01324606FA01F120F00F0003F0CCFEEC
:109E2000636A23F00F0203F00F0306FA03F39BB2F9
:109E3000538384F80A61302383F31188D5F85432B0
:109E40005A6902F44072B2F5007FD7D0DA6822F482
:109E50000052DA60D5F85422536943F40073536119
:109E6000D5F85422536923F48073C0E72368204651
:109E7000DB6BBDE8704000211847000010B50446B8
:109E8000006A40B100F00F0301210022994020F048
:109E90000F0003F091FEE06950B100F00F030121C3
:109EA000BDE810400022994020F00F0003F084BE6E
:109EB00010BD000038B543695A7904460D46002AA2
:109EC00039D10173186805F0E3FA012D34D0022D61
:109ED00037D02DB9B4F8403023F4B053A4F8403053
:109EE000636904F13C01186805F0C4FA94F8603124
:109EF00033B16369186804F5A671043006F054F8AC
:109F0000002D14BF0123002384F8603109D0636958
:109F100018684FF40062202304F5A671043006F09F
:109F20002FF8237E3BB163691B68D3F85422D368B2
:109F300023F02003D36038BDB4F8403043F4B0536D
:109F4000CCE7B4F8403023F4007343F4A053C5E7E2
:109F50002DE9F043044689B00E46D0F8181110469A
:109F600015469946EAF7E0FCD4F81C110746281D6F
:109F7000EAF7DAFC636959791A79804600292FD00B
:109F800018493046FCF750FB637E002B237E14BF3C
:109F90002A222022002B94F809310793D4F86C313F
:109FA0000693D4F868310593D4F86431049314BF50
:109FB0002A21202142F21074009104FB08F30A497F
:109FC000B3FBF9F304FB07F5039330463B46B5FBBF
:109FD000F9F5CDE90185FCF727FB09B0BDE8F08371
:109FE0000249CEE7F00E0408000F0408F80E04083A
:109FF000037E82B0C3B143691B68D3F8542213684F
:10A000009BB2ADF80430BDF80430DB060CD55368C4
:10A010009BB2ADF80630BDF80630D0F8B4301A68FF
:10A02000136823F00103136002B0704790F8EC301E
:10A030008BB10A4B026DDB689A420CD143695A79A5
:10A0400032B11B68D3F88C341B681B78042B02D107
:10A050007030EAF797BD0020704700BF38A7002096
:10A0600038B543695A7904460D46E2B9186805F0D7
:10A070000FFA012DD4F8243116D0022D19D0D4F8BE
:10A080002431A4F84230636904F13C01186805F0FA
:10A09000F1F9237E3BB163691B68D3F85422D3687E
:10A0A00023F02003D36038BD23F40053C4F82431D7
:10A0B000E5E743F40053F9E743695A7912B11868A8
:10A0C00005F05CBBC06A042105F0B4BFF7B590F899
:10A0D000ED3004460E46174603F0FF05BBB100F114
:10A0E0009C0140F20D3201A8EAF708FB3A463146DE
:10A0F00004F18400EAF7D6FD94F8483105461BB117
:10A10000E06A042105F096FF01A8EAF713FB284650
:10A1100003B0F0BD70B590F8093105460C46D3B9CF
:10A12000806AB8B1012600F00F0106FA01F120F0B3
:10A130000F00324603F040FDAD6A05F00F0184EADE
:10A14000060001F1100398408C4025F00F050443F0
:10A15000AC61304670BD0020FCE7000070B590F89F
:10A16000093105460C46D3B9406AB8B1012600F062
:10A170000F0106FA01F120F00F00324603F01CFD3A
:10A180006D6A05F00F0184EA060001F110039840A2
:10A190008C4025F00F050443AC61304670BD0020B3
:10A1A000FCE70000164B10B50360164B80F8361024
:10A1B0002C2201FB023343614FF461430446836365
:10A1C00000217030EAF77CFC002104F18400EAF7FA
:10A1D00077FC04F19C00FBF78BFB04F1BC00FBF760
:10A1E00087FB04F1D400FBF783FB002394F83620AF
:10A1F00084F80931044B43F82240204610BD00BFCB
:10A20000B0100408CC0F0408009E002013B5094CC0
:10A2100023686BB900930849084B3C224FF49E60B9
:10A2200006F048FF2060236813B90548FCF788F959
:10A2300002B010BD2C9E0020480F04081DAC02087F
:10A24000500F040830B5C36A85B004462BBB144BCD
:10A2500062691B685579D86A13790093114A124BC9
:10A2600004F13001002D08BF134606220391EAF7DE
:10A27000D3FB94F8483103990094002B18BFB52202
:10A280000A4B08BF3C224FF44C7006F013FFE0620B
:10A29000E36A13B90648FCF753F905B030BD00BFB7
:10A2A000082600207B0F0408740F0408D5AA0208B2
:10A2B000830F040838B5D0F8B8500446B5B9302338
:10A2C00083F3118840690A4A407B23460C2103F03E
:10A2D000E3FBC4F8B80085F31188D4F8B8301A68E5
:10A2E00063691B68D3F854320433936038BD00BFF0
:10A2F0000D9D0208FFF7DEBF38B543699D6890F8F1
:10A300005C3083F0010380F85C3090F85C301833E7
:10A310000446402150F8230007F008F894F85C3018
:10A32000D4F8B4201833126854F82330D360D4F82A
:10A33000B4301B6840225A60D4F8B4306D061A68F5
:10A3400045F4826545F006051560D4F8B4301A6806
:10A35000136843F00103136038BD000010B53023CB
:10A36000044683F31188D0F8B80003F0EBFB002318
:10A37000C4F8B83083F3118810BD0000FFF7EEBFBA
:10A380002DE9F74FD0F8F03004460D4673B3DFF8EF
:10A3900028B25DB394F809112046EAF7BDFA50B12E
:10A3A000A36A43B123F00F0203F00F03126922FAEC
:10A3B00003F3DB071AD404F19C0840F25A324146F9
:10A3C00001A8EAF79BF904F18407402D2A46A16E03
:10A3D00028BF40223846EAF7CBFC1FFA80F98246B4
:10A3E000B9F1000F05D101A8EAF7A4F903B0BDE85F
:10A3F000F08F3846EAF7C6FB854228BF054601A81C
:10A40000EAF798F9D4F8F00001F00AFB022005F011
:10A41000E5FDD4F8F000C27C002A00F0BC80A26BFD
:10A42000B2F5E13F0FD8B4F86C600336B6B2B6F5BA
:10A430007A7FA4F86C6006D90021617603B0BDE88C
:10A44000F04F01F0E1B9FA20584B42431FFA8AF16C
:10A45000B2FBF3F20132914201D91FFA82F93022A4
:10A4600082F31188D4F8B82011680A6822F01F021C
:10A470000A60D4F8B82011680E6816F00106FBD106
:10A48000507A51683D2282400A60A06E494606F02B
:10A490004FFFD4F8B820A16E1268454BD160D4F8B4
:10A4A000B8201268C2F80490D4F8B8201168626924
:10A4B000106940F2564242EA40620A60D4F8B8207D
:10A4C00011680A6842F001020A6009F10201A26BF8
:10A4D0005943B1FBF2F1374A01F5FA71594588BF8A
:10A4E000114686F31188022005F0C4FD064670BBB4
:10A4F000302282F31188D4F8B82011680A6822F05B
:10A500001F020A60D4F8B8201068016811F0010138
:10A51000FBD192F809C050683D2202FA0CF20260A9
:10A52000D4F8B8201268536899453DD9A9EB0303C4
:10A530001FFA83F9B9F1000F03D0FCF727F8C4F82C
:10A540000C01022005F040FD002282F31188D4F8AE
:10A55000F000C6F3400101F057F9B9F1000F3FF4E4
:10A5600045AF40F2B632414601A8EAF7C7F849467E
:10A570003846EAF73BFBD4F814214A44C4F81421C6
:10A58000D4F818214A44C4F8182101A8A5EB0905FC
:10A59000EAF7D0F8FDE6B4F86C20002A3FF45FAF8C
:10A5A000013AA4F86C205AE78946CAE740420F00F6
:10A5B00080969800A08601009F86010013B5D0F810
:10A5C00044310446CBB900F5987005F011FD18230D
:10A5D000C4F8443163691868019004F059FFB4F875
:10A5E0004430019823F0080304F13C01A4F84430FE
:10A5F00002B0BDE8104004F03DBF02B010BD000045
:10A600002DE9F047044686B00D4640F2CF3200F106
:10A610009C0101A8EAF772F894F82E3123B1012DBC
:10A6200002D92046FFF7CAFF04F184092A4602A98D
:10A630004846EAF773FB4FF00008824602AD4646F3
:10A64000C2451CDD636918680368D5E90012DF693B
:10A650000023B847071E12DB05D0FBF797FF3E44E7
:10A66000C4F80C01B6B2083539464846EAF7BEFAD6
:10A6700055F8043C9F4202D108F10108E0E7D4F804
:10A6800014313344C4F81431D4F818313344C4F8C5
:10A69000183101A8EAF74EF806B0BDE8F0870000CF
:10A6A00070B504468430EAF76DFA0146B8B1637EAE
:10A6B0002046ABB1FFF764FE94F80931022B0ED1AE
:10A6C000D4F810511DB9FBF761FFC4E94405637E5E
:10A6D0004BB1D4F80C31A3B1012384F8093170BD1A
:10A6E000FFF78EFFE8E763691B689A6BD4F81431B3
:10A6F000C2F58071994204D2A3F580731344082BEC
:10A70000EAD8FBF743FFD4F81031C01A0B4B98423C
:10A71000E5D90B4B62691B680A4998690A4BD21A42
:10A720000A4B92105A430368D2B21B6898472368B9
:10A730002046DB6BBDE870400021184720A10700D0
:10A7400008260020A40F0408CC0F0408A38B2EBAFF
:10A7500010B5436A0446E3B190F80911EAF7DCF852
:10A76000B8B104F17000EAF727FA94F80A21D4F896
:10A77000983080B272B198420BD2626A002384F89A
:10A780000A3122F00F01012302F00F0293409BB225
:10A790000B8310BD10339842FBD9626A012322F06B
:10A7A0000F0102F00F0284F80A3193409BB24B83F1
:10A7B000EFE7000038B50D4B026DDB689A420446A6
:10A7C0000FD190F8EC3003F0FF0543B17030EAF799
:10A7D000C7F994F80A3133B92046FFF7B9FF284684
:10A7E00038BD0025FBE71D46F9E700BF38A700206C
:10A7F00038B50D4B0546DB68006D984210D195F8D1
:10A80000EC306BB105F17000EAF7CEFA044628B1DE
:10A8100095F80A3113B92846FFF79AFF204601E060
:10A820004FF0FF3038BD00BF38A7002038B590F892
:10A8300008510446FBF7B8FE85F0010504EBC50599
:10A84000C5E93E0194F8083183F0010384F808312A
:10A8500038BD000070B5037E0446002B49D0D0F807
:10A86000B4301B685D6890F85C601A6822F01F02C3
:10A870001A60D0F8B430C5F140051968ADB2F6B22F
:10A880000A68D207FCD4597A5A683D238B4013607A
:10A890002046FFF731FD7DB118362A4654F82610C0
:10A8A00004F17000EAF7FEF9D4F81C312B44C4F827
:10A8B0001C312046FFF7BAFF636D93B104F17000BD
:10A8C000EAF760F9B4F8583098420AD3302383F39A
:10A8D00011884FF48061606D05F096FB002383F3CF
:10A8E000118894F80A3123B12046BDE87040FFF783
:10A8F0002FBF70BD2DE9FF4700F1700804464046A8
:10A90000EAF75AF9694602464046EAF789F96D4680
:10A910008146002704F5A67AB9452ADD63691868DF
:10A920000368D5E900121E6A0023B047061E20DB2B
:10A9300094F860313BB1504605F05AFB10F0200FFF
:10A9400018BF4FF0FF36D4F844315BB9314640466A
:10A95000EAF78EF9D4F81C313344C4F81C31204690
:10A96000FFF764FF6B68B34205F1080501D80137B2
:10A97000D2E704B0BDE8F0871FB590F8ED3004468B
:10A98000002B62D0D0F8443123B300F1BC014FF466
:10A99000A46203A8E9F7B2FE04F5987005F028FB5D
:10A9A000D4F8443123EA0000C4F8440178B963695B
:10A9B0001868019004F06CFDB4F84430019843F03D
:10A9C0000803A4F8443004F13C0104F053FD03A84B
:10A9D000E9F7B0FE63695A795AB11B68D3F88C3431
:10A9E0001B681B78042B30D1194B1B68DB690122D3
:10A9F0001A7194F82E31DBB140F23E5204F1D401C9
:10AA000003A8E9F77BFE2046FFF774FF636D63B18F
:10AA100004F17000EAF7B6F8B4F85830984204D35D
:10AA2000606D4FF4806105F005FB03A8E9F782FE35
:10AA300040F2465204F1BC0103A8E9F75FFE20464C
:10AA4000FFF72EFE03A8E9F775FE04B010BD00BFA6
:10AA500008260020F8B51E4D0446E36A3BB92B6872
:10AA6000986A03684FF47A719B689847F5E7002667
:10AA70004FF47A7141F20C0005F0FCFA0546FBF741
:10AA800085FD831BB3F57A7F2ABF06460027012781
:10AA900029070AD594F84831C3B1236D986B01306A
:10AAA000B52828BFB52005F005FE94F8ED30002B41
:10AAB000DED06A0706D42FB9D4F84431002BD7D0A2
:10AAC000EB04D5D52046FFF757FFD1E73C20EAE756
:10AAD0000826002008B5FFF7BDFF000037B590F845
:10AAE000EC300446002B79D090F82E31002B75D134
:10AAF00000F1D40140F25D4201A8E9F7FFFD63696E
:10AB00005B79C3B904F5B87005F072FA430642BF29
:10AB1000D4F864310133C4F86431C50542BFD4F8B8
:10AB200068310133C4F86831000642BFD4F86C3193
:10AB30000133C4F86C31237E002B42D0D4F8B430FA
:10AB4000002B3ED0302383F31188D4F8B4301B6837
:10AB50001A68D10732D45D68C5F1400515F0FF05CC
:10AB600017D094F85C3018332A4654F8231004F1B7
:10AB70007000EAF797F8D4F81C312B44C4F81C3164
:10AB80002046FFF753FE94F80A3113B12046FFF731
:10AB9000DFFDD4F8B4301A68136823F01F03136084
:10ABA000D4F8B43019680A68D207FCD4597A5A68C4
:10ABB0003D238B4013602046FFF79EFB002383F369
:10ABC000118863695A7982B11B68D3F88C341B6889
:10ABD0001B78042B04D001A8E9F7ACFD03B030BD0D
:10ABE0000D4B1B68DB6901221A71237E13B92046C5
:10ABF000FFF780FE636D002BEDD004F17000E9F7E4
:10AC0000C1FFB4F858309842E5D3606D4FF48061CD
:10AC100005F010FADFE700BF08260020104B70B5E2
:10AC2000104C1D68A86A226803689B681AB94FF423
:10AC30007A719847F6E7A86A0B4E03684FF47A7169
:10AC40009B6898470B2456F8040B20B190F8EC3021
:10AC50000BB1FFF743FF013C14F0FF04F3D1EAE727
:10AC6000082600202C9E0020009E002038B50446B7
:10AC7000C8060D4604D5206A10B1022106F046FB35
:10AC8000690604D5E06910B1022106F03FFBAA066F
:10AC900004D5206A10B1012106F038FB2B0606D539
:10ACA000E06920B1BDE83840012106F02FBB38BD76
:10ACB0002DE9F04743695D7904460E462DB1B1FA9E
:10ACC00081F56D092846BDE8F087A0F82C11D3F86E
:10ACD00000809869D8F85422D2F810A05769D26839
:10ACE000294602F400591A7901F07CF86369206260
:10ACF0001A795869012101F075F86369E0611A79E0
:10AD0000D869042101F06EF8636960621A79186AE3
:10AD1000042101F067F82368A062DB6B94F8091145
:10AD200020469847636916F0010F93F9241000F04C
:10AD3000868000290CDB5A4A1268D0690268C9B2C1
:10AD4000156993F82520A847206A002873D10125AA
:10AD50006269B00792F9261040F185800029C0F29F
:10AD600096804F4B92F827201B68D8690368C9B2B8
:10AD70001B699847E06910B1022106F0C7FA16F086
:10AD8000080F18BF00257107D4F8283140F18180E1
:10AD900043F00803C4F8283194F82E3147F008072F
:10ADA00063B9636918684FF48052182304F59871E9
:10ADB000043005F0E5F8012384F82E31237E93B1A9
:10ADC000D4F8B4307BB11A68136823F01F03136002
:10ADD000D4F8B43019680A68D207FCD4597A5A6892
:10ADE0003D238B4013600023238331462046FFF729
:10ADF0003DFFD8F854321A69524503D15A69BA4214
:10AE00003FF460AFB9F1000F03D0DA6822F40052CA
:10AE1000DA60D8F85432C3F810A0D8F854325F6121
:10AE2000B9F1000F3FF44EAFD8F85422D36843F481
:10AE30000053D36046E7022106F068FA87E700294D
:10AE400085DB174A1268D06993F825200368B2FAA7
:10AE500082F21B695209C9B29847206A00283FF460
:10AE600076AF0121E8E7002989DB0D4B92F8272016
:10AE70001B68D8690368B2FA82F21B695209C9B229
:10AE80009847E06900283FF47AAF012175E7002573
:10AE900075E723F0080327F00807C4F82831A4E772
:10AEA0000826002010B5124B1A7802BB114C12482C
:10AEB00001221A7004F08EFB21460F4804F0B6FB05
:10AEC0002468E26ED2F8043843F00203C2F8043872
:10AED00040F2DC5005F006FC0849204604F0DEFC98
:10AEE000E26ED2F8043823F00203C2F8043810BD31
:10AEF000309E0020E4160408F4A90020EC16040893
:10AF00002DE9F04104468AB090461F460E4671B9BD
:10AF100057EA02030BD190F8ED3043B190F8EC30D2
:10AF20002BB1864BDB6803650AB0BDE8F081FFF703
:10AF30006DF963691A68002AF6D05B794FF4C8701E
:10AF4000B6FBF0F0B0F5007F38BF4FF40070002B77
:10AF50000CBF4FF400734FF4806385B29F4238BF3B
:10AF60001F464FF49572454504F1D40104A838BF3B
:10AF70004546E9F7C3FB636F9D4207D0002384F881
:10AF8000EC30294604F17000E9F7DAFD636F1B0924
:10AF9000C4F898306EB1A36BB34261D0684B1B68A4
:10AFA0009B69A663A3425BD004F17000E9F7D8FD6A
:10AFB000012694F82E31EBB9B4F82C31DD0519D403
:10AFC000226E52B963699B793BB15D4B1B68D86AAD
:10AFD000036840219B6C98472066626E52B9636992
:10AFE0009B793BB1564B1B68D86A036840219B6C28
:10AFF00098476066A36E7BB963691B7B63B1B4F845
:10B000002C2112F4007207D14D4B1B68D86A0368DB
:10B0100040219B6C9847A06694F82E3113B300230F
:10B020002383B4F82C31D80544BF00222276990539
:10B03000B4F86C2044BF00236376B2F57A7FA36B2B
:10B040001DD9B3F5E13F1DD80023637663691A7BF0
:10B05000C2B1587B00F0A6FBA0B10023637611E0DB
:10B060000026A6E7226E1AB1636E003B18BF0123CB
:10B070002376A36E003B18BF01236376D1E7B3F5B7
:10B08000E13FE3D94FF4B77204F1BC0105A8E9F739
:10B0900035FBD4F888309F4207D0002384F8ED3088
:10B0A000394604F18400E9F74BFD1EB104F1840038
:10B0B000E9F756FD63695A79002A45D094F8EE20E5
:10B0C00042B91A681F4B9A4201D1FFF7EBFE0123E8
:10B0D00084F8EE30D4F8883013B1012384F8ED30D1
:10B0E000636F13B1012384F8EC30144BDB682365E4
:10B0F0002046FFF7A7F8236894F80911DB6B204678
:10B10000984794F836300BB994F8ED3094F88431C0
:10B110006BB9636918684FF400524FF4E07304F59B
:10B12000B871043004F02CFF012384F8843105A8A1
:10B13000E9F700FB04A8E9F7FDFAF5E638A70020D7
:10B1400008260020F4A90020A36B002BC2D094F89D
:10B15000EE6094F8EE30F6B203F0FF05DBB9237E23
:10B16000B3B1302383F311886069444AC079234620
:10B170000C2102F091FCC4F8B40085F31188D4F8D6
:10B18000B4301A6863691B68D3F85432043393608F
:10B19000012384F8EE30637E0BB3D4F8F030F3B9BA
:10B1A000374B0694CDE907341420364B0993E9F761
:10B1B00011F9054678B10AAA12E9030063695F7BB9
:10B1C00001AB83E80300079B0093FF22069B3946EF
:10B1D000284600F0C7FAC4F8F05005B96576A36BAD
:10B1E000E363217ED4F82431B4F82021A4F842305E
:10B1F000B4F82831A4F84020A4F8443039B142F022
:10B20000100243F04003A4F84020A4F84430637EC9
:10B210002BB1B4F8443043F08003A4F844301A4B07
:10B22000C4E91234636904F13C01186804F022F99E
:10B23000237E002B3FF44EAF63691B68D3F8542282
:10B24000D36823F02003D360002E7FF443AFD4F8FB
:10B25000B4301A68136823F01F031360D4F8B430B5
:10B2600019680A68D207FCD4597A5A683D238B4082
:10B2700013602046FFF740F82CE700BF55A80208EE
:10B28000F5A202087DA30208F19F0208004870475A
:10B290005411040800207047014B002019707047BA
:10B2A000319E00207047000000207047704700006A
:10B2B00005F0F2BE084609B105F0EABE704700008D
:10B2C00008B5134612780C2AA8BF0C2208461A703B
:10B2D000024908F0EBF9012008BD00BF107AFF1FFA
:10B2E0001046194605F076BF05F086BF2DE9F347F5
:10B2F00042F6F8216846E9F7E7F94F4801A9F2F765
:10B3000051FD044660B94C4A4C490620E7F744FA1F
:10B3100003246846E9F7E4F9204602B0BDE8F08767
:10B32000019B1F3323F01F030193454B1D68686B7E
:10B33000036800211B689847019A0746014620468A
:10B3400008F0A4F940B93F490620E7F725FA20465E
:10B35000F2F76AFD0124DCE73B490620E7F71CFA17
:10B360000026B046019B434522D9686B03685FFA0B
:10B3700086F95B6849469847824620B92046F2F72D
:10B3800053FD0224C5E7A86A03684FF47A711B696C
:10B390009847686B03684946DB689847013628B9C7
:10B3A0002A494A460620E7F7F7F9E7E7D044D9E704
:10B3B000214A2749DFF8A4903B460620E7F7ECF93D
:10B3C000686B036801215B6998474FF00108A86A20
:10B3D00003684FF47A711B699847686B03682246CB
:10B3E0001E69019B3946B0470646B8B942460A2352
:10B3F00049460620E7F7D0F9A86A036864215B682C
:10B4000008F101089847B8F10B0FE0D1686B0368A9
:10B4100031465B6998470F490A22C3E70E49062067
:10B42000E7F7BAF9686B036800215B699847204623
:10B43000F2F7FAFC00246CE7EC9103086C110408A5
:10B44000082600207F110408961104089F110408A3
:10B45000B0110408EC110408E2110408C311040837
:10B460002DE9F04F214B9DB01A7C0F925A7C10921F
:10B470009A7C1192DA7C12925A7D1F7D13929A7DEA
:10B480001492DA7D159293F818B093F819A093F8F6
:10B490001A9093F81B8016AB0C46054614491722E8
:10B4A000184608F025FE139A0792149A0692159AE8
:10B4B00005920F9A0492109A0392119A0292129A8C
:10B4C0000C4B0897CDE900020026CDE9098932220C
:10B4D00021462846CDE90BAB8DF86F60E9F79CFA61
:10B4E000012084F831601DB0BDE8F08F007AFF1FA5
:10B4F0000C1204081712040805F0ECBF2DE9F04700
:10B500001B4A1C4CDFF87480DFF874A0DFF87490DD
:10B5100086B010460F4605F011FF154A1649A41AC9
:10B52000034600943846FBF77FF804F079FE0446A2
:10B53000D4B1256AE269A36B05924545284614BF3C
:10B54000661BAAEB0806049305F0F8FEDDE9043259
:10B55000CDE90106494638460095FBF765F82046D7
:10B5600004F06EFE0446E3E706B0BDE8F08700BFD6
:10B5700000010020000700205012040800070020EE
:10B580000023002083120408084600F04FB9000091
:10B590002DE9F04188B00D4604A805A905F096FDF7
:10B5A0001549DFF8588006462846FBF73DF8002489
:10B5B0002746E0B286421CD9CDE9067710B1049B3C
:10B5C00003EB441007AA06A904F0B0FC05990C226D
:10B5D00062438818D0E901300290079801900698DC
:10B5E00000908A589B0A41462846FBF71DF8013413
:10B5F000DFE708B0BDE8F081A8120408B312040820
:10B600002DE9F34B04460E46FAF7C6FFD4F8CC30CA
:10B610001549C4F8CC00A0EB03083046FBF704F84A
:10B62000124B134F1B680193A4340025019A05F1B6
:10B63000100352F82390B9F1000F0DD02A46394675
:10B640003046FAF7F1FFD9F800302246D3F868B057
:10B65000314643464846D8470135052D04F10804D4
:10B66000E4D102B0BDE8F08BE41204080826002003
:10B67000EC12040810B50F4B1C68E36A012283F832
:10B680004F20E06A1321043005F02EFF0A4BDA6EDA
:10B69000D2F8043843F00203C2F804384CF25030B8
:10B6A00005F020F8A06A0368BDE810409B6B0021FC
:10B6B000184700BF08260020C0A1002008460AB98C
:10B6C00005F0BABC012A01D105F0CCBC022AF7D0A2
:10B6D000012005F0D9BC000070B50C4615462AB90A
:10B6E000084605F0D5FC2E46304670BD104619B907
:10B6F000BDE8704005F084BC05F082FC06460028D9
:10B70000F2D054F8042CAA4228BF2A46214607F05A
:10B71000CDFF204605F0BCFCE6E7000070B50C4606
:10B7200015460026AE4204D2E9F7FCFFA0530236CC
:10B73000F8E7EB0704D5E9F7F5FF2C4404F8010C12
:10B74000012070BDE9F732B938B5054D002428460F
:10B75000013404F0C1FC102C05F12005F7D138BDEF
:10B76000389E002082B010B5914203934FF0000341
:10B77000C0E90033C0E9023304460174427484BF57
:10B7800002744174DDE9030184E80300DDE9050189
:10B7900004F1080383E803002046BDE8104002B02E
:10B7A00070470000002070470F2838B50AD8074BB3
:10B7B00003EB40152846AC6804F0D0FC14B1AB682C
:10B7C0009C4201D1002038BD0120FCE7389E0020BA
:10B7D0000F2938B50446154610D8094800EB41102A
:10B7E00004F0E8FC55B1074B1B683BB1227C02EB2F
:10B7F000420203EB82039A6801329A6038BD00BFAF
:10B80000389E0020349E002013B5002304460A46CB
:10B8100083740191417CFFF7DBFF019A217C204674
:10B8200002B0BDE81040FFF7D3BF00002DE9F04F94
:10B83000314E2DED028B33688BB007461BB9CC20FF
:10B84000E8F7CEFD30602D499FED2D8ADFF8B480FA
:10B850003846FAF7E9FE00254FF00C09336809FB7A
:10B8600005F4EAB2195903EB040C31B9DCF8041001
:10B8700019B9DCF80810002936D0191991ED007AB1
:10B8800053F804E0DCF80400DCF8081007910EEB34
:10B890000001013107EE901AB8EE477AF8EE677AA8
:10B8A00027EE087ADCF804A053F804B0C7EE277A34
:10B8B00002F00703D20801320993089217EE900AAA
:10B8C000E4F724FE079B0093CDE90401DDE908239A
:10B8D000CDE901AB41463846FAF7A6FE33680022AF
:10B8E0001A51336823445A600135102DB6D10BB07C
:10B8F000BDEC028BBDE8F08F349E00208813040855
:10B900000000C8428F130408D0E900031847000064
:10B9100038B50446007C0F280FD83F4D05EB401387
:10B92000D96951B1A14208D018461430FFF7ECFF95
:10B93000237C05EB43150023EB61607C0F280FD8B7
:10B94000354D05EB4013D96951B1A14208D01846D5
:10B950001430FFF7D9FF637C05EB43150023EB613F
:10B96000227C0F2A04D82C4B03EB4213DB693BB13A
:10B97000627C0F2A26D8284B03EB4213DB690BBBF2
:10B9800021462046FFF7C0FF237C0F2B0BD8224A0D
:10B99000D4E9020102EB4313143383E80300237C50
:10B9A00002EB4312D461637C0F2B0BD81A4AD4E903
:10B9B000020102EB4313143383E80300637C02EBC0
:10B9C0004312D46115480268D2B1237C0F2B09D8E9
:10B9D000E57C03EB4303990002EB83039DB15358CD
:10B9E00001335350637C0F2B0AD80268E07C03EBD1
:10B9F0004303990002EB830348B15358013353507A
:10BA00000123A37438BD5A6801325A60EAE75A68C4
:10BA100001325A60F4E700BF389E0020349E0020B7
:10BA200038B50446007CFFF7BFFE0546607CFFF793
:10BA3000BBFE002D08BF0546E5742046BDE8384032
:10BA4000FFF766BF044B11220021013AC3E905113B
:10BA500003F12003F9D17047389E002070470000A1
:10BA600000797047406820F00F0300F00F001B6959
:10BA700023FA00F000F001007047000010B54268A2
:10BA800001F0010102F00F0081F0010300F1100448
:10BA9000A340814022F00F021943916110BD0000C4
:10BAA000426822F00F010123486902F00F0293401F
:10BAB00043404B617047000000B1004770470000F1
:10BAC00010B5044CA07820B10138C0B2FBF7DCFD02
:10BAD000607010BD58A0002040680A4600F00F03B7
:10BAE0000121994020F00F0002F066B870B50446BD
:10BAF000FAF74CFD034694B1E56885B1E28A8AB154
:10BB0000012A0DD1302383F31188606800F00F0102
:10BB100020F00F0002F0EEF8002383F3118870BDCF
:10BB2000013AE2826268A06822F00F0102F00F027F
:10BB3000096921FA02F2AC46217802F00102BDE85F
:10BB40007040604773B5224CE38A012B054604D050
:10BB500042F21073E38202B070BD1E4B1E68237E5A
:10BB600083B922781C490320E6F716FEF36A93F89E
:10BB70009C3073B1F2F7CEF840F275224FF00071AD
:10BB8000F2F7B4F8F36A93F89C3013B101232376EB
:10BB9000E1E7237EFF2B15D1A36813B9E368002BDF
:10BBA000D9D022780D490520E6F7F6FD2B68627E94
:10BBB0000092DE6A0A4B21780CCB2846B047002859
:10BBC000C6D1E3E70133DBB2642B2376C3D9E3E7C5
:10BBD00058A0002008260020C4130408D813040825
:10BBE00060A00020074B1A78824208D129B19A78C8
:10BBF0001AB15A78002A08BF00231846704700235C
:10BC0000FBE700BF58A0002008B508460121FFF758
:10BC1000E9FF38B1436823F00F0203F00F03106906
:10BC2000D840084008BD000008B508460121FFF7CC
:10BC3000D9FF40B1436823F00F0203F00F035069AE
:10BC400099404140516108BD08B508460121FFF700
:10BC5000C9FF003818BF012008BD000010B5084614
:10BC600001211446FFF7BEFF20B1406805F022FB1A
:10BC70002060012010BD000038B50846012115469E
:10BC8000FFF7B0FF044638B13DB9037D7BB1437D7A
:10BC9000202B01D0402B0AD138BD4175406805F0FA
:10BCA00009FB00F00500052803D1607501E00023C1
:10BCB00063756068627D00F00F030121994020F0F8
:10BCC0000F0001F079FFB5FA85F252092275E3E71A
:10BCD00038B5084601211546FFF784FF044698B1A0
:10BCE0004068237D00F00F02914020F00F0043B127
:10BCF000012D0CBF202240226275BDE8384001F0C2
:10BD00005BBF89B20DB9418338BD0183FCE70000F8
:10BD100007B5084601210192FFF764FF58B140685A
:10BD2000019A00F00F03994020F00F0003B05DF876
:10BD300004EB01F041BF03B05DF804FB084610B509
:10BD40000121C0B2FFF74EFF044638B10820E8F7E2
:10BD500041FB18B16368024AC0E9002310BD00BF6F
:10BD600020140408054B1878884205D1987820B132
:10BD700001381070012070470020704758A0002043
:10BD800008B5302383F3118808B103691BB9002378
:10BD900083F3118808BD0021103004F0BDFCF6E7E4
:10BDA00007B50A4B084611461A7E62B1024608489A
:10BDB0001B7800680093C06A064BE8F72DFE002050
:10BDC00003B05DF804FB0120FAE700BF58A0002093
:10BDD00008260020F8130408014B0360704700BFD9
:10BDE00038140408704700002DE9F8431C469DF8FC
:10BDF0002030013BDBB2022B0E4690461CD8134A82
:10BE0000D55C134B06F00F0753F83730BBB1D4B9EC
:10BE1000254626F00F093946484601F06BFF2246B9
:10BE20004146304603F058F948462A46394601F063
:10BE30002FFF0120BDE8F8832CB92546E1E7002C4F
:10BE400008BF0025E5E70020F4E700BF141404084C
:10BE5000F8A000202DE9F34107460846012190464D
:10BE60001C46FFF7BFFE054640B1302383F311881F
:10BE7000066936B1002181F31188084602B0BDE899
:10BE8000F081CDF800804168114A03463846FFF73B
:10BE9000ABFF10B980F31188F0E747F230520A2166
:10BEA0002046E9F72FFC014605F1100004F026FCBE
:10BEB000CDF8008069680446334632463846FFF7BD
:10BEC00093FF86F31188B4FA84F04009D6E700BFE7
:10BED00081BD020813B5302484F311889DF8104009
:10BEE0000094FFF781FF002383F3118802B010BD97
:10BEF00007B5002A00931346034A08BF0022FFF744
:10BF0000E9FF03B05DF804FBB9BA020873B5064651
:10BF10000846002101921D46FFF764FE58B10176E4
:10BF2000C182019A416845762B46304602B0BDE891
:10BF30007040FFF7DDBF02B070BD0000F0B585B006
:10BF4000064602AD0846002185E80C00FFF74AFED0
:10BF50009DF82870044618B90023184605B0F0BDB6
:10BF6000039A0176C1820346416809480097002A76
:10BF700018BF02463046FFF7ADFF03460028EBD05E
:10BF800095E8030004F1080282E803006776E4E71D
:10BF9000EDBA020808B5064B1C220021184607F02E
:10BFA000CFFB4FF4A3720280024A426008BD00BF7B
:10BFB00058A000200104024008B52DED048BB0EE1E
:10BFC000609AF0EE408AFBF725FAB0EE408A89EEDF
:10BFD000280A06F0D3F8DFED0B7A20EE270A06F0E8
:10BFE00065F8DFED097A38EE278ADFED087A28EE6A
:10BFF000278AF7EE007A37EEC00A28EE000ABDEC79
:10C00000048B08BD41D3423E33938843A1D81943E2
:10C0100038B52DED088BDFED21AA9FED21AA9FED0C
:10C0200021BA0546B0EE409AF0EE609AB0EE408A32
:10C030001524013CA4B25CB3F0EE490A2846B0EEE8
:10C04000480AFFF7B9FFF0EE490A70EE698A284600
:10C0500038EE2A0AFFF7B0FFB0EEE87A70EE697AA0
:10C06000B4EECA7AF1EE10FA77EEE87A10D468EE00
:10C07000AA8A40F2631088EEA70AB0EE4B1A38EE97
:10C08000400AF0EE4A0AE9F70FFBB0EE408AD0E72B
:10C09000B0EE480ABDEC088B38BD00BFCDCCCC3D1E
:10C0A0000AD7233C002474492DE9F7432C4E05465A
:10C0B000071DFAF779FA2C6A80468946FCB1D4E963
:10C0C0000423904579EB030317D3D4E90412884580
:10C0D00079EB020306D3E3685B1842F10002C4E97E
:10C0E0000432F2E74622394601A8E8F707FBD4E913
:10C0F0000103984701A8E8F71DFB2468DEE7FAF77B
:10C1000053FA2A6A234692B154EA0308D2E904ECAE
:10C1100003D0A6457CEB030807D2704571EB0C08F1
:10C1200004460B463CBF744663461268EBE7844204
:10C1300073EB01024CF250320AD3241A63EB010371
:10C14000944273F1000303D2642C224638BF642268
:10C150003368986A036891B29B689847A9E700BF63
:10C160000826002038B504460D460430F9F7C0FB18
:10C1700004F1340084F8245000220A2105F0E8F884
:10C1800004F1380000220A2105F0E2F8204638BD0B
:10C190002DE9FF4102AF87E80C0090F82C30DDF864
:10C1A000288005460E464BBB012380F82C30C0F892
:10C1B0003080072004F024FF0446A0B398F808302C
:10C1C00003F00702012A10D0022A14D0184B95F868
:10C1D0002420009521464FF49E6004F06BFFA86276
:10C1E00060B914482146FAF7ABF9134ADB08072176
:10C1F000F9F794FBEAE7114ADB08F8E71820E8F7BB
:10C20000E9F8044678B1031D97E8030083E80300CA
:10C21000E660FAF7C9F9301841F10001C4E90401F8
:10C220002B6A23602C62204604B0BDE8F08100BF79
:10C23000A9C00208881404087C14040882140408A5
:10C2400038B5094B1446DB68826A9A420D4609D11B
:10C25000CC60FAF7A9F9201841F10001C5E9040101
:10C26000012038BD0020FCE738A70020F8B51E46A5
:10C270001B6805460C4617461BB9236863B90124A1
:10C2800008E0BDF81820806B314605F079F80028E9
:10C29000F3D100242046F8BD2146686B3A4605F0EC
:10C2A000A9F804460028EAD13368002BF1D0A86B26
:10C2B00005F0D8F8EEE7000038B50D461146044603
:10C2C0001A4611B1806B05F087F82DB1606B2946D5
:10C2D000BDE8384005F0BEB838BD00002DE9F0419A
:10C2E000456A15B94162BDE8F0818B6823F060476B
:10C2F000C3F38A464FEAD37EC3F3807816EA230657
:10C3000038BF3E46AC462B469A68BEEBD27F22F041
:10C3100060440AD0002A18DAA40CB44217D19D4216
:10C320000FD10D60DEE71346EEE7A74207D102F01A
:10C330008044C2F3807242450BD054B1EFE708D27B
:10C34000EDE7CCF800100B60CDE7B44201D0B44269
:10C35000E5D81A689C46002AE5D11960C3E70000B9
:10C360002DE9F047089D01F007044FEAD508224463
:10C3700005F0070500EBD1004FF47F49944201D14D
:10C38000BDE8F08704F0070705F0070A57453E4669
:10C3900038BF5646C6F10806111B8E4228BF0E460E
:10C3A000E10808EBD50E415C13F80EC0B94029FA3C
:10C3B00006F721FA0AF1FFB28CEA010147FA0AF7FF
:10C3C00039408CEA010C03F80EC034443544D5E7FB
:10C3D00080EA0120082341F2210201B24000002935
:10C3E00080B203F1FF33B8BF504013F0FF03F4D124
:10C3F0007047000038B50C468D18A54200D138BDF5
:10C4000014F8011BFFF7E4FFF7E7000042684AB1A8
:10C41000136843604389818901339BB29942438108
:10C4200038BF83811046704770B588B0202204461B
:10C430000D466846002107F083F920460495FFF772
:10C44000E5FF024658B16B46054608AE1C4603CCD4
:10C45000B44228606960234605F10805F6D110460C
:10C4600008B070BD082817D909280CD00A280CD0AC
:10C470000B280CD00C280CD00D280CD00E2814BF83
:10C480004020302070470C20704710207047142047
:10C49000704718207047202070470000082817D9DF
:10C4A0000C280CD910280CD914280CD918280CD910
:10C4B00020280CD930288CBF0F200E20704709206F
:10C4C00070470A2070470B2070470C2070470D20E2
:10C4D000704700002DE9F843078C072F04461ED94A
:10C4E000D0E9029800254FF6FF73C5F12006A5F1AB
:10C4F000200029FA05F108FA06F628FA00F031437F
:10C500000143C9B21846FFF763FF0835402D0346C3
:10C51000EBD1E1693A46BDE8F843FFF76BBF4FF650
:10C52000FF70BDE8F883000010B54B6823B9CA8AD4
:10C5300063F30902CA8210BD04691A681C600361B2
:10C54000C38A013BC3824A60EFE700002DE9F84F40
:10C550001D46CB8A0F46C3F309010D298146924639
:10C560000B4630D00020AAB207F11A049EB20C2E5E
:10C570001FFA80F80FD8904503F1010306D3FB8A18
:10C580000A4462F30903FB8201201AE01AF80060F2
:10C59000E6540130EAE79045F1D2A1F10D0B2423D6
:10C5A0007C68BBFBF3F203FB12BB1FFA8BF6002C7B
:10C5B00046D14846FFF72AFF044638B978606FF045
:10C5C0000200BDE8F88F4FF00008E6E7002606609D
:10C5D0007860ADB24FF0000B454510D90AEB080367
:10C5E000221D13F8011B9155B1B208F1010823294E
:10C5F0001FFA88F82CD0454506F10106F1D8FB8AD0
:10C60000C3F30902154465F30903BCE7013292B292
:10C610001C462368002BF9D1A5F10D030B442421FE
:10C62000B3FBF1F301339BB29A42D2D2BBF1000FBC
:10C63000CFD14846FFF7EAFE20B9C4F800B0BEE704
:10C640000122E6E7C0F800B05E4620600446C0E77D
:10C650004545D4D94846FFF7D9FE08B92060AEE772
:10C66000C0F800B0002620600446B5E72DE9F04F81
:10C670002DED028B1C4683B05B690192074688460C
:10C68000002B00F0B280238C2BB1E269002A00F06D
:10C69000AC80072B3AD807F10C00FFF7B7FE054630
:10C6A00038B96FF00206304603B0BDEC028BBDE82E
:10C6B000F08F2822002107F043F8228CE16905F170
:10C6C000180006F0F3FF208C013080B2FFF7E6FE81
:10C6D000FFF7C8FE013880B22084013085F82000C1
:10C6E0006369228C1B782A4403F01F0363F03F0325
:10C6F00048F000411376A960D4E90A232946C5E928
:10C7000004233846FFF7EAFD0126CCE702339BB24B
:10C710000722C18A0633B3FBF2F3828A521A9BB214
:10C7200092B29342BDD800F10C034FF0000908EE1D
:10C73000103A4FF0800ACB464E4618EE100AFFF72B
:10C7400065FE05460028ACD02822002106F0F8FF3F
:10C75000BBF1000F3CD1019B2B83022205F1180E87
:10C760001FFA82FC0CF10100BCF1060F218C80B293
:10C7700001D88B452ED3FFF791FEFFF773FE626958
:10C780001278013802F01F028B4508BF4FF0400AB3
:10C7900042EA491215FA80F14AEA020A013048F0E9
:10C7A000004281F818A0AA6085F82000D4E90A01A7
:10C7B000C5E9040129463846FFF790FD228C013671
:10C7C0005A4536B289F001094FF0000AB5D16AE73F
:10C7D0000022C3E7E1690BF1010311F80B100EF819
:10C7E00002101FFA83FB0132BAE76FF001065AE725
:10C7F000F8B515460E463022002104461F4606F0C5
:10C800009FFFB5F5201F069B636038BF2822079B5A
:10C81000A76028BF4FF6FF72A36238BFB5FBF2F2E4
:10C82000E66197B204F1100000239A4206D8002373
:10C830000360A782E3822383E360F8BD06600133CF
:10C8400030462836F1E7000003781BB94BB2002BC5
:10C85000C8BF01707047000000787047F8B50C46FB
:10C86000C969074611B9238C002B37D1257E1F2DAE
:10C8700034D8387828BB228C072A2CD8268A36F060
:10C8800003032BD14FF6FF70FFF7B4FD20F001003A
:10C890003102400441EA0561400C41EA40254FF66F
:10C8A000FF72234629463846FFF7E0FE002807DDE1
:10C8B000626913780133DBB21F2B88BF002313702A
:10C8C000F8BD218A2D0645EA012505432046FFF7DC
:10C8D00001FE0246E5E76FF00300F1E76FF00100AB
:10C8E000EEE700002DE9F041D36905460C461646F7
:10C8F0000BB9138C5BBB377E1F2F28D895F80080AF
:10C90000B8F1000F26D03046FFF7E4FD337821025E
:10C9100041EAC33141EA0801338A41EA076141EA49
:10C9200003410246334641F080012846FFF79EFE50
:10C9300000280ADD3378012B07D17269137801339F
:10C94000DBB21F2B88BF00231370BDE8F0816FF0AE
:10C950000100FAE76FF00300F7E70000406A00B15A
:10C9600008307047436A1A68426202691A600361BC
:10C97000C38A013BC38270472DE9F041D0F8208083
:10C980002A4E14461D464146002721B9416A0B46EE
:10C9900061BBBDE8F081D1E90232E31A65EB020226
:10C9A0009E4277EB02031ED2036A8B420DD1FFF742
:10C9B000BBFD036A1B68036203690B60C38A0161E4
:10C9C000016A013BC3828846DFE7FFF7ADFD0B68D4
:10C9D000C8F8003003690B60C38A0161013BC38260
:10C9E000D8F80010D1E788460968CEE7D1E9047687
:10C9F000A742AE410A680BD2466A8E420BD1036948
:10CA000042620B60C38A0161416A013BC3820A46EC
:10CA10000B461146BCE71A6002690A60C28A0161CE
:10CA2000013AC2821A681946F2E700BF80841E00EC
:10CA30002DE9F04F8BB00D46DDF8509014469B4623
:10CA40008046002800F01B81B9F1000F00F017812B
:10CA5000531E3F2B00F21381012A03D1BBF1000FBB
:10CA600040F00D810023CDE90833B8F81430B5EB60
:10CA7000C30F4FEAC30703D300200BB0BDE8F08F0C
:10CA80002B199F42D8F80C303ABF7F1BFFB22746C4
:10CA90001BB9D8F81030002B7CD0672D4ED8C5F1CB
:10CAA0006806B7424FF000032CBFF6B23E46009333
:10CAB0002946D8F8080008AB3246FFF751FCA7EB2F
:10CAC000060A35445FFA8AFAB8F8143003F10053C5
:10CAD0000D3BDB000493D8F80C3003936821039BD3
:10CAE00013B1BAF1000F2CD1D8F8100040B1BAF14F
:10CAF000000F05D0009608AB5246691AFFF730FCCC
:10CB000038B2002FB8D066070AD00AAB03EBD401C5
:10CB1000624211F8083C02F00702134101F8083C98
:10CB2000082C3ED9102C40F2B780202C40F2B9805E
:10CB3000BBF1000F00F09E80082336E0BA460026C5
:10CB4000C2E7049BB3F5907F28BF4FF49073069320
:10CB50000B44AB42059314D95A1B03980096924597
:10CB600034BF5246D2B2691A08AB04300792FFF7BD
:10CB7000F7FB079A1644AAEB020A1544F6B25FFACD
:10CB80008AFA049B069A05999B1A0493039B1B68D7
:10CB90000393A4E70093D8F8080008AB3A46294667
:10CBA000ACE7BBF1000F13D00123B4EBC30F6CD083
:10CBB000082C12D89DF82030621E23FA02F2D50705
:10CBC00006D54FF0FF3202FA04F423438DF82030EB
:10CBD0009DF8203089F800304FE7102C12D8BDF8AE
:10CBE0002030621E23FA02F2D10706D54FF0FF3241
:10CBF00002FA04F42343ADF82030BDF82030A9F840
:10CC000000303AE7202C0FD80899631E21FA03F36D
:10CC1000DA0705D54FF0FF3202FA04F40C4308940A
:10CC2000089BC9F8003028E7402C2BD0DDE90865C7
:10CC3000611EC4F12102A4F1210326FA01F105FAD3
:10CC400002F225FA03F311431943CB0712D501224F
:10CC5000A4F12003C4F1200102FA03F322FA01F146
:10CC6000A240524243EA010363EB430332432B43A6
:10CC7000CDE90823DDE90823C9E90023FDE66FF0CB
:10CC80000100FAE66FF00800F7E6082CA0D9102C96
:10CC9000B3D9202CEED8C3E7BBF1000FADD00223EF
:10CCA00083E7BBF1000FBBD004237EE730B5012A38
:10CCB000144638BF0124402C85B028BF40240025ED
:10CCC000012ACDE9025518D81B788DF80830630782
:10CCD0000AD004AB03EBD405624215F8083C02F01D
:10CCE0000702934005F8083C0091034622460021C4
:10CCF00002A8FFF735FB05B030BD082AE4D9102A99
:10CD000003D81B88ADF80830E1E7202A8DBFD3E9AE
:10CD100000231B680293CDE90223D8E710B5CB6846
:10CD20001BB98B600B618B8210BD04691A681C6093
:10CD30000361C38A013BC382CA60F0E703460A8BE2
:10CD4000486918609A8018467047000082B08DEDDF
:10CD5000010A019820F00043B3F1FF4F08D31BD024
:10CD600047F6FF73000C00F40040184302B0704710
:10CD70000B4BDFED0C7A034007EE103A67EE277A93
:10CD800017EE903A03F58053B3F1786F28BF4FF058
:10CD90007863C3F34F33E5E74FF4F843E2E700BFAE
:10CDA00000F0FF7F0000800703064CBFC0F3C030D7
:10CDB0000220704708B50246FFF7F6FF022806D1A9
:10CDC0005306C2F30F2001D100F0030008BDC2F3E7
:10CDD0000740FBE72DE9F04F93B0CDE903230A6844
:10CDE00004461046FFF7E0FF022814BFC2F30626F0
:10CDF0000026002A0D46824680F2FD8112F0C049CD
:10CE000040F0F981097E002900F0F581022803D065
:10CE10002378B34240F0F281C2F3046306931046D4
:10CE200002F07F030593FFF7C5FF059B29444FEAF6
:10CE3000834848EA0A4848EA4668CE7B0023002235
:10CE4000CDE90823F309834648EA0008029367D036
:10CE5000059B009302466768534608A92046B847D9
:10CE6000002800F0CE81276A4FB9414604F10C003A
:10CE7000FFF7DAFA074690B96FF0020054E03B6919
:10CE800098450DD03F68002FF9D1414604F10C00C0
:10CE9000FFF7CAFA07460028EED0236A3B602762F4
:10CEA00097F817C006F01F08CCF3840CACEB080011
:10CEB0001FFA80FE0028B8BF0EF12000A8EB0C037B
:10CEC0001FFA83FED7E90221B8BF00B2002B0793F7
:10CED000BEBF0EF120031BB2079352EA010338D004
:10CEE000039BDFF828E39A1A049B4FF0000C63EBD6
:10CEF000010196457CEB01032BD36B7E97F81AE07A
:10CF0000734519D1029B002B79D0012821DC786868
:10CF1000F8B9DFF8F4C2944570EB010316D337E09B
:10CF2000276A27B96FF00C0013B0BDE8F08F3B699A
:10CF30009845B5D03F68F4E7B34890427CEB0103D5
:10CF400001D30020F0E7029B002BFAD0079B0F2BA8
:10CF500017DCFA7DB30002F0030203F07C031343F5
:10CF6000FB7539462046FFF7DFFA6B7EBB76029BE6
:10CF70003BB9FB7DC3F38402013262F38603FB7588
:10CF8000D0E76A7EBB7E9A42DBD1029B002B36D073
:10CF9000B309022B33D0039BBB60049BFB601422BC
:10CFA00000210DA806F0CCFB039B0A93049B0B9376
:10CFB00005F110030C932B7EADF83EB0013BDBB2C4
:10CFC000ADF83C30069B8DF84230059B8DF8433020
:10CFD00094F82C308DF840A083F001038DF8443094
:10CFE0008DF84180A3680AA920469847FB7DC3F3CA
:10CFF0008403013303F01F039B02FB82A1E7FB7D47
:10D00000C6F34012B2EBD31F40F00281C3F3840396
:10D01000434540F00081029A2B7EB609002A53D086
:10D0200016F0010663D1032B40F2F880039BBB602E
:10D03000049BFB60FB8A66F30903FB822B7E05F1F0
:10D040001206033BDBB23246394604F10C00FFF70F
:10D050007DFA00280CDA39462046FFF765FAFB7D99
:10D06000C3F38403013303F01F039B02FB8203E736
:10D07000DDE908842B8A3B834FF6FF73C9F120005A
:10D08000A9F1200228FA09F104FA00F0014324FA78
:10D0900002F211431846C9B2FFF79AF909F10809DB
:10D0A000B9F1400F0346E9D1B8822A7E033AD2B2E1
:10D0B0003146FFF79FF9FB7DB882DA43C2F3C01215
:10D0C00062F3C713FB753CE78EB905F11006013B0F
:10D0D000DBB23246394604F10C00FFF737FA00287C
:10D0E000B9DB2A7EB88A013AD2B23146E1E7F98A41
:10D0F000C1F30901013B0C29DAB25DD805F110003A
:10D10000002307F11B069A4208D910F801CB06F854
:10D1100001C0013101330D29DBB2F4D103990A9129
:10D1200004990B91934207F11B010C9138BF103306
:10D1300079680D9134BF55FA83F300230E93FB8A6F
:10D14000ADF83EB0C3F309031A44069B8DF8423094
:10D15000059B8DF8433094F82C30ADF83C2083F0DB
:10D1600001038DF8443000238DF840A08DF84180F4
:10D170007B602A7EB88A013A05F11001FFF73AF97F
:10D180003B8BB882834203D1A3680AA92046984703
:10D1900020460AA9FFF7C2FDFB7DBA8AC3F38403C8
:10D1A000013303F01F039B02FB823B8B9A420CBFAF
:10D1B00000206FF01000B7E67B68002BAED00D208A
:10D1C00001E0243033461E68002EFAD1091A081DEA
:10D1D00005F11006184401EB090CBCF1230F5FFAAE
:10D1E00089F39BD89A4299D916F8013B00F8013B84
:10D1F00009F10109EFE76FF0090095E66FF00A0009
:10D2000092E66FF00B008FE640420F0080841E0014
:10D210006FF00D0088E66FF00E0085E66FF00F00EE
:10D2200082E600BFEFF3098305494A6B22F0010251
:10D230004A63683383F30988002383F311887047B6
:10D2400000EF00E0302080F3118862B60C4B0D4AED
:10D25000D96821F4E0610904090C0A43DA60D3F8C3
:10D26000FC20094942F08072C3F8FC200A6842F0B1
:10D2700001020A602022DA7783F82200704700BF9B
:10D2800000ED00E00003FA05001000E010B53023C7
:10D2900083F311880E4B5B6813F4006314D0F1EE36
:10D2A000103AEFF30984683C4FF08073E361094B57
:10D2B000DB6B236684F3098803F082F810B1064B18
:10D2C000A36110BD054BFBE783F31188F9E700BFAD
:10D2D00000ED00E000EF00E0671101086A110108AD
:10D2E000F0B500F10B04002B14BF1D460D4623467C
:10D2F000B1FBF2F702FB171101F13006392EC8BF5E
:10D3000001F1370603F8016D2E4696423946B5FB0A
:10D31000F2F5EDD2421EE11A13F8015B02F8015F4B
:10D32000A342F9D10844F0BD2DE9F04F2DED048B57
:10D3300006468BB0904600270C4614F8013B002BA4
:10D340003FD0252B06D032681946D2683046904728
:10D350000137C3E14B782D2B06BF8C1C0123002322
:10D36000029323782B2B04BF01344FF0010B94F868
:10D3700000A018BF4FF0000BBAF1300F0CBF013402
:10D380004FF0200A23782A2B21D158F8043B01932F
:10D39000023414F8013C2E2B48D123788BB12A2B70
:10D3A00026D0611C4FF000090A20A3F13002D2B24E
:10D3B000092A0C4620D811F8013B00FB0929002B53
:10D3C000F3D138460BB0BDEC048BBDE8F08F0023E1
:10D3D00001930A2114F8013B002BF2D0A3F1300293
:10D3E000D2B2092AD7D8019B01FB03230193F1E7AD
:10D3F00058F8049B6378023403F0DF024C2A18D1FA
:10D400002378002BDDD0782B04F1010420D8622B87
:10D4100000F27081582B1BD84E2B00F29F81442BB9
:10D4200000F09680492B00F0938011E04FF0000946
:10D43000E2E7A3F14102782BD2B209D8622B0BD8D4
:10D44000582B05D84E2B3BD8442B7CD0492B7AD077
:10D450008DF81030454656E0A3F163001528F7D843
:10D4600001A555F820F000BFF9D4020847D50208FD
:10D4700051D40208E5D5020851D4020851D402085B
:10D4800047D5020851D4020851D4020851D40208E9
:10D4900051D4020851D40208A7D6020899D702082D
:10D4A00051D4020851D4020811D5020851D40208FF
:10D4B00095D7020851D4020851D4020899D702081E
:10D4C000A3F14F02092AC3D801A050F822F000BFEF
:10D4D000A7D6020899D7020851D4020851D40208ED
:10D4E00051D4020851D4020895D7020851D4020839
:10D4F00051D4020899D7020845464FF0200A55F842
:10D50000043B8DF810300DF110080DF1110030E0E2
:10D510004546A24B55F8048BB8F1000F08BF98465A
:10D5200047F6FF73B9F1000F08BF9946C14443465F
:10D53000184613F8012B1AB1A9EB0302002AF7DAF7
:10D540004FF0200A15E04546192A55F8041B02D869
:10D55000454655F8041B00293BDA2D238DF8103081
:10D5600049420DF1110000230A22FFF7B9FE0DF127
:10D570001008019B0299A0EB0809A3EB090222EA1B
:10D58000E273002940F0AC80002AC3F1000B1EDDDD
:10D5900098F800102D2901D02B290DD1BAF1300FA8
:10D5A0000AD132680193D26830469047019B013717
:10D5B00009F1FF3908F1010832680193D268514638
:10D5C000304690471BF1010B019BF5D11F444B46A0
:10D5D00078E0BBF1000F03D02B238DF81030C0E7AB
:10D5E00004A8C0E708F1070525F00705F5E80201E2
:10D5F000E3F7DCFA08EE100AB5EEC08AF1EE10FA95
:10D6000047D52D238DF81030B1EE488A0DF1110861
:10D6100018EE100AE2F77AFF09F1FF33092B28BF51
:10D620004FF0090909F1FF395D4BFDEEC87A53F857
:10D630002930039341EC190B0A2217EE901A0023AC
:10D640004046FFF74DFE83462E2317EE900A0BF857
:10D65000013BE2F749FF02460B4651EC190BE2F79A
:10D66000F5FD804603988946E2F72EFF02460B46F9
:10D6700040464946E2F7A2FF4FF00A08039BB3FB7E
:10D68000F8F30393E3F74AFA039B014642465846F0
:10D690006BE7BBF1000F03D02B238DF81030B5E7FB
:10D6A0000DF11008B4E708224546002355F8041B85
:10D6B00004A85AE7326818F8011BD2680193304673
:10D6C0009047019B013BF5D5B9F1000FA8BF4F442E
:10D6D000D846B8F1000F05D15F44A84621462BE695
:10D6E0009B4674E733685146DB683046984708F13B
:10D6F000FF38EEE7A3F16302152A3FF6A9AE01A1B8
:10D7000051F822F0F9D4020851D5020851D4020888
:10D71000E5D5020851D4020851D4020851D50208B7
:10D7200051D4020851D4020851D4020851D402083D
:10D7300051D40208A7D6020899D7020851D402088A
:10D7400051D4020811D5020851D4020895D7020815
:10D7500051D4020851D4020899D70208A3F14F020C
:10D76000092A3FF675AE01A151F822F0A7D60208AA
:10D7700099D7020851D4020851D4020851D40208A2
:10D7800051D4020895D7020851D4020851D4020896
:10D7900099D702080A2287E7102285E7A81404080F
:10D7A000B014040808B5074B074A196801F03D0199
:10D7B000996053680BB190689847BDE80840FFF73F
:10D7C00065BD00BF0060024074A0002008B5084B92
:10D7D0001968890901F03D018A019A60054AD368F8
:10D7E0000BB110699847BDE80840FFF74FBD00BF77
:10D7F0000060024074A0002008B5084B1968090CAD
:10D8000001F03D010A049A60054A53690BB1906921
:10D810009847BDE80840FFF739BD00BF00600240EF
:10D8200074A0002008B5084B1968890D01F03D016E
:10D830008A059A60054AD3690BB1106A9847BDE81A
:10D840000840FFF723BD00BF0060024074A0002025
:10D8500008B5074B074A596801F03D01D960536A82
:10D860000BB1906A9847BDE80840FFF70FBD00BFB5
:10D870000060024074A0002008B5084B596889096F
:10D8800001F03D018A01DA60054AD36A0BB1106BE1
:10D890009847BDE80840FFF7F9BC00BF00600240B0
:10D8A00074A0002008B5084B5968090C01F03D012F
:10D8B0000A04DA60054A536B0BB1906B9847BDE8D8
:10D8C0000840FFF7E3BC00BF0060024074A00020E6
:10D8D00008B5084B5968890D01F03D018A05DA60E9
:10D8E000054AD36B0BB1106C9847BDE80840FFF7B1
:10D8F000CDBC00BF0060024074A0002008B5074BFB
:10D90000074A196801F03D019960536C0BB1906CA6
:10D910009847BDE80840FFF7B9BC00BF006402406B
:10D9200074A0002008B5084B1968890901F03D0171
:10D930008A019A60054AD36C0BB1106D9847BDE817
:10D940000840FFF7A3BC00BF0064024074A00020A1
:10D9500008B5084B1968090C01F03D010A049A60EA
:10D96000054A536D0BB1906D9847BDE80840FFF72D
:10D970008DBC00BF0064024074A0002008B5084BB5
:10D980001968890D01F03D018A059A60054AD36D39
:10D990000BB1106E9847BDE80840FFF777BC00BF99
:10D9A0000064024074A0002008B5074B074A59687C
:10D9B00001F03D01D960536E0BB1906E9847BDE800
:10D9C0000840FFF763BC00BF0064024074A0002061
:10D9D00008B5084B5968890901F03D018A01DA60F0
:10D9E000054AD36E0BB1106F9847BDE80840FFF7AA
:10D9F0004DBC00BF0064024074A0002008B5084B75
:10DA00005968090C01F03D010A04DA60054A536FB8
:10DA10000BB1906F9847BDE80840FFF737BC00BFD7
:10DA20000064024074A0002008B5084B5968890DB5
:10DA300001F03D018A05DA60054AD36F13B1D2F8CF
:10DA400080009847BDE80840FFF720BC0064024012
:10DA500074A000200D4930B500230D4C0B600C253F
:10DA60001A4605FB03F00059026001EBC3000133C5
:10DA7000102B4260F5D1074A4FF0FF339360D3601B
:10DA8000C2F80834C2F80C3430BD00BF74A00020C6
:10DA9000D4140408006002400F28F8B549D8DFF814
:10DAA000A0C00125DCF8007085402F4241D1224CF6
:10DAB0000CEBC00ECEE901230C262F43EBB206FB84
:10DAC0000046CCF800704BB11C4B1F6B47F400179D
:10DAD0001F631F6D47F400171F651B6D15F47F4F03
:10DAE00009D0164B1D6B45F480051D631D6D45F473
:10DAF00080051D651B6D0C234343E3581D6825F00D
:10DB00001F051D601D6815F00105FBD10C2707FBE3
:10DB100000403D2490F809C0476804FA0CF43C60CA
:10DB200021241D605C6112B1C07A01F04BFA3046CD
:10DB3000F8BD0026FBE700BFD414040800380240FB
:10DB400074A0002010B50446C07A01F051FA1149C2
:10DB5000A27A012303FA02F20B6823EA0203DAB283
:10DB60000B604AB90C4A116B21F400111163116D5D
:10DB700021F400111165126D13F47F4F09D1064B8A
:10DB80001A6B22F480021A631A6D22F480021A655D
:10DB90001B6D10BD74A00020003802400023054A10
:10DBA00019460133102BC2E9001102F10802F8D125
:10DBB000704700BFF8A000202DE9F74FC2F3C31350
:10DBC00002F0030AC2F38009C2F3C108C2F3411E86
:10DBD0000193574600224FF00F0BCB0737D5019C1E
:10DBE00002F007039B0004FA03FC012544689540FA
:10DBF00024EA050444EA09044460856803245600C5
:10DC000004FA06F625EA060545EA08058560C568B2
:10DC100025EA060545EA0E050BFA03F3BAF1020FF1
:10DC20006FEA0604C5606FEA03031BD1072A95BF9C
:10DC3000056A456A2B402B4095BF43EA0C0343EA33
:10DC40000C030362436203681C403C4304604908C0
:10DC50001AD04FEA49094FEA88084FEA8E0EBF00F2
:10DC60000132BAE705682C403C43072A046095BF9F
:10DC7000046A446A2340234095BF43EA0C0343EA05
:10DC80000C0303624362E2E703B0BDE8F08F0000DB
:10DC9000012370B58B4001F0030421F0030101F171
:10DCA000804101F59C31A4008D68C0F383200F26CC
:10DCB000A04006FA04F425EA0405284388600C49CC
:10DCC0008C68D84312F0010F14BF1C4304408C60D1
:10DCD00012F0020FCA6814BF1A430240CA60044A15
:10DCE00011680B43136053680340536070BD00BF5D
:10DCF000003C0140124B70B59C68D86801228A40F4
:10DD000044EA000515421AD08D080E4E023524EA69
:10DD1000020456F825501D6825EA02051D605D685D
:10DD200020EA020025EA02055D609C60D8605A6125
:10DD3000054B002243F8312003EBC1014A6070BD5E
:10DD4000003C014000380140F8A00020836B4FF4F4
:10DD500000421A6000221A605A605A61436B1A68C6
:10DD6000116821F01F0111601168C907FCD4597AAC
:10DD70005A683D238B401360036B1A68116821F0C9
:10DD80001F0111601168C907FCD4597A5A683D23F4
:10DD90008B4013607047000010B5D0E90D341A684D
:10DDA000116821F01F0111601168C907FCD4597A6C
:10DDB0005A683D238B401360636843F400736360CB
:10DDC00010BD0000026B116838B50C68836B24F03D
:10DDD0001F040C600C6814F00104FBD1557A5168E3
:10DDE0003D22AA400A605A6822F480525A601A689A
:10DDF00022F480621A601A6842F400721A603023BA
:10DE000083F311882146203002F086FC84F31188C8
:10DE100038BD0000054B1A6A42F400021A621A6A01
:10DE200022F400021A621B6A704700BF00380240E9
:10DE30006448C26B70B5846B511CA3696569C1638A
:10DE4000016C8A423AD9836843F080038360436B54
:10DE500063B11A68116821F01F0111601168CD07C4
:10DE6000FCD4597A5A683D238B401360036B63B12D
:10DE70001A68116821F01F0111601168C907FCD4EC
:10DE8000597A5A683D238B401360236843F400435A
:10DE90002360236823F001032360FFF7BBFF3023D7
:10DEA00083F3118848486FF0010102F035FC00232C
:10DEB00083F31188BDE87040FFF7E8B990F844207B
:10DEC00042B9236843F400432360236823F001032D
:10DED0002360EFE73D4A45EA034303F0FF13934213
:10DEE00025D014D8073A934205D00132934222D06C
:10DEF000B3F1011F14D1828C130A16D003F006036C
:10DF000002F00102134343F0F003236108E0304ABA
:10DF1000934226D0023293422ED02E4A93424AD0C8
:10DF200015F00A0F18BFA369C4E72261F8E7838CD4
:10DF3000C3F34703E9E7636823F400736360036B8B
:10DF40001B681A6842F001021A60626842F480524B
:10DF500062605B68012BE3D8236823F4806323604D
:10DF6000DEE7636823F400736360436B1A68136829
:10DF700043F001031360D3E72369036B1B685E68FA
:10DF80003EB1838C43F001038384236843F4A06390
:10DF90009EE7636823F400736360236843F40073AF
:10DFA0002360302383F311883146203002F0B4FB24
:10DFB00086F31188B4E7FFF7C9FE636823F40073A2
:10DFC0006360ADE778A1002098A10020080003005D
:10DFD000820007001100030038B5454B9A6B516968
:10DFE00001F45F40C0435061586B60B1046825681C
:10DFF00025F01F0525602568ED07FCD4457A4468A7
:10E000003D20A8402060186B60B10468256825F0A9
:10E010001F0525602568ED07FCD4457A44683D203E
:10E02000A8402060D86B441CDC631C6CA04219D94A
:10E03000996841F080019960136843F400431360CC
:10E04000136823F001031360FFF7E4FE302383F32A
:10E05000118828486FF0010102F05EFB002383F372
:10E0600011880AE093F8440058B9136843F4004358
:10E070001360136823F001031360BDE83840FFF715
:10E0800005B911F4807418BF012488B29C6085051D
:10E0900042BF9C6844F002049C6044050BD555685F
:10E0A0009C6825F400755560156844F0040445F437
:10E0B000007515609C60050542BF9A6842F0080231
:10E0C0009A60440442BF9A6842F020029A60C004F9
:10E0D00042BF9A6842F010029A6009049A6803D518
:10E0E00042F040029A60B1E7002AC6D0AEE700BF16
:10E0F00078A1002098A1002010B5054C204600F022
:10E100008FFF0023034A2362C4E90C33A26310BDCE
:10E1100078A10020005C004070B5856B0446007853
:10E1200001283CD140F2164340F25642C4E90A327B
:10E13000504B9C4233D1504E504A336A43F4000353
:10E140003362336A23F400033362336A05212346C2
:10E15000FFF7A2FC4A4A2063234605210420FFF76B
:10E160009BFC336C606343F400033364336E43F40D
:10E170000003336605214820336E00F023FF05219C
:10E18000492000F01FFFA36A43F0007343F44033BB
:10E19000A362E36A43F0C06343F44033E362236B5A
:10E1A000A16B1A68606805F110039360626B1268D6
:10E1B00093604FF400432B604FF4106200232B60F8
:10E1C0006A604E684268047A26F03F063604360CD0
:10E1D0004E604E6846F019064E602A4EB24221DC6F
:10E1E0005200294BB3FBF2F31A22C3F30B030A626A
:10E1F000012CCB610CBF0F23072343F010034B62AC
:10E2000002780B68022A9BB22AD0032A2ED0012A58
:10E2100002D123F00A039BB20B602B6843F0010389
:10E220002B6070BD194EB242E2DC022C0AD102EB27
:10E230004206154AB2FBF6F292B21A4342F4004388
:10E240000822D4E7032C01BF192353430E4AB2FB23
:10E25000F3F212BF40F6FF7292B24FF48043ECE744
:10E2600023F008039BB243F00203D5E743F00A030F
:10E27000D2E700BF78A1002000380240C5DD0208C7
:10E2800099DD0208A086010040787D01801A060011
:10E2900010B50378012B044613D0406BFFF752FCF6
:10E2A000206BFFF74FFC0023C4E90C33054B9C4265
:10E2B00007D1482000F09CFEBDE81040492000F046
:10E2C00097BE10BD78A1002038B549000446806B88
:10E2D00041F001010625A18481695D432564890718
:10E2E0004FF00005E563A56030D4016811F40071BA
:10E2F0002CD181F31188216BA56A09680D60CA6071
:10E300004B60302383F31188012384F84430436841
:10E31000049943F400734360036843F4A06303600B
:10E3200004F1200002F0EAF9226B11680B6823F077
:10E330001F030B600B6813F00103FBD1557A516882
:10E340003D22AA400A6084F8443038BD4FF0FF30C7
:10E35000FBE70000F8B5079E0446806B49009D1955
:10E3600006277D43A184816925640025E563A560B6
:10E370008D0745D4016811F4007141D181F31188F2
:10E38000616BE56A09680D60CA604B60236BA26A25
:10E390001B681A60069ADA605E60302383F3118886
:10E3A000012384F844304368089943F400734360C0
:10E3B000036843F48073036004F1200002F09EF9C7
:10E3C000636B1A68116821F01F0111601168C90799
:10E3D000FCD4597A5A683D238B401360226B116834
:10E3E0000B6823F01F030B600B6813F00103FBD1D4
:10E3F000557A51683D22AA400A6084F84430F8BD3D
:10E400004FF0FF30FBE7000070B5D0E91B439E687A
:10E4100000224FF0FF3504EB42135101D3F80009FD
:10E420000028BEBFD3F8000940F08040C3F80009BF
:10E43000D3F8000B0028BEBFD3F8000B40F080409B
:10E44000C3F8000B013263189642C3F80859C3F8A9
:10E45000085BE0D24FF00113C4F81C3870BD000017
:10E46000890141F02001016103699B06FCD412205F
:10E4700002F058B810B5054C204601F001FA4FF0F3
:10E48000A043E366024B236710BD00BFC0A100207C
:10E49000B815040870B50378012B054650D12A4BF6
:10E4A000C46E98421BD1294B5A6B42F080025A63CA
:10E4B0005A6D42F080025A655A6D5A6942F08002E4
:10E4C0005A615A6922F080025A610E2143205B6929
:10E4D00000F078FD1E4BE3601E4BC4F800380023AB
:10E4E000C4F8003EC0232360EE6E4FF40413A36310
:10E4F0003369002BFCDA012333610C2002F012F89F
:10E500003369DB07FCD4122002F00CF83369002BCE
:10E51000FCDA0026A6602846FFF776FF6B68C4F891
:10E520001068DB68C4F81468C4F81C684BB90A4B5F
:10E53000A3614FF0FF336361A36843F00103A3605D
:10E5400070BD064BF4E700BFC0A1002000380240B8
:10E550004014004003002002003C30C0083C30C0A2
:10E56000F8B5C46E054600212046FFF779FF296FF4
:10E5700000234FF001128F68C4F834384FF0006662
:10E58000C4F81C284FF0FF3004EB431201339F42C4
:10E59000C2F80069C2F8006BC2F80809C2F8080B9B
:10E5A000F2D20B68EA6E6B6763621023136116691F
:10E5B00016F01006FBD1122001F0B4FFD4F8003899
:10E5C00023F4FE63C4F80038A36943F4402343F006
:10E5D0001003A3610923C4F81038C4F814380A4B97
:10E5E000EB604FF0C043C4F8103B084BC4F8003B4D
:10E5F000C4F81069C4F800396B6F03F1100243F4DA
:10E6000080136A67A362F8BD941504084080001067
:10E61000C26E90F86610D2F8003823F4FE6343EA25
:10E620000113C2F8003870472DE9F84300EB81036D
:10E63000C56EDA68166806F00306731E022B05EB3A
:10E6400041130C4680460FFA81F94FEA41104FF012
:10E650000001C3F8101B4FF0010104F1100398BF33
:10E66000B60401FA03F391698EBF334E06F180566A
:10E6700006F5004600293AD0578A04F158014901AD
:10E6800037436F50D5F81C180B43C5F81C382B18AE
:10E690000021C3F8101953690127611EA7409BB3DD
:10E6A000138A928B9B08012A88BF5343D8F87420A1
:10E6B000981842EA034301F1400205EB8202C8F8D0
:10E6C0007400214653602846FFF7CAFE08EB890014
:10E6D000C3681B8A43EA8453483464011E432E51A5
:10E6E000D5F81C381F43C5F81C78BDE8F88305EB46
:10E6F0004917D7F8001B21F40041C7F8001BD5F8D3
:10E700001C1821EA0303C0E704F13F0305EB830370
:10E710000A4A5A6028462146FFF7A2FE05EB491037
:10E72000D0F8003923F40043C0F80039D5F81C387C
:10E7300023EA0707D7E700BF0080001000040002AB
:10E74000026F12684267FFF75FBE00005831C36E68
:10E7500049015B5813F4004004D013F4001F0CBFB0
:10E7600002200120704700004831C36E49015B5808
:10E7700013F4004004D013F4001F0CBF022001204A
:10E780007047000000EB8101CB68196A0B681360C9
:10E790004B6853607047000000EB810330B5DD68C3
:10E7A000AA691368D36019B9402B84BF4023136052
:10E7B0006B8A1468C26E1C44013CB4FBF3F46343DF
:10E7C000033323F0030302EB411043EAC44343F055
:10E7D000C043C0F8103B2B6803F00303012B09B2C0
:10E7E0000ED1D2F8083802EB411013F4807FD0F834
:10E7F000003B14BF43F0805343F00053C0F8003B8C
:10E8000002EB4112D2F8003B43F00443C2F8003B54
:10E8100030BD00002DE9F041244DEE6E06EB4013B3
:10E820000446D3F8087BC3F8087B38070AD5D6F826
:10E830001438190706D505EB84032146DB68284602
:10E840005B689847FA071FD5D6F81438DB071BD545
:10E8500005EB8403D968CCB98B69488A5A68B2FB46
:10E86000F0F600FB16228AB91868DA6890420DD2D9
:10E87000121AC3E90024302383F311880B48214680
:10E88000FFF78AFF84F31188BDE8F081012303FAC2
:10E8900004F26B8923EA02036B81CB68002BF3D06F
:10E8A00021460248BDE8F041184700BFC0A1002042
:10E8B00000EB810370B5DD68C36E6C692668E660A5
:10E8C0004A0156BB1A444FF40020C2F810092A68C6
:10E8D00002F00302012A0AB20ED1D3F8080803EBB2
:10E8E000421410F4807FD4F8000914BF40F0805027
:10E8F00040F00050C4F8000903EB4212D2F80009BE
:10E9000040F00440C2F80009D3F83408012202FAAA
:10E9100001F10143C3F8341870BD19B9402E84BF0A
:10E920004020206020682E8A8419013CB4FBF6F454
:10E9300040EAC44040F000501A44C6E72DE9F843CD
:10E940003B4DEE6E06EB40130446D3F80889C3F83E
:10E95000088918F0010F4FEA40171AD0D6F810387E
:10E96000DB0716D505EB8003D9684B691868DA68B0
:10E97000904230D2121A4FF000091A60C3F8049086
:10E98000302383F3118821462846FFF791FF89F34E
:10E99000118818F0800F1CD0D6F834380126A64014
:10E9A000334216D005EB8403ED6ED3F80CC0DCF8CF
:10E9B00014200134E4B2D2F800E005EB04342F4413
:10E9C0005168714515D3D5F8343823EA0606C5F8E1
:10E9D0003468BDE8F883012303FA04F22B8923EAA3
:10E9E00002032B818B68002BD3D021462846984701
:10E9F000CFE7BCF81000AEEB0103834228BF03460B
:10EA0000D7F8180980B2B3EB800FE2D89068A0F174
:10EA1000040959F8048FC4F80080A0EB0908984451
:10EA2000B8F1040FF5D818440B4490605360C7E761
:10EA3000C0A100202DE9F74FAC4CE56E6E69AB69C3
:10EA40001E4016F480586E6107D0204600F086FF05
:10EA500003B0BDE8F04FFEF719BC002E12DAD5F86E
:10EA6000003EA2489B071EBFD5F8003E23F00303DB
:10EA7000C5F8003ED5F8043823F00103C5F8043882
:10EA800000F098FF370505D59848FFF7BDFC97487B
:10EA900000F07EFFB0040CD5D5F8083813F0060F4F
:10EAA000EB6823F470530CBF43F4105343F4A053AA
:10EAB000EB6031071BD56368DB681BB9AB6923F0DA
:10EAC0000803AB612378052B0CD1D5F8003E8748AD
:10EAD0009A071EBFD5F8003E23F00303C5F8003E99
:10EAE00000F068FF6368DB680BB180489847F30269
:10EAF00000F18980B70227D5D4F86C90DFF8ECB12B
:10EB000000274FF0010A09EB4712D2F8003B03F44B
:10EB10004023B3F5802F11D1D2F8003B002B0DDA42
:10EB200062890AFA07F322EA0303638104EB87038D
:10EB3000DB68DB6813B1394658469847236F0137C5
:10EB40009B68FFB29F42DED9F00617D5E76E3A6A9E
:10EB5000C2F30A1002F00F0302F4F012B2F5802F94
:10EB600000F09980B2F5402F08D104EB8303002216
:10EB7000DB681B6A07F5805790427ED13303D5F8D6
:10EB800018481DD5E70302D50020FFF743FEA50373
:10EB900002D50120FFF73EFE600302D50220FFF7F9
:10EBA00039FE210302D50320FFF734FEE20202D52D
:10EBB0000420FFF72FFEA30202D50520FFF72AFE4F
:10EBC00077037FF545AFE60702D50020FFF7B6FED5
:10EBD000A50702D50120FFF7B1FE600702D502208C
:10EBE000FFF7ACFE210702D50320FFF7A7FEE206E0
:10EBF00002D50420FFF7A2FEA3067FF529AF05206A
:10EC0000FFF79CFE24E7E36EDFF8E0A00193002706
:10EC10004FF00109236F9B685FFA87FB9B453FF626
:10EC200069AF019B03EB4B13D3F8001901F44021AA
:10EC3000B1F5802F1FD1D3F8001900291BDAD3F8C2
:10EC4000001941F09041C3F80019D3F800190029C8
:10EC5000FBDB5946E06EFFF703FC218909FA0BF351
:10EC600021EA0303238104EB8B03DB689B6813B168
:10EC70005946504698470137CCE7910708BFD7F867
:10EC80000080072A98BF03F8018B02F1010298BFA8
:10EC90004FEA182870E7023304EB830207F5805728
:10ECA0005268D2F818C0DCF80820DCE9001CA1EB9F
:10ECB0000C0C002188420AD104EB830463689B6931
:10ECC0009A6802449A605A6802445A6056E711F002
:10ECD000030F08BFD7F800808C4588BF02F8018B6E
:10ECE00001F1010188BF4FEA1828E3E7C0A1002025
:10ECF000C36E03EB4111D1F8003B43F40013C1F89C
:10ED0000003B7047C36E03EB4111D1F8003943F467
:10ED10000013C1F800397047C36E03EB4111D1F8FD
:10ED2000003B23F40013C1F8003B7047C36E03EBB4
:10ED30004111D1F8003923F40013C1F800397047AC
:10ED4000024AD36843F0C003D3607047001001400B
:10ED5000024AD36843F0C003D360704700440040C8
:10ED600010B50A4C0A4A2046002100F061FB094B0D
:10ED7000094AC4E99523094C094A0021204600F0BC
:10ED800057FB0849084BC4E9951310BD50A2002059
:10ED900041ED020880F0FA0200100140B4A4002006
:10EDA00051ED02080044004040787D012A4A037A70
:10EDB000002918BF0A46012B30B5C0F860220CD1DB
:10EDC000264B984239D1264B596C41F010015964B9
:10EDD000596E41F0100159665B6EB2F90450146827
:10EDE000D0F85832D0F85412002D03EB5403B3FB83
:10EDF000F4F3BEBF23F0070503F0070343EA45031E
:10EE000094888B60D38843F040030B61138943F0EF
:10EE100001034B6144F4045343F02C03CB6004F42E
:10EE2000A05400230B60B4F5806F0B684B680CBFD7
:10EE30007F23FF2380F85C3230BD0A4B9842CCD14F
:10EE4000074B196C41F400311964196E41F400311B
:10EE500019661B6EC1E700BFC415040850A200204C
:10EE600000380240B4A40020037A022B20D1D0F84D
:10EE700054320022DA601A615A610E4B98420AD16C
:10EE80000D4B5A6C22F010025A645A6E22F0100296
:10EE90005A665B6E7047094B984209D1064B1A6C53
:10EEA00022F400321A641A6E22F400321A661B6EC3
:10EEB000704700BF50A2002000380240B4A40020D8
:10EEC0002DE9F041D0F85462F7683368DA0504465A
:10EED0009DB20DD5302383F311884FF48061043047
:10EEE00001F0B4F86FF480733360002383F311886A
:10EEF000302383F3118804F1040815F02F0339D16E
:10EF000083F31188380614D5290612D5302383F3EC
:10EF10001188E01800F010FA00284EDA0821201DB0
:10EF200001F094F84FF67F733B40F360002383F3C6
:10EF300011887A0616D56B0614D5302383F3118811
:10EF4000D4E911239A420AD1A36B43B127F04007B9
:10EF50003F041021201D3F0C01F078F8F7600023DA
:10EF600083F31188D4F86022D36843B3BDE8F0413D
:10EF7000106918472B0714D015F0080F0CBF00219B
:10EF80004FF48071E80748BF41F02001AA0748BF4D
:10EF900041F040016B0748BF41F08001404601F05D
:10EFA00055F8AD06736805D594F85C1220461940F3
:10EFB00000F086FA3568ADB29FE77060B6E7BDE84D
:10EFC000F081000000F1604303F561430901C9B21B
:10EFD00083F80013012200F01F039A4043099B00AD
:10EFE00003F1604303F56143C3F880211A60704761
:10EFF00000F01F0301229A4043099B0003F1604384
:10F0000003F5614300F1604000F56140C3F88020E2
:10F01000C3F88021002380F800337047FFF76CB8F5
:10F0200001230370002343600C3001F055B8000049
:10F0300010B53023044683F311884160FFF76CF864
:10F0400002232370002080F3118810BD10B53023F7
:10F05000044683F31188FFF71BF900230122636044
:10F06000227083F3118810BD7FB50446302585F3E7
:10F0700011880326067000250A9E85600296099E67
:10F080000196089E0096FFF765F9431C14BF022302
:10F090000523237085F3118804B070BD73B5044651
:10F0A000302585F31188042606700025069E8560AC
:10F0B0000096FFF709F9431C14BF022305232370B0
:10F0C00085F3118802B070BD0C3001F047B8000024
:10F0D0000C3001F06FB80000044B00F00F0043F853
:10F0E000301003EBC0035A60704700BFF8A0002047
:10F0F000F8B5154682680669AA420B46816938BF91
:10F100008568761AB54204460BD218462A4604F0A2
:10F11000CDFAA3692B44A361A3685B1BA3602846B7
:10F12000F8BD0CD91846324604F0C0FAAF1BE168AE
:10F130003A46304404F0BAFAE3683B44EBE7184639
:10F140002A4604F0B3FAE368E5E7000083689342D7
:10F15000F7B51546044638BF8568D0E90460361A0D
:10F16000B5420BD22A4604F0A1FA63692B446361CD
:10F17000A36828465B1BA36003B0F0BD0DD93246DF
:10F18000019104F093FA0199E068AF1B3A463144CB
:10F1900004F08CFAE3683B44E9E72A4604F086FA77
:10F1A000E368E4E710B50A440024C361029B84606D
:10F1B000C0E90000C0E90511C1600261036210BD31
:10F1C000C268C0E90522002282606FF0010101F0EF
:10F1D000C9BA000008B5D0E90532934201D182686E
:10F1E00082B98268013282605A1C42611970D0E98A
:10F1F00004329A4224BFC3684361002101F0A6FA99
:10F20000002008BD4FF0FF30FBE7000070B5302351
:10F2100004460E4683F31188A568A5B1A368A269C8
:10F22000013BA360531CA36115782269934224BF5C
:10F23000E368A361E3690BB120469847002383F399
:10F240001188284607E03146204601F06FFA002871
:10F25000E2DA85F3118870BD2DE9F74F04460E46BA
:10F2600017469846D0F81C904FF0300A8AF3118860
:10F270004FF0000B154665B12A4631462046FFF790
:10F2800037FF034660B94146204601F04FFA002897
:10F29000F1D0002383F31188781B03B0BDE8F08F11
:10F2A000B9F1000F03D001902046C847019B8BF3B2
:10F2B0001188ED1A1E448AF31188DCE7C0E90511B4
:10F2C000C160C3611144009B8260C0E9000001611C
:10F2D00003627047C1680269521AC0E90511826071
:10F2E0006FF0010101F03EBAF8B504460D4616462E
:10F2F000302383F31188A768A7B1A368013BA360FB
:10F3000063695A1C62611D70D4E904329A4224BFB9
:10F31000E3686361E3690BB120469847002080F3FE
:10F32000118807E03146204601F000FA0028E2DAB1
:10F3300087F31188F8BD0000D0E905239A4210B583
:10F3400001D182687AB98268013282605A1C826176
:10F350001C7803699A4224BFC3688361002101F0CD
:10F36000F5F9204610BD4FF0FF30FBE72DE9F74FD0
:10F3700004460E4617469846D0F81C904FF0300AC7
:10F380008AF311884FF0000B154665B12A463146C5
:10F390002046FFF7DBFE034660B94146204601F0F8
:10F3A000C5F90028F1D0002383F31188781B03B03E
:10F3B000BDE8F08FB9F1000F03D001902046C84797
:10F3C000019B8BF31188ED1A1E448AF31188DCE748
:10F3D0000C30FFF741BF00004FF0FF330C30FFF758
:10F3E0003BBF00003030FFF7C1BF00004FF0FF33DC
:10F3F0003030FFF7BBBF00000C30FFF707BF000045
:10F400004FF0FF310C30FFF701BF00003030FFF745
:10F410006BBF00004FF0FF323030FFF765BF0000D8
:10F42000012914BF6FF0130000207047FFF798BC4C
:10F4300037B5154602460B460D4942F8041B42609B
:10F4400001220446027200F1540100904FF48072D0
:10F450000C30FFF7A7FE00942B464FF4807204F5A2
:10F46000AA7104F13000FFF729FF03B030BD00BFDF
:10F47000D815040810B53023044683F31188FFF72C
:10F4800095FC02232372002080F3118810BD000038
:10F4900010B53023044683F31188FFF7E5FC012300
:10F4A000237204F13000FFF715FF04F10C00FFF7A1
:10F4B00087FE00F0AFFF002383F3118810BD00002A
:10F4C00038B5436904460D461BB90421084400F0D1
:10F4D000BDFD294604F10C00FFF77CFE002806DA8A
:10F4E000201D4FF40061BDE8384000F0AFBD38BDCD
:10F4F00013B5446BD4F88C341A681178042915D1EB
:10F50000217A022912D11979128901238B401342E1
:10F510000CD101A904F1440002F00CF9D4F88C4498
:10F52000019B21790246206800F006FA02B010BD66
:10F530000C3002F08FB800004FF0FF330C3002F0B7
:10F5400089B80000443002F061B900004FF0FF3389
:10F55000443002F05BB900000C3002F05DB80000EE
:10F560004FF0FF310C3002F057B80000443002F089
:10F570002DB900004FF0FF32443002F027B90000EF
:10F580000020704710B5D0F88C341A68117804291F
:10F59000044617D1017A022914D1597952890123DD
:10F5A0008B4013420ED10C3001F0F0FF024648B1FF
:10F5B000D4F88C444FF4807361792068BDE8104022
:10F5C00000F0A8B910BD0000406BFFF7DBBF0000E2
:10F5D000704700007FB50346114A43F8042B01250C
:10F5E000436002260F4B057204460290019300F11E
:10F5F0007C02294600964FF480730C3001F0A2FF84
:10F60000094B0294CDE9006304F521724FF4807335
:10F61000294604F1440002F069F804B070BD00BF4F
:10F6200000160408C9F50208F1F402080B6830223C
:10F6300082F311880A7903EB820210624A790D3253
:10F6400043F822008A7912B103EB82031862022385
:10F65000C0F88C140372002080F3118870470000FA
:10F6600038B5D0F88C3404461B68302282F31188F8
:10F67000D0F88C040279073203EB8202002151603A
:10F6800042790D3243F8221082791AB1073203EB26
:10F69000820359600123002523720221201DC4F832
:10F6A0008C5400F0D3FC04F10C0001F063FF04F172
:10F6B000440002F033F800F0ADFE85F3118838BD48
:10F6C00038B5037D044613B190F84C30ABB9201D1A
:10F6D0000125022100F0BAFC04F10C0025756FF041
:10F6E000010101F03FF884F84C5004F144006FF040
:10F6F0000101BDE8384001F035B838BD10B5012131
:10F700000446043000F0A2FC0023237584F84C303A
:10F7100010BD000038B5044600250C3001F02AFF6A
:10F7200004F14400257501F0F9FF201D84F84C50C8
:10F73000012100F08BFC2046BDE83840FFF722BFD6
:10F7400090F85C3003F06003202B07D190F85D2027
:10F75000212A4FF0000303D81F2A06D80020704743
:10F76000222AFBD1C0E9143303E0034A02650722D1
:10F770004265836501207047E023002037B5D0F84B
:10F780008C341A681178042904461AD1017A0229A6
:10F7900017D11979128901238B40134211D100F13D
:10F7A0004405284602F07AF858B101A9284601F02C
:10F7B000C1FFD4F88C44019B21790246206800F0F7
:10F7C000BBF803B030BD0000F0B500EB810385B09D
:10F7D0001E6A04460D46FEB1302383F3118804EB04
:10F7E0008507301D082100F031FCFB685B691B6850
:10F7F00006F144001BB1019001F0AAFF019803A992
:10F8000001F098FF024648B1039B2946204600F0CC
:10F8100093F8002383F3118805B0F0BDFB685A69A3
:10F820001268002AF5D01B8A013B1340F1D104F184
:10F830005C02EAE70D3138B550F82140DCB13023E5
:10F8400083F31188D4F88C241368527903EB820374
:10F85000DB689B695D6845B10421601800F0F6FB28
:10F86000294604F10C0001F09BFE2046FFF78AFEBA
:10F87000002383F3118838BD70470000FEF7FABDFE
:10F8800010B501230446282200F8243B002103F090
:10F8900057FF0023C4E9013310BD000038B504460A
:10F8A000302383F311880025C0E90355C0E90555CD
:10F8B000C0E907554160FEF7EDFD0223237085F393
:10F8C0001188284638BD000070B500EB810305465D
:10F8D0005069DA600E46144618B11022002103F078
:10F8E0002FFFA06918B11022002103F029FF314633
:10F8F0002846BDE87040FEF797BE0000826802F01F
:10F90000011282600022C0E90422C0E906220262DC
:10F91000FEF716BFF0B400EB81044789E4680125C7
:10F92000A4698D403D43458123600023A26063604C
:10F93000F0BCFEF731BF0000F0B400EB8104078992
:10F94000E468012564698D403D43058123600023FF
:10F95000A2606360F0BCFEF7ABBF000070B502238D
:10F96000002504460370C0E90255C0E90455C0E90A
:10F9700006554566056280F84C50FEF7F1FD636858
:10F980001B6823B129462046BDE87040184770BD6A
:10F990000378052B10B504460AD080F8683005239B
:10F9A000037043681B680BB1042198470023A360D0
:10F9B00010BD00000178052906D190F86820436841
:10F9C00002701B6803B118477047000070B590F8CB
:10F9D0004C30044613B1002380F84C3004F15C0233
:10F9E0002046FEF7CFFE63689B68B3B994F85C309D
:10F9F00013F0600535D000212046FFF783F9002180
:10FA00002046FFF775F963681B6813B1062120468D
:10FA10009847062384F84C3070BD2046984700284C
:10FA2000E4D0B4F86230626D9A4288BF636594F99D
:10FA30005C30656D002B4FF0300380F20381002DA8
:10FA400000F0F280092284F84C2083F31188002111
:10FA5000D4E914232046FFF76FFF002383F31188B6
:10FA6000DAE794F85D2003F07F0343EA022340F2D3
:10FA70000232934200F0C58021D8B3F5807F48D090
:10FA80000DD8012B3FD0022B00F09380002BB2D178
:10FA900004F16402226502226265A365C1E7B3F541
:10FAA000817F00F09B80B3F5407FA4D194F85E3055
:10FAB000012BA0D1B4F8643043F0020332E0B3F577
:10FAC000006F4DD017D8B3F5A06F31D0A3F5C06348
:10FAD000012B90D8636894F85E205E6894F85F10FC
:10FAE000B4F860302046B047002884D043682365CE
:10FAF000036863651AE0B3F5106F36D040F6024232
:10FB000093427FF478AF5C4B236502236365002347
:10FB1000C3E794F85E30012B7FF46DAFB4F8643026
:10FB200023F00203C4E91455A4F86430A56578E70E
:10FB3000B4F85C30B3F5A06F0ED194F85E3084F861
:10FB400066302046FEF764FD63681B6813B101212F
:10FB500020469847032323700023C4E914339CE70D
:10FB600004F1670323650123C3E72378042B10D135
:10FB7000302383F311882046FFF7C0FE85F31188F8
:10FB80000321636884F8675021701B680BB120461D
:10FB9000984794F85E30002BDED084F86730042359
:10FBA000237063681B68002BD6D00221204698473B
:10FBB000D2E794F860301D0603F00F0120460AD505
:10FBC000FEF7D2FD012804D002287FF414AF2B4B9E
:10FBD0009AE72B4B98E7FEF7B9FDF3E794F85E3010
:10FBE000002B7FF408AF94F8603013F00F01B3D00E
:10FBF0001A06204602D5FFF799F8ADE7FFF78CF813
:10FC0000AAE794F85E30002B7FF4F5AE94F86030EC
:10FC100013F00F01A0D01B06204602D5FFF772F8A3
:10FC20009AE7FFF765F897E7142284F84C2083F3EE
:10FC300011882B462A4629462046FFF76BFE85F39E
:10FC40001188E9E65DB1152284F84C2083F3118810
:10FC50000021D4E914232046FFF75CFEFDE60B22C9
:10FC600084F84C2083F311882B462A4629462046E7
:10FC7000FFF762FEE3E700BF301604082816040809
:10FC80002C16040838B590F84C300446002B3ED0B2
:10FC9000063BDAB20F2A34D80F2B32D8DFE803F054
:10FCA0003731310822323131313131313131373769
:10FCB000456DB0F862309D4214D2C3681B8AB5FB13
:10FCC000F3F203FB12556DB9302383F311882B46F1
:10FCD0002A462946FFF730FE85F311880A2384F867
:10FCE0004C300EE0142384F84C30302383F3118819
:10FCF00000231A4619462046FFF70CFE002383F323
:10FD0000118838BD836D03B198470023E7E70021D0
:10FD10002046FEF7F7FF00212046FEF7E9FF636863
:10FD20001B6813B10621204698470623D7E7000039
:10FD300010B590F84C30142B044629D017D8062B58
:10FD400005D001D81BB110BD093B022BFBD8002107
:10FD50002046FEF7D7FF00212046FEF7C9FF636863
:10FD60001B6813B1062120469847062319E0152B7E
:10FD7000E9D10B2380F84C30302383F31188002322
:10FD80001A461946FFF7D8FD002383F31188DAE7F6
:10FD9000C3689B695B68002BD5D1836D03B198471D
:10FDA000002384F84C30CEE70448054B0360002361
:10FDB000C0E901330C3000F08FB900BF18A7002054
:10FDC000511903082DE9F74F354F002818BF074692
:10FDD000082A07F10C0038BF08229146CD1D88463D
:10FDE000019000F0BBF90198ED083C1D09F10701F5
:10FDF000C9F1000E2246246864B900F0DBF93B68C3
:10FE0000BBB308224946E8009847044688B340E956
:10FE100002782EE0D4F804A004EB010C0CEA0E0CDE
:10FE20000AF10106ACF1080304EBC6069E42E1D9D3
:10FE3000A6EB0C0CB5EBEC0F4FEAEC0BDAD89C42BE
:10FE40001BD204F108029A1AD210AB45626009D99C
:10FE5000691C03EBC102ED435D445560256843F81E
:10FE6000315022601C46C3F8048044F8087B00F03F
:10FE7000A1F9204603B0BDE8F08FAA45216802D160
:10FE800011602346EEE7013504EBC50344F8351055
:10FE900003F10801761AF6105E601360F1E700BF07
:10FEA00018A7002073B50446A0F1080554F8043CD7
:10FEB00050F8080C0733DB08061D44F8043C0C30EE
:10FEC000019000F04BF9019833469E421A6801D028
:10FED000AB4228D20AB1954225D244F8082C54F8F6
:10FEE000042C1D6054F8081C013205EBC206B14217
:10FEF00006D14E68324444F8042C0A6844F8082CB1
:10FF00005E68711C03EBC1018D4207D154F8042CCB
:10FF1000013232445A6054F8082C1A6002B0BDE82D
:10FF2000704000F047B91346CFE700002DE9F341D8
:10FF3000124C002818BF044604F10C0001900F4633
:10FF4000164600F00BF9231D019800242546A04613
:10FF50001B685BB90FB1ED003D600EB1E400346089
:10FF600000F028F9404602B0BDE8F0815A6894429A
:10FF700008F10108154438BF1446E9E718A7002026
:10FF800030B5302484F31188064C0568E4680D60B0
:10FF90000160C1E901420022C1E9032382F3118813
:10FFA00030BD00BF38A70020302383F311880346FB
:10FFB0001A461B68984203D08B42F9D11B68136024
:10FFC000002383F311887047034BDA68136B23EA2D
:10FFD000000111631840704738A7002008B530238E
:10FFE00083F31188FFF7F0FF002383F3118808BD26
:10FFF000302383F311880023C268C36083F3118820
:020000040803EF
:100000000069104070470000036B194390F82430DA
:1000100001630A2B03D1836A194205D170470B2B68
:1000200006D1836A8B4303D10023836200F064B955
:100030007047000008B5302383F31188FFF7E4FF11
:1000400000F0E8F9002383F3118808BD70B5046857
:1000500006460D46B44200D170BDE3682B43E36011
:1000600015B123691D4203D0D4E90101FFF7CCFF8C
:100070002468EFE70F4A70B5D6680546302282F350
:100080001188346B04400CD119B984F311882046CF
:1000900070BDB0620A2000F04FF90028F5DB346B28
:1000A0002C40336B23EA04033363002383F311886A
:1000B000EDE700BF38A7002010B503461B68984243
:1000C00003D09C688A689442F8D25A680B604A60F0
:1000D0001160596010BD00000023C0E9000083607A
:1000E0000361704738B581681B4B0446DD6851B326
:1000F000A94212D103690133036138BD8B6091F8C5
:1001000024307BB1062B14D1D1E90032886A136008
:100110005A60FFF7D1FF8B6A9968AB688A689A4288
:10012000ECD306E0D1E90032084613605A6000F0D3
:10013000E3F820462946FFF7BFFFAC620620BDE882
:10014000384000F0DBB803698560013303616B6BF5
:10015000C3606863D1E700BF38A7002008B530232B
:1001600083F31188FFF7BEFF002383F3118808BDD6
:100170000A4B8268DB6832B19A420CD103690133C1
:1001800003610120704702698360013202615A6B8A
:10019000C2605863F5E70020704700BF38A7002011
:1001A00008B5302383F31188FFF7E2FF002383F3C0
:1001B000118808BD194BD96883688B4210B520D1CE
:1001C000302383F311880269013A0261B2B90468ED
:1001D000C3684B63A0421ED08A6B9BB98A6001231F
:1001E000036103681A68026050605A6B8360C260E2
:1001F0005863184600F080F800F00CF9002383F3F0
:10020000118810BD1C68A34203D0A468A24238BF65
:100210002246DB68E1E78260F0E700BF38A70020F4
:10022000302383F31188054B986A837D01338375EE
:10023000002383F311881038704700BF38A70020CF
:1002400010B5302383F31188084A036993421FBF16
:100250009A7D0132A3F110049A7508BF002400238F
:1002600083F3118800F0DEF9204610BD60A700205E
:10027000002380F82430826883691B689968914262
:10028000FBD25A68036042601060586070470000FB
:10029000002380F82430826883691B689968914242
:1002A000FBD85A68036042601060586070470000D5
:1002B00008B50846302383F3118891F824200023E1
:1002C000052A06D8DFE802F00B050503120E826A44
:1002D00013604FF0FF338362FFF7CAFF002383F3FD
:1002E000118808BD826A936801339360D0E90032B7
:1002F00013605A60EDE70000FFF7BABF38B50D4B49
:10030000DD681C6885F8240022681A6053600122A9
:1003100084F82420DC60EFF309832A6A643B9A4264
:1003200002D9284601F006F829462046BDE83840A3
:10033000E0F704BF38A7002030B50C4BDD684B1C3C
:1003400087B004460FD02B46094A684600F0D0FA21
:100350002046FFF7D3FF009B13B1684600F0D2FAA6
:10036000A86A07B030BDFFF7C9FFF9E738A700203A
:10037000B102030870B5114E8162F36881689A6812
:100380009142044603D8BDE87040FFF771BF18469C
:10039000FFF77EFF0123054684F82430F460EFF375
:1003A0000983026A643B9A4201D900F0C3FF2946DF
:1003B0002046BDE87040E0F7C1BE00BF38A700206E
:1003C000044B1A68DB6890689B68984294BF0020D1
:1003D0000120704738A7002038B50D4B1C68D8683D
:1003E00022681A605360012284F82420DC60FFF741
:1003F0004FFF0546EFF30983026A643B9A4201D935
:1004000000F098FF29462046BDE83840E0F796BE48
:1004100038A70020044B1A68DB6892689B689A42F0
:1004200001D9FFF7D9BF704738A70020C0E9000005
:10043000816070478368013B002B10B583600CDA44
:10044000074BDC684368A062206063601C60446006
:100450000520FFF753FFA06A10BD0020FCE700BF96
:1004600038A7002008B5302383F31188FFF7E2FF97
:10047000002383F3118808BD83680133002B836058
:1004800008DC03681A680260506000229A6218460D
:10049000FFF732BF7047000030B5114C87B0012321
:1004A000237068460023C4E9013300F069F904258C
:1004B000684600F071F9684600F074F9013DF7D123
:1004C000009BA36001F026FAFFF76EFC0549064881
:1004D00001F07AFA0223237085F3118807B030BD4A
:1004E000E8A900206416040838A7002000F040BAEC
:1004F000EFF3118020B9EFF30583302282F31188E6
:100500007047000010B530B9EFF30584C4F3080458
:1005100014B180F3118810BDFFF77CFF84F31188BC
:10052000F9E70000034A516853685B1A9842FBD808
:10053000704700BF001000E08B608B630023C1E9AF
:100540000C3302238B84012381F82630CA6100F129
:1005500028020A61C26A886101F110034A611360CE
:10056000C36201F12C03CB620846704703460A1AA6
:1005700001338B4288BF0122552103F0E1B800000E
:10058000D0E9013141F8203CA1F1A40341F8343C09
:10059000036941F8643C436941F8603C044B41F80D
:1005A000443C0268C36803484039FFF7C5BF00BF39
:1005B0005511010838A7002008B5FFF7E1FFBDE895
:1005C0000840FFF799BE0000F8B50C4641181F46D9
:1005D00005461646FFF7CAFF302383F31188A4F1BE
:1005E00040012944A1F16403CB60069B41F8203C03
:1005F000094B0A4A0D6241F8247C41F8043C084842
:100600003346FFF799FF00210446FFF7B3FE0023AE
:1006100083F311882046F8BD5511010878160408A7
:1006200038A70020302383F3118890F82630013B4F
:1006300080F82630436A03F0FF130F2B0FD1D0E967
:10064000043213605A60002383F3118890F8253038
:1006500003F00303012B05D1006AFFF723BC00233D
:1006600083F311887047000038B50E4BDC68A06238
:1006700004F12C05E06AA8420FD194F826303BB96A
:1006800094F825309B0702BFD4E9043213605A6006
:10069000BDE838400F20FFF731BE0368E362FFF783
:1006A0002BFEE7E738A70020302383F31188FFF7FC
:1006B000DBBF00000A4B10B5DB68302282F31188E3
:1006C0009C6B9A68A24201D0824200D298609863E3
:1006D000FFF7A0FE002383F31188204610BD00BF62
:1006E00038A7002008B50146302383F3118808207D
:1006F000FFF722FE002383F3118808BD054BDB685A
:1007000021B1036098620320FFF716BE4FF0FF305F
:10071000704700BF38A7002003682BB10022026099
:1007200099621846FFF7E8BD70470000064BDB688A
:1007300039B1426818605A60136043600420FFF7C3
:10074000FBBD4FF0FF30704738A700200368984288
:1007500006D01A680260506099621846FFF7CCBD57
:100760007047000038B504460D462068844200D129
:1007700038BD036823605C608562FFF7BDFDF4E768
:1007800000234FF0FF32C0E90023C0E9023300220A
:100790000023C0E904237047014B5B688360704706
:1007A000001000E00D4A0E4B9168C2685B68013290
:1007B000C26082685B1A9B1AD0E90421D21841F109
:1007C0000001C0E90421426883609342026888BF47
:1007D0004360934238BF0360704700BFE8A9002020
:1007E000001000E010B503689C68A2420CD85C6859
:1007F0008A600B604C602160596099688A1A9A601F
:100800004FF0FF33836010BD1B68121BECE7000044
:100810000A2938BF0A2170B504460D460A26601918
:1008200001F072F801F05AF8041BA54203D8751CB8
:100830002E460446F3E70A2E04D9BDE87040012095
:1008400001F00AB970BD0000F8B5144B0D46D9612E
:1008500003F1100141600A2A1969826038BF0A2237
:10086000016048601861A818144601F03DF80A2795
:1008700001F034F8431BA342064606D37C1C28191A
:1008800001F042F827463546F2E70A2F04D9BDE8C1
:10089000F840012001F0E0B8F8BD00BF38A7002003
:1008A000F8B506460D4601F019F80F4A134653F8FD
:1008B000107F9F4206D12A4601463046BDE8F840E7
:1008C000FFF7C2BFD169BB68441A2C1928BF2C4658
:1008D000A34202D92946FFF79BFF2246314603482F
:1008E000BDE8F840FFF77EBF38A7002048A70020EA
:1008F00010B4C0E9032300235DF8044B4361FFF704
:10090000CFBF000010B5194C236998420DD0D0E933
:100910000032816813605A609A680A449A60002322
:1009200003604FF0FF33A36110BD2346026843F814
:10093000102F53600022026022699A4203D1BDE861
:10094000104000F0DBBF936881680B44936000F0B7
:10095000C5FF2269E1699268441AA242E4D91144B0
:10096000BDE81040091AFFF753BF00BF38A70020A9
:100970002DE9F047DFF8BC8008F110072C4ED8F8BD
:10098000105000F0ABFFD8F81C40AA68031B9A4235
:100990003ED81444D5E900324FF00009C8F81C4095
:1009A00013605A60C5F80090D8F81030B34201D1F6
:1009B00000F0A4FF89F31188D5E903312846984750
:1009C000302383F311886B69002BD8D000F086FFA9
:1009D0006A69A0EB04094A4582460DD2022001F063
:1009E0003BF80022D8F81030B34208D151462846CF
:1009F000BDE8F047FFF728BF121A2244F2E712EBD6
:100A0000090938BF4A4629463846FFF7EBFEB5E7E5
:100A1000D8F81030B34208D01444211AC8F81C008A
:100A2000A960BDE8F047FFF7F3BEBDE8F08700BF5F
:100A300048A7002038A7002038B500F04FFF054A2E
:100A4000D2E90845031B181945F10001C2E9080164
:100A500038BD00BF38A700204FF0FF3070470000BE
:100A6000002070474FF0FF307047000000207047B3
:100A70004FF0FF30704700000120704700207047A2
:100A8000FEE70000704700004FF0FF3070470000A5
:100A900002290CD0032904D00129074818BF0020DF
:100AA0007047032A05D8054800EBC2007047044888
:100AB00070470020704700BF48170408F02300204B
:100AC000FC16040870B59AB00546084601A91446FC
:100AD00000F0D2F801A8E0F7A5FB431C5B00C5E9D4
:100AE00000340022237003236370C6B201AB0234CA
:100AF0001046D1B28E4204F1020401D81AB070BD82
:100B000013F8011B04F8021C04F8010C0132F0E791
:100B100008B5302383F311880348FEF72FFE002326
:100B200083F3118808BD00BFF4A9002090F85C3061
:100B300003F01F02012A07D190F85D200B2A03D190
:100B40000023C0E9143315E003F06003202B08D123
:100B5000B0F860302BB990F85D20212A03D81F2A05
:100B600004D8FEF7EDBD222AEBD0FAE7034A02656E
:100B70000722426583650120704700BFE7230020FC
:100B800007B5052917D8DFE801F019160319192050
:100B9000302383F31188104A01900121FEF794FE5F
:100BA00001980E4A0221FEF78FFE0D48FEF7B2FDB6
:100BB000002383F3118803B05DF804FB302383F333
:100BC00011880748FEF77CFDF2E7302383F3118894
:100BD0000348FEF793FDEBE79C160408C0160408D3
:100BE000F4A9002038B50C4D0C4C0D492A4604F1EF
:100BF0000800FFF767FF05F1CA0204F11000094978
:100C0000FFF760FF05F5CA7204F118000649BDE858
:100C10003840FFF757BF00BFB4AE0020F0230020DC
:100C2000801604088A1604089216040810B9024BAC
:100C30001868704700207047E723002010B9024B66
:100C40005879704700207047E723002070B50446AC
:100C500008460D46E0F7E6FAC6B2204601340378AE
:100C60000BB9184670BD3246294603F02DFA00280C
:100C7000F3D10120F6E700002DE9F84F05460C46B8
:100C8000E0F7D0FA2B49C6B22846FFF7DFFF08B1DC
:100C90000336F6B228492846FFF7D8FF08B11036C8
:100CA000F6B2632E0DD8DFF88C80DFF88C90234FDE
:100CB000DFF890A0DFF890B02E7846B92670BDE836
:100CC000F88F29462046BDE8F84F03F0D3B9252E0A
:100CD0002BD107224146284603F0F6F958B9DBF834
:100CE00000302360DBF804306360BBF808302381F8
:100CF00007350A34E0E708224946284603F0E4F9BC
:100D000098B90F4BA21C197809090232C95D02F883
:100D1000041C13F8011B01F00F015345C95D02F8D3
:100D2000031CF0D118340835C6E704F8016B01350F
:100D3000C2E700BF8A160408921604086817040860
:100D4000107AFF1F1C7AFF1F0C120408BFF34F8F8D
:100D5000024AD368DB03FCD4704700BF003C02406A
:100D600008B5094B1B7873B9FFF7F0FF074B1A69F9
:100D7000002ABFBF064A5A6002F188325A601A68D8
:100D800022F480621A6008BD12B10020003C0240CB
:100D90002301674508B50B4B1B7893B9FFF7D6FFC6
:100DA000094B1A6942F000421A611A6842F48052F3
:100DB0001A601A6822F480521A601A6842F480623B
:100DC0001A6008BD12B10020003C02400728F0B5AF
:100DD00016D80C4C0C4923787BB90C4D0E460823D1
:100DE0004FF0006255F8047B46F8042B013B13F0EA
:100DF000FF033A44F6D10123237051F82000F0BDDF
:100E00000020FCE734B1002014B100207C17040856
:100E1000014B53F8200070477C17040808207047E6
:100E2000072810B5044601D9002010BDFFF7CEFFFA
:100E3000064B53F824301844C21A0BB90120F4E7CA
:100E400012680132F0D1043BF6E700BF7C170408BA
:100E5000072870B504462FD800F092F9174E30607D
:100E6000FFF746FBFFF772FFFFF77AFF144AF32301
:100E7000D360E300DBB243F4007343F00203136179
:100E8000136943F48033136105462046FFF75EFF84
:100E9000FFF79CFF0B4B53F8241000F047FA28464D
:100EA000FFF778FFFFF72EFB00F06AF9306020466D
:100EB000BDE87040FFF7B4BF002070BD38B100201E
:100EC000003C02407C17040812F001032DE9F041B8
:100ED00005460E4614464BD18118334A914261D8DB
:100EE000324B1B6813F001035CD0314FFFF700FB5E
:100EF000FFF736FFF323FB60FFF728FF314640F290
:100F00000128032C18D824F00104294E0C446D1A32
:100F100040F20118A142336905EB01072AD123F001
:100F200001033361FFF736FFFFF7ECFA0120BDE85C
:100F3000F081043C0435E4E7AB07E4D13B6923F4DA
:100F400040733B613B6943EA08033B6151F8046B22
:100F50002E60BFF34F8FFFF7F9FE2B689E42E8D05B
:100F60003B6923F001033B61FFF714FFFFF7CAFA67
:100F70000020DCE723F440733361336943EA08035C
:100F800033610B883B80BFF34F8FFFF7DFFE3F8855
:100F900031F8023BBFB2BB42BCD0336923F001033E
:100FA0003361E1E71846C2E7000008080038024054
:100FB000003C0240084908B50B7828B11BB9FFF77F
:100FC000CFFE01230B7008BD002BFCD0BDE808400C
:100FD0000870FFF7DFBE00BF12B1002008B500F0B7
:100FE000CFF8054B1B68C01A40F6B73398428CBF48
:100FF0000020012008BD00BF38B10020704700006C
:1010000010B5044610B90023184610BD0146082249
:101010000020FEF7D7FE034630B908222146FEF72E
:10102000D1FE03460028EED018462246002102F0E9
:1010300087FB0346E8E7000038B578B1073020F0B9
:101040000705082229460020FEF7BCFE044618B119
:101050002A46002102F074FB204638BD0446FBE717
:10106000FFF7EABF38B5044660B101460822002008
:10107000FEF7A8FE054618B12246002102F060FBEB
:10108000284638BD0546FBE74843FFF7B9BF0000D7
:1010900008B1FEF707BF704707B5002201A9104647
:1010A0000192FEF743FF00F05DFC019B184403B082
:1010B0005DF804FB13B5049CCDE9003413460A46E1
:1010C0000146002000F056FC02B010BD024B036048
:1010D000024B0B60012070473CB100209C170408B4
:1010E00037B50190E0F79EF805460130FFF788FF1D
:1010F000044628B101992A4602F0D8FA0023635524
:10110000204603B030BD000002FB01F0FFF778BFBE
:101110000846FFF775BF00000846FFF7B9BF00009B
:1011200010F0010309D1064A904206D90844054946
:1011300088428CBF0020012070470020704700BF0C
:10114000FF0000200000042038B5EFF311859DB9A1
:10115000EFF30584C4F30804302334B183F311881A
:10116000FFF76AFC85F3118838BD83F31188FFF718
:1011700063FC84F3118838BDBDE83840FFF75CBCE0
:1011800038B5FFF7E1FF114C114AC00840EA417041
:10119000A0FB025EC908A0FB040C1CEB050CA1FB24
:1011A00004404FF000035B41A1FB02121CEB040C56
:1011B00043EB000011EB0E0142F10002411842F135
:1011C0000000090941EA007038BD00BFCFF753E3C2
:1011D000A59BC42038B504460D46FFF7B5FF8442F1
:1011E00075EB010305D3241A024B65EB0105C3E936
:1011F000004538BD60B1002008B5FFF7A5FF034AE0
:10120000D2E90032C01842EB010108BD60B10020F4
:1012100010B50244064BD2B2904200D110BD441C1E
:1012200000B253F8200041F8040BE0B2F4E700BF2D
:10123000502800400F4B30B51C6F240407D41C6F9E
:1012400044F400741C671C6F44F400441C670A4C8F
:10125000236843F4807323600244084BD2B2904267
:1012600000D130BD441C00B251F8045B43F820505B
:10127000E0B2F4E70038024000700040502800401F
:1012800007B5012201A90020FFF7C2FF019803B0B2
:101290005DF804FB13B50446FFF7F2FFA04205D04A
:1012A000012201A900200194FFF7C4FF02B010BD84
:1012B0007047000070B520F00F0400F00F012368A4
:1012C00062684E00CA40F340920003F0030302F04C
:1012D00004021A43A368F340DB0003F018031A4327
:1012E000E368F3405B0103F06003134302070D461C
:1012F00053BF206A606A08398D004ABF8900E84000
:10130000C840C00100F4F060184370BD10B520F073
:101310000F0400F00F00E36840000322824023EA3C
:10132000020381400B43E36010BD000070470000E2
:1013300070470000C069ECF7F1BC00000346196873
:10134000B1F1553F1A4603F10403F8D0101A704763
:1013500070B505460C46012010211646FFF794FE95
:10136000286046733CB1204636B1FFF779FE2B6802
:10137000186000B19C6070BDFFF75EFEF7E70000EB
:10138000F8B50F461646044610B901252846F8BDA3
:10139000427B38683146FFF7C3FE05460028F4D18A
:1013A0003B686360A368B34210D213B12068FFF7B3
:1013B0006FFE637B30462BB1FFF752FE206020B9F1
:1013C000A060E3E7FFF738FEF8E7A66023683B601C
:1013D00001252573DAE7000010B5044640B1006826
:1013E000884205D1606808B102F060F900232373D8
:1013F00010BD0000F8B50F461646044610B9012589
:101400002846F8BD427B38683146FFF789FE05461D
:101410000028F4D1A368B34210D213B12068FFF7BB
:1014200037FE637B30462BB1FFF71AFE206020B9F0
:10143000A060E5E7FFF700FEF8E7A660396819B19C
:101440002068324602F032F923683B60012525739B
:10145000D6E7000020B103688B4204BF002303736A
:101460007047000008B1002303737047074B45F233
:1014700055521A6003225A6040F2FF729A604CF68D
:10148000CC421A60024B01221A70704700300040B3
:101490006CB10020034B1B781BB1034B4AF6AA2208
:1014A0001A6070476CB1002000300040034B1A688E
:1014B0001AB9034AD2F874281A60704768B100203C
:1014C00000300240024B4FF08072C3F8742870471E
:1014D0000030024008B5FFF7E9FF024B1868C0F37F
:1014E000407008BD68B10020CAB201460120FFF774
:1014F000A1BE0000CAB201460120FFF789BE00006C
:1015000070470000FEE700000A4B0B480B4A904270
:101510000BD30B4BDA1C121AC11E22F003028B42B2
:1015200038BF0022002102F00BB953F8041B40F829
:10153000041BECE7A024040880B1002080B1002047
:1015400080B1002030B5039C0172043304FB0325F5
:10155000C0E90653049B03630021059BC160C0E9F9
:101560000000C0E90422C0E90842C0E90A1143634F
:1015700030BD0000416A0022C0E90411C0E90A221E
:10158000C2606FF00101FFF7EDB80000D0E904324E
:10159000934201D1C2680AB9181D704700207047F4
:1015A00003691960C2680132C260C269134482696A
:1015B0000361934224BF436A03610021FFF7C6B869
:1015C00038B504460D46E3683BB16269131D1268E5
:1015D000A3621344E362002007E0237A33B929466B
:1015E0002046FFF7A3F80028EDDA38BD6FF00100C0
:1015F000FBE70000C368C269013BC3604369134451
:1016000082694361934224BF436A4361002383623A
:10161000036B03B11847704770B53023044683F35A
:101620001188866A3EB9FFF7CBFF054618B186F3ED
:101630001188284670BDA36AE26A13F8015BA362B1
:10164000934202D32046FFF7D5FF002383F311888E
:10165000EFE700002DE9F84F04460E46174698467E
:101660004FF0300989F311880025AA46D4F828B034
:10167000BBF1000F09D141462046FFF7A1FF20B181
:101680008BF311882846BDE8F88FD4E90A12A7EB3E
:10169000050B521A934528BF9346BBF1400F1BD947
:1016A000334601F1400251F8040B43F8040B914218
:1016B000F9D1A36A40334036A3624035D4E90A2306
:1016C0009A4202D32046FFF795FF8AF31188BD4264
:1016D000D8D289F31188C9E730465A4601F0E6FFAF
:1016E000A36A5B445E44A3625D44E7E710B5029CD5
:1016F0000172043303FB0421C0E906130023C0E98F
:101700000A33039B0363049BC460C0E90000C0E983
:101710000422C0E90842436310BD0000026AC260AF
:10172000426AC0E904220022C0E90A226FF00101E6
:10173000FFF718B8D0E904239A4201D1C26822B950
:10174000184650F8043B0B60704700231846FAE730
:10175000C368C2690133C36043691344826943614A
:10176000934224BF436A43610021FEF7EFBF0000AC
:1017700038B504460D46E3683BB123691A1DA262E1
:10178000E2691344E362002007E0237A33B9294673
:101790002046FEF7CBFF0028EDDA38BD6FF00100E0
:1017A000FBE7000003691960C268013AC260C269C0
:1017B000134482690361934224BF436A0361002397
:1017C0008362036B03B118477047000070B5302384
:1017D0000D460446114683F31188866A2EB9FFF739
:1017E000C7FF10B186F3118870BDA36A1D70A36A8C
:1017F000E26A01339342A36204D3E16920460439CB
:10180000FFF7D0FF002080F31188EDE72DE9F84FB6
:1018100004460D46904699464FF0300A8AF31188E7
:101820000026B346A76A4FB949462046FFF7A0FFF6
:1018300020B187F311883046BDE8F88FD4E90A0754
:101840003A1AA8EB0607974228BF1746402F1BD924
:1018500005F1400355F8042B40F8042B9D42F9D1C3
:10186000A36A4033A3624036D4E90A239A4204D3E0
:10187000E16920460439FFF795FF8BF3118846454F
:10188000D9D28AF31188CDE729463A4601F00EFFF6
:10189000A36A3B443D44A3623E44E5E7D0E9042308
:1018A0009A4217D1C3689BB1836A8BB1043B9B1AE0
:1018B0000ED01360C368013BC360C3691A448369D7
:1018C00002619A4224BF436A0361002383620123B9
:1018D000184670470023FBE700F036B9014B586A01
:1018E000704700BF000C0040034B002258631A6190
:1018F0000222DA60704700BF000C0040014B00225A
:10190000DA607047000C0040014B5863704700BF1D
:10191000000C0040024B034A1A60034A5A607047A9
:1019200070B1002080B1002000000420074B10B5EA
:101930005C684942201A08401968821A8A4203D317
:10194000A24201D85A6010BD0020FCE770B100200F
:1019500008B5302383F31188FFF7E8FF002383F3F2
:10196000118808BD024BD3E90030C01A704700BF90
:1019700070B10020F0B5174687B008220D461E460C
:10198000FEF720FA0446D0B10C9B049341190D9B3D
:101990000593CDE90070CDE90216FEF7E7FD30238F
:1019A00083F311886846FEF7EBFD012380F82530AC
:1019B00000210446FEF7DEFC002383F31188204655
:1019C00007B0F0BDFEE7000070B51F4B8163002536
:1019D000044686B0586005630E46FBF733FC04F1FD
:1019E0002803C4E90A3304F11003C4E904334FF0B7
:1019F000FF33C4E90635C4E90044A5606563FFF719
:101A00006DFF2B460246C4E9082304F13C010F4A4E
:101A1000A56780232046FEF78FFD7368E0600362B0
:101A2000012380F824303169094AF0680092CDE939
:101A30000213084B0190CDE90435FEF797FD684687
:101A4000FEF7BAFD06B070BDE8A900203416040800
:101A5000A8170408C5190308024A536B18435063BA
:101A6000704700BF38A700204B6843608B688360D5
:101A7000CB68C3600B6943614B6903628B69436246
:101A80000B6803607047000008B5234B23481A69B0
:101A900042F0FF021A611A6922F0FF021A611A6904
:101AA0001A6B42F0FF021A631A6D42F0FF021A65C8
:101AB0001B4A1B6D1146FFF7D7FF02F11C0100F511
:101AC0008060FFF7D1FF02F1380100F58060FFF779
:101AD000CBFF02F1540100F58060FFF7C5FF02F172
:101AE000700100F58060FFF7BFFF02F18C0100F587
:101AF0008060FFF7B9FF02F1A80100F58060FFF7F1
:101B0000B3FF02F1C40100F58060FFF7ADFFBDE84F
:101B1000084000F099B800BF0038024000000240C1
:101B2000B017040808B500F033FAFEF7B5FCFFF76C
:101B3000BDFCFFF7C7FCFFF761FABDE80840FFF7FF
:101B400051B80000704700000E4B1A6C42F00802BA
:101B50001A641A6E42F008021A660B4A1B6E9368EA
:101B600043F008039360094B31229A624FF0FF3231
:101B7000DA6200229A615A63DA605A6001225A617D
:101B80001A60704700380240002004E0000C00405A
:101B9000094A08B51169D3680B40D9B2C9439B07FC
:101BA000116107D5302383F31188FEF79FFC0023D2
:101BB00083F3118808BD00BF000C004008B5204B1E
:101BC0001A6962F0FF021A611A69D2B21A614FF003
:101BD000FF301A695A69586100215A6959615A6976
:101BE0001A6A62F080521A621A6A02F080521A620D
:101BF0001A6A5A6A58625A6A59625A6A1A6C42F0E8
:101C000080521A641A6E42F080521A661A6E0D4A99
:101C1000106840F480701060186F00F44070B0F5E8
:101C2000007F1EBF4FF4803018671967536823F494
:101C300000735360FBF70EFFBDE8084000F07CB96D
:101C400000380240007000403B4B3C4A1A643C4A5A
:101C50004FF4404111601A6842F001021A601A689C
:101C60009007FCD59A6822F003029A60324B9A687A
:101C700012F00C02FBD1196801F0F90119609A60A9
:101C80001A6842F480321A601A689103FCD55A6FC0
:101C900042F001025A67284B5A6F9207FCD5294A35
:101CA0005A601A6842F080721A60254A53685804D4
:101CB000FCD5214B1A689101FCD5234AC3F8842036
:101CC0001A6842F080621A601A681201FCD51F4A35
:101CD0009A600322C3F88C204FF00062C3F894206E
:101CE0001B4B1A681B4B9A421B4B21D11B4A116894
:101CF0001B4A91421CD140F203121A60164A136823
:101D000003F00F03032BFAD10B4B9A6842F0020247
:101D10009A609A6802F00C02082AFAD15A6C42F4CE
:101D200080425A645A6E42F480425A665B6E704733
:101D300040F20372E1E700BF0038024000040010E7
:101D400000700040081940021030002400948838C8
:101D5000002004E011640020003C024000ED00E09F
:101D600041C20F41074A08B5536903F001035361AB
:101D700023B1054A13680BB150689847BDE8084085
:101D8000FBF784BA003C0140F8A00020074A08B5E0
:101D9000536903F00203536123B1054A93680BB101
:101DA000D0689847BDE80840FBF770BA003C014096
:101DB000F8A00020074A08B5536903F004035361F3
:101DC00023B1054A13690BB150699847BDE8084033
:101DD000FBF75CBA003C0140F8A00020074A08B5B8
:101DE000536903F00803536123B1054A93690BB1AA
:101DF000D0699847BDE80840FBF748BA003C01406D
:101E0000F8A00020074A08B5536903F01003536196
:101E100023B1054A136A0BB1506A9847BDE80840E0
:101E2000FBF734BA003C0140F8A00020164B10B577
:101E30005C6904F478725A61A30604D5134A936A64
:101E40000BB1D06A9847600604D5104A136B0BB1EA
:101E5000506B9847210604D50C4A936B0BB1D06B9D
:101E60009847E20504D5094A136C0BB1506C9847AA
:101E7000A30504D5054A936C0BB1D06C9847BDE817
:101E80001040FBF703BA00BF003C0140F8A000205F
:101E9000194B10B55C6904F47C425A61620504D5A3
:101EA000164A136D0BB1506D9847230504D5134A9C
:101EB000936D0BB1D06D9847E00404D50F4A136EB3
:101EC0000BB1506E9847A10404D50C4A936E0BB128
:101ED000D06E9847620404D5084A136F0BB1506F57
:101EE0009847230404D5054A936F0BB1D06F9847E8
:101EF000BDE81040FBF7CAB9003C0140F8A0002043
:101F000008B50348FCF7DCFFBDE80840FBF7BEB9A5
:101F100050A2002008B50348FCF7D2FFBDE80840F6
:101F2000FBF7B4B9B4A4002008B5FFF731FEBDE853
:101F30000840FBF7ABB90000062108B50846FDF7DD
:101F400041F806210720FDF73DF806210820FDF79E
:101F500039F806210920FDF735F806210A20FDF79A
:101F600031F806211720FDF72DF806212820FDF76E
:101F700029F807213220FDF725F80C212520FDF74F
:101F800021F8BDE808400C212620FDF71BB8000011
:101F900008B5FFF713FEFBF701FEFDF73FF8FDF76D
:101FA00045FAFDF76BFCFDF713FBFFF7CBFDBDE832
:101FB0000840FFF791BC00000B460146184601F0AF
:101FC00051BB000010EE103A184A23F00043934230
:101FD0001BDDB3F1FF4F02DB30EE400A704700B566
:101FE00083B0684600F056FC00F003000128DDEDE8
:101FF000010A9DED000A0CD0022812D070B1012018
:1020000001F03AF903B05DF804FBDFED090A00F0D6
:1020100077BD01F031F9B1EE400AF3E700F070FD51
:10202000F0E700F06DFDB1EE400AEBE7D80F493F55
:102030000000000010EE103A194A23F000439342CA
:102040001CDDB3F1FF4F02DB30EE400A704700B5F4
:1020500083B0684600F01EFC00F003000128DDEDAF
:10206000010A9DED000A0ED0022813D070B100F0D5
:1020700047FDB1EE400A03B05DF804FBDFED090A4D
:10208000002001F0F9B800F03BFDF4E7012001F079
:10209000F3F8F0E7012001F0EFF8B1EE400AEAE7CB
:1020A000D80F493F0000000000F0C6B808B52DED7C
:1020B000028BB0EE408A00F067F9164B93F90030BE
:1020C0000133F0EE408A12D0B0EE480A01F0FEF97A
:1020D00068B1DFED117AB4EEE78AF1EE10FA12DCA6
:1020E000DFED0E7AB4EEE78AF1EE10FA04D4B0EE2A
:1020F000680ABDEC028B08BD01F0C2FA2223DFEDB5
:10210000088A0360F3E701F0BBFA2223DFED058ABA
:102110000360ECE7102400208071B142B5F1CFC21A
:10212000000000000000807F08B52DED028BF0EE6E
:10213000408AB0EE608A00F01DFA0E4B93F9003031
:1021400001330BD0F4EE488AF1EE10FA06D6DFED3B
:102150000A8AB4EE688AF1EE10FA02D0BDEC028B66
:1021600008BD01F08DFA88EEA80ABDEC028B212390
:10217000036008BD102400200000000008B52DED0C
:10218000028BB0EE408A00F085FA144B93F90030D0
:10219000013314D0B4EE488AF1EE10FA0FD6B5EE42
:1021A000C08AF1EE10FA0ADCB5EE408AF1EE10FAC0
:1021B00008D101F065FA22239FED090A0360BDEC06
:1021C000028B08BD01F05CFABDEC028B03462122B4
:1021D0001A600448BDE8084001F0CCB91024002082
:1021E000000080FF9018040808B52DED028BB0EEBA
:1021F000408A00F081FC0E4B93F9003001330BD084
:10220000B4EE488AF1EE10FA06D6DFED0A8AB4EE93
:10221000E88AF1EE10FA02D4BDEC028B08BD01F0A1
:102220002FFA88EEA80ABDEC028B2123036008BDBB
:10223000102400200000000010B582B0CDED010A8E
:10224000019B23F00042B2F1FF4FF0EE407A30DC08
:1022500010EE100A20F00041B1F1FF4F29DCB3F17C
:102260007E5F42D09C1704F0020444EAD07431B37C
:102270007AB3B2F1FF4F40D0B1F1FF4F29D08A1AA3
:10228000B2F1F45F4FEAE25134DA002B42DA3C312A
:1022900040DA9FED340A012C4ED0022C43D064B1B9
:1022A0009FED317ADFED317A30EE070A30EE670AC2
:1022B00003E09DED017A37EE270A02B010BD022C33
:1022C00010D09FED2B0A032C18BFB0EE670A02B0A6
:1022D00010BD9FED280ADFED287A0028B8BFB0EEC8
:1022E000670AEAE79FED210AE7E702B0BDE8104080
:1022F00001F00AB89FED1F0ACDE7B1F1FF4F04F1DD
:10230000FF3420D0022C26D81C4B03EB840494ED20
:10231000000AD2E79DED017A87EE870A01F0CEF838
:1023200000F0F2FFB7E79FED107ADFED107A30EEA4
:10233000070A37EEC00AC0E710EE103A03F1004377
:1023400000EE103AB9E7022C08D80D4B03EB8404D9
:1023500094ED000AB1E79FED030AAEE79FED090A8D
:10236000ABE700BF000000002EBDBB33DB0F4940D0
:10237000DB0F49C0DB0FC93FDB0FC9BFA018040842
:1023800094180408DB0F493F10EE103A23F0004286
:10239000B2F1FF4F55D84FEAD37100F096806348F1
:1023A000834251DC002BC0F28980614B9A4250D9A4
:1023B000604B9A4200F29C805F4B604A03EB8103C2
:1023C00093ED004A02EB8102C1F1010330EE444A71
:1023D00092ED007A5B1A34EE470ADFED597ADFEDB1
:1023E000594A9FED595A9FED596ADFED595A60EEEF
:1023F000006AE6EEA74AA4EEA65AA5EE266AE6EE25
:10240000265AB0EE406AA5EEE66A002B47D0F0EE01
:10241000006A60EE065A36EEC66AF7EE007A85EE7E
:10242000860A13F17D0F37EE400A30EE440A37EE8C
:10243000C00A51DB10EE102A02EBC35300EE103A33
:10244000704730EE000A70479FED420A20EE000A06
:102450007047B2F1465F0AD2DFED3E7A70EE277A1E
:10246000B7EE007AF4EEC77AF1EE10FA5ADC60EEBD
:10247000007A9FED337ADFED335A9FED336ADFED5B
:10248000336AE7EE875A9FED327AA7EEA56AE7EE48
:10249000866AB0EE406AA7EEA67AA7EEC76AF0EEAB
:1024A000007A60EE066A36EE676AB7EE007AC6EE2C
:1024B000867A37EEC00A37EE400A7047264B9A42BA
:1024C0007FF673AF9FED250A7047DFED247A002970
:1024D00018BFB0EE670A704710EE102A643302EBA3
:1024E000C353DFED1F7A00EE103A20EE270A704743
:1024F0001C4B9FED1D7A9FED1D6ADFED1D6A03EBFE
:102500008103D3ED007AE0EE077AB0EE404AFDEEAB
:10251000E77AB8EEE77A17EE903AA7EE464A27EE4A
:10252000267A58E730EE070A704700BF1772B142AB
:102530001872B13E9115853FB4180408BC18040800
:102540004CBB31330EEADDB555B38A38610B36BB6F
:10255000ABAA2A3ECAF24971B5F1CF420000000091
:102560000000800DAC1804083BAAB83F8071313FD1
:10257000D1F7173730B583B0CDED010A019D35F0A5
:10258000004041D010EE10EA2EF00043B3F1FF4FAF
:102590003ADAB0F1FF4F37DC83423BDB0EF0004408
:1025A0003AD01EF0FF4F56D1190200296FF07D027C
:1025B00004DD4900002902F1FF32FADC15F0FF4F7B
:1025C00057D101026FF07D0C03D449000CF1FF3CA0
:1025D000FBD512F17E0F47DBCEF3160343F4000365
:1025E0001CF17E0F3ADBC5F3160040F40000B2EB9D
:1025F0000C0204D117E00FD04B00013A13D0191A86
:102600000029F8DA5B00F8E7DDED017A60EE277A61
:1026100087EEA70A03B030BD1D4B03EB547393ED57
:10262000000A03B030BD181A58BF03461BB9F3E7C0
:102630005B000CF1FF3CB3F5000FF9DB1CF17E0FE2
:102640001CDBA3F500030CF17F0C234343EACC53BE
:1026500000EE103ADEE7DA157F3AAFE76FF07D0162
:10266000A1EB0C018840C2E76FF07D01891A8B4015
:10267000B6E74FEAE05CACF17F0CAAE76FF07D02B1
:10268000A2EB0C0C43FA0CF3234300EE103AC1E723
:10269000C418040810EE103A33F000422ED0002B7C
:1026A00033DBB3F1FF4F40DAB3F5000F34DB4FF00B
:1026B000000C6848C3F31601084400F4000282F0DD
:1026C0007E520A43DB1500EE102A7F3B624A6344C8
:1026D00001F10F0CF7EE007A0CEA020230EE670A05
:1026E00003EBD05322BBB5EE400AF1EE10FA60D1F5
:1026F000002B40F092809FED590A70479FED587A69
:10270000DFED567A87EE270A704770EE407A9FED2C
:10271000537A87EE870A7047DFED527A60EE277AA8
:102720006FF0180C17EE903AC3E730EE000A7047CE
:10273000F0EE007A70EE277A07EE103A80EE274A24
:102740004948C1F55712084402F522720243002A93
:102750009FED463ADFED464ADFED465ADFED463A59
:102760009FED465ADFED467ADFED466A24EE046AB5
:10277000F8EEC72A26EE067AE7EE034AA7EE235ABA
:10278000E4EE875AE5EE076AE5EE877A67EE867A29
:10279000E6EE877A2ADDB6EE007A20EE077A27EE9B
:1027A000007A4BBB77EE877AA7EEC47A30EE470A01
:1027B0007047B6EE007ADFED346AF0EE477AE0EE6D
:1027C000667A20EE007A27EE277A002BEED007EE0D
:1027D000903A9FED2E6ADFED2E6AF8EEE77AA7EECB
:1027E000C67A37EE400A97EEA60A704713BB70EE22
:1027F000677AA7EEC40A7047DFED246A9FED246A6A
:1028000077EE877A62EEA66AE7EE846A37EE667A3A
:1028100037EE400A92EE860A704707EE903A9FED37
:102820001B0A9FED1B7AF8EEE77A27EE800AA7EEE7
:10283000870A70479FED157ADFED156A70EE677AAB
:1028400027EE627AA7EE847A37EE400A92EEA60A65
:10285000704700BF20FB4A00F0FF7F00000000002F
:10286000000000CC0000004C305CCFFF9788173E82
:1028700025333A3E2549923E4FD01C3E298E633E79
:10288000ABAA2A3FCDCCCC3EABAAAA3ED1F7173794
:102890008071313F70B510EE103A894A23F0004440
:1028A000944286B0054670DD864A944210EE106A66
:1028B00022DC002BDFED847A844A24F00F04B0EE92
:1028C000407A40F3E480944270EE677A09BFDFED0E
:1028D000806A9FED807A9FED807A77EEE67A01201C
:1028E00077EEC76A77EEE67AC5ED006A77EEC77ACB
:1028F000C5ED017A06B070BD784A944254DDB4F15A
:10290000FF4F49DAE215863AA4EBC25307EE903A3C
:10291000BDEEE77ADFED726AB8EEC77A77EEC77A76
:102920008DED037A67EEA67ABDEEE77AB8EEC77A48
:1029300077EEC77A8DED047A67EEA67AF5EE407AE7
:10294000F1EE10FACDED057A40F09080B5EE407AC8
:10295000F1EE10FA14BF0223012362490191022112
:10296000009103A8294600F04DF9002EC2DA95ED3A
:10297000007AD5ED017AB1EE477AF1EE677A85ED0E
:10298000007AC5ED017A4042B4E7002285ED000AE5
:102990004260002006B070BD70EE407A0020C5EDA8
:1029A000017AC5ED007AA5E700F088FD9FED4E7A2B
:1029B0009FED456AF6EE007AE0EE077A9FED457AE4
:1029C000FDEEE77A17EE900AF8EEE76A1F28A6EE0A
:1029D000C60A66EE877AB1EE666A1EDC434A411E7D
:1029E00024F0FF0352F82120934216D030EE677A8C
:1029F00085ED007A30EE470A002E30EE670A85ED4D
:102A0000010ABFF677AFB1EE477AB1EE400A85ED25
:102A1000007A85ED010A40426CE730EE677AE215F4
:102A200017EE103AC3F3C753C3EBD454082CDFDDC1
:102A3000DFED277A9FED287AF0EE405AE6EE275A2E
:102A400030EE650AA6EE270AF0EE407AD6EE877AD7
:102A500035EEE77A17EE103AC3F3C753D21A192AA4
:102A600006DCB0EE650A85ED007AC3E7032374E760
:102A70009FED1F7A9FED1F5AB0EE650AA6EE070A7A
:102A800075EEC07AE6EE077AD6EE857AAEE7944226
:102A900070EE277A09BFDFED0E6A9FED0E7A9FED8B
:102AA0000E7A77EEA67A4FF0FF3077EE876A77EEF0
:102AB000E67AC5ED006A77EE877AC5ED017A19E707
:102AC000D80F493FE3CB1640800FC93FD00FC93F15
:102AD000004435374344353708A3852E800F4943DA
:102AE000000080434C19040884F9223FCC180408E4
:102AF00000A3852E32318D24B1EEC00A704700BF8D
:102B000010EE103A23F00043B3F1485F2CDAFDEEEB
:102B1000C07A17EE903A002B60D020EE007ADFEDFD
:102B2000317A9FED315ADFED315A9FED316ADFED99
:102B3000316AA7EE275ADFED307AE7EE055AA7EEA5
:102B4000256AE7EE067AE7EE276A67EE266A60EE08
:102B5000C00AF6EE007AE7EE260AB7EE000AD7EED4
:102B6000270A30EE600A704720EE007ADFED1D7A0A
:102B70009FED1D5ADFED1D5A9FED1D6ADFED1D6AA9
:102B80001E4AA7EE275A9342DFED1B7AE5EE075A5D
:102B9000A5EE876AE6EE077AE7EE876A66EE876A51
:102BA000D5DD174A934214DC03F17F4307EE903AD8
:102BB000B7EE006A36EE676A60EEC00AF6EE005ABB
:102BC000D7EE257AE7EE260A77EEE00A36EE600ABF
:102BD0007047B6EE076AF5EE027AEDE7B7EE000A47
:102BE000704700BF4ED747ADF6740F317CF293B4F7
:102BF000010DD037ABAA2A3D610BB6BA9999993E1F
:102C00000000483F2DE9F04F2DED048BDBB01C4652
:102C100003930691A34B6899089253F82150111D14
:102C2000824604F1FF38C0F2A282D31E44BF13468D
:102C30000433DB1002930133DB000793DDE9072344
:102C40009B1A0593029B15EB0801A3EB080316D40E
:102C500001319FED957A699819441EAA002BA4BFF3
:102C600050F8234007EE904A03F10103ACBFF8EEA1
:102C7000E77AF0EE477A8B42E2EC017AEED1002D52
:102C8000C0F2E582039B1EA901EB830446AE4FEA26
:102C9000830C4046EF180AEB8301B8F1000FDFED1B
:102CA000827A09DB22465346F3EC016A32ED017A5F
:102CB0008B42E6EE877AF7D10130B842E6EC017A32
:102CC00004F10404E9D109AB0AAF03EB850907EB72
:102CD0008503083B9FED769ADFED748A059804938F
:102CE0000AEB0C0446AE00955AAB03EB8503002DAE
:102CF00013ED140A4FEA850B16DD06EB85033A4601
:102D000060EE097AB0EE407AFDEEE77A73ED016A83
:102D1000F8EEE77AB342A7EEE87A37EEA60ABDEE00
:102D2000C77AA2EC017AEBD1019000F029FCB0EE59
:102D3000408AB4EE000A28EE000A00F0D5FBF2EE5D
:102D4000007AA0EE678A01980028FDEEC89AF8EE96
:102D5000E97A38EE678A79DD05F1FF3EC0F10803B4
:102D600057F82E1041FA03FC0CFA03F3CB1AC0F10A
:102D7000070219EE901A43FA02F26144002A47F85A
:102D80002E3009EE901A69DCB5EE408AF1EE10FAA9
:102D900040F0C180009B05F1FF3B5B4510DC05F175
:102DA0008043013B07EB83030021944653F8042939
:102DB0004B4541EA0201F9D16246002940F0F38017
:102DC000009B013B57F82330002B40F0E880049B28
:102DD0004FF0010C53F804290CF1010C002AF9D032
:102DE0006B1CAC449E46039A5119029A02EB030BEA
:102DF0000BF1804B699A0BF1FF3B06EB83051EAB91
:102E000002EB8B0B03EB8101DBED017A9FED267A60
:102E1000F8EEE77AB8F1000F0BF1040BC1ED007A80
:102E20000A4601F1040109DB534601E072ED017A23
:102E3000F3EC016AA342A6EEA77AF7D10EF1010ED8
:102E4000E645A5EC017ADFDD65464DE740F09D8063
:102E50006B1E57F823201212002A95DD19EE903AC6
:102E6000002D03F1010309EE903A40F39681396891
:102E7000002940F08080012D26D03B464FF0010C08
:102E800053F8041F00297AD00CF10103C1F58071B9
:102E90009D4247F82C1016DD57F82310BB4407EB72
:102EA00083030AE0901C0408000000000000804337
:102EB0000000803B0000C93F1968C1F1FF0143F8E1
:102EC000041B5B45F8D1012100280CDD012800F02E
:102ED0004581022807D105F1FF3C57F82C3003F05B
:102EE0003F0347F82C30022A7FF44EAFB7EE000ABA
:102EF00030EE488A00293FF447AF0992019000F074
:102F00003FFB38EE408A099A0198B5EE408AF1EE0F
:102F100010FA3FF43FAF0292DDE90732B0EE480A03
:102F2000981A0195009D00F02BFB1FED207AB4EE5E
:102F3000C70AF1EE10FADDE90132C0F256815FED09
:102F4000247A059960EE277A0831FDEEE77A05913B
:102F5000F8EEE77A03F1010BA7EEC70AFDEEE77A78
:102F6000BDEEC00A10EE101A47F8231017EE903A83
:102F700047F82B302EE001234FF0000C86E70CF1D0
:102F8000010CAC457FF47CAF9EE7F6EE007AB4EE20
:102F9000E78AF1EE10FA80F2EF800022F4E66B1C73
:102FA0009E469C461FE70599A1F1080057F82B1093
:102FB00005902B46009D69B903F18043023B07EB66
:102FC0008303014653F804090BF1FF3B083900283D
:102FD000F8D0059105980092B7EE000A00F0D0FAFB
:102FE000BBF1000F009AC0F225814FEA8B0E46AB71
:102FF00003EB0E060EF1040C1FED537A07EB0C03E6
:10300000311D73ED017AF8EEE77ABB4267EE807A04
:1030100020EE070A61ED017AF3D1002D1FED5B6A06
:103020004FF0000420DB9248DFED927AB0EE467A52
:103030003146002303E09C4208DBB0EC017AF1EC5E
:10304000016A01339D42E6EE877AF4DA5AAB03EB6C
:103050008403A34543ED287AA6F1040604F1010395
:1030600005D0002D1C46DEDADFED827AEEE76899A6
:1030700002291CDC002900F392800FD132ABDFED76
:103080007D7A9C443CED017A634577EE877AF9D1ED
:103090000AB1F1EE677A069BC3ED007A19EE903A19
:1030A00003F007005BB0BDEC048BBDE8F08F689BBC
:1030B000032BF3D1BBF1000F00F0D1805AAB734466
:1030C00032A913ED287A01EB8B0373ED017AF0EE50
:1030D000476A37EE277A994277EEC77A83ED007A0E
:1030E00077EEA67AC3ED017AEFD1BBF1010F40F381
:1030F000B6800BF1804B5AAB0BF1FF3B9E444FEA7D
:103100008B0B0BF104031EED287A0B4433A873EDEF
:10311000017AF0EE476A37EE277A984277EEC77A5F
:1031200083ED007A77EEA67AC3ED017AEFD10BF149
:10313000080BDFED507A01EB0B03083133ED017A18
:10314000994277EE877AF9D1002A56D10699329AB8
:10315000339B0A604B60C1ED027A9FE705F1FF3CAB
:1031600057F82C3003F07F0347F82C30BBE60823D8
:1031700007930023029361E519EE903A002D03F1C5
:10318000010309EE903AC8BF02223FF770AEF7EE96
:10319000007A37EEC88A0222F6E5002194E632A9C9
:1031A000DFED347A01EB830333ED017A994277EE58
:1031B000877AF9D19DED327A8ABB069BBBF1000F6D
:1031C000C3ED007A77EE677A0BDD33A90123B1EC0A
:1031D000017A01339B4577EE877AF8DA0AB1F1EE8E
:1031E000677A069BC3ED017A58E7BDEEC00A9B469D
:1031F00010EE101A47F82310ECE6DDED326A9DED73
:10320000337A069BF1EE666AB1EE477AF1EE677AA1
:10321000C3ED006A83ED017AC3ED027A3EE7069BB7
:10322000F1EE676ABBF1000F77EE677AC3ED006AD3
:10323000CBDCD4E7689B022B0DDC002B14DC7FF485
:103240002DAFDFED0C7A002A3FF425AF21E7039B79
:103250004FEA830C37E5689B032B7FF41FAFDFED4C
:10326000057A002AC9D171E7DFED027AA2E700BF33
:10327000681C04080000000010EE103A23F0004320
:10328000B3F1485F04DAFDEEC07A17EE903A5BB313
:1032900060EE007A9FED157ADFED155A9FED156A05
:1032A000DFED156AE7EE875A9FED147AA5EEA76A5F
:1032B00020EE275AE6EE276AA6EEA77A30B9DFEDB0
:1032C000106AE7EE876AA6EE850A704727EE457A10
:1032D000F6EE006AA0EEA67ADFED0A6AD7EE270ABC
:1032E000E5EE260A30EE600A704700BFD3C92E2FE4
:1032F000342FD7B21BEF3836010D50B98988083CFE
:10330000ABAA2ABEABAA2A3E38B510EE105A25F059
:103310000044B4F1A14FF0EE407A0BDBB4F1FF4F63
:103320005BDCDFED537A9FED530A002DC8BFB0EE92
:10333000670A38BD504B9C425EDCB4F1445F4FDB02
:103340004FF0FF3367EEA76ADFED4C4ADFED4C5AD2
:103350009FED4C5A9FED4C4A26EEA67AB0EE666A77
:10336000E7EE245A5A1CDFED494ADFED496AA5EE23
:10337000875AE7EE246ADFED475ADFED474AE6EE6B
:10338000875AA5EE074A9FED455ADFED456AA5EE3F
:10339000875AE4EE074ADFED435AE4EE876AE5EE2A
:1033A000075A66EE866A25EE877A3AD03E4A02EBE5
:1033B000830276EE876A92ED000A3C4A96EEA70AEF
:1033C00002EB8303002D93ED007A70EE677A37EEFF
:1033D000670AAEDAB1EE400A38BD30EE000A38BDF9
:1033E0009FED337A30EE077AF7EE006AB4EEE67AB4
:1033F000F1EE10FAA4DD38BD00F060F82D4B9C42D0
:1034000016DCA3F5D0039C4227DCF0EE007ABFEE79
:10341000007AA0EE277A002330EE270AC7EE007A62
:1034200090E776EE876AE6EEE77AB0EE670A38BD97
:10343000214B9C420BDCF7EE087AB7EE007AA0EE47
:10344000277A022330EE670AC0EE077A7AE7BFEEEA
:10345000007AC7EE007A032374E7F7EE007A30EEC5
:10346000677A30EE270A0123C7EE007A6AE700BFC9
:10347000DB0FC93FDB0FC9BFFFFFDF3ED769853CCC
:1034800059DA4B3D356B883D6E2EBA3D21A215BDF4
:103490006BF16EBD95879DBD2549123E388EE3BD0B
:1034A000ABAAAA3ECDCC4CBEAC1C04089C1C0408A4
:1034B000CAF24971FFFF973FFFFF1B4010EE103A21
:1034C00023F0004300EE103A704700BF82B08DED4C
:1034D000010A019820F00040B0F1FF4FACBF00207E
:1034E000012002B0704700BF10EE102AC2F3C7538C
:1034F0007F3B162B22F0004128DC002B18DB1A49F9
:1035000019410A4221D0DFED197A70EE277AF5EEE3
:10351000C07AF1EE10FA18DD002A04DA4FF4000048
:1035200040FA03F31A4422EA010300EE103A70470E
:10353000DFED0E7A70EE277AF5EEC07AF1EE10FA32
:1035400003DD002A08DB9FED0A0A7047B1F1FF4F47
:10355000FBD330EE000A7047FFEE007A002918BF57
:10356000B0EE670A704700BFFFFF7F00CAF24971E3
:10357000000000009FED010A704700BF0000C07FFF
:1035800082B08DED010A019B33F000422AD0B2F1E6
:10359000FF4F23D213F0FF4F28D19DED017ADFEDCD
:1035A0002A7A2A4B67EE277A9842CDED017A37DBEB
:1035B000019BC3F3C752193A0244FE2A1ADD9FED5C
:1035C000240A9FED247A019B002BF0EE407AB8BFCD
:1035D000B0EE470A20EE270A02B0704730EE000A2C
:1035E00002B070479DED010A02B07047D20D02444F
:1035F000FE2AE4DC002A0BDC12F1160F17DA4CF27B
:1036000050339842DBDC9FED140A9FED147ADAE721
:1036100023F0FF4343EAC25300EE103A02B0704772
:103620009FED0D0ADDED017A27EE800AD8E7193209
:1036300023F0FF4343EAC253DFED097A07EE103A65
:1036400027EE270ACCE700BF0000004CB03CFFFF8C
:10365000CAF24971CAF249F16042A20D6042A28DDC
:103660000000003310B5054C13462CB10A46014644
:103670000220AFF3008010BD2046FCE700000000F0
:10368000014B1868704700BF1424002010B50139A1
:103690000244904201D1002005E0037811F8014F67
:1036A000A34201D0181B10BD0130F2E70A44914239
:1036B00000F1FF3300D1704710B511F8014B03F84A
:1036C000014F9142F9D110BD2DE9F041A3B1C91AC2
:1036D00017780144044603F1FF3C8C42204601D98F
:1036E000002009E00578BD4204F10104F5D10CEB9E
:1036F0000405D618A54201D1BDE8F08115F8018D69
:1037000016F801EDF045F5D0E7E70000884210B566
:1037100001EB020402D98442234607D8431EA1428A
:1037200008D011F8012B03F8012FF8E702440146F5
:103730008A4200D110BD13F8014D02F8014DF7E7A0
:1037400002440346934200D1704703F8011BF9E796
:103750002DE9FF4755EC104B002D0E4619462B4620
:10376000BBBF05F100431D4600232D230B700D9BAD
:10377000DDF830A0914623F02008BCBF2246144655
:10378000B8F1460F05D0B8F1450F00D1013602213E
:1037900000E0032103AB019302AB009345EC104B17
:1037A0005346324601F076FCB8F1470F074602D186
:1037B00019F0010F22D0B8F1460F07EB060910D11E
:1037C0003B78302B0AD10022002320462946DDF722
:1037D0005DF918B9C6F10106CAF80060DAF80030E0
:1037E00099440022002320462946DDF74FF908B10D
:1037F000CDF80C903022039B4B4507D3039B0E9AC8
:10380000DB1B3846136004B0BDE8F087591C0391F8
:103810001A70F0E7F7B503460029B8BF494203F82C
:10382000022BB4BF2D222B22092942702ADD0DF173
:103830000704A4460A27A6460A4691FBF7F607FBAB
:1038400016153035632A04F1FF340EF8015C314659
:10385000F1DC3031AEF1020504F8011C441C2946AC
:1038600061450AD30DF10902A2EB0E02654588BF3E
:1038700000221344181A03B0F0BD11F8012B04F80C
:10388000012FEDE7302330318370C170031DF1E764
:103890002DE9F04F2DED028B8DB00C46DDF86080E8
:1038A00016461F46054602F053FDD0F800A05046CC
:1038B000DDF7B8FC00230A9323680593D8F800309D
:1038C00094F818B0073323F0070303F10802C8F88F
:1038D0000020D3E90023C4E91223D4E9128929F096
:1038E00000430793CDF8188008EE100A9F4BDDE9DE
:1038F00006014FF0FF32DDF7FBF888BBDDE906017A
:103900009A4B4FF0FF32DDF7D5F848BB0022002379
:1039100040464946DDF7C4F810B12D2384F8433002
:10392000934B9448BBF1470F94BF984680460323BE
:103930002361059B23F0040222604FF000090097E9
:1039400033460BAA2146284600F0D8F9013040F052
:1039500090804FF0FF300DB0BDEC028BBDE8F08FD2
:1039600042464B4640464946DDF7C2F840B14B4619
:10397000002BBCBF2D2384F843307F487F4BD1E719
:1039800063680BF0DF0206925A1C3FD10623636086
:10399000059B616843F48062002303930AABCDE981
:1039A00001B309AB49EC108B009322600DF12303A6
:1039B0002846FFF7CDFE069B0999472B804608D184
:1039C000C81C02DB6368994241DDABF1020B5FFA70
:1039D0008BFBBBF1650F20D801395A4604F150002A
:1039E0000991FFF717FF0A9A1318012A81462361EC
:1039F00002DC2268D20701D5013323619DF8233010
:103A0000002B9CD02D2384F8433098E7069A472A50
:103A1000BED1002BBCD10123B9E7BBF1660F18D191
:103A2000002963680BDD216113B92268D00702D534
:103A300001330B442361A1654FF00009DEE713B9A0
:103A40002268D20701D50233F4E70123F2E74FF0F1
:103A5000670B0A9B994205DB23682161D807EAD5E9
:103A60004B1CE7E70029D4BFC1F102020122134435
:103A7000E0E723685A0507D42369424631462846C1
:103A8000B84701302CD164E7BBF1650F40F2E0800C
:103A9000D4E9120100220023DCF7F8FF002834D01B
:103AA000374A012331462846B84701303FF451AF29
:103AB000DDE909239A4202DB2368D80710D518EE06
:103AC000103A524631462846B84701303FF441AFDC
:103AD0004FF0000804F11A090A9B013B434509DC39
:103AE00023689B0700F10581E0680B9B9842B8BFF3
:103AF000184630E701234A4631462846B847013088
:103B00003FF427AF08F10108E6E7099B002B39DCF9
:103B10001B4A012331462846B84701303FF419AF0C
:103B2000DDE90923134302D12368D907D8D518EE5C
:103B3000103A524631462846B84701303FF409AFA3
:103B40004FF0000904F11A0A099B5B424B4501DC66
:103B50000A9B92E70123524631462846B847013076
:103B60003FF4F7AE09F10109EEE700BFFFFFEF7F79
:103B7000C01C0408587E03085C7E0308C41C0408AB
:103B8000B88903080A9AA36D9A42A8BF1A46002A68
:103B9000914637DC4FF0000B29EAE97904F11A026B
:103BA000A36D0593A3EB09035B4533DCDDE9092332
:103BB0009A423BDB2368DA0738D40A9B059A0999B5
:103BC0009A1AA3EB01099145A8BF9146B9F1000FDC
:103BD00035DC4FF0000829EAE97904F11A0ADDE939
:103BE00009239B1AA3EB090343457FF779AF012310
:103BF000524631462846B84701303FF4AAAE08F194
:103C00000108ECE71346314642462846B8470130E2
:103C1000C0D19EE60123314628460592B8470130BF
:103C20003FF497AE059A0BF1010BB9E718EE103A85
:103C3000524631462846B8470130BED189E6059A3A
:103C40004B46424431462846B8470130C1D180E650
:103C50000A9A012A01DCDB0738D5012342463146A6
:103C60002846B84701303FF474AE18EE103A524679
:103C700031462846B84701303FF46BAED4E9120113
:103C800000220023DCF702FFD8B90A9B08F10102E9
:103C9000013B31462846B84701300ED159E6012391
:103CA000524631462846B84701303FF452AE08F13B
:103CB00001080A9B013B4345F1DC4B4604F15002ED
:103CC000DCE64FF0000804F11A0AF2E7012342464D
:103CD000DFE701234A4631462846B84701303FF422
:103CE00038AE08F10108E3680B995B1A4345F0DC34
:103CF000FAE64FF0000804F11909F4E72DE9F0475E
:103D0000164699468A680B69DDF820809342B8BF51
:103D10001346336091F8432007460C460AB101333D
:103D200033602368990642BF3368023333602568E5
:103D300015F0060506D104F1190AE36832689B1AEA
:103D4000AB4226DC94F84320131E226818BF0123DF
:103D500092062BD404F1430249463846C04701304D
:103D60001ED02368E568326803F00603042B08BF01
:103D7000AD1AA36822690CBF25EAE57500259342B8
:103D8000C4BF9B1AED1800261A34B5421AD1002080
:103D900008E00123524649463846C047013003D166
:103DA0004FF0FF30BDE8F0870135C6E7E1185A1C37
:103DB000302081F84300224494F8451082F84310E3
:103DC0000233C7E70123224649463846C04701303F
:103DD000E6D00136D9E700002DE9FF470F7E0C9DA4
:103DE000782F914680460C469A4601F1430207D847
:103DF000622F0AD8002F00F0D880582F00F0A3803F
:103E000004F1420584F842703AE0A7F16303152BF0
:103E1000F6D801A151F823F0713E0308853E03084E
:103E2000013E0308013E0308013E0308013E03086A
:103E3000853E0308013E0308013E0308013E0308D6
:103E4000013E0308913F0308B53E0308733F030892
:103E5000013E0308013E0308B33F0308013E030887
:103E6000B53E0308013E0308013E03087B3F0308FB
:103E70002B681A1D1B682A6004F1420584F8423041
:103E80000123A3E020682968060601F104030AD58E
:103E90000E682B60002E03DA2D23764284F843301F
:103EA0005E480A2319E00E682B6010F0400F18BF1F
:103EB00036B2EFE72B682068191D2960010601D58D
:103EC0001E6802E04606FBD51E8854486F2F0CBFC3
:103ED00008230A23002184F843106568A560002D9B
:103EE000A2BF216821F0040121600EB9002D4DD040
:103EF0001546B6FBF3F103FB1167C75D05F8017DBD
:103F00003746BB420E46F4D9082B0BD12368DE0797
:103F100008D5236961689942DEBF302305F8013C6A
:103F200005F1FF35521B2261CDF800A04B4603AAD4
:103F300021464046FFF7E2FE01304CD14FF0FF3002
:103F400004B0BDE8F087354881F8457029682368DA
:103F500051F8046B29601D0614D5DF0744BF43F0F8
:103F6000200323601EB9236823F02003236010235D
:103F7000B0E7236843F0200323607823284884F8BF
:103F80004530E3E7590648BFB6B2E6E71546BBE75A
:103F90002B6826686169181D286035061B6801D5E5
:103FA000196002E07006FBD51980002323611546D5
:103FB000BAE72B681A1D2A601D686268002128462E
:103FC000DDF7D6F808B1401B606063682361002309
:103FD00084F84330A8E723692A4649464046D0473B
:103FE0000130ABD023689B0713D4E068039B984251
:103FF000B8BF1846A4E70123324649464046D04799
:1040000001309BD00135E36803995B1AAB42F2DCC7
:10401000EBE7002504F11906F5E700BF681704086F
:10402000C81C040830B50B4D044614F8013B5A5D1A
:1040300002F00302012A11F8012BA85C00F0030032
:1040400008BF2033012808BF2032981A01D1002A66
:10405000EBD130BD2D1D0408C9B2034610F8012B69
:104060001AB18A42F9D118467047002918BF0023B7
:10407000F9E70000034611F8012B03F8012B002A91
:10408000F9D1704770B50F4E04460A448A4201D1F7
:10409000002013E014F8013B985D00F003000128B4
:1040A00011F8010B355C05F0030508BF2033012D25
:1040B00008BF20301B1A02D10028E7D170BD184676
:1040C000FCE700BF2D1D040810B57AB10346013985
:1040D000841813F8010B11F8012F904201D1A3426B
:1040E00001D1801A10BD0028F3D1FAE71046F9E794
:1040F00010B50139034632B111F8014F03F8014BF5
:10410000013A002CF7D11A440021934200D110BD8E
:1041100003F8011BF9E7000010B5024601448A428A
:10412000134603D01C780132002CF8D1181A10BDA8
:1041300070B504460D4645EC104B164602F090FC57
:1041400051EC100B7EB1C5F30A53C3F16B03002B86
:1041500009DD1B0503F17F55002405F540152246B6
:104160002B46DCF72BFA70BD2DE9F04F2DED028BBD
:104170009DB01F4600231893A24B13921B68059312
:10418000044618468846DDF74DF84FF0000A05460C
:104190004FF0000BCDF85C80179B1A782B2A4ED07D
:1041A0003BD80D2A34D8082A34D8002A3ED0002320
:1041B0000A93179E3378302B40F0B080737803F069
:1041C000DF03582B68D10A9B019318AB0297009329
:1041D0008D4A19AB17A9204601F0B2FD10F0070770
:1041E000054605D0062F2CD10136002317960A93D9
:1041F000139B002B40F090850A9BEBB152460BF1CC
:10420000004343EC102B1DB0BDEC028BBDE8F08FDA
:10421000202ACCD101331793BEE72D2AC7D1012222
:104220000A925A1C17925B78002BC2D1139BCDF8CF
:104230005C80002B40F06E8552465B46E1E7002231
:10424000EEE7189A3AB135211AA802F015FD18992F
:10425000204602F0D3F8013F042F06D8DFE807F02C
:104260000A0314170A00DDE91AAB2807C0D54BF082
:10427000004BBDE7DDE91AA3199A23F4801302F27B
:10428000334243EA025BF0E7DFF880B1EDE76FF01D
:10429000004B4FF0FF3AE8E7179B5A1C17925B78E8
:1042A000302BF9D0002BA3D001234FF00009049349
:1042B000179B0893CDF81C904F460A221798067852
:1042C000A6F13003D9B209292AD905992A46FFF760
:1042D000FBFE98B3002032463D4605900346652A12
:1042E00001D0452A18D11DB9049A02439ED0002559
:1042F000DDF85C8008F10102179298F801202B2A62
:1043000075D02D2A7BD04FF0000CA2F13001092985
:1043100040F28280CDF85C8000269DE00023C4E757
:10432000082FD8BF079900F10100DABF02FB013363
:10433000079302FB093901371790BFE7179B5A19FA
:1043400017925A5D002F37D005903D46A2F13003F9
:10435000092B12D90123C2E7179B5A1C17925A78CE
:104360000130302AF8D0A2F13103082B00F2D984B1
:10437000179B0590002008930546303A00F1010391
:1043800014D00599194405912B4600EB050E0A211E
:10439000734513D12B18082B05F1010505441CDCCE
:1043A00007990A2303FB012307930023179A511C43
:1043B000179152781846C9E73846D2E7082B04DC33
:1043C000079E4E4307960133E2E703F1010CBCF16F
:1043D000100FD8BF01FB09F9F5E7102DDCBF0A2348
:1043E00003FB0929E1E70023059301237CE74FF054
:1043F000000C08F10202179298F8022085E74FF0AE
:10440000010CF6E76C1F0408DC1C04080000F07FB8
:10441000179A511C17915278302AF9D0A2F1310124
:1044200008293FF679AFA2F1300E179A0692179A33
:10443000511C17915278A2F13006092E37D9069EE9
:10444000891B082944F61F6602DC7645A8BF76461C
:10445000BCF1000F00D07642002D4DD104990143EC
:104460007FF4C6AE002B7FF4E1AE692A27D024DCAE
:10447000492A24D04E2A7FF4D9AE9F4917A801F0CB
:10448000B7FE00283FF4D2AE179B1B78282B2DD106
:104490009A491AAA17A801F0BFFE052826D11B9B2E
:1044A000DDF868A043F0FF4B4BF4E00BA0E60A21D7
:1044B00001FB0E2EAEF1300EB9E76E2ADBE7904914
:1044C00017A801F095FE00283FF4B0AE179B8D4968
:1044D000013B17A8179301F08BFE10B9179B01330E
:1044E0001793DFF830B24FF0000A81E6864802F0F9
:1044F00009FC5BEC10AB7BE6059B0798F31A002FD9
:1045000008BF2F46102D0693A846A8BF4FF01008ED
:10451000DBF7DAFF092D82468B4613DD7B4B03EB7D
:10452000C80353E91223DCF749F8824648468B4614
:10453000DBF7CAFF02460B4650465946DBF788FEBA
:1045400082468B460F2D38DC069B002B3FF450AE85
:1045500024DD162B0BDC6D4901EBC301D1E9000111
:1045600052465B46DCF72AF882468B4640E6069ABE
:10457000C5F12503934220DB644CC5F10F0504EB24
:10458000C50152465B46D1E90001DCF717F8069BEE
:104590005D1B04EBC504D4E90023E3E7069B163357
:1045A0000BDB059B9E1B594B03EBC606D6E900238C
:1045B00050465946DCF72CF9D6E7069BA5EB0808D0
:1045C0009844B8F1000F74DD18F00F030AD04F497A
:1045D00001EBC30152465B46D1E90001DBF7EEFF78
:1045E00082468B4638F00F084FD0B8F59A7F22DD0F
:1045F00000252E46079505952223DFF818B1236084
:104600004FF0000A079B002B3FF4F2AD18992046AB
:1046100001F0F4FE0599204601F0F0FE31462046F7
:1046200001F0ECFE0799204601F0E8FE29462046FD
:1046300001F0E4FEDCE5364B049300234FEA281832
:10464000504659469946B8F1010F21DC0BB182461C
:104650008B462F4BABF1547B03EBC90952465B46AB
:10466000D9E90001DBF7AAFF2A4B0A460B402A4989
:104670008B428246BCD8A1F580118B4286BFDFF801
:104680009CB04FF0FF3A02F1547B0023049384E086
:1046900018F0010F05D0049BD3E90023DBF78EFF50
:1046A0000123049A083209F101094FEA68080492CB
:1046B000C9E7EAD0C8F1000818F00F020AD0134B7E
:1046C00003EBC20350465946D3E90023DCF7A0F8B8
:1046D00082468B465FEA2818D7D0B8F11F0F1FDD3E
:1046E00000252E460795059522234FF0000A4FF02E
:1046F000000B236086E700BF5D7E0308F01C040802
:10470000597E0308331E0408AE7E030828200408DF
:10471000002004080000F07F0000A07CFFFFEF7F76
:1047200018F0100318BF6A23DFF8AC9304935046C7
:104730005946002318F0010F04D0D9E90023DBF714
:104740003DFF01235FEA680809F10809F2D10BB1C6
:1047500082468B46049BC3B1CBF30A52C2F16B0372
:10476000002B594611DD1F2B40F32481342BDEBF73
:10477000C2F14B024FF0FF3303FA02F24FF0000A8E
:10478000CCBF4FF05C7B02EA010B002200235046B5
:104790005946DCF77BF90028A2D1079B00930899C2
:1047A0002B463A46204601F091FE079000283FF440
:1047B0001FAF059B9E1B069B002BB4BF33460023F7
:1047C0000C93069B002523EAE37312932E46079B66
:1047D0002046596801F0D2FD059000283FF40CAF47
:1047E000079B1A69023203F10C0192000C30FEF7AC
:1047F0005DFF4BEC10AB1AAA19A9204602F0ACF9E8
:104800004BEC18AB189000283FF4F6AE012120467F
:1048100001F0F6FE064600283FF4EEAE199B04991F
:10482000002BABBF0C9A129A129FDDF83090ACBFF0
:1048300003EB0209D71A1A9AA3EB01089044A14B83
:1048400008F1FF389845C2F1360280F2C780A3EB29
:1048500008031F2BA2EB03024FF0010100F3B1800C
:1048600001FA03F30D930023089309EB0208049B5C
:10487000C14517441F444B46A8BF4346BB42A8BF8F
:104880003B46002BC2BFA8EB0308FF1AA9EB0309A4
:104890000C9B002B17DD31461A46204601F070FFB5
:1048A000064600283FF4A8AE0146189A204601F0BB
:1048B000BDFE0B9000283FF49FAE1899204601F0F2
:1048C0009DFD0B9B1893B8F1000F00F38C80069BA5
:1048D000002B08DD129A0599204601F051FF059042
:1048E00000283FF489AE002F08DD05993A4620469E
:1048F00001F0A0FF059000283FF47EAEB9F1000F53
:1049000008DD31464A46204601F094FF064600285D
:104910003FF472AE059A1899204602F017F8054642
:1049200000283FF469AEC3680B930023C36031468F
:1049300001F0F0FF002860DA0B9B53EA0A0340F015
:104940008280CBF31303002B7DD12BF000431B0D92
:104950001B05B3F1D66F76D96B6913B92B69012B9F
:1049600071DD29460122204601F064FF31460546EB
:1049700001F0D0FF002866DD0499534A5B46002908
:1049800000F0818002EA0B01B1F1D66F7BDCB1F15E
:104990005C7F7FF7A9AE4D4B504659460022DBF7AE
:1049A0000DFE0B46034308BF222382468B4608BFF9
:1049B00023602BE64FF0FF3202FA03F303EA0A0A00
:1049C000E3E6C8F17F4808F57F0808F57B4808F161
:1049D000E20801FA08F308930D9146E700230893D3
:1049E00001230D9341E718994246204601F022FF2A
:1049F000189000287FF46BAFFEE55F466ED10B9AEE
:104A0000CBF3130342B3324A934228D1049B51465D
:104A1000EBB12D4B3B40B3F1D46F4FF0FF3219D8BF
:104A20001B0DC3F16B0302FA03F3994217D1294B13
:104A30009F4202D101313FF4DFAD234B3B4003F5F0
:104A4000801B4FF0000A049B002BA4D1DEE54FF041
:104A5000FF33EAE71346E8E753EA0A038CD0089BE2
:104A6000DBB13B42EFD00B9B049A50465946C3B191
:104A7000FFF75EFB02460B4651EC180BDBF7E8FB39
:104A800082468B46DFE71340A3F580136FEA135B82
:104A90006FEA0B5B4FF0FF3AD5E70D9B13EA0A0F65
:104AA000E0E7FFF745FB02460B4651EC180BDBF73E
:104AB000CDFB0022002382468B46DBF7E7FF002870
:104AC000C1D011E602FCFFFF0000F07F000050396A
:104AD000FFFF0F00FFFFEF7F041D0408314628464B
:104AE00002F096F859EC108B10EE100A00224FF0ED
:104AF00080434946DBF7DEFF00287AD00B9B002B72
:104B00004AD0954B0022CDE90823DFF84C924FF0B4
:104B10000008924B3B400D930D9A914B9A4240F006
:104B2000B080DDE90801A7F1547B4BEC10ABCDE977
:104B3000080101F095FFDDE9080153EC102BDBF7CC
:104B40003DFD52465B46DBF783FB0B468349854AB6
:104B500019409142824660D918EE903A02F154729F
:104B6000934204D118EE103A01333FF445ADDFF81B
:104B700000B24FF0FF3A1899204601F03FFC05992A
:104B8000204601F03BFC3146204601F037FC294627
:104B9000204601F033FC1AE6BAF1000F1BD1CBF32B
:104BA0001303F3B96C4B002240464946DBF778FF0C
:104BB000D0B9404649466C4B0022DBF7FFFC8046EB
:104BC000894609F10043CDF850801593DDE914239F
:104BD000CDE908239DE7BAF1010F02D1002F3FF480
:104BE00083AD624B00228EE7DFF87C914FF0000826
:104BF000E7E75D4B404649460022DBF7DFFC0B9BB5
:104C00008046894633B901F100430E900F93DDE9E8
:104C10000E23DDE7CDE90E89F9E703F1547B049B10
:104C2000002BA8D12BF000430D9A1B0D1B059A42B7
:104C3000A1D140464946DCF7FDFADBF791FC02467C
:104C40000B4640464946DBF701FB0B9ACBF31303B7
:104C500043EA0A0313438046894655D036A3D3E975
:104C60000023DBF71DFF00287FF4D0AC34A3D3E989
:104C7000002340464946DBF731FF00283FF47BAF75
:104C8000C4E4049B33B30D9BB3F1D46F22D82EA39D
:104C9000D3E9002340464946DBF70CFFA0B1494663
:104CA0004046DBF763FF012838BF0120DBF70CFC2F
:104CB0000B9B8046894623BB01F100431090119362
:104CC000DDE91023CDE90823099B0D9A03F1D66392
:104CD0009B1A0993DDE90801B0EE480AF0EE680A74
:104CE000CDE9080101F0BCFEDDE9080153EC102B11
:104CF000DBF764FC53EC182BDBF7AAFA82468B46F1
:104D00008DE7CDE91089DBE711A3D3E90023DBF7B9
:104D1000C7FEB2E700230A93139A179B1360FFF7AD
:104D20006BBA652A3FF45FAB452A3FF45CAB0123C5
:104D3000FFF794BBAFF300809535A094FFFFDF3FF2
:104D400035E5AF350000E03F0000C0FFFFFFDF4169
:104D50009535A094FFFFCF3F0000F03F0000F07FAB
:104D60000000E07FFFFF9F7C0000E03F0000F0BFFD
:104D7000FFFFEF7F2DE9F041DFF8AC80264B0A46BC
:104D80002DED028B0146D8F80000FFF7EDF955EC48
:104D9000104B10EE102A10EE100A2B462946DBF7B6
:104DA000A7FE90B1002D1D4809DAFEF7E3FBB1EE36
:104DB000408AB0EE480ABDEC028BBDE8F081BDEC44
:104DC000028BBDE8F041FEF7D5BB20462946DBF754
:104DD000EDFE08EE100ADFED127AB0EEC87AB4EEFE
:104DE000677AF1EE10FAE4DD25F000470D4B4FF045
:104DF000FF3220463946DBF77BFE40B9094B4FF0C6
:104E0000FF3220463946DBF755FE0028D1D0D8F8CE
:104E1000003022221A60CCE77C240020AE7E0308FA
:104E2000FFFF7F7FFFFFEF7F14240020F0B508B95C
:104E3000106888B10446204614F8015B0F4617F845
:104E4000016B1EB965B91560284605E0B542F6D17B
:104E5000002BF0D114600370F0BD1C460CE015B9B6
:104E600014F8013B0E4616F8015BAB42F7D1002B5C
:104E7000F3D0002304F8013C1460EDE70123FFF7B1
:104E8000D5BF00002DE9F043364F86460D46284633
:104E900015F8014BE65D16F00806F8D12D2C2FD140
:104EA0002C780126851C002B57D0102B09D1302CD3
:104EB00007D1287800F0DF00582849D16C781023FA
:104EC00002354FF0FF380027B8FBF3F803FB08F971
:104ED0006FEA09093846A4F1300CBCF1090F14D867
:104EE0006446A34222DD002F1DDB80451BD301D188
:104EF000A14518DB00FB0340012715F8014BEAE749
:104F00002B2C04BF2C78851CCDE7A4F1410CBCF1FF
:104F1000190F01D8373CE4E7A4F1610CBCF1190F7B
:104F200004D8573CDDE74FF0FF37E6E7002F07DAFC
:104F30002223CEF800304FF0FF3032B9BDE8F083C5
:104F400006B14042002AF9D007B1691E1160F5E7A9
:104F50003024002BB5D10823B3E7302CA9D00A2385
:104F6000AFE700BF2D1D040813460A46014602485C
:104F70000068FFF787BF00BF142400202DE9F74F1A
:104F800003690C69A3420746C0F28180013C01F12C
:104F9000140800F1140505EB8403019358F824303C
:104FA00055F8242001339A424FEA840B08EB840918
:104FB000B2FBF3F631D34FF0000E4046AC46F2465A
:104FC00050F8042B93B206FB03E34FEA134E9BB257
:104FD000AAEB0303120CDCF800A006FB02E213FAB2
:104FE0008AF34FEA124E1FFA82FADCF80020CAEB6D
:104FF000124202EB23429BB243EA024381454CF842
:10500000043B4FEA224ADBD255F80B302BB9019B07
:10501000043B9D421A462ED33C61384601F07AFC8F
:10502000002824DB013628464FF0000C58F8042BEA
:10503000D0F800E093B2ACEB0303120C13FA8EF33A
:10504000C2EB1E4202EB23429BB243EA0243C1453C
:1050500040F8043B4FEA224CE8D255F8242005EBF7
:10506000840322B9043B9D421A460AD33C61304670
:1050700003B0BDE8F08F1268043B002ACCD1013C9C
:10508000C7E71268043B002AF0D1013CEBE700209F
:10509000EEE700002DE9F04F2DED048B57EC106B7F
:1050A00093B0456ADDF88080069110EE10AA0446A0
:1050B00009920C93BB4675B91020FBF7A1FF02467D
:1050C000606220B9A74BEA21A74801F031FEC0E990
:1050D00001550560C560636A196851B15A684A6034
:1050E000012393408B60204601F088F9636A002217
:1050F0001A603B1EAABF002323F0004BC8F8003003
:105100009A4BBCBF0122C8F8002033EA0B031BD125
:105110000C9A42F20F731360CBF31303334300F086
:105120009285219B63B9924B22E0924B0193083305
:10513000219A1360019813B0BDEC048BBDE8F08F89
:105140008B4B01930333F3E700220023504659466B
:10515000DBF79CFC4BEC19AB804658B10C9A012351
:105160001360219B002B00F06B8583481860431E61
:105170000193DFE74BEC10AB10AA11A9204601F018
:10518000EBFCCBF30A5508EE100A002D00F08480EA
:1051900019EE903AC3F3130343F07F57564647F492
:1051A0004017A5F2FF35CDF83880744B0022304609
:1051B0003946DBF74BF865A3D3E90023DBF7FEF9AB
:1051C00064A3D3E90023DBF743F8064628460F46DD
:1051D000DBF78AF961A3D3E90023DBF7EFF9024695
:1051E0000B4630463946DBF733F806460F46DBF709
:1051F00095FC00220090002330463946DBF750FC36
:1052000050B10098DBF770F932463B46DBF73EFCC5
:1052100010B9009B013B0093009B162B5AD8009AB3
:10522000574B03EBC203D3E9002351EC190BDBF717
:1052300037FC002850D0009B013B009300230B93C8
:10524000109B5D1B6B1E059345BFC5F101030493C5
:10525000002300234CBF05930493009B002B3DDBF0
:10526000059B009A0A921344059300230793069B1B
:10527000092B00F28980052BC4BF043B0693069BD3
:10528000A3F10203CCBF00250125032B00F2878088
:10529000DFE803F02D3A3859DDE910531D4405F2DB
:1052A0003243202BC1BFC3F1400305F212400BFA79
:1052B00003F326FA00F0DABFC3F1200306FA03F085
:1052C0001843DBF701F901230646A1F1F877013D08
:1052D0000E936AE70123B2E70B90B1E7049B009AB3
:1052E0009B1A04935342079300230A93BFE70023BA
:1052F0000893099B002B55DC0123CDE902331A46A4
:1053000009920CE00123F3E70023099A0893009B1C
:10531000134402930133012B0393B8BF0123606A46
:1053200000224260042202F114069E4241683DD9E7
:10533000204601F023F8019000283BD1114B024692
:105340004FF4D571C0E60123DFE700BF61436F630F
:10535000A787D23FB3C8608B288AC63FFB799F508E
:105360001344D33F3D1E0408541E04080000F07F80
:10537000391E0408301E0408B98903080000F83FEC
:1053800028200408D11E040801250023069308954F
:105390004FF0FF33CDE9023300221223B0E701239F
:1053A0000893F5E7099BCDE90233B8E70131416085
:1053B0005200B8E7636A019A1A60039B0E2B00F251
:1053C0009D80002D00F09A80009B002B32DDB74AB3
:1053D00003F00F0302EBC303D3E90089009BD80558
:1053E0004FEA231716D5B24B51EC190BD3E908231A
:1053F000DBF70EFA07F00F0782468B460325AC4E0B
:1054000057B942464B4650465946DBF701FA8246A9
:105410008B4628E00225F2E7F90708D540464946C1
:10542000D6E90023DBF7CAF80135804689467F10AC
:105430000836E5E700F09B80009B9D4F5E429B4B4A
:1054400006F00F0203EBC203D3E9002351EC190B62
:10545000DBF7B4F8361182468B4600230225002E76
:105460007AD1002BD3D10B9B002B00F08280914B83
:10547000002250465946DBF713FB002879D0039BE6
:10548000002B76D0029B002B36DD009B5046594600
:105490005F1E0022884BDBF791F8029E82468B4606
:1054A00001352846DBF720F852465B46DBF786F8E5
:1054B000824B0022DAF7CCFED046D9468246A1F1D3
:1054C000507B002E58D17E4B002240464946DAF7E9
:1054D000BDFE52465B4680468946DBF7FFFA002850
:1054E00040F0958252460BF1004340464946DBF7B7
:1054F000D7FA002840F089825BEC19AB119B002B96
:10550000C0F24881009A0E2A00F34481674B03EBF6
:10551000C203D3E90089099B002B80F2D580039B4D
:10552000002B00F3D18040F06F82654B0022404693
:105530004946DBF743F852465B46DBF7C5FA039E64
:105540003746002840F04582019D312305F8013B94
:10555000009B0133009340E2F20705D5D7E9002311
:10556000DBF72CF8013501237610083777E70225A1
:1055700079E7009F039E94E701994C4B31440D91CC
:10558000089903EBC60353E90223002943D04D4990
:105590000020DBF73DF952465B46DAF757FE019DE6
:1055A00082468B4649464046DBF7B8FA0646DAF7AC
:1055B0009BFF02460B4640464946DAF747FE303627
:1055C00005F8016B52465B4680468946DBF768FA70
:1055D000002863D142464B4636490020DAF736FEB2
:1055E00052465B46DBF75CFA002840F0B5800D9B25
:1055F0009D4281D0304B002250465946DAF7DEFFFB
:105600002D4B82468B46404649460022DAF7D6FFAC
:1056100080468946C6E750465946DAF7CFFF0D9BCC
:10562000019D0F9382468B4649464046DBF776FA4A
:105630000646DAF759FF303602460B4640464946E1
:10564000DAF704FE05F8016B0D9B9D428046894602
:105650004FF0000224D11B4B50465946DAF7F8FDB3
:1056600002460B4640464946DBF738FA002873D11C
:1056700052465B4613490020DAF7E8FD02460B4626
:1056800040464946DBF70CFA00283FF435AF0F9D42
:105690006B1E0F9315F8013C302BF8D0009749E0B2
:1056A000054BDAF78BFF80468946BDE728200408C2
:1056B000002004080000F03F0000244000001C40CF
:1056C000000014400000E03F019D56465F46424600
:1056D0004B4630463946DBF79BF8DBF71FFA82462C
:1056E000DAF702FF42464B46DAF768FF02460B46FE
:1056F000304639460AF13006DAF7A8FD05F8016BA5
:10570000019E039FAE1BB74202460B4635D1DAF726
:105710009FFD42464B4606460F46DBF7DFF9D0B900
:1057200042464B4630463946DBF7B0F910B11AF025
:10573000010F10D1204618EE101A00F05FFE002372
:1057400000982B700C9B01301860219B002B3FF4BC
:10575000F1AC1D60EEE4009F2B461D4613F8012DB1
:10576000392A06D1019A9A42F7D10199302201379C
:105770000A701A7801321A7090E7A64B0022DAF705
:105780001DFF0022002306460F46DBF77FF90028A5
:105790009DD0CFE7089A002A00F0D780069A012A08
:1057A00000F3BA800E9A002A00F0B28003F233436D
:1057B000079E049D049A1A440492059A01211A44F2
:1057C0002046059200F01CFF0746002D0CDD059BCE
:1057D000002B09DDAB42049AA8BF2B46D21A0492D3
:1057E000059AED1AD31A0593079B1BB3089B002B50
:1057F00000F0AF80002E13DD39463246204600F01F
:10580000BFFF18EE102A01460746204600F00EFFA3
:1058100018EE101A8046204600F0F0FD08EE108ABF
:10582000079B9A1B06D018EE101A204600F0A8FF1E
:1058300008EE100A0121204600F0E2FE0A9B002B30
:10584000064640F388801A460146204600F098FF3D
:10585000069B012B064640F381804FF00008336918
:1058600006EB8303186900F07BFEC0F12000059B66
:10587000184410F01F0000F09280C0F12003042BA8
:1058800040F38A80C0F11C00049B03440493059BF1
:10589000034405440593049B002B07DD18EE101A02
:1058A0001A46204600F0C6FF08EE100A059B002BA2
:1058B00005DD31461A46204600F0BCFF06460B9B2C
:1058C000002B6ED018EE100A314601F023F80028A4
:1058D00067DA009B013B18EE101A00930A2200239E
:1058E000204600F0ADFD089B08EE100A002B00F0EA
:1058F000B181002339460A22204600F0A1FD029B17
:10590000002B074600F38E80069B022B51DC89E0BA
:10591000109BC3F136034BE7039B5E1E079BB3420C
:10592000BFBF079B0796F21A0A9BB6BF9B189E1B28
:105930000A93039BB8BF0026002BB7BFDDE9032302
:10594000DDE903359D1A002334E7079E049D089F77
:105950003BE7079A67E7069B012B18DCBAF1000FBB
:1059600015D1CBF3130393B92BF000431B0D1B058B
:1059700083B1049B01330493059B013305934FF0DE
:1059800001080A9B002B7FF46AAF01206FE74FF0FC
:105990000008F6E79846F4E73FF47DAF18461C3060
:1059A00072E7039B002B37DC069B022B34DD039B45
:1059B0000293029B6BB931460522204600F040FD60
:1059C0000146064618EE100A00F0A4FF00283FF733
:1059D000BBAD099B019DDB4300934FF000083146AE
:1059E000204600F00BFD002F3FF4A4AEB8F1000FED
:1059F00005D0B84503D04146204600F0FFFC3946AB
:105A0000204600F0FBFC95E600263746E1E70097CC
:105A1000374699E500002440089B002B00F0CA801F
:105A2000039B0293002D05DD39462A46204600F0EF
:105A300001FF0746B8F1000F5BD07968204600F0FF
:105A40009DFC054628B9874B024640F2EA21FFF744
:105A50003BBB3A690232920007F10C010C30FDF7B2
:105A600025FE01222946204600F0E4FE019B03F1B9
:105A70000109DDE90123134405930AF00103B84647
:105A800004930746314618EE100AFFF777FA4146AD
:105A9000029000F1300A18EE100A00F03BFF3A467F
:105AA00003903146204600F051FFC26809F1FF3BE8
:105AB000054602BB014618EE100A00F02BFF024615
:105AC00029462046079200F099FCDDE9063243EAB8
:105AD0000201049B0B434D460FD1BAF1390F2AD076
:105AE000039B002B02DD029B03F1310A8BF800A01F
:105AF00075E73846BAE70122E2E7039B002B04DB97
:105B000006990B4304990B4322D1002AEEDD18EECF
:105B1000101A0122204600F08DFE314608EE100AD0
:105B200000F0F8FE002803DCE0D11AF0010FDDD010
:105B3000BAF1390FD7D139238BF800302B461D46E7
:105B4000013B15F8012C392A71D001321A7046E751
:105B5000002A07DDBAF1390FEDD00AF101038BF805
:105B600000303CE7059B09F801AC994547D018EE99
:105B7000101A00230A22204600F062FCB84508EE05
:105B8000100A4FF000034FF00A024146204606D1AA
:105B900000F056FC8046074609F1010972E700F063
:105BA0004FFC3946804600230A22204600F048FC7C
:105BB0000746F1E7039B0293019D18EE100A314658
:105BC000FFF7DCF900F1300A019B05F801ABEA1A96
:105BD000029B934209DD18EE101A00230A22204688
:105BE00000F02EFC08EE100AE7E7029B002BC8BF6E
:105BF0001D46019BD8BF01251D444FF0000818EE3B
:105C0000101A0122204600F015FE314608EE100A57
:105C100000F080FE002891DC02D11AF0010F8DD136
:105C20002B461D4613F8012D302AFAD0D7E6019AEB
:105C30009A4284D1009B0133009331231370CEE646
:105C4000094BFFF795BA219B002B7FF46EAA074BF7
:105C5000FFF78EBA029B002BAEDC069B022B3FF7B0
:105C6000A8AEA9E7D11E0408B8890308301E0408AD
:105C70000369B3EB611F2DE9F0434FEA611200F1B4
:105C8000140445DD11F01F0104EB830604EB8205CB
:105C90000CD100F110072946B14234D39B1A9B0066
:105CA000EA1E964238BF0023234415E054F82270C0
:105CB000C1F12008CF4005F1040EA1467645F44617
:105CC00015D89A1A9200043A0135AE4238BF002224
:105CD000A318A75007B104331A1BA3424FEAA2022C
:105CE00008BF0023026108BF4361BDE8F083DCF810
:105CF00000C00CFA08FC4CEA070749F8047B5EF880
:105D0000047BCF40DAE751F804CB47F804CFC3E770
:105D10002346E1E7A0F13003092B02D82038C0B2B6
:105D20007047A0F16103052B01D84738F7E7A0F1D0
:105D30004103052B01D82738F1E700207047000008
:105D40002DE9F04F2DED028B89B008EE100A049377
:105D5000B44B1B68019318468B469046DBF762FAFA
:105D6000019BDBF800200344824613F8013C0593B5
:105D7000931CC2F1FF2202F57F02FE32D1181F46AA
:105D800013F8010B00913028F8D0FFF7C3FF044649
:105D900000283AD1019952463846FEF795F9054652
:105DA000002868D117F80A0007EB0A06FFF7B2FFD0
:105DB000002862D03346187830281F4603F10103CB
:105DC000F9D0FFF7A7FF0123B0FA80F46409354644
:105DD00000933A46164601323078FFF79BFF0028C1
:105DE000F8D1019952463046FEF76EF980B94DB9A7
:105DF00006EB0A052A46164601323078FFF78AFF7D
:105E00000028F8D1AD1BAD0004E000242546E0E7F2
:105E1000002DF7D1337803F0DF03502B3BD173789B
:105E20002B2B2CD02D2B2ED0711C4FF00009087875
:105E3000FFF770FF431EDBB2182B2CD8A0F1100225
:105E400011F8010FFFF766FF431EDBB2182B1DD9B7
:105E5000B9F1000F00D052421544CBF80010E4B164
:105E6000009B002B14BF00270627384609B0BDEC65
:105E7000028BBDE8F08F3E4625460124CAE74FF06D
:105E80000009B11CD3E74FF00109FAE70A2303FB2D
:105E90000202103AD4E73146DFE7F31B013B21460B
:105EA000072B0BDC18EE100A00F068FA044640B924
:105EB0005D4B0246DE215D4800F03AFF01315B1088
:105EC000EEE700F114094FF0000BCAF10103CDF821
:105ED0000890CDF800B00693B74240D30298009BDB
:105EE00040F8043BA0EB09008010460120611846F1
:105EF00000F036FB301AD8F80060B04263DD871B33
:105F00003946204600F0DCFE8246A8B17B1E5911BE
:105F100003F01F0259F821104FF0010A0AFA02F2A9
:105F20000A4209D0534505DDB91E204600F0C8FEDF
:105F3000002845D14FF0020A39462046FFF798FE67
:105F40003D44D8F80830AB424CDA18EE100A21462E
:105F500000F054FA149A00231360A32785E7731EF8
:105F6000059A039316F8013C934219D0BBF1200F18
:105F700007D1029B009A43F8042B0293002300935D
:105F80009B4616F8010CFFF7C5FE009B00F00F00C2
:105F900000FA0BF0034300930BF1040B039B0DE09D
:105FA000039B069A1344BB42E0D31846019907931A
:105FB0005246FEF789F8079B0028D7D11E468BE78B
:105FC0004FF0030AB8E70ADA371A214618EE100A2A
:105FD0003A4600F02FFCED1B044600F114094FF087
:105FE000000AAEE7D8F80400A84272DD451BAE42B5
:105FF00036DCD8F80C30022B2AD0032B2CD0012B06
:106000001CD1AE421AD1012E12D1049AD8F8043014
:10601000136001232361C9F80030149B62271C60C0
:1060200023E700BF6C1F0408D11E0408E41E040807
:10603000711E204600F044FE0028E6D118EE100A3A
:10604000214600F0DBF9149A0023136050270CE777
:10605000159B002BF2D1D8E7159B002BD5D1EDE78E
:106060006F1EBAF1000F31D127B13946204600F03A
:1060700027FE82467B11012159F8233007F01F07C4
:1060800001FA07F71F422946204618BF4AF0020AC4
:10609000761BFFF7EDFDD8F804500227BAF1000F88
:1060A00048D0D8F80C30022B15D0032B17D0012B79
:1060B00009D11AF0020F06D0D9F800004AEA000A06
:1060C0001AF0010F0ED147F0100733E04FF0010A2C
:1060D000D0E70127E2E7159BC3F101031593159B58
:1060E000002BF0D0D4F810B004F114034FEA8B0A5F
:1060F00003EB8B014FF0000C184653F8042BB2F160
:10610000FF3F1CD001320260022F04F114033FD183
:10611000D8F80020013AB2420AD17111012253F895
:10612000213006F01F0602FA06F61E4218BF174677
:1061300047F02007149B1C60049B1D6095E6994264
:1061400043F804CCD8D8A3689B4519DB616818EEE6
:10615000100A013100F012F9814618B91A4B0246B3
:106160008421A8E62269023204F10C0192000C306D
:10617000FDF79CFA214618EE100A00F03FF94C4654
:1061800023695A1C04EB8303226101225A61BBE795
:1061900022695A450BDD01212046FFF769FDD8F839
:1061A00008300135AB42FFF6D0AE0127C0E716F04C
:1061B0001F06FAD05344C6F1200653F8040C00F031
:1061C000CFF9B042E7DBF0E7D11E0408C2F10802C4
:1061D000920070B5C2F120064368046803FA06F520
:1061E0002C43D340046040F8043F8842F4D370BD90
:1061F00030B50368013311F8014B14B90360012075
:1062000030BD13F8012BA2F14105192D98BF2032A2
:10621000A242F0D00020F3E72DE9F04F0B685E11A9
:1062200002EB860613F01F0387B018BF0436002563
:10623000371F904602680193824646F8045CB946CF
:106240003C460295AB465178531C039341B3084634
:1062500005920491FFF75EFD00284FD10499059A3D
:10626000202918D8029B9B4513DD4C4506D2072DEB
:1062700004DC2A4649462046FFF7A8FF444550D98A
:106280000023A4F1040944F8043CCDF808B04C46BE
:106290001D46039AD7E7292956D10232CAF80020B1
:1062A000BBF1000F50D04C4506D2072D04DC2A4626
:1062B00049462046FFF78AFF444534D9A8F1040235
:1062C000234653F8041B42F8041F9F42F9D23B1B9C
:1062D00023F0030304330134033EB44288BF042394
:1062E0004344002243F8042B9F42FBD23B681BB976
:1062F000474527D101233B60052026E00135082DC5
:106300000BF1010B06DD4445C3D9002344F8043CDE
:106310000125043C226800F00F0040EA02122260CE
:10632000B7E70825B5E7019B002BDFD04FF0FF3220
:10633000C3F1200322FA03F356F8042C1A4046F85E
:10634000042CD3E7043FD1E7042007B0BDE8F08F69
:10635000004870476C25002082B001B901A942B104
:106360004BB113780B601278101E18BF012002B0D9
:1063700070471046FBE76FF00100F8E770B5466A1A
:1063800004460D4676B91020FAF73AFE02466062DE
:1063900020B9184B1848662100F0CAFCC0E9016614
:1063A0000660C660666AF36883B1636ADB6853F8A7
:1063B0002500B8B9012101FA05F6721D92002046A8
:1063C000FAF7A2FE60B1C0E901560EE021220421D5
:1063D0002046FAF799FE636AF060DB68002BE4D18F
:1063E000002070BD026843F825200023C0E9033374
:1063F000F7E700BF3D1E0408801F040870B5466A19
:1064000005460C4676B91020FAF7FAFD0246686296
:1064100020B9094B09488A2100F08AFCC0E90166CD
:106420000660C6603CB16B6A6268DB6853F8221094
:10643000216043F8224070BD3D1E0408801F0408FF
:106440002DE9F0410D6907460C461E4601F1140C7A
:106450000020DCF8003099B202FB01611E0C0B0C2D
:1064600002FB063389B2013001EB034185424CF84F
:10647000041B4FEA1346ECDC0EB3A368AB4219DCF5
:10648000616838460131FFF779FF804628B9024636
:106490000C4B0D48B52100F04BFC2269023204F18F
:1064A0000C0192000C30FDF701F921463846FFF748
:1064B000A5FF444604EB850301355E612561204656
:1064C000BDE8F081D11E0408801F04082DE9F843BF
:1064D0000C4615461F4609220833064693FBF2F385
:1064E000002101229A4209DB3046FFF747FF40B9FD
:1064F0000246194B1948CE2100F01AFC5200013116
:10650000F0E7089B4361092D4FF00103036116DD9D
:1065100004F10909C8462C4418F8013B0146303BF8
:106520000A223046FFF78CFFA045F5D1A5F10804FB
:106530004C442D1B6319BB4204DBBDE8F8830A34CD
:106540000925F6E714F8013B0146303B0A223046A4
:10655000FFF776FFEEE700BFD11E0408801F040896
:10656000030C1B04D3B90004102310F07F4F04BFA9
:106570000002083310F0704F04BF0001043310F024
:10658000404F04BF80000233002805DB10F0804F2D
:1065900003F1010308BF2023184670470023E4E7F6
:1065A000036813F0070201460BD0DA0723D49807DB
:1065B00049BF5B089B0801200B605CBF0B60022099
:1065C000704798B2A8B91B0C1020DAB20AB908308B
:1065D0001B0A1A0704BF1B0904309A0704BF9B0853
:1065E0000230DA0703D45B0800F1010005D00B602C
:1065F00070471046E9E700207047202070470000F0
:1066000010B50C460121FFF7B9FE024628B9054B2B
:1066100005484FF4A07100F08BFB01234461036136
:1066200010BD00BFD11E0408801F04082DE9F04FE3
:1066300091460A69D9F810309A42B8BF0B460C4609
:10664000BCBF4C4699462769D9F810A0A368616879
:1066500007EB0A06B34285B0B8BF0131FFF78EFEE3
:1066600030B90246444B454840F25D1100F060FBF2
:1066700000F1140505EB86082B460022434521D383
:1066800004F1140303EB870709F1140303EB8A02F7
:1066900002923A1B153A22F00302043204F115016A
:1066A0008F4238BF04220192029A03939A420CD877
:1066B000002E03DD58F8043D002B5AD0066105B0CA
:1066C000BDE8F08F43F8042BD8E7B3F800A0BAF187
:1066D000000F24D004F1140EA9464FF0000C5EF810
:1066E000042BD9F800101FFA82FB89B20AFB0B11A8
:1066F0004FEA124BD9F8002061444FEA124C0AFBD2
:106700000BC202EB114289B241EA0241774549F8D6
:10671000041B4FEA124CE2D8019A45F802C0039AD2
:10672000B2F802900433B9F1000F20D0296804F1C7
:10673000140CAE464FF0000ABCF800B0BEF80220C0
:1067400009FB0B22924489B241EA0A414EF8041B2C
:106750005CF8042BBEF80010120C09FB021101EBCF
:106760001A4167454FEA114AE6D8019AA950043503
:106770009AE7013E9CE700BFD11E0408801F040871
:106780002DE9F843154612F0030206460F4607D0DE
:10679000254C013A002354F82220FFF751FE07460A
:1067A000AD103DD0746A7CB91020FAF729FC02467E
:1067B000706228B91D4B1E484FF4D77100F0B8FA2B
:1067C000C0E901440460C460D6F82480D8F80840C9
:1067D0004CB940F271213046FFF712FF0023C8F890
:1067E0000800044603604FF00009EB070AD539465C
:1067F00022463046FFF71AFF394680463046FFF7FB
:10680000FDFD47466D100BD0206838B92246214661
:106810003046FFF70BFF2060C0F800900446E4E725
:106820003846BDE8F88300BFF02004083D1E040888
:10683000801F04082DE9F0470C464968236903EBE3
:106840006218A368074691464FEA621A08F10106EA
:10685000B3420BDB3846FFF791FD054648B90246C7
:106860002A4B2B4840F2D91100F062FA01315B004B
:10687000EEE7002300F1140100F110021846534521
:1068800037DB20692AEAEA7A04F1140319F01F09B8
:1068900001EB8A0103EB80002FD0C9F1200E8A465C
:1068A0004FF0000C1A6802FA09F242EA0C024AF8A8
:1068B000042B53F8042B984222FA0EFCF2D8031B47
:1068C000153B23F00303043304F11502904238BF53
:1068D000042341F803C0BCF1000F01D008F1020607
:1068E000013E38462E612146FFF788FD2846BDE867
:1068F000F08742F8040F0133C1E7043953F8042B41
:1069000041F8042F9842F9D8EAE700BFD11E0408E5
:10691000801F040830B502690C69121B0ED100F10A
:106920001403143103EB840001EB840150F8045D7F
:1069300051F8044DA54203D005D30122104630BDC5
:106940008342F3D3FAE74FF0FF32F7E72DE9F84F30
:106950000C460646114620469046FFF7DBFF051E13
:1069600010D129463046FFF709FD30B93A4B0246AF
:1069700040F23221394800F0DBF90123C0E9043547
:10698000BDE8F88FA4BF4346A0463046D8F80410AF
:10699000A6BF1C4600250125FFF7F0FC20B92E4BB1
:1069A00002464FF41071E5E7D8F810702669C5600B
:1069B00004F1140908F1140500F1140E05EB870C1D
:1069C00009EB860608F11002F246002159F8043B53
:1069D00052F804BF1FFA83F811FA8BF11B0CA1EBDC
:1069E0000808C3EB1B4303EB28431FFA88F819146C
:1069F0004E4548EA03434AF8043BE7D8331B153BAE
:106A000023F0030304331534A64238BF04231D4486
:106A100073449E462E4666450ED30CF10302521B6C
:106A200022F00302033DAC4538BF00221A4452F85D
:106A3000043D7BB10761A3E756F8048B11FA88F295
:106A4000141404EB184492B242EA04424EF8042BA8
:106A50002114E0E7013FEAE7D11E0408801F040883
:106A600082B08DED000B019B12491940A1F15071CC
:106A7000002905DD00220B4643EC102B02B07047C5
:106A80004942B1F1A07F4FEA21504FF000024FF090
:106A9000000304DA4FF4002141FA00F3ECE7A0F11F
:106AA00014011E29DABF4FF0004020FA01F1012144
:106AB0000A46E1E70000F07FF8B5056900F1140728
:106AC00007EB85052E1F55F8044C2046FFF748FDBF
:106AD000C0F120030A28DFF87CC00B6014DCC0F191
:106AE0000B0E24FA0EF1B74241EA0C0334BF55F8FD
:106AF000081C0021153004FA00F021FA0EF140EADA
:106B0000010243EC102BF8BDB7423ABF55F8081C00
:106B1000A5F1080600210B3817D0C0F1200C04FAAB
:106B200000F5BE4221FA0CF445EA04058CBF56F884
:106B3000044C002445F07F5301FA00F024FA0CF4D1
:106B400043F4401340EA0402DBE744EA0C030A463C
:106B5000D7E700BF0000F03F2DE9F7438946012148
:106B600057EC106B9046FFF709FC044630B902461B
:106B7000254B264840F20A3100F0DAF8C7F30A55EF
:106B8000C7F3130335BB002E019328D06846009647
:106B9000FFF706FD009900B3019AC0F1200302FA45
:106BA00003F30B43C24063610192019BA361002B7D
:106BB00014BF022201222261D5B1A5F2334505445A
:106BC000C9F80050C0F13500C8F80000204603B0F5
:106BD000BDE8F08343F48013D5E76161E5E701A8E0
:106BE000FFF7DEFC019B6361012222612030E3E7B5
:106BF00004EB8203A0F23240C9F800001869FFF7E5
:106C0000AFFCC0EB4210DFE7D11E0408801F040870
:106C10002DE9F74F884669468146FFF74DFF01A9E8
:106C2000404655EC104BFFF747FFD9F81030D8F825
:106C30001020A3EB020CDDE900329B1A03EB4C138E
:106C400051EC100B002BD6BF0A462A46C3EB033388
:106C50008B462F46D4BF02EB035B02EB0357204663
:106C600010EE102A5B463946D9F7D2FD41EC100BE5
:106C700003B0BDE8F08F0000013970B54911146907
:106C8000013102F1140300EB810103EB8404051FC1
:106C9000A3420CD3A31A113B23F003031132A242E7
:106CA00088BF002318440023884205D370BD53F8E1
:106CB000046B45F8046FEBE740F8043BF4E7000091
:106CC00000F1140200694B11984210B511DB0ADD86
:106CD00011F01F0107D052F8234024FA01F000FA06
:106CE00001F18C420BD102EB8303934203D80020C5
:106CF00010BD0346F7E753F8041D0029F5D0012025
:106D0000F6E700009FED010B704700BF0000000098
:106D10000000F87F49B1FF2A85BF8A2303600A700B
:106D20004FF0FF3098BF01207047084670470000C1
:106D30001FB514461A46094B1B680546D8684CB166
:106D4000074B0091CDE9013406492B4600F00EF8BF
:106D500000F038FA044B1C46F3E700BF142400206F
:106D6000FC20040809210408AE7E03080EB403B514
:106D7000014603AB054853F8042B0068019300F06B
:106D800031F802B05DF804EB03B070471424002022
:106D90009368013B002B10B4936008DA9469A34216
:106DA00001DB0A2903D15DF8044B00F04BB91368ED
:106DB000581C1060197008465DF8044B70470000BD
:106DC000F8B506460F461446D518AC4201D100204E
:106DD00007E014F8011B3A463046FFF7D9FF431C81
:106DE000F3D1F8BD2DE9F04F0D469DB014469846FD
:106DF000064618B183690BB900F006FB894B9D422A
:106E00001BD175686B6ED90705D4AB899A0502D47E
:106E1000A86D00F099FBAB891B0701D52B69EBB975
:106E20002946304600F060F9C0B16B6EDC070ED524
:106E30004FF0FF301DB0BDE8F08F7B4B9D4201D17C
:106E4000B568DFE7794B9D4208BFF568DAE7AB89A3
:106E50009805EDD4A86D00F079FBE9E700230993CC
:106E600020238DF82930CDF80C803023DFF8C08145
:106E70008DF82A304FF0010923469A4613F8012B6A
:106E80000AB1252AF9D1BAEB040B0BD05B46224696
:106E900029463046FFF794FF013000F0AA80099A96
:106EA0005A4409929AF80030002B00F0A280002387
:106EB0004FF0FF32CDE905230AF1010A049307934D
:106EC0008DF853301A935446052214F8011B584884
:106ED000DAF74EF9049AD8B9D10644BF20238DF8C9
:106EE0005330130744BF2B238DF853309AF80030EA
:106EF0002A2B15D0079A544600204FF00A0C214641
:106F000011F8013B303B092B4ED9B0B1079214E088
:106F1000A0EB080309FA03F313430493A246D2E754
:106F2000039B191D1B680391002BBBBF5B4242F002
:106F3000020207930793B8BF049223782E2B0CD13B
:106F400063782A2B35D1039B1A1D1B680392002BF3
:106F5000B8BF4FF0FF3302340593DFF8E4A0217887
:106F600003225046DAF704F940B14023A0EB0A00AF
:106F700003FA00F0049B03430134049314F8011B4B
:106F80002C488DF828100622DAF7F2F800283FD0B6
:106F9000294B1BBB039B073323F0070308330393E1
:106FA000099B3B44099367E70CFB02320C46012026
:106FB000A5E700230134059319464FF00A0C20463B
:106FC00010F8012B303A092A03D9002BC5D00591BE
:106FD000C3E70CFB012104460123F0E703AB009358
:106FE0002A46164B04A93046FCF752FC0746781C8B
:106FF000D6D16B6ED90705D4AB899A0502D4A86D9A
:1070000000F0A4FAAB895B063FF512AF099811E7CF
:1070100003AB00932A46094B04A93046FCF7DCFE7B
:10702000E4E700BF6C2104088C2104084C2104080B
:10703000382104084221040891380308C16D03086F
:107040003E210408F8B50E461446054618B183697A
:107050000BB900F0D9F9214B9C422BD16C68A36984
:10706000A360A3891A072FD523696BB3236920680E
:10707000C01A6369F6B28342374604DC21462846CB
:1070800000F02EF930BBA368013BA36023685A1CB3
:1070900022601E7063690130834204D0A389DB073C
:1070A00006D50A2E04D12146284600F019F988B9E0
:1070B0003846F8BD0A4B9C4201D1AC68CFE7094B7A
:1070C0009C4208BFEC68CAE72146284600F00CF84D
:1070D0000028CBD04FF0FF37EAE700BF6C2104084F
:1070E0008C2104084C210408324B70B51D680646FB
:1070F0000C4625B1AB6913B9284600F085F92E4B33
:107100009C420FD16C68A389B4F90C2019072CD4C8
:10711000DD0611D40923336042F04003A3814FF010
:10712000FF303EE0254B9C4201D1AC68EBE7244B9D
:107130009C4208BFEC68E6E7580712D5616B41B185
:1071400004F14403994202D03046F9F7E5FF0023E9
:107150006363A38923F02403A3810023636023696D
:107160002360A38943F00803A38123694BB9A38952
:1071700003F42073B3F5007F03D02146304600F0BE
:107180000DFAA089B4F90C2010F001030AD00023F5
:10719000A36063695B42A361236943B910F0800077
:1071A000BAD170BD810758BF6369A360F4E70020BE
:1071B000F7E700BF142400206C2104088C21040888
:1071C0004C21040808B5062000F050FA0120F9F718
:1071D00057FC00008A892DE9F041054610070C464E
:1071E00058D44B68002B05DC0B6C002B02DC002014
:1071F000BDE8F081E66A002EF9D0002312F4805237
:107200002F682B6032D0606DA3895A0705D563685B
:10721000C01A636B0BB1236CC01A00230246E66AE6
:10722000216A2846B047431CA38906D129681D2935
:107230002CD82A4ACA40D60728D500226260D90431
:107240002269226004D5421C01D12B6803B9606514
:10725000616B2F600029CAD004F14403994202D027
:107260002846F9F759FF00206063C1E7216A01232E
:107270002846B047411CC7D12B68002BC4D01D2B1A
:1072800001D0162B01D12F60B1E7A38943F0400351
:10729000A381ADE70F69002FA9D093070E6808BF3F
:1072A0004B690F6018BF0023A6EB07088B60B8F18D
:1072B000000F9CDD216AA66A43463A462846B0473D
:1072C000002806DCA38943F04003A3814FF0FF3080
:1072D0008EE70744A8EB0008E9E700BF0100402063
:1072E00038B50B6905460C4613B90025284638BD4C
:1072F00018B183690BB900F087F8144B9C421BD17D
:107300006C68B4F90C30002BEFD0626ED00704D457
:10731000990502D4A06D00F017F928462146FFF721
:1073200059FF636EDA070546E0D4A3899B05DDD4D7
:10733000A06D00F00BF9D9E7054B9C4201D1AC6878
:10734000DFE7044B9C4208BFEC68DAE76C210408D5
:107350008C2104084C210408002310B50446C0E920
:107360000033C0E90433836081814366C281836155
:10737000194608225C30FCF7E3F9054B6362054BC4
:10738000A362054BE362054B2462236310BD00BF7B
:10739000A5760308C9760308017703082577030853
:1073A000014900F0AFB800BFE172030870B5682270
:1073B0004D1E55430E4605F17401F9F7A9FE04462A
:1073C00040B10021C0E900160C30A06005F1680250
:1073D000FCF7B6F9204670BD014800F0B5B800BF13
:1073E00078B10020014800F0B1B800BF78B10020AA
:1073F000014800F0A9B800BF79B10020014800F0B1
:10740000A5B800BF79B1002010B50446FFF7F0FF22
:10741000A3691BB1BDE81040FFF7F0BFC4E9123308
:107420002365134B134A1B68A262A34204BF0123C6
:10743000A361204600F020F86060204600F01CF8B0
:10744000A060204600F018F80022E0600421606887
:10745000FFF782FFA06801220921FFF77DFFE068A6
:1074600002221221FFF778FF0123A361D2E700BFB8
:10747000BC1C0408A1730308F8B50746FFF7ACFF6E
:107480001E4B1E68B36913B93046FFF7BDFF48367F
:10749000D6E90134013B03D533680BB33668F7E70F
:1074A000B4F90C50D5B9164BE36004F15800656689
:1074B00000F048F8FFF796FFC4E90155C4E9045508
:1074C0002560A5610822294604F15C00FCF738F923
:1074D000C4E90D55C4E912552046F8BD6834D9E712
:1074E00004213846FFF762FF044630600028D5D1FA
:1074F000FFF778FF0C233B60EEE700BFBC1C0408DD
:107500000100FFFF2DE9F8430646884600F14804D4
:107510000027D4E90195B9F1010905D52468002CAB
:10752000F7D13846BDE8F883AB89012B07D9B5F907
:107530000E30013303D029463046C0470743683533
:10754000E9E7000070470000704700007047000046
:1075500070B50E46B1F90E10002996B014461D46BE
:1075600008DAB6F90C3000222A601A0610D44FF45B
:1075700080630EE06A4600F0FBF80028F1DB019A18
:1075800002F47042A2F500535A425A412A60EEE7D3
:1075900040230020236016B070BD00008B8973B5B6
:1075A0009D0706460C4607D504F147032360236177
:1075B0000123636102B070BD01AB6A46FFF7C8FFEB
:1075C000009905463046F9F7A3FD48B9B4F90C30E7
:1075D0009A05EFD423F0030343F00203A381E3E70A
:1075E0000D4BB362A389206043F08003A381009B0D
:1075F0006361019B20615BB1B4F90E10304600F06D
:10760000C9F828B1A38923F0030343F00103A38140
:10761000A0890543A581CDE7A17303081F2938B5CB
:1076200004460D4604D9162303604FF0FF3038BDE1
:10763000426C12B152F821304BB9204600F030F8BC
:107640002A4601462046BDE8384000F017B8012B15
:107650000AD0591C03D1162303600120E7E7002458
:1076600042F82540284698470020E0E7024B0146B3
:107670001868FFF7D3BF00BF1424002038B5074DAA
:1076800000230446084611462B60F9F7FDF9431C18
:1076900002D12B6803B1236038BD00BF7CB100204C
:1076A000F9F7ECB910B50C46B1F90E1000F094F8EA
:1076B0000028ABBF636DA3891B1823F48053ACBFB4
:1076C0006365A38110BD00002DE9F0411F468B8941
:1076D000DB0505460C46164605D5B1F90E1002230A
:1076E000002200F067F8A389B4F90E1023F4805348
:1076F000A38132463B462846BDE8F04100F016B86B
:1077000010B50C46B1F90E1000F054F8431CA389D3
:1077100015BF606523F4805343F48053A38118BFE1
:10772000A38110BDB1F90E1000F012B838B5074DA5
:1077300004460846114600222A601A46F9F792F9D3
:10774000431C02D12B6803B1236038BD7CB10020FB
:1077500038B5064D0023044608462B60F9F786F934
:10776000431C02D12B6803B1236038BD7CB10020DB
:1077700038B5074D00230446084611462B60F9F73B
:1077800077F9431C02D12B6803B1236038BD00BFD9
:107790007CB1002038B5064D0023044608462B6016
:1077A000F9F76AF9431C02D12B6803B1236038BD95
:1077B0007CB1002038B5074D04460846114600222A
:1077C0002A601A46F9F74CF9431C02D12B6803B121
:1077D000236038BD7CB1002038B5074D044608460B
:1077E000114600222A601A46F9F736F9431C02D1E5
:1077F0002B6803B1236038BD7CB1002041505F503D
:107800006172616D206D7573742062652073696E9D
:10781000676C65746F6E0041505F50657269706887
:107820005F4657206D7573742062652073696E67BB
:107830006C65746F6E00000041505F506572697036
:10784000682047435320496E697469616C697365A8
:107850006421005265626F6F7420616674657220E6
:107860007761746368646F672072657365740A007A
:107870004953522025752F257500257320535441F7
:10788000434B3D25752F25750A000000494552528E
:1078900020307825782025750000000019000000B0
:1078A00009000000010203101100000000000000A8
:1078B000A07803080100000004000000A07803087D
:1078C0000000000001000000A4780308050000008B
:1078D000080000009C780308010000000000000080
:1078E0000000000000000000AE7E03080000000061
:1078F000000000000000FF00000000000000000089
:107900005D17010859170108FD160108B149020861
:10791000311701084517010801170108051701086B
:10792000091701080D17010861170108B1170108AF
:1079300011170108151701080000000000000000E1
:107940006D170108D9170108BD3702086117010832
:10795000B516010859170208291701082D17010843
:10796000C12502085517020855170208B916010863
:10797000BD160108C1160108C11702082117010828
:1079800025170108C5160108C9160108CD160108FA
:10799000891702084D450208D11601087D350208F5
:1079A0007117010885170208F11D0208191701084F
:1079B000D519020869190208C123020885170208AF
:1079C000D5160108D531020855170208B11702086B
:1079D000BD170208791702082D190208D9160108E7
:1079E000DD160108E1160108E5160108E91601088F
:1079F000ED160108F1160108912E02088D170208F4
:107A00001D170108F5160108F9160108464F524DD9
:107A100041545F56455253494F4E0043414E5F4ECD
:107A20004F44450043414E5F424155445241544505
:107A300000464C4153485F424F4F544C4F414445E0
:107A400052004445425547004252445F5345524913
:107A5000414C5F4E554D00475053004750535F50C7
:107A60004F5254004750535F4D425F4F4E4C595F49
:107A7000504F525400434F4D504153535F005359A0
:107A80005349445F544849534D4156005345524968
:107A9000414C00000C7A0308102600200000000072
:107AA00000000000020000001B7A030812260020DC
:107AB000000000000000030002000000247A030818
:107AC0001426002000247449000004000300000074
:107AD000317A0308182600200000000000000A0088
:107AE00001000000427A03081B260020000000006D
:107AF0000000120001000000487A03081C26002044
:107B0000000000000000130003000000577A030883
:107B100080260020548203080000010006000000B7
:107B20005B7A03081926002000008040000017003F
:107B300001000000647A03081A26002000000000FB
:107B40000000240001000000757A0308D0270020FF
:107B50003091030800000200060000007E7A03084E
:107B6000202600200000404000002200020000000B
:107B70008C7A03082C260020309003080000230094
:107B800006000000049003082426002000000000E6
:107B900000004F0003000000AE7E0308000000005C
:107BA000000000000000000000000000416C6C6F4D
:107BB000636174696F6E2072657175657374206698
:107BC000726F6D20616E6F7468657220616C6C6F8E
:107BD00063617465650A004D69736D6174636869FA
:107BE0006E6720616C6C6F636174696F6E20726583
:107BF00073706F6E73650A004D61746368696E67B8
:107C000020616C6C6F636174696F6E207265737054
:107C10006F6E73653A2025640A0049462564204E3C
:107C20006F646520494420616C6C6F6361746564A6
:107C30003A2025640A000000257328257529004193
:107C4000502D52544B204735480000004750535F99
:107C50005459504500475053315F54595045000026
:107C6000526573746172744E6F64650A000000009F
:107C700057616974696E6720666F722064796E61FE
:107C80006D6963206E6F646520494420616C6C6F80
:107C9000636174696F6E2025782E2E2E2028706FF8
:107CA0006F6C202575290A005741524E494E473ABC
:107CB00020454E4C41524745204D454D4F5259208D
:107CC000504F4F4C0A00656E746572696E67206C88
:107CD0006F636B75700A00656E746572696E6720FC
:107CE0006661756C740A00466C61736820626F6F20
:107CF000746C6F61646572204F4B0A00426F6F7441
:107D00006C6F6164657220756E6368616E6765642F
:107D10000A00466C61736820626F6F746C6F6164F7
:107D20006572204641494C45440A000003030303A1
:107D30000202010041505F5065726970682056313F
:107D40002E382E302D6465762028393262306364F7
:107D50003738290039326230636437380041505F68
:107D60005065726970682056312E382E302D64654A
:107D7000760043686962694F530038386238343698
:107D800030300000FB726576776670610002040097
:107D9000090A91130108000000000000347D030867
:107DA000547D030878CDB092000000005D7D03088B
:107DB0000000000000000000727D03087A7D0308C7
:107DC0000000000000000000F143010835650208D2
:107DD000014401080544010805450108554401080E
:107DE000094401080D440108114401081544010823
:107DF000194401081D4401082144010825440108D3
:107E000035650208B14401082944010835650208B6
:107E100035650208000000000000000079460108F6
:107E20007D4601080000000000000000814A0108B2
:107E30009D4A01086149010879490108A14A0108E0
:107E40009D490108394A0108A1490108A9490108C9
:107E5000594A0108A5490108696E66006E616E0005
:107E600042616420706172616D6574657220746135
:107E7000626C6500556E6B6E6F776E20636F6E7609
:107E8000657273696F6E20272573270A004261644B
:107E900020636F6E76657273696F6E20747970659A
:107EA00020272573270A00002C203D090D0A0040D9
:107EB000524541444F4E4C590000000041505F5024
:107EC0006172616D3A204661696C656420746F204F
:107ED00072652D6F70656E2064656661756C747374
:107EE0002066696C6500000041505F506172616DF1
:107EF0003A204661696C656420746F20616C6C6F18
:107F000063617465206D757461626C652073747251
:107F1000696E67002C0041505F506172616D3A20BC
:107F20004661696C656420746F20616C6C6F63617D
:107F30007465206F76657272696465730000000075
:107F40004661696C656420746F206C6F61642064A5
:107F5000656661756C74732066726F6D2025730A97
:107F600000000000454550524F4D2066756C6C0A6C
:107F700000000000010204040C0000005041524DBA
:107F8000444546005537F4A0385D485B00010000C9
:107F900000000000000000000000000000000000E1
:107FA00000000000000000000000000000000000D1
:107FB00000000000000000000000000000000000C1
:107FC00000000000000000000000000000000000B1
:107FD00000000000000000000000000000000000A1
:107FE0000000000000000000000000000000000091
:107FF0000000000000000000000000000000000081
:108000000000000000000000000000000000000070
:108010000000000000000000000000000000000060
:108020000000000000000000000000000000000050
:108030000000000000000000000000000000000040
:108040000000000000000000000000000000000030
:108050000000000000000000000000000000000020
:108060000000000000000000000000000000000010
:108070000000000000000000000000000000000000
:1080800000000000000000000000000000000000F0
:1080900053746F726167654D616E616765723A20F6
:1080A0006572617365206661696C65640A00000031
:1080B00000000000000503000005CA090200CA0E06
:1080C00096000100600FA0000000001000050200F3
:1080D00000152C0101002C16000103002C17540878
:1080E0000400801F40000500C01F380041505F475A
:1080F0005053206D7573742062652073696E676CD0
:1081000065746F6E000000004750532025643A20CC
:108110006465746563746564202573004750533249
:108120005F5459504500475053315F474E53535F9A
:108130004D4F444500475053325F474E53535F4DB8
:108140004F444500475053315F524154455F4D53B2
:1081500000475053325F524154455F4D53004750E2
:1081600053315F504F5300475053325F504F5300CD
:10817000475053315F44454C41595F4D5300475080
:1081800053325F44454C41595F4D53004750533182
:108190005F434F4D5F504F525400475053325F433F
:1081A0004F4D5F504F5254005F4E415646494C541C
:1081B0004552005F534241535F4D4F4445005F4D70
:1081C000494E5F454C4556005F494E4A4543545F12
:1081D000544F005F5241575F44415441005F534147
:1081E00056455F434647005F4155544F5F434F4EEE
:1081F000464947005F4452565F4F5054494F4E53D3
:1082000000315F008025000000C20100C0120000A4
:10821000004B00000096000000E100000084030015
:1082200000080700B56206010300010601124F2491
:10823000505542582C34312C312C303032332C30C4
:108240003030312C3233303430302C302A31450D3F
:108250000A000000A881030824000000000000417B
:1082600000000201B381030830000000000000405C
:1082700000000501BE810308310000000000C8C2F3
:1082800000000601C8810308280000000000FE422B
:1082900000000701D3810308320000000000000045
:1082A00000000901DD8103083300000000000040E8
:1082B00000000B01E7810308340000000000803F4C
:1082C00000000D01F48103083600000000000000EA
:1082D000000016020182030800000000F084030879
:1082E00001002006AE7E0308000000000000000030
:1082F0000000FF00B56206010300010601124F24D1
:10830000505542582C34312C312C303032332C30F3
:108310003030312C3131353230302C302A31430D70
:108320000A000000B56206010300010601124F2495
:10833000505542582C34312C312C303032332C30C3
:108340003030312C3436303830302C302A31310D49
:108350000A00000047534F460000000047534F46B5
:1083600020696E7374616E63652025642068617393
:10837000206E6F20706F72740047534F4620696EF5
:108380007374616E63652025642068617320696E73
:1083900076616C696420434F4D20706F7274207356
:1083A000657474696E67206F6620256400000000A4
:1083B0000000000000000000399301083D9301080F
:1083C000619601082D930108F5920108D1C50108B5
:1083D000F9920108FDC50108FD9201080193010809
:1083E00005930108119301081593010831930108C1
:1083F000199301081D930108219301082593010891
:10840000299301084E4F5641000000000D0A0D0A45
:10841000756E6C6F67616C6C0D0A006C6F67206223
:10842000657374706F7362206F6E74696D65203050
:108430002E322030206E6F686F6C640D0A000000D1
:108440006C6F67206265737476656C62206F6E7402
:10845000696D6520302E322030206E6F686F6C643D
:108460000D0A006C6F6720707372646F7062206F0A
:108470006E74696D6520302E322030206E6F686F0B
:108480006C640D0A000000000C8403081B840308C0
:10849000408403086384030800000000000000001B
:1084A000FD96010801970108C99A0108F196010893
:1084B000F5920108D1C50108F9920108FDC501082E
:1084C000FD92010801930108059301081193010829
:1084D00015930108F5960108199301081D930108E9
:1084E0002193010825930108299301084D425F005B
:1084F0005A7C030800000000000000000400010195
:108500002B810308010000000000000000000201B0
:1085100049810308020000000000484300000302F4
:10852000638103080400000000000000000004054F
:108530007581030810000000000000000000050223
:1085400091810308120000000000803F0000060136
:10855000EC84030814000000748F03080100070670
:10856000AE7E030800000000000000000000FF00D5
:10857000534246004750532025753A205342462027
:108580006973206E6F742066756C6C7920636F6EF2
:1085900066696775726564202825752F25752F25F6
:1085A000752F2575290000000A5353535353535315
:1085B0005353530A000000004750532025753A20BA
:1085C000534246206572726F72206368616E676500
:1085D0006420283078253038782F30782530387866
:1085E00029000000656D642C2044534B312C204D34
:1085F0006F756E740A0000004750532025643A20BE
:10860000534246206469736B206973206E6F742037
:108610006D6F756E746564004750532025643A2071
:10862000417474656D7074696E6720746F206D6F2E
:10863000756E74206469736B004750532025643A4B
:1086400020534246206469736B2069732066756C01
:108650006C004750532025643A20534246206973EA
:10866000206E6F742063757272656E746C79206C05
:108670006F6767696E67000053424620756E6D6FC5
:10868000756E74696E67206469736B00656D642C28
:108690002044534B312C20556E6D6F756E740A005B
:1086A0006E6F6E65005254537C435453002B4174DB
:1086B00074436F7645756C65722B417578416E74A5
:1086C000506F736974696F6E73002B47414C494C4E
:1086D000454F002B424549444F55002B515A5353A7
:1086E000002B474C4F4E415353004D756C746941FC
:1086F0006E74656E6E61007363732C434F4D256419
:108700002C6261756425642C62697473382C4E6F19
:108710002C626974312C25730A0073736F2C5374A7
:108720007265616D25642C434F4D25642C50565461
:1087300047656F64657469632B444F502B526563C2
:1087400065697665725374617475732B56656C43F5
:108750006F7647656F64657469632B426173655614
:108760006563746F7247656F6425732C6D73656301
:108770003130300A007373742C20257325732573F0
:108780002573257325730A007373742C202D5342AF
:108790004153007367612C2025730A00736E742C9B
:1087A0002B47454F4C312B47454F4C350073737465
:1087B0002C2B5342415300737362632C6175746FA9
:1087C0002C4F7065726174696F6E616C2C4D6978A5
:1087D000656453797374656D732C6175746F007380
:1087E00072642C4D6F6465726174652C554156003E
:1087F00073656D2C5056542C350073706D2C526F70
:108800007665722C616C6C0073736F2C5374726597
:10881000616D322C44736B312C706F737470726F96
:10882000636573732B6576656E742B636F6D6D6511
:108830006E742B52656365697665725374617475E5
:10884000732C6D73656331303000434F4D005553C9
:108850004200495031004E54520049505300495093
:10886000520000009C870308AD870308B787030800
:108870004A8803084E88030852880308568803086C
:108880005A8803085E880308DF870308F087030817
:10889000FA870308088803080000000000000000B1
:1088A000BD9B0108CD9B0108FDA501086D9B01083A
:1088B000959B0108D1C50108799B0108FDC50108F8
:1088C000FD920108219C01087D9B0108AD9B0108D8
:1088D000E19B0108719B010861A501081D93010836
:1088E00021930108899B010829930108752D626C69
:1088F0006F7800004750532025753A20752D626C23
:108900006F7820257320636F6E6669677572617476
:10891000696F6E2030782530327800004750532040
:1089200025643A20752D626C6F7820736176696ECC
:108930006720636F6E66696700000000752D626CCA
:108940006F782025643A206661696C656420525412
:10895000434D76332070617273657220616C6C6F69
:10896000636174696F6E00004750532025753A208B
:10897000756E61626C6520746F20636F6E666967E7
:108980007572652062616E6420307825303278001F
:108990004D4F443D00752D626C6F78202573257313
:1089A00025642048573A2025732053573A202573D1
:1089B0000030303139303030300045585420434F8A
:1089C00052452031005A45442D463950004E454FFE
:1089D0002D4639500045585420434F52452034000D
:1089E0003030304130303030004C314C3500752D56
:1089F000626C6F7820737570706F727473204C3571
:108A00002042616E6400556E6578706563746564BC
:108A10002073746174652025640057726F6E67203F
:108A200055626C6F78204861726477617265205678
:108A3000657273696F6E25750A0000006E61766954
:108A4000676174696F6E207261746500706F736C1A
:108A50006C68207261746500737461747573207240
:108A600061746500736F6C7574696F6E20726174E8
:108A7000650076656C6E6564207261746500646F74
:108A8000702072617465006877206D6F6E69746F15
:108A900072207261746500687732206D6F6E697440
:108AA0006F72207261746500726177207261746503
:108AB0000076657273696F6E006E617669676174C6
:108AC000696F6E2073657474696E677300474E53E7
:108AD000532073657474696E677300534241532069
:108AE00073657474696E67730050565420726174B4
:108AF000650074696D652070756C736520736574AD
:108B000074696E67730054494D4547505320726134
:108B100074650054696D65206D6F646520736574BC
:108B200074696E67730052544B204D420054494D96
:108B300020544D32004639004D3130004C3520452F
:108B40006E61626C652044697361626C650000004F
:108B500001010204080000003C8A03084C8A030853
:108B6000588A0308648A0308728A03087E8A030805
:108B7000878A0308978A0308A88A0308B18A03082A
:108B8000B98A0308CD8A0308DB8A0308E98A030847
:108B9000F28A0308068B0308138B0308268B03084D
:108BA0002D8B0308358B0308388B03083C8B030897
:108BB00022003110010000000D0031100000000003
:108BC0000F003110010000002500311000000000EE
:108BD00024003110010000001200311001000000DB
:108BE00014003110010000002100112008000000D5
:108BF00001003210000000000100321001000000EE
:108C00000400311001000000040074100100000095
:108C100004007610000000008E009120000000008B
:108C20008F00912000000000FF0291200100000051
:108C30008203912001000000CD029120010000007C
:108C4000D2029120010000001903912001000000D0
:108C5000D7029120010000000403912001000000D0
:108C60000003912000000000830391200000000019
:108C7000CE02912000000000D302912000000000ED
:108C80001A03912000000000D8029120000000008B
:108C900005039120000000000500531001000000B2
:108CA0000100534000080700040076100100000096
:108CB00004007410000000000400731001000000A4
:108CC0008F009120000000008E0091200000000025
:108CD00000039120010000008303912001000000A7
:108CE000CE02912001000000D3029120010000007B
:108CF0001A03912001000000D80291200100000019
:108D00000503912001000000FF02912000000000F7
:108D10008203912000000000CD029120000000009D
:108D2000D2029120000000001903912000000000F1
:108D3000D7029120000000000403912000000000F1
:108D40000400761000000000040073100100000011
:108D500004007510000000008E009120010000004A
:108D60008F00912000000000FF0291200000000011
:108D70008203912000000000CD029120000000003D
:108D8000D202912000000000190391200000000091
:108D9000D702912000000000040391200000000091
:108DA00000039120000000008303912000000000D8
:108DB000CE02912000000000D302912000000000AC
:108DC0001A03912000000000D8029120000000004A
:108DD0000503912000000000050053100100000071
:108DE0000100534000080700040076100000000056
:108DF0000400751001000000040073100000000062
:108E00008E009120010000008F00912000000000E2
:108E10000003912000000000830391200000000067
:108E2000CE02912000000000D3029120000000003B
:108E30001A03912000000000D802912000000000D9
:108E40000503912000000000FF02912000000000B7
:108E50008203912000000000CD029120000000005C
:108E6000D2029120000000001903912000000000B0
:108E7000D7029120000000000403912000000000B0
:108E800000000000000000004DA9010869A90108C8
:108E900091C30108E1A80108E5A80108D1C50108AE
:108EA000F9920108FDC50108FD92010811A9010808
:108EB000A1A90108FDB101081593010809A901083C
:108EC000199301087DA9010895A90108FDA80108C9
:108ED00029930108000000001F06000000000000A8
:108EE0004750532025643A2070726F62696E672084
:108EF000666F72202573206174202564206261757D
:108F000064004750532025643A2073706563696696
:108F10006965642061732025730000000000000073
:108F2000000000000000000000000000356502089D
:108F3000CDC50108F5920108D1C50108F9920108D3
:108F4000FDC50108FD920108019301080593010880
:108F5000119301081593010835650208199301085A
:108F60001D93010821930108259301082993010805
:108F70004F4653005A7C0308000000000000000028
:108F800004000101708F03080400000000000000CD
:108F900000000205AE7E0308000000000000000093
:108FA0000000FF00556E61626C6520746F20736570
:108FB000747570206F7074696F6E7320666F7220A5
:108FC00053657269616C25750A000000305F42418B
:108FD000554400305F50524F544F434F4C00315F67
:108FE00050524F544F434F4C00315F424155440063
:108FF000345F50524F544F434F4C00345F42415501
:109000004400315F4F5054494F4E5300345F4F502E
:1090100054494F4E53005F5041535331005F50410C
:10902000535332005F5041535354494D4F00000099
:10903000CC8F0308000000000000E642000000039F
:10904000D38F0308060000000000004000000B0161
:10905000DE8F03080E000000000080BF0000010149
:10906000E98F0308080000000000614700000203C8
:10907000F08F030826000000000080BF00000701F9
:10908000FB8F030820000000000066430000080377
:10909000029003080C0000000000000000000E0217
:1090A0000C900308240000000000000000001102E2
:1090B000169003085000000000000000000014019A
:1090C0001D90030851000000000080BF0000150142
:1090D00024900308520000000000704100001601B7
:1090E000AE7E030800000000000000000000FF004A
:1090F0004E6F20436F6D70617373206261636B65A7
:109100006E647320617661696C61626C650A00004F
:109110004445565F494400444953424C4D534B002B
:10912000464C54525F524E4700454E41424C45001A
:1091300010910308380000000000000000000F0339
:1091400017910308F4000000000000000000210354
:1091500020910308F8000000000000000000220138
:1091600029910308050000000000803F000027014E
:10917000AE7E030800000000000000000000FF00B9
:1091800000000000000000000000000000000000DF
:1091900035650208524D333130303A20466F756ED6
:1091A0006420617420616464726573732030782573
:1091B0007820617320636F6D706173732025750A69
:1091C000000000000000000000000000C1DC0108F9
:1091D000D9DC01087DD90108737461636B206F7657
:1091E0006572666C6F772025730A0000626F6F747A
:1091F0006C6F616465722E62696E0000BDBD0B7894
:109200005355D630BCF73927C949DAD2D01668D3BE
:1092100002B9B4D03605430B58A92369929E96062D
:109220002D82CC2038E3690B7A521022E858AFA483
:109230008063019D018B0EB6E230A2238A4A5BACAB
:1092400043C54E10D0F13A93709929A0631D2FB1F8
:10925000AD9713DA92D3EBF9D63E49199D99F7FFF2
:10926000BEFFF99FFFEBF3ECECFBDE6BAFB5F6DA7C
:109270006BEDCB29D220631823F6CB3CC4EE03F769
:1092800076CCEF00D7877FEC76FFE43FD3FE27A7AD
:10929000AA41EC2C70CBC13D08EEF99AFF7D9D1BD5
:1092A000A1CF07C13D16EBFBA3FF52E7BDB5FFFB06
:1092B000767E0F65DA62E5E6ACFD3F87F9FFABCB62
:1092C00059F97FAFAFFF53B77C1262D10FFEA82EC2
:1092D0002422692CB4F1F5ABCB7C7D6CFD7CF8D5F8
:1092E000C2EFFC452C6FBF84D087E06EB83CF7CE50
:1092F000BF5C4298E5FD7D15BFF1F76DF80DC939EA
:109300007E49849CFA1B7F9C532122F4D9777ADD15
:109310000D97AF8DD5511B7D7D29F5244F25BE2C92
:10932000A9C5694315E272DBF445E9E5BB1DD7FA2F
:109330008B25266E28347551EA0F6206C84B7737A5
:109340003AAEF3DF0871073829848CA93F2AA312AB
:1093500077405B7B8652164FBAFE65077DE1268912
:1093600049AF2F1D0C21D1214D5C9CF4A33495B83D
:10937000F12802BE46167008B1ECB7A80B6108438D
:109380009AE8057C40FAD19873AD42C62EC0D31737
:109390003F70B3BAC58A59DFEA77BC25C5074E0AC4
:1093A000FBB88E6FF43B3ABE167F832C5BFB26D650
:1093B0006773FB4B9191115DC36321463C39843E39
:1093C0001D0B2124B561F1CE41467C4BD6702A514C
:1093D0002FA938947D4DD0E2FE9D637E0017905FEB
:1093E000937BA628538D8EB941A915895A7936E702
:1093F000B8A4BF0B893A996D419933382C7A468DC0
:109400002DB411895B25129FD732096AD30146FC1E
:109410004C2671D2E7D3F24477BA275D33F9EC8456
:1094200016243E2C6171F710127F261B39245E90A2
:1094300090F88034189ACDA1CC332186C333022111
:109440003557D17FDF5D1F8650667708F931D234FA
:10945000033A9A672CD0362386B2B300F3E7D2FEE4
:10946000B0915EE15851CC7668DA8A2F25D1940903
:109470001F7C45626C58EC93E8E69F4BCC70619B77
:109480004D19F994325A886B61C486E1C9E52965A2
:10949000C8026DDFC9885B86A378495A6C11925B5C
:1094A0002C022EB2F0D510AA8650359F70BDB5B6ED
:1094B000A0BD5AB8BF9D3262F1B9C17C4B356FADCA
:1094C000A5AD9A60B56055D21A07A19D4DD57C61B6
:1094D00007A1471683D8CE4C640C409875A77AE94B
:1094E000ECF8CE4FBF4622ABA25852FA5EA5CEFA98
:1094F00076CA8DCC2B796F292947CAEB612CEF8D69
:10950000D85A32DDB4D9E0CD5472F51D16B7A53C5A
:10951000834B13F01C29C01434380683558211384C
:109520002D7C7EBABB49A0C3A89A1EF015343ABA66
:109530004F33222533628A8CA0F51724CA28478E20
:10954000CB53DC8675C86C589DB6DE705BDAFA9B2F
:10955000D7AD5C7DF3FA95B7AD5CBFD2E3107DD497
:10956000CACA951EB3E2AFF26C7CBD42ECB2D84CD5
:109570002725F6FAB3DD28BF0EF0B18FDB0AF34BD7
:109580005F7A2C340E2382E9610427CB511E448577
:10959000949DF05A43F3CB6EB4CB68964DBA83FBDF
:1095A000042CDE38F8627972ED81F68365D844F3D5
:1095B00013BD51EC47717F6EE8B9F267AFE0FED49E
:1095C0005014F7A829B9E5776ED468E09F29474F72
:1095D00027037EA7F99125D9DB580EF35397EA5F4D
:1095E000C69FE17ECA05390CA3EB94325BF6B8D373
:1095F000056445E2A42D0005F017BD8B6E42567C34
:109600000189F78E91D0B71749C96312DD642A9A90
:109610006CFDBC133FBB54B288DBD5886D0157A2EB
:1096200041ECF7AA7FB9BF42FC775AC4B6B3884D64
:1096300007DF09CEA38DE6DD1FF3BF053F27566F79
:109640008E0EB14FA8FF15277508C6FF3886B2EDFC
:10965000E2401D6AA24C6F845122EBCFE054078197
:10966000270B5E91526C483C243F1382717B9158CA
:109670002F6BA6F55E2475F6419DAF0278A1EA2A0C
:1096800074E942DDA75F6B445A97A04F9EAFB2A822
:109690001A1893EA201277C953BA6E2A634C83A131
:1096A00015F07B59F9ED0B558819AC1D66CD119954
:1096B0000D33AC6A57B4EC7DF2D1705EE2A5203672
:1096C000A2214DA4B4272EEED6A19DC380432D1612
:1096D0004F4B335AE2C4383ACECAFA51A61C11C6CF
:1096E0007E16E2A0AD8F4268F6F38168CEEF830468
:1096F000A665631A98FD4D016845AC93494AE31885
:109700009A317DE85712E9B15E66B85D2DC844C252
:109710008D329E8FB2C3C1373886837126530005C0
:1097200019EB759037579E19C250F781B12C2E1343
:10973000B8F59043733E1BD257CAD866176FAF6314
:10974000E6F5852C6E9435D56B74BFC1FD9CBF8E3C
:109750007B192059D8CF1F8EC2B2B97FD561D2F7FD
:109760002D63F900C7F763CD61C4CA976F3C9C2A8B
:10977000D29ACDFDD71F4E2C7F5C607B55748363DE
:10978000E165EEF0D101DFE68511C7E124376E38DF
:109790005A62F9248AE7B363C0198D2857BE3CEF9B
:1097A000306EA21B69095BF1D5DF822C21FC7B3670
:1097B000332A437F386719326FC1C5937C70EF023B
:1097C000041F8C127C2CEC4F3E3C7DD6C4CEB7C31C
:1097D00046CA51A23B9425D228DBEFE0B62EC28FB9
:1097E000A7BA90D82CE3465F996C426250AEE83934
:1097F000483FB80837BCDBF70845C61C90D54A0B74
:10980000770014AADEADAAAB436464BF1B25695F71
:10981000BF8AC4C932097DFE2A9A7994F302AE8EBA
:109820003952CF4FBF6A62A7AE09174C08CC1469F2
:109830003AE9A564D732C978ADAAC1CE3166D58BD5
:1098400058AC1962AEF671A15021B4DF3CA6DA75AE
:1098500029F49194E28BF2C12FC7D42164596D622F
:109860000E320D485C033CB6B9FFB557499F6B9467
:109870003E5F7D95D98BC49350EBAB1F94BB5129B0
:10988000B75F2977A352AE5129E71FEB51E02D5561
:10989000D27601BC7F19FB4C49B94E4979E455D5C4
:1098A0008B2940A3F7C618938663763100C1BCB1FB
:1098B0006BB8F610A15CD298669A7CF9EE578F01CE
:1098C000D536BE5A0854D3F46A15AAAD557ACA5093
:1098D000DA58F32A8C5253E16A2F59D8FFE2AB656C
:1098E00030260E5A53ED22A3491CD386196D589980
:1098F0003B728451CA5F0F50DC0FF0BA020447710B
:1099000001D6AC7B91C88274C0E4824054162131E8
:109910005E9623FD231965B478464E6E56D640E018
:10992000B0AB5E1DE7B0DC57C9E855075530FAD338
:109930000A9537F71B15A882233E856269AFCA9145
:109940003323C597EA6DB4D822AB001B5E9903E8B8
:10995000ACF2B5DC1FBF54734BBF22B34BF5D51B24
:10996000DC435F5DCD3DF015E119C25BFB7F859166
:10997000B63C595874C9839E6A4D8F47C3B8209925
:1099800057BB5305D7A525955B5A513C1EA6502AB7
:10999000EF6BF596A642F9140B590390496F6614C4
:1099A0007AD26EFA03235FC9A70AFB611D407EFDD0
:1099B0007DF274B1ED95818A07D7BD5CD17F6AA332
:1099C000864BE060D5046E6B1CA3C4CB52A61BB0C3
:1099D000B3B179F89298CA377CAD4194651BFC26E7
:1099E0000C747B2D5BE4C869D97939B53A6391650C
:1099F0009BFAA01AD6C554CB36297F4EC2A5CF6795
:109A0000AC7525846DF1068E7EBFAAC4C6DFC9275A
:109A100073EA30ABBE1C4C78750E87CD645D36C8DA
:109A2000C842371C7A886A5085D368DCE06BC596DB
:109A30008FBA191E35743FA43A70A61B590A394AC9
:109A40003C339200B0891D87FB90EF999A53A6BAD8
:109A50001DDC775D30A7F2EE50F491E2BCC596FBB9
:109A60002E34FB00EA55C766BE980DDA428A44F0F0
:109A7000ED08EE93F6F1EFCEBEAE13C35AFF872A80
:109A8000D2E39CB18A7EDFA6539234A7A21F811F26
:109A90005F50D16F07DF38379F4B083F8399B0166F
:109AA00021511A9DE1DA273D6DBB67A365635C7B9D
:109AB000EF43968D75666452BF3C13E8AE1FC366D4
:109AC0001337F32016674A3F841E606FC826D0DB29
:109AD000FF05BD1DA0BF6B6425E18E3AE427F0CFE2
:109AE00028DEB8F1D3ACBFFF317B1EE85B6D593780
:109AF00054F4EFB85B358CD6849B9F943A6D0F4B32
:109B00001FDB506627B4FFB0F4B57D01F4767E54B8
:109B1000AD40F4D1E839E90BDB6392884EB4AA0F6B
:109B2000431A4E0887D147DD0BE622F1F7A3D70091
:109B30003E171C24E3F6B502045ED682677ED44D40
:109B40005DAD0E7702566D16D430E7BEB8328D0289
:109B500013255A47F63BD49F50A2567A5BEA4285BA
:109B6000DC9DCD6287911B0ED55E2EF85DC3FB1F79
:109B70003D466093E62223C1EDD4EBA7DD30ADE294
:109B800057CDD93092A2119A5B7104657ED44DBB3A
:109B90004012DBA9FB1F93528C4F097681DA43BF39
:109BA000449F48173E956EF23945E4A41AB0F8B1C7
:109BB000BC25AD388C68B4877AB11068E21DDAEF45
:109BC000507D42DA491FA99790FD5C68AF846C1AFA
:109BD000ABAA131740DCA656B084CB28316E440ADA
:109BE00091FEED8E44C42F40C69F83F3B6257029A5
:109BF000DC34A89D3DBCA49D9AAD0FE2BC09C124F4
:109C000065446F83C3464D57769E3E00ADE56903BC
:109C1000AABCC400D4E9B0E50D07E39432DF84A206
:109C2000FED731FF8B98DF158AD2C53EF5F7C619EE
:109C300075B971E33818E7B3717A89536CE5D7A821
:109C40009EF969619B8A9BB01899F03C242E1A7981
:109C50004ECA5BFE9A94A782393B52DB120DCD1F90
:109C6000C15C597B345C3802FE3C5C00E5E6F5845F
:109C70000A61AE11DCEADB746E5DB98107FD6A59D9
:109C800083E4352E68FF787D5E8B11707497447E77
:109C90005B063BBED6DBE9322CAE3B4AC6FF05F085
:109CA000F9D172851E15BF694687555C3CE0E1B964
:109CB0002194ED0E5A1EA2ACE9C1CF77606B6A10F9
:109CC0008B46580BE4487894067E7FD7FBA9746ACC
:109CD000CB9161F1927A60F22FA9617DC1E4A1ADCF
:109CE0007DEF02A63F7FA8A0FD00688106EFB55773
:109CF0007770447269C29998CC8E3C907AFD414D40
:109D00003805C991AF467F2BCDB043189B394D78AC
:109D10002652896720F79FC1C43CB6738F3BC3DBD3
:109D2000092D1D1898BC89B47821F45B29538F72D2
:109D3000FE1620F4AD183A1DFA7C47B6D51AD07736
:109D400062AB25A0B2BE1F2436D1238BEADDEF0B18
:109D5000547F5755B2F303C54A42FED190CD7A2CB9
:109D6000B8F586CF1ECABF6FB7E3F520FFD01C0E33
:109D700099774B1F2F79D881C4E77D389FC9C503D8
:109D80003BEE1C081E0C99B86C18DD4BA307622132
:109D90003CF64CA855FA66C9FDBC2A4C6B2B7A9E42
:109DA00002B79D0A4E7D8F3DD8FB16BD8FEB05197E
:109DB000B6024675F50813FE0EE772735C24A61B07
:109DC000B95F486E27FA47F1F093D269985BD70FD5
:109DD000339CADDDB61189BE61828579C3CD5D7FCF
:109DE00093CE025D48FEEB525ED61607EE84FE640B
:109DF000929AEBDAE3604F8FE7605B34AF6FCC2B66
:109E0000DC3AB4FDD2CD505F33C2B6BFCDDDDBB599
:109E10005120A5725D1B79524FD54B69DF91CEEE73
:109E200002CD72B8AE447B06F28C908E703E4AFF33
:109E30001584210FC9B3123B51E65C80A4488144CC
:109E4000040BE69BB16BDDA9756CBB1C491F7A9BAB
:109E5000CB0A1D8356CF23DD305D352C9C96BED0BA
:109E60006F91BEB6E1015FE509A9CB7602E2B0A62B
:109E70008CCA11D3189432E27C4AA4A95F41E875D8
:109E800058E176DCA71BA60654E11E3CC715958554
:109E9000124F56A59157E7B9B019240EE8B532C84C
:109EA000992EE3DFBE45F77DFAADB1C66748CB2EEC
:109EB000F4A719ED978FE6EF7264FBF5DCD1EF6E36
:109EC000BF4FF3DD2E9DF45DE8BEDBBFFB03949A2C
:109ED0005213FA6EC67D23107F076A41AFB63B85E9
:109EE000633CC0D79F9FF6B8F4F5929FB70094B635
:109EF0009D8EAFB985FDD9879109E0D503ACFAB73E
:109F0000B94D82BABC49076B57DD1B5F8561BE2323
:109F1000B0451934A4227384C8F78F3EFCF027B7EC
:109F2000DD76DBC27EC8C360EF784B91FF1B48B77C
:109F3000B5C1BA78539EDB2C343A1E6EB604AB1F03
:109F40008C3B92539E5B96ECB53C486F24F2FD78B7
:109F50004CBE1F07F98EB288843F0E12DEBCE8B8F3
:109F6000F4C592F7CC5AD0973580DF2E730E60215E
:109F70007B18671A3955B3AD83113F94188E6D471E
:109F8000999743A9E569D727AF0359B62979F54BC6
:109F9000774C01BBA82F685D8F8B1EB27EDF995274
:109FA000AE791F1FDA0A6B602A47C32AD93DBAF679
:109FB0008EAD0E8089FE2C987BC70E07F61F5AA324
:109FC00072E7AE377869BFCEDD738781CFE040138B
:109FD000F637BEE27A9BC04FC63719456D1C741B1D
:109FE000B22F29DEDFBC027C3DACD357B719AE4798
:109FF000E2A551CAB2F6CE5477765D9A905A86CDD4
:10A0000058FC082C49DC30D93D79116A985C36053A
:10A010005664DF524ADC284D72A7D54E6C4902A91E
:10A02000B9072C5EE32843E6FF30CCFE4DCDC37D5F
:10A0300097A8E1649A1998ECD50F6D15E3DDA93C5A
:10A0400023DE28B12D89166B1D0DE32538267D12E0
:10A0500019F3580262C5CCA8DCDF3D01B104CEFE85
:10A06000E81A00F63EB533F15261CEF96EB47DEBDD
:10A07000E286E6B8577FF7ED433BE5C8F723751551
:10A080009F4AD9CF228BAEE11569AE2DAE61130F79
:10A0900058885BC53DF62DDA89B312C253290DC825
:10A0A000FEC7A48C258F49539BB1983ABC4FCAB0C8
:10A0B00021AB1D66B61124854322BA6B49D05B8162
:10A0C000C5132345C25EC7C23358EC18D902A3F8A2
:10A0D000F58F46A18B8DA290BFADE2B7126AFE202C
:10A0E000ACD71D033B28C55FC059B95B87760C4DC3
:10A0F00038F898946D93233B86DF08AB13B3FD15B6
:10A10000A25A37E110DD1B8797C2CA9E03F33C6158
:10A110004877886E48B5500DBA30A696BB4FC35AE3
:10A120008996318F1BB9C5B195D12E5DE7C5E28304
:10A130002315E515D7270B270D4706EEDB3CFB8CD7
:10A140009EC7E2DD231417C71198DF5164F497B25C
:10A15000FE88F5BED21B9035C54F5B28CBA63BB120
:10A16000583932E130B1D7B119A016AFE16CBC8DCE
:10A17000D824C3A4C79FB8897663BFB43C19564F8F
:10A180002F6A70706EA5358D64BDAFA1058BCE11A1
:10A190003443C39139FA04CC6E1BE8FC34CC71040F
:10A1A000EBC3D7C6C78FE0F9CCEC4BC1778DB4B801
:10A1B0006FC87A1F02EDF2278741E7FC86DA49A4CF
:10A1C000F705B08AB68A987E1FFC9B39BD7902E8F4
:10A1D0000D1D8309E16934FB92EE45A2C31F959FD3
:10A1E000FC9A4689C0B334DA07947A4C72D9744D1C
:10A1F000131A26BCF849376B21705C35640A9D81BF
:10A2000099EF68B10A43D642FF90E50D83AAA0B545
:10A21000D79978FC0CC8DC6194FD66F04FC4B68910
:10A22000FD8DAF97845F08FF105E21735804B762FD
:10A230004194C7097FDD02E1F03B2FBC1510D8C463
:10A24000E8BE8A0AD6B50952C7D7AC9D2E6716213B
:10A25000A34ADC7A0CF9491B7BDCC87833F09EB743
:10A260004DEF4EAFC505175BB1359E4BEA4C704FB5
:10A2700015720482D90935CF0ED3F9983383FC6F58
:10A280002EDDE660821A651DC3B0D657F40F7969DA
:10A29000A031F030C099017C6D04570F6D6ADA80EF
:10A2A000B61C36258435E83149033CF217D9D8B2BB
:10A2B0004FD2A0E81E4E8528DB064308E938B68D4C
:10A2C00031C911BFEC13313ADE6A77B01DB6D7340D
:10A2D0006E1D9756AB762F934C768BF08947E5C66B
:10A2E000DCCB403BDB9B3CC823D2BE31A6937BDB5F
:10A2F000687174447B83F67A9B0F65660B05F55B8A
:10A300001DEC795AFC76C42A302E5CF0DA806FA1FD
:10A3100095BF74C60B7AC00EA857068E16F774A0A8
:10A3200030E2D180CF86049070107E1C91182D4EA3
:10A33000ED4048E536082A777A7D9361AB833AAFE2
:10A3400077D1E23B6F8266534AEA92362877BA9019
:10A350000AA927DF44FEB21FC4CFC4E27AB0EF746B
:10A36000C1E60166B3EA34B4BD64FF80DE1E9050DE
:10A37000612A077D598643FF4AD3EB2005A917EDD3
:10A3800096326D052DC8C2D6D4418835CB91363F63
:10A39000E017C6BAD8ADC86102A51FACD92E6F5B55
:10A3A0001A5026CD8D0BDFEE8B6358D7AC78C63CA8
:10A3B000ADFE0F8EB8E02D828EC3D76E71247389E7
:10A3C000A75306F1861B5A2809AFBD1CC20BE83003
:10A3D0004B7F13AC73C471D4E93C33B19975E5AAD2
:10A3E000CCC9F5AF022DF73AB6F99FAC85B4B5F8F4
:10A3F0005A2ACC507DC11506822BD2573DE84077B2
:10A4000081A3B2293F76637363254001FC44E214C3
:10A410009186F94A8A3F9A86FD54F9320F9913CBF7
:10A4200062E5BC6D0CD9EFFBE5E296E2BC2C2EDBBD
:10A430005F9CA51E5689B43820AD4EEF0F793BC006
:10A440003EB23438E8C087B79CBA09170C86C02ED4
:10A4500042FA365CA81FC40B8B5A760F22FBD30E30
:10A460003A6868C173F082FE9081A418F71AF41D4F
:10A470007A6E244473141730240DE274943314F468
:10A4800096522E9A6B7050011849FA50C85B3AAB3D
:10A490005B724EBF3E857B42CA346AB87A6EE9B1C0
:10A4A0004F25EFAEA78F40DC666D27F66419775510
:10A4B000951CF95C8614743CCC52CFC25A6BE6FEF4
:10A4C000D65ACC3D8E54BD3ED0C60E933CDB73E9CC
:10A4D000D35C975BD9D9535CBB5C5FB43E2C65F20F
:10A4E000178372240BECD2BF07D92E6B0DDDBB8511
:10A4F000DEEAF86B00740548FB20888C1D5F4B5B1F
:10A50000B17138B458E10D432D38651D257C4BE6FB
:10A510004861DBE4C593AF2712E04FC3398A44FAA0
:10A520006A7896D0B3FEB4C4143A458A3E017ED40C
:10A5300036FE859CB0886877FF18E9591FBF88E40C
:10A540005BAEE4573AE3781638633F60B0E3EB4222
:10A550003B2546DE28EC606F40C691F588653600E5
:10A56000ED62F3C4DB16EF8EBF7E5A6DBC7BB9344F
:10A57000C3D8E860B88480CE8D4C29E65490F95554
:10A5800032C3630E7250C7D75E68E5EC1B84FEE3EE
:10A59000738CB447DA99D5DD579AC0812D6BDA05F3
:10A5A00072C07EE9DE243952225B3823D868C4FAAF
:10A5B0005B2B5BA65266A3125E23574FA5CD662583
:10A5C0007CAB7C00C2594AF86699014ED49BB39586
:10A5D000D85288E969D65CA8C4DC109B0831BB124C
:10A5E00073412C0962654AEC27104BA18DE6254A80
:10A5F0006C3EC45269BBD9ABC4AE8298114A362BAB
:10A60000B16C889920765489992066D61C9F51C4D4
:10A61000CDE1587336C7CEC7E214F9F581FD9B35FD
:10A6200061ACE90BEE91F26D4436CD81B54A4393AE
:10A630001258D4C86806132ED081A4B255F4BCA316
:10A640007DC6A11D78EE1EE319283B678935DBBF67
:10A65000C4426A1C25BB81C16B947A1AA55EEF982F
:10A66000F652C514A87BA92085D47DC6A1E97D0733
:10A67000279CD1CC7997A58895F588AE570D7D5C40
:10A68000C391D267C7F0FC8F4207D2A27D7E04B18E
:10A690002F401626C37C6101C398B770C7255A6F37
:10A6A00034E35D58FCD318DE1BC52D168F42388A63
:10A6B0005B2CB642388A5B2CBE0CE171DC62F1F98E
:10A6C000318D916AD67744DA40027113B8BC96ADE9
:10A6D0003B92ACD4796CA4C1EA4496344E63464FA5
:10A6E000929E6F1ADD94811AB01959340AC6168FDA
:10A6F0009E6D3F02292AB385639514E76842E6916F
:10A700005ABDB5ABF36AAEB5F6587A83437FC6BA85
:10A71000F9E00ECDDC2FD823EDDB1C7B405260E34B
:10A72000E9D0A11D17115B74913DE26533BF0A0D9D
:10A73000431B260EE499323ED3283B175FFD69C8C0
:10A74000684805A9F666E88770BDFF23B8D093D1A5
:10A750001A2CC075B69D35A386899C45C1983CA22C
:10A76000CFDC54FBAEF5EB4E6CD9587B6B062EFA62
:10A77000EF909CBF02C92680E4CB505FDA0F21F92D
:10A7800078849D5BC4FD2306C949C079A42DCAD530
:10A7900093A1973A90BB174761E4319EC6637B064D
:10A7A000B1B1BA16E51EF56F56E8FE4C7B94E25146
:10A7B000DC84471367A219D4DC7FD15BA5D09B8CC6
:10A7C000869D19BE42DF4F46F1FC6F94BE26702A6B
:10A7D000E82B85B3717F81BE9E1FB572D9D0970DCE
:10A7E000CA7C306ABDEF5DE0AF77957E1E6D8F71DC
:10A7F000A492D7316ACBBC8A835E8CF703FE55677F
:10A80000BAA61E57FAC8CEEC0B69C25ADA041093E6
:10A81000722F2A78EEB982DFB980DF23035B365FBF
:10A82000C1F093D8A28F8DED67231F2B94D602A57C
:10A83000F54ACA0D2369999BEA8F0CF8368780D6B2
:10A840001BEBFF275A4731AC2718F6E901C34553E4
:10A850007F8861EBC80F697D32646BD35EAF73EDA7
:10A86000762404264AB868859DB5D8FB10838BF200
:10A87000ECC9A24C6FEB59822E07BF0FD93A8C5B03
:10A880008F7E1B011B432EF854BAE938B82ED45BD7
:10A89000870D5CBD2323B04462DC780F3ECC644E50
:10A8A00091F0AA2D3DAA2A36EB62EA644E1596E78E
:10A8B0002D2D46B3DFF46FED89A7B7F44CA02689A0
:10A8C000B22A1CC4D7A68832F375B02BD4E90C3A4F
:10A8D0009591FB1BE6F7BCD8FB99E888B41596EB7D
:10A8E000851B85B51C7DB2869BBF687E196B614454
:10A8F0009B0C3C905D10D46515FC2077CEA2AB94E8
:10A900005C9392BB28407B8E0C745D55D2D92CDDB4
:10A91000A62FBE7C1DB5DBB13098534EB9A8F02DE3
:10A9200078A7E39A33B7145940B77AC62047B6C917
:10A93000F99C8663C2AB3132CA9107E503C2EF1CB2
:10A9400039C1CF41D766FD282BB32BDAD2CCCEE26A
:10A950009DD1768CC1294A3B7A6827F58CBE682246
:10A96000B4B30FDAE1E55C4E0DEDA42AEDDC0CED9D
:10A970003CE3A09476702021EB6008656573647CED
:10A98000FAAC6743F159FB437159CF801E7610D65C
:10A99000EC8F653522E73B2D10DE056116D6337D41
:10A9A0001BFD00C325B72381117F3766E4C87A8B6E
:10A9B0002CFEBE55BF39C9935FE2B62A216F29F933
:10A9C000454234EC6D5371F1A0C10D00725935D878
:10A9D000EDB06A7C2FEF77A8CFDBB83B0439D22DDE
:10A9E00067B9B2416B20E99FCB4603D1EB481DBB51
:10A9F000B0B7056A40CF9D50333E56F3B4BCCD612D
:10AA0000E3F6F8EF1050961CF940C6D7E6B98C442F
:10AA1000E740856DF1303FE4C89FA16DFD9968CD99
:10AA20006332E31284D786C5301A9EE822F060E3D1
:10AA3000CB0A8C851DB0D285C87E590A47764FE572
:10AA4000C8DBD072B69FE1CEB61CE55648F16BED7F
:10AA500090D624DB5CD9BC9D7B08E07C422E308004
:10AA600046D1B98EC746B2EFB5967F2EBD4838C4E1
:10AA70001B5D5FF394712064E4FA42E330FC2E0620
:10AA8000433CC070EF7F81E19B1FC12017D7731E2D
:10AA900080428EFC515EC7A95B99DE77D428EB35E6
:10AAA0008736502518C9A9069623F5C3D5023B77EA
:10AAB000AAAB2F94C31542C9F7E56C8E51F6DF247B
:10AAC00005BF8990E6FA0186AF03086C5CBD7F1D67
:10AAD000405E08582DE48D2D362E0F627364A34B13
:10AAE000027C6D6A4B01EE20239F1D1B39DEF57140
:10AAF0000B7E91D43E27E3A682F67CE1ED6EAAE0C0
:10AB0000ED6E94898DF15D4F3B0AFD784F368FF7DE
:10AB10000AFC36C7C0F902187BA6E11B183BD5EC2E
:10AB20005576231122634984B1C891008C04C14831
:10AB30008EABD08C9761246725C67793C4A61F4D32
:10AB40007340AE69988391D8622320B42358EB8276
:10AB50009982957DA234D9C801761036D543AF2CA1
:10AB6000C7884B3AD81646ACEEF096EA5FA3849BB2
:10AB700004034876B004DCA9A544B7268EE8C2C415
:10AB80009F40E203BE25BBA44E74BCCF8E947412CA
:10AB90001FECBA123E2E7DAC271A72A42D5EE890EF
:10ABA0008CDE1411DDB42998703F3BCBDB69CB7A86
:10ABB000B86F627D49CDABC22F71FCD997854CCC63
:10ABC000C26F8AE8BB890F6E831CA3326770E604EC
:10ABD0000166563C9A7DD47F1955F4C467BCE6E7FC
:10ABE0004446FD4B558914CF4F101287B68D4C1635
:10ABF0007D15A97E556FFC347019D3FCFF907C95B0
:10AC00009C48A9FF02FE84FB3F94B655AA7A994955
:10AC1000BF16DE961EADBC017EEB2B3F967C3796B1
:10AC20008858F521F8C5976A55A8D795711B56F530
:10AC3000BA525E7631AE0FC1E24DE0404286E3E3A8
:10AC4000974B4CAF0BDC9A92C1E0ACFA2CDFB634D8
:10AC500066C0779346A4557BA43DFC0C314E3DCF96
:10AC6000B94DDAB304651298D16F9158348A8DBF0B
:10AC70000F5199CF8688F5F47428B90D307113DE21
:10AC8000DDB55E8E948E4DCFD69DC74F75AD07DD79
:10AC900036F2FAD8F8293AD10310E8A26CECCC5C71
:10ACA000C11D94A7C7A227B52C9101668ADF52E780
:10ACB000E0B7F0409B3604DAC071801359188EAEAD
:10ACC00023F3FE7B392A2B44A031A91FCF01656CE9
:10ACD000C9229378B2CF8759FF44AEB26F0BED8390
:10ACE000341867323DB06D99BE607B73FABD9D9A92
:10ACF0008A1ED7E4ABCE6D3992A6997D5650786AFC
:10AD0000BC04FD1258259A54E1662185A34FB10574
:10AD1000C71C662E124C158C7C53FD01DF27DD13FA
:10AD20002C1F911D66CB2B126BB30A1E2E7D5D3638
:10AD3000B7B7749E4B35B06DB97E9EF55E83E6164F
:10AD4000BF536469EB9DB80BE55E0A6A81A2200BD4
:10AD50004A1BB9FA66A2EFEFE6A2E3D5008648CF18
:10AD60000D32C152E3E8F4ECDCF3044784C39F1FC7
:10AD700033665B82F42B2E4E75683647FFE5190764
:10AD800039A19907F296652E076D00CB110516645F
:10AD9000790F5C0740F292846C51BC2DE3CAB96212
:10ADA00098C72CE1FF52245AC142F4117C2ABA1EE2
:10ADB00099475245AA99E11239C686C0BE3D3C6802
:10ADC000E42C6EBB945D04B402BDB410E4CA22F05E
:10ADD00057B0CCC096E51C973ACFC619E7CB918502
:10ADE000F2AB8EC12070C272B0AF9691B3A8B7BB60
:10ADF000A75CF3B6B4C2872DDFDDC60C3CB2821966
:10AE0000D8F6D3B7A5D5BB1E9604DBC392D7963A26
:10AE10009F0DA7B2E45C9DEC0371DDECA13F845370
:10AE2000A1F514D9389F93B29FE64AFA830F4B5D80
:10AE3000DE292D4C19124F0E33EEEA2A230736CAAB
:10AE40006FC81EF79BE0D06A64D7B731EEB45A865C
:10AE50002BCF3080DDB15FA1F82E45EF87D1E52CF7
:10AE600009E4B8732BFE381C1E78CAF1A85F6799F5
:10AE7000685931AD6DB86F841ECE5876AAD5DA42C6
:10AE800065D3DC4027B17CC447E2C3F2FCD7077C22
:10AE90001B22A74FF59E9A30214CD3153D9F6B4F37
:10AEA000F6FD997EAE9766B561AC03DBE6EE5B8797
:10AEB000EA45EDB06AF9CAA17AA96D581A681BA8CB
:10AEC000DCFC967F42582E2025BB0CC75B6FC9580F
:10AED00032B4AD3F7E98E9FFE3707FFFEF1D7F0D39
:10AEE000E2A28BAD89D60F3A71E1F1564DF69F3B48
:10AEF00091497FE764DF6EEF192F36BE1562393F47
:10AF0000AC7D0B1D89C85EFB2026EBCF04E5B6C9DE
:10AF1000DA9A55020D56E911872640AC2A4A6C1B75
:10AF2000C4D7F6058D9CB70383F4266B95A3A6C101
:10AF3000932C7A13A7049025FEFA86CAE24BBB181D
:10AF4000D4EB4C32BB26DE7B83467B6EBB4673AEB6
:10AF5000B866B964E17FCD4FBCB75864F0C43B71AB
:10AF6000016DFD26486CA500E07053DB54CE5933CB
:10AF7000996B144E6B184E7BAE51C0A6A7F8137D8B
:10AF8000760AF8780DE1007EACBAA65108AAE22054
:10AF90000F687BA7926B26B9D864046E5CA2E49F0D
:10AFA000A663F973947C07C9A7947CFB1870C5B29B
:10AFB00033D2C748DF420BE99EBDA5603936139BEB
:10AFC0004D8E3CE397C076E06A50CE3D4175385EC9
:10AFD0005328F8347707D4BD7852A1704E6AC67AE8
:10AFE00098ABC437F88FB37611D9ED09FBAB20FECF
:10AFF0005686482566F8EDA2CF4EE2AF61A8311122
:10B000008989689B341705A5A3789B94A7F848B74E
:10B010004D9A150DC56F9366474313B6495741E8DE
:10B020004D2865537C526A4E3404A5F24968A21635
:10B030004A15E80B4DD7F04CD88598703666C27328
:10B0400055374ACC5A3BB81781D7B5F5D8770AE6B9
:10B050003BD1219F93ECB61BA5C22223CCF7BDA503
:10B060008C7256D369246376880CB515C2FF1A3BDF
:10B0700070308CDCE45787F59A5F852465EF809CFF
:10B08000B5AE1C22BB864B7B684C05F082EA30A231
:10B090009945AC606C3171E484478ED4F8C9F9EB02
:10B0A000A36E72166833919B319F4A655D6860EBB1
:10B0B0008DA9735026503E1E64F6A435AED9F7DE36
:10B0C000A39970F6B23AFE5CB01BFDF2B78E678AA8
:10B0D00035A7B99A5F4899DE3FF2B3EF252BC5EC4F
:10B0E0003BF15C3A0F878DF8CB60542A881D84179A
:10B0F000C6652DE83A57A42CD1539C350CB7574060
:10B1000062D792E670D7AD133873406A8949E52C4F
:10B1100098D53F83BE59A6B724D9E94A07F9A63E78
:10B1200087E7D1B33461A3A63F484EDA56692E9F14
:10B13000BD8623BB9B3B8750B618EB5139BFFB2F15
:10B14000F23D2B760BCAA98D073D1CECF80E722739
:10B150006C2A476EE12482D690021CF5A5B2E75610
:10B16000E8CD6AC951348E5764A397E07156F7D180
:10B17000E2786E12379DF3416FAD83719CA996E220
:10B18000B4EDD9B54B5A884E552DCB91C7E4222E3C
:10B19000973341ECAC4CB4A9A375641ED966FC8A04
:10B1A000DCCB721BD63944B4D1B0DA50A3F8558643
:10B1B0001AB3E2A371186FDAA3AC20583539F862DC
:10B1C0000BA9439B928D589C31449B52C037833FBF
:10B1D00009FC6943A49C1366EF3672520BE594BDDB
:10B1E000A9E83D25A2232CAF6F7E42EAB2612B0372
:10B1F000327F32872E6DF16DA9F8996431EADA4B0E
:10B20000250BFABB84F69F92327CDB24234F6EF031
:10B21000AC0E444B7B03D139F707398AB5AA9A643F
:10B2200081ECAC24F32444FA4BE6AB6BD0CC5B2B23
:10B230001F81DC68D9BF8DA26C243EE1FB1AB0BB34
:10B240007A8819D87AF31B9C369CAA253B200237B2
:10B2500016F9D318751074F4918FA4D4FD359CB6EB
:10B26000574327845327ECE1DEFC9A46FD25A9FCD1
:10B27000CD7C154776E206821F4B08A5F2C6AB9F30
:10B280009618A3E14EFEAA4F824FC0E836C01A8A34
:10B29000663E0CA11A58598CDC2B12F2BE2251DEEC
:10B2A000C724062472D168754DD9B18A7EE430F086
:10B2B000D135A6F8D2D720E52B86EB387DCB8D0093
:10B2C000DF3B237F96D0AE7618E5A34164FC26547D
:10B2D00028C04C59BBB71483EDF248B010F4C6AB8C
:10B2E000649296CFAD128A612D25A7500F1CEE0EE9
:10B2F000559A0DFC3E89B2ED936863BA3A89A1FA7A
:10B30000BD665AB46F4A767648C878A24F4B253B43
:10B31000F701A4492A6A36D5DF45C5FB619D294658
:10B32000A66467554D9CF34C65754DB279656514FF
:10B3300083046FD770045B0B47D9F6EA9A3F840801
:10B34000BE1B8E55D60425647688987A0BFC68CC93
:10B35000DCFFC052B338E107298E7EBE8AC4AA6AD8
:10B360004E4829F9E49781DFE2CBF29D27A4F82427
:10B3700012B72BA9AEFCEA1A6C3E296540C9D3125C
:10B38000CA27FD9E00FF098557289AE0705D283A7C
:10B39000C7D93624DE282DE9C134C55101C7B4CA46
:10B3A00030C2A0730AFA963880327394EC8963F144
:10B3B000F8D15859B0B23E8EA5BD7E946D23F79D4D
:10B3C000CEC6E2AF1E456D4DCDDFF769EB0433A16C
:10B3D000F7FED1EFFB545BB1BB69ED18D9A3FF16A3
:10B3E00075B16D72E45B19F4A91F957B34566ED567
:10B3F0009572E47E66E26B6C1BB5178B93C6C642F2
:10B4000094F8E81B94B8FE0D7CCD7BAD54CE337E12
:10B41000D4FB16223A182E88EE634EE3D2EB57691E
:10B4200054C0E1A96741C201CF2D2E490E540B6BC8
:10B430005BAC42367711685C50FF82F056AB5364C8
:10B44000685E7070474BD9B9DF860E08C8FA5D7028
:10B45000308495FDC84D6DEBB86D5FAB117083F90D
:10B4600006E15CEBFAF65F0BBF6847BD2710357548
:10B470000F70289EB7057EA7C24A4A6C019C4FE711
:10B48000E2308BBB81932E87C6CFA3B637FFEEDBAE
:10B49000AC9D1DD2121FC3ED243B1900099AC98A25
:10B4A0008CEEC592F981B5425CFB21A1BA85CCB383
:10B4B000B8A045302A9039B9B75A5772E7BAB1BA2D
:10B4C000B9949DD71342570D07C94915E875DE5544
:10B4D0001CFD525C988D275AE0148EFE335B505D44
:10B4E000B240D1020B410B3CE6932377C98CA201F9
:10B4F0005A04580771FA3A0FF01670F4CCF3302A58
:10B50000ED95B398F1F3115B1B2D68854F12DB7A33
:10B51000839B2D22EF3289BCA3A227E88D0B20EB61
:10B5200051FF73F128E7A8FFF1F83D0E2A3057913B
:10B5300089B68E3D0E55F0AD3E9F17F4D84D5B1D7C
:10B5400097837B1C79CA1E4758B12B4B6A26B517C7
:10B55000571109EB06DEE64B4FF6EDE02A7ACE3CBA
:10B5600004A56B27F758D485FEEBB897392BB75253
:10B57000F853EFE9CD66E8511740B9A9179E8B7FC4
:10B58000CD3125B8CF91184CE0FF114AE6BE0BBD76
:10B59000E0D00429D1E73AD1E7DBE828890BDCD4F5
:10B5A000F27D883DFD6DE84309E9E3F88F42AF8104
:10B5B0003DFF9AE3CB4E83F0348772BF0CA6F12790
:10B5C000155B4C2C65F76151C354F49C63CD2E95EB
:10B5D000A8017B22882AFA372FDAE3C04122051816
:10B5E00051A38174DDCF4AAEE30AFD3FE5DE01FBE6
:10B5F0007162FAAFC11A9CC07DC6B2BDE72614DFE6
:10B60000922C4D38DE6ECF1952474C43BAB0DCFA5B
:10B61000680FC6A543BAC8357608C5D3903BD73561
:10B62000CF752EE4EBC146D6527CC944E1563B426D
:10B6300039BE561AF4B1A3FE25CA5E4D7F90D85E7E
:10B64000C43E7E2CF579070A1676A448385D8E7CB8
:10B65000214700568750DE029293776EAFDB8E0B48
:10B660009A5A9F7238EB0AFD5BEBF41CD93FA86F26
:10B6700036822E9CC0091C328D4572468C1CF30408
:10B68000597F286E45CB5AE024F6D50C8EFEF03556
:10B690004736EFE12D1CD8C0AACB413DE8D6DE0EDF
:10B6A000367BCA796D767C40072E0E5C3CB8047000
:10B6B00013B253FC76A30D2CC078707A7029E05237
:10B6C000C11989F588483D287B5E0F2E055C2A3814
:10B6D00023385BF6A3FE4423B130B5E074E0E262A8
:10B6E0006D2428F5C87CD33CAAB98AE1A69D0F74C5
:10B6F000537B5156C56579D3DB61A3FAF9B011E5E7
:10B700000C016C43EACBD943489CE3C4CEF75A53AF
:10B7100095F5909D679F4573BDC1CF3C0B885EE258
:10B7200094236BFD50CF4B661ED14B807FDADFDF59
:10B73000510DB2F4FD2DFA0EC663103278BAF2E460
:10B740000E5C74724B39FF7D286A2F4CE53ED89110
:10B75000C89DECD362554E1DF7386831B60032BE35
:10B76000D4AA091B98675A99D9D3877C5262E7AE4D
:10B77000123A8C69F599E11D3A57559F961EDE8263
:10B780008D862E8384F8AF6EC2B69ED0AE92F0E95D
:10B79000DF8755711996078463C37D97E8E1A46339
:10B7A000D387765E467925C1328036176CF4C2F6AF
:10B7B0005A7E8348216205803467BF0AA1196ABE98
:10B7C000967FA595D8102525FAF3BA5E96364F4D8B
:10B7D000060AEF5EDED2CA86319B9E331D74756BFE
:10B7E000A0A4441DC6EA70E7F00E80949AE45A03C0
:10B7F00030BC19C2F98FB7667016903983C1B5D3C2
:10B80000E35C19A623C3E13EC2098D8E33A7C9A903
:10B810007140E9BD77CCD87E4A42CDFE10368742D2
:10B82000C721F40BCEC833DC5BA1929273E7498940
:10B830000B636CBB913FACE4A11924EFF5E85C50BD
:10B84000645006B7B57995073F4E6C3C7263F805B6
:10B850009FE5516BCB3F3D281789BFF769ACF33AA1
:10B8600035CA9ECD1FC754304A18A38AEC908D4B21
:10B870008A1433E1BFEE21F3A39F79C8FED258A406
:10B8800063C8F828B6F95AE5C8576372E4DD315C3D
:10B89000E86B356EC3B6ECBBAA3DE647D36B735D70
:10B8A000B4389DAE1617D265B0EA256F2CE43C7C07
:10B8B0000ED9FF1AC559C11005E3D398DFDAA12EBE
:10B8C00038327CA96FCB8EA586A6D6C75B1B1C27FA
:10B8D0003A51389E26D61BFB9D7E4185E8D3DDC0BC
:10B8E0005DCFA57EA7D781FE39B61556E4964014E4
:10B8F00096034368F682206E3A04528E3283349C5B
:10B90000307D68CB487C18A337C3EA44D3A3BE5626
:10B91000DCF96B87F58C1C7912E0AB1DABF224D5FA
:10B92000E2424A9C4EFDDAC1C24A6CD7397A1625EA
:10B93000A50FF9C2E53D940EDB004A479DC4EEDF3A
:10B9400029E9D107B06ADFACEC35ED1DB53C8AE7DB
:10B950001D71CC6ADD2E622DB1158F06378690F9E8
:10B960009DD0679EED3F9F20517A3CFFF5569C7F0E
:10B970003CB40174B235CAFB8149603FD900460628
:10B98000F4C0B148C590BAA99A6F1B40D3354D2F6A
:10B99000F073FD355AE0EF8D07AA7EDBFA552513CB
:10B9A000D6C37AD5E85077220BCDBFB0E5F32D96FC
:10B9B000AD9FF352879AC705C4AA0D437B746D7A75
:10B9C000BBBB1559DFF563AFB28753EB2D9540969E
:10B9D000BCE7D17013DB2D8F22EBD5C1AC87A6CF8E
:10B9E0009ADB59589B7DCCFCA82637AF73C68EF9DD
:10B9F000224D5B836426C99113A346D056E7507647
:10BA0000A6B84755698F2FEEB193B9B9D1C245F7A2
:10BA1000D3BE1B43D99A4FAA3CC9CA29F6746BBD41
:10BA200072E35CEA30ED98A52EE9C1592A27D14B83
:10BA300012C728EE4B18258DC264ACE83BC5FEDB6F
:10BA4000D1CC10EDD1940D2BF654186DE7608754CE
:10BA5000687B45D2DB129B540DFBC02A794C4AB55A
:10BA60004D6CD23478B80EA90C7240F4701F755327
:10BA70006BE4C8D3B20EE414592FCE78C82DB1C9E7
:10BA80005C5C7BF2A3AB8E5DFDD0F4ABB23B9F90D0
:10BA9000908F9C16CD08100D3B305A506BA28A7BBC
:10BAA0004ECE29EE6171C18EE21E4D65710F5D4C67
:10BAB00071055CB1E8C364E76C078C43F749412D1D
:10BAC000B66A821BFF6D34642D22500F2923207229
:10BAD000576CDBD94C24EB9418F4D300FA7B07F7AE
:10BAE000498B6D2BA72D732C2B7E4C4236023F19B0
:10BAF000CB44652C65CA5852602C3530969B94B166
:10BB000090534818CD2FC97E691CD92F47F61AD4F7
:10BB1000C2D8BCA5CE1A83E0A8A23C862BF28AE844
:10BB20002462714032FAD26E48016C157368A6B671
:10BB30009D4016ECA62CCF1AD6F4D2F4938E7BE05F
:10BB400077DA69BA66A7232128471E1AA56BD205A2
:10BB5000BA8AF6C4F1D04A25AE212DD573FF0CC99F
:10BB600011EF689C40EEB35DC9839C4E5817CF8699
:10BB7000EA39AD10049DC9B76D9A32FF7736277048
:10BB80009F484B76A5704DC432016D3CAD8EE8BB2D
:10BB9000489C54B76CDA422BBA34B10EE7D241223A
:10BBA0006DEC625C1DB27CD4CD161C95526C6DBDE3
:10BBB00027132B7A4E6AE833C818A7DC1BB6A6FDFC
:10BBC000CED129C5DB16F837A7CBAD33B9F4F64E85
:10BBD000C010B2DE179839EB86CEB7C3D9EA3F2A38
:10BBE000B78BF2FC975BAFE350430ED729B1883D8A
:10BBF000940F142A1879A157AD9BE722376048EBC0
:10BC000074182D53155D444C0369916EC836D14D9F
:10BC1000C98A1E94178456915D09AB02E849F6D093
:10BC200052CE639023492385ADE8AAA381DB34BAC1
:10BC300080EE10DD7B165739264AECB594A8A19208
:10BC40008B3184D8BC6BCFEBF3EC97DA7C46F8FDF4
:10BC5000A3EF9832CEA77DAC656ED71B1C9A7122DC
:10BC6000C4347559B3FD5D1675439CEB9043D59074
:10BC7000727E653ABD173DF978C95CFF52EE74AB30
:10BC8000C7C01E626C9AC7E5C8C5614DE364D74B57
:10BC9000BD946E92EB722B819A695237AA9E6A32DA
:10BCA000300D7413D0A5E10F21D4101DDF02984D83
:10BCB000AF86486FC9016C790DF0B62EC0E62575C8
:10BCC000EE032EA99A6619A22E9D03CBB44294F3DB
:10BCD000A921A6DFE27C0CD249DE76A0E08D213DD1
:10BCE00094ECB85232F8A39284CF48DE8B50F2DA4B
:10BCF00090312FB1937DAA7A9A6988EEBBA0515DED
:10BD00002917EF64F7B04DEF4199DC903DCF1AF859
:10BD1000A49B5D5339ED54D8443D1736D13386701A
:10BD200058052D6741AD89CE34E7079AA473D8FC36
:10BD30005CD8489F022B9C8254339478D6BED4E1C1
:10BD4000048DBFBAD749E73BAD4EE0020BB9734350
:10BD500076F1E4AFC8FC19815F160D7EC5E6ED07EC
:10BD60002C1F396FCCFBAEF3A432EA57029465ABBB
:10BD7000123A16602C0F856C6D383705342B9C6990
:10BD8000CF7BB839DB6FCF44593817E6CAF2D4CE2F
:10BD9000F4DAC7406A57030D194243559563528C34
:10BDA000860D761584D06E9A33C3BC247661DA3062
:10BDB000B9EDC6E67E715E9F4B77A6D713ADF6B39D
:10BDC0009031F7313FB905952E500DD0A6A533A47B
:10BDD0006FFB40486FDFC9C755EEFC0F4DE17D5E3C
:10BDE0000CD1EAC5FEE37DC76D14682B60410037B6
:10BDF0005E96A96C757099FA445FA21107C91D2659
:10BE0000B6E3449FC63E1C8ABEE5F9A89BB6E8048B
:10BE100086D32BFBF314E84D27FAD433D00C949B34
:10BE2000C06DE17C97227549E2F14576B1AF4E7B5A
:10BE30003FCA41E2F77554361DB0D41E71D8C56FA4
:10BE4000EA4EF431D5EA063D47899B6955033963CB
:10BE50005135E5B82A7AB69695F5E8C071C25F6AA1
:10BE6000910599098EFBB45BB9B21EC4520DB70798
:10BE7000544DA881E26E179671EC8B46B048C86CA1
:10BE80007DB76E664D457B31C7282B74FF9086DBEE
:10BE900045566874535791676F494260A180AE1A46
:10BEA0000C8EE77F3144EE937F17B0D414F133AB9F
:10BEB0007E2B4D39AE16A7B31FF66D8B7FB9974514
:10BEC000A00B819C3CEA9F005AD9C1DE787AFAD057
:10BED000D6B1BF7753A6A37E04AB8CA6E14F2487CF
:10BEE0004E6FD5342C054E280CD04D9F4A999F3764
:10BEF0001A982698D5F1D5BD183F59F2402FA6AD16
:10BF000067D6DEFF5BC9D0B5A9242D4835216B6DFE
:10BF100000679B3EAE15A4F64F25F1C49E122F94E8
:10BF2000997CE6EAAE99353301D678147D7540E008
:10BF30006D0378FB43AD65BB1CA41D0C92450C91B1
:10BF40001686029AA644EB948F871E3C82C84D50F9
:10BF50005A7C804E760EDF1DB58B0787D6DE7FECD0
:10BF600097545351FBF08327FBB65138BFAAEF57C4
:10BF7000F4F0DD8150CDFDC71E6A745C54A09817A3
:10BF800038A2A5ACF900F5319E691AE689AE907029
:10BF90007034F2E818DDA46B609AE21AAC53E31B2C
:10BFA000ACF7BF225DD74C76455F91AEB5A99B1E1D
:10BFB000931C3615FC3A6D7BA43C90F2F6FDE436FA
:10BFC0000EB977F69854EC3B20E85E24D693D22F36
:10BFD0008D0B885ED3440D6F793634FCE03B7DF6E3
:10BFE000A4D6DE33D3EDE2A08FE43A4BECE2888FA7
:10BFF0006AB4DEFFBA16E52E0D4C16B1BA32485BB4
:10C00000ED97FA7DE3300DEFB84DD13EADF7BF3A75
:10C01000950618F2B96B62947B6A0865C75F888ED3
:10C02000B76EE8DFFB5385602E6E3B545FB49568B6
:10C03000D6EF01FD5E0C1BA9EC216D9801AD1A3BFA
:10C0400033617E4F74A672EF814EF6FAA036CC6A49
:10C05000DBC3F6449AEB0E1EDD927B3FBDE074EB32
:10C060001C68F7D8E0F08347B75C709EE83B9E54AD
:10C07000D5F7E7E4E1BBAF0BFDAA7DF654FC2348FE
:10C080006E0248DEB8987BFFD11D58A9F7CFD0E0EB
:10C090008EB740BFC6454CCE85D6559DD9539145E8
:10C0A000134E57373AD8F37A097FA096F0713C07C0
:10C0B00017A8722EB6F607E9A774BB99A7E27637E0
:10C0C00038A00C8EDF5DE8670AEE151276CFF52FEB
:10C0D0001FDADA872C131A8677100A801E4C1B5C35
:10C0E000FF8E7FA089711CFFC842A841A8703F1F26
:10C0F000852667AA1CB979B068E7D12D5B1D7470DD
:10C100009C36464EF7A21C191D1D7EF08D1D3FC6A4
:10C110005AD1CE46473CD8A61B443D7AF3ABFB41EF
:10C12000CF3E1C5019715786AD809B26A0D9434144
:10C13000AD819D3A7B6AAA0BF76AE3DF0CA727DE85
:10C140003AB4BD6F5F67A3A3E9FC6409172170DAF5
:10C1500030D67E0F9A83163581FCD3A1BDF01B87A4
:10C160009E80DF04F4F857C84FEEFE93B57683380F
:10C1700001ED80D444F4C857DFC3A4562D2A5F6B69
:10C180001631555E2D146CEDD3D64777F1408BFBFD
:10C190001E75D994538FAAD7E3DD09E5E705537FD0
:10C1A00057A596D1C6EB9C17F833D28851BBC8214E
:10C1B000FA369E84904E20BB3F3ADE68BE70CF5662
:10C1C000C98C947B63E41D2C3DA4427AD4A58FEDE9
:10C1D0005F4E70AF1292FB51754A200C9A33F4BE39
:10C1E0004DB816F4E74D9F576ADD17D75A6EDB46F8
:10C1F000FA175DA3FA16B5FB40A5BE43E51E0E91E6
:10C200007A83B1BD1502D34210810E7028CC3BE970
:10C21000814AA716BFD7BA5542C9D88C009B8D76E4
:10C22000A7B609D1B1BC9392CF64E0BDA594E01448
:10C23000263A314FB7A42AE79029364AFCF20D84FA
:10C24000C88D0412FE14C285E0AF3A164D23E1E515
:10C25000C7A2E50E45CBCD21E1E763E554D172F9E4
:10C26000242C431ACE49F16F109395F34D2C5EE7C1
:10C27000BF9AE8D7E5148FCC0EFE783765C6601FED
:10C280005377C57168170ADF822BFA7D1B496BC093
:10C29000BF7BAC1C893103AFDE494E8D28F1C32131
:10C2A000728F387B3D6209CE188E8C1E8B453265AD
:10C2B000B1DC153D83D22B67E9273D442F4C6F67D6
:10C2C0004CAC4B8EFC46CE81399102F50B614EA8E9
:10C2D0002F18A756F4A34A726F0CE6A8BFB0E3DF8D
:10C2E000C79FDCE65A7B56DA33D7204CAC65722602
:10C2F000054D0F503949C1B47B93B663CB4E7BB229
:10C30000233E885F64C28BA1BDBF4950CE859B4C44
:10C31000F7529C5140E2DF06C9992381FEE6A3FF54
:10C32000C2DF32082F06DFDA1E4D23E1ACF628FE0D
:10C33000661EFD17FE4CB17291685A3E09878F4602
:10C34000CF85F56D812B1031DC9420069852823711
:10C35000DFBB3406D384608A0D8B6FC81457D64276
:10C360006022B7D22BEF350A64DF1F89B5ED042FA9
:10C37000F6B5A00FF991728EBCB92DC94DF3C8E284
:10C38000241428C059D48C44B7EA2EA0C32EDC80D4
:10C39000C2DBA81C0E3D49DA20ADAE95B56E6ACF62
:10C3A00047DDA89A19B028F7DD093EC9F8F325063C
:10C3B000F4FF25408F4A3B62B72F446C9C60336F7B
:10C3C000013AE8EEA57BB750FAAAF27B13F29DC0C2
:10C3D000F33BEE4D6A21B70553AB28CB71694F0A89
:10C3E0001DA357745F85DECC70C92DBB40233FD49D
:10C3F0006E9C0AD098E4C85C72F30D65DD033A0BBD
:10C400004662DDC836E9A625A4571227B443E23DAB
:10C410006F1676E8DB3058698C4D8E64C8C862B9F7
:10C42000074AD9A23CC070288B409F29935A59F7DC
:10C4300060B14F364E25AD60685D25935314C2013F
:10C440004BFDBBA45B6CB4C8D346B03A76493F37CA
:10C450009A7289F64B774ECF05AB0E706FCE1D0EDC
:10C460001EEF4E29A0BBE8726A8DC6EC58B3750D5D
:10C47000397FCF54EECFFF902E06852E537EC02BF2
:10C48000138328BC5845EE31DE25AD68C1CA6BB1B7
:10C4900063F28FB9E69844B89AD833A8B78E7EB8BD
:10C4A000795A0DE1DEB1D8F908D3FBB0C63695054F
:10C4B000980F8D0D0BAB3CE9821AC693DE42EEC796
:10C4C0003D27E3BDF48B587C5CA13BDD446C192413
:10C4D00036485129A5026B665858E9491250EE407A
:10C4E000201DF4A8647B38C8846FA17A4209730ABE
:10C4F000DB964826FBC7B15E00A2CC646129A11A75
:10C500007D5168F2FC5C2869614C7C2AD82863D193
:10C51000D983C527C6C8AAF646EC5CA7B083D00E5F
:10C520008B9D4781063017B3CD48CA2C42A6D1C88F
:10C530001F8790E554372E18A7C3F839CFF16E7ACC
:10C54000F9F16E1538CDF2621E8B1F48306FBD0FAA
:10C550002BEFF8C97D09AF327E15B7C473819FC038
:10C56000A570A92DE4C6D668E43743FB3DE3E1EDB1
:10C570004373B86C8E9CFC61F16E98435B044AC4B3
:10C58000495B40961CEF66C0A9CD541516FBDBC570
:10C59000D7A02DA674FB1702CE7ACEF398FD27CE36
:10C5A000923A0BF0FBB37C352FBE89C544904BD13A
:10C5B000321AA5CC6AA58CEA4765B6BF4160A22CA9
:10C5C000288BE1682FCC13809C01A75E5E729BAA2A
:10C5D000CA272D5E82C5BF4AD542BA606921982715
:10C5E000508104E9A06B5556721EA70BF824C1A612
:10C5F000B2D05E279489037CEE2D459603E40D248A
:10C60000C2B5AA1C35709B60740A9417EC9098EC24
:10C61000F1B6ED02FB95CC0664F19110508BDCFF76
:10C620007F65B05A68128EB4EF015E4D1679D5BCA5
:10C63000003291F4CA91A8BF6C84C091DCA23691FB
:10C64000B5546DD90675C9BD1672D6F145E035A948
:10C65000CA567547A3A3DE5FBD66CFE02DB635771A
:10C66000206B8568A37D97E83A340B89977C5A3311
:10C67000D4302A74329DED4EB1104A6F90A394BE0F
:10C6800010DA03B382062DD8D94359EC97A8FC06DB
:10C690000712DFF6993AC98DB9B2404227B62E0C7F
:10C6A0005056E03C1FB2B60287ADA6CC6B2873D5BE
:10C6B0009A036BDE0A1D19A8DB8CC426DF9101FBEF
:10C6C000E6E7827BA45FD8B0757FF03569B5725E0E
:10C6D00091DF7564006DB83E3005DADABF614EE077
:10C6E000C0C0F16A6CDDD5592D4049E32FE0F75603
:10C6F000FD6B126F3372CD30926D01A76059430B01
:10C70000D56B0C504FBF617EC07E9972343836F7BE
:10C71000D71EBEC56D594359AAD720CBC950B4976F
:10C72000CDFD771C26FD90D3AD53DD29CB9F83F043
:10C73000F36B6A43AF010E496F131468B649B7D95A
:10C7400008061D52148358C1200D9C49B838A5E035
:10C75000E91013BE9DB6ACC1D0AEA596B1EA835127
:10C760007E26183A3EF6B0727E572D6C936E5F624D
:10C77000F2122A93DAA45D64FD4700526D0CB444B2
:10C780005A46D6BF0528A5EDD3001F6F9BAAA6C5A4
:10C79000440C5ACF392C364B389B0950D99BFB534C
:10C7A0000E5BDD8D21AB7B6F088BBF95FA42D19676
:10C7B00036F7B387499D64A8712460501B390A6A13
:10C7C000DD33FC0A94AA197EE94AA98157C74BEDCB
:10C7D0000FA4C74A2D196E8452CEE1DF8652AED027
:10C7E000D8CAE572398A8EBA561941F7573F6F9900
:10C7F000F45F38E096B1D1AFE2FE4BADAAB1CFC93C
:10C80000DE04C8FD5A700F802B8CF12DB25E1750DC
:10C81000175D684DCC9DDB9968CDEFFCF46B5ABC7D
:10C820007ACE1CD69C3F27F677F5D5257734033F83
:10C83000EE73A49C3E29A4EF688BEED32EBFA33DDC
:10C840008AD7682F72C4A640A653387942578AE225
:10C85000C72489C5C0A52970C45F91455BEFA05B63
:10C86000C8EC0A85A2F3E1DC50D4FFF3D08FE7C512
:10C87000DF43644F9AC09A6265B81CE03BB555151A
:10C88000C09DE92DFA0E6D11651DEE8CD66B8BD512
:10C890007FE1DFEAA7754DB27607E394B9F9436803
:10C8A000E448E7E8F86C3909F27315D0FB5C701CBA
:10C8B0002A02FB5F42C842DFBD45A041823F25EC12
:10C8C000760C9F5E29D0BC83D7F32B78F236E247F3
:10C8D000799D3FCC63DBD8980C8D7B900668196BF3
:10C8E00042C0DA1E3D5BDFE94166034FB48AAD9575
:10C8F000E49D09B25C0A05BB517E32BF92EF83B161
:10C90000CA91537E95FBBCC0DE9D2A5082815FC6D2
:10C9100063337577273F1C59DAB1D74DDEB6C5BBF7
:10C920003F11DC198F34335C62C0CA69CB055841B2
:10C930007E316854EE33926F5990383F78D0A3819E
:10C94000354A8E9C970743A45E5A196219B741B8BD
:10C9500028EC02B9B437763FD65B4AF258B7BE2D01
:10C9600043E814CCB1FECC777FCCCB915FCB589110
:10C97000917AFB702445E9BBB04DB358B3882DC301
:10C9800020612DDE35B022FC726C7C45206F57D1C2
:10C990000DC8580FBCA5B4D9B6F175C69DBA0689A5
:10C9A000652348144728E5DB22630A2CA41CE8C54C
:10C9B000ED74F98DC2326195612FE04FD1B141B76D
:10C9C000DEC95316B672E71696F3966E150E80669C
:10C9D000E39452F2288F5372E539E0D79EA72D7762
:10C9E0004A99792704A7949A479969293E0FC16FFC
:10C9F0005C1E03E9FABC0360A391B666D1E37080C4
:10CA00000E25935351397223E85294FBA2B0B732EA
:10CA1000D1284716FB157CC66E3FF4411EDB8663AA
:10CA2000746321BF5C1EBF0FA1863AD7B43884540B
:10CA3000A05132EFE419C82DF2937B6D51FCD180E7
:10CA40004F75C02050FC12FEA94A72CA92E18FEACB
:10CA500049442F300ADB9413285AB0F0B7F00F0383
:10CA6000D513E4FE90BE8D169E169E75C477DE2209
:10CA7000ECE0E3F8C5BC89BF997F4AD861688C7245
:10CA800007AC3AE942523AB98BADCB29F4EB4C5E94
:10CA9000A535DD0C3E0D8BAF8D6271FF2893FEBC7A
:10CAA00083EEBC3B6336C7707D21DD6CE6BCB2CE45
:10CAB0001AB1D8D3E155EE50A4B813B8F395745811
:10CAC0008F8B795D6E9A670B0F2D99315FC6A756D4
:10CAD0001E4C4D81F95237AA9B89C5FB469DE9073B
:10CAE0001C6A4E7DE6818C6C687FDBE84C6E1E779D
:10CAF00029A4BB8AB429296D1EEF9080C664BC525C
:10CB00001BB9C989C55B4713CB93B965927EF3EF17
:10CB10001CEA602E07D88BDD7439E10F7A8E092E5E
:10CB2000435E5AB63F8F3BE0A0CEE728F75BCDDCF3
:10CB30001C8E2E8B96794869EB207983F41A681A3B
:10CB4000166421372C9D809FBFFAC99C4F5B6CF106
:10CB5000EC75240402E49B3002991F8D82CED5C867
:10CB6000937D7B822162515938B00524FD55CB78E5
:10CB7000722FD0EC6904FB94702C16A776340875DC
:10CB8000429CAB01B8346ED4ECF9CCF338C0F3ACB2
:10CB9000E38BF3135DA484D6204796F9A3E32167C2
:10CBA000979F4A6FFAD8B05E937743A7A4073D21B9
:10CBB0003CD22965D85F12E8F446C7759D29AE734B
:10CBC00000053923791752092C6F4B6817D9853D19
:10CBD000E2C0412C7E35B21D38E55C373D87DCFC78
:10CBE0008BF2D05A0FB27606B0F8E1488D677F2FEE
:10CBF000A32D2FD9C2259C265FE0491F45E6685D1D
:10CC00003678A3A21D89A57224DB9F6430BB2E85D4
:10CC1000927AB5DA427F79ECA4A077AC2D142B1B65
:10CC20004871990CD03F7A918FD6E8FB93727FCFF1
:10CC30004F70189D9FA0F38DA8CA4F77B325747AC3
:10CC40006A5A4918E113DD2C2E8CD18DE8C6E43CDC
:10CC50009FF066947B613EE4C407E81C2680733431
:10CC600065A97E5282CE5575AACAC869BBB79429F8
:10CC70008BDE76457E7E0362E7926F456C20EFEF98
:10CC80001A9B551CCBE1175340D69C90F0C191C81C
:10CC900063A3CE8C55E8ED6E3417992D5EDA52ED14
:10CCA0007DA7151FA2E6EAB960EBAF1D4C98627034
:10CCB000A7016C0F724AC748540623E1789C2F5E87
:10CCC000B90B4497C991394357EE79FAC95B9EA8CD
:10CCD0009E3F9DC2B9513D3F2E970E92BB0629053E
:10CCE00093BAA2FA3F1B6C86F5D3DA1EB50288050B
:10CCF000C074CA91EFDBCDB9BD81A1D08FB57FE4FF
:10CD0000B75AC85B3F55CE1458E5B09836994E4B8C
:10CD10008BCD7F7D3968E7A0B13F3984F782A50BC1
:10CD2000A1DD430900D16B835188A2EF0063B734C2
:10CD300021FDA1C14BA17FC1FDC4606FE835907B8F
:10CD40009DE008DC856DF1D7C72F4E58944B6E6778
:10CD50008244BF5D5685DFA7C8C9937611B927AF56
:10CD60001A787F23134E45EA45518BE667C08781C9
:10CD7000A5C848F0BB07DA7806DC8BEB099EC91B17
:10CD80009B046E24F28F91775A61759B4BD7C6B581
:10CD9000A772DE8E7CE08E91887F0465F705B1F185
:10CDA00072EC4C969CE88C44DE1DB12E7AA7959CC3
:10CDB000CE7C2AB32DF4FCCBADD98B48AC13627A70
:10CDC0008855CF4EE8FC547AD4076E97A5E2536994
:10CDD000D77E70CDB36BB9F619E40CF83751CD5846
:10CDE000AA8039E4CF9A6D0D6ACCC5C0A32391FA0D
:10CDF0009115ED172564B3F01725C656CD1F23777F
:10CE00001DEA34F37473BB42AC799152E697237BED
:10CE1000DB13DDCF66A4D56AB554FE7B3FA724267D
:10CE200083501CF477BCAC84C4E90C31983A979DCC
:10CE3000F74E8821EFF8E69D207AC986E878EBC1A5
:10CE400027DF1AC900B7E00EC4922F0050E56784AF
:10CE50008BF4C859657DB896BC0FD5BAD36B37B57E
:10CE6000CB1151D6B80D1E94EBF7ABCB57F254B89B
:10CE70003E7F256F10CCFDBE2A03CF76CC5E0EFC24
:10CE80000EE52DF8F612B62D0EEA34409DBF8165F1
:10CE90006CF03844E430541A0447BF6FA9215A4754
:10CEA000F11DFF5657932DB64DEE8C5F1CBFC85237
:10CEB0007B7F7BFCF51338D60232A06AB9C4DCCF85
:10CEC000498C15EC3351A617B82E0731AC82374A7E
:10CED000B0A82977EC97407D1BB8A7613CD8BD4C22
:10CEE000222B1209B3C0859A6C6269E0F320F53AEF
:10CEF000C8FA4FDE8D66DA525D270C71EDD8D81F67
:10CF00004A126056049922A0A99FD48996370157E6
:10CF1000D7CA72C4272796F759CEF027D1C55667CE
:10CF20003FDA4434F2E4CA648FB3DF57900C92F3D3
:10CF30003628F31CE06519F9DA823867508ED4C9B7
:10CF4000C6D85DC2137ED227191769576A4B1231B2
:10CF50009DC239820FA7CE2E7FC2F1B3CED96ED03B
:10CF60009B206D6920EF7A39E296FB2CBDA005FC71
:10CF700044B65FC233E9BC499D9922666E4BCD5AD7
:10CF80006C3740CA941687C5837AB12A33486E3409
:10CF900059A0EFC532364A1DCCB58C2D14DAAA093A
:10CFA00005AD1E4BBF7D93B5D2EA29725A2BC92D10
:10CFB0004AB5F24D0739922CD3C2338EEE009480DD
:10CFC000BAD64AF2260019BB42A4BCA5D202E52D6E
:10CFD0009571F5565FB4F4C8D8ACFA391255F44AD5
:10CFE000EB21C7C980C513EDEF8B502AF767E5BD6C
:10CFF00031CB2AEFE4096F2C024AD766B7A4B713E6
:10D00000B9892D715E9024D6910059FD59AF1C1934
:10D01000FE13F213DAE2455419129F3B8A641A9107
:10D020006FDBB1DC4458CD7EDAC192EFC82936F00F
:10D03000F77D131FDED7FE7D9F6ADBA93E96B159AF
:10D04000E6B644B5841B46A3BA4E34563ABA4D8967
:10D050004567B1BDA310748DCFE4898B27961F67F8
:10D06000ED3DC5DEFDC3D42FDE63F70F33F119BDEF
:10D07000AAF8DF0F3376B24FB1AAF8F7C35452467D
:10D080002F13EFEC456862EF04EC0823AA38157EF5
:10D0900091565BDC83BC445EFF35B2ECF3E79B4EFC
:10D0A00019F56D944BED3EDDBA0B74087D872B03AB
:10D0B000B5127E22DFF5EB6AED87F12FC946F64403
:10D0C000B7AD2D634326A3399BB1C1D58FEECAB846
:10D0D0005DF15D19B7EB165B04E08D4D169E72B1E4
:10D0E000B1566C4A2B408F554EC9B8446985E0CF84
:10D0F0008BECA42D4D1B36E317C9DDB21364AF4290
:10D10000917BE4AD9F1CB924EF7780E6ADE4E23D6E
:10D11000A0A7CA64EF4CB181634EE32EB9B41C667C
:10D12000126D5EC9DB2FC91B1BF9C5973F741878B8
:10D13000CA8DCDCAAB521BB2AF00FCD3301BD35B40
:10D140006877F9E597CC643F93A4913C1AF45303B4
:10D150006885A7A5BBB249FA4D4A3A65A7DC15CA4E
:10D16000CEEC5DD9A40D2203C83B1ECA9D2A1CEF3C
:10D17000B3038D493992F6692C0DC5D2DE6FC51CFB
:10D18000B915B701B8643CFCB3D87E1A590775EEDF
:10D19000B8B2B8F25D8EB83371EE0B194986B7A6F6
:10D1A00099459ADAE928F42333328D44AC6F2C93F5
:10D1B00098743BB86F4207EF442CF9DEE1B8F3B640
:10D1C00005BAD39DCF08C80C2BE93CA6D7917C2388
:10D1D0003E23212DCAFE939FF8E49EF249F0211CC4
:10D1E000174B8B8BA5C5E1FCEAD4271D2725F666D6
:10D1F00070ABBA4E578838F99494514874B6EDB86C
:10D200005834625C497B9AD423679300E2756FE8D7
:10D21000DB548B8DDC58C4225788FB9D9FDF46B9B9
:10D220002DB7937BC1B7C018BB94F598AEC5561502
:10D23000B72498EB3EB57EAF233D98E35EB956F92F
:10D24000CE5EF5CA3B147FCDCA3BFEFDCB7B134CB3
:10D250004EE32ACF58E4C4C834F7E7FC34F7290971
:10D260001582052DA1EB8E5B2CFC77EB2BFA99E454
:10D2700003D505A0C58C5CC09682CA788065C6506F
:10D2800081E7A2260A9771289A8766FC8127EBCB53
:10D290002FE5B5C229490F16C62929055C86E06E1F
:10D2A000D7B90F54125DADBAF2807253F500EF0595
:10D2B0006D9AF02D819DF09D3D05E88E8C14BAD6B7
:10D2C000769C0527B59D5A4FDE1D127BE65E3967B9
:10D2D0000302898B937E03EDCD2D84D9731BB49B00
:10D2E0004D7417A6D79944BE0D7942421E706B4FFC
:10D2F00048AC165CDCA5D37142CFFAB5B75757E9F5
:10D300002DC995933D9345BD7A3848E07D77F02C43
:10D310008CD0D23F564D467A0064A6DDE214F5F477
:10D32000814A2D8C5A5F085017EADCBDA05B1E773E
:10D3300042BC88251829829007FC6BD66E002D9A76
:10D3400082B9945C73FB812AA9E34DC0BBDD87F4ED
:10D3500027D6EF926ED39F8EB5ECECC1C9004D611C
:10D36000F42E24D91D7B7BFD0561B2A01669F5A6BC
:10D37000699455D55B9C1CCFF9B8C4A1BAC18A9EEB
:10D38000623D8C089F94F4E930464C5E18EFF5BF7F
:10D39000CEE021BA6FB7E7D7FE821BD461DF4FD54D
:10D3A000038843390B023FDBC18457E045F86AE745
:10D3B0008625E7A48CD438E7DBC031D6546482FAE2
:10D3C00069CB3C7866E5B417EC4D4792773CBEB329
:10D3D00089C5B9F5FE65CE4EE92EE3DE54470FED63
:10D3E000C4613BA5EADD42BD2BDD854CDC32855EA8
:10D3F000EF8FB1BDDB11B1E89D3DDB9695CD5D8D25
:10D40000A73967DF086D174E276DD792FB60AADE3C
:10D410004553FE2EA174533F2AFE33F8A467530FE1
:10D420004D1F0F31E185B4AA772BAD83B5375BB9BA
:10D430005BFDEC1894D6070057967EE43C0E3E69DF
:10D44000CBD2A3D1FC9DC869C0156210456D4812AE
:10D450001CB7CB915BFF84D08A3927D72FC2AB563C
:10D4600024F7233B1380DFE9F17E4AB14A112AFBFE
:10D470007FC823AF2D3F10D26AE2C02A700BCBF8D1
:10D48000581A6D6BFB4478C9932C9CE1D3DAEDD626
:10D490006D7EBB25995FBB234538B13EC385AF7D0B
:10D4A0006DB8AFBFDA491758449AA67A8BF5CE9E6D
:10D4B000534E27D0FA38D0DA2AD0908AADDAD6097E
:10D4C000C1D3125B48F293FB7D9B613445297EA753
:10D4D000E85BE614D132185311E42401B58B9C2289
:10D4E000E3044A17D9943BE86271E6F5DFAD57F7DC
:10D4F000DA9319EE8CC4DE0FF3FAFE428DEEDCDF18
:10D5000080A7D234EA73AADE6DB489BB286473ABFA
:10D5100084BDA5439AE94ACE454DBA92735EF8B0F0
:10D520007DA7A76CC74AA17558BC8C86279B77B48A
:10D53000A70A17845D8E84D3498693DD2833B69B72
:10D540005046F0BC43DE367E97DE420F3197D66EF2
:10D55000B7F450F4DABA0F0464ED0B98380AEC2BE8
:10D56000B138B53436C7002F5EC0CBC9F5EB3C33BC
:10D5700084AFF872FCD3630657453F329E90F4DACD
:10D580005C819CFAE25C1D8C1BE066E95E478A1EAA
:10D59000C60D33459B42DE5A2CB18B6809F0BF168D
:10D5A00072C8B841AE31F6138A5C9BCB62333584C6
:10D5B000C3D879529A9BEAED009CCF069C1B8DBC88
:10D5C0005198BD635B1AC1F8E57E7BCF293B69C3E7
:10D5D000E07A2744E644D10FF1B41DF0B43D55C4C0
:10D5E00089153DF62986C0DF60165ED44C069CF88E
:10D5F00000276E4F140736C001B1BC0CFC4989D915
:10D6000015C544F4FB4EBB656275A58ABEC40CA863
:10D610003BB710CFF883BDC031394070FAEDFA3313
:10D6200052FCF18FA514239EFB452B40DEA5EA6535
:10D63000E65EE5BA51B8B364D2997350DAD2A35614
:10D64000BF2DCD15942F202898B42A98B4D6ED0478
:10D650004C9E09903EF696FE35F4A6A447AFF662BE
:10D660007AAB23DB4F737F9752B5BED623BDBEC4C2
:10D670007F76EE12F68719EDCD12F31BC0906F7F07
:10D68000AF96DDEB3A1A6612073A535D71AE5DFC58
:10D6900032FECF21428359DD918A97177FB97EBD33
:10D6A000E790679A7D72BF6FC5FA4A4D8048F48350
:10D6B000233439A3AF188B9C6B47B3932E9C03E99B
:10D6C000FB6C5993669A9F8408A7829D79DD39E5A2
:10D6D0005B0A18C24CE158E48D91AB55AA737BC12B
:10D6E000EEE818F96DD95864FF4833137FEE1C70CB
:10D6F0006DB2A84EEC152CFDDE65F17E67BF7E99FC
:10D70000B37FFFB25E7E0E70593548E5F4F643A054
:10D710003BB1F4A14A4BADCA1A1F243D3C52D6F886
:10D720006F7D8D45768C90D2712DBEB2BDA57D14D6
:10D730000A6FF7FD919A79EEACB46ED7A7D2372D68
:10D740006826C82A9DB6B754990534C8D02303BEAD
:10D75000AB2606490C59132E546DD70D69FACC200F
:10D7600023AAEB98DE47E88BD05672CB35DC0AC093
:10D77000A56503BEBA49905B7FE7F8C779513DE5DF
:10D780005C68FD829A137D3A3D2526D254BF98D419
:10D790000A2D21F1295FEB80FD2A36C8807441668D
:10D7A00080BB4633E0FBD92EC743C102FA9C945A92
:10D7B00036F55C88A6CE110DC539F63C84C8AA7E24
:10D7C000DD180F21F2EDC46BC64C10A2213477ECAA
:10D7D0009F14758EECD55C357600422A08E58EDD07
:10D7E000436F1E2839FC9526DAC2EB63CF6BA22D5E
:10D7F000B48CF19A680B2F8F9934D1165E18FBA761
:10D800003ADAC2B36307D49B07720E93369E1ECBDF
:10D810000C7DBEFE53A96B3F6E50B0A1B56C681273
:10D820006E1D7A64B8A964E1650FF9D667AF3B193C
:10D83000D6FB34DC6F37B5C098A607490CE5A45F6A
:10D84000207EB1B8AB18B480B468DAF0C59B39F269
:10D85000DA8F1E316DD70EC5F511E96A01CCED24C2
:10D86000A73A80B99BB925E416F9D51F86766B587F
:10D870003FC8629F2677AF9F96F04E2A8CA9BDFEC7
:10D880008A9ED46C6F882A006C51044F4B85D3520A
:10D890002AF03D6BFCB81B65FCBE373E1E99EA1DA5
:10D8A0003A824DA65A68F2340A94AB915F09BF2BB5
:10D8B000F99F86268A7462B4D5474BEAFD14B40AF0
:10D8C000F319D72BAD7EAEF0EEC9F5746FF1C4201D
:10D8D0009178FD28F92DF0BDA557D2AE89A55DF34D
:10D8E00083B422CB7F2967B952EEDFCF6E897D07E3
:10D8F00052983E43A4B81EDB7F147791B77EBAC519
:10D90000BA72A37217FB98A4756BCB4F75FFD6A2A2
:10D910005DAC2D273AC258A44502ADDF0D69C9FAA6
:10D920008E6F00DE929F23D6270E51A4AD152B904B
:10D930007139C4493BE49D5D6E39FD00CA49F5EB80
:10D94000386CB5B51D9704737C70867BAFE31AF80D
:10D95000BD795DB1A8C737AFBE79BDE2DFB66A7DDC
:10D96000EB20B3244508487C7E40BA2509CDA27B34
:10D970006FA28F0CF7F7FDC96F11352A5AD4D0CE9C
:10D980009E127A4FFD4EFE4CBD53B4D37195C9DB48
:10D99000898EE3AE74F533B05EE4D11FF04CFFFE28
:10D9A0009B90258E7F6DC0B7214E700BF1FECD167A
:10D9B000D9E29356E7DB3A74D0F387418D3B6D5D36
:10D9C000713F9A93B63A6DBDE2DF96BEFE2D582F99
:10D9D000BF01FDE29B988E44C611BDC7784B5544EC
:10D9E00028102EA8186E5F6BC2B9A82CACE8F755AA
:10D9F00092F3D4A5F206D0F40BF8E88E45EC2C3265
:10DA0000CCB093C4ABE8054165D75D3DE95C8E3A87
:10DA1000F9DC785E2142E255C328FB860BACC9389D
:10DA200095BCD5AEB8BC795391BD2FD6C67DEAC999
:10DA3000E7D6AA5362E5CF76275B1A81932CEB9C3D
:10DA40002D3345BB6621A3875A0BE3E5C824391261
:10DA5000AB7116700AF43B425620BD27B5D4AA49D3
:10DA6000094C12D9C4783F329177845F6BCAFC4469
:10DA7000BF7D49F1ED78ADE2FB3079A97569EC1510
:10DA8000F52641756E8FB43AC9C8A5D947237DF2F2
:10DA90003CE195D667425EFEF51059EF6C6DF4D30C
:10DAA000782353C00CD359C7BBD5CB9826BA1A9943
:10DAB000544D6FF1C7BB118A9E27B28EE3DDBA8940
:10DAC000CE6AB22E17D728A78C1321C57C8227E7F0
:10DAD000D0639179901EE866F21B1C387842D0B56D
:10DAE000A74E8DEE70D19E34FE04D8DE27F8139E2B
:10DAF00064D7160F5DD9E0C8F43B6BE84AC27913CE
:10DB00003AA27BB99F0B452D559EE4A949C281AA33
:10DB100064D7E755C8A8E9B2DC57D04EF64CC62208
:10DB2000BD2328FBDB0B851DE4D61E799F7E523872
:10DB3000E1C1452779A7D2A233D6A2B312705545C9
:10DB4000AF8DCE00EF957B11BFAAB9AE9D7C63402F
:10DB5000C5A52AAFCCB2396FC7819A7FD6244B783E
:10DB6000D581AA060775C6A8BC958F627AFC1E3EB1
:10DB7000C34DE0A6707BB90AD1A6DDAE9CDABEC467
:10DB80009D95B29BC9AD406DB0583975F9BD6C6CAF
:10DB9000D9A9B448F677CE76EB925EE855C52D3517
:10DBA000349464FB1BB863617B62FAF9028EE888E7
:10DBB000E41BF24E70BB1D83C10335F602FBFC0370
:10DBC00055F6795003281FEDFF097907D13E1C9DBA
:10DBD000A7496FEF856CDC4A6E38E21D3E50B3CA30
:10DBE000F50BD781AA9FBB4221B059153AD1C38CFE
:10DBF00009E8944CF6EC740534508B693AF5235AD5
:10DC000039ABC9D92A55738277D49034422F9D39C4
:10DC10004A29FE4DA013F44BE8646E4FE596484C3C
:10DC2000519C72F292CA0D8514DC16FC17DC02B509
:10DC3000AE7E737CEF9DD0CBE2314C7DB6EA9F9EE9
:10DC4000FFA457F2BFD12BC6030BFE0B0FFC806263
:10DC5000CADB410BF912CBC418DD66B793EF40E87D
:10DC600015AA119A4DF512BAE18206C7812AE6CCAF
:10DC7000671E23C75C43DE93476F507C1B8AD22DFF
:10DC800081DBC53D45E8A6231845338E702FD4545B
:10DC9000B42F5228B61F28465EF3D9C629A659606C
:10DCA00038D8ABD6FC167490299CFDAAF4F3AAB020
:10DCB0009D5E2E3156B04EADFB62D4025ACD8FD24E
:10DCC000EA5FBD3E2113CA7325E74F935E3E0AE526
:10DCD000700B805E7B870ED414B97E02F4BACEF549
:10DCE00065288AE729C1934253CBD69A9D2D4C5182
:10DCF00093614220993F2910EE3DE931B8B67AA8E8
:10DD0000CAC61FE0025BC6BF0F46EEDE6F11D49E8F
:10DD1000971C715C9DA7D0FFB0F04B439B83E1E261
:10DD20004EA772B9D053F5D0018FD57500ECBF5511
:10DD3000E907C052903AE2CFA772F990F3D3A1C39A
:10DD4000E99F090B389B6B38B2640828E5EA0D455A
:10DD5000EB2C82D897408FAD42832302ED331C69B0
:10DD600017A0E4E743DB71A74999AB87AAA15D62DD
:10DD700057824E0D2D93AF24249CCFE7F0EEE1485F
:10DD8000CE107EAA4B389CBE809B036D9B95B6BB84
:10DD900043A4560684BF00FED4B950E6C94AAA6916
:10DDA0005B8C1B5513DFE2A94ABA4ADFC1825DAF23
:10DDB00052A4C316614BFB1690085BF895198ECAE6
:10DDC000342F911A04072785289731C3E4A52AB177
:10DDD000458743519E20739170C4F3C2F32D07848D
:10DDE0006761EE1FE097651CA89C546BF6104EFA15
:10DDF0005C3850F9B9277AE23CFEFF10345D7314A9
:10DE00005EFC680865FFF342F4D528D117C7E775B3
:10DE100040CAD835CE23E4BDCB246E4D4B2E3747B8
:10DE2000E1926299E6F8F662A5FE2B503F1C88B697
:10DE30005A9BAE6895BF21F7CDE900DE65E4DE2D83
:10DE4000C54D840FBE354C7391963E0E45C77CB2CE
:10DE500072A20B356D51B08061FCE49D03E1CCC929
:10DE6000B173B01784176024641CD59E951955951D
:10DE700053BD676358F85CA8FED75814BE1E1F89AF
:10DE8000A08C8470AFA4C85A15F096BE8DE0F3BE86
:10DE90002BF8DC5299514B7BA2D8DCAA60F3E74304
:10DEA000E4157F149BFFA7E3FF7EEC5FE39FF5FF84
:10DEB00072FC4834B457883EE78A1A6F29F1917989
:10DEC00045B5A192325FE0C7E317F8E8390994A994
:10DED0008E9D9BB4A5BB7135B95DF2ABE615FCC355
:10DEE0005513B8D1C8B96162B79FEA660AC83EC780
:10DEF000A96EF5BC53DDC8F53CFF65951CF9AB6C0C
:10DF0000E528EE54376B61C273714279D61A9F854A
:10DF1000C0FAD820B674F1BA72FA6EF4F846013F2E
:10DF2000DE2A90FBD41AB7C07DD4CDCC1B8B3C3FEE
:10DF3000A86EF6C6CE539117B12A70DFAE412CE819
:10DF40004635A9CE4015D90B27E7396EC1C9EF1464
:10DF5000B6F21F0827F93890816E0F5DB5D3E3AC98
:10DF60008A136805767DDB9EE664133E3816F18DD4
:10DF7000ED932A8C0E37CA7505C87B67DF52C36ADA
:10DF80007B79FABA64657730994799A4DC63528546
:10DF90007D2CB27A2CFA1F19C88DB68CCA5B2A9FC9
:10DFA000AE3C70E506229ECBE69D947C467213B192
:10DFB0002F58F5FA6CF7CA758E7E9F63E5EA59E52E
:10DFC000ABD69157B5341D7D919C5B6E75375CF96E
:10DFD0004F2706614B1F5B8FCC5B62FFDD8458C10E
:10DFE000632183C7B2C852E61065CA5069F09863CE
:10DFF000BE61AD92526DB843F1D7A4DF416CDE8CA7
:10E000003968C0C7CB9187AF847C5742F75F09FD61
:10E01000F24AE8CE2BA1755742B7CB29CDD1FB757B
:10E020004F1E1DDFF34485D8AEDCC544F2F478F210
:10E03000FF4D10D95F4462CED058E411692CD2A6AE
:10E04000BCA81D8B4C3A16DD374C54DE8B63CAB02E
:10E05000DAB05EF16F8B2F4F5FDFA0EC6E35F0848E
:10E060005BE6981BAB08EE2E54217363E5CAEA0BFE
:10E07000FC4A1E9B5756921DCDE87B70F2BD42288C
:10E08000E960DB267ACE0871F6F3ADEF399B3413E5
:10E090002B35314D6B2CE295C64FC2A6B90D9EAA09
:10E0A00018664EB71AC86E9ACDE059E95901B366A1
:10E0B000A5E7E6CA951E434D15A16795A1868AF985
:10E0C0002B6B5654ADACB919DC38AD09ACE0DF664A
:10E0D000581F57AE17ECFD3EAF9E4FDD80FAEDDEC8
:10E0E000E601B4799A1F74335BEAED69B72F03EB4D
:10E0F000116D5AC623F1C1F618AC80A322F7B5E51D
:10E1000086D5D79657F4DB8B27927312326EF07751
:10E110006946CE350A64CFB491CF77370A49623C5D
:10E12000351C4C13B03888D3F8C6E8894A3E29B963
:10E130009B1E39B77203A9B7F2F66CF7CA0D8F436D
:10E14000CD9CF2954A5BBE8D063EAB7C99B08219A0
:10E1500039677243593C72CE527E52DA665472ABC2
:10E1600048FD24489B5EDEC8D3E693D2A3467206E0
:10E170007352DA634C87D2E47FDFA4BB4DC1F4F263
:10E180008902F92F391941FB253AC9C04F2E4F1684
:10E1900068B02B69EB50300E607388144009D60FBD
:10E1A000C0C8E60E05C7F976E57AC5077DDF5B0ACC
:10E1B00035377E168A8D9B417A327636CD4EE96DA3
:10E1C0002813EDA92F24749BB83A7A364478A6F820
:10E1D0004462B1A69C6D5BE6A1952F495A5A54D072
:10E1E0006B5CCB12E06EC235A3919E76742DB69F08
:10E1F0005A097A47AC1C152BD700E50257CAFDED2A
:10E200003FCA31E3ED818C5DE2192F77E23FCAB15D
:10E21000E3ED41B9C09572AFFE4739FD787B35D04B
:10E220005ECD78B9C62BE526BBF56DB77898FEDADA
:10E230008D2B2B0FA89973C9E50D503200257988D5
:10E24000E9CB93D742BDB57B4B4D108B2F6F8058D8
:10E250000062FF5431E7B4E5C9EB206FDDDED20385
:10E26000100348201658477AD0430F1EC247B13ECC
:10E27000D2627D3CE0585959056581467740CD3BD7
:10E28000F6965A544A8F100B40AC8B61CE259627D8
:10E29000AF87BCF57B4B7FCF283D422C00B12A884D
:10E2A000B1E5C91B206F03D463941E2116D830DE5C
:10E2B000A3EDCA98D836723A5B35181D6B66FB37EA
:10E2C000CBC7D356C4D20CEDC4B6226707578F45CF
:10E2D0005326B623A436911B3CA39179836A93C637
:10E2E000381A99033E0BFE2CF0B5E0E780AF033FF0
:10E2F0000BFC29E09BC0CF067FEAA0C694017EDA22
:10E3000060BC290BFC494A2FF1A619104E6C27F767
:10E310004BE4C89431242648A3916583A3916B866E
:10E32000A1BF21F23DEEE8FD94B637C937CE54E5E2
:10E33000691C2ED05B4F74A3895498A524F296D9FA
:10E340004FC613C7612E9543A2F628B9C7A2233141
:10E35000612CB2FF8D9B94FFDFA05A9CCCE5B59059
:10E3600054CA48BE58AFEF3072E48B31A46CB4E4A9
:10E370006FDE40FE68597C0DE5DA053A0E32AABA26
:10E38000E8DA8912AE38E0C081D4747D07B65D52F8
:10E39000DE931F6879CF30A516BB188E0ECBD73E03
:10E3A000EA302A6796DA2E556D878309636620184E
:10E3B000DFCBA8FE96FA7CF46D77DD24093F365951
:10E3C000C2DF8A25038110D1A53968D54ABEDF8A0C
:10E3D000720761041B36DE3EBB72E3EABBBD9E756D
:10E3E0001BEE9A5DBC64D6D29BDCB796CE2B23F095
:10E3F0002DBBE9FA827C6EE1C285B1D05C5BED7821
:10E4000028FF4A68EE7C20156829C60258D88A1170
:10E41000D6AF44B4FE66A4D1CF51DED397DD81D808
:10E420006406A1A5E0A7817F0BF826F06F03DFFE4D
:10E43000EC17E1D5C26E352A3EF0E5A5359EC7350D
:10E4400050DE51B9DAE82CBE61D16D95D56B8C9E4A
:10E45000F5ABD7D4CE463ED2D0BF7E94BF2F4D88E9
:10E46000CDC945ECC33988CD3223760EB89F6422DE
:10E470007600D255101E041F833F0AFECD16C46AD3
:10E48000217CF32C88E7011C109E6589FE0FB1E703
:10E49000AF43EC6E701F816B07F736B81670FBC088
:10E4A0006D0777FEBA68B92F172236082EC10E6D98
:10E4B00083AF023F0CFE27E0DE0397668F96C331E1
:10E4C000F8AA6D086D5B8F583176AFAA1870BC84BE
:10E4D000E01865392A8A97BAB2663916A3AC652561
:10E4E0004B17152FCE22BC10AB871D88BD039C1D7A
:10E4F00096C0FD4B91B17929398489FED131BFC5D0
:10E5000011ED4B0FEEF852E5FF815DE997EC0D61DF
:10E510004CA1B6EB612C8B115B097E093827E465B1
:10E520006C003C504E4461743C5F0B44C014045575
:10E5300099488F559918612693A254996A8435AAEF
:10E540002D348B642D8311A5838A1A1506C90A5EA2
:10E550001DF150123801DA4AC27AE809D9B549C525
:10E560003F8346291A8060682D131B21B2CDC92F25
:10E57000983B6FFED585D7143B9CAE122EFA01EA6C
:10E580007F730AE4D40F1C422A17623B38C47A4ACC
:10E59000A378380B63228E94FC027CC2057688A88F
:10E5A00048E127D17FFCDD51E9598F3CABD7AD81E4
:10E5B000F07E84B249DA4BF0B704A14C997C5BE35E
:10E5C0009E18AEF7EBD0789E0F32C764257A4FFDC8
:10E5D0000FDA2279C497E5FFECE7FF769EEEDFF8CD
:10E5E00060FCEFBAD4F190268A6247221ACBC5E8C4
:10E5F0003490983443EEBE44F1C48E7BB08C22F448
:10E60000C0861FFF1FBD1FFEAD88FE9FB9FF5FFFC5
:10E61000E4FFE1EF7F01000055925B6BDB4010856A
:10E62000DFF32B0E84820DB1B10D79C943414EED5C
:10E6300034045FB044C985548CB4236B837637D5DA
:10E64000EED6F5BFEF488E5BF2246677E79B73CE7C
:10E65000E812C976B4CB1E7077FD1D6C0A568A1578
:10E66000AC530CC515C526780C769BD532FD578F5B
:10E67000DFA935C38B4B6435239D2FA1223523B2EF
:10E6800081AD251CE900ED513AF31E83A09C45A8FD
:10E69000E5A047164794D494B1A1C0B971BFB5DDC8
:10E6A000E70579CEA56B30BC12E6A1D6658D967FC5
:10E6B00045DDB207A18C3E3833EA5EC15595E7309F
:10E6C000C66A9E674FDB05A6185013B8B58283B69D
:10E6D0003E902D7908232D586F32142CC4E84545FF
:10E6E000CD2DDFE06E9BE6ABE431DF2D6E17F73FFB
:10E6F00016BBB4533ABD8277104F64FCCB19F2734A
:10E70000FA8A838B8D12065C0C321A2DD93D8F2F1D
:10E710000432CDCF0A6632602ED21A6D3B796295F3
:10E72000CF8176A9C090ED3E0D1D057283649D8951
:10E730006643DA0E31195F4F604436AAD6D97E821D
:10E740005CCFC452FCD34751B8509FE263946C43F2
:10E750007B9A4201928E406BD6FB5AD248D45B67BB
:10E76000F8E3659FF3E09B20F936599F7CB164E4A0
:10E77000BB8DE993C2F3AE3C77D7414BABD2552565
:10E780008F3092C88DF68682ACE12B66137C916D3A
:10E79000BC7129FF41D75A3329D9DAFF1836CB3457
:10E7A0007FECCD7C3A7AC2E7FA59EABFEC910308D4
:10E7B0001A540000C0710000BD82E06BFC91030898
:10E7C0005B110408940100006C020000C22FCB43CF
:10E7D00018E603080300040005000600070008000F
:10E7E00009000A000B000D000F00110013001700B4
:10E7F0001B001F0023002B0033003B00430053008D
:10E80000630073008300A300C300E3000201000063
:10E8100000000000000000000101010102020202EC
:10E8200003030303040404040505050500000000B8
:10E8300010111200080709060A050B040C030D024B
:10E840000E010F0001000200030004000500070094
:10E8500009000D0011001900210031004100610084
:10E860008100C100010181010102010301040106CF
:10E870000108010C01100118012001300140016064
:10E88000000000000101020203030404050506065E
:10E890000707080809090A0A0B0B0C0C0D0D0000EC
:10E8A00040524F4D46530040504152414D0040535D
:10E8B0005953000000000000D0230020A0E8030806
:10E8C000204D0020A7E80308BC4C0020AEE8030858
:10E8D000884C002073746172743D00636F756E74B0
:10E8E0003D007769746864656661756C74733D009A
:10E8F00000000000000000000DEE010881F1010899
:10E90000C9EB010835E80108E5E70108E5E8010879
:10E9100079EF0108E9E70108F1E70108F9E70108E3
:10E92000FDE7010801E8010809E8010811E801080C
:10E9300019E8010821E8010825E8010829E801088B
:10E940002DE8010831E80108D1F90108A9F9010809
:10E95000000000000000000081F201080DF5010830
:10E960000DF301080DF20108FDF101081DF2010887
:10E97000DDF4010871F2010871F2010851F3010898
:10E98000C1F3010889F4010809E8010801F201084E
:10E9900001F2010809F2010825E8010829E8010847
:10E9A0002DE8010831E8010855F4010805F30108D4
:10E9B000746872656164732E74787400646D612E7E
:10E9C000747874006D656D6F72792E74787400754B
:10E9D000617274732E7478740074696D6572732E2D
:10E9E0007478740063616E305F73746174732E7435
:10E9F00078740070657273697374656E742E7061DB
:10EA0000726D0073746F726167652E62696E006665
:10EA10006C6173682E62696E000000007461736B34
:10EA2000732E7478740063616E5F6C6F672E7478F8
:10EA3000740063616E315F73746174732E747874E3
:10EA40000063726173685F64756D702E62696E0039
:10EA5000B0E903081CEA0308BCE90308C4E9030899
:10EA6000CFE90308D9E9030826EA0308E4E9030823
:10EA700032EA030841EA030803EA03080FEA03083D
:10EA80000000000000000000D5F601084DF6010866
:10EA9000D9F501084DF50108E5E7010855F501082C
:10EAA00005F90108E9E70108F1E70108A9F50108FE
:10EAB0001DF6010891F6010809E8010811E80108AE
:10EAC00019E8010821E8010825E8010829E80108FA
:10EAD0002DE8010831E80108D1F90108A9F9010878
:10EAE000000000000000000081F9010889F9010818
:10EAF00091F901084DF50108E5E7010899F90108C8
:10EB0000A1F90108E9E70108F1E70108F9E70108BF
:10EB1000FDE7010801E8010809E8010811E801081A
:10EB200019E8010821E8010825E8010829E8010899
:10EB30002DE8010831E80108D1F90108A9F9010817
:10EB4000426F6F74696E672025752F25750A000066
:10EB500048696768204C6174656E6379202573008D
:10EB6000982F8A4291443771CFFBC0B5A5DBB5E938
:10EB70005BC25639F111F159A4823F92D55E1CABAC
:10EB800098AA07D8015B8312BE853124C37D0C553A
:10EB9000745DBE72FEB1DE80A706DC9B74F19BC182
:10EBA000C1699BE48647BEEFC69DC10FCCA10C2472
:10EBB0006F2CE92DAA84744ADCA9B05CDA88F97656
:10EBC00052513E986DC631A8C82703B0C77F59BFC0
:10EBD000F30BE0C64791A7D55163CA0667292914EC
:10EBE000850AB72738211B2EFC6D2C4D130D385389
:10EBF00054730A65BB0A6A762EC9C281852C72924B
:10EC0000A1E8BFA24B661AA8708B4BC2A3516CC778
:10EC100019E892D1240699D685350EF470A06A10B1
:10EC200016C1A419086C371E4C774827B5BCB03400
:10EC3000B30C1C394AAAD84E4FCA9C5BF36F2E689E
:10EC4000EE828F746F63A5781478C8840802C78C2D
:10EC5000FAFFBE90EB6C50A4F7A3F9BEF27871C630
:10EC6000000000003209090000000000010000005F
:10EC70007C1F1F000000000002000000890C0C0037
:10EC80000000000004000000ED0E0E030C0D00005B
:10EC900005000000D91C1C01000000000600000057
:10ECA0006803030000000000070000007720200038
:10ECB000000000000B0000005906060104000000DF
:10ECC00014000000D6141403020300001500000015
:10ECD0009F0202030001000016000000DC19190069
:10ECE0000000000017000000A8171703040500002B
:10ECF00018000000181E3400000000001900000079
:10ED000017656500000000001A000000AA16180030
:10ED1000000000001B000000901A1D000000000011
:10ED20001C00000043101000000000001D00000047
:10ED3000730E1000000000001E000000271C1C00C5
:10ED4000000000001F000000F6203000000000005E
:10ED500020000000B91C1C00000000002100000081
:10ED6000681C1C000000000022000000ED161600C8
:10ED70000000000023000000F41616000000000050
:10ED800024000000DE152500000000002500000022
:10ED9000D406070304050000260000000906070347
:10EDA0000405000027000000FE25260320210000A6
:10EDB00028000000E604050302030000290000000B
:10EDC0001C040403020300002A0000001C020600C9
:10EDD000000000002B00000084020303000100007B
:10EDE0002C000000DD040503020300002D000000DC
:10EDF000E8020303000100002E0000000B020200E5
:10EE0000000000002F00000099030403000100002F
:10EE100030000000290D15010C0000003100000039
:10EE2000270C140000000000320000004E252503CE
:10EE30001213000033000000C404050302030000A5
:10EE4000350000000305050000000000360000004A
:10EE50000F1B1B03181900003700000003191900CD
:10EE6000000000003D000000A7484800000000002E
:10EE70003E000000B71A1A00000000003F0000002A
:10EE800077B5B5000000000040000000BFE1E100E0
:10EE90000000000041000000762A2A000000000067
:10EEA0004200000094060603020300004300000035
:10EEB000150404000000000045000000F30B1E01D3
:10EEC0000A000000460000007C122603101100001A
:10EED0004900000026252603202100004A000000EA
:10EEE00014141400000000004B0000009E232303B4
:10EEF0001E1F00004C000000982121031E1F00006F
:10EF00004D0000008F030A030809000051000000B3
:10EF10006A16160000000000520000003127270387
:10EF200024250000530000001625250000000000E5
:10EF3000540000008F3535033233000055000000C7
:10EF40008C33330000000000560000000535350307
:10EF500032330000570000009633330000000000F9
:10EF600059000000E71C1C00000000005A000000CF
:10EF7000B7383800000000005B0000003F2A2A007C
:10EF8000000000005C0000003621210000000000AD
:10EF90005D0000002F5151000000000064000000DF
:10EFA000AF1A220000000000650000006620750016
:10EFB00000000000660000009E20750000000000B8
:10EFC00067000000D0143900000000006800000055
:10EFD0003820740000000000690000005D3E3F0022
:10EFE000000000006A0000008A2C2C0000000000D5
:10EFF0006B0000006C404100000000006C0000004D
:10F0000020545C00000000006D000000B9090900F8
:10F01000000000006E00000054FEFE03010200002C
:10F020006F000000221010000000000070000000BF
:10F03000AE0C0C0000000000710000007C242700D2
:10F040000000000072000000ED2C2C000000000009
:10F050007300000004404000000000007400000045
:10F060004C16180000000000750000008006060322
:10F070000405000076000000380E0E0000000000BD
:10F0800077000000740C0C030A0B000078000000ED
:10F09000866161000000000079000000ED020203BB
:10F0A000000100007A000000CB0202030001000012
:10F0B0007B000000FA717103000100007C00000079
:10F0C00057233900000000007D000000CB06060039
:10F0D000000000007E000000DC4F4F000000000038
:10F0E0007F000000192323000000000080000000C2
:10F0F000E223230000000000810000002E1618000B
:10F1000000000000820000001D0D0D000000000046
:10F1100083000000DFFFFF0000000000840000000B
:10F12000550E2700000000008500000006121200A6
:10F130000000000086000000E52B2B00000000000E
:10F1400087000000CB0808000000000088000000D5
:10F15000011616000000000089000000C30E100018
:10F16000000000008A0000006D247800000000000C
:10F170008B000000A82B2B03292A00008C00000024
:10F18000B5292900000000008D0000002F2020007C
:10F19000000000008E00000048F3F30000000000B3
:10F1A0008F000000830E100000000000900000009F
:10F1B0007F5D5D0000000000920000006764640055
:10F1C00000000000930000009A24360000000000B8
:10F1D00094000000B23C4E000000000095000000CA
:10F1E000C81E3C000000000096000000862A2A008D
:10F1F0000000000097000000DB080803060700007D
:10F2000098000000D00408000000000099000000F1
:10F21000BC0C0C00000000009A000000540F0F030B
:10F22000060700009B000000160D0D0304050000FA
:10F230009C00000013060603000100009D00000072
:10F24000150F0F030C0D00009E000000860E0F032B
:10F250000C0D0000A00000004E0C0C03080900007B
:10F26000A10000004403030300010000A20000000D
:10F27000BD08090000000000A30000007F1C1C0066
:10F2800000000000A40000009A2C2C0000000000E8
:10F29000A50000001503030000000000A600000008
:10F2A0001509090000000000A700000090161600D4
:10F2B00000000000A8000000010C0C00000000008D
:10F2C000A9000000EA12120000000000AA000000DD
:10F2D0004922220000000000AB000000B5424200BD
:10F2E00000000000AC000000166262000000000098
:10F2F000AD0000005308080000000000AE00000050
:10F30000A730300000000000AF0000008A13130394
:10F310000E0F0000B0000000EA030303000100002C
:10F32000B1000000F014140000000000B200000062
:10F330002F18180000000000B3000000BD1D1D01C3
:10F340001A000000B4000000342D2F012A00000034
:10F35000B5000000AE04040000000000B60000008C
:10F36000E528280000000000B70000005502020355
:10F3700000010000B80000009FCECE03040500008D
:10F38000B9000000BA07070304050000BA00000036
:10F39000481D1D0300010000BF0000005C1B1B0096
:10F3A00000000000C0000000242C36000000000017
:10F3B000C100000047161A0000000000C200000053
:10F3C0006219210000000000C3000000782525001C
:10F3D00000000000C8000000862A2A032829000037
:10F3E000C9000000CD0E0E030C0D0000D600000079
:10F3F0004508080306070000D70000006503030066
:10F4000000000000D80000003203030300010000E8
:10F41000D9000000CA06060000000000DA00000063
:10F420001107070300010000DB000000A202020038
:10F4300000000000DC00000022202000000000008E
:10F44000DD000000472A2A0000000000DE00000066
:10F450000F03030000000000DF000000772F2F03E0
:10F460002A2B0000E0000000662D2D032A2B00004F
:10F47000E1000000D041490000000000E20000006F
:10F48000CF08080000000000E6000000A32A2A00C0
:10F4900000000000E70000006928280000000000CC
:10F4A000E8000000973F410000000000E900000074
:10F4B00023B6B60000000000EA00000096282800ED
:10F4C00000000000EB000000B32A2A00000000004A
:10F4D000F10000005A20200000000000F2000000AF
:10F4E00068343C0000000000F300000055353D0189
:10F4F00034000000F40000005F0606000000000079
:10F50000F50000008202020000000000F60000008A
:10F51000B826260000000000F70000005113130079
:10F5200000000000F800000008FEFE0303040000D5
:10F53000F9000000CC24240000000000FA000000C4
:10F54000311E1E0000000000FB000000AA12120085
:10F5500000000000FC0000002C121200000000005F
:10F56000FD0000005333360000000000FE000000E4
:10F570002E0909000000000000010000472A2A03AC
:10F5800008090000010100008309090000000000D3
:10F5900002010000BB20E80300010000030100009D
:10F5A0005CEBEC00000000000401000092050D007F
:10F5B0000000000005010000B31B3C00000000003B
:10F5C000060100000C1216000000000007010000F8
:10F5D00085FFFF000000000008010000311C1C0036
:10F5E00000000000090100001A10140000000000D3
:10F5F0000A010000C1FFFF03020300000B0100002D
:10F6000023FFFF03020300000C0100000E040403AB
:10F61000020300000D0100006DD5D60000000000BF
:10F620000E0100003B131300000000000F0100005A
:10F630001634340000000000130100007E1F1F007C
:10F640000000000014010000123131000000000031
:10F65000150100003E1E1E00000000001801000001
:10F66000462121000000000019010000300D0D00AE
:10F67000000000001A0100007B232303202100006A
:10F680001B0100004A909100000000001C010000D6
:10F69000632020031E1F00001D0100008928310384
:10F6A000262700001E010000D23539033233000046
:10F6B0001F010000011717031415000020010000AE
:10F6C000141717031415000027010000EA0C0C00A2
:10F6D000000000002B01000013606000000000002B
:10F6E0002D010000F33A3A0000000000360100004E
:10F6F0001C11110000000000370100005F7474004D
:10F700000000000040010000F31414030203000095
:10F710004101000058020203000100004201000004
:10F72000F395950000000000430100004E93930301
:10F7300000010000440100008492920000000000DB
:10F740004A010000179EA700000000004B010000C6
:10F750005BE6E900000000004C010000ECEFEF0068
:10F76000000000004D010000E76D6D00000000008A
:10F770004F010000E11818000000000053010000D4
:10F78000C705050000000000540100006346460064
:10F79000000000005E010000E814FC000000000012
:10F7A000720100004B576D00000000007501000061
:10F7B000752A2A000000000077010000FB8C8C00F5
:10F7C0000000000078010000C708080000000000E9
:10F7D000810100009385850302030000820100007F
:10F7E000841010030405000083010000044848034E
:10F7F00004050000840100000825250320210000E5
:10F80000A40100001409490306070000B901000023
:10F81000A911110000000000421F0000DA101000C2
:10F8200000000000431F0000E7292900000000003D
:10F83000441F0000AC62620000000000451F000091
:10F84000FB26260000000000461F0000610E0E008F
:10F8500000000000471F00004020200000000000C2
:10F86000481F0000EA21210000000000491F00009D
:10F8700090101000000000004A1F00009B29290082
:10F88000000000004B1F000014666600000000002E
:10F890004C1F000036101000000000004D1F00003B
:10F8A000DE2E2E00000000004E1F0000C80E0E00CD
:10F8B000000000004F1F0000171818000000000093
:10F8C000501F0000951212000000000028230000C5
:10F8D00071898900000000002D230000752222009C
:10F8E0000000000011270000D114140000000000E7
:10F8F00012270000BA292900000000001327000089
:10F90000040101000000000014270000850909001F
:10F910000000000015270000670909000000000032
:10F9200016270000C1040400000000001727000093
:10F93000471111000000000018270000F00E0E0013
:10F9400000000000A7270000C3555500000000007C
:10F95000F82A00008633340304050000F92A000069
:10F960000F87880000000000FA2A0000EAB3B40301
:10F9700004050000FB2A000040050500000000000F
:10F98000FC2A00000BE8E80308090000FD2A00003B
:10F990005DE6E60000000000022B00002E31310081
:10F9A00000000000032B00006A2C2C000000000067
:10F9B0000C2B0000CD10100000000000162B0000E2
:10F9C000902C2C0000000000172B0000852C2C0030
:10F9D00000000000182B0000552C2C000000000037
:10F9E000192B0000C3252503101100001A2B00005D
:10F9F0004F050500000000001B2B000080080803D5
:10FA0000040500001C2B0000B122220000000000B1
:10FA10001D2B0000821C1C00000000001E2B00009B
:10FA20002F262600000000001F2B00008E09090071
:10FA300000000000202B0000842C2C00000000009F
:10FA4000212B0000D02C2C0000000000222B0000F5
:10FA5000C92C2C0000000000232B0000C12C2C001E
:10FA600000000000242B0000BD2C2C000000000032
:10FA700064320000722C2C0300010000653200008B
:10FA8000FE3B3B031E1F0000663200008C35350331
:10FA90000405000067320000F92E2E03000100006B
:10FAA000683200004D3636031C1D0000693200002C
:10FAB000312B2B0300010000733200005EF9F903C3
:10FAC00000010000763200008B333300000000009C
:10FAD0007732000007121203101100007832000084
:10FAE00014050500000000006842000067B3B30081
:10FAF00000000000FE4200001A212100000000006A
:10FB0000FF42000048101000000000000143000008
:10FB100013111100000000000243000059111100F0
:10FB200000000000034300001B0A0A000000000060
:10FB3000044300000E5B5B00000000000543000072
:10FB4000BB54540000000000064300006A1818006F
:10FB50000000000010A40000E3010100000000000C
:10FB600011A40000EF2E2E000000000051C3000081
:10FB7000F62020000000000052C30000B5F6F60099
:10FB80000000000053C300003E13130000000000FB
:10FB900054C30000F00A0A030809000055C300001E
:10FBA000980606030405000020CB00000D646400E5
:10FBB0000000000021CB0000EF0101000000000068
:10FBC00061EA0000BA2A2A032829000062EA00003C
:10FBD000452020031E1F00006AEA0000D0212100FA
:10FBE000000000006BEA0000B707070000000000FB
:10FBF0006CEA000063242403202100006DEA000069
:10FC000081181803141500006EEA00008608080326
:10FC1000040500006FEA00004E1616030001000004
:10FC200074EA0000CA0404000000000079EA000041
:10FC3000140A0A030809000092EA0000DC0E0E0014
:10FC40000000000093EA0000F51818000000000012
:10FC500094EA0000652C2C000000000095EA0000EA
:10FC60002D06060000000000506172616D20777261
:10FC70006974652064656E696564202825732900B0
:10FC80004552524F523A20576F6E27742073657455
:10FC90007570207369676E696E67207768656E207E
:10FCA00061726D6564004552524F523A2046616957
:10FCB0006C656420746F2073617665207369676E6C
:10FCC000696E67206B65790044697361726D207499
:10FCD0006F20616C6C6F772063616C696272617414
:10FCE000696F6E0025733A2025732025733A20250D
:10FCF00073000000656E746572696E67206C6F63D7
:10FD00006B75700064657265666572656E63696EB9
:10FD100067206120626164207468696E67006361B6
:10FD20006C6C696E672041505F48414C3A3A706193
:10FD30006E6963282E2E2E290070616E6963696ECC
:10FD40006700776970696E6720706172616D6574B4
:10FD500065722073746F72616765206865616465A0
:10FD600072004372656174696E67206C6F6E672004
:10FD70006C6F6F70004372656174696E6720696EA5
:10FD80007465726E616C206572726F720043726589
:10FD90006174696E67206D7574657820646561644F
:10FDA0006C6F636B00646561646C6F636B20706182
:10FDB0007373656400456E746572696E67204446AE
:10FDC00055206D6F646500005570646174696E67DD
:10FDD000206261726F6D657465722063616C696227
:10FDE000726174696F6E004261726F6D65746572E5
:10FDF0002063616C6962726174696F6E20636F6DFC
:10FE0000706C6574650000004D61676963206E6FFA
:10FE1000742073657400000053656E64696E67201A
:10FE2000756E6B6E6F776E206D657373616765209D
:10FE3000282575290000000050617373746872757D
:10FE400020656E61626C65640050617373746872E2
:10FE5000752064697361626C6564005061737374CA
:10FE60006872752074696D6564206F757400000098
:10FE7000416C6C20706172616D6574657273207283
:10FE8000657365742C207265626F6F7420626F6198
:10FE90007264000002030500000000000000000082
:10FEA0000000000000000000BD37020835650208B0
:10FEB000B5160108591702083565020835650208AC
:10FEC000C12502085517020855170208B91601087E
:10FED000BD160108C1160108C117020835650208E0
:10FEE00035650208C5160108C9160108CD160108B6
:10FEF000891702084D450208D11601087D35020810
:10FF0000891E020885170208F11D020835650208DE
:10FF1000D519020869190208C123020885170208C9
:10FF2000D5160108D531020855170208B117020885
:10FF3000BD170208791702082D190208D916010801
:10FF4000DD160108E1160108E5160108E9160108A9
:10FF5000ED160108F1160108912E02088D1702080E
:10FF600051170208F5160108F916010800000000F3
:10FF7000000000003565020835650208FD1601081D
:10FF8000B149020835650208356502080117010804
:10FF900005170108091701080D1701083565020842
:10FFA00035650208111701081517010816A400008D
:10FFB00003000000C900000003000000C3000000AF
:10FFC00003000000B300000000000000000000007B
:10FFD00000000000F20000004000000031000000BE
:10FFE0003F00000001000000010000007D00000053
:10FFF0000200000098000000030000003E00000026
:020000040804EE
:10000000040000002A000000050000002400000099
:10001000060000004100000007000000230000006F
:10002000080000001B000000090000001A0000008A
:100030000A000000740000000B00000081000000B6
:100040000C0000001D0000000D00000089000000F1
:100050000E0000008F0000000F00000018000000DC
:10006000100000007F0000001100000002000000EE
:10007000140000002200000015000000160000001F
:1000800019000000A50000001D000000A8000000ED
:100090001E0000008400000020000000C1000000DD
:1000A00031000000C200000033000000F100000039
:1000B000340000002E000000370000005300000054
:1000C0004C00000057000000380000005500000000
:1000D000390000000C2B00003C000000F50000007F
:1000E000420000009400000043000000EB0000000C
:1000F0004800000027010000500000004261642019
:1001000043414E496661636520696E6465782E00DF
:10011000800000000080000000008000000000005F
:1001200000000000F1430108E955020845550208A6
:10013000B14B0208BD4B02087D4F0208FD4C02087E
:10014000894B020811440108154401089D4B02081F
:10015000854B020821440108794E02088D4B0208A4
:10016000B144010829440108A54B0208494E020880
:1001700000000000000000008958020881580208B1
:100180006D580208755802080D5E010809800108C3
:1001900041505F5065726970680000000000000007
:1001A000000000000000000000000000FD590208EF
:1001B0003565020835650208015A0208055A020829
:1001C000095A02080D5A0208356502083565020809
:1001D00035650208255A0208295A0208415A0208C0
:1001E000495A0208555A0208595A02085D5A02082B
:1001F000000000000000000035650208000000005B
:1002000000000000815A0208855A0208895A020833
:100210008D5A02080000000000000000B55B0208D3
:10022000CD5B0208FD590208915A0208955A02084E
:10023000015A0208055A0208095A02080D5A020812
:100240009D5A0208A15A0208655A0208255A020856
:10025000295A0208415A0208495A0208555A020806
:10026000595A02085D5A0208995A0208615A02084E
:10027000695A020800000000000000007D5B0208CF
:100280006D5A0208715A0208755A020800000000EF
:10029000000000002D5B0208255B0208215B0208BC
:1002A000FD5A0208D15A0208C95A0208C15A020866
:1002B0000000000000000000655D020853746F72CA
:1002C0006167653A205573696E6720666C61736873
:1002D00020706167657320257520616E6420257527
:1002E0000A00556E61626C6520746F20696E6974D6
:1002F00020666C6173682073746F726167650000BB
:10030000496E697469616C697365642053746F72B6
:1003100061676520747970653D25640A00000000FE
:1003200053746F726167653A206661696C65642019
:1003300061742025753A257520666F722025752019
:100340002D2072652D696E69742025750A000000E4
:10035000000000000000000019600208356002087B
:100360002561020855610208E16102084160020846
:100370001D6002084E6F7420656E6F75676820639C
:100380006865636B65642072656769737465727311
:1003900020666F72207265672030782530327820B1
:1003A0006F6E2064657669636520307825780A0071
:1003B0002C76D888674F0823C1DFAE59B1B796E5D0
:1003C000E453C63A51997696E6C28426898C9B629C
:1003D000407C6FFCBC9C9F40BAA56FA590055A2A33
:1003E0005C936B6C676DC11BE0E40D47F520E6B5CF
:1003F000D0ED902E009435770080841E0000204EB2
:10040000000000C833333333986E128341EF8D21DF
:10041000893BE655CFFEE6DBD1844B38F77C1D9057
:10042000A4BBE4243284725E8100C9F1ECA1E53DF5
:10043000DCDFE1E3E6E8EBEDEFF2F4F7F9FCFE00D8
:100440000305080A0C0F111416181B1D202224275F
:100450000000000000000000D56B0208D56B020808
:10046000F96B0208DD6B0208DD6B0208CD6B020838
:100470000000000000000000FD6B0208096C02088B
:10048000016C0208B96B0208C56B0208C96B02084F
:100490000000000000000000F96C0208FD6C02087A
:1004A000016D0208056D0208056D0208096D02085C
:1004B000316C0208356C0208396C02083D6C020888
:1004C000416C0208456C0208F16C0208F56C0208E8
:1004D000156D0208256D0208496C0208516C02086E
:1004E000596C02085D6C0208616C0208656C0208B8
:1004F000696C0208756C0208796C02087D6C020850
:10050000816C0208856C0208896C02088D6C0208F7
:10051000916C0208956C0208996C02089D6C0208A7
:10052000A56C0208A96C0208AD6C0208B16C020847
:10053000B56C0208B96C0208BD6C0208C16C0208F7
:10054000C56C0208C96C0208CD6C0208D16C0208A7
:10055000D56C0208D96C0208DD6C0208E16C020857
:10056000E56C0208E96C0208ED6C0208000000006E
:1005700000000000456D02084D6D02086D5802082C
:10058000396D02085D6D0208616D0208454D5054D9
:10059000590A00000000000000000000814A010824
:1005A0009D4A01089D4701080D480108E9470108D7
:1005B00029480108C9470108B54701083948010819
:1005C000FD4801087D6D0208756D0208756D020811
:1005D0004547010851470108554701085947010897
:1005E0005D4701086147010865470108694701083F
:1005F0006D4701080948010871470108794701085A
:100600007D470108896D0208814701088547010877
:10061000894701088D470108914701086D6D02085F
:10062000816D0208856D0208716D0208716D020806
:10063000796D0208756D0208954701089947010810
:1006400000002110422063308440A550C660E7704E
:10065000088129914AA16BB18CC1ADD1CEE1EFF1F6
:100660003112100273325222B5529442F772D6629E
:10067000399318837BB35AA3BDD39CC3FFF3DEE346
:100680006224433420040114E664C774A4448554EE
:100690006AA54BB528850995EEE5CFF5ACC58DD596
:1006A0005336722611163006D776F6669556B4463E
:1006B0005BB77AA719973887DFF7FEE79DD7BCC7E6
:1006C000C448E5588668A77840086118022823388E
:1006D000CCC9EDD98EE9AFF9488969990AA92BB936
:1006E000F55AD44AB77A966A711A500A333A122ADE
:1006F000FDDBDCCBBFFB9EEB799B588B3BBB1AAB86
:10070000A66C877CE44CC55C222C033C600C411C2D
:10071000AEED8FFDECCDCDDD2AAD0BBD688D499DD5
:10072000977EB66ED55EF44E133E322E511E700E7D
:100730009FFFBEEFDDDFFCCF1BBF3AAF599F788F25
:100740008891A981CAB1EBA10CD12DC14EF16FE105
:100750008010A100C230E32004502540467067603D
:10076000B9839893FBA3DAB33DC31CD37FE35EF355
:10077000B1029012F322D23235421452776256728D
:10078000EAB5CBA5A89589856EF54FE52CD50DC5A5
:10079000E234C324A01481046674476424540544DD
:1007A000DBA7FAB79987B8975FE77EF71DC73CD7F5
:1007B000D326F2369106B01657667676154634562D
:1007C0004CD96DC90EF92FE9C899E9898AB9ABA945
:1007D0004458654806782768C018E1088238A3287D
:1007E0007DCB5CDB3FEB1EFBF98BD89BBBAB9ABB95
:1007F000754A545A376A167AF10AD01AB32A923ACD
:100800002EFD0FED6CDD4DCDAABD8BADE89DC98DE4
:10081000267C076C645C454CA23C832CE01CC10C1C
:100820001FEF3EFF5DCF7CDF9BAFBABFD98FF89F34
:10083000176E367E554E745E932EB23ED10EF01E6C
:1008400000000000963007772C610EEEBA5109992E
:1008500019C46D078FF46A7035A563E9A395649E8A
:100860003288DB0EA4B8DC791EE9D5E088D9D297AE
:100870002B4CB609BD7CB17E072DB8E7911DBF900A
:100880006410B71DF220B06A4871B9F3DE41BE842E
:100890007DD4DA1AEBE4DD6D51B5D4F4C785D3838A
:1008A00056986C13C0A86B647AF962FDECC9658A2E
:1008B0004F5C0114D96C0663633D0FFAF50D088D8A
:1008C000C8206E3B5E10694CE44160D5727167A22E
:1008D000D1E4033C47D4044BFD850DD26BB50AA58A
:1008E000FAA8B5356C98B242D6C9BBDB40F9BCACAE
:1008F000E36CD832755CDF45CF0DD6DC593DD1AB0A
:10090000AC30D9263A00DE518051D7C81661D0BF2D
:10091000B5F4B42123C4B3569995BACF0FA5BDB889
:100920009EB802280888055FB2D90CC624E90BB12D
:10093000877C6F2F114C6858AB1D61C13D2D66B689
:100940009041DC760671DB01BC20D2982A10D5EFED
:100950008985B1711FB5B606A5E4BF9F33D4B8E849
:10096000A2C9077834F9000F8EA8099618980EE1ED
:10097000BB0D6A7F2D3D6D08976C6491015C63E649
:10098000F4516B6B62616C1CD83065854E0062F26D
:10099000ED95066C7BA5011BC1F4088257C40FF5C9
:1009A000C6D9B06550E9B712EAB8BE8B7C88B9FCED
:1009B000DF1DDD62492DDA15F37CD38C654CD4FB49
:1009C0005861B24DCE51B53A7400BCA3E230BBD4ED
:1009D00041A5DF4AD795D83D6DC4D1A4FBF4D6D349
:1009E0006AE96943FCD96E34468867ADD0B860DAED
:1009F000732D0444E51D03335F4C0AAAC97C0DDD49
:100A00003C710550AA41022710100BBE86200CC96C
:100A100025B56857B3856F2009D466B99FE461CEC8
:100A20000EF9DE5E98C9D9292298D0B0B4A8D7C7EC
:100A3000173DB359810DB42E3B5CBDB7AD6CBAC048
:100A40002083B8EDB6B3BF9A0CE2B6039AD2B17464
:100A50003947D5EAAF77D29D1526DB048316DC73C0
:100A6000120B63E3843B64943E6A6D0DA85A6A7A64
:100A70000BCF0EE49DFF099327AE000AB19E077DC0
:100A800044930FF0D2A3088768F2011EFEC20669E4
:100A90005D5762F7CB67658071366C19E7066B6E40
:100AA000761BD4FEE02BD3895A7ADA10CC4ADD6764
:100AB0006FDFB9F9F9EFBE8E43BEB717D58EB060C0
:100AC000E8A3D6D67E93D1A1C4C2D83852F2DF4F64
:100AD000F167BBD16757BCA6DD06B53F4B36B248C0
:100AE000DA2B0DD84C1B0AAFF64A0336607A044164
:100AF000C3EF60DF55DF67A8EF8E6E3179BE6946C0
:100B00008CB361CB1A8366BCA0D26F2536E26852E3
:100B100095770CCC03470BBBB91602222F2605553F
:100B2000BE3BBAC5280BBDB2925AB42B046AB35C63
:100B3000A7FFD7C231CFD0B58B9ED92C1DAEDE5BBF
:100B4000B0C2649B26F263EC9CA36A750A936D02A3
:100B5000A906099C3F360EEB8567077213570005FF
:100B6000824ABF95147AB8E2AE2BB17B381BB60C23
:100B70009B8ED2920DBED5E5B7EFDC7C21DFDB0B7F
:100B8000D4D2D38642E2D4F1F8B3DD686E83DA1FA3
:100B9000CD16BE815B26B9F6E177B06F7747B718FF
:100BA000E65A0888706A0FFFCA3B06665C0B0111A3
:100BB000FF9E658F69AE62F8D3FF6B6145CF6C16FF
:100BC00078E20AA0EED20DD75483044EC2B30339A3
:100BD000612667A7F71660D04D476949DB776E3EFF
:100BE0004A6AD1AEDC5AD6D9660BDF40F03BD83723
:100BF00053AEBCA9C59EBBDE7FCFB247E9FFB5307F
:100C00001CF2BDBD8AC2BACA3093B353A6A3B424A2
:100C10000536D0BA9306D7CD2957DE54BF67D923FE
:100C20002E7A66B3B84A61C4021B685D942B6F2AA2
:100C300037BE0BB4A18E0CC31BDF055A8DEF022DFE
:100C40006661696C656420746F20696E697469619E
:100C50006C697A65204D41564654500025732F2506
:100C600073004625730925752563004425732563A4
:100C70000000000040504152414D2F706172616D83
:100C80002E70636B00556E737570706F727465644F
:100C9000204654503A202564000000004E656564EB
:100CA000206D61766C696E6B3220666F722069749C
:100CB000656D207472616E7366657200466C69675B
:100CC000687420706C616E20757064617465207248
:100CD000656A6563746564004F6E6C7920257520C4
:100CE0006974656D732061726520737570706F72C1
:100CF000746564004932433A25753A2530327800EC
:100D0000493243257520636C6F636B2025756B48F2
:100D10007A0A00004932433A206E6F74206F776E72
:100D20006572206F66203078257820666F722061AA
:100D3000646472203078253032780A0078A100206F
:100D40000301040008000240040402400000000007
:100D50000000000031910208B18E0208C58E020821
:100D6000B58E02080000000000000000018F02089C
:100D7000218F0208898E0208998E020805930208C5
:100D8000015A0208055A0208095A02080D5A0208B7
:100D90009D8E0208E18E0208F98E0208255A02088B
:100DA000295A0208415A0208495A0208555A0208AB
:100DB000595A0208918E0208AD8E0208A58E0208CB
:100DC0000000000000000000D5930208BD93020857
:100DD00035940208E5930208F99302087194020819
:100DE000C1930208C9930208D1930208F59302083F
:100DF000DD93020872636F75740000004F757420F4
:100E00006F662074696D65722070726F63657373AD
:100E100065730A0050414E49433A20736368656424
:100E2000756C65723A3A7365745F73797374656D46
:100E30005F696E697469616C697A65642063616C6D
:100E40006C65646D6F7265207468616E206F6E638F
:100E5000650000004F7574206F6620494F20707246
:100E60006F6365737365730A0000000074696D65D4
:100E700072000000696F0000000000000000000028
:100E80001D950208ED95020895970208A99502089C
:100E9000859902084D970208A59702089D4601080A
:100EA0009146010889960208C5970208AD94020888
:100EB00071970208A9940208FD9602089946010854
:100EC000D5950208899702088D970208A546010862
:100ED000A598020800B601B402B503B004B205B586
:100EE00006B5073C08B1093A0A3C0B3B0C020D3C25
:100EF0004F54472575202000554152542575200038
:100F0000545825633D25387520525825633D2538B2
:100F10007520545842443D25367520525842443D70
:100F20002536752046453D256C75204F453D256C81
:100F300075204E453D256C7520466C6F7743747265
:100F40006C3D25750A000000554152545F5258000F
:100F5000436F756C64206E6F742063726561746595
:100F60002055415254205258207468726561640AB9
:100F7000000000004F54472531750055415254255B
:100F8000317500436F756C64206E6F7420637265F9
:100F9000617465205541525420545820746872651C
:100FA00061640A0064697361626C696E6720666CD3
:100FB0006F7720636F6E74726F6C206F6E20736535
:100FC0007269616C2025750A00000000F4A90020F8
:100FD000010100000000000000000000000000000F
:100FE0000000000000000000000000000000000001
:100FF0000000000000FF000050A2002001000000DF
:101000000000000000000000000000000604024094
:10101000070402400000000000000000FF00FF0085
:1010200000FF0000000000000000000000000000C1
:1010300000000000000000000000000000000000B0
:1010400000000000000000000000000000000000A0
:101050000000000000000000000000000000000090
:101060000000000000000000000000000000000080
:10107000000000000000000000000000B4A40020F8
:101080000200010504000000010600000400000049
:1010900002000240030002400000000000000000C7
:1010A000FF00FF0000FF0000000000000000000043
:1010B000814A01089D4A01089D4701080D48010821
:1010C000E947010829480108C9470108B54701084F
:1010D00039480108FD480108859C0208859B0208E3
:1010E000E19B0208B1AC0208D99B0208699D020885
:1010F000459B0208B59E020861A00208519C0208A7
:101100009D9C02086D470108999B02084D9B0208AF
:10111000659B0208699B0208519F02085DA10208B5
:1011200015A10208659C0208759C02087D9E0208B4
:1011300001AF0208CDA00208F1A70208F19B020846
:10114000B9A002082DA00208B5A70208759B0208E5
:101150007D9B020840524F4D46532F646566617572
:101160006C74732E7061726D000000006661696CB2
:10117000656420746F2066696E642025730A0042DE
:101180006F6F746C6F616465722075702D746F2D54
:10119000646174650A0045726173696E670A00458F
:1011A00072617365202575206661696C65640A004B
:1011B000466C617368696E6720257320402530385E
:1011C000780A00466C617368206661696C65642109
:1011D0002028617474656D70743D25752F257529FF
:1011E0000A00466C617368204F4B0A00466C6173BD
:1011F00068206661696C656420616674657220258B
:101200007520617474656D7074730A0041502D52BD
:10121000544B5F4735480025732025303258253020
:101220003258253032582530325820253032582552
:101230003032582530325825303258202530325837
:101240002530325825303258253032580000000001
:101250005468726561647356320A495352202020E3
:1012600020202020202020205052493D323535209A
:1012700073703D257020535441434B3D25752F25F8
:10128000750A00252D31332E313373205052493DDC
:101290002533752073703D257020535441434B3DD9
:1012A00025752F25750A00004D656D496E666F56D0
:1012B000310A0053544152543D307825303878205B
:1012C0004C454E3D2533756B20465245453D2536F0
:1012D00075204C52473D25367520545950453D25C3
:1012E00031750A005541525456310A00534552494E
:1012F000414C2575200000000000000000000000A7
:1013000045B70208F9B40208314901083549010816
:10131000394901088DB202083D49010895B2020819
:10132000E1B20208E9B20208EDB2020861B40208B3
:10133000C1B202084149010899B20208A5B20208E7
:10134000494901084D490108BDB60208B5B2020875
:10135000D9B60208B1B2020851490108FDB4020829
:1013600089B5020891B50208554901085949010893
:1013700001B602085D4901081DB70208A9B20208BA
:10138000ADB2020875B60208444D4156310A004418
:101390004D413D2531753A2531752054583D25384C
:1013A0007520554C434B3D25387520434C434B3DF0
:1013B00025387520434F4E543D25342E3166252562
:1013C0000A00000049535220666C6F6F64206F6EF4
:1013D0002070696E202575005265747279696E6798
:1013E0002070696E202564206166746572204953FF
:1013F0005220666C6F6F640050696E202575206402
:10140000697361626C6564202849535220666C6F71
:101410006F642900020103000000000000000000CA
:10142000D9BA020865BA02087DBA0208A1BA020850
:101430000000000000000000C1BA020879BC0208E8
:101440005DBA020809BC0208D1BC020829BC020826
:1014500049BC020865BD02085DBC020811BD020856
:101460003DBD02083DBF02080DBF020855BE02087F
:1014700061BA020845BB0208A1BD020849324325F2
:1014800075005350492575004661696C6564207488
:101490006F20637265617465206275732074687271
:1014A0006561642025730000286E756C6C2900004E
:1014B0000A00000064000000E8030000102700009C
:1014C000A086010040420F008096980000E1F505DB
:1014D00000CA9A3B10600240086002400000000B06
:1014E00028600240086002400006010C4060024093
:1014F000086002400010020D58600240086002407F
:101500000016030E706002400C6002400000040FE1
:10151000886002400C60024000060510A060024096
:101520000C60024000100611B86002400C600240DE
:101530000016072F106402400864024000000838BB
:1015400028640240086402400006093940640240F1
:101550000864024000100A3A5864024008640240DD
:1015600000160B3B706402400C64024000000C3C0F
:10157000886402400C64024000060D44A0640240EE
:101580000C64024000100E45B86402400C64024036
:1015900000160F4600000000CDF9020885FC020885
:1015A00031FD02084000400038A2002038A200208F
:1015B0000100000048A2002080000000400100005F
:1015C0000500000000960000000000000000000080
:1015D000000000000000000000000000EDF3020821
:1015E000D9F3020815F4020801F402080DF4020808
:1015F000F9F30208E5F30208D1F3020821F4020826
:10160000000000004DF5020839F5020875F50208E2
:1016100061F502086DF5020859F5020845F5020862
:1016200031F5020881F50208000000000100000009
:10163000000000006D61696E002C043804043C0851
:101640000C10141C20242526000000000000640457
:101650000100040000000000000C001028303400DD
:1016600063300000601604080007002000230020FB
:10167000B8A70020E8A900206E6F6E616D650000BC
:101680004172647550696C6F740025424F41524439
:1016900025002553455249414C2500000200000019
:1016A00000000000C9F7020835F8020840004000B9
:1016B00084AE002094AE0020020000000000000074
:1016C000030000000000000079F80208000000009C
:1016D00010000000A4AE0020000000000100000087
:1016E00000000000C0A1002001010200810B0308DE
:1016F000910A03082D0B0308110B03084300000097
:101700000417040809024300020100C03209040062
:10171000000102020100052400100105240100015E
:10172000042402020524060001070582030800FFC5
:1017300009040100020A0000000705010240000040
:101740000705810240000000120000005017040845
:10175000120110010200004009124157000201026B
:1017600003010000040309043031323334353637C5
:101770003839414243444546000000000040000023
:101780000040000000400000004000000000010098
:101790000000020000000200000002000001002022
:1017A00000FF03000100000069646C650000000098
:1017B000A001022800010000AAAAAAAA5040002401
:1017C000FFFF0000007700000400000005A60A00EB
:1017D00010000000A6AAAAAA00500000FCFF00000A
:1017E00000000977880000000000000000000000F1
:1017F000AAAAAAAA00000000FFFF00000000000043
:10180000000000000000000000000000AAAAAAAA30
:1018100000000000FFFF00000000000000000000CA
:101820000000000000000000AAAAAAAA0000000010
:10183000FFFF0000000000000000000000000000AA
:1018400000000000AAAAAAAA00000000FFFF0000F2
:101850000000000000000000000000000000000088
:10186000AAAAAAAA00000000FFFF000000000000D2
:101870000000000000000000000000000A0000005E
:101880000000000003000000000000000000000055
:1018900000000000DB0F49BFE4CB1640E4CB16C0CC
:1018A00000000080DB0F4940DB0F49C00000003F13
:1018B000000000BF8071313F807131BFD1F7173711
:1018C000D1F717B70000000000000080000FC93FEB
:1018D000000F494000CB9640000FC9400053FB4029
:1018E00000CB164100ED2F41000F4941003162410C
:1018F00000537B41003A8A4100CB9641005CA341F2
:1019000000EDAF41007EBC41000FC94100A0D541B0
:101910000031E24100C2EE410053FB4100F20342BC
:10192000003A0A420083104200CB164200141D42C6
:10193000005C234200A5294200ED2F4200363642CA
:10194000007E3C4200C74242000F4942A200000014
:10195000F9000000830000006E0000004E0000004F
:10196000440000001500000029000000FC000000F9
:101970002700000057000000D1000000F500000023
:1019800034000000DD000000C0000000DB000000AB
:101990006200000095000000990000003C0000007B
:1019A000430000009000000041000000FE00000025
:1019B0005100000063000000AB000000DE000000EA
:1019C000BB000000C500000061000000B70000007F
:1019D000240000006E0000003A00000042000000F9
:1019E0004D000000D2000000E000000006000000F2
:1019F000490000002E000000EA000000090000007D
:101A0000D1000000920000001C000000FE00000059
:101A10001D000000EB0000001C000000B1000000F1
:101A200029000000A70000003E000000E8000000C0
:101A30008200000035000000F50000002E000000CC
:101A4000BB0000004400000084000000E90000002A
:101A50009C0000007000000026000000B4000000A0
:101A60005F0000007E00000041000000390000001F
:101A700091000000D6000000390000008300000043
:101A80005300000039000000F40000009C0000003A
:101A9000840000005F0000008B000000BD0000001B
:101AA000F9000000280000003B0000001F000000BB
:101AB000F800000097000000FF000000DE000000BA
:101AC00005000000980000000F000000EF0000007B
:101AD0002F000000110000008B0000005A000000E1
:101AE0000A0000006D0000001F0000006D000000F3
:101AF000360000007E000000CF000000270000003C
:101B0000CB00000009000000B70000004F000000FB
:101B1000460000003F000000660000009E0000003C
:101B20005F000000EA0000002D00000075000000CA
:101B300027000000BA000000C7000000EB00000012
:101B4000E5000000F10000007B0000003D00000007
:101B50000700000039000000F70000008A000000C4
:101B60005200000092000000EA0000006B0000003C
:101B7000FB0000005F000000B10000001F0000003B
:101B80008D0000005D00000008000000560000000D
:101B9000030000003000000046000000FC000000D0
:101BA0007B0000006B000000AB000000F0000000B4
:101BB000CF000000BC000000200000009A000000E0
:101BC000F4000000360000001D000000A900000025
:101BD000E300000091000000610000005E000000D2
:101BE000E60000001B000000080000006500000087
:101BF00099000000850000005F0000001400000054
:101C0000A000000068000000400000008D000000FF
:101C1000FF000000D8000000800000004D00000020
:101C200073000000270000003100000006000000E3
:101C3000060000001500000056000000CA00000069
:101C400073000000A8000000C90000006000000050
:101C5000E20000007B000000C00000008C000000DB
:101C60006B0000000000C93F0000F0390000DA37C7
:101C70000000A2330000842E0000502B0000C22779
:101C80000000D0220000C41F0000C61B0000441743
:101C90000400000007000000090000003863ED3E6A
:101CA000DA0F493F5E987B3FDA0FC93F6937AC31A5
:101CB00068212233B40F14336821A2331824002082
:101CC000494E46004E414E003031323334353637BE
:101CD0003839616263646566000000003500000009
:101CE000CEFBFFFFCB03000001000000000000005E
:101CF00034000000CEFBFFFFCB030000010000001A
:101D000000000000BC89D897B2D29C3C33A7A8D56C
:101D100023F649393DA7F444FD0FA5329D978CCF9A
:101D200008BA5B25436FAC642806681100202020A8
:101D3000202020202020282828282820202020207B
:101D4000202020202020202020202020208810104B
:101D500010101010101010101010101010040404A7
:101D60000404040404040410101010101010414165
:101D70004141414101010101010101010101010153
:101D80000101010101010101101010101010424267
:101D90004242424202020202020202020202020223
:101DA00002020202020202021010101020000000C3
:101DB0000000000000000000000000000000000023
:101DC0000000000000000000000000000000000013
:101DD0000000000000000000000000000000000003
:101DE00000000000000000000000000000000000F3
:101DF00000000000000000000000000000000000E3
:101E000000000000000000000000000000000000D2
:101E100000000000000000000000000000000000C2
:101E200000000000000000000000000000000000B2
:101E3000496E66696E697479004E614E005245457F
:101E40004E54206D616C6C6F6320737563636565C0
:101E5000646564002F6D6E742F776F726B737061A1
:101E600063652F776F726B73706163652F474343B0
:101E70002D31302D706970656C696E652F6A656EE5
:101E80006B696E732D4743432D31302D706970653A
:101E90006C696E652D34385F323032303131323416
:101EA0005F313630363138303634312F7372632F2C
:101EB0006E65776C69622F6E65776C69622F6C69ED
:101EC00062632F7374646C69622F64746F612E6334
:101ED0000042616C6C6F6320737563636565646554
:101EE000640000002F6D6E742F776F726B737061DA
:101EF00063652F776F726B73706163652F47434320
:101F00002D31302D706970656C696E652F6A656E54
:101F10006B696E732D4743432D31302D70697065A9
:101F20006C696E652D34385F323032303131323485
:101F30005F313630363138303634312F7372632F9B
:101F40006E65776C69622F6E65776C69622F6C695C
:101F500062632F7374646C69622F6764746F612DA0
:101F60006765746865782E63000000000E01040840
:101F7000AE7E0308782400204300504F5349580098
:101F80002F6D6E742F776F726B73706163652F772F
:101F90006F726B73706163652F4743432D31302D32
:101FA000706970656C696E652F6A656E6B696E73BA
:101FB0002D4743432D31302D706970656C696E6516
:101FC0002D34385F32303230313132345F31363097
:101FD000363138303634312F7372632F6E65776C3B
:101FE00069622F6E65776C69622F6C6962632F730B
:101FF00074646C69622F6D707265632E63000000FB
:102000000080E03779C34143176E05B5B5B89346F4
:10201000F5F93FE9034F384D321D30F94877825AC0
:102020003CBF737FDD4F1575000000000000F03FDE
:1020300000000000000024400000000000005940A3
:102040000000000000408F40000000000088C340F6
:1020500000000000006AF8400000000080842E416B
:1020600000000000D01263410000000084D79741B7
:102070000000000065CDCD41000000205FA00242BD
:10208000000000E876483742000000A2941A6D4232
:10209000000040E59C30A2420000901EC4BCD64225
:1020A00000003426F56B0C430080E03779C34143D0
:1020B00000A0D8855734764300C84E676DC1AB4346
:1020C000003D9160E458E143408CB5781DAF154464
:1020D00050EFE2D6E41A4B4492D54D06CFF080443F
:1020E000F64AE1C7022DB544B49DD9794378EA4454
:1020F00005000000190000007D0000002C2066751E
:102100006E6374696F6E3A200061737365727469EF
:102110006F6E2022257322206661696C65643A2007
:1021200066696C6520222573222C206C696E6520FF
:102130002564257325730A00232D302B2000686C3D
:102140004C0065666745464700000000000000003F
:10215000000000000000000000000000000000007F
:10216000000000000000000000000000000000006F
:10217000000000000000000000000000000000005F
:10218000000000000000000000000000000000004F
:10219000000000000000000000000000000000003F
:1021A00000000000000000000000000098EBFC7F31
:1021B000010000000000000001000000FE2A0100F4
:1021C000D204000001000000000000000000000038
:1021D00001000000557C0308000000000100000021
:1021E000010000001C810308000000000A0000003C
:1021F0000100000026810308000000000C00000020
:102200000100000035810308000000000E000000FE
:102210000200000044810308000000000F000000DD
:1022200002000000518103080000000010000000BF
:10223000050000005E81030800000000110000009E
:102240000500000067810308000000001200000084
:10225000020000007081030800000000130000006D
:10226000020000007E81030800000000170000004B
:10227000010000008C81030800000000180000002D
:10228000010000009A810308E8EA03080701000042
:10229000CD5902080402040800960000000008005E
:1022A0009600000000080000040000006417040805
:1022B000000000000000000000000000000000001E
:1022C0000000000000000000FF00000018240020B3
:1022D000000000006C2104088C2104084C21040833
:1022E00000000000000000000000000000000000EE
:1022F00000000000000000000000000000000000DE
:1023000000000000000000000000000000000000CD
:1023100000000000000000000000000000000000BD
:1023200000000000000000000000000000000000AD
:10233000FF0000004300000000000000000000005B
:10234000000000000000000000000000000000008D
:10235000000000004300000000000000000000003A
:10236000000000000000000000000000000000006D
:10237000000000004300000000000000000000001A
:10238000000000000000000000000000000000004D
:1023900000000000430000000000000000000000FA
:1023A000000000000000000000000000000000002D
:1023B00000000000430000000000000000000000DA
:1023C000000000000000000000000000000000000D
:1023D00000000000430000000000000000000000BA
:1023E00000000000000000000000000000000000ED
:1023F000000000004300000000000000000000009A
:1024000000000000000000000000000000000000CC
:1024100000000000156D0308596303080000000068
:102420002C1D04080E010408AE7E0308AE7E0308CE
:10243000AE7E0308AE7E0308AE7E0308AE7E0308C0
:10244000AE7E0308AE7E0308AE7E0308FFFFFFFFEB
:10245000FFFFFFFFFFFFFFFFFFFF000001004153F1
:102460004349490000000000000000000000000097
:1024700000000000000000000000000000004153C8
:102480004349490000000000000000000000000077
:10249000000000000000000000000000000000003C
:00000001FF
